id,batch,date,day,sample,light,wellID,sampleID2,PhotoID,elapsed_time,selected_filter,selected_preprocess,selection_scope,frond_area
0000_13102025_Day0_Lgp8L_PFD100_P09_y0-x0_B0000398,batch2L,13102025,Day0,Lgp8L,PFD100,P09_y0-x0,batch2L_P09_y0-x0,B0000398.jpg,0,Main current,Original photo,well,67.4048
0001_13102025_Day1_Lgp8L_PFD100_P09_y0-x0_B0000421,batch2L,13102025,Day1,Lgp8L,PFD100,P09_y0-x0,batch2L_P09_y0-x0,B0000421.jpg,26.125833333333333,Main current,Original photo,well,89.0992
0002_13102025_Day2_Lgp8L_PFD100_P09_y0-x0_B0000425,batch2L,13102025,Day2,Lgp8L,PFD100,P09_y0-x0,batch2L_P09_y0-x0,B0000425.jpg,46.81583333333333,Main current,Original photo,well,100.5072
0003_13102025_Day3_Lgp8L_PFD100_P09_y0-x0_B0000433,batch2L,13102025,Day3,Lgp8L,PFD100,P09_y0-x0,batch2L_P09_y0-x0,B0000433.jpg,70.7425,Main current,Original photo,well,118.2128
0004_13102025_Day4_Lgp8L_PFD100_P09_y0-x0_B0000441,batch2L,13102025,Day4,Lgp8L,PFD100,P09_y0-x0,batch2L_P09_y0-x0,B0000441.jpg,94.71305555555556,Main current,Original photo,well,153.2096
0005_13102025_Day5_Lgp8L_PFD100_P09_y0-x0_B0000449,batch2L,13102025,Day5,Lgp8L,PFD100,P09_y0-x0,batch2L_P09_y0-x0,B0000449.jpg,118.72111111111111,Main current,Original photo,well,191.4736
0006_13102025_Day6_Lgp8L_PFD100_P09_y0-x0_B0000453,batch2L,13102025,Day6,Lgp8L,PFD100,P09_y0-x0,batch2L_P09_y0-x0,B0000453.jpg,142.80777777777777,Main current,Original photo,well,261.1248
0007_13102025_Day7_Lgp8L_PFD100_P09_y0-x0_B0000457,batch2L,13102025,Day7,Lgp8L,PFD100,P09_y0-x0,batch2L_P09_y0-x0,B0000457.jpg,166.6725,Main current,Original photo,well,300.0336
0008_13102025_Day0_Lgp8L_PFD100_P09_y1-x1_B0000398,batch2L,13102025,Day0,Lgp8L,PFD100,P09_y1-x1,batch2L_P09_y1-x1,B0000398.jpg,0,Main current,Original photo,well,72.2288
0009_13102025_Day1_Lgp8L_PFD100_P09_y1-x1_B0000421,batch2L,13102025,Day1,Lgp8L,PFD100,P09_y1-x1,batch2L_P09_y1-x1,B0000421.jpg,26.125833333333333,Main current,Original photo,well,114.4848
0010_13102025_Day2_Lgp8L_PFD100_P09_y1-x1_B0000425,batch2L,13102025,Day2,Lgp8L,PFD100,P09_y1-x1,batch2L_P09_y1-x1,B0000425.jpg,46.81583333333333,Main current,Original photo,well,126.0272
0011_13102025_Day3_Lgp8L_PFD100_P09_y1-x1_B0000433,batch2L,13102025,Day3,Lgp8L,PFD100,P09_y1-x1,batch2L_P09_y1-x1,B0000433.jpg,70.7425,Main current,Original photo,well,149.288
0012_13102025_Day4_Lgp8L_PFD100_P09_y1-x1_B0000441,batch2L,13102025,Day4,Lgp8L,PFD100,P09_y1-x1,batch2L_P09_y1-x1,B0000441.jpg,94.71305555555556,Main current,Original photo,well,187.8768
0013_13102025_Day5_Lgp8L_PFD100_P09_y1-x1_B0000449,batch2L,13102025,Day5,Lgp8L,PFD100,P09_y1-x1,batch2L_P09_y1-x1,B0000449.jpg,118.72111111111111,Main current,Original photo,well,241.08
0014_13102025_Day6_Lgp8L_PFD100_P09_y1-x1_B0000453,batch2L,13102025,Day6,Lgp8L,PFD100,P09_y1-x1,batch2L_P09_y1-x1,B0000453.jpg,142.80777777777777,Main current,Original photo,well,340.728
0015_13102025_Day7_Lgp8L_PFD100_P09_y1-x1_B0000457,batch2L,13102025,Day7,Lgp8L,PFD100,P09_y1-x1,batch2L_P09_y1-x1,B0000457.jpg,166.6725,Main current,Original photo,well,406.8176
0016_13102025_Day0_Lgp8L_PFD100_P10_y0-x2_B0000399,batch2L,13102025,Day0,Lgp8L,PFD100,P10_y0-x2,batch2L_P10_y0-x2,B0000399.jpg,0.0047222222222222,Main current,Original photo,well,82.6512
0017_13102025_Day1_Lgp8L_PFD100_P10_y0-x2_B0000422,batch2L,13102025,Day1,Lgp8L,PFD100,P10_y0-x2,batch2L_P10_y0-x2,B0000422.jpg,26.156388888888888,Main current,Original photo,well,103.8112
0018_13102025_Day2_Lgp8L_PFD100_P10_y0-x2_B0000426,batch2L,13102025,Day2,Lgp8L,PFD100,P10_y0-x2,batch2L_P10_y0-x2,B0000426.jpg,46.84444444444444,Main current,Original photo,well,116.5872
0019_13102025_Day3_Lgp8L_PFD100_P10_y0-x2_B0000434,batch2L,13102025,Day3,Lgp8L,PFD100,P10_y0-x2,batch2L_P10_y0-x2,B0000434.jpg,70.76166666666667,Main current,Original photo,well,140.1312
0020_13102025_Day4_Lgp8L_PFD100_P10_y0-x2_B0000442,batch2L,13102025,Day4,Lgp8L,PFD100,P10_y0-x2,batch2L_P10_y0-x2,B0000442.jpg,94.72527777777778,Main current,Original photo,well,178.9248
0021_13102025_Day5_Lgp8L_PFD100_P10_y0-x2_B0000450,batch2L,13102025,Day5,Lgp8L,PFD100,P10_y0-x2,batch2L_P10_y0-x2,B0000450.jpg,118.72666666666667,Main current,Original photo,well,232.7312
0022_13102025_Day6_Lgp8L_PFD100_P10_y0-x2_B0000454,batch2L,13102025,Day6,Lgp8L,PFD100,P10_y0-x2,batch2L_P10_y0-x2,B0000454.jpg,142.83694444444444,Main current,Original photo,well,304.4304
0023_13102025_Day7_Lgp8L_PFD100_P10_y0-x2_B0000458,batch2L,13102025,Day7,Lgp8L,PFD100,P10_y0-x2,batch2L_P10_y0-x2,B0000458.jpg,166.6925,Main current,Original photo,well,420.8032
0024_13102025_Day0_Lgp8L_PFD100_P10_y1-x0_B0000399,batch2L,13102025,Day0,Lgp8L,PFD100,P10_y1-x0,batch2L_P10_y1-x0,B0000399.jpg,0.0047222222222222,Main current,Original photo,well,76.2208
0025_13102025_Day1_Lgp8L_PFD100_P10_y1-x0_B0000422,batch2L,13102025,Day1,Lgp8L,PFD100,P10_y1-x0,batch2L_P10_y1-x0,B0000422.jpg,26.156388888888888,Main current,Original photo,well,97.296
0026_13102025_Day2_Lgp8L_PFD100_P10_y1-x0_B0000426,batch2L,13102025,Day2,Lgp8L,PFD100,P10_y1-x0,batch2L_P10_y1-x0,B0000426.jpg,46.84444444444444,Main current,Original photo,well,111.9968
0027_13102025_Day3_Lgp8L_PFD100_P10_y1-x0_B0000434,batch2L,13102025,Day3,Lgp8L,PFD100,P10_y1-x0,batch2L_P10_y1-x0,B0000434.jpg,70.76166666666667,Main current,Original photo,well,144.3072
0028_13102025_Day4_Lgp8L_PFD100_P10_y1-x0_B0000442,batch2L,13102025,Day4,Lgp8L,PFD100,P10_y1-x0,batch2L_P10_y1-x0,B0000442.jpg,94.72527777777778,Main current,Original photo,well,167.9552
0029_13102025_Day5_Lgp8L_PFD100_P10_y1-x0_B0000450,batch2L,13102025,Day5,Lgp8L,PFD100,P10_y1-x0,batch2L_P10_y1-x0,B0000450.jpg,118.72666666666667,Main current,Original photo,well,219.9136
0030_13102025_Day6_Lgp8L_PFD100_P10_y1-x0_B0000454,batch2L,13102025,Day6,Lgp8L,PFD100,P10_y1-x0,batch2L_P10_y1-x0,B0000454.jpg,142.83694444444444,Main current,Original photo,well,286.3536
0031_13102025_Day7_Lgp8L_PFD100_P10_y1-x0_B0000458,batch2L,13102025,Day7,Lgp8L,PFD100,P10_y1-x0,batch2L_P10_y1-x0,B0000458.jpg,166.6925,Main current,Original photo,well,347.8368
0032_20102025_Day0_Lgp8L_PFD100_P23_y0-x0_B0000474,batch3L,20102025,Day0,Lgp8L,PFD100,P23_y0-x0,batch3L_P23_y0-x0,B0000474.jpg,0,Main current,Original photo,well,80.9088
0033_20102025_Day1_Lgp8L_PFD100_P23_y0-x0_B0000484,batch3L,20102025,Day1,Lgp8L,PFD100,P23_y0-x0,batch3L_P23_y0-x0,B0000484.jpg,21.566944444444445,Main current,Original photo,well,98.9616
0034_20102025_Day2_Lgp8L_PFD100_P23_y0-x0_B0000494,batch3L,20102025,Day2,Lgp8L,PFD100,P23_y0-x0,batch3L_P23_y0-x0,B0000494.jpg,45.782222222222224,Main current,Original photo,well,113.632
0035_20102025_Day3_Lgp8L_PFD100_P23_y0-x0_B0000508,batch3L,20102025,Day3,Lgp8L,PFD100,P23_y0-x0,batch3L_P23_y0-x0,B0000508.jpg,70.47555555555556,Main current,Original photo,well,145.216
0036_20102025_Day4_Lgp8L_PFD100_P23_y0-x0_B0000515,batch3L,20102025,Day4,Lgp8L,PFD100,P23_y0-x0,batch3L_P23_y0-x0,B0000515.jpg,93.34555555555556,Main current,Original photo,well,161.6304
0037_20102025_Day5_Lgp8L_PFD100_P23_y0-x0_B0000524,batch3L,20102025,Day5,Lgp8L,PFD100,P23_y0-x0,batch3L_P23_y0-x0,B0000524.jpg,117.17777777777778,Main current,Original photo,well,211.016
0038_20102025_Day6_Lgp8L_PFD100_P23_y0-x0_B0000532,batch3L,20102025,Day6,Lgp8L,PFD100,P23_y0-x0,batch3L_P23_y0-x0,B0000532.jpg,141.17138888888888,Main current,Original photo,well,267.6608
0039_20102025_Day7_Lgp8L_PFD100_P23_y0-x0_B0000541,batch3L,20102025,Day7,Lgp8L,PFD100,P23_y0-x0,batch3L_P23_y0-x0,B0000541.jpg,165.4111111111111,Main current,Original photo,well,353.0592
0040_20102025_Day0_Lgp8L_PFD100_P23_y1-x1_B0000474,batch3L,20102025,Day0,Lgp8L,PFD100,P23_y1-x1,batch3L_P23_y1-x1,B0000474.jpg,0,L36 + redOR + small500 + stronger reflection + root,Original photo,well,91.1616
0041_20102025_Day1_Lgp8L_PFD100_P23_y1-x1_B0000484,batch3L,20102025,Day1,Lgp8L,PFD100,P23_y1-x1,batch3L_P23_y1-x1,B0000484.jpg,21.566944444444445,L36 + redOR + small500 + stronger reflection + root,Original photo,well,114.8048
0042_20102025_Day2_Lgp8L_PFD100_P23_y1-x1_B0000494,batch3L,20102025,Day2,Lgp8L,PFD100,P23_y1-x1,batch3L_P23_y1-x1,B0000494.jpg,45.782222222222224,L36 + redOR + small500 + stronger reflection + root,Original photo,well,133.872
0043_20102025_Day3_Lgp8L_PFD100_P23_y1-x1_B0000508,batch3L,20102025,Day3,Lgp8L,PFD100,P23_y1-x1,batch3L_P23_y1-x1,B0000508.jpg,70.47555555555556,Main current,Original photo,image,149.1376
0044_20102025_Day4_Lgp8L_PFD100_P23_y1-x1_B0000515,batch3L,20102025,Day4,Lgp8L,PFD100,P23_y1-x1,batch3L_P23_y1-x1,B0000515.jpg,93.34555555555556,L36 + redOR + small500 + stronger reflection + root,Original photo,well,194.072
0045_20102025_Day5_Lgp8L_PFD100_P23_y1-x1_B0000524,batch3L,20102025,Day5,Lgp8L,PFD100,P23_y1-x1,batch3L_P23_y1-x1,B0000524.jpg,117.17777777777778,L36 + small500 + stronger reflection + root,Original photo,image,253.4832
0046_20102025_Day6_Lgp8L_PFD100_P23_y1-x1_B0000532,batch3L,20102025,Day6,Lgp8L,PFD100,P23_y1-x1,batch3L_P23_y1-x1,B0000532.jpg,141.17138888888888,L36 + redOR + small500 + stronger reflection + root,Original photo,well,309.7248
0047_20102025_Day7_Lgp8L_PFD100_P23_y1-x1_B0000541,batch3L,20102025,Day7,Lgp8L,PFD100,P23_y1-x1,batch3L_P23_y1-x1,B0000541.jpg,165.4111111111111,L36 + redOR + small500 + stronger reflection + root,Original photo,well,400.3728
0048_13102025_Day0_Lgp8L_PFD1000_P11_y0-x0_B0000400,batch2L,13102025,Day0,Lgp8L,PFD1000,P11_y0-x0,batch2L_P11_y0-x0,B0000400.jpg,0.0169444444444444,Main current,Original photo,well,55.8784
0049_13102025_Day1_Lgp8L_PFD1000_P11_y0-x0_B0000423,batch2L,13102025,Day1,Lgp8L,PFD1000,P11_y0-x0,batch2L_P11_y0-x0,B0000423.jpg,26.182777777777776,Main current,Original photo,well,78.44
0050_13102025_Day2_Lgp8L_PFD1000_P11_y0-x0_B0000427,batch2L,13102025,Day2,Lgp8L,PFD1000,P11_y0-x0,batch2L_P11_y0-x0,B0000427.jpg,46.85472222222222,Main current,Original photo,well,98.8448
0051_13102025_Day3_Lgp8L_PFD1000_P11_y0-x0_B0000435,batch2L,13102025,Day3,Lgp8L,PFD1000,P11_y0-x0,batch2L_P11_y0-x0,B0000435.jpg,70.77916666666667,Main current,Original photo,well,140.136
0052_13102025_Day4_Lgp8L_PFD1000_P11_y0-x0_B0000443,batch2L,13102025,Day4,Lgp8L,PFD1000,P11_y0-x0,batch2L_P11_y0-x0,B0000443.jpg,94.75777777777778,Main current,Original photo,well,191.1776
0053_13102025_Day5_Lgp8L_PFD1000_P11_y0-x0_B0000451,batch2L,13102025,Day5,Lgp8L,PFD1000,P11_y0-x0,batch2L_P11_y0-x0,B0000451.jpg,118.73305555555557,Main current,Original photo,well,257.7008
0054_13102025_Day6_Lgp8L_PFD1000_P11_y0-x0_B0000455,batch2L,13102025,Day6,Lgp8L,PFD1000,P11_y0-x0,batch2L_P11_y0-x0,B0000455.jpg,142.84305555555557,Main current,Original photo,well,339.432
0055_13102025_Day7_Lgp8L_PFD1000_P11_y0-x0_B0000459,batch2L,13102025,Day7,Lgp8L,PFD1000,P11_y0-x0,batch2L_P11_y0-x0,B0000459.jpg,166.69972222222222,Main current,Original photo,well,380.7088
0056_13102025_Day0_Lgp8L_PFD1000_P11_y1-x1_B0000400,batch2L,13102025,Day0,Lgp8L,PFD1000,P11_y1-x1,batch2L_P11_y1-x1,B0000400.jpg,0.0169444444444444,Main current,Original photo,well,78.9472
0057_13102025_Day1_Lgp8L_PFD1000_P11_y1-x1_B0000423,batch2L,13102025,Day1,Lgp8L,PFD1000,P11_y1-x1,batch2L_P11_y1-x1,B0000423.jpg,26.182777777777776,Main current,Original photo,well,114.8336
0058_13102025_Day2_Lgp8L_PFD1000_P11_y1-x1_B0000427,batch2L,13102025,Day2,Lgp8L,PFD1000,P11_y1-x1,batch2L_P11_y1-x1,B0000427.jpg,46.85472222222222,Main current,Original photo,well,151.2064
0059_13102025_Day3_Lgp8L_PFD1000_P11_y1-x1_B0000435,batch2L,13102025,Day3,Lgp8L,PFD1000,P11_y1-x1,batch2L_P11_y1-x1,B0000435.jpg,70.77916666666667,Main current,Original photo,well,212.3456
0060_13102025_Day4_Lgp8L_PFD1000_P11_y1-x1_B0000443,batch2L,13102025,Day4,Lgp8L,PFD1000,P11_y1-x1,batch2L_P11_y1-x1,B0000443.jpg,94.75777777777778,Main current,Original photo,well,276.4208
0061_13102025_Day5_Lgp8L_PFD1000_P11_y1-x1_B0000451,batch2L,13102025,Day5,Lgp8L,PFD1000,P11_y1-x1,batch2L_P11_y1-x1,B0000451.jpg,118.73305555555557,Main current,Original photo,well,344.0352
0062_13102025_Day6_Lgp8L_PFD1000_P11_y1-x1_B0000455,batch2L,13102025,Day6,Lgp8L,PFD1000,P11_y1-x1,batch2L_P11_y1-x1,B0000455.jpg,142.84305555555557,Main current,Original photo,well,419.8256
0063_13102025_Day7_Lgp8L_PFD1000_P11_y1-x1_B0000459,batch2L,13102025,Day7,Lgp8L,PFD1000,P11_y1-x1,batch2L_P11_y1-x1,B0000459.jpg,166.69972222222222,Main current,Original photo,well,444.352
0064_13102025_Day0_Lgp8L_PFD1000_P12_y0-x2_B0000401,batch2L,13102025,Day0,Lgp8L,PFD1000,P12_y0-x2,batch2L_P12_y0-x2,B0000401.jpg,0.0222222222222222,Main current,Original photo,well,72.9184
0065_13102025_Day1_Lgp8L_PFD1000_P12_y0-x2_B0000424,batch2L,13102025,Day1,Lgp8L,PFD1000,P12_y0-x2,batch2L_P12_y0-x2,B0000424.jpg,26.189722222222223,Main current,Original photo,well,108.368
0066_13102025_Day2_Lgp8L_PFD1000_P12_y0-x2_B0000428,batch2L,13102025,Day2,Lgp8L,PFD1000,P12_y0-x2,batch2L_P12_y0-x2,B0000428.jpg,46.86,Main current,Original photo,well,140.9328
0067_13102025_Day3_Lgp8L_PFD1000_P12_y0-x2_B0000436,batch2L,13102025,Day3,Lgp8L,PFD1000,P12_y0-x2,batch2L_P12_y0-x2,B0000436.jpg,70.7911111111111,Main current,Original photo,well,202.1616
0068_13102025_Day4_Lgp8L_PFD1000_P12_y0-x2_B0000444,batch2L,13102025,Day4,Lgp8L,PFD1000,P12_y0-x2,batch2L_P12_y0-x2,B0000444.jpg,94.76444444444444,Main current,Original photo,well,255.2144
0069_13102025_Day5_Lgp8L_PFD1000_P12_y0-x2_B0000452,batch2L,13102025,Day5,Lgp8L,PFD1000,P12_y0-x2,batch2L_P12_y0-x2,B0000452.jpg,118.74666666666668,Main current,Original photo,well,350.9392
0070_13102025_Day6_Lgp8L_PFD1000_P12_y0-x2_B0000456,batch2L,13102025,Day6,Lgp8L,PFD1000,P12_y0-x2,batch2L_P12_y0-x2,B0000456.jpg,142.84777777777776,Main current,Original photo,well,441.1936
0071_13102025_Day7_Lgp8L_PFD1000_P12_y0-x2_B0000460,batch2L,13102025,Day7,Lgp8L,PFD1000,P12_y0-x2,batch2L_P12_y0-x2,B0000460.jpg,166.71305555555554,Main current,Original photo,well,488.648
0072_13102025_Day0_Lgp8L_PFD1000_P12_y1-x0_B0000401,batch2L,13102025,Day0,Lgp8L,PFD1000,P12_y1-x0,batch2L_P12_y1-x0,B0000401.jpg,0.0222222222222222,Main current,Original photo,well,59.304
0073_13102025_Day1_Lgp8L_PFD1000_P12_y1-x0_B0000424,batch2L,13102025,Day1,Lgp8L,PFD1000,P12_y1-x0,batch2L_P12_y1-x0,B0000424.jpg,26.189722222222223,Main current,Original photo,well,87.3376
0074_13102025_Day2_Lgp8L_PFD1000_P12_y1-x0_B0000428,batch2L,13102025,Day2,Lgp8L,PFD1000,P12_y1-x0,batch2L_P12_y1-x0,B0000428.jpg,46.86,Main current,Original photo,well,105.376
0075_13102025_Day3_Lgp8L_PFD1000_P12_y1-x0_B0000436,batch2L,13102025,Day3,Lgp8L,PFD1000,P12_y1-x0,batch2L_P12_y1-x0,B0000436.jpg,70.7911111111111,Main current,Original photo,well,142.296
0076_13102025_Day4_Lgp8L_PFD1000_P12_y1-x0_B0000444,batch2L,13102025,Day4,Lgp8L,PFD1000,P12_y1-x0,batch2L_P12_y1-x0,B0000444.jpg,94.76444444444444,Main current,Original photo,well,193.4448
0077_13102025_Day5_Lgp8L_PFD1000_P12_y1-x0_B0000452,batch2L,13102025,Day5,Lgp8L,PFD1000,P12_y1-x0,batch2L_P12_y1-x0,B0000452.jpg,118.74666666666668,Main current,Original photo,well,264.3808
0078_13102025_Day6_Lgp8L_PFD1000_P12_y1-x0_B0000456,batch2L,13102025,Day6,Lgp8L,PFD1000,P12_y1-x0,batch2L_P12_y1-x0,B0000456.jpg,142.84777777777776,Main current,Original photo,well,349.0784
0079_13102025_Day7_Lgp8L_PFD1000_P12_y1-x0_B0000460,batch2L,13102025,Day7,Lgp8L,PFD1000,P12_y1-x0,batch2L_P12_y1-x0,B0000460.jpg,166.71305555555554,Main current,Original photo,well,401.0064
0080_20102025_Day0_Lgp8L_PFD1000_P24_y0-x0_B0000475,batch3L,20102025,Day0,Lgp8L,PFD1000,P24_y0-x0,batch3L_P24_y0-x0,B0000475.jpg,0.0230555555555555,Main current,Original photo,well,77.4624
0081_20102025_Day1_Lgp8L_PFD1000_P24_y0-x0_B0000485,batch3L,20102025,Day1,Lgp8L,PFD1000,P24_y0-x0,batch3L_P24_y0-x0,B0000485.jpg,21.585555555555555,Main current,Original photo,well,98.2576
0082_20102025_Day2_Lgp8L_PFD1000_P24_y0-x0_B0000495,batch3L,20102025,Day2,Lgp8L,PFD1000,P24_y0-x0,batch3L_P24_y0-x0,B0000495.jpg,45.83472222222223,Main current,Original photo,well,124.2976
0083_20102025_Day3_Lgp8L_PFD1000_P24_y0-x0_B0000507,batch3L,20102025,Day3,Lgp8L,PFD1000,P24_y0-x0,batch3L_P24_y0-x0,B0000507.jpg,70.4725,Main current,Original photo,well,168.2032
0084_20102025_Day4_Lgp8L_PFD1000_P24_y0-x0_B0000516,batch3L,20102025,Day4,Lgp8L,PFD1000,P24_y0-x0,batch3L_P24_y0-x0,B0000516.jpg,93.36611111111112,Main current,Original photo,well,235.2592
0085_20102025_Day5_Lgp8L_PFD1000_P24_y0-x0_B0000525,batch3L,20102025,Day5,Lgp8L,PFD1000,P24_y0-x0,batch3L_P24_y0-x0,B0000525.jpg,117.18666666666668,Main current,Original photo,well,360.4816
0086_20102025_Day6_Lgp8L_PFD1000_P24_y0-x0_B0000533,batch3L,20102025,Day6,Lgp8L,PFD1000,P24_y0-x0,batch3L_P24_y0-x0,B0000533.jpg,141.18833333333333,Main current,Original photo,well,481.8512
0087_20102025_Day7_Lgp8L_PFD1000_P24_y0-x0_B0000542,batch3L,20102025,Day7,Lgp8L,PFD1000,P24_y0-x0,batch3L_P24_y0-x0,B0000542.jpg,165.43805555555556,Main current,Original photo,well,557.616
0088_20102025_Day0_Lgp8L_PFD1000_P24_y1-x1_B0000475,batch3L,20102025,Day0,Lgp8L,PFD1000,P24_y1-x1,batch3L_P24_y1-x1,B0000475.jpg,0.0230555555555555,Main current,Original photo,well,73.6672
0089_20102025_Day1_Lgp8L_PFD1000_P24_y1-x1_B0000485,batch3L,20102025,Day1,Lgp8L,PFD1000,P24_y1-x1,batch3L_P24_y1-x1,B0000485.jpg,21.585555555555555,Main current,Original photo,well,94.8272
0090_20102025_Day2_Lgp8L_PFD1000_P24_y1-x1_B0000495,batch3L,20102025,Day2,Lgp8L,PFD1000,P24_y1-x1,batch3L_P24_y1-x1,B0000495.jpg,45.83472222222223,Main current,Original photo,well,128.2448
0091_20102025_Day3_Lgp8L_PFD1000_P24_y1-x1_B0000507,batch3L,20102025,Day3,Lgp8L,PFD1000,P24_y1-x1,batch3L_P24_y1-x1,B0000507.jpg,70.4725,Main current,Original photo,well,166.584
0092_20102025_Day4_Lgp8L_PFD1000_P24_y1-x1_B0000516,batch3L,20102025,Day4,Lgp8L,PFD1000,P24_y1-x1,batch3L_P24_y1-x1,B0000516.jpg,93.36611111111112,Main current,Original photo,well,227.3296
0093_20102025_Day5_Lgp8L_PFD1000_P24_y1-x1_B0000525,batch3L,20102025,Day5,Lgp8L,PFD1000,P24_y1-x1,batch3L_P24_y1-x1,B0000525.jpg,117.18666666666668,Main current,Original photo,well,319.0512
0094_20102025_Day6_Lgp8L_PFD1000_P24_y1-x1_B0000533,batch3L,20102025,Day6,Lgp8L,PFD1000,P24_y1-x1,batch3L_P24_y1-x1,B0000533.jpg,141.18833333333333,Main current,Original photo,well,405.0704
0095_20102025_Day7_Lgp8L_PFD1000_P24_y1-x1_B0000542,batch3L,20102025,Day7,Lgp8L,PFD1000,P24_y1-x1,batch3L_P24_y1-x1,B0000542.jpg,165.43805555555556,Main current,Original photo,well,511.256
0096_03112025_Day0_Lp_PFD100_P39_y0-x0_B0000614,batch5L,03112025,Day0,Lp,PFD100,P39_y0-x0,batch5L_P39_y0-x0,B0000614.jpg,0,L36 + redOR + small500 + stronger reflection + root,Original photo,well,140.5984
0097_03112025_Day1_Lp_PFD100_P39_y0-x0_B0000628,batch5L,03112025,Day1,Lp,PFD100,P39_y0-x0,batch5L_P39_y0-x0,B0000628.jpg,22.967777777777776,L36 + redOR + small500 + stronger reflection + root,Original photo,well,158.984
0098_03112025_Day2_Lp_PFD100_P39_y0-x0_B0000640,batch5L,03112025,Day2,Lp,PFD100,P39_y0-x0,batch5L_P39_y0-x0,B0000640.jpg,46.9375,L36 + redOR + small500 + stronger reflection + root,Original photo,well,173.0416
0099_03112025_Day3_Lp_PFD100_P39_y0-x0_B0000652,batch5L,03112025,Day3,Lp,PFD100,P39_y0-x0,batch5L_P39_y0-x0,B0000652.jpg,70.83638888888889,L36 + redOR + small500 + stronger reflection + root,Original photo,well,187.544
0100_03112025_Day4_Lp_PFD100_P39_y0-x0_B0000664,batch5L,03112025,Day4,Lp,PFD100,P39_y0-x0,batch5L_P39_y0-x0,B0000664.jpg,94.90222222222222,L36 + redOR + small500 + stronger reflection + root,Original photo,well,222.128
0101_03112025_Day5_Lp_PFD100_P39_y0-x0_B0000676,batch5L,03112025,Day5,Lp,PFD100,P39_y0-x0,batch5L_P39_y0-x0,B0000676.jpg,118.7925,L36 + redOR + small500 + stronger reflection + root,Original photo,well,241.1296
0102_03112025_Day6_Lp_PFD100_P39_y0-x0_B0000688,batch5L,03112025,Day6,Lp,PFD100,P39_y0-x0,batch5L_P39_y0-x0,B0000688.jpg,142.64694444444444,L36 + redOR + small500 + stronger reflection + root,Original photo,well,293.0352
0103_03112025_Day7_Lp_PFD100_P39_y0-x0_B0000700,batch5L,03112025,Day7,Lp,PFD100,P39_y0-x0,batch5L_P39_y0-x0,B0000700.jpg,166.83,L36 + redOR + small500 + stronger reflection + root,Original photo,well,319.056
0104_03112025_Day0_Lp_PFD100_P39_y0-x2_B0000614,batch5L,03112025,Day0,Lp,PFD100,P39_y0-x2,batch5L_P39_y0-x2,B0000614.jpg,0,Main current,Original photo,well,139.2736
0105_03112025_Day1_Lp_PFD100_P39_y0-x2_B0000628,batch5L,03112025,Day1,Lp,PFD100,P39_y0-x2,batch5L_P39_y0-x2,B0000628.jpg,22.967777777777776,Main current,Original photo,well,157.9584
0106_03112025_Day2_Lp_PFD100_P39_y0-x2_B0000640,batch5L,03112025,Day2,Lp,PFD100,P39_y0-x2,batch5L_P39_y0-x2,B0000640.jpg,46.9375,Main current,Original photo,well,173.4912
0107_03112025_Day3_Lp_PFD100_P39_y0-x2_B0000652,batch5L,03112025,Day3,Lp,PFD100,P39_y0-x2,batch5L_P39_y0-x2,B0000652.jpg,70.83638888888889,Main current,Original photo,well,196.296
0108_03112025_Day4_Lp_PFD100_P39_y0-x2_B0000664,batch5L,03112025,Day4,Lp,PFD100,P39_y0-x2,batch5L_P39_y0-x2,B0000664.jpg,94.90222222222222,Main current,Original photo,well,234.8576
0109_03112025_Day5_Lp_PFD100_P39_y0-x2_B0000676,batch5L,03112025,Day5,Lp,PFD100,P39_y0-x2,batch5L_P39_y0-x2,B0000676.jpg,118.7925,Main current,Original photo,well,252.9392
0110_03112025_Day6_Lp_PFD100_P39_y0-x2_B0000688,batch5L,03112025,Day6,Lp,PFD100,P39_y0-x2,batch5L_P39_y0-x2,B0000688.jpg,142.64694444444444,Main current,Original photo,well,272.2336
0111_03112025_Day7_Lp_PFD100_P39_y0-x2_B0000700,batch5L,03112025,Day7,Lp,PFD100,P39_y0-x2,batch5L_P39_y0-x2,B0000700.jpg,166.83,Main current,Original photo,well,315.5856
0112_03112025_Day0_Lp_PFD100_P39_y1-x1_B0000614,batch5L,03112025,Day0,Lp,PFD100,P39_y1-x1,batch5L_P39_y1-x1,B0000614.jpg,0,L36 + redOR + small500 + stronger reflection + root,Original photo,image,165.3504
0113_03112025_Day1_Lp_PFD100_P39_y1-x1_B0000628,batch5L,03112025,Day1,Lp,PFD100,P39_y1-x1,batch5L_P39_y1-x1,B0000628.jpg,22.967777777777776,L36 + redOR + small500 + stronger reflection + root,Original photo,image,189.2288
0114_03112025_Day2_Lp_PFD100_P39_y1-x1_B0000640,batch5L,03112025,Day2,Lp,PFD100,P39_y1-x1,batch5L_P39_y1-x1,B0000640.jpg,46.9375,L36 + redOR + small500 + stronger reflection + root,Original photo,well,217.0896
0115_03112025_Day3_Lp_PFD100_P39_y1-x1_B0000652,batch5L,03112025,Day3,Lp,PFD100,P39_y1-x1,batch5L_P39_y1-x1,B0000652.jpg,70.83638888888889,L36 + redOR + small500 + stronger reflection + root,Original photo,well,225.832
0116_03112025_Day4_Lp_PFD100_P39_y1-x1_B0000664,batch5L,03112025,Day4,Lp,PFD100,P39_y1-x1,batch5L_P39_y1-x1,B0000664.jpg,94.90222222222222,L36 + redOR + small500 + stronger reflection + root,Original photo,well,260.5888
0117_03112025_Day5_Lp_PFD100_P39_y1-x1_B0000676,batch5L,03112025,Day5,Lp,PFD100,P39_y1-x1,batch5L_P39_y1-x1,B0000676.jpg,118.7925,L36 + redOR + small500 + stronger reflection + root,Original photo,well,283.376
0118_03112025_Day6_Lp_PFD100_P39_y1-x1_B0000688,batch5L,03112025,Day6,Lp,PFD100,P39_y1-x1,batch5L_P39_y1-x1,B0000688.jpg,142.64694444444444,L36 + redOR + small500 + stronger reflection + root,Original photo,well,324
0119_03112025_Day7_Lp_PFD100_P39_y1-x1_B0000700,batch5L,03112025,Day7,Lp,PFD100,P39_y1-x1,batch5L_P39_y1-x1,B0000700.jpg,166.83,L36 + redOR + small500 + stronger reflection + root,Original photo,well,353.7392
0120_03112025_Day0_Lp_PFD100_P40_y0-x0_B0000615,batch5L,03112025,Day0,Lp,PFD100,P40_y0-x0,batch5L_P40_y0-x0,B0000615.jpg,0.0069444444444444,L36 + redOR + small500 + stronger reflection + root,Original photo,well,127.4592
0121_03112025_Day1_Lp_PFD100_P40_y0-x0_B0000629,batch5L,03112025,Day1,Lp,PFD100,P40_y0-x0,batch5L_P40_y0-x0,B0000629.jpg,22.976944444444445,L36 + redOR + small500 + stronger reflection + root,Original photo,well,130.8896
0122_03112025_Day2_Lp_PFD100_P40_y0-x0_B0000641,batch5L,03112025,Day2,Lp,PFD100,P40_y0-x0,batch5L_P40_y0-x0,B0000641.jpg,46.95194444444444,L36 + redOR + small500 + stronger reflection + root,Original photo,well,153.5952
0123_03112025_Day3_Lp_PFD100_P40_y0-x0_B0000653,batch5L,03112025,Day3,Lp,PFD100,P40_y0-x0,batch5L_P40_y0-x0,B0000653.jpg,70.84222222222222,L36 + redOR + small500 + stronger reflection + root,Original photo,well,155.208
0124_03112025_Day4_Lp_PFD100_P40_y0-x0_B0000665,batch5L,03112025,Day4,Lp,PFD100,P40_y0-x0,batch5L_P40_y0-x0,B0000665.jpg,94.90666666666668,L36 + redOR + small500 + stronger reflection + root,Original photo,well,186.1072
0125_03112025_Day5_Lp_PFD100_P40_y0-x0_B0000677,batch5L,03112025,Day5,Lp,PFD100,P40_y0-x0,batch5L_P40_y0-x0,B0000677.jpg,118.81222222222222,L36 + redOR + small500 + stronger reflection + root,Original photo,well,201.6208
0126_03112025_Day6_Lp_PFD100_P40_y0-x0_B0000689,batch5L,03112025,Day6,Lp,PFD100,P40_y0-x0,batch5L_P40_y0-x0,B0000689.jpg,142.65666666666667,Main current,Original photo,image,226.5376
0127_03112025_Day7_Lp_PFD100_P40_y0-x0_B0000701,batch5L,03112025,Day7,Lp,PFD100,P40_y0-x0,batch5L_P40_y0-x0,B0000701.jpg,166.84916666666666,L36 + redOR + small500 + stronger reflection + root,Original photo,image,278.024
0128_03112025_Day0_Lp_PFD100_P40_y0-x2_B0000615,batch5L,03112025,Day0,Lp,PFD100,P40_y0-x2,batch5L_P40_y0-x2,B0000615.jpg,0.0069444444444444,Main current,Original photo,well,109.6032
0129_03112025_Day1_Lp_PFD100_P40_y0-x2_B0000629,batch5L,03112025,Day1,Lp,PFD100,P40_y0-x2,batch5L_P40_y0-x2,B0000629.jpg,22.976944444444445,Main current,Original photo,well,116.816
0130_03112025_Day2_Lp_PFD100_P40_y0-x2_B0000641,batch5L,03112025,Day2,Lp,PFD100,P40_y0-x2,batch5L_P40_y0-x2,B0000641.jpg,46.95194444444444,Main current,Original photo,well,128.848
0131_03112025_Day3_Lp_PFD100_P40_y0-x2_B0000653,batch5L,03112025,Day3,Lp,PFD100,P40_y0-x2,batch5L_P40_y0-x2,B0000653.jpg,70.84222222222222,Main current,Original photo,well,134.008
0132_03112025_Day4_Lp_PFD100_P40_y0-x2_B0000665,batch5L,03112025,Day4,Lp,PFD100,P40_y0-x2,batch5L_P40_y0-x2,B0000665.jpg,94.90666666666668,Main current,Original photo,well,151.1504
0133_03112025_Day5_Lp_PFD100_P40_y0-x2_B0000677,batch5L,03112025,Day5,Lp,PFD100,P40_y0-x2,batch5L_P40_y0-x2,B0000677.jpg,118.81222222222222,Main current,Original photo,well,155.0224
0134_03112025_Day6_Lp_PFD100_P40_y0-x2_B0000689,batch5L,03112025,Day6,Lp,PFD100,P40_y0-x2,batch5L_P40_y0-x2,B0000689.jpg,142.65666666666667,Main current,Original photo,well,182.0496
0135_03112025_Day7_Lp_PFD100_P40_y0-x2_B0000701,batch5L,03112025,Day7,Lp,PFD100,P40_y0-x2,batch5L_P40_y0-x2,B0000701.jpg,166.84916666666666,Main current,Original photo,well,213.6192
0136_03112025_Day0_Lp_PFD100_P40_y1-x1_B0000615,batch5L,03112025,Day0,Lp,PFD100,P40_y1-x1,batch5L_P40_y1-x1,B0000615.jpg,0.0069444444444444,L36 + redOR + small500 + stronger reflection + root,Original photo,well,134.6512
0137_03112025_Day1_Lp_PFD100_P40_y1-x1_B0000629,batch5L,03112025,Day1,Lp,PFD100,P40_y1-x1,batch5L_P40_y1-x1,B0000629.jpg,22.976944444444445,L36 + redOR + small500 + stronger reflection + root,Original photo,well,142.7376
0138_03112025_Day2_Lp_PFD100_P40_y1-x1_B0000641,batch5L,03112025,Day2,Lp,PFD100,P40_y1-x1,batch5L_P40_y1-x1,B0000641.jpg,46.95194444444444,L36 + redOR + small500 + stronger reflection + root,Original photo,well,170.856
0139_03112025_Day3_Lp_PFD100_P40_y1-x1_B0000653,batch5L,03112025,Day3,Lp,PFD100,P40_y1-x1,batch5L_P40_y1-x1,B0000653.jpg,70.84222222222222,L36 + redOR + small500 + stronger reflection + root,Original photo,well,181.2576
0140_03112025_Day4_Lp_PFD100_P40_y1-x1_B0000665,batch5L,03112025,Day4,Lp,PFD100,P40_y1-x1,batch5L_P40_y1-x1,B0000665.jpg,94.90666666666668,L36 + redOR + small500 + stronger reflection + root,Original photo,well,210.912
0141_03112025_Day5_Lp_PFD100_P40_y1-x1_B0000677,batch5L,03112025,Day5,Lp,PFD100,P40_y1-x1,batch5L_P40_y1-x1,B0000677.jpg,118.81222222222222,L36 + redOR + small500 + stronger reflection + root,Original photo,well,219.5024
0142_03112025_Day6_Lp_PFD100_P40_y1-x1_B0000689,batch5L,03112025,Day6,Lp,PFD100,P40_y1-x1,batch5L_P40_y1-x1,B0000689.jpg,142.65666666666667,L36 + redOR + small500 + stronger reflection + root,Original photo,well,262.5296
0143_03112025_Day7_Lp_PFD100_P40_y1-x1_B0000701,batch5L,03112025,Day7,Lp,PFD100,P40_y1-x1,batch5L_P40_y1-x1,B0000701.jpg,166.84916666666666,L36 + redOR + small500 + stronger reflection + root,Original photo,well,291.1024
0144_03112025_Day0_Lp_PFD1000_P41_y0-x1_B0000618,batch5L,03112025,Day0,Lp,PFD1000,P41_y0-x1,batch5L_P41_y0-x1,B0000618.jpg,0.0238888888888888,Main current,Original photo,well,112.0848
0145_03112025_Day1_Lp_PFD1000_P41_y0-x1_B0000631,batch5L,03112025,Day1,Lp,PFD1000,P41_y0-x1,batch5L_P41_y0-x1,B0000631.jpg,23.000555555555557,Main current,Original photo,well,131.552
0146_03112025_Day2_Lp_PFD1000_P41_y0-x1_B0000643,batch5L,03112025,Day2,Lp,PFD1000,P41_y0-x1,batch5L_P41_y0-x1,B0000643.jpg,47.00083333333333,Main current,Original photo,well,150.77440000000001
0147_03112025_Day3_Lp_PFD1000_P41_y0-x1_B0000655,batch5L,03112025,Day3,Lp,PFD1000,P41_y0-x1,batch5L_P41_y0-x1,B0000655.jpg,70.86583333333333,Main current,Original photo,well,177.4112
0148_03112025_Day4_Lp_PFD1000_P41_y0-x1_B0000667,batch5L,03112025,Day4,Lp,PFD1000,P41_y0-x1,batch5L_P41_y0-x1,B0000667.jpg,94.96166666666667,Main current,Original photo,well,196.4816
0149_03112025_Day5_Lp_PFD1000_P41_y0-x1_B0000679,batch5L,03112025,Day5,Lp,PFD1000,P41_y0-x1,batch5L_P41_y0-x1,B0000679.jpg,118.82305555555556,Main current,Original photo,well,225.5152
0150_03112025_Day6_Lp_PFD1000_P41_y0-x1_B0000691,batch5L,03112025,Day6,Lp,PFD1000,P41_y0-x1,batch5L_P41_y0-x1,B0000691.jpg,142.66833333333332,Main current,Original photo,well,247.9712
0151_03112025_Day7_Lp_PFD1000_P41_y0-x1_B0000703,batch5L,03112025,Day7,Lp,PFD1000,P41_y0-x1,batch5L_P41_y0-x1,B0000703.jpg,166.87444444444444,Main current,Original photo,well,261.192
0152_03112025_Day0_Lp_PFD1000_P41_y1-x0_B0000618,batch5L,03112025,Day0,Lp,PFD1000,P41_y1-x0,batch5L_P41_y1-x0,B0000618.jpg,0.0238888888888888,Main current,Original photo,well,105.008
0153_03112025_Day1_Lp_PFD1000_P41_y1-x0_B0000631,batch5L,03112025,Day1,Lp,PFD1000,P41_y1-x0,batch5L_P41_y1-x0,B0000631.jpg,23.000555555555557,Main current,Original photo,well,128.4528
0154_03112025_Day2_Lp_PFD1000_P41_y1-x0_B0000643,batch5L,03112025,Day2,Lp,PFD1000,P41_y1-x0,batch5L_P41_y1-x0,B0000643.jpg,47.00083333333333,Main current,Original photo,well,155.0832
0155_03112025_Day3_Lp_PFD1000_P41_y1-x0_B0000655,batch5L,03112025,Day3,Lp,PFD1000,P41_y1-x0,batch5L_P41_y1-x0,B0000655.jpg,70.86583333333333,Main current,Original photo,well,180.664
0156_03112025_Day4_Lp_PFD1000_P41_y1-x0_B0000667,batch5L,03112025,Day4,Lp,PFD1000,P41_y1-x0,batch5L_P41_y1-x0,B0000667.jpg,94.96166666666667,Main current,Original photo,well,206.672
0157_03112025_Day5_Lp_PFD1000_P41_y1-x0_B0000679,batch5L,03112025,Day5,Lp,PFD1000,P41_y1-x0,batch5L_P41_y1-x0,B0000679.jpg,118.82305555555556,Main current,Original photo,image,236.3024
0158_03112025_Day6_Lp_PFD1000_P41_y1-x0_B0000691,batch5L,03112025,Day6,Lp,PFD1000,P41_y1-x0,batch5L_P41_y1-x0,B0000691.jpg,142.66833333333332,L36 + redOR + small500 + stronger reflection + root,Original photo,image,311.2496
0159_03112025_Day7_Lp_PFD1000_P41_y1-x0_B0000703,batch5L,03112025,Day7,Lp,PFD1000,P41_y1-x0,batch5L_P41_y1-x0,B0000703.jpg,166.87444444444444,L36 + redOR + small500 + stronger reflection + root,Original photo,image,346.9088
0160_03112025_Day0_Lp_PFD1000_P41_y1-x2_B0000618,batch5L,03112025,Day0,Lp,PFD1000,P41_y1-x2,batch5L_P41_y1-x2,B0000618.jpg,0.0238888888888888,Main current,Original photo,well,117.6144
0161_03112025_Day1_Lp_PFD1000_P41_y1-x2_B0000631,batch5L,03112025,Day1,Lp,PFD1000,P41_y1-x2,batch5L_P41_y1-x2,B0000631.jpg,23.000555555555557,Main current,Original photo,well,137.8224
0162_03112025_Day2_Lp_PFD1000_P41_y1-x2_B0000643,batch5L,03112025,Day2,Lp,PFD1000,P41_y1-x2,batch5L_P41_y1-x2,B0000643.jpg,47.00083333333333,Main current,Original photo,well,157.5824
0163_03112025_Day3_Lp_PFD1000_P41_y1-x2_B0000655,batch5L,03112025,Day3,Lp,PFD1000,P41_y1-x2,batch5L_P41_y1-x2,B0000655.jpg,70.86583333333333,Main current,Original photo,well,182.448
0164_03112025_Day4_Lp_PFD1000_P41_y1-x2_B0000667,batch5L,03112025,Day4,Lp,PFD1000,P41_y1-x2,batch5L_P41_y1-x2,B0000667.jpg,94.96166666666667,Main current,Original photo,well,208.824
0165_03112025_Day5_Lp_PFD1000_P41_y1-x2_B0000679,batch5L,03112025,Day5,Lp,PFD1000,P41_y1-x2,batch5L_P41_y1-x2,B0000679.jpg,118.82305555555556,Main current,Original photo,well,238.2064
0166_03112025_Day6_Lp_PFD1000_P41_y1-x2_B0000691,batch5L,03112025,Day6,Lp,PFD1000,P41_y1-x2,batch5L_P41_y1-x2,B0000691.jpg,142.66833333333332,L36 + redOR + small500 + stronger reflection + root,Original photo,image,289.9072
0167_03112025_Day7_Lp_PFD1000_P41_y1-x2_B0000703,batch5L,03112025,Day7,Lp,PFD1000,P41_y1-x2,batch5L_P41_y1-x2,B0000703.jpg,166.87444444444444,L36 + redOR + small500 + stronger reflection + root,Original photo,image,319.8672
0168_03112025_Day0_Lp_PFD1000_P42_y0-x1_B0000620,batch5L,03112025,Day0,Lp,PFD1000,P42_y0-x1,batch5L_P42_y0-x1,B0000620.jpg,0.0463888888888888,Main current,Original photo,well,99.5712
0169_03112025_Day1_Lp_PFD1000_P42_y0-x1_B0000632,batch5L,03112025,Day1,Lp,PFD1000,P42_y0-x1,batch5L_P42_y0-x1,B0000632.jpg,23.006666666666668,Main current,Original photo,well,118.0656
0170_03112025_Day2_Lp_PFD1000_P42_y0-x1_B0000644,batch5L,03112025,Day2,Lp,PFD1000,P42_y0-x1,batch5L_P42_y0-x1,B0000644.jpg,47.005833333333335,Main current,Original photo,well,136.1984
0171_03112025_Day3_Lp_PFD1000_P42_y0-x1_B0000656,batch5L,03112025,Day3,Lp,PFD1000,P42_y0-x1,batch5L_P42_y0-x1,B0000656.jpg,70.87222222222222,L36 + redOR + small500 + stronger reflection + root,Original photo,image,156.0176
0172_03112025_Day4_Lp_PFD1000_P42_y0-x1_B0000668,batch5L,03112025,Day4,Lp,PFD1000,P42_y0-x1,batch5L_P42_y0-x1,B0000668.jpg,94.97083333333332,L36 + redOR + small500 + stronger reflection + root,Original photo,image,169.56
0173_03112025_Day5_Lp_PFD1000_P42_y0-x1_B0000680,batch5L,03112025,Day5,Lp,PFD1000,P42_y0-x1,batch5L_P42_y0-x1,B0000680.jpg,118.83611111111112,L36 + redOR + small500 + stronger reflection + root,Original photo,image,201.752
0174_03112025_Day6_Lp_PFD1000_P42_y0-x1_B0000692,batch5L,03112025,Day6,Lp,PFD1000,P42_y0-x1,batch5L_P42_y0-x1,B0000692.jpg,142.68555555555557,L36 + redOR + small500 + stronger reflection + root,Original photo,image,236.9728
0175_03112025_Day7_Lp_PFD1000_P42_y0-x1_B0000704,batch5L,03112025,Day7,Lp,PFD1000,P42_y0-x1,batch5L_P42_y0-x1,B0000704.jpg,166.88083333333333,Main current,Original photo,well,261.8608
0176_03112025_Day0_Lp_PFD1000_P42_y1-x0_B0000620,batch5L,03112025,Day0,Lp,PFD1000,P42_y1-x0,batch5L_P42_y1-x0,B0000620.jpg,0.0463888888888888,Main current,Original photo,well,98.7312
0177_03112025_Day1_Lp_PFD1000_P42_y1-x0_B0000632,batch5L,03112025,Day1,Lp,PFD1000,P42_y1-x0,batch5L_P42_y1-x0,B0000632.jpg,23.006666666666668,Main current,Original photo,well,115.6832
0178_03112025_Day2_Lp_PFD1000_P42_y1-x0_B0000644,batch5L,03112025,Day2,Lp,PFD1000,P42_y1-x0,batch5L_P42_y1-x0,B0000644.jpg,47.005833333333335,Main current,Original photo,well,127.296
0179_03112025_Day3_Lp_PFD1000_P42_y1-x0_B0000656,batch5L,03112025,Day3,Lp,PFD1000,P42_y1-x0,batch5L_P42_y1-x0,B0000656.jpg,70.87222222222222,Main current,Original photo,well,143.7472
0180_03112025_Day4_Lp_PFD1000_P42_y1-x0_B0000668,batch5L,03112025,Day4,Lp,PFD1000,P42_y1-x0,batch5L_P42_y1-x0,B0000668.jpg,94.97083333333332,Main current,Original photo,well,159.072
0181_03112025_Day5_Lp_PFD1000_P42_y1-x0_B0000680,batch5L,03112025,Day5,Lp,PFD1000,P42_y1-x0,batch5L_P42_y1-x0,B0000680.jpg,118.83611111111112,Main current,Original photo,well,192.7984
0182_03112025_Day6_Lp_PFD1000_P42_y1-x0_B0000692,batch5L,03112025,Day6,Lp,PFD1000,P42_y1-x0,batch5L_P42_y1-x0,B0000692.jpg,142.68555555555557,Main current,Original photo,well,223.9696
0183_03112025_Day7_Lp_PFD1000_P42_y1-x0_B0000704,batch5L,03112025,Day7,Lp,PFD1000,P42_y1-x0,batch5L_P42_y1-x0,B0000704.jpg,166.88083333333333,Main current,Original photo,well,253.616
0184_03112025_Day0_Lp_PFD1000_P42_y1-x2_B0000620,batch5L,03112025,Day0,Lp,PFD1000,P42_y1-x2,batch5L_P42_y1-x2,B0000620.jpg,0.0463888888888888,L36 + redOR + small500 + stronger reflection + root,Original photo,image,115.5184
0185_03112025_Day1_Lp_PFD1000_P42_y1-x2_B0000632,batch5L,03112025,Day1,Lp,PFD1000,P42_y1-x2,batch5L_P42_y1-x2,B0000632.jpg,23.006666666666668,L36 + small500 + stronger reflection + root,Original photo,image,134.6832
0186_03112025_Day2_Lp_PFD1000_P42_y1-x2_B0000644,batch5L,03112025,Day2,Lp,PFD1000,P42_y1-x2,batch5L_P42_y1-x2,B0000644.jpg,47.005833333333335,L36 + small500 + stronger reflection + root,Original photo,image,143.4704
0187_03112025_Day3_Lp_PFD1000_P42_y1-x2_B0000656,batch5L,03112025,Day3,Lp,PFD1000,P42_y1-x2,batch5L_P42_y1-x2,B0000656.jpg,70.87222222222222,L36 + small500 + stronger reflection + root,Original photo,image,167.608
0188_03112025_Day4_Lp_PFD1000_P42_y1-x2_B0000668,batch5L,03112025,Day4,Lp,PFD1000,P42_y1-x2,batch5L_P42_y1-x2,B0000668.jpg,94.97083333333332,L36 + small500 + stronger reflection + root,Original photo,image,191.7216
0189_03112025_Day5_Lp_PFD1000_P42_y1-x2_B0000680,batch5L,03112025,Day5,Lp,PFD1000,P42_y1-x2,batch5L_P42_y1-x2,B0000680.jpg,118.83611111111112,L36 + small500 + stronger reflection + root,Original photo,image,231.2736
0190_03112025_Day6_Lp_PFD1000_P42_y1-x2_B0000692,batch5L,03112025,Day6,Lp,PFD1000,P42_y1-x2,batch5L_P42_y1-x2,B0000692.jpg,142.68555555555557,L36 + small500 + stronger reflection + root,Original photo,image,271.1552
0191_03112025_Day7_Lp_PFD1000_P42_y1-x2_B0000704,batch5L,03112025,Day7,Lp,PFD1000,P42_y1-x2,batch5L_P42_y1-x2,B0000704.jpg,166.88083333333333,L36 + small500 + stronger reflection + root,Original photo,image,333.1712
0192_13102025_Day0_M10E_PFD100_P09_y0-x1_B0000398,batch2L,13102025,Day0,M10E,PFD100,P09_y0-x1,batch2L_P09_y0-x1,B0000398.jpg,0,Main current,Original photo,well,92.512
0193_13102025_Day1_M10E_PFD100_P09_y0-x1_B0000421,batch2L,13102025,Day1,M10E,PFD100,P09_y0-x1,batch2L_P09_y0-x1,B0000421.jpg,26.125833333333333,Main current,Original photo,well,132.6928
0194_13102025_Day2_M10E_PFD100_P09_y0-x1_B0000425,batch2L,13102025,Day2,M10E,PFD100,P09_y0-x1,batch2L_P09_y0-x1,B0000425.jpg,46.81583333333333,Main current,Original photo,well,149.9328
0195_13102025_Day3_M10E_PFD100_P09_y0-x1_B0000433,batch2L,13102025,Day3,M10E,PFD100,P09_y0-x1,batch2L_P09_y0-x1,B0000433.jpg,70.7425,Main current,Original photo,well,188.984
0196_13102025_Day4_M10E_PFD100_P09_y0-x1_B0000441,batch2L,13102025,Day4,M10E,PFD100,P09_y0-x1,batch2L_P09_y0-x1,B0000441.jpg,94.71305555555556,Main current,Original photo,well,256.672
0197_13102025_Day5_M10E_PFD100_P09_y0-x1_B0000449,batch2L,13102025,Day5,M10E,PFD100,P09_y0-x1,batch2L_P09_y0-x1,B0000449.jpg,118.72111111111111,Main current,Original photo,well,333.4608
0198_13102025_Day6_M10E_PFD100_P09_y0-x1_B0000453,batch2L,13102025,Day6,M10E,PFD100,P09_y0-x1,batch2L_P09_y0-x1,B0000453.jpg,142.80777777777777,Main current,Original photo,well,416.4272
0199_13102025_Day7_M10E_PFD100_P09_y0-x1_B0000457,batch2L,13102025,Day7,M10E,PFD100,P09_y0-x1,batch2L_P09_y0-x1,B0000457.jpg,166.6725,Main current,Original photo,well,469.952
0200_13102025_Day0_M10E_PFD100_P09_y1-x2_B0000398,batch2L,13102025,Day0,M10E,PFD100,P09_y1-x2,batch2L_P09_y1-x2,B0000398.jpg,0,Main current,Original photo,image,95.1792
0201_13102025_Day1_M10E_PFD100_P09_y1-x2_B0000421,batch2L,13102025,Day1,M10E,PFD100,P09_y1-x2,batch2L_P09_y1-x2,B0000421.jpg,26.125833333333333,Main current,Original photo,well,126.928
0202_13102025_Day2_M10E_PFD100_P09_y1-x2_B0000425,batch2L,13102025,Day2,M10E,PFD100,P09_y1-x2,batch2L_P09_y1-x2,B0000425.jpg,46.81583333333333,Main current,Original photo,well,150.6032
0203_13102025_Day3_M10E_PFD100_P09_y1-x2_B0000433,batch2L,13102025,Day3,M10E,PFD100,P09_y1-x2,batch2L_P09_y1-x2,B0000433.jpg,70.7425,Main current,Original photo,well,197.8512
0204_13102025_Day4_M10E_PFD100_P09_y1-x2_B0000441,batch2L,13102025,Day4,M10E,PFD100,P09_y1-x2,batch2L_P09_y1-x2,B0000441.jpg,94.71305555555556,Main current,Original photo,well,265.2496
0205_13102025_Day5_M10E_PFD100_P09_y1-x2_B0000449,batch2L,13102025,Day5,M10E,PFD100,P09_y1-x2,batch2L_P09_y1-x2,B0000449.jpg,118.72111111111111,Main current,Original photo,well,372.3616
0206_13102025_Day6_M10E_PFD100_P09_y1-x2_B0000453,batch2L,13102025,Day6,M10E,PFD100,P09_y1-x2,batch2L_P09_y1-x2,B0000453.jpg,142.80777777777777,Main current,Original photo,well,490.4512
0207_13102025_Day7_M10E_PFD100_P09_y1-x2_B0000457,batch2L,13102025,Day7,M10E,PFD100,P09_y1-x2,batch2L_P09_y1-x2,B0000457.jpg,166.6725,Main current,Original photo,well,535.6368
0208_13102025_Day0_M10E_PFD100_P10_y0-x0_B0000399,batch2L,13102025,Day0,M10E,PFD100,P10_y0-x0,batch2L_P10_y0-x0,B0000399.jpg,0.0047222222222222,Main current,Original photo,well,99.9152
0209_13102025_Day1_M10E_PFD100_P10_y0-x0_B0000422,batch2L,13102025,Day1,M10E,PFD100,P10_y0-x0,batch2L_P10_y0-x0,B0000422.jpg,26.156388888888888,Main current,Original photo,well,129.9936
0210_13102025_Day2_M10E_PFD100_P10_y0-x0_B0000426,batch2L,13102025,Day2,M10E,PFD100,P10_y0-x0,batch2L_P10_y0-x0,B0000426.jpg,46.84444444444444,Main current,Original photo,well,155.8752
0211_13102025_Day3_M10E_PFD100_P10_y0-x0_B0000434,batch2L,13102025,Day3,M10E,PFD100,P10_y0-x0,batch2L_P10_y0-x0,B0000434.jpg,70.76166666666667,Main current,Original photo,well,236.552
0212_13102025_Day4_M10E_PFD100_P10_y0-x0_B0000442,batch2L,13102025,Day4,M10E,PFD100,P10_y0-x0,batch2L_P10_y0-x0,B0000442.jpg,94.72527777777778,Main current,Original photo,well,275.6944
0213_13102025_Day5_M10E_PFD100_P10_y0-x0_B0000450,batch2L,13102025,Day5,M10E,PFD100,P10_y0-x0,batch2L_P10_y0-x0,B0000450.jpg,118.72666666666667,Main current,Original photo,well,385.7728
0214_13102025_Day6_M10E_PFD100_P10_y0-x0_B0000454,batch2L,13102025,Day6,M10E,PFD100,P10_y0-x0,batch2L_P10_y0-x0,B0000454.jpg,142.83694444444444,Main current,Original photo,well,445.2816
0215_13102025_Day7_M10E_PFD100_P10_y0-x0_B0000458,batch2L,13102025,Day7,M10E,PFD100,P10_y0-x0,batch2L_P10_y0-x0,B0000458.jpg,166.6925,Main current,Original photo,well,567.8608
0216_13102025_Day0_M10E_PFD100_P10_y1-x1_B0000399,batch2L,13102025,Day0,M10E,PFD100,P10_y1-x1,batch2L_P10_y1-x1,B0000399.jpg,0.0047222222222222,Main current,Original photo,well,80.2192
0217_13102025_Day1_M10E_PFD100_P10_y1-x1_B0000422,batch2L,13102025,Day1,M10E,PFD100,P10_y1-x1,batch2L_P10_y1-x1,B0000422.jpg,26.156388888888888,Main current,Original photo,well,109.8208
0218_13102025_Day2_M10E_PFD100_P10_y1-x1_B0000426,batch2L,13102025,Day2,M10E,PFD100,P10_y1-x1,batch2L_P10_y1-x1,B0000426.jpg,46.84444444444444,Main current,Original photo,well,135.7344
0219_13102025_Day3_M10E_PFD100_P10_y1-x1_B0000434,batch2L,13102025,Day3,M10E,PFD100,P10_y1-x1,batch2L_P10_y1-x1,B0000434.jpg,70.76166666666667,Main current,Original photo,well,173.3168
0220_13102025_Day4_M10E_PFD100_P10_y1-x1_B0000442,batch2L,13102025,Day4,M10E,PFD100,P10_y1-x1,batch2L_P10_y1-x1,B0000442.jpg,94.72527777777778,Main current,Original photo,well,191.4784
0221_13102025_Day5_M10E_PFD100_P10_y1-x1_B0000450,batch2L,13102025,Day5,M10E,PFD100,P10_y1-x1,batch2L_P10_y1-x1,B0000450.jpg,118.72666666666667,Main current,Original photo,well,281.5952
0222_13102025_Day6_M10E_PFD100_P10_y1-x1_B0000454,batch2L,13102025,Day6,M10E,PFD100,P10_y1-x1,batch2L_P10_y1-x1,B0000454.jpg,142.83694444444444,Main current,Original photo,well,366.4128
0223_13102025_Day7_M10E_PFD100_P10_y1-x1_B0000458,batch2L,13102025,Day7,M10E,PFD100,P10_y1-x1,batch2L_P10_y1-x1,B0000458.jpg,166.6925,Main current,Original photo,well,489.9856
0224_20102025_Day0_M10E_PFD100_P23_y0-x1_B0000474,batch3L,20102025,Day0,M10E,PFD100,P23_y0-x1,batch3L_P23_y0-x1,B0000474.jpg,0,Main current,Original photo,well,107.4384
0225_20102025_Day1_M10E_PFD100_P23_y0-x1_B0000484,batch3L,20102025,Day1,M10E,PFD100,P23_y0-x1,batch3L_P23_y0-x1,B0000484.jpg,21.566944444444445,Main current,Original photo,well,137.6256
0226_20102025_Day2_M10E_PFD100_P23_y0-x1_B0000494,batch3L,20102025,Day2,M10E,PFD100,P23_y0-x1,batch3L_P23_y0-x1,B0000494.jpg,45.782222222222224,Main current,Original photo,well,167.424
0227_20102025_Day3_M10E_PFD100_P23_y0-x1_B0000508,batch3L,20102025,Day3,M10E,PFD100,P23_y0-x1,batch3L_P23_y0-x1,B0000508.jpg,70.47555555555556,Main current,Original photo,well,210.368
0228_20102025_Day4_M10E_PFD100_P23_y0-x1_B0000515,batch3L,20102025,Day4,M10E,PFD100,P23_y0-x1,batch3L_P23_y0-x1,B0000515.jpg,93.34555555555556,Main current,Original photo,well,251.9056
0229_20102025_Day5_M10E_PFD100_P23_y0-x1_B0000524,batch3L,20102025,Day5,M10E,PFD100,P23_y0-x1,batch3L_P23_y0-x1,B0000524.jpg,117.17777777777778,Main current,Original photo,well,334.0896
0230_20102025_Day6_M10E_PFD100_P23_y0-x1_B0000532,batch3L,20102025,Day6,M10E,PFD100,P23_y0-x1,batch3L_P23_y0-x1,B0000532.jpg,141.17138888888888,Main current,Original photo,well,417.5856
0231_20102025_Day7_M10E_PFD100_P23_y0-x1_B0000541,batch3L,20102025,Day7,M10E,PFD100,P23_y0-x1,batch3L_P23_y0-x1,B0000541.jpg,165.4111111111111,Main current,Original photo,well,518.336
0232_20102025_Day0_M10E_PFD100_P23_y1-x2_B0000474,batch3L,20102025,Day0,M10E,PFD100,P23_y1-x2,batch3L_P23_y1-x2,B0000474.jpg,0,L36 + redOR + small500 + stronger reflection + root,Original photo,image,84.4032
0233_20102025_Day1_M10E_PFD100_P23_y1-x2_B0000484,batch3L,20102025,Day1,M10E,PFD100,P23_y1-x2,batch3L_P23_y1-x2,B0000484.jpg,21.566944444444445,L36 + redOR + small500 + stronger reflection + root,Original photo,well,107.5136
0234_20102025_Day2_M10E_PFD100_P23_y1-x2_B0000494,batch3L,20102025,Day2,M10E,PFD100,P23_y1-x2,batch3L_P23_y1-x2,B0000494.jpg,45.782222222222224,L36 + redOR + small500 + stronger reflection + root,Original photo,well,130.3264
0235_20102025_Day3_M10E_PFD100_P23_y1-x2_B0000508,batch3L,20102025,Day3,M10E,PFD100,P23_y1-x2,batch3L_P23_y1-x2,B0000508.jpg,70.47555555555556,Main current,Original photo,image,145.488
0236_20102025_Day4_M10E_PFD100_P23_y1-x2_B0000515,batch3L,20102025,Day4,M10E,PFD100,P23_y1-x2,batch3L_P23_y1-x2,B0000515.jpg,93.34555555555556,L36 + redOR + small500 + stronger reflection + root,Original photo,well,206.1856
0237_20102025_Day5_M10E_PFD100_P23_y1-x2_B0000524,batch3L,20102025,Day5,M10E,PFD100,P23_y1-x2,batch3L_P23_y1-x2,B0000524.jpg,117.17777777777778,L36 + redOR + small500 + stronger reflection + root,Original photo,well,269.4288
0238_20102025_Day6_M10E_PFD100_P23_y1-x2_B0000532,batch3L,20102025,Day6,M10E,PFD100,P23_y1-x2,batch3L_P23_y1-x2,B0000532.jpg,141.17138888888888,L36 + redOR + small500 + stronger reflection + root,Original photo,well,347.376
0239_20102025_Day7_M10E_PFD100_P23_y1-x2_B0000541,batch3L,20102025,Day7,M10E,PFD100,P23_y1-x2,batch3L_P23_y1-x2,B0000541.jpg,165.4111111111111,L36 + redOR + small500 + stronger reflection + root,Original photo,well,454.3168
0240_13102025_Day0_M10E_PFD1000_P11_y0-x1_B0000400,batch2L,13102025,Day0,M10E,PFD1000,P11_y0-x1,batch2L_P11_y0-x1,B0000400.jpg,0.0169444444444444,Main current,Original photo,well,93.5632
0241_13102025_Day1_M10E_PFD1000_P11_y0-x1_B0000423,batch2L,13102025,Day1,M10E,PFD1000,P11_y0-x1,batch2L_P11_y0-x1,B0000423.jpg,26.182777777777776,Main current,Original photo,well,138.7312
0242_13102025_Day2_M10E_PFD1000_P11_y0-x1_B0000427,batch2L,13102025,Day2,M10E,PFD1000,P11_y0-x1,batch2L_P11_y0-x1,B0000427.jpg,46.85472222222222,Main current,Original photo,well,170.3584
0243_13102025_Day3_M10E_PFD1000_P11_y0-x1_B0000435,batch2L,13102025,Day3,M10E,PFD1000,P11_y0-x1,batch2L_P11_y0-x1,B0000435.jpg,70.77916666666667,Main current,Original photo,well,260.2432
0244_13102025_Day4_M10E_PFD1000_P11_y0-x1_B0000443,batch2L,13102025,Day4,M10E,PFD1000,P11_y0-x1,batch2L_P11_y0-x1,B0000443.jpg,94.75777777777778,Main current,Original photo,well,350.3328
0245_13102025_Day5_M10E_PFD1000_P11_y0-x1_B0000451,batch2L,13102025,Day5,M10E,PFD1000,P11_y0-x1,batch2L_P11_y0-x1,B0000451.jpg,118.73305555555557,Main current,Original photo,well,429.7616
0246_13102025_Day6_M10E_PFD1000_P11_y0-x1_B0000455,batch2L,13102025,Day6,M10E,PFD1000,P11_y0-x1,batch2L_P11_y0-x1,B0000455.jpg,142.84305555555557,Main current,Original photo,well,522.88
0247_13102025_Day7_M10E_PFD1000_P11_y0-x1_B0000459,batch2L,13102025,Day7,M10E,PFD1000,P11_y0-x1,batch2L_P11_y0-x1,B0000459.jpg,166.69972222222222,Main current,Original photo,well,614.0432
0248_13102025_Day0_M10E_PFD1000_P11_y1-x2_B0000400,batch2L,13102025,Day0,M10E,PFD1000,P11_y1-x2,batch2L_P11_y1-x2,B0000400.jpg,0.0169444444444444,Main current,Original photo,well,83.0208
0249_13102025_Day1_M10E_PFD1000_P11_y1-x2_B0000423,batch2L,13102025,Day1,M10E,PFD1000,P11_y1-x2,batch2L_P11_y1-x2,B0000423.jpg,26.182777777777776,Main current,Original photo,well,129.3472
0250_13102025_Day2_M10E_PFD1000_P11_y1-x2_B0000427,batch2L,13102025,Day2,M10E,PFD1000,P11_y1-x2,batch2L_P11_y1-x2,B0000427.jpg,46.85472222222222,Main current,Original photo,well,185.9072
0251_13102025_Day3_M10E_PFD1000_P11_y1-x2_B0000435,batch2L,13102025,Day3,M10E,PFD1000,P11_y1-x2,batch2L_P11_y1-x2,B0000435.jpg,70.77916666666667,Main current,Original photo,well,284.6096
0252_13102025_Day4_M10E_PFD1000_P11_y1-x2_B0000443,batch2L,13102025,Day4,M10E,PFD1000,P11_y1-x2,batch2L_P11_y1-x2,B0000443.jpg,94.75777777777778,Main current,Original photo,well,365.8144
0253_13102025_Day5_M10E_PFD1000_P11_y1-x2_B0000451,batch2L,13102025,Day5,M10E,PFD1000,P11_y1-x2,batch2L_P11_y1-x2,B0000451.jpg,118.73305555555557,Main current,Original photo,well,449.0464
0254_13102025_Day6_M10E_PFD1000_P11_y1-x2_B0000455,batch2L,13102025,Day6,M10E,PFD1000,P11_y1-x2,batch2L_P11_y1-x2,B0000455.jpg,142.84305555555557,Main current,Original photo,well,568.3664
0255_13102025_Day7_M10E_PFD1000_P11_y1-x2_B0000459,batch2L,13102025,Day7,M10E,PFD1000,P11_y1-x2,batch2L_P11_y1-x2,B0000459.jpg,166.69972222222222,Main current,Original photo,well,637.4992
0256_13102025_Day0_M10E_PFD1000_P12_y0-x0_B0000401,batch2L,13102025,Day0,M10E,PFD1000,P12_y0-x0,batch2L_P12_y0-x0,B0000401.jpg,0.0222222222222222,Main current,Original photo,well,81.9968
0257_13102025_Day1_M10E_PFD1000_P12_y0-x0_B0000424,batch2L,13102025,Day1,M10E,PFD1000,P12_y0-x0,batch2L_P12_y0-x0,B0000424.jpg,26.189722222222223,Main current,Original photo,well,125.6064
0258_13102025_Day2_M10E_PFD1000_P12_y0-x0_B0000428,batch2L,13102025,Day2,M10E,PFD1000,P12_y0-x0,batch2L_P12_y0-x0,B0000428.jpg,46.86,Main current,Original photo,well,162.2848
0259_13102025_Day3_M10E_PFD1000_P12_y0-x0_B0000436,batch2L,13102025,Day3,M10E,PFD1000,P12_y0-x0,batch2L_P12_y0-x0,B0000436.jpg,70.7911111111111,Main current,Original photo,well,229.5472
0260_13102025_Day4_M10E_PFD1000_P12_y0-x0_B0000444,batch2L,13102025,Day4,M10E,PFD1000,P12_y0-x0,batch2L_P12_y0-x0,B0000444.jpg,94.76444444444444,Main current,Original photo,well,308.7456
0261_13102025_Day5_M10E_PFD1000_P12_y0-x0_B0000452,batch2L,13102025,Day5,M10E,PFD1000,P12_y0-x0,batch2L_P12_y0-x0,B0000452.jpg,118.74666666666668,Main current,Original photo,well,419.704
0262_13102025_Day6_M10E_PFD1000_P12_y0-x0_B0000456,batch2L,13102025,Day6,M10E,PFD1000,P12_y0-x0,batch2L_P12_y0-x0,B0000456.jpg,142.84777777777776,Main current,Original photo,well,509.9984
0263_13102025_Day7_M10E_PFD1000_P12_y0-x0_B0000460,batch2L,13102025,Day7,M10E,PFD1000,P12_y0-x0,batch2L_P12_y0-x0,B0000460.jpg,166.71305555555554,Main current,Original photo,well,580.3296
0264_13102025_Day0_M10E_PFD1000_P12_y1-x1_B0000401,batch2L,13102025,Day0,M10E,PFD1000,P12_y1-x1,batch2L_P12_y1-x1,B0000401.jpg,0.0222222222222222,Main current,Original photo,well,93.6912
0265_13102025_Day1_M10E_PFD1000_P12_y1-x1_B0000424,batch2L,13102025,Day1,M10E,PFD1000,P12_y1-x1,batch2L_P12_y1-x1,B0000424.jpg,26.189722222222223,Main current,Original photo,well,156.12
0266_13102025_Day2_M10E_PFD1000_P12_y1-x1_B0000428,batch2L,13102025,Day2,M10E,PFD1000,P12_y1-x1,batch2L_P12_y1-x1,B0000428.jpg,46.86,Main current,Original photo,well,195.64
0267_13102025_Day3_M10E_PFD1000_P12_y1-x1_B0000436,batch2L,13102025,Day3,M10E,PFD1000,P12_y1-x1,batch2L_P12_y1-x1,B0000436.jpg,70.7911111111111,Main current,Original photo,well,267.7152
0268_13102025_Day4_M10E_PFD1000_P12_y1-x1_B0000444,batch2L,13102025,Day4,M10E,PFD1000,P12_y1-x1,batch2L_P12_y1-x1,B0000444.jpg,94.76444444444444,Main current,Original photo,well,404.16
0269_13102025_Day5_M10E_PFD1000_P12_y1-x1_B0000452,batch2L,13102025,Day5,M10E,PFD1000,P12_y1-x1,batch2L_P12_y1-x1,B0000452.jpg,118.74666666666668,Main current,Original photo,well,531.984
0270_13102025_Day6_M10E_PFD1000_P12_y1-x1_B0000456,batch2L,13102025,Day6,M10E,PFD1000,P12_y1-x1,batch2L_P12_y1-x1,B0000456.jpg,142.84777777777776,Main current,Original photo,well,639.7104
0271_13102025_Day7_M10E_PFD1000_P12_y1-x1_B0000460,batch2L,13102025,Day7,M10E,PFD1000,P12_y1-x1,batch2L_P12_y1-x1,B0000460.jpg,166.71305555555554,Main current,Original photo,well,731.1312
0272_20102025_Day0_M10E_PFD1000_P24_y0-x1_B0000475,batch3L,20102025,Day0,M10E,PFD1000,P24_y0-x1,batch3L_P24_y0-x1,B0000475.jpg,0.0230555555555555,Main current,Original photo,well,92.4512
0273_20102025_Day1_M10E_PFD1000_P24_y0-x1_B0000485,batch3L,20102025,Day1,M10E,PFD1000,P24_y0-x1,batch3L_P24_y0-x1,B0000485.jpg,21.585555555555555,Main current,Original photo,well,126.4496
0274_20102025_Day2_M10E_PFD1000_P24_y0-x1_B0000495,batch3L,20102025,Day2,M10E,PFD1000,P24_y0-x1,batch3L_P24_y0-x1,B0000495.jpg,45.83472222222223,Main current,Original photo,well,182.2816
0275_20102025_Day3_M10E_PFD1000_P24_y0-x1_B0000507,batch3L,20102025,Day3,M10E,PFD1000,P24_y0-x1,batch3L_P24_y0-x1,B0000507.jpg,70.4725,Main current,Original photo,well,228.792
0276_20102025_Day4_M10E_PFD1000_P24_y0-x1_B0000516,batch3L,20102025,Day4,M10E,PFD1000,P24_y0-x1,batch3L_P24_y0-x1,B0000516.jpg,93.36611111111112,Main current,Original photo,well,306.2656
0277_20102025_Day5_M10E_PFD1000_P24_y0-x1_B0000525,batch3L,20102025,Day5,M10E,PFD1000,P24_y0-x1,batch3L_P24_y0-x1,B0000525.jpg,117.18666666666668,Main current,Original photo,well,462.0176
0278_20102025_Day6_M10E_PFD1000_P24_y0-x1_B0000533,batch3L,20102025,Day6,M10E,PFD1000,P24_y0-x1,batch3L_P24_y0-x1,B0000533.jpg,141.18833333333333,Main current,Original photo,well,597.6336
0279_20102025_Day7_M10E_PFD1000_P24_y0-x1_B0000542,batch3L,20102025,Day7,M10E,PFD1000,P24_y0-x1,batch3L_P24_y0-x1,B0000542.jpg,165.43805555555556,Main current,Original photo,well,718.8512
0280_20102025_Day0_M10E_PFD1000_P24_y1-x2_B0000475,batch3L,20102025,Day0,M10E,PFD1000,P24_y1-x2,batch3L_P24_y1-x2,B0000475.jpg,0.0230555555555555,Main current,Original photo,well,115.1728
0281_20102025_Day1_M10E_PFD1000_P24_y1-x2_B0000485,batch3L,20102025,Day1,M10E,PFD1000,P24_y1-x2,batch3L_P24_y1-x2,B0000485.jpg,21.585555555555555,Main current,Original photo,well,158.3472
0282_20102025_Day2_M10E_PFD1000_P24_y1-x2_B0000495,batch3L,20102025,Day2,M10E,PFD1000,P24_y1-x2,batch3L_P24_y1-x2,B0000495.jpg,45.83472222222223,Main current,Original photo,well,242.6
0283_20102025_Day3_M10E_PFD1000_P24_y1-x2_B0000507,batch3L,20102025,Day3,M10E,PFD1000,P24_y1-x2,batch3L_P24_y1-x2,B0000507.jpg,70.4725,Main current,Original photo,well,295.2608
0284_20102025_Day4_M10E_PFD1000_P24_y1-x2_B0000516,batch3L,20102025,Day4,M10E,PFD1000,P24_y1-x2,batch3L_P24_y1-x2,B0000516.jpg,93.36611111111112,Main current,Original photo,well,411.6784
0285_20102025_Day5_M10E_PFD1000_P24_y1-x2_B0000525,batch3L,20102025,Day5,M10E,PFD1000,P24_y1-x2,batch3L_P24_y1-x2,B0000525.jpg,117.18666666666668,Main current,Original photo,well,514.8848
0286_20102025_Day6_M10E_PFD1000_P24_y1-x2_B0000533,batch3L,20102025,Day6,M10E,PFD1000,P24_y1-x2,batch3L_P24_y1-x2,B0000533.jpg,141.18833333333333,Main current,Original photo,well,623.8864
0287_20102025_Day7_M10E_PFD1000_P24_y1-x2_B0000542,batch3L,20102025,Day7,M10E,PFD1000,P24_y1-x2,batch3L_P24_y1-x2,B0000542.jpg,165.43805555555556,Main current,Original photo,well,731.2592
0288_06102025_Day0_Sp_PFD100_P01_y0-x0_C0000191,batch1L,06102025,Day0,Sp,PFD100,P01_y0-x0,batch1L_P01_y0-x0,C0000191.jpg,0,Main current,Original photo,well,114.1936
0289_06102025_Day1_Sp_PFD100_P01_y0-x0_C0000209,batch1L,06102025,Day1,Sp,PFD100,P01_y0-x0,batch1L_P01_y0-x0,C0000209.jpg,21.39555555555556,Main current,Original photo,well,132.5168
0290_06102025_Day2_Sp_PFD100_P01_y0-x0_C0000217,batch1L,06102025,Day2,Sp,PFD100,P01_y0-x0,batch1L_P01_y0-x0,C0000217.jpg,45.451388888888886,Main current,Original photo,well,152.5376
0291_06102025_Day3_Sp_PFD100_P01_y0-x0_A0000106,batch1L,06102025,Day3,Sp,PFD100,P01_y0-x0,batch1L_P01_y0-x0,A0000106.jpg,69.75027777777778,Main current,Original photo,well,191.7552
0292_06102025_Day4_Sp_PFD100_P01_y0-x0_B0000358,batch1L,06102025,Day4,Sp,PFD100,P01_y0-x0,batch1L_P01_y0-x0,B0000358.jpg,93.325,Main current,Original photo,well,223.8624
0293_06102025_Day5_Sp_PFD100_P01_y0-x0_B0000366,batch1L,06102025,Day5,Sp,PFD100,P01_y0-x0,batch1L_P01_y0-x0,B0000366.jpg,117.49583333333334,L36 + redOR + small500 + stronger reflection + root,Original photo,image,297.8112
0294_06102025_Day6_Sp_PFD100_P01_y0-x0_B0000374,batch1L,06102025,Day6,Sp,PFD100,P01_y0-x0,batch1L_P01_y0-x0,B0000374.jpg,141.34055555555557,Main current,Original photo,well,363.0192
0295_06102025_Day7_Sp_PFD100_P01_y0-x0_B0000382,batch1L,06102025,Day7,Sp,PFD100,P01_y0-x0,batch1L_P01_y0-x0,B0000382.jpg,165.29583333333332,Main current,Original photo,well,475.0432
0296_06102025_Day0_Sp_PFD100_P01_y0-x2_C0000191,batch1L,06102025,Day0,Sp,PFD100,P01_y0-x2,batch1L_P01_y0-x2,C0000191.jpg,0,Main current,Original photo,well,102.8128
0297_06102025_Day1_Sp_PFD100_P01_y0-x2_C0000209,batch1L,06102025,Day1,Sp,PFD100,P01_y0-x2,batch1L_P01_y0-x2,C0000209.jpg,21.39555555555556,Main current,Original photo,well,108.2336
0298_06102025_Day2_Sp_PFD100_P01_y0-x2_C0000217,batch1L,06102025,Day2,Sp,PFD100,P01_y0-x2,batch1L_P01_y0-x2,C0000217.jpg,45.451388888888886,Main current,Original photo,well,121.976
0299_06102025_Day3_Sp_PFD100_P01_y0-x2_A0000106,batch1L,06102025,Day3,Sp,PFD100,P01_y0-x2,batch1L_P01_y0-x2,A0000106.jpg,69.75027777777778,L36 + small500 + stronger reflection + root,Original photo,image,159.3152
0300_06102025_Day4_Sp_PFD100_P01_y0-x2_B0000358,batch1L,06102025,Day4,Sp,PFD100,P01_y0-x2,batch1L_P01_y0-x2,B0000358.jpg,93.325,Main current,Original photo,well,186.5152
0301_06102025_Day5_Sp_PFD100_P01_y0-x2_B0000366,batch1L,06102025,Day5,Sp,PFD100,P01_y0-x2,batch1L_P01_y0-x2,B0000366.jpg,117.49583333333334,Main current,Original photo,well,228.2336
0302_06102025_Day6_Sp_PFD100_P01_y0-x2_B0000374,batch1L,06102025,Day6,Sp,PFD100,P01_y0-x2,batch1L_P01_y0-x2,B0000374.jpg,141.34055555555557,L36 + small500 + stronger reflection + root,Original photo,image,328.928
0303_06102025_Day7_Sp_PFD100_P01_y0-x2_B0000382,batch1L,06102025,Day7,Sp,PFD100,P01_y0-x2,batch1L_P01_y0-x2,B0000382.jpg,165.29583333333332,Main current,Original photo,well,372.728
0304_06102025_Day0_Sp_PFD100_P01_y1-x1_C0000191,batch1L,06102025,Day0,Sp,PFD100,P01_y1-x1,batch1L_P01_y1-x1,C0000191.jpg,0,Main current,Original photo,image,110.0432
0305_06102025_Day1_Sp_PFD100_P01_y1-x1_C0000209,batch1L,06102025,Day1,Sp,PFD100,P01_y1-x1,batch1L_P01_y1-x1,C0000209.jpg,21.39555555555556,Main current,Original photo,well,124.712
0306_06102025_Day2_Sp_PFD100_P01_y1-x1_C0000217,batch1L,06102025,Day2,Sp,PFD100,P01_y1-x1,batch1L_P01_y1-x1,C0000217.jpg,45.451388888888886,Main current,Original photo,well,148.168
0307_06102025_Day3_Sp_PFD100_P01_y1-x1_A0000106,batch1L,06102025,Day3,Sp,PFD100,P01_y1-x1,batch1L_P01_y1-x1,A0000106.jpg,69.75027777777778,Main current,Original photo,well,184.3984
0308_06102025_Day4_Sp_PFD100_P01_y1-x1_B0000358,batch1L,06102025,Day4,Sp,PFD100,P01_y1-x1,batch1L_P01_y1-x1,B0000358.jpg,93.325,L36 + redOR + small500 + stronger reflection + root,Brightened photo,image,224.0128
0309_06102025_Day5_Sp_PFD100_P01_y1-x1_B0000366,batch1L,06102025,Day5,Sp,PFD100,P01_y1-x1,batch1L_P01_y1-x1,B0000366.jpg,117.49583333333334,L36 + redOR + small500 + stronger reflection + root,Brightened photo,image,285.6608
0310_06102025_Day6_Sp_PFD100_P01_y1-x1_B0000374,batch1L,06102025,Day6,Sp,PFD100,P01_y1-x1,batch1L_P01_y1-x1,B0000374.jpg,141.34055555555557,L36 + redOR + small500 + stronger reflection + root,Brightened photo,image,369.2688
0311_06102025_Day7_Sp_PFD100_P01_y1-x1_B0000382,batch1L,06102025,Day7,Sp,PFD100,P01_y1-x1,batch1L_P01_y1-x1,B0000382.jpg,165.29583333333332,L36 + redOR + small500 + stronger reflection + root,Brightened photo,image,475.272
0312_06102025_Day0_Sp_PFD100_P03_y0-x1_C0000203,batch1L,06102025,Day0,Sp,PFD100,P03_y0-x1,batch1L_P03_y0-x1,C0000203.jpg,0.1655555555555555,Main current,Original photo,well,97.7984
0313_06102025_Day1_Sp_PFD100_P03_y0-x1_C0000211,batch1L,06102025,Day1,Sp,PFD100,P03_y0-x1,batch1L_P03_y0-x1,C0000211.jpg,21.40833333333333,Main current,Original photo,well,113.9616
0314_06102025_Day2_Sp_PFD100_P03_y0-x1_C0000219,batch1L,06102025,Day2,Sp,PFD100,P03_y0-x1,batch1L_P03_y0-x1,C0000219.jpg,45.48805555555556,Main current,Original photo,well,140.592
0315_06102025_Day3_Sp_PFD100_P03_y0-x1_A0000108,batch1L,06102025,Day3,Sp,PFD100,P03_y0-x1,batch1L_P03_y0-x1,A0000108.jpg,69.78361111111111,Main current,Original photo,well,162.92
0316_06102025_Day4_Sp_PFD100_P03_y0-x1_B0000360,batch1L,06102025,Day4,Sp,PFD100,P03_y0-x1,batch1L_P03_y0-x1,B0000360.jpg,93.365,Main current,Original photo,well,201.0032
0317_06102025_Day5_Sp_PFD100_P03_y0-x1_B0000368,batch1L,06102025,Day5,Sp,PFD100,P03_y0-x1,batch1L_P03_y0-x1,B0000368.jpg,117.5125,Main current,Original photo,well,235.3056
0318_06102025_Day6_Sp_PFD100_P03_y0-x1_B0000376,batch1L,06102025,Day6,Sp,PFD100,P03_y0-x1,batch1L_P03_y0-x1,B0000376.jpg,141.365,Main current,Original photo,well,312.3216
0319_06102025_Day7_Sp_PFD100_P03_y0-x1_B0000384,batch1L,06102025,Day7,Sp,PFD100,P03_y0-x1,batch1L_P03_y0-x1,B0000384.jpg,165.33277777777778,Main current,Original photo,image,400.5568
0320_06102025_Day0_Sp_PFD100_P03_y1-x0_C0000203,batch1L,06102025,Day0,Sp,PFD100,P03_y1-x0,batch1L_P03_y1-x0,C0000203.jpg,0.1655555555555555,Main current,Original photo,well,85.7872
0321_06102025_Day1_Sp_PFD100_P03_y1-x0_C0000211,batch1L,06102025,Day1,Sp,PFD100,P03_y1-x0,batch1L_P03_y1-x0,C0000211.jpg,21.40833333333333,Main current,Original photo,well,101.9728
0322_06102025_Day2_Sp_PFD100_P03_y1-x0_C0000219,batch1L,06102025,Day2,Sp,PFD100,P03_y1-x0,batch1L_P03_y1-x0,C0000219.jpg,45.48805555555556,Main current,Original photo,well,122.8464
0323_06102025_Day3_Sp_PFD100_P03_y1-x0_A0000108,batch1L,06102025,Day3,Sp,PFD100,P03_y1-x0,batch1L_P03_y1-x0,A0000108.jpg,69.78361111111111,Main current,Original photo,well,142.9776
0324_06102025_Day4_Sp_PFD100_P03_y1-x0_B0000360,batch1L,06102025,Day4,Sp,PFD100,P03_y1-x0,batch1L_P03_y1-x0,B0000360.jpg,93.365,Main current,Original photo,well,180.6864
0325_06102025_Day5_Sp_PFD100_P03_y1-x0_B0000368,batch1L,06102025,Day5,Sp,PFD100,P03_y1-x0,batch1L_P03_y1-x0,B0000368.jpg,117.5125,L36 + redOR + small500 + stronger reflection + root,Brightened photo,image,229.5488
0326_06102025_Day6_Sp_PFD100_P03_y1-x0_B0000376,batch1L,06102025,Day6,Sp,PFD100,P03_y1-x0,batch1L_P03_y1-x0,B0000376.jpg,141.365,L36 + redOR + small500 + stronger reflection + root,Brightened photo,image,306.3888
0327_06102025_Day7_Sp_PFD100_P03_y1-x0_B0000384,batch1L,06102025,Day7,Sp,PFD100,P03_y1-x0,batch1L_P03_y1-x0,B0000384.jpg,165.33277777777778,L36 + redOR + small500 + stronger reflection + root,Brightened photo,image,393.3344
0328_06102025_Day0_Sp_PFD100_P03_y1-x2_C0000203,batch1L,06102025,Day0,Sp,PFD100,P03_y1-x2,batch1L_P03_y1-x2,C0000203.jpg,0.1655555555555555,Main current,Original photo,well,125.3008
0329_06102025_Day1_Sp_PFD100_P03_y1-x2_C0000211,batch1L,06102025,Day1,Sp,PFD100,P03_y1-x2,batch1L_P03_y1-x2,C0000211.jpg,21.40833333333333,Main current,Original photo,well,139.9408
0330_06102025_Day2_Sp_PFD100_P03_y1-x2_C0000219,batch1L,06102025,Day2,Sp,PFD100,P03_y1-x2,batch1L_P03_y1-x2,C0000219.jpg,45.48805555555556,Main current,Original photo,well,173.1072
0331_06102025_Day3_Sp_PFD100_P03_y1-x2_A0000108,batch1L,06102025,Day3,Sp,PFD100,P03_y1-x2,batch1L_P03_y1-x2,A0000108.jpg,69.78361111111111,Main current,Original photo,well,207.544
0332_06102025_Day4_Sp_PFD100_P03_y1-x2_B0000360,batch1L,06102025,Day4,Sp,PFD100,P03_y1-x2,batch1L_P03_y1-x2,B0000360.jpg,93.365,L36 + redOR + small500 + stronger reflection + root,Brightened photo,image,250.464
0333_06102025_Day5_Sp_PFD100_P03_y1-x2_B0000368,batch1L,06102025,Day5,Sp,PFD100,P03_y1-x2,batch1L_P03_y1-x2,B0000368.jpg,117.5125,L36 + redOR + small500 + stronger reflection + root,Original photo,image,325.312
0334_06102025_Day6_Sp_PFD100_P03_y1-x2_B0000376,batch1L,06102025,Day6,Sp,PFD100,P03_y1-x2,batch1L_P03_y1-x2,B0000376.jpg,141.365,L36 + redOR + small500 + stronger reflection + root,Brightened photo,image,427.552
0335_06102025_Day7_Sp_PFD100_P03_y1-x2_B0000384,batch1L,06102025,Day7,Sp,PFD100,P03_y1-x2,batch1L_P03_y1-x2,B0000384.jpg,165.33277777777778,L36 + redOR + small500 + stronger reflection + root,Brightened photo,image,554.9296
0336_06102025_Day0_Sp_PFD1000_P05_y0-x0_C0000205,batch1L,06102025,Day0,Sp,PFD1000,P05_y0-x0,batch1L_P05_y0-x0,C0000205.jpg,0.1905555555555555,Main current,Original photo,well,145.0576
0337_06102025_Day1_Sp_PFD1000_P05_y0-x0_C0000213,batch1L,06102025,Day1,Sp,PFD1000,P05_y0-x0,batch1L_P05_y0-x0,C0000213.jpg,21.421388888888888,Main current,Original photo,well,157.1536
0338_06102025_Day2_Sp_PFD1000_P05_y0-x0_C0000221,batch1L,06102025,Day2,Sp,PFD1000,P05_y0-x0,batch1L_P05_y0-x0,C0000221.jpg,45.50111111111111,Main current,Original photo,well,191.1984
0339_06102025_Day3_Sp_PFD1000_P05_y0-x0_A0000110,batch1L,06102025,Day3,Sp,PFD1000,P05_y0-x0,batch1L_P05_y0-x0,A0000110.jpg,69.80944444444444,L36 + redOR + small500 + stronger reflection + root,Original photo,image,276.7616
0340_06102025_Day4_Sp_PFD1000_P05_y0-x0_B0000362,batch1L,06102025,Day4,Sp,PFD1000,P05_y0-x0,batch1L_P05_y0-x0,B0000362.jpg,93.3875,Main current,Original photo,well,357.1536
0341_06102025_Day5_Sp_PFD1000_P05_y0-x0_B0000370,batch1L,06102025,Day5,Sp,PFD1000,P05_y0-x0,batch1L_P05_y0-x0,B0000370.jpg,117.51972222222224,L36 + redOR + small500 + stronger reflection + root,Brightened photo,image,491.9264
0342_06102025_Day6_Sp_PFD1000_P05_y0-x0_B0000378,batch1L,06102025,Day6,Sp,PFD1000,P05_y0-x0,batch1L_P05_y0-x0,B0000378.jpg,141.37583333333333,L36 + redOR + small500 + stronger reflection + root,Brightened photo,image,573.352
0343_06102025_Day7_Sp_PFD1000_P05_y0-x0_B0000386,batch1L,06102025,Day7,Sp,PFD1000,P05_y0-x0,batch1L_P05_y0-x0,B0000386.jpg,165.34666666666666,L36 + redOR + small500 + stronger reflection + root,Brightened photo,image,627.8256
0344_06102025_Day0_Sp_PFD1000_P05_y0-x2_C0000205,batch1L,06102025,Day0,Sp,PFD1000,P05_y0-x2,batch1L_P05_y0-x2,C0000205.jpg,0.1905555555555555,Main current,Original photo,well,117.2096
0345_06102025_Day1_Sp_PFD1000_P05_y0-x2_C0000213,batch1L,06102025,Day1,Sp,PFD1000,P05_y0-x2,batch1L_P05_y0-x2,C0000213.jpg,21.421388888888888,Main current,Original photo,well,136.184
0346_06102025_Day2_Sp_PFD1000_P05_y0-x2_C0000221,batch1L,06102025,Day2,Sp,PFD1000,P05_y0-x2,batch1L_P05_y0-x2,C0000221.jpg,45.50111111111111,Main current,Original photo,well,167.3984
0347_06102025_Day3_Sp_PFD1000_P05_y0-x2_A0000110,batch1L,06102025,Day3,Sp,PFD1000,P05_y0-x2,batch1L_P05_y0-x2,A0000110.jpg,69.80944444444444,Main current,Original photo,well,219.952
0348_06102025_Day4_Sp_PFD1000_P05_y0-x2_B0000362,batch1L,06102025,Day4,Sp,PFD1000,P05_y0-x2,batch1L_P05_y0-x2,B0000362.jpg,93.3875,Main current,Original photo,well,307.2656
0349_06102025_Day5_Sp_PFD1000_P05_y0-x2_B0000370,batch1L,06102025,Day5,Sp,PFD1000,P05_y0-x2,batch1L_P05_y0-x2,B0000370.jpg,117.51972222222224,L36 + redOR + small500 + stronger reflection + root,Brightened photo,image,434.2848
0350_06102025_Day6_Sp_PFD1000_P05_y0-x2_B0000378,batch1L,06102025,Day6,Sp,PFD1000,P05_y0-x2,batch1L_P05_y0-x2,B0000378.jpg,141.37583333333333,L36 + redOR + small500 + stronger reflection + root,Brightened photo,image,518.3408
0351_06102025_Day7_Sp_PFD1000_P05_y0-x2_B0000386,batch1L,06102025,Day7,Sp,PFD1000,P05_y0-x2,batch1L_P05_y0-x2,B0000386.jpg,165.34666666666666,L36 + redOR + small500 + stronger reflection + root,Brightened photo,image,573.3888
0352_06102025_Day0_Sp_PFD1000_P05_y1-x1_C0000205,batch1L,06102025,Day0,Sp,PFD1000,P05_y1-x1,batch1L_P05_y1-x1,C0000205.jpg,0.1905555555555555,Main current,Original photo,well,106.4
0353_06102025_Day1_Sp_PFD1000_P05_y1-x1_C0000213,batch1L,06102025,Day1,Sp,PFD1000,P05_y1-x1,batch1L_P05_y1-x1,C0000213.jpg,21.421388888888888,Main current,Original photo,well,120.9744
0354_06102025_Day2_Sp_PFD1000_P05_y1-x1_C0000221,batch1L,06102025,Day2,Sp,PFD1000,P05_y1-x1,batch1L_P05_y1-x1,C0000221.jpg,45.50111111111111,Main current,Original photo,well,147.5264
0355_06102025_Day3_Sp_PFD1000_P05_y1-x1_A0000110,batch1L,06102025,Day3,Sp,PFD1000,P05_y1-x1,batch1L_P05_y1-x1,A0000110.jpg,69.80944444444444,Main current,Original photo,well,196.0416
0356_06102025_Day4_Sp_PFD1000_P05_y1-x1_B0000362,batch1L,06102025,Day4,Sp,PFD1000,P05_y1-x1,batch1L_P05_y1-x1,B0000362.jpg,93.3875,Main current,Original photo,well,260.2048
0357_06102025_Day5_Sp_PFD1000_P05_y1-x1_B0000370,batch1L,06102025,Day5,Sp,PFD1000,P05_y1-x1,batch1L_P05_y1-x1,B0000370.jpg,117.51972222222224,L36 + redOR + small500 + stronger reflection + root,Brightened photo,image,416
0358_06102025_Day6_Sp_PFD1000_P05_y1-x1_B0000378,batch1L,06102025,Day6,Sp,PFD1000,P05_y1-x1,batch1L_P05_y1-x1,B0000378.jpg,141.37583333333333,L36 + redOR + small500 + stronger reflection + root,Brightened photo,image,532.8832
0359_06102025_Day7_Sp_PFD1000_P05_y1-x1_B0000386,batch1L,06102025,Day7,Sp,PFD1000,P05_y1-x1,batch1L_P05_y1-x1,B0000386.jpg,165.34666666666666,L36 + redOR + small500 + stronger reflection + root,Brightened photo,image,603.5568
0360_06102025_Day0_Sp_PFD1000_P07_y0-x1_C0000207,batch1L,06102025,Day0,Sp,PFD1000,P07_y0-x1,batch1L_P07_y0-x1,C0000207.jpg,0.2005555555555555,Main current,Original photo,well,120.0816
0361_06102025_Day1_Sp_PFD1000_P07_y0-x1_C0000215,batch1L,06102025,Day1,Sp,PFD1000,P07_y0-x1,batch1L_P07_y0-x1,C0000215.jpg,21.434444444444445,Main current,Original photo,well,134.7648
0362_06102025_Day2_Sp_PFD1000_P07_y0-x1_C0000223,batch1L,06102025,Day2,Sp,PFD1000,P07_y0-x1,batch1L_P07_y0-x1,C0000223.jpg,45.51583333333333,Main current,Original photo,well,172.52
0363_06102025_Day3_Sp_PFD1000_P07_y0-x1_A0000112,batch1L,06102025,Day3,Sp,PFD1000,P07_y0-x1,batch1L_P07_y0-x1,A0000112.jpg,69.81861111111111,L36 + redOR + small500 + stronger reflection + root,Original photo,image,241.408
0364_06102025_Day4_Sp_PFD1000_P07_y0-x1_B0000364,batch1L,06102025,Day4,Sp,PFD1000,P07_y0-x1,batch1L_P07_y0-x1,B0000364.jpg,93.40472222222222,Main current,Original photo,well,302.8896
0365_06102025_Day5_Sp_PFD1000_P07_y0-x1_B0000372,batch1L,06102025,Day5,Sp,PFD1000,P07_y0-x1,batch1L_P07_y0-x1,B0000372.jpg,117.53277777777778,L36 + redOR + small500 + stronger reflection + root,Brightened photo,image,446.248
0366_06102025_Day6_Sp_PFD1000_P07_y0-x1_B0000380,batch1L,06102025,Day6,Sp,PFD1000,P07_y0-x1,batch1L_P07_y0-x1,B0000380.jpg,141.38944444444445,L36 + redOR + small500 + stronger reflection + root,Brightened photo,image,584.664
0367_06102025_Day7_Sp_PFD1000_P07_y0-x1_B0000388,batch1L,06102025,Day7,Sp,PFD1000,P07_y0-x1,batch1L_P07_y0-x1,B0000388.jpg,165.35555555555555,L36 + redOR + small500 + stronger reflection + root,Brightened photo,image,643.5616
0368_06102025_Day0_Sp_PFD1000_P07_y1-x0_C0000207,batch1L,06102025,Day0,Sp,PFD1000,P07_y1-x0,batch1L_P07_y1-x0,C0000207.jpg,0.2005555555555555,Main current,Original photo,well,112.1136
0369_06102025_Day1_Sp_PFD1000_P07_y1-x0_C0000215,batch1L,06102025,Day1,Sp,PFD1000,P07_y1-x0,batch1L_P07_y1-x0,C0000215.jpg,21.434444444444445,Main current,Original photo,well,131.2096
0370_06102025_Day2_Sp_PFD1000_P07_y1-x0_C0000223,batch1L,06102025,Day2,Sp,PFD1000,P07_y1-x0,batch1L_P07_y1-x0,C0000223.jpg,45.51583333333333,Main current,Original photo,well,169.6352
0371_06102025_Day3_Sp_PFD1000_P07_y1-x0_A0000112,batch1L,06102025,Day3,Sp,PFD1000,P07_y1-x0,batch1L_P07_y1-x0,A0000112.jpg,69.81861111111111,L36 + redOR + small500 + stronger reflection + root,Original photo,image,233.3376
0372_06102025_Day4_Sp_PFD1000_P07_y1-x0_B0000364,batch1L,06102025,Day4,Sp,PFD1000,P07_y1-x0,batch1L_P07_y1-x0,B0000364.jpg,93.40472222222222,L36 + redOR + small500 + stronger reflection + root,Original photo,image,314.7584
0373_06102025_Day5_Sp_PFD1000_P07_y1-x0_B0000372,batch1L,06102025,Day5,Sp,PFD1000,P07_y1-x0,batch1L_P07_y1-x0,B0000372.jpg,117.53277777777778,L36 + redOR + small500 + stronger reflection + root,Original photo,image,455.4432
0374_06102025_Day6_Sp_PFD1000_P07_y1-x0_B0000380,batch1L,06102025,Day6,Sp,PFD1000,P07_y1-x0,batch1L_P07_y1-x0,B0000380.jpg,141.38944444444445,L36 + redOR + small500 + stronger reflection + root,Original photo,image,571.4416
0375_06102025_Day7_Sp_PFD1000_P07_y1-x0_B0000388,batch1L,06102025,Day7,Sp,PFD1000,P07_y1-x0,batch1L_P07_y1-x0,B0000388.jpg,165.35555555555555,L36 + redOR + small500 + stronger reflection + root,Brightened photo,image,619.1872
0376_06102025_Day0_Sp_PFD1000_P07_y1-x2_C0000207,batch1L,06102025,Day0,Sp,PFD1000,P07_y1-x2,batch1L_P07_y1-x2,C0000207.jpg,0.2005555555555555,Main current,Original photo,well,136.7232
0377_06102025_Day1_Sp_PFD1000_P07_y1-x2_C0000215,batch1L,06102025,Day1,Sp,PFD1000,P07_y1-x2,batch1L_P07_y1-x2,C0000215.jpg,21.434444444444445,Main current,Original photo,well,165.1984
0378_06102025_Day2_Sp_PFD1000_P07_y1-x2_C0000223,batch1L,06102025,Day2,Sp,PFD1000,P07_y1-x2,batch1L_P07_y1-x2,C0000223.jpg,45.51583333333333,Main current,Original photo,well,183.2208
0379_06102025_Day3_Sp_PFD1000_P07_y1-x2_A0000112,batch1L,06102025,Day3,Sp,PFD1000,P07_y1-x2,batch1L_P07_y1-x2,A0000112.jpg,69.81861111111111,Main current,Original photo,well,249.9056
0380_06102025_Day4_Sp_PFD1000_P07_y1-x2_B0000364,batch1L,06102025,Day4,Sp,PFD1000,P07_y1-x2,batch1L_P07_y1-x2,B0000364.jpg,93.40472222222222,L36 + redOR + small500 + stronger reflection + root,Brightened photo,image,367.4656
0381_06102025_Day5_Sp_PFD1000_P07_y1-x2_B0000372,batch1L,06102025,Day5,Sp,PFD1000,P07_y1-x2,batch1L_P07_y1-x2,B0000372.jpg,117.53277777777778,L36 + redOR + small500 + stronger reflection + root,Brightened photo,image,476.9792
0382_06102025_Day6_Sp_PFD1000_P07_y1-x2_B0000380,batch1L,06102025,Day6,Sp,PFD1000,P07_y1-x2,batch1L_P07_y1-x2,B0000380.jpg,141.38944444444445,L36 + redOR + small500 + stronger reflection + root,Brightened photo,image,592.9568
0383_06102025_Day7_Sp_PFD1000_P07_y1-x2_B0000388,batch1L,06102025,Day7,Sp,PFD1000,P07_y1-x2,batch1L_P07_y1-x2,B0000388.jpg,165.35555555555555,L36 + redOR + small500 + stronger reflection + root,Brightened photo,image,628.592
0384_06102025_Day0_Wa_PFD100_P01_y0-x1_C0000191,batch1L,06102025,Day0,Wa,PFD100,P01_y0-x1,batch1L_P01_y0-x1,C0000191.jpg,0,Main current,Original photo,well,198.912
0385_06102025_Day1_Wa_PFD100_P01_y0-x1_C0000209,batch1L,06102025,Day1,Wa,PFD100,P01_y0-x1,batch1L_P01_y0-x1,C0000209.jpg,21.39555555555556,Main current,Original photo,well,180.2064
0386_06102025_Day2_Wa_PFD100_P01_y0-x1_C0000217,batch1L,06102025,Day2,Wa,PFD100,P01_y0-x1,batch1L_P01_y0-x1,C0000217.jpg,45.451388888888886,Main current,Original photo,well,185.2128
0387_06102025_Day3_Wa_PFD100_P01_y0-x1_A0000106,batch1L,06102025,Day3,Wa,PFD100,P01_y0-x1,batch1L_P01_y0-x1,A0000106.jpg,69.75027777777778,Main current,Original photo,well,114.9904
0388_06102025_Day4_Wa_PFD100_P01_y0-x1_B0000358,batch1L,06102025,Day4,Wa,PFD100,P01_y0-x1,batch1L_P01_y0-x1,B0000358.jpg,93.325,Main current,Original photo,well,131.7392
0389_06102025_Day5_Wa_PFD100_P01_y0-x1_B0000366,batch1L,06102025,Day5,Wa,PFD100,P01_y0-x1,batch1L_P01_y0-x1,B0000366.jpg,117.49583333333334,Main current,Original photo,well,226.0128
0390_06102025_Day6_Wa_PFD100_P01_y0-x1_B0000374,batch1L,06102025,Day6,Wa,PFD100,P01_y0-x1,batch1L_P01_y0-x1,B0000374.jpg,141.34055555555557,Main current,Original photo,well,298.1952
0391_06102025_Day7_Wa_PFD100_P01_y0-x1_B0000382,batch1L,06102025,Day7,Wa,PFD100,P01_y0-x1,batch1L_P01_y0-x1,B0000382.jpg,165.29583333333332,Main current,Original photo,well,291.5472
0392_06102025_Day0_Wa_PFD100_P01_y1-x0_C0000191,batch1L,06102025,Day0,Wa,PFD100,P01_y1-x0,batch1L_P01_y1-x0,C0000191.jpg,0,Main current,Original photo,well,200.0672
0393_06102025_Day1_Wa_PFD100_P01_y1-x0_C0000209,batch1L,06102025,Day1,Wa,PFD100,P01_y1-x0,batch1L_P01_y1-x0,C0000209.jpg,21.39555555555556,Main current,Original photo,well,258.3056
0394_06102025_Day2_Wa_PFD100_P01_y1-x0_C0000217,batch1L,06102025,Day2,Wa,PFD100,P01_y1-x0,batch1L_P01_y1-x0,C0000217.jpg,45.451388888888886,Main current,Original photo,well,201.688
0395_06102025_Day3_Wa_PFD100_P01_y1-x0_A0000106,batch1L,06102025,Day3,Wa,PFD100,P01_y1-x0,batch1L_P01_y1-x0,A0000106.jpg,69.75027777777778,Main current,Original photo,well,185.0432
0396_06102025_Day4_Wa_PFD100_P01_y1-x0_B0000358,batch1L,06102025,Day4,Wa,PFD100,P01_y1-x0,batch1L_P01_y1-x0,B0000358.jpg,93.325,Main current,Original photo,well,208.7472
0397_06102025_Day5_Wa_PFD100_P01_y1-x0_B0000366,batch1L,06102025,Day5,Wa,PFD100,P01_y1-x0,batch1L_P01_y1-x0,B0000366.jpg,117.49583333333334,Main current,Original photo,well,213.1008
0398_06102025_Day6_Wa_PFD100_P01_y1-x0_B0000374,batch1L,06102025,Day6,Wa,PFD100,P01_y1-x0,batch1L_P01_y1-x0,B0000374.jpg,141.34055555555557,Main current,Original photo,well,305.76
0399_06102025_Day7_Wa_PFD100_P01_y1-x0_B0000382,batch1L,06102025,Day7,Wa,PFD100,P01_y1-x0,batch1L_P01_y1-x0,B0000382.jpg,165.29583333333332,Main current,Original photo,well,259.1744
0400_06102025_Day0_Wa_PFD100_P01_y1-x2_C0000191,batch1L,06102025,Day0,Wa,PFD100,P01_y1-x2,batch1L_P01_y1-x2,C0000191.jpg,0,Main current,Original photo,well,205.5008
0401_06102025_Day1_Wa_PFD100_P01_y1-x2_C0000209,batch1L,06102025,Day1,Wa,PFD100,P01_y1-x2,batch1L_P01_y1-x2,C0000209.jpg,21.39555555555556,Main current,Original photo,well,225.2928
0402_06102025_Day2_Wa_PFD100_P01_y1-x2_C0000217,batch1L,06102025,Day2,Wa,PFD100,P01_y1-x2,batch1L_P01_y1-x2,C0000217.jpg,45.451388888888886,Main current,Original photo,well,202.9168
0403_06102025_Day3_Wa_PFD100_P01_y1-x2_A0000106,batch1L,06102025,Day3,Wa,PFD100,P01_y1-x2,batch1L_P01_y1-x2,A0000106.jpg,69.75027777777778,Main current,Original photo,well,118.1296
0404_06102025_Day4_Wa_PFD100_P01_y1-x2_B0000358,batch1L,06102025,Day4,Wa,PFD100,P01_y1-x2,batch1L_P01_y1-x2,B0000358.jpg,93.325,Main current,Original photo,well,121.0512
0405_06102025_Day5_Wa_PFD100_P01_y1-x2_B0000366,batch1L,06102025,Day5,Wa,PFD100,P01_y1-x2,batch1L_P01_y1-x2,B0000366.jpg,117.49583333333334,Main current,Original photo,well,229.168
0406_06102025_Day6_Wa_PFD100_P01_y1-x2_B0000374,batch1L,06102025,Day6,Wa,PFD100,P01_y1-x2,batch1L_P01_y1-x2,B0000374.jpg,141.34055555555557,Main current,Original photo,well,199.4384
0407_06102025_Day7_Wa_PFD100_P01_y1-x2_B0000382,batch1L,06102025,Day7,Wa,PFD100,P01_y1-x2,batch1L_P01_y1-x2,B0000382.jpg,165.29583333333332,Main current,Original photo,well,185.2672
0408_06102025_Day0_Wa_PFD100_P03_y0-x0_C0000203,batch1L,06102025,Day0,Wa,PFD100,P03_y0-x0,batch1L_P03_y0-x0,C0000203.jpg,0.1655555555555555,Main current,Original photo,well,140.1696
0409_06102025_Day1_Wa_PFD100_P03_y0-x0_C0000211,batch1L,06102025,Day1,Wa,PFD100,P03_y0-x0,batch1L_P03_y0-x0,C0000211.jpg,21.40833333333333,Main current,Original photo,well,210.6928
0410_06102025_Day2_Wa_PFD100_P03_y0-x0_C0000219,batch1L,06102025,Day2,Wa,PFD100,P03_y0-x0,batch1L_P03_y0-x0,C0000219.jpg,45.48805555555556,Main current,Original photo,well,241.2928
0411_06102025_Day3_Wa_PFD100_P03_y0-x0_A0000108,batch1L,06102025,Day3,Wa,PFD100,P03_y0-x0,batch1L_P03_y0-x0,A0000108.jpg,69.78361111111111,Main current,Original photo,well,171.984
0412_06102025_Day4_Wa_PFD100_P03_y0-x0_B0000360,batch1L,06102025,Day4,Wa,PFD100,P03_y0-x0,batch1L_P03_y0-x0,B0000360.jpg,93.365,Main current,Original photo,well,246.5952
0413_06102025_Day5_Wa_PFD100_P03_y0-x0_B0000368,batch1L,06102025,Day5,Wa,PFD100,P03_y0-x0,batch1L_P03_y0-x0,B0000368.jpg,117.5125,Main current,Original photo,well,164.5328
0414_06102025_Day6_Wa_PFD100_P03_y0-x0_B0000376,batch1L,06102025,Day6,Wa,PFD100,P03_y0-x0,batch1L_P03_y0-x0,B0000376.jpg,141.365,Main current,Original photo,well,220.9216
0415_06102025_Day7_Wa_PFD100_P03_y0-x0_B0000384,batch1L,06102025,Day7,Wa,PFD100,P03_y0-x0,batch1L_P03_y0-x0,B0000384.jpg,165.33277777777778,Main current,Original photo,well,208.1232
0416_06102025_Day0_Wa_PFD100_P03_y0-x2_C0000203,batch1L,06102025,Day0,Wa,PFD100,P03_y0-x2,batch1L_P03_y0-x2,C0000203.jpg,0.1655555555555555,Main current,Original photo,well,129.0784
0417_06102025_Day1_Wa_PFD100_P03_y0-x2_C0000211,batch1L,06102025,Day1,Wa,PFD100,P03_y0-x2,batch1L_P03_y0-x2,C0000211.jpg,21.40833333333333,Main current,Original photo,well,102.2544
0418_06102025_Day2_Wa_PFD100_P03_y0-x2_C0000219,batch1L,06102025,Day2,Wa,PFD100,P03_y0-x2,batch1L_P03_y0-x2,C0000219.jpg,45.48805555555556,Main current,Original photo,well,147.5344
0419_06102025_Day3_Wa_PFD100_P03_y0-x2_A0000108,batch1L,06102025,Day3,Wa,PFD100,P03_y0-x2,batch1L_P03_y0-x2,A0000108.jpg,69.78361111111111,Main current,Original photo,well,121.5408
0420_06102025_Day4_Wa_PFD100_P03_y0-x2_B0000360,batch1L,06102025,Day4,Wa,PFD100,P03_y0-x2,batch1L_P03_y0-x2,B0000360.jpg,93.365,Main current,Original photo,well,89.7392
0421_06102025_Day5_Wa_PFD100_P03_y0-x2_B0000368,batch1L,06102025,Day5,Wa,PFD100,P03_y0-x2,batch1L_P03_y0-x2,B0000368.jpg,117.5125,Main current,Original photo,well,204.0256
0422_06102025_Day6_Wa_PFD100_P03_y0-x2_B0000376,batch1L,06102025,Day6,Wa,PFD100,P03_y0-x2,batch1L_P03_y0-x2,B0000376.jpg,141.365,Main current,Original photo,well,253.2832
0423_06102025_Day7_Wa_PFD100_P03_y0-x2_B0000384,batch1L,06102025,Day7,Wa,PFD100,P03_y0-x2,batch1L_P03_y0-x2,B0000384.jpg,165.33277777777778,Main current,Original photo,well,208.7264
0424_06102025_Day0_Wa_PFD100_P03_y1-x1_C0000203,batch1L,06102025,Day0,Wa,PFD100,P03_y1-x1,batch1L_P03_y1-x1,C0000203.jpg,0.1655555555555555,Main current,Original photo,well,100.7968
0425_06102025_Day1_Wa_PFD100_P03_y1-x1_C0000211,batch1L,06102025,Day1,Wa,PFD100,P03_y1-x1,batch1L_P03_y1-x1,C0000211.jpg,21.40833333333333,Main current,Original photo,well,166.52
0426_06102025_Day2_Wa_PFD100_P03_y1-x1_C0000219,batch1L,06102025,Day2,Wa,PFD100,P03_y1-x1,batch1L_P03_y1-x1,C0000219.jpg,45.48805555555556,Main current,Original photo,well,203.6496
0427_06102025_Day3_Wa_PFD100_P03_y1-x1_A0000108,batch1L,06102025,Day3,Wa,PFD100,P03_y1-x1,batch1L_P03_y1-x1,A0000108.jpg,69.78361111111111,Main current,Original photo,well,117.5344
0428_06102025_Day4_Wa_PFD100_P03_y1-x1_B0000360,batch1L,06102025,Day4,Wa,PFD100,P03_y1-x1,batch1L_P03_y1-x1,B0000360.jpg,93.365,Main current,Original photo,well,172.3872
0429_06102025_Day5_Wa_PFD100_P03_y1-x1_B0000368,batch1L,06102025,Day5,Wa,PFD100,P03_y1-x1,batch1L_P03_y1-x1,B0000368.jpg,117.5125,Main current,Original photo,well,151.6224
0430_06102025_Day6_Wa_PFD100_P03_y1-x1_B0000376,batch1L,06102025,Day6,Wa,PFD100,P03_y1-x1,batch1L_P03_y1-x1,B0000376.jpg,141.365,Main current,Original photo,well,200.6896
0431_06102025_Day7_Wa_PFD100_P03_y1-x1_B0000384,batch1L,06102025,Day7,Wa,PFD100,P03_y1-x1,batch1L_P03_y1-x1,B0000384.jpg,165.33277777777778,Main current,Original photo,well,169.4432
0432_03112025_Day0_Wa_PFD100_P39_y0-x1_B0000614,batch5L,03112025,Day0,Wa,PFD100,P39_y0-x1,batch5L_P39_y0-x1,B0000614.jpg,0,Main current,Original photo,well,45.6256
0433_03112025_Day1_Wa_PFD100_P39_y0-x1_B0000628,batch5L,03112025,Day1,Wa,PFD100,P39_y0-x1,batch5L_P39_y0-x1,B0000628.jpg,22.967777777777776,Main current,Original photo,well,53.9712
0434_03112025_Day2_Wa_PFD100_P39_y0-x1_B0000640,batch5L,03112025,Day2,Wa,PFD100,P39_y0-x1,batch5L_P39_y0-x1,B0000640.jpg,46.9375,Main current,Original photo,well,56.128
0435_03112025_Day3_Wa_PFD100_P39_y0-x1_B0000652,batch5L,03112025,Day3,Wa,PFD100,P39_y0-x1,batch5L_P39_y0-x1,B0000652.jpg,70.83638888888889,Main current,Original photo,well,70.7472
0436_03112025_Day4_Wa_PFD100_P39_y0-x1_B0000664,batch5L,03112025,Day4,Wa,PFD100,P39_y0-x1,batch5L_P39_y0-x1,B0000664.jpg,94.90222222222222,Main current,Original photo,well,77.8912
0437_03112025_Day5_Wa_PFD100_P39_y0-x1_B0000676,batch5L,03112025,Day5,Wa,PFD100,P39_y0-x1,batch5L_P39_y0-x1,B0000676.jpg,118.7925,Main current,Original photo,well,91.6176
0438_03112025_Day6_Wa_PFD100_P39_y0-x1_B0000688,batch5L,03112025,Day6,Wa,PFD100,P39_y0-x1,batch5L_P39_y0-x1,B0000688.jpg,142.64694444444444,Main current,Original photo,well,108.9712
0439_03112025_Day7_Wa_PFD100_P39_y0-x1_B0000700,batch5L,03112025,Day7,Wa,PFD100,P39_y0-x1,batch5L_P39_y0-x1,B0000700.jpg,166.83,Main current,Original photo,well,114.1856
0440_03112025_Day0_Wa_PFD100_P39_y1-x0_B0000614,batch5L,03112025,Day0,Wa,PFD100,P39_y1-x0,batch5L_P39_y1-x0,B0000614.jpg,0,Main current,Original photo,well,44.0544
0441_03112025_Day1_Wa_PFD100_P39_y1-x0_B0000628,batch5L,03112025,Day1,Wa,PFD100,P39_y1-x0,batch5L_P39_y1-x0,B0000628.jpg,22.967777777777776,Main current,Original photo,well,52.48
0442_03112025_Day2_Wa_PFD100_P39_y1-x0_B0000640,batch5L,03112025,Day2,Wa,PFD100,P39_y1-x0,batch5L_P39_y1-x0,B0000640.jpg,46.9375,Main current,Original photo,well,58.1264
0443_03112025_Day3_Wa_PFD100_P39_y1-x0_B0000652,batch5L,03112025,Day3,Wa,PFD100,P39_y1-x0,batch5L_P39_y1-x0,B0000652.jpg,70.83638888888889,Main current,Original photo,well,71.4752
0444_03112025_Day4_Wa_PFD100_P39_y1-x0_B0000664,batch5L,03112025,Day4,Wa,PFD100,P39_y1-x0,batch5L_P39_y1-x0,B0000664.jpg,94.90222222222222,Main current,Original photo,well,85.1568
0445_03112025_Day5_Wa_PFD100_P39_y1-x0_B0000676,batch5L,03112025,Day5,Wa,PFD100,P39_y1-x0,batch5L_P39_y1-x0,B0000676.jpg,118.7925,Main current,Original photo,well,100.8592
0446_03112025_Day6_Wa_PFD100_P39_y1-x0_B0000688,batch5L,03112025,Day6,Wa,PFD100,P39_y1-x0,batch5L_P39_y1-x0,B0000688.jpg,142.64694444444444,Main current,Original photo,well,109.96
0447_03112025_Day7_Wa_PFD100_P39_y1-x0_B0000700,batch5L,03112025,Day7,Wa,PFD100,P39_y1-x0,batch5L_P39_y1-x0,B0000700.jpg,166.83,Main current,Original photo,well,111.8336
0448_03112025_Day0_Wa_PFD100_P39_y1-x2_B0000614,batch5L,03112025,Day0,Wa,PFD100,P39_y1-x2,batch5L_P39_y1-x2,B0000614.jpg,0,L36 + small500 + stronger reflection + root,Original photo,image,47.4944
0449_03112025_Day1_Wa_PFD100_P39_y1-x2_B0000628,batch5L,03112025,Day1,Wa,PFD100,P39_y1-x2,batch5L_P39_y1-x2,B0000628.jpg,22.967777777777776,L36 + small500 + stronger reflection + root,Original photo,image,60.688
0450_03112025_Day2_Wa_PFD100_P39_y1-x2_B0000640,batch5L,03112025,Day2,Wa,PFD100,P39_y1-x2,batch5L_P39_y1-x2,B0000640.jpg,46.9375,L36 only,Original photo,well,82.1504
0451_03112025_Day3_Wa_PFD100_P39_y1-x2_B0000652,batch5L,03112025,Day3,Wa,PFD100,P39_y1-x2,batch5L_P39_y1-x2,B0000652.jpg,70.83638888888889,L36 only,Original photo,image,99.9632
0452_03112025_Day4_Wa_PFD100_P39_y1-x2_B0000664,batch5L,03112025,Day4,Wa,PFD100,P39_y1-x2,batch5L_P39_y1-x2,B0000664.jpg,94.90222222222222,L36 only,Original photo,well,108.4512
0453_03112025_Day5_Wa_PFD100_P39_y1-x2_B0000676,batch5L,03112025,Day5,Wa,PFD100,P39_y1-x2,batch5L_P39_y1-x2,B0000676.jpg,118.7925,L36 only,Original photo,well,135.7392
0454_03112025_Day6_Wa_PFD100_P39_y1-x2_B0000688,batch5L,03112025,Day6,Wa,PFD100,P39_y1-x2,batch5L_P39_y1-x2,B0000688.jpg,142.64694444444444,L36 only,Original photo,well,142.704
0455_03112025_Day7_Wa_PFD100_P39_y1-x2_B0000700,batch5L,03112025,Day7,Wa,PFD100,P39_y1-x2,batch5L_P39_y1-x2,B0000700.jpg,166.83,L36 only,Original photo,well,161.9824
0456_03112025_Day0_Wa_PFD100_P40_y0-x1_B0000615,batch5L,03112025,Day0,Wa,PFD100,P40_y0-x1,batch5L_P40_y0-x1,B0000615.jpg,0.0069444444444444,Main current,Original photo,well,66.456
0457_03112025_Day1_Wa_PFD100_P40_y0-x1_B0000629,batch5L,03112025,Day1,Wa,PFD100,P40_y0-x1,batch5L_P40_y0-x1,B0000629.jpg,22.976944444444445,Main current,Original photo,well,69.6128
0458_03112025_Day2_Wa_PFD100_P40_y0-x1_B0000641,batch5L,03112025,Day2,Wa,PFD100,P40_y0-x1,batch5L_P40_y0-x1,B0000641.jpg,46.95194444444444,Main current,Original photo,well,95.1968
0459_03112025_Day3_Wa_PFD100_P40_y0-x1_B0000653,batch5L,03112025,Day3,Wa,PFD100,P40_y0-x1,batch5L_P40_y0-x1,B0000653.jpg,70.84222222222222,Main current,Original photo,well,108.7536
0460_03112025_Day4_Wa_PFD100_P40_y0-x1_B0000665,batch5L,03112025,Day4,Wa,PFD100,P40_y0-x1,batch5L_P40_y0-x1,B0000665.jpg,94.90666666666668,Main current,Original photo,well,137.7664
0461_03112025_Day5_Wa_PFD100_P40_y0-x1_B0000677,batch5L,03112025,Day5,Wa,PFD100,P40_y0-x1,batch5L_P40_y0-x1,B0000677.jpg,118.81222222222222,Main current,Original photo,well,145.8144
0462_03112025_Day6_Wa_PFD100_P40_y0-x1_B0000689,batch5L,03112025,Day6,Wa,PFD100,P40_y0-x1,batch5L_P40_y0-x1,B0000689.jpg,142.65666666666667,Main current,Original photo,well,177.4064
0463_03112025_Day7_Wa_PFD100_P40_y0-x1_B0000701,batch5L,03112025,Day7,Wa,PFD100,P40_y0-x1,batch5L_P40_y0-x1,B0000701.jpg,166.84916666666666,Main current,Original photo,well,210.288
0464_03112025_Day0_Wa_PFD100_P40_y1-x0_B0000615,batch5L,03112025,Day0,Wa,PFD100,P40_y1-x0,batch5L_P40_y1-x0,B0000615.jpg,0.0069444444444444,Main current,Original photo,well,46.056
0465_03112025_Day1_Wa_PFD100_P40_y1-x0_B0000629,batch5L,03112025,Day1,Wa,PFD100,P40_y1-x0,batch5L_P40_y1-x0,B0000629.jpg,22.976944444444445,Main current,Original photo,well,47.4768
0466_03112025_Day2_Wa_PFD100_P40_y1-x0_B0000641,batch5L,03112025,Day2,Wa,PFD100,P40_y1-x0,batch5L_P40_y1-x0,B0000641.jpg,46.95194444444444,Main current,Original photo,well,72.2224
0467_03112025_Day3_Wa_PFD100_P40_y1-x0_B0000653,batch5L,03112025,Day3,Wa,PFD100,P40_y1-x0,batch5L_P40_y1-x0,B0000653.jpg,70.84222222222222,Main current,Original photo,well,97.7824
0468_03112025_Day4_Wa_PFD100_P40_y1-x0_B0000665,batch5L,03112025,Day4,Wa,PFD100,P40_y1-x0,batch5L_P40_y1-x0,B0000665.jpg,94.90666666666668,Main current,Original photo,well,129.4368
0469_03112025_Day5_Wa_PFD100_P40_y1-x0_B0000677,batch5L,03112025,Day5,Wa,PFD100,P40_y1-x0,batch5L_P40_y1-x0,B0000677.jpg,118.81222222222222,L36 only,Original photo,image,167.7328
0470_03112025_Day6_Wa_PFD100_P40_y1-x0_B0000689,batch5L,03112025,Day6,Wa,PFD100,P40_y1-x0,batch5L_P40_y1-x0,B0000689.jpg,142.65666666666667,L36 only,Original photo,image,252.04
0471_03112025_Day7_Wa_PFD100_P40_y1-x0_B0000701,batch5L,03112025,Day7,Wa,PFD100,P40_y1-x0,batch5L_P40_y1-x0,B0000701.jpg,166.84916666666666,L36 only,Original photo,image,274.2496
0472_03112025_Day0_Wa_PFD100_P40_y1-x2_B0000615,batch5L,03112025,Day0,Wa,PFD100,P40_y1-x2,batch5L_P40_y1-x2,B0000615.jpg,0.0069444444444444,Main current,Original photo,well,55.2272
0473_03112025_Day1_Wa_PFD100_P40_y1-x2_B0000629,batch5L,03112025,Day1,Wa,PFD100,P40_y1-x2,batch5L_P40_y1-x2,B0000629.jpg,22.976944444444445,L36 only,Original photo,image,90.4128
0474_03112025_Day2_Wa_PFD100_P40_y1-x2_B0000641,batch5L,03112025,Day2,Wa,PFD100,P40_y1-x2,batch5L_P40_y1-x2,B0000641.jpg,46.95194444444444,L36 + small200 + crescent,Original photo,image,122.2736
0475_03112025_Day3_Wa_PFD100_P40_y1-x2_B0000653,batch5L,03112025,Day3,Wa,PFD100,P40_y1-x2,batch5L_P40_y1-x2,B0000653.jpg,70.84222222222222,Main current,Original photo,well,100.5056
0476_03112025_Day4_Wa_PFD100_P40_y1-x2_B0000665,batch5L,03112025,Day4,Wa,PFD100,P40_y1-x2,batch5L_P40_y1-x2,B0000665.jpg,94.90666666666668,Main current,Original photo,image,145.0528
0477_03112025_Day5_Wa_PFD100_P40_y1-x2_B0000677,batch5L,03112025,Day5,Wa,PFD100,P40_y1-x2,batch5L_P40_y1-x2,B0000677.jpg,118.81222222222222,L36 only,Original photo,image,201.7408
0478_03112025_Day6_Wa_PFD100_P40_y1-x2_B0000689,batch5L,03112025,Day6,Wa,PFD100,P40_y1-x2,batch5L_P40_y1-x2,B0000689.jpg,142.65666666666667,L36 only,Original photo,image,245.384
0479_03112025_Day7_Wa_PFD100_P40_y1-x2_B0000701,batch5L,03112025,Day7,Wa,PFD100,P40_y1-x2,batch5L_P40_y1-x2,B0000701.jpg,166.84916666666666,L36 only,Original photo,image,317.3824
0480_06102025_Day0_Wa_PFD1000_P05_y0-x1_C0000205,batch1L,06102025,Day0,Wa,PFD1000,P05_y0-x1,batch1L_P05_y0-x1,C0000205.jpg,0.1905555555555555,Main current,Original photo,well,149.6992
0481_06102025_Day1_Wa_PFD1000_P05_y0-x1_C0000213,batch1L,06102025,Day1,Wa,PFD1000,P05_y0-x1,batch1L_P05_y0-x1,C0000213.jpg,21.421388888888888,Main current,Original photo,well,191.504
0482_06102025_Day2_Wa_PFD1000_P05_y0-x1_C0000221,batch1L,06102025,Day2,Wa,PFD1000,P05_y0-x1,batch1L_P05_y0-x1,C0000221.jpg,45.50111111111111,Main current,Original photo,well,275.1776
0483_06102025_Day3_Wa_PFD1000_P05_y0-x1_A0000110,batch1L,06102025,Day3,Wa,PFD1000,P05_y0-x1,batch1L_P05_y0-x1,A0000110.jpg,69.80944444444444,L36 + small200 + crescent,Original photo,image,340.4896
0484_06102025_Day4_Wa_PFD1000_P05_y0-x1_B0000362,batch1L,06102025,Day4,Wa,PFD1000,P05_y0-x1,batch1L_P05_y0-x1,B0000362.jpg,93.3875,Main current,Original photo,image,365.8496
0485_06102025_Day5_Wa_PFD1000_P05_y0-x1_B0000370,batch1L,06102025,Day5,Wa,PFD1000,P05_y0-x1,batch1L_P05_y0-x1,B0000370.jpg,117.51972222222224,Main current,Original photo,image,371.2512
0486_06102025_Day6_Wa_PFD1000_P05_y0-x1_B0000378,batch1L,06102025,Day6,Wa,PFD1000,P05_y0-x1,batch1L_P05_y0-x1,B0000378.jpg,141.37583333333333,Main current,Original photo,image,412.4096
0487_06102025_Day7_Wa_PFD1000_P05_y0-x1_B0000386,batch1L,06102025,Day7,Wa,PFD1000,P05_y0-x1,batch1L_P05_y0-x1,B0000386.jpg,165.34666666666666,Main current,Original photo,image,428.1008
0488_06102025_Day0_Wa_PFD1000_P05_y1-x0_C0000205,batch1L,06102025,Day0,Wa,PFD1000,P05_y1-x0,batch1L_P05_y1-x0,C0000205.jpg,0.1905555555555555,L36 only,Original photo,image,193.4384
0489_06102025_Day1_Wa_PFD1000_P05_y1-x0_C0000213,batch1L,06102025,Day1,Wa,PFD1000,P05_y1-x0,batch1L_P05_y1-x0,C0000213.jpg,21.421388888888888,L36 only,Original photo,image,241.7344
0490_06102025_Day2_Wa_PFD1000_P05_y1-x0_C0000221,batch1L,06102025,Day2,Wa,PFD1000,P05_y1-x0,batch1L_P05_y1-x0,C0000221.jpg,45.50111111111111,L36 only,Original photo,image,315.536
0491_06102025_Day3_Wa_PFD1000_P05_y1-x0_A0000110,batch1L,06102025,Day3,Wa,PFD1000,P05_y1-x0,batch1L_P05_y1-x0,A0000110.jpg,69.80944444444444,L36 only,Original photo,image,360.952
0492_06102025_Day4_Wa_PFD1000_P05_y1-x0_B0000362,batch1L,06102025,Day4,Wa,PFD1000,P05_y1-x0,batch1L_P05_y1-x0,B0000362.jpg,93.3875,L36 only,Original photo,image,459.4448
0493_06102025_Day5_Wa_PFD1000_P05_y1-x0_B0000370,batch1L,06102025,Day5,Wa,PFD1000,P05_y1-x0,batch1L_P05_y1-x0,B0000370.jpg,117.51972222222224,L36 only,Original photo,image,459.8096
0494_06102025_Day6_Wa_PFD1000_P05_y1-x0_B0000378,batch1L,06102025,Day6,Wa,PFD1000,P05_y1-x0,batch1L_P05_y1-x0,B0000378.jpg,141.37583333333333,L36 only,Original photo,image,516.8384
0495_06102025_Day7_Wa_PFD1000_P05_y1-x0_B0000386,batch1L,06102025,Day7,Wa,PFD1000,P05_y1-x0,batch1L_P05_y1-x0,B0000386.jpg,165.34666666666666,L36 only,Original photo,image,574.92
0496_06102025_Day0_Wa_PFD1000_P05_y1-x2_C0000205,batch1L,06102025,Day0,Wa,PFD1000,P05_y1-x2,batch1L_P05_y1-x2,C0000205.jpg,0.1905555555555555,L36 only,Original photo,image,235.4944
0497_06102025_Day1_Wa_PFD1000_P05_y1-x2_C0000213,batch1L,06102025,Day1,Wa,PFD1000,P05_y1-x2,batch1L_P05_y1-x2,C0000213.jpg,21.421388888888888,L36 only,Original photo,image,268.6752
0498_06102025_Day2_Wa_PFD1000_P05_y1-x2_C0000221,batch1L,06102025,Day2,Wa,PFD1000,P05_y1-x2,batch1L_P05_y1-x2,C0000221.jpg,45.50111111111111,L36 only,Original photo,image,371.8672
0499_06102025_Day3_Wa_PFD1000_P05_y1-x2_A0000110,batch1L,06102025,Day3,Wa,PFD1000,P05_y1-x2,batch1L_P05_y1-x2,A0000110.jpg,69.80944444444444,L36 only,Original photo,image,347.0736
0500_06102025_Day4_Wa_PFD1000_P05_y1-x2_B0000362,batch1L,06102025,Day4,Wa,PFD1000,P05_y1-x2,batch1L_P05_y1-x2,B0000362.jpg,93.3875,L36 only,Original photo,image,463.5136
0501_06102025_Day5_Wa_PFD1000_P05_y1-x2_B0000370,batch1L,06102025,Day5,Wa,PFD1000,P05_y1-x2,batch1L_P05_y1-x2,B0000370.jpg,117.51972222222224,L36 only,Original photo,image,476.1184
0502_06102025_Day6_Wa_PFD1000_P05_y1-x2_B0000378,batch1L,06102025,Day6,Wa,PFD1000,P05_y1-x2,batch1L_P05_y1-x2,B0000378.jpg,141.37583333333333,L36 only,Original photo,image,550.0544
0503_06102025_Day7_Wa_PFD1000_P05_y1-x2_B0000386,batch1L,06102025,Day7,Wa,PFD1000,P05_y1-x2,batch1L_P05_y1-x2,B0000386.jpg,165.34666666666666,L36 only,Original photo,image,566.1296
0504_06102025_Day0_Wa_PFD1000_P07_y0-x0_C0000207,batch1L,06102025,Day0,Wa,PFD1000,P07_y0-x0,batch1L_P07_y0-x0,C0000207.jpg,0.2005555555555555,L36 only,Original photo,image,165.5472
0505_06102025_Day1_Wa_PFD1000_P07_y0-x0_C0000215,batch1L,06102025,Day1,Wa,PFD1000,P07_y0-x0,batch1L_P07_y0-x0,C0000215.jpg,21.434444444444445,L36 only,Original photo,image,236.6704
0506_06102025_Day2_Wa_PFD1000_P07_y0-x0_C0000223,batch1L,06102025,Day2,Wa,PFD1000,P07_y0-x0,batch1L_P07_y0-x0,C0000223.jpg,45.51583333333333,L36 only,Original photo,image,337.6528
0507_06102025_Day3_Wa_PFD1000_P07_y0-x0_A0000112,batch1L,06102025,Day3,Wa,PFD1000,P07_y0-x0,batch1L_P07_y0-x0,A0000112.jpg,69.81861111111111,L36 only,Original photo,image,388.552
0508_06102025_Day4_Wa_PFD1000_P07_y0-x0_B0000364,batch1L,06102025,Day4,Wa,PFD1000,P07_y0-x0,batch1L_P07_y0-x0,B0000364.jpg,93.40472222222222,L36 only,Original photo,image,497.7264
0509_06102025_Day5_Wa_PFD1000_P07_y0-x0_B0000372,batch1L,06102025,Day5,Wa,PFD1000,P07_y0-x0,batch1L_P07_y0-x0,B0000372.jpg,117.53277777777778,L36 only,Original photo,image,514.2704
0510_06102025_Day6_Wa_PFD1000_P07_y0-x0_B0000380,batch1L,06102025,Day6,Wa,PFD1000,P07_y0-x0,batch1L_P07_y0-x0,B0000380.jpg,141.38944444444445,L36 only,Original photo,image,593.4304
0511_06102025_Day7_Wa_PFD1000_P07_y0-x0_B0000388,batch1L,06102025,Day7,Wa,PFD1000,P07_y0-x0,batch1L_P07_y0-x0,B0000388.jpg,165.35555555555555,L36 only,Original photo,image,618.7152
0512_06102025_Day0_Wa_PFD1000_P07_y0-x2_C0000207,batch1L,06102025,Day0,Wa,PFD1000,P07_y0-x2,batch1L_P07_y0-x2,C0000207.jpg,0.2005555555555555,L36 only,Original photo,image,183.5648
0513_06102025_Day1_Wa_PFD1000_P07_y0-x2_C0000215,batch1L,06102025,Day1,Wa,PFD1000,P07_y0-x2,batch1L_P07_y0-x2,C0000215.jpg,21.434444444444445,L36 only,Original photo,image,280.3296
0514_06102025_Day2_Wa_PFD1000_P07_y0-x2_C0000223,batch1L,06102025,Day2,Wa,PFD1000,P07_y0-x2,batch1L_P07_y0-x2,C0000223.jpg,45.51583333333333,L36 only,Original photo,image,408.224
0515_06102025_Day3_Wa_PFD1000_P07_y0-x2_A0000112,batch1L,06102025,Day3,Wa,PFD1000,P07_y0-x2,batch1L_P07_y0-x2,A0000112.jpg,69.81861111111111,L36 only,Original photo,image,415.7552
0516_06102025_Day4_Wa_PFD1000_P07_y0-x2_B0000364,batch1L,06102025,Day4,Wa,PFD1000,P07_y0-x2,batch1L_P07_y0-x2,B0000364.jpg,93.40472222222222,L36 only,Original photo,image,541.824
0517_06102025_Day5_Wa_PFD1000_P07_y0-x2_B0000372,batch1L,06102025,Day5,Wa,PFD1000,P07_y0-x2,batch1L_P07_y0-x2,B0000372.jpg,117.53277777777778,L36 only,Original photo,image,556.7248
0518_06102025_Day6_Wa_PFD1000_P07_y0-x2_B0000380,batch1L,06102025,Day6,Wa,PFD1000,P07_y0-x2,batch1L_P07_y0-x2,B0000380.jpg,141.38944444444445,L36 + small200 + crescent,Original photo,image,661.0336
0519_06102025_Day7_Wa_PFD1000_P07_y0-x2_B0000388,batch1L,06102025,Day7,Wa,PFD1000,P07_y0-x2,batch1L_P07_y0-x2,B0000388.jpg,165.35555555555555,L36 + small200 + crescent,Original photo,image,661.7984
0520_06102025_Day0_Wa_PFD1000_P07_y1-x1_C0000207,batch1L,06102025,Day0,Wa,PFD1000,P07_y1-x1,batch1L_P07_y1-x1,C0000207.jpg,0.2005555555555555,L36 only,Original photo,image,207.0432
0521_06102025_Day1_Wa_PFD1000_P07_y1-x1_C0000215,batch1L,06102025,Day1,Wa,PFD1000,P07_y1-x1,batch1L_P07_y1-x1,C0000215.jpg,21.434444444444445,L36 only,Original photo,image,266.6192
0522_06102025_Day2_Wa_PFD1000_P07_y1-x1_C0000223,batch1L,06102025,Day2,Wa,PFD1000,P07_y1-x1,batch1L_P07_y1-x1,C0000223.jpg,45.51583333333333,L36 only,Original photo,image,397.3808
0523_06102025_Day3_Wa_PFD1000_P07_y1-x1_A0000112,batch1L,06102025,Day3,Wa,PFD1000,P07_y1-x1,batch1L_P07_y1-x1,A0000112.jpg,69.81861111111111,L36 only,Original photo,image,437.08
0524_06102025_Day4_Wa_PFD1000_P07_y1-x1_B0000364,batch1L,06102025,Day4,Wa,PFD1000,P07_y1-x1,batch1L_P07_y1-x1,B0000364.jpg,93.40472222222222,L36 only,Original photo,image,548.5632
0525_06102025_Day5_Wa_PFD1000_P07_y1-x1_B0000372,batch1L,06102025,Day5,Wa,PFD1000,P07_y1-x1,batch1L_P07_y1-x1,B0000372.jpg,117.53277777777778,L36 only,Original photo,image,524.1648
0526_06102025_Day6_Wa_PFD1000_P07_y1-x1_B0000380,batch1L,06102025,Day6,Wa,PFD1000,P07_y1-x1,batch1L_P07_y1-x1,B0000380.jpg,141.38944444444445,L36 only,Original photo,image,583.832
0527_06102025_Day7_Wa_PFD1000_P07_y1-x1_B0000388,batch1L,06102025,Day7,Wa,PFD1000,P07_y1-x1,batch1L_P07_y1-x1,B0000388.jpg,165.35555555555555,L36 only,Original photo,image,669.824
0528_03112025_Day0_Wa_PFD1000_P41_y0-x0_B0000618,batch5L,03112025,Day0,Wa,PFD1000,P41_y0-x0,batch5L_P41_y0-x0,B0000618.jpg,0.0238888888888888,L36 + redOR + small500 + stronger reflection + root,Original photo,image,70.2832
0529_03112025_Day1_Wa_PFD1000_P41_y0-x0_B0000631,batch5L,03112025,Day1,Wa,PFD1000,P41_y0-x0,batch5L_P41_y0-x0,B0000631.jpg,23.000555555555557,L36 only,Original photo,image,88.4464
0530_03112025_Day2_Wa_PFD1000_P41_y0-x0_B0000643,batch5L,03112025,Day2,Wa,PFD1000,P41_y0-x0,batch5L_P41_y0-x0,B0000643.jpg,47.00083333333333,L36 + small200 + crescent,Original photo,image,116.9424
0531_03112025_Day3_Wa_PFD1000_P41_y0-x0_B0000655,batch5L,03112025,Day3,Wa,PFD1000,P41_y0-x0,batch5L_P41_y0-x0,B0000655.jpg,70.86583333333333,L36 + small200 + crescent,Original photo,image,163.6144
0532_03112025_Day4_Wa_PFD1000_P41_y0-x0_B0000667,batch5L,03112025,Day4,Wa,PFD1000,P41_y0-x0,batch5L_P41_y0-x0,B0000667.jpg,94.96166666666667,L36 only,Original photo,image,213.5616
0533_03112025_Day5_Wa_PFD1000_P41_y0-x0_B0000679,batch5L,03112025,Day5,Wa,PFD1000,P41_y0-x0,batch5L_P41_y0-x0,B0000679.jpg,118.82305555555556,L36 only,Original photo,image,309.6976
0534_03112025_Day6_Wa_PFD1000_P41_y0-x0_B0000691,batch5L,03112025,Day6,Wa,PFD1000,P41_y0-x0,batch5L_P41_y0-x0,B0000691.jpg,142.66833333333332,L36 + small200 + crescent,Original photo,image,404
0535_03112025_Day7_Wa_PFD1000_P41_y0-x0_B0000703,batch5L,03112025,Day7,Wa,PFD1000,P41_y0-x0,batch5L_P41_y0-x0,B0000703.jpg,166.87444444444444,L36 + small200 + crescent,Original photo,image,495.7584
0536_03112025_Day0_Wa_PFD1000_P41_y0-x2_B0000618,batch5L,03112025,Day0,Wa,PFD1000,P41_y0-x2,batch5L_P41_y0-x2,B0000618.jpg,0.0238888888888888,L36 only,Original photo,image,54.2416
0537_03112025_Day1_Wa_PFD1000_P41_y0-x2_B0000631,batch5L,03112025,Day1,Wa,PFD1000,P41_y0-x2,batch5L_P41_y0-x2,B0000631.jpg,23.000555555555557,L36 only,Original photo,image,66.1584
0538_03112025_Day2_Wa_PFD1000_P41_y0-x2_B0000643,batch5L,03112025,Day2,Wa,PFD1000,P41_y0-x2,batch5L_P41_y0-x2,B0000643.jpg,47.00083333333333,L36 only,Original photo,image,94.3056
0539_03112025_Day3_Wa_PFD1000_P41_y0-x2_B0000655,batch5L,03112025,Day3,Wa,PFD1000,P41_y0-x2,batch5L_P41_y0-x2,B0000655.jpg,70.86583333333333,L36 only,Original photo,image,104.1872
0540_03112025_Day4_Wa_PFD1000_P41_y0-x2_B0000667,batch5L,03112025,Day4,Wa,PFD1000,P41_y0-x2,batch5L_P41_y0-x2,B0000667.jpg,94.96166666666667,L36 + small200 + crescent,Original photo,image,147.4256
0541_03112025_Day5_Wa_PFD1000_P41_y0-x2_B0000679,batch5L,03112025,Day5,Wa,PFD1000,P41_y0-x2,batch5L_P41_y0-x2,B0000679.jpg,118.82305555555556,L36 + redOR + small500 + stronger reflection + root,Original photo,image,184.976
0542_03112025_Day6_Wa_PFD1000_P41_y0-x2_B0000691,batch5L,03112025,Day6,Wa,PFD1000,P41_y0-x2,batch5L_P41_y0-x2,B0000691.jpg,142.66833333333332,L36 + small200 + crescent,Original photo,image,263.048
0543_03112025_Day7_Wa_PFD1000_P41_y0-x2_B0000703,batch5L,03112025,Day7,Wa,PFD1000,P41_y0-x2,batch5L_P41_y0-x2,B0000703.jpg,166.87444444444444,Main current,Original photo,image,272.5616
0544_03112025_Day0_Wa_PFD1000_P41_y1-x1_B0000618,batch5L,03112025,Day0,Wa,PFD1000,P41_y1-x1,batch5L_P41_y1-x1,B0000618.jpg,0.0238888888888888,L36 only,Original photo,image,52.5968
0545_03112025_Day1_Wa_PFD1000_P41_y1-x1_B0000631,batch5L,03112025,Day1,Wa,PFD1000,P41_y1-x1,batch5L_P41_y1-x1,B0000631.jpg,23.000555555555557,L36 only,Original photo,image,67.9792
0546_03112025_Day2_Wa_PFD1000_P41_y1-x1_B0000643,batch5L,03112025,Day2,Wa,PFD1000,P41_y1-x1,batch5L_P41_y1-x1,B0000643.jpg,47.00083333333333,L36 only,Original photo,image,80.7776
0547_03112025_Day3_Wa_PFD1000_P41_y1-x1_B0000655,batch5L,03112025,Day3,Wa,PFD1000,P41_y1-x1,batch5L_P41_y1-x1,B0000655.jpg,70.86583333333333,L36 only,Original photo,image,108.1808
0548_03112025_Day4_Wa_PFD1000_P41_y1-x1_B0000667,batch5L,03112025,Day4,Wa,PFD1000,P41_y1-x1,batch5L_P41_y1-x1,B0000667.jpg,94.96166666666667,L36 only,Original photo,image,145.1488
0549_03112025_Day5_Wa_PFD1000_P41_y1-x1_B0000679,batch5L,03112025,Day5,Wa,PFD1000,P41_y1-x1,batch5L_P41_y1-x1,B0000679.jpg,118.82305555555556,L36 only,Original photo,image,203.6352
0550_03112025_Day6_Wa_PFD1000_P41_y1-x1_B0000691,batch5L,03112025,Day6,Wa,PFD1000,P41_y1-x1,batch5L_P41_y1-x1,B0000691.jpg,142.66833333333332,L36 only,Original photo,image,279.4032
0551_03112025_Day7_Wa_PFD1000_P41_y1-x1_B0000703,batch5L,03112025,Day7,Wa,PFD1000,P41_y1-x1,batch5L_P41_y1-x1,B0000703.jpg,166.87444444444444,L36 only,Original photo,image,412.904
0552_03112025_Day0_Wa_PFD1000_P42_y0-x0_B0000620,batch5L,03112025,Day0,Wa,PFD1000,P42_y0-x0,batch5L_P42_y0-x0,B0000620.jpg,0.0463888888888888,L36 only,Original photo,image,78.8832
0553_03112025_Day1_Wa_PFD1000_P42_y0-x0_B0000632,batch5L,03112025,Day1,Wa,PFD1000,P42_y0-x0,batch5L_P42_y0-x0,B0000632.jpg,23.006666666666668,L36 only,Original photo,image,101.5328
0554_03112025_Day2_Wa_PFD1000_P42_y0-x0_B0000644,batch5L,03112025,Day2,Wa,PFD1000,P42_y0-x0,batch5L_P42_y0-x0,B0000644.jpg,47.005833333333335,L36 only,Original photo,image,144.5808
0555_03112025_Day3_Wa_PFD1000_P42_y0-x0_B0000656,batch5L,03112025,Day3,Wa,PFD1000,P42_y0-x0,batch5L_P42_y0-x0,B0000656.jpg,70.87222222222222,L36 only,Original photo,image,195.6064
0556_03112025_Day4_Wa_PFD1000_P42_y0-x0_B0000668,batch5L,03112025,Day4,Wa,PFD1000,P42_y0-x0,batch5L_P42_y0-x0,B0000668.jpg,94.97083333333332,L36 only,Original photo,image,297.8912
0557_03112025_Day5_Wa_PFD1000_P42_y0-x0_B0000680,batch5L,03112025,Day5,Wa,PFD1000,P42_y0-x0,batch5L_P42_y0-x0,B0000680.jpg,118.83611111111112,L36 + small200 + crescent,Original photo,image,401.0656
0558_03112025_Day6_Wa_PFD1000_P42_y0-x0_B0000692,batch5L,03112025,Day6,Wa,PFD1000,P42_y0-x0,batch5L_P42_y0-x0,B0000692.jpg,142.68555555555557,L36 + small200 + crescent,Original photo,image,499.712
0559_03112025_Day7_Wa_PFD1000_P42_y0-x0_B0000704,batch5L,03112025,Day7,Wa,PFD1000,P42_y0-x0,batch5L_P42_y0-x0,B0000704.jpg,166.88083333333333,L36 + small200 + crescent,Original photo,image,622.3472
0560_03112025_Day0_Wa_PFD1000_P42_y0-x2_B0000620,batch5L,03112025,Day0,Wa,PFD1000,P42_y0-x2,batch5L_P42_y0-x2,B0000620.jpg,0.0463888888888888,L36 + small200 + crescent,Original photo,image,68.0528
0561_03112025_Day1_Wa_PFD1000_P42_y0-x2_B0000632,batch5L,03112025,Day1,Wa,PFD1000,P42_y0-x2,batch5L_P42_y0-x2,B0000632.jpg,23.006666666666668,L36 only,Original photo,image,97.1568
0562_03112025_Day2_Wa_PFD1000_P42_y0-x2_B0000644,batch5L,03112025,Day2,Wa,PFD1000,P42_y0-x2,batch5L_P42_y0-x2,B0000644.jpg,47.005833333333335,L36 only,Original photo,image,137.9984
0563_03112025_Day3_Wa_PFD1000_P42_y0-x2_B0000656,batch5L,03112025,Day3,Wa,PFD1000,P42_y0-x2,batch5L_P42_y0-x2,B0000656.jpg,70.87222222222222,L36 only,Original photo,image,195.9952
0564_03112025_Day4_Wa_PFD1000_P42_y0-x2_B0000668,batch5L,03112025,Day4,Wa,PFD1000,P42_y0-x2,batch5L_P42_y0-x2,B0000668.jpg,94.97083333333332,L36 only,Original photo,image,287.5856
0565_03112025_Day5_Wa_PFD1000_P42_y0-x2_B0000680,batch5L,03112025,Day5,Wa,PFD1000,P42_y0-x2,batch5L_P42_y0-x2,B0000680.jpg,118.83611111111112,L36 only,Original photo,image,423.0016
0566_03112025_Day6_Wa_PFD1000_P42_y0-x2_B0000692,batch5L,03112025,Day6,Wa,PFD1000,P42_y0-x2,batch5L_P42_y0-x2,B0000692.jpg,142.68555555555557,L36 only,Original photo,image,497.496
0567_03112025_Day7_Wa_PFD1000_P42_y0-x2_B0000704,batch5L,03112025,Day7,Wa,PFD1000,P42_y0-x2,batch5L_P42_y0-x2,B0000704.jpg,166.88083333333333,L36 only,Original photo,image,681.504
0568_03112025_Day0_Wa_PFD1000_P42_y1-x1_B0000620,batch5L,03112025,Day0,Wa,PFD1000,P42_y1-x1,batch5L_P42_y1-x1,B0000620.jpg,0.0463888888888888,L36 only,Original photo,image,76.7088
0569_03112025_Day1_Wa_PFD1000_P42_y1-x1_B0000632,batch5L,03112025,Day1,Wa,PFD1000,P42_y1-x1,batch5L_P42_y1-x1,B0000632.jpg,23.006666666666668,L36 only,Original photo,image,106.0928
0570_03112025_Day2_Wa_PFD1000_P42_y1-x1_B0000644,batch5L,03112025,Day2,Wa,PFD1000,P42_y1-x1,batch5L_P42_y1-x1,B0000644.jpg,47.005833333333335,L36 only,Original photo,image,154.6848
0571_03112025_Day3_Wa_PFD1000_P42_y1-x1_B0000656,batch5L,03112025,Day3,Wa,PFD1000,P42_y1-x1,batch5L_P42_y1-x1,B0000656.jpg,70.87222222222222,L36 only,Original photo,image,221.5232
0572_03112025_Day4_Wa_PFD1000_P42_y1-x1_B0000668,batch5L,03112025,Day4,Wa,PFD1000,P42_y1-x1,batch5L_P42_y1-x1,B0000668.jpg,94.97083333333332,L36 only,Original photo,image,322.4896
0573_03112025_Day5_Wa_PFD1000_P42_y1-x1_B0000680,batch5L,03112025,Day5,Wa,PFD1000,P42_y1-x1,batch5L_P42_y1-x1,B0000680.jpg,118.83611111111112,L36 only,Original photo,image,441.224
0574_03112025_Day6_Wa_PFD1000_P42_y1-x1_B0000692,batch5L,03112025,Day6,Wa,PFD1000,P42_y1-x1,batch5L_P42_y1-x1,B0000692.jpg,142.68555555555557,L36 only,Original photo,image,535.8352
0575_03112025_Day7_Wa_PFD1000_P42_y1-x1_B0000704,batch5L,03112025,Day7,Wa,PFD1000,P42_y1-x1,batch5L_P42_y1-x1,B0000704.jpg,166.88083333333333,L36 only,Original photo,image,663.6976
0576_13102025_Day0_Wh_PFD100_P09_y0-x2_B0000398,batch2L,13102025,Day0,Wh,PFD100,P09_y0-x2,batch2L_P09_y0-x2,B0000398.jpg,0,L36 only,Original photo,image,89.512
0577_13102025_Day1_Wh_PFD100_P09_y0-x2_B0000421,batch2L,13102025,Day1,Wh,PFD100,P09_y0-x2,batch2L_P09_y0-x2,B0000421.jpg,26.125833333333333,Main current,Original photo,image,97.1248
0578_13102025_Day2_Wh_PFD100_P09_y0-x2_B0000425,batch2L,13102025,Day2,Wh,PFD100,P09_y0-x2,batch2L_P09_y0-x2,B0000425.jpg,46.81583333333333,L36 only,Original photo,image,159.4448
0579_13102025_Day3_Wh_PFD100_P09_y0-x2_B0000433,batch2L,13102025,Day3,Wh,PFD100,P09_y0-x2,batch2L_P09_y0-x2,B0000433.jpg,70.7425,L36 only,Original photo,image,175.9248
0580_13102025_Day4_Wh_PFD100_P09_y0-x2_B0000441,batch2L,13102025,Day4,Wh,PFD100,P09_y0-x2,batch2L_P09_y0-x2,B0000441.jpg,94.71305555555556,L36 only,Original photo,image,226.5872
0581_13102025_Day5_Wh_PFD100_P09_y0-x2_B0000449,batch2L,13102025,Day5,Wh,PFD100,P09_y0-x2,batch2L_P09_y0-x2,B0000449.jpg,118.72111111111111,L36 only,Original photo,image,263.576
0582_13102025_Day6_Wh_PFD100_P09_y0-x2_B0000453,batch2L,13102025,Day6,Wh,PFD100,P09_y0-x2,batch2L_P09_y0-x2,B0000453.jpg,142.80777777777777,L36 only,Original photo,image,380.5984
0583_13102025_Day7_Wh_PFD100_P09_y0-x2_B0000457,batch2L,13102025,Day7,Wh,PFD100,P09_y0-x2,batch2L_P09_y0-x2,B0000457.jpg,166.6725,L36 only,Original photo,image,384.416
0584_13102025_Day0_Wh_PFD100_P09_y1-x0_B0000398,batch2L,13102025,Day0,Wh,PFD100,P09_y1-x0,batch2L_P09_y1-x0,B0000398.jpg,0,L36 + small200 + crescent,Original photo,well,84.7248
0585_13102025_Day1_Wh_PFD100_P09_y1-x0_B0000421,batch2L,13102025,Day1,Wh,PFD100,P09_y1-x0,batch2L_P09_y1-x0,B0000421.jpg,26.125833333333333,L36 + small200 + crescent,Original photo,well,154.3232
0586_13102025_Day2_Wh_PFD100_P09_y1-x0_B0000425,batch2L,13102025,Day2,Wh,PFD100,P09_y1-x0,batch2L_P09_y1-x0,B0000425.jpg,46.81583333333333,L36 + small200 + crescent,Original photo,well,157.8704
0587_13102025_Day3_Wh_PFD100_P09_y1-x0_B0000433,batch2L,13102025,Day3,Wh,PFD100,P09_y1-x0,batch2L_P09_y1-x0,B0000433.jpg,70.7425,L36 + small200 + crescent,Original photo,well,185.3232
0588_13102025_Day4_Wh_PFD100_P09_y1-x0_B0000441,batch2L,13102025,Day4,Wh,PFD100,P09_y1-x0,batch2L_P09_y1-x0,B0000441.jpg,94.71305555555556,L36 only,Original photo,image,258.6464
0589_13102025_Day5_Wh_PFD100_P09_y1-x0_B0000449,batch2L,13102025,Day5,Wh,PFD100,P09_y1-x0,batch2L_P09_y1-x0,B0000449.jpg,118.72111111111111,L36 + small200 + crescent,Original photo,well,294.2992
0590_13102025_Day6_Wh_PFD100_P09_y1-x0_B0000453,batch2L,13102025,Day6,Wh,PFD100,P09_y1-x0,batch2L_P09_y1-x0,B0000453.jpg,142.80777777777777,L36 + redOR + small500 + stronger reflection + root,Original photo,image,384.352
0591_13102025_Day7_Wh_PFD100_P09_y1-x0_B0000457,batch2L,13102025,Day7,Wh,PFD100,P09_y1-x0,batch2L_P09_y1-x0,B0000457.jpg,166.6725,L36 + small200 + crescent,Original photo,well,406.6208
0592_13102025_Day0_Wh_PFD100_P10_y0-x1_B0000399,batch2L,13102025,Day0,Wh,PFD100,P10_y0-x1,batch2L_P10_y0-x1,B0000399.jpg,0.0047222222222222,Main current,Original photo,well,84.387200000000007
0593_13102025_Day1_Wh_PFD100_P10_y0-x1_B0000422,batch2L,13102025,Day1,Wh,PFD100,P10_y0-x1,batch2L_P10_y0-x1,B0000422.jpg,26.156388888888888,Main current,Original photo,well,104.1664
0594_13102025_Day2_Wh_PFD100_P10_y0-x1_B0000426,batch2L,13102025,Day2,Wh,PFD100,P10_y0-x1,batch2L_P10_y0-x1,B0000426.jpg,46.84444444444444,Main current,Original photo,well,115.6992
0595_13102025_Day3_Wh_PFD100_P10_y0-x1_B0000434,batch2L,13102025,Day3,Wh,PFD100,P10_y0-x1,batch2L_P10_y0-x1,B0000434.jpg,70.76166666666667,Main current,Original photo,well,158.2096
0596_13102025_Day4_Wh_PFD100_P10_y0-x1_B0000442,batch2L,13102025,Day4,Wh,PFD100,P10_y0-x1,batch2L_P10_y0-x1,B0000442.jpg,94.72527777777778,Main current,Original photo,well,172.592
0597_13102025_Day5_Wh_PFD100_P10_y0-x1_B0000450,batch2L,13102025,Day5,Wh,PFD100,P10_y0-x1,batch2L_P10_y0-x1,B0000450.jpg,118.72666666666667,Main current,Original photo,well,214.4512
0598_13102025_Day6_Wh_PFD100_P10_y0-x1_B0000454,batch2L,13102025,Day6,Wh,PFD100,P10_y0-x1,batch2L_P10_y0-x1,B0000454.jpg,142.83694444444444,Main current,Original photo,well,262.3616
0599_13102025_Day7_Wh_PFD100_P10_y0-x1_B0000458,batch2L,13102025,Day7,Wh,PFD100,P10_y0-x1,batch2L_P10_y0-x1,B0000458.jpg,166.6925,Main current,Original photo,well,419.4288
0600_13102025_Day0_Wh_PFD100_P10_y1-x2_B0000399,batch2L,13102025,Day0,Wh,PFD100,P10_y1-x2,batch2L_P10_y1-x2,B0000399.jpg,0.0047222222222222,L36 only,Original photo,well,127.7792
0601_13102025_Day1_Wh_PFD100_P10_y1-x2_B0000422,batch2L,13102025,Day1,Wh,PFD100,P10_y1-x2,batch2L_P10_y1-x2,B0000422.jpg,26.156388888888888,L36 only,Original photo,well,136.5984
0602_13102025_Day2_Wh_PFD100_P10_y1-x2_B0000426,batch2L,13102025,Day2,Wh,PFD100,P10_y1-x2,batch2L_P10_y1-x2,B0000426.jpg,46.84444444444444,L36 only,Original photo,well,162.5056
0603_13102025_Day3_Wh_PFD100_P10_y1-x2_B0000434,batch2L,13102025,Day3,Wh,PFD100,P10_y1-x2,batch2L_P10_y1-x2,B0000434.jpg,70.76166666666667,L36 only,Original photo,well,196.9184
0604_13102025_Day4_Wh_PFD100_P10_y1-x2_B0000442,batch2L,13102025,Day4,Wh,PFD100,P10_y1-x2,batch2L_P10_y1-x2,B0000442.jpg,94.72527777777778,L36 only,Original photo,well,225.6448
0605_13102025_Day5_Wh_PFD100_P10_y1-x2_B0000450,batch2L,13102025,Day5,Wh,PFD100,P10_y1-x2,batch2L_P10_y1-x2,B0000450.jpg,118.72666666666667,L36 only,Original photo,well,273.9904
0606_13102025_Day6_Wh_PFD100_P10_y1-x2_B0000454,batch2L,13102025,Day6,Wh,PFD100,P10_y1-x2,batch2L_P10_y1-x2,B0000454.jpg,142.83694444444444,L36 only,Original photo,well,328.3376
0607_13102025_Day7_Wh_PFD100_P10_y1-x2_B0000458,batch2L,13102025,Day7,Wh,PFD100,P10_y1-x2,batch2L_P10_y1-x2,B0000458.jpg,166.6925,Main current,Original photo,image,279.2944
0608_27102025_Day0_Wh_PFD100_P31_y0-x0_B0000549,batch4L,27102025,Day0,Wh,PFD100,P31_y0-x0,batch4L_P31_y0-x0,B0000549.jpg,0,L36 + redOR + small500 + stronger reflection + root,Original photo,image,147.792
0609_27102025_Day1_Wh_PFD100_P31_y0-x0_B0000557,batch4L,27102025,Day1,Wh,PFD100,P31_y0-x0,batch4L_P31_y0-x0,B0000557.jpg,23.05027777777778,L36 + redOR + small500 + stronger reflection + root,Original photo,image,189.464
0610_27102025_Day2_Wh_PFD100_P31_y0-x0_B0000565,batch4L,27102025,Day2,Wh,PFD100,P31_y0-x0,batch4L_P31_y0-x0,B0000565.jpg,46.95555555555556,L36 + small200 + crescent,Original photo,well,206.0304
0611_27102025_Day3_Wh_PFD100_P31_y0-x0_B0000573,batch4L,27102025,Day3,Wh,PFD100,P31_y0-x0,batch4L_P31_y0-x0,B0000573.jpg,71.5375,L36 + redOR + small500 + stronger reflection + root,Original photo,image,259.288
0612_27102025_Day4_Wh_PFD100_P31_y0-x0_B0000581,batch4L,27102025,Day4,Wh,PFD100,P31_y0-x0,batch4L_P31_y0-x0,B0000581.jpg,94.87611111111111,L36 + redOR + small500 + stronger reflection + root,Original photo,image,300.68
0613_27102025_Day5_Wh_PFD100_P31_y0-x0_B0000589,batch4L,27102025,Day5,Wh,PFD100,P31_y0-x0,batch4L_P31_y0-x0,B0000589.jpg,119.06083333333332,L36 + small200 + crescent,Original photo,well,401.2096
0614_27102025_Day6_Wh_PFD100_P31_y0-x0_B0000597,batch4L,27102025,Day6,Wh,PFD100,P31_y0-x0,batch4L_P31_y0-x0,B0000597.jpg,142.8108333333333,L36 + small200 + crescent,Original photo,well,440.8096
0615_27102025_Day7_Wh_PFD100_P31_y0-x0_B0000605,batch4L,27102025,Day7,Wh,PFD100,P31_y0-x0,batch4L_P31_y0-x0,B0000605.jpg,166.9036111111111,L36 + small200 + crescent,Original photo,well,517.4368
0616_27102025_Day0_Wh_PFD100_P31_y1-x1_B0000549,batch4L,27102025,Day0,Wh,PFD100,P31_y1-x1,batch4L_P31_y1-x1,B0000549.jpg,0,L36 + redOR + small500 + stronger reflection + root,Original photo,well,143.8128
0617_27102025_Day1_Wh_PFD100_P31_y1-x1_B0000557,batch4L,27102025,Day1,Wh,PFD100,P31_y1-x1,batch4L_P31_y1-x1,B0000557.jpg,23.05027777777778,L36 + redOR + small500 + stronger reflection + root,Original photo,well,197.8608
0618_27102025_Day2_Wh_PFD100_P31_y1-x1_B0000565,batch4L,27102025,Day2,Wh,PFD100,P31_y1-x1,batch4L_P31_y1-x1,B0000565.jpg,46.95555555555556,L36 + redOR + small500 + stronger reflection + root,Original photo,image,212.0512
0619_27102025_Day3_Wh_PFD100_P31_y1-x1_B0000573,batch4L,27102025,Day3,Wh,PFD100,P31_y1-x1,batch4L_P31_y1-x1,B0000573.jpg,71.5375,L36 + redOR + small500 + stronger reflection + root,Original photo,well,262.0784
0620_27102025_Day4_Wh_PFD100_P31_y1-x1_B0000581,batch4L,27102025,Day4,Wh,PFD100,P31_y1-x1,batch4L_P31_y1-x1,B0000581.jpg,94.87611111111111,L36 + redOR + small500 + stronger reflection + root,Original photo,well,317.984
0621_27102025_Day5_Wh_PFD100_P31_y1-x1_B0000589,batch4L,27102025,Day5,Wh,PFD100,P31_y1-x1,batch4L_P31_y1-x1,B0000589.jpg,119.06083333333332,L36 + redOR + small500 + stronger reflection + root,Original photo,well,386.448
0622_27102025_Day6_Wh_PFD100_P31_y1-x1_B0000597,batch4L,27102025,Day6,Wh,PFD100,P31_y1-x1,batch4L_P31_y1-x1,B0000597.jpg,142.8108333333333,L36 + redOR + small500 + stronger reflection + root,Original photo,well,446.8768
0623_27102025_Day7_Wh_PFD100_P31_y1-x1_B0000605,batch4L,27102025,Day7,Wh,PFD100,P31_y1-x1,batch4L_P31_y1-x1,B0000605.jpg,166.9036111111111,L36 + small200 + crescent,Original photo,image,500.0496
0624_03112025_Day0_Wh_PFD100_P43_y0-x0_B0000616,batch5L,03112025,Day0,Wh,PFD100,P43_y0-x0,batch5L_P43_y0-x0,B0000616.jpg,0.0130555555555555,L36 + small500 + stronger reflection + root,Original photo,image,169.672
0625_03112025_Day1_Wh_PFD100_P43_y0-x0_B0000630,batch5L,03112025,Day1,Wh,PFD100,P43_y0-x0,batch5L_P43_y0-x0,B0000630.jpg,22.995555555555555,Main current,Original photo,image,187.7088
0626_03112025_Day2_Wh_PFD100_P43_y0-x0_B0000642,batch5L,03112025,Day2,Wh,PFD100,P43_y0-x0,batch5L_P43_y0-x0,B0000642.jpg,46.969722222222224,Main current,Original photo,well,238.4368
0627_03112025_Day3_Wh_PFD100_P43_y0-x0_B0000654,batch5L,03112025,Day3,Wh,PFD100,P43_y0-x0,batch5L_P43_y0-x0,B0000654.jpg,70.85888888888888,Main current,Original photo,well,292.2224
0628_03112025_Day4_Wh_PFD100_P43_y0-x0_B0000666,batch5L,03112025,Day4,Wh,PFD100,P43_y0-x0,batch5L_P43_y0-x0,B0000666.jpg,94.91111111111113,Main current,Original photo,well,338.8016
0629_03112025_Day5_Wh_PFD100_P43_y0-x0_B0000678,batch5L,03112025,Day5,Wh,PFD100,P43_y0-x0,batch5L_P43_y0-x0,B0000678.jpg,118.81777777777778,Main current,Original photo,well,378.1616
0630_03112025_Day6_Wh_PFD100_P43_y0-x0_B0000690,batch5L,03112025,Day6,Wh,PFD100,P43_y0-x0,batch5L_P43_y0-x0,B0000690.jpg,142.66361111111112,Main current,Original photo,well,437.1616
0631_03112025_Day7_Wh_PFD100_P43_y0-x0_B0000702,batch5L,03112025,Day7,Wh,PFD100,P43_y0-x0,batch5L_P43_y0-x0,B0000702.jpg,166.85472222222222,Main current,Original photo,well,567.0128
0632_03112025_Day0_Wh_PFD100_P43_y0-x2_B0000616,batch5L,03112025,Day0,Wh,PFD100,P43_y0-x2,batch5L_P43_y0-x2,B0000616.jpg,0.0130555555555555,L36 only,Original photo,image,140.112
0633_03112025_Day1_Wh_PFD100_P43_y0-x2_B0000630,batch5L,03112025,Day1,Wh,PFD100,P43_y0-x2,batch5L_P43_y0-x2,B0000630.jpg,22.995555555555555,Main current,Original photo,image,151.8784
0634_03112025_Day2_Wh_PFD100_P43_y0-x2_B0000642,batch5L,03112025,Day2,Wh,PFD100,P43_y0-x2,batch5L_P43_y0-x2,B0000642.jpg,46.969722222222224,Main current,Original photo,image,181.5104
0635_03112025_Day3_Wh_PFD100_P43_y0-x2_B0000654,batch5L,03112025,Day3,Wh,PFD100,P43_y0-x2,batch5L_P43_y0-x2,B0000654.jpg,70.85888888888888,L36 + redOR + small500 + stronger reflection + root,Original photo,image,269.8416
0636_03112025_Day4_Wh_PFD100_P43_y0-x2_B0000666,batch5L,03112025,Day4,Wh,PFD100,P43_y0-x2,batch5L_P43_y0-x2,B0000666.jpg,94.91111111111113,L36 + small200 + crescent,Original photo,image,320.6768
0637_03112025_Day5_Wh_PFD100_P43_y0-x2_B0000678,batch5L,03112025,Day5,Wh,PFD100,P43_y0-x2,batch5L_P43_y0-x2,B0000678.jpg,118.81777777777778,L36 + small200 + crescent,Original photo,image,392.008
0638_03112025_Day6_Wh_PFD100_P43_y0-x2_B0000690,batch5L,03112025,Day6,Wh,PFD100,P43_y0-x2,batch5L_P43_y0-x2,B0000690.jpg,142.66361111111112,L36 + redOR + small500 + stronger reflection + root,Original photo,image,431.4576
0639_03112025_Day7_Wh_PFD100_P43_y0-x2_B0000702,batch5L,03112025,Day7,Wh,PFD100,P43_y0-x2,batch5L_P43_y0-x2,B0000702.jpg,166.85472222222222,L36 + redOR + small500 + stronger reflection + root,Original photo,image,559.936
0640_03112025_Day0_Wh_PFD100_P43_y1-x1_B0000616,batch5L,03112025,Day0,Wh,PFD100,P43_y1-x1,batch5L_P43_y1-x1,B0000616.jpg,0.0130555555555555,L36 + small200 + crescent,Original photo,image,145.6496
0641_03112025_Day1_Wh_PFD100_P43_y1-x1_B0000630,batch5L,03112025,Day1,Wh,PFD100,P43_y1-x1,batch5L_P43_y1-x1,B0000630.jpg,22.995555555555555,L36 + small200 + crescent,Original photo,image,232.4368
0642_03112025_Day2_Wh_PFD100_P43_y1-x1_B0000642,batch5L,03112025,Day2,Wh,PFD100,P43_y1-x1,batch5L_P43_y1-x1,B0000642.jpg,46.969722222222224,L36 + redOR + small500 + stronger reflection + root,Original photo,image,260.9248
0643_03112025_Day3_Wh_PFD100_P43_y1-x1_B0000654,batch5L,03112025,Day3,Wh,PFD100,P43_y1-x1,batch5L_P43_y1-x1,B0000654.jpg,70.85888888888888,L36 + small200 + crescent,Original photo,image,306.5696
0644_03112025_Day4_Wh_PFD100_P43_y1-x1_B0000666,batch5L,03112025,Day4,Wh,PFD100,P43_y1-x1,batch5L_P43_y1-x1,B0000666.jpg,94.91111111111113,L36 + small500 + stronger reflection + root,Original photo,image,346.0832
0645_03112025_Day5_Wh_PFD100_P43_y1-x1_B0000678,batch5L,03112025,Day5,Wh,PFD100,P43_y1-x1,batch5L_P43_y1-x1,B0000678.jpg,118.81777777777778,L36 + small500 + stronger reflection + root,Original photo,image,398.7648
0646_03112025_Day6_Wh_PFD100_P43_y1-x1_B0000690,batch5L,03112025,Day6,Wh,PFD100,P43_y1-x1,batch5L_P43_y1-x1,B0000690.jpg,142.66361111111112,L36 + small500 + stronger reflection + root,Original photo,image,491.3824
0647_03112025_Day7_Wh_PFD100_P43_y1-x1_B0000702,batch5L,03112025,Day7,Wh,PFD100,P43_y1-x1,batch5L_P43_y1-x1,B0000702.jpg,166.85472222222222,L36 + small500 + stronger reflection + root,Original photo,image,596.6272
0648_13102025_Day0_Wh_PFD1000_P11_y0-x2_B0000400,batch2L,13102025,Day0,Wh,PFD1000,P11_y0-x2,batch2L_P11_y0-x2,B0000400.jpg,0.0169444444444444,L36 + small200 + crescent,Original photo,image,71.7904
0649_13102025_Day1_Wh_PFD1000_P11_y0-x2_B0000423,batch2L,13102025,Day1,Wh,PFD1000,P11_y0-x2,batch2L_P11_y0-x2,B0000423.jpg,26.182777777777776,L36 + redOR + small500 + stronger reflection + root,Original photo,image,127.8832
0650_13102025_Day2_Wh_PFD1000_P11_y0-x2_B0000427,batch2L,13102025,Day2,Wh,PFD1000,P11_y0-x2,batch2L_P11_y0-x2,B0000427.jpg,46.85472222222222,L36 only,Original photo,image,185.712
0651_13102025_Day3_Wh_PFD1000_P11_y0-x2_B0000435,batch2L,13102025,Day3,Wh,PFD1000,P11_y0-x2,batch2L_P11_y0-x2,B0000435.jpg,70.77916666666667,L36 + small200 + crescent,Original photo,image,265.6832
0652_13102025_Day4_Wh_PFD1000_P11_y0-x2_B0000443,batch2L,13102025,Day4,Wh,PFD1000,P11_y0-x2,batch2L_P11_y0-x2,B0000443.jpg,94.75777777777778,L36 + small200 + crescent,Original photo,image,372.6848
0653_13102025_Day5_Wh_PFD1000_P11_y0-x2_B0000451,batch2L,13102025,Day5,Wh,PFD1000,P11_y0-x2,batch2L_P11_y0-x2,B0000451.jpg,118.73305555555557,L36 + small500 + stronger reflection + root,Original photo,image,549.7728
0654_13102025_Day6_Wh_PFD1000_P11_y0-x2_B0000455,batch2L,13102025,Day6,Wh,PFD1000,P11_y0-x2,batch2L_P11_y0-x2,B0000455.jpg,142.84305555555557,L36 + redOR + small500 + stronger reflection + root,Original photo,image,717.4352
0655_13102025_Day7_Wh_PFD1000_P11_y0-x2_B0000459,batch2L,13102025,Day7,Wh,PFD1000,P11_y0-x2,batch2L_P11_y0-x2,B0000459.jpg,166.69972222222222,L36 + small500 + stronger reflection + root,Original photo,image,831.6832
0656_13102025_Day0_Wh_PFD1000_P11_y1-x0_B0000400,batch2L,13102025,Day0,Wh,PFD1000,P11_y1-x0,batch2L_P11_y1-x0,B0000400.jpg,0.0169444444444444,L36 only,Original photo,image,71.6096
0657_13102025_Day1_Wh_PFD1000_P11_y1-x0_B0000423,batch2L,13102025,Day1,Wh,PFD1000,P11_y1-x0,batch2L_P11_y1-x0,B0000423.jpg,26.182777777777776,L36 only,Original photo,image,103.9632
0658_13102025_Day2_Wh_PFD1000_P11_y1-x0_B0000427,batch2L,13102025,Day2,Wh,PFD1000,P11_y1-x0,batch2L_P11_y1-x0,B0000427.jpg,46.85472222222222,L36 only,Original photo,image,130.4128
0659_13102025_Day3_Wh_PFD1000_P11_y1-x0_B0000435,batch2L,13102025,Day3,Wh,PFD1000,P11_y1-x0,batch2L_P11_y1-x0,B0000435.jpg,70.77916666666667,L36 + small200 + crescent,Original photo,image,195.8464
0660_13102025_Day4_Wh_PFD1000_P11_y1-x0_B0000443,batch2L,13102025,Day4,Wh,PFD1000,P11_y1-x0,batch2L_P11_y1-x0,B0000443.jpg,94.75777777777778,L36 + small200 + crescent,Original photo,image,310.136
0661_13102025_Day5_Wh_PFD1000_P11_y1-x0_B0000451,batch2L,13102025,Day5,Wh,PFD1000,P11_y1-x0,batch2L_P11_y1-x0,B0000451.jpg,118.73305555555557,L36 + small200 + crescent,Original photo,image,430.9776
0662_13102025_Day6_Wh_PFD1000_P11_y1-x0_B0000455,batch2L,13102025,Day6,Wh,PFD1000,P11_y1-x0,batch2L_P11_y1-x0,B0000455.jpg,142.84305555555557,L36 + small200 + crescent,Original photo,image,641.5664
0663_13102025_Day7_Wh_PFD1000_P11_y1-x0_B0000459,batch2L,13102025,Day7,Wh,PFD1000,P11_y1-x0,batch2L_P11_y1-x0,B0000459.jpg,166.69972222222222,L36 + small200 + crescent,Original photo,image,764.7552
0664_13102025_Day0_Wh_PFD1000_P12_y0-x1_B0000401,batch2L,13102025,Day0,Wh,PFD1000,P12_y0-x1,batch2L_P12_y0-x1,B0000401.jpg,0.0222222222222222,L36 + redOR + small500 + stronger reflection + root,Original photo,well,94.7168
0665_13102025_Day1_Wh_PFD1000_P12_y0-x1_B0000424,batch2L,13102025,Day1,Wh,PFD1000,P12_y0-x1,batch2L_P12_y0-x1,B0000424.jpg,26.189722222222223,L36 + redOR + small500 + stronger reflection + root,Original photo,well,176.7936
0666_13102025_Day2_Wh_PFD1000_P12_y0-x1_B0000428,batch2L,13102025,Day2,Wh,PFD1000,P12_y0-x1,batch2L_P12_y0-x1,B0000428.jpg,46.86,L36 + redOR + small500 + stronger reflection + root,Original photo,well,229.1248
0667_13102025_Day3_Wh_PFD1000_P12_y0-x1_B0000436,batch2L,13102025,Day3,Wh,PFD1000,P12_y0-x1,batch2L_P12_y0-x1,B0000436.jpg,70.7911111111111,L36 + redOR + small500 + stronger reflection + root,Original photo,well,368.8896
0668_13102025_Day4_Wh_PFD1000_P12_y0-x1_B0000444,batch2L,13102025,Day4,Wh,PFD1000,P12_y0-x1,batch2L_P12_y0-x1,B0000444.jpg,94.76444444444444,L36 + redOR + small500 + stronger reflection + root,Original photo,well,531.5408
0669_13102025_Day5_Wh_PFD1000_P12_y0-x1_B0000452,batch2L,13102025,Day5,Wh,PFD1000,P12_y0-x1,batch2L_P12_y0-x1,B0000452.jpg,118.74666666666668,L36 + redOR + small500 + stronger reflection + root,Original photo,well,735.1776
0670_13102025_Day6_Wh_PFD1000_P12_y0-x1_B0000456,batch2L,13102025,Day6,Wh,PFD1000,P12_y0-x1,batch2L_P12_y0-x1,B0000456.jpg,142.84777777777776,L36 + redOR + small500 + stronger reflection + root,Original photo,well,862.3616
0671_13102025_Day7_Wh_PFD1000_P12_y0-x1_B0000460,batch2L,13102025,Day7,Wh,PFD1000,P12_y0-x1,batch2L_P12_y0-x1,B0000460.jpg,166.71305555555554,L36 + redOR + small500 + stronger reflection + root,Original photo,well,959.064
0672_13102025_Day0_Wh_PFD1000_P12_y1-x2_B0000401,batch2L,13102025,Day0,Wh,PFD1000,P12_y1-x2,batch2L_P12_y1-x2,B0000401.jpg,0.0222222222222222,L36 + small200 + crescent,Original photo,well,86.624
0673_13102025_Day1_Wh_PFD1000_P12_y1-x2_B0000424,batch2L,13102025,Day1,Wh,PFD1000,P12_y1-x2,batch2L_P12_y1-x2,B0000424.jpg,26.189722222222223,L36 + small200 + crescent,Original photo,well,152.68
0674_13102025_Day2_Wh_PFD1000_P12_y1-x2_B0000428,batch2L,13102025,Day2,Wh,PFD1000,P12_y1-x2,batch2L_P12_y1-x2,B0000428.jpg,46.86,L36 + small200 + crescent,Original photo,well,203.8752
0675_13102025_Day3_Wh_PFD1000_P12_y1-x2_B0000436,batch2L,13102025,Day3,Wh,PFD1000,P12_y1-x2,batch2L_P12_y1-x2,B0000436.jpg,70.7911111111111,L36 + small200 + crescent,Original photo,well,308.8096
0676_13102025_Day4_Wh_PFD1000_P12_y1-x2_B0000444,batch2L,13102025,Day4,Wh,PFD1000,P12_y1-x2,batch2L_P12_y1-x2,B0000444.jpg,94.76444444444444,L36 + small200 + crescent,Original photo,well,449.3392
0677_13102025_Day5_Wh_PFD1000_P12_y1-x2_B0000452,batch2L,13102025,Day5,Wh,PFD1000,P12_y1-x2,batch2L_P12_y1-x2,B0000452.jpg,118.74666666666668,L36 + small200 + crescent,Original photo,well,634.6912
0678_13102025_Day6_Wh_PFD1000_P12_y1-x2_B0000456,batch2L,13102025,Day6,Wh,PFD1000,P12_y1-x2,batch2L_P12_y1-x2,B0000456.jpg,142.84777777777776,L36 + small200 + crescent,Original photo,well,808.2256
0679_13102025_Day7_Wh_PFD1000_P12_y1-x2_B0000460,batch2L,13102025,Day7,Wh,PFD1000,P12_y1-x2,batch2L_P12_y1-x2,B0000460.jpg,166.71305555555554,L36 + small200 + crescent,Original photo,well,915.8992
0680_27102025_Day0_Wh_PFD1000_P32_y0-x0_B0000550,batch4L,27102025,Day0,Wh,PFD1000,P32_y0-x0,batch4L_P32_y0-x0,B0000550.jpg,0.0138888888888888,L36 + small200 + crescent,Original photo,well,133.8464
0681_27102025_Day1_Wh_PFD1000_P32_y0-x0_B0000558,batch4L,27102025,Day1,Wh,PFD1000,P32_y0-x0,batch4L_P32_y0-x0,B0000558.jpg,23.065277777777776,L36 + small200 + crescent,Original photo,well,215.7632
0682_27102025_Day2_Wh_PFD1000_P32_y0-x0_B0000566,batch4L,27102025,Day2,Wh,PFD1000,P32_y0-x0,batch4L_P32_y0-x0,B0000566.jpg,46.96305555555556,L36 + small200 + crescent,Original photo,well,305.04
0683_27102025_Day3_Wh_PFD1000_P32_y0-x0_B0000574,batch4L,27102025,Day3,Wh,PFD1000,P32_y0-x0,batch4L_P32_y0-x0,B0000574.jpg,71.55166666666666,L36 + small200 + crescent,Original photo,well,434.4144
0684_27102025_Day4_Wh_PFD1000_P32_y0-x0_B0000582,batch4L,27102025,Day4,Wh,PFD1000,P32_y0-x0,batch4L_P32_y0-x0,B0000582.jpg,94.88305555555556,L36 + small200 + crescent,Original photo,well,592.5216
0685_27102025_Day5_Wh_PFD1000_P32_y0-x0_B0000590,batch4L,27102025,Day5,Wh,PFD1000,P32_y0-x0,batch4L_P32_y0-x0,B0000590.jpg,119.07888888888888,L36 + small200 + crescent,Original photo,well,806.7312
0686_27102025_Day6_Wh_PFD1000_P32_y0-x0_B0000598,batch4L,27102025,Day6,Wh,PFD1000,P32_y0-x0,batch4L_P32_y0-x0,B0000598.jpg,142.82111111111112,L36 + small200 + crescent,Original photo,image,821.64
0687_27102025_Day7_Wh_PFD1000_P32_y0-x0_B0000606,batch4L,27102025,Day7,Wh,PFD1000,P32_y0-x0,batch4L_P32_y0-x0,B0000606.jpg,166.90944444444443,Main current,Original photo,image,804.0352
0688_27102025_Day0_Wh_PFD1000_P32_y1-x1_B0000550,batch4L,27102025,Day0,Wh,PFD1000,P32_y1-x1,batch4L_P32_y1-x1,B0000550.jpg,0.0138888888888888,L36 only,Original photo,well,124.2592
0689_27102025_Day1_Wh_PFD1000_P32_y1-x1_B0000558,batch4L,27102025,Day1,Wh,PFD1000,P32_y1-x1,batch4L_P32_y1-x1,B0000558.jpg,23.065277777777776,L36 only,Original photo,well,176.56
0690_27102025_Day2_Wh_PFD1000_P32_y1-x1_B0000566,batch4L,27102025,Day2,Wh,PFD1000,P32_y1-x1,batch4L_P32_y1-x1,B0000566.jpg,46.96305555555556,L36 only,Original photo,well,262.5136
0691_27102025_Day3_Wh_PFD1000_P32_y1-x1_B0000574,batch4L,27102025,Day3,Wh,PFD1000,P32_y1-x1,batch4L_P32_y1-x1,B0000574.jpg,71.55166666666666,L36 only,Original photo,well,359.0448
0692_27102025_Day4_Wh_PFD1000_P32_y1-x1_B0000582,batch4L,27102025,Day4,Wh,PFD1000,P32_y1-x1,batch4L_P32_y1-x1,B0000582.jpg,94.88305555555556,L36 only,Original photo,well,494.5696
0693_27102025_Day5_Wh_PFD1000_P32_y1-x1_B0000590,batch4L,27102025,Day5,Wh,PFD1000,P32_y1-x1,batch4L_P32_y1-x1,B0000590.jpg,119.07888888888888,L36 only,Original photo,well,668.4832
0694_27102025_Day6_Wh_PFD1000_P32_y1-x1_B0000598,batch4L,27102025,Day6,Wh,PFD1000,P32_y1-x1,batch4L_P32_y1-x1,B0000598.jpg,142.82111111111112,L36 only,Original photo,well,787.1904
0695_27102025_Day7_Wh_PFD1000_P32_y1-x1_B0000606,batch4L,27102025,Day7,Wh,PFD1000,P32_y1-x1,batch4L_P32_y1-x1,B0000606.jpg,166.90944444444443,Main current,Original photo,image,801.568
0696_03112025_Day0_Wh_PFD1000_P44_y0-x0_B0000621,batch5L,03112025,Day0,Wh,PFD1000,P44_y0-x0,batch5L_P44_y0-x0,B0000621.jpg,0.0563888888888888,L36 only,Original photo,well,144.7568
0697_03112025_Day1_Wh_PFD1000_P44_y0-x0_B0000633,batch5L,03112025,Day1,Wh,PFD1000,P44_y0-x0,batch5L_P44_y0-x0,B0000633.jpg,23.029444444444444,L36 only,Original photo,well,232.064
0698_03112025_Day2_Wh_PFD1000_P44_y0-x0_B0000645,batch5L,03112025,Day2,Wh,PFD1000,P44_y0-x0,batch5L_P44_y0-x0,B0000645.jpg,47.02222222222223,L36 only,Original photo,well,318.8864
0699_03112025_Day3_Wh_PFD1000_P44_y0-x0_B0000657,batch5L,03112025,Day3,Wh,PFD1000,P44_y0-x0,batch5L_P44_y0-x0,B0000657.jpg,70.88833333333334,L36 only,Original photo,well,414.4752
0700_03112025_Day4_Wh_PFD1000_P44_y0-x0_B0000669,batch5L,03112025,Day4,Wh,PFD1000,P44_y0-x0,batch5L_P44_y0-x0,B0000669.jpg,94.99416666666669,L36 only,Original photo,well,556.1072
0701_03112025_Day5_Wh_PFD1000_P44_y0-x0_B0000681,batch5L,03112025,Day5,Wh,PFD1000,P44_y0-x0,batch5L_P44_y0-x0,B0000681.jpg,118.84027777777776,L36 only,Original photo,well,746.6816
0702_03112025_Day6_Wh_PFD1000_P44_y0-x0_B0000693,batch5L,03112025,Day6,Wh,PFD1000,P44_y0-x0,batch5L_P44_y0-x0,B0000693.jpg,142.68972222222223,L36 only,Original photo,well,858.8912
0703_03112025_Day7_Wh_PFD1000_P44_y0-x0_B0000705,batch5L,03112025,Day7,Wh,PFD1000,P44_y0-x0,batch5L_P44_y0-x0,B0000705.jpg,166.88583333333332,L36 only,Original photo,well,867.2624
0704_03112025_Day0_Wh_PFD1000_P44_y0-x2_B0000621,batch5L,03112025,Day0,Wh,PFD1000,P44_y0-x2,batch5L_P44_y0-x2,B0000621.jpg,0.0563888888888888,L36 only,Original photo,well,113.5248
0705_03112025_Day1_Wh_PFD1000_P44_y0-x2_B0000633,batch5L,03112025,Day1,Wh,PFD1000,P44_y0-x2,batch5L_P44_y0-x2,B0000633.jpg,23.029444444444444,L36 only,Original photo,well,197.424
0706_03112025_Day2_Wh_PFD1000_P44_y0-x2_B0000645,batch5L,03112025,Day2,Wh,PFD1000,P44_y0-x2,batch5L_P44_y0-x2,B0000645.jpg,47.02222222222223,L36 only,Original photo,well,246.2944
0707_03112025_Day3_Wh_PFD1000_P44_y0-x2_B0000657,batch5L,03112025,Day3,Wh,PFD1000,P44_y0-x2,batch5L_P44_y0-x2,B0000657.jpg,70.88833333333334,L36 only,Original photo,well,303.0192
0708_03112025_Day4_Wh_PFD1000_P44_y0-x2_B0000669,batch5L,03112025,Day4,Wh,PFD1000,P44_y0-x2,batch5L_P44_y0-x2,B0000669.jpg,94.99416666666669,L36 only,Original photo,well,410.9136
0709_03112025_Day5_Wh_PFD1000_P44_y0-x2_B0000681,batch5L,03112025,Day5,Wh,PFD1000,P44_y0-x2,batch5L_P44_y0-x2,B0000681.jpg,118.84027777777776,L36 only,Original photo,well,520.9008
0710_03112025_Day6_Wh_PFD1000_P44_y0-x2_B0000693,batch5L,03112025,Day6,Wh,PFD1000,P44_y0-x2,batch5L_P44_y0-x2,B0000693.jpg,142.68972222222223,L36 only,Original photo,well,655.4864
0711_03112025_Day7_Wh_PFD1000_P44_y0-x2_B0000705,batch5L,03112025,Day7,Wh,PFD1000,P44_y0-x2,batch5L_P44_y0-x2,B0000705.jpg,166.88583333333332,L36 + small500 + stronger reflection + root,Original photo,image,739.2544
0712_03112025_Day0_Wh_PFD1000_P44_y1-x1_B0000621,batch5L,03112025,Day0,Wh,PFD1000,P44_y1-x1,batch5L_P44_y1-x1,B0000621.jpg,0.0563888888888888,L36 only,Original photo,well,144.56
0713_03112025_Day1_Wh_PFD1000_P44_y1-x1_B0000633,batch5L,03112025,Day1,Wh,PFD1000,P44_y1-x1,batch5L_P44_y1-x1,B0000633.jpg,23.029444444444444,L36 only,Original photo,well,215.3248
0714_03112025_Day2_Wh_PFD1000_P44_y1-x1_B0000645,batch5L,03112025,Day2,Wh,PFD1000,P44_y1-x1,batch5L_P44_y1-x1,B0000645.jpg,47.02222222222223,L36 only,Original photo,well,306.4192
0715_03112025_Day3_Wh_PFD1000_P44_y1-x1_B0000657,batch5L,03112025,Day3,Wh,PFD1000,P44_y1-x1,batch5L_P44_y1-x1,B0000657.jpg,70.88833333333334,L36 only,Original photo,well,387.112
0716_03112025_Day4_Wh_PFD1000_P44_y1-x1_B0000669,batch5L,03112025,Day4,Wh,PFD1000,P44_y1-x1,batch5L_P44_y1-x1,B0000669.jpg,94.99416666666669,L36 only,Original photo,well,552.2832
0717_03112025_Day5_Wh_PFD1000_P44_y1-x1_B0000681,batch5L,03112025,Day5,Wh,PFD1000,P44_y1-x1,batch5L_P44_y1-x1,B0000681.jpg,118.84027777777776,L36 only,Original photo,well,719.2576
0718_03112025_Day6_Wh_PFD1000_P44_y1-x1_B0000693,batch5L,03112025,Day6,Wh,PFD1000,P44_y1-x1,batch5L_P44_y1-x1,B0000693.jpg,142.68972222222223,L36 only,Original photo,well,850.0496
0719_03112025_Day7_Wh_PFD1000_P44_y1-x1_B0000705,batch5L,03112025,Day7,Wh,PFD1000,P44_y1-x1,batch5L_P44_y1-x1,B0000705.jpg,166.88583333333332,L36 only,Original photo,well,932.3104
