Platform,MS,Ion,Metabolite,log2LL_mean_Sp,log2HL_mean_Sp,log2FC_Sp,log2LL_mean_Wa,log2HL_mean_Wa,log2FC_Wa,p_interaction,FDR,sig_class
CE-TOF MS,CE-TOF MS,Cation,T-001_Ala,1.5676525470561344,2.2184203533034004,0.6507678062472659,0.7184967326424712,1.4282023603442977,0.7097056277018265,0.8535855419820846,0.8807914556707566,Not significant
CE-TOF MS,CE-TOF MS,Cation,T-002_Arg,-3.705196347068578,-4.479374399936473,-0.7741780528678954,-3.444612608473656,-3.9482951240832382,-0.5036825156095821,0.2044550495807638,0.3152015347703442,Not significant
CE-TOF MS,CE-TOF MS,Cation,T-003_Asn,2.315001855345018,2.260867423637622,-0.05413443170739596,1.3567181710060507,-1.0612969965217538,-2.4180151675278045,5.7208405621878e-5,2.9106646042034034e-4,Sp > Wa
CE-TOF MS,CE-TOF MS,Cation,T-004_Asp,1.8874010284361757,1.2904478590180328,-0.5969531694181429,1.5134710742439876,1.0830707311495829,-0.4304003430944048,0.26636304268927524,0.3769837598717065,Not significant
CE-TOF MS,CE-TOF MS,Cation,T-005_Cys,-8.887946235898497,-7.30599702811047,1.5819492077880266,-7.562438507134679,-5.688870657016065,1.8735678501186142,0.3851912876440974,0.5169147331596955,Not significant
CE-TOF MS,CE-TOF MS,Cation,T-006_Glu,3.0033857173547003,3.118511351867892,0.11512563451319169,2.4902083666798247,2.35610545257198,-0.13410291410784492,0.01596096387126639,0.03690972895230353,Sp > Wa
CE-TOF MS,CE-TOF MS,Cation,T-007_Gln,3.2230390271269465,3.1569731666687098,-0.0660658604582367,0.728641128269766,-0.6737349698370363,-1.4023760981068023,0.011445865776535172,0.02878135180701563,Sp > Wa
CE-TOF MS,CE-TOF MS,Cation,T-008_Gly,-3.624816158117096,-2.113798820631033,1.511017337486063,-4.308683474492865,0.05014127316439356,4.358824747657258,3.368814161145819e-8,3.3558571836029503e-7,Wa > Sp
CE-TOF MS,CE-TOF MS,Cation,T-009_His,-2.1913886438767305,-2.306463599124204,-0.11507495524747346,-3.964905883950597,-3.6964298918294,0.2684759921211972,0.07860079401866306,0.1394356551426968,Not significant
CE-TOF MS,CE-TOF MS,Cation,T-010_Ile,-0.6795693548204905,-0.36135641061619383,0.3182129442042967,-1.4125999438623094,-1.057471817463763,0.3551281263985464,0.8216366255177482,0.8638849054584927,Not significant
CE-TOF MS,CE-TOF MS,Cation,T-011_Leu,-0.3626324832183352,-0.019943222510193842,0.3426892607081413,-0.4636645288938393,-0.23957162463252346,0.22409290426131584,0.5717368932707312,0.6792653915464192,Not significant
CE-TOF MS,CE-TOF MS,Cation,T-012_Lys,-3.6060138216590314,-3.7425937669264076,-0.13657994526737616,-3.1602878327087494,-2.9955641586397976,0.16472367406895172,0.2791008464087867,0.39286477836888994,Not significant
CE-TOF MS,CE-TOF MS,Cation,T-013_Met,-3.289652974473869,-2.8095263308343434,0.4801266436395255,-3.7153021327877602,-3.474218556772652,0.24108357601510821,0.056760660780266314,0.1073066506721823,Not significant
CE-TOF MS,CE-TOF MS,Cation,T-014_Phe,-1.239339519608272,-0.1213782671815558,1.1179612524267162,-2.112696200494126,-1.9423426688839436,0.1703535316101823,3.1881353774139555e-7,2.5803970710944204e-6,Sp > Wa
CE-TOF MS,CE-TOF MS,Cation,T-015_Pro,-1.3254715277374765,-0.7191415162620902,0.6063300114753862,-1.6367111744490435,-1.4384670579748395,0.19824411647420392,1.1037739118494018e-4,4.928921433948191e-4,Sp > Wa
CE-TOF MS,CE-TOF MS,Cation,T-016_Ser,0.8502849088688141,1.3526930451744843,0.5024081363056702,0.026873299687344282,1.0801820669818798,1.0533087672945356,0.011054817967517528,0.02834849359987168,Wa > Sp
CE-TOF MS,CE-TOF MS,Cation,T-017_Thr,-0.4213355324690782,-0.3063073437988913,0.11502818867018688,-1.010272733097686,-0.6487007829051382,0.36157195019254773,0.0010087616887568488,0.003579031197096217,Wa > Sp
CE-TOF MS,CE-TOF MS,Cation,T-018_Trp,-2.8447776008706964,-1.7286851310029112,1.1160924698677852,-3.748760897055955,-3.2044333539124366,0.5443275431435186,0.001377710344303121,0.004648536157279563,Sp > Wa
CE-TOF MS,CE-TOF MS,Cation,T-019_Tyr,-3.369041891375313,-2.914316114123636,0.45472577725167707,-3.6802413701871215,-3.8214422059847313,-0.14120083579760978,0.0025946316819925497,0.0079899243680494,Sp > Wa
CE-TOF MS,CE-TOF MS,Cation,T-020_Val,0.49800379525592237,1.048026887748789,0.5500230924928666,-0.4349015054058802,-0.22144435344901983,0.21345715195686035,0.0118188495610038,0.02943348111826908,Sp > Wa
CE-TOF MS,CE-TOF MS,Anion,T-021_G6P;T-022_F6P;T-206_M6P *,-1.2029728599074958,-1.005129179812787,0.19784368009470876,-1.6648066115149367,-1.1075104489520222,0.5572961625629145,0.01364932888059546,0.03335071867994551,Wa > Sp
CE-TOF MS,CE-TOF MS,Anion,T-025_DHAP,-5.91391957985363,-5.521934680086441,0.39198489976718864,-6.135143386066973,-6.59624961708406,-0.46110623101708637,1.2532048106141233e-4,5.409667432484299e-4,Sp > Wa
CE-TOF MS,CE-TOF MS,Anion,T-027_3PG;T-028_2PG *,-5.433196829782188,-5.433196829782188,0,-3.7491397044173578,-5.433196829782188,-1.6840571253648307,2.030998684482883e-17,2.6301432964053336e-15,Sp > Wa
CE-TOF MS,CE-TOF MS,Anion,T-029_PEP,-5.362741861389603,-6.149897157395087,-0.7871552960054844,-4.607182563589354,-5.496577052173068,-0.8893944885837142,0.5508049416206886,0.663527813394225,Not significant
CE-TOF MS,CE-TOF MS,Anion,T-030_Pyruvate,-4.30434672700255,-3.6010050574496986,0.7033416695528518,-5.597639583408741,-5.22170924682988,0.3759303365788611,0.07379202217068369,0.13272315098754914,Not significant
CE-TOF MS,CE-TOF MS,Anion,T-033_Citrate,1.7864318837628872,2.129604112580085,0.34317222881719767,0.40353981028477537,2.5161857389623346,2.1126459286775594,8.927907466881514e-11,1.5415520226148747e-9,Wa > Sp
CE-TOF MS,CE-TOF MS,Anion,T-034_cis-Aconitate;T-162_trans-Aconitate *,-10.484750283660171,-11.813374985484606,-1.3286247018244346,-11.478413683047686,-9.90746362507145,1.5709500579762352,6.687122825935286e-4,0.0025100939303148388,Wa > Sp
CE-TOF MS,CE-TOF MS,Anion,T-035_Isocitrate,-4.982315457965527,-5.226384267299715,-0.2440688093341885,-6.15570489933654,-4.011710411501274,2.1439944878352666,9.041082251824769e-9,1.1150668110583882e-7,Wa > Sp
CE-TOF MS,CE-TOF MS,Anion,T-038_Succinate,-0.9191739251325554,-0.4809343253152545,0.4382395998173009,-2.9633517950757033,-1.8206392644676226,1.1427125306080808,2.4186381655636393e-4,9.787926326265354e-4,Wa > Sp
CE-TOF MS,CE-TOF MS,Anion,T-039_Fumarate,-4.30380263201452,-4.210811939353387,0.09299069266113325,-6.874864298158913,-5.92840432936332,0.946459968795593,2.8960123247154867e-6,1.8294321758568565e-5,Wa > Sp
CE-TOF MS,CE-TOF MS,Anion,T-040_Malate,3.2732152885797516,4.30423362685342,1.0310183382736682,1.401816968532637,3.356135886776372,1.954318918243735,0.002027804178539553,0.006483966447428942,Wa > Sp
CE-TOF MS,CE-TOF MS,Anion,T-041_6P-gluconate,-8.890480876198362,-8.34837519367004,0.5421056825283213,-8.500054736570027,-8.03505257128579,0.4650021652842362,0.7872011912057698,0.8355947070585834,Not significant
CE-TOF MS,CE-TOF MS,Anion,T-042_Ribu5P;T-043_Rib5P;T-354_X5P *,-4.886392900849496,-4.366167608092072,0.5202252927574245,-5.445912932795485,-4.997194019015469,0.4487189137800165,0.5968800777723291,0.6901425899242555,Not significant
CE-TOF MS,CE-TOF MS,Cation,T-045_Adenine,-5.6868543285112025,-6.241205656827919,-0.5543513283167165,-7.7103606735216434,-8.212770096981986,-0.5024094234603425,0.8312098593006686,0.8672008176620776,Not significant
CE-TOF MS,CE-TOF MS,Cation,T-046_Adenosine,-2.9126167595728893,-3.208900363162156,-0.29628360358926686,-6.183358265412675,-6.56865560238268,-0.38529733697000523,0.6937457734743827,0.7744834281459704,Not significant
CE-TOF MS,CE-TOF MS,Anion,T-047_AMP,-5.189062670564213,-5.684817973278856,-0.4957553027146435,-5.004479060949392,-5.863337354140477,-0.8588582931910853,0.10754136162553254,0.18324482013824295,Not significant
CE-TOF MS,CE-TOF MS,Anion,T-048+_ADP[M-2H],-8.363667824830417,-8.219174837992886,0.14449298683753042,-8.738486624414463,-7.4880852956724535,1.2504013287420097,5.179302994606942e-7,4.064968107888479e-6,Wa > Sp
CE-TOF MS,CE-TOF MS,Anion,T-048_ADP,-9.315619474802538,-9.207038485386896,0.10858098941564265,-9.658941670566538,-8.473440691474602,1.1855009790919357,1.7681429229978403e-6,1.1448725426411015e-5,Wa > Sp
CE-TOF MS,CE-TOF MS,Anion,T-049+_ATP[M-2H],-10.102716345325037,-9.671380425004834,0.43133592032020296,-12.191966831076904,-9.784469784742713,2.407497046334191,9.251404415050155e-8,8.874495346288853e-7,Wa > Sp
CE-TOF MS,CE-TOF MS,Cation,T-050_Cytidine,-6.959553836905972,-6.656997120719281,0.30255671618669044,-9.162057629922407,-8.234312474087645,0.9277451558347618,0.06384882619857397,0.11738503544844425,Not significant
CE-TOF MS,CE-TOF MS,Anion,T-051_CMP,-7.746849016180002,-8.255994862741156,-0.5091458465611538,-8.321220716564742,-8.306206897914578,0.015013818650164268,0.015615498971877544,0.03654584098878472,Wa > Sp
CE-TOF MS,CE-TOF MS,Anion,T-054_cCMP,-8.981758634186328,-8.981758634186328,0,-7.311097611985639,-6.463848538265689,0.8472490737199498,1.9400558690451263e-7,1.7326705864920266e-6,Wa > Sp
CE-TOF MS,CE-TOF MS,Cation,T-055_Guanine,-6.192849679991897,-6.366341027128576,-0.1734913471366788,-8.011311728803472,-8.8756575742864,-0.8643458454829283,0.005362743416199406,0.015097288530387458,Sp > Wa
CE-TOF MS,CE-TOF MS,Cation,T-056_Guanosine,-5.697522207116122,-5.3901077960169035,0.3074144110992183,-6.73243367972653,-6.417664629837131,0.31476904988939847,0.9760869905592341,0.9798702734683784,Not significant
CE-TOF MS,CE-TOF MS,Anion,T-060_NAD,-8.588431027580903,-8.68989146946157,-0.10146044188066661,-8.746173573029266,-8.42150574940474,0.32466782362452484,0.0036723757114702545,0.010932704704262022,Wa > Sp
CE-TOF MS,CE-TOF MS,Anion,T-062_NADP,-11.21974189415781,-11.20484963011483,0.014892264042979164,-10.692616455123801,-11.476336885696485,-0.7837204305726839,0.244153576559842,0.35340433324574483,Not significant
CE-TOF MS,CE-TOF MS,Cation,T-065_GSH,-2.5489199940400296,-1.3213501646690604,1.2275698293709691,-1.977597684393566,-1.3689261882774046,0.6086714961161614,0.038744820087638736,0.07901502679290104,Not significant
CE-TOF MS,CE-TOF MS,Cation,T-073_GalN;T-074_GlcN *,-8.445695752425655,-7.506877046097799,0.9388187063278561,-11.164350776844064,-9.391275770535424,1.7730750063086393,0.4210754866577383,0.5480329198208754,Not significant
CE-TOF MS,CE-TOF MS,Anion,T-077_GlcNAc;T-556_GalNAc *,-11.857126510550382,-12.2102649793407,-0.35313846879031807,-12.211269995934481,-12.170183405016104,0.0410865909183773,0.5847317264783102,0.6867924058809446,Not significant
CE-TOF MS,CE-TOF MS,Cation,T-079_b-Ala,-3.8116560777034847,-2.59787469647275,1.2137813812307345,-5.053904412902614,-3.4262907197318384,1.6276136931707752,0.0395400262306392,0.080006771826059,Not significant
CE-TOF MS,CE-TOF MS,Cation,T-080_GABA,0.11415721364437272,0.4177871952080289,0.3036299815636562,-1.4288524622515408,-2.4582962091182163,-1.0294437468666755,6.562025808653807e-5,3.268393623925646e-4,Sp > Wa
CE-TOF MS,CE-TOF MS,Cation,T-083_Citrulline,-2.699013867731112,-2.1162688398191922,0.58274502791192,-4.992701269233854,-2.7346637552872743,2.25803751394658,1.678902269691737e-5,9.251823145748081e-5,Wa > Sp
CE-TOF MS,CE-TOF MS,Cation,T-085_HomoSer,-4.172858378103967,-3.223979677403947,0.9488787007000203,-6.082424606230055,-4.835574987773509,1.2468496184565465,0.5445103505015336,0.6590101905602673,Not significant
CE-TOF MS,CE-TOF MS,Cation,T-086_HydroxyPro,-7.3090088444747305,-6.9765389972346705,0.33246984724006,-3.944018218133417,-4.713457630818274,-0.7694394126848572,7.411246293407172e-11,1.371080564280327e-9,Sp > Wa
CE-TOF MS,CE-TOF MS,Cation,T-087_Ornithine,-6.637457349344682,-6.547342538831205,0.09011481051347658,-6.237424318369709,-6.799901457520235,-0.5624771391505261,0.2566521567758727,0.36523576156566506,Not significant
CE-TOF MS,CE-TOF MS,Cation,T-088_Putrescine,-4.483386696522587,-4.741029265228197,-0.2576425687056103,-4.087505499489689,-3.6411274761742365,0.4463780233154524,7.934667446067558e-7,6.044349613327934e-6,Wa > Sp
CE-TOF MS,CE-TOF MS,Cation,T-089_Spermidine,-8.37310441400436,-7.174673794925171,1.198430619079188,-7.084374549097252,-3.600543524368945,3.4838310247283064,4.4625485647488714e-11,8.890769832845828e-10,Wa > Sp
CE-TOF MS,CE-TOF MS,Cation,T-090_Tyramine,-2.542254640163853,-2.485110904281322,0.057143735882530855,-7.862722485630252,-7.905240807693417,-0.04251832206316486,0.7858742340696508,0.8355947070585834,Not significant
CE-TOF MS,CE-TOF MS,Anion,T-091_G1P;T-205_Gal1P;T-505_Inositol1P;T-508_Man1P *,-2.8338987504404023,-2.586941338141365,0.24695741229903723,-3.101475654029905,-2.6580497040371704,0.44342594999273466,0.06147258039629326,0.11454243397582702,Not significant
CE-TOF MS,CE-TOF MS,Anion,T-092_Gly3P,-5.512613535751658,-5.474844720712103,0.03776881503955476,-6.4085675872107535,-6.290963850534866,0.1176037366758873,0.40616934054142484,0.5339992852803505,Not significant
CE-TOF MS,CE-TOF MS,Anion,T-095_GlcN6P,-9.183013671334962,-7.389277373486793,1.7937362978481683,-11.275730199435296,-11.275730199435296,0,2.715066713220581e-8,2.930009494683877e-7,Sp > Wa
CE-TOF MS,CE-TOF MS,Anion,T-096_Gluconate,-3.160984473707937,-2.0853062917312837,1.0756781819766532,-4.099216715128268,-3.544326499339251,0.5548902157890168,4.175715594462706e-9,5.4075516948292035e-8,Sp > Wa
CE-TOF MS,CE-TOF MS,Anion,T-099_Lactate,-4.070148863454887,-3.8308685504097384,0.2392803130451484,-4.137866724612049,-4.166033624145323,-0.028166899533273337,0.11938809732851823,0.20078907277978067,Not significant
CE-TOF MS,CE-TOF MS,Anion,T-100_Galacturonate;T-183_Glucuronate *,-5.220996647220608,-4.5481334706595735,0.6728631765610347,-6.549469291621672,-5.870091616735144,0.6793776748865277,0.9415430475433899,0.9576709136078256,Not significant
CE-TOF MS,CE-TOF MS,Anion,T-106_Shikimate,-4.264121281578304,-3.0859598935527965,1.1781613880255075,-4.608472579242395,-3.664937963710592,0.9435346155318034,0.003410702235353463,0.010271766034378453,Sp > Wa
CE-TOF MS,CE-TOF MS,Anion,T-111_Quinate,-0.004910405263084067,1.0478192468101115,1.0527296520731957,-4.87665676681916,-4.777475332765049,0.09918143405411062,3.352951928069365e-6,2.019568719465036e-5,Sp > Wa
CE-TOF MS,CE-TOF MS,Anion,T-114_2-Hydroxyisobutyrate;T-470_2-Hydroxybutyrate *,-11.186003811939665,-9.812545211407636,1.3734586005320288,-11.45650030377323,-10.681566179495567,0.7749341242776637,0.42611082674368683,0.5518135206330744,Not significant
CE-TOF MS,CE-TOF MS,Anion,T-116_Acrylate,-7.302595314612331,-6.7194341421545385,0.5831611724577925,-11.075714317846735,-9.912395488945807,1.1633188289009286,0.3394534987091482,0.4676513625833478,Not significant
CE-TOF MS,CE-TOF MS,Anion,T-118_Glutarate,-6.8932736348818056,-6.818818124095397,0.07445551078640822,-6.89427849513893,-7.021610422388581,-0.12733192724965114,0.0917016233332432,0.16047784083317562,Not significant
CE-TOF MS,CE-TOF MS,Anion,T-119_Malonate,-2.432506352698139,-2.038046142099462,0.3944602105986772,-2.598841543429227,-1.6903906557077009,0.9084508877215263,1.1839360368835753e-4,5.197278534794e-4,Wa > Sp
CE-TOF MS,CE-TOF MS,Anion,T-122_Phenylpyruvate,-6.41866997644273,-5.23265795786986,1.1860120185728693,-7.457057473002003,-6.591174834667604,0.8658826383343987,0.2860322973577424,0.4004452163008393,Not significant
CE-TOF MS,CE-TOF MS,Cation,T-128_Tryptamine,-6.642024259262113,-7.002219149197205,-0.36019488993509174,-8.820146606013655,-8.820146606013655,0,0.03740806296714931,0.07750950646793338,Not significant
CE-TOF MS,CE-TOF MS,Cation,T-130_Agmatine,-9.64381011176388,-9.69213737502236,-0.04832726325848036,-7.731529513273548,-4.4845788078482585,3.2469507054252897,3.08593866731024e-12,9.990726435416902e-11,Wa > Sp
CE-TOF MS,CE-TOF MS,Cation,T-132_Betaine,-6.439626441932458,-7.5451499151901125,-1.1055234732576542,-8.366417687749161,-8.366417687749161,0,0.05314896958749663,0.10121752296442373,Not significant
CE-TOF MS,CE-TOF MS,Cation,T-134_SAM[M]+,-8.874530139702426,-8.926435712790585,-0.051905573088159684,-8.739723665615774,-8.63368008803886,0.10604357757691396,0.1589574203965965,0.2557141110727857,Not significant
CE-TOF MS,CE-TOF MS,Cation,T-135_Pyridoxamine,-5.970071815909998,-6.308677438597902,-0.3386056226879042,-6.0127914234164574,-6.78096055887739,-0.7681691354609326,0.0018009723315111957,0.005830647923267496,Sp > Wa
CE-TOF MS,CE-TOF MS,Anion,T-137_UDP-Glc;T-198_UDP-Gal *,-5.940567477928104,-5.938743453815979,0.001824024112124789,-5.987837158280421,-5.460097671063943,0.5277394872164773,1.1255960582188947e-6,8.098038307741493e-6,Wa > Sp
CE-TOF MS,CE-TOF MS,Anion,T-138_Chlorogenate,1.3831323395386568,1.4577614546406599,0.0746291151020031,-0.3291170236854875,-0.3291170236854875,0,0.22995782078241764,0.33840383853776235,Not significant
CE-TOF MS,CE-TOF MS,Anion,T-139_Pantothenate,-5.759322498382289,-5.799658471404226,-0.04033597302193659,-6.817088447388249,-6.459439900556921,0.35764854683132796,2.3679253929537557e-4,9.734804393254328e-4,Wa > Sp
CE-TOF MS,CE-TOF MS,Cation,T-141_Nicotinate,-9.215212415199739,-8.482357779126115,0.7328546360736237,-8.87243706784046,-10.166420959247047,-1.2939838914065867,3.185943235949522e-8,3.3006371924437046e-7,Sp > Wa
CE-TOF MS,CE-TOF MS,Cation,T-142_Cytosine,-8.214757805803481,-8.03509303844705,0.17966476735643155,-9.581235575745197,-9.936562897154555,-0.35532732140935863,0.007936894571630238,0.020976078510737056,Sp > Wa
CE-TOF MS,CE-TOF MS,Anion,T-150_UMP,-7.6385992209829485,-7.6385992209829485,0,-5.82645132146573,-5.545079577951226,0.2813717435145042,0.015662503280907736,0.03654584098878472,Wa > Sp
CE-TOF MS,CE-TOF MS,Anion,T-154_IAA,-11.043670295200096,-9.525899721778064,1.5177705734220321,-11.698682409042949,-11.698682409042949,0,0.0486467767575041,0.09543148766704869,Not significant
CE-TOF MS,CE-TOF MS,Anion,"T-159_Mevalonolactone[Scission, +H2O];T-640_Mevalonate *",-6.621339290322164,-6.769976188126738,-0.14863689780457356,-7.322115028640116,-7.545328563618071,-0.2232135349779547,0.646556580469039,0.7371178881919334,Not significant
CE-TOF MS,CE-TOF MS,Anion,T-161_Citramalate,-3.1144223636527215,-2.8593562769328886,0.2550660867198329,-6.418006028719228,-4.7430146437147025,1.6749913850045255,1.635350280290784e-11,3.8505065690483007e-10,Wa > Sp
CE-TOF MS,CE-TOF MS,Anion,"T-164_2,6-Diaminopimelate",-8.50588265580106,-8.511424561501196,-0.00554190570013624,-10.483196005439824,-10.179098593993269,0.30409741144655555,0.5113184108193275,0.6246767377462539,Not significant
CE-TOF MS,CE-TOF MS,Cation,T-165_O-AcetylSer,-3.7045037405459738,-3.8275595642167617,-0.12305582367078793,-6.160699889800768,-5.6396963122504795,0.5210035775502888,0.1354590548609508,0.22346430069418,Not significant
CE-TOF MS,CE-TOF MS,Cation,T-168_Cystathionine,-7.911570237819543,-7.404180880654562,0.507389357164981,-9.544816888698838,-9.227824388554607,0.31699250014423086,0.7296528215035303,0.8041705564655929,Not significant
CE-TOF MS,CE-TOF MS,Cation,T-174_Deoxycytidine,-11.777571271923339,-11.438077342521357,0.3394939294019821,-12.157984256804658,-11.391728352561577,0.7662559042430814,0.5798752257017035,0.6857885089348913,Not significant
CE-TOF MS,CE-TOF MS,Cation,T-175_Deoxyguanosine,-8.935721415624698,-9.777487448362468,-0.8417660327377696,-9.531036996281056,-9.891328317090343,-0.36029132080928683,0.10729716021852696,0.18324482013824295,Not significant
CE-TOF MS,CE-TOF MS,Anion,T-184_Glycerate,-0.07970629343500993,0.6997155300017239,0.7794218234367338,-3.526983752764924,-2.7382618275989157,0.7887219251660085,0.9593556160124775,0.9705980646376238,Not significant
CE-TOF MS,CE-TOF MS,Cation,T-185_Histamine,-8.31723872418697,-8.779159193482522,-0.46192046929555275,-10.63314623213623,-10.63314623213623,0,0.004505360916014636,0.013111106485930231,Wa > Sp
CE-TOF MS,CE-TOF MS,Cation,T-186_Histidinol,-7.318494407305931,-6.909148407923525,0.40934599938240535,-7.265222167671228,-6.56868453113088,0.6965376365403477,0.05132494913533041,0.09920270019440727,Not significant
CE-TOF MS,CE-TOF MS,Cation,T-188_Hypoxanthine,-8.450253023633223,-8.208344147631225,0.2419088760019985,-10.29952670163604,-10.29952670163604,0,0.1745615624914536,0.27400875566840294,Not significant
CE-TOF MS,CE-TOF MS,Cation,T-191_N-Acetylornithine,-5.847005378570914,-5.5648706399070536,0.28213473866386085,-7.550613213765601,-7.171888356756396,0.378724857009205,0.764221151723203,0.8274100682145088,Not significant
CE-TOF MS,CE-TOF MS,Anion,T-192_N-AcetylGlu,-5.4150511914707735,-5.4077617073991275,0.00728948407164598,-7.394946010009819,-7.682960777148534,-0.28801476713871565,0.3915862679762453,0.5201068892607565,Not significant
CE-TOF MS,CE-TOF MS,Cation,T-195_Pyridoxal,-6.771896215690378,-6.589230555538711,0.18266566015166763,-7.412289654762528,-7.720699351280978,-0.3084096965184502,1.0147452748946237e-4,4.6108601087317116e-4,Sp > Wa
CE-TOF MS,CE-TOF MS,Cation,T-197_Pyridoxine;T-261_Dopamine;T-416_N-Acetylhistamine;T-553_4-Deoxypyridoxine *,-6.621718296657362,-5.934552045722874,0.6871662509344878,-8.291635981075029,-7.9550355550043115,0.33660042607071716,0.03527662667555482,0.07428167730868859,Not significant
CE-TOF MS,CE-TOF MS,Anion,T-200_Xanthine;T-428_Hydroxyphenylacetate *,-11.04945136478521,-9.647960660473874,1.4014907043113354,-11.679409236885279,-9.871718720355267,1.8076905165300126,0.5550244624291832,0.66442329489886,Not significant
CE-TOF MS,CE-TOF MS,Anion,T-202_XMP,-8.456135815582437,-8.456135815582437,0,-6.528225626448312,-5.958985737172637,0.5692398892756749,0.04898244421801115,0.09543148766704869,Not significant
CE-TOF MS,CE-TOF MS,Cation,T-203_Choline[M]+,1.845591332721574,1.7753414851393712,-0.07024984758220287,1.4714155315233588,1.649024257713903,0.17760872619054413,0.08873136743960297,0.15633621882215762,Not significant
CE-TOF MS,CE-TOF MS,Anion,T-209_Arginosuccinate,-9.152691061604806,-9.205437285125962,-0.05274622352115621,-8.611188868864058,-7.522763512908402,1.088425355955656,8.596548750861204e-4,0.0031807230378186457,Wa > Sp
CE-TOF MS,CE-TOF MS,Cation,T-212_Pyridoxamine5P,-7.0456444369093445,-7.130002367050597,-0.0843579301412527,-7.194642924121196,-7.691087406060611,-0.49644448193941493,2.5679920425199183e-4,0.001023246060019475,Sp > Wa
CE-TOF MS,CE-TOF MS,Anion,T-214_Shikimate3P_1 **,-9.961596773099872,-9.495174684863448,0.46642208823642406,-10.44090094677452,-10.116926732363593,0.3239742144109261,0.7682979128831264,0.8274100682145088,Not significant
CE-TOF MS,CE-TOF MS,Anion,T-214_Shikimate3P_2 **,-10.065311459714566,-9.754792739919809,0.3105187197947572,-11.86464253550604,-11.86464253550604,0,0.0059784959843854875,0.016129483957873347,Sp > Wa
CE-TOF MS,CE-TOF MS,Anion,T-218_Homogentisate_1 **,-9.66107411758654,-8.730908940544575,0.9301651770419657,-10.089502433606947,-8.772661088486473,1.3168413451204746,0.22283385737178468,0.33304538509022275,Not significant
CE-TOF MS,CE-TOF MS,Anion,T-218_Homogentisate_2 **,-8.924730648224255,-8.619025033128416,0.3057056150958388,-8.870431325294732,-9.14229984083407,-0.2718685155393388,5.296764643093968e-4,0.0020475552874049817,Sp > Wa
CE-TOF MS,CE-TOF MS,Anion,T-218_Homogentisate_3 **,-8.23841707025683,-7.450026987334909,0.7883900829219206,-10.126685735241681,-10.126685735241681,0,1.427492509222682e-5,8.037403475840752e-5,Sp > Wa
CE-TOF MS,CE-TOF MS,Anion,T-218_Homogentisate_4 **,-8.484245396769172,-8.384699896959473,0.09954549980969851,-8.458887409451119,-8.672311237467794,-0.21342382801667448,0.03016265508846081,0.06456303857777976,Not significant
CE-TOF MS,CE-TOF MS,Cation,T-221_Cystine,-12.082129063051275,-10.77768568895872,1.3044433740925552,-9.34369674033969,-7.294548148197086,2.049148592142603,0.22839784486184472,0.3380288103955302,Not significant
CE-TOF MS,CE-TOF MS,Cation,T-227_HomoPhe,-6.935417727652686,-6.241332906282193,0.6940848213704927,-10.37722530366141,-10.37722530366141,0,0.402593410366588,0.5319984351272771,Not significant
CE-TOF MS,CE-TOF MS,Cation,T-228_HomoPro,-6.298714044221075,-6.6359691929534925,-0.33725514873241735,-7.842729766608843,-8.09119627814891,-0.24846651154006683,0.5865645439770532,0.6867924058809446,Not significant
CE-TOF MS,CE-TOF MS,Cation,T-231_HomoTyr,-7.734447177109205,-7.2345438159111906,0.4999033611980144,-9.495003802330242,-9.495003802330242,0,1.435907489712472e-4,6.096721964516888e-4,Sp > Wa
CE-TOF MS,CE-TOF MS,Cation,T-256_IsoAsn,-7.289796867148737,-6.975401095816745,0.31439577133199137,-8.903629525978289,-8.796879825071585,0.10674970090670399,0.7282367076386939,0.8041705564655929,Not significant
CE-TOF MS,CE-TOF MS,Anion,T-257_N-AcetylSer,-6.723594024190517,-7.17034491665553,-0.44675089246501276,-9.532497153643956,-8.688472223194454,0.8440249304495016,9.222769221023025e-4,0.003317635039229116,Wa > Sp
CE-TOF MS,CE-TOF MS,Cation,T-259_Serotonin,-7.6600662684836776,-7.966239047753885,-0.3061727792702076,-9.620010393850203,-9.620010393850203,0,0.007542414037799517,0.020139023049382213,Wa > Sp
CE-TOF MS,CE-TOF MS,Cation,T-262_Noradrenaline,-10.394852189725066,-8.986050387823113,1.4088018019019533,-10.394852189725066,-10.394852189725066,0,0.0011567765905454355,0.004048718066909024,Sp > Wa
CE-TOF MS,CE-TOF MS,Anion,T-267_5-OxoPro,-4.9680857516097285,-4.1401988232619225,0.8278869283478061,-6.493565891383447,-6.352178284485194,0.14138760689825336,0.05227333358466561,0.10028735850687699,Not significant
CE-TOF MS,CE-TOF MS,Anion,T-268_Sinapate,-8.108368498025747,-5.637878470138427,2.4704900278873207,-9.868710890893572,-9.868710890893572,0,2.3542390656954116e-11,5.08123265012593e-10,Sp > Wa
CE-TOF MS,CE-TOF MS,Anion,T-269_Raffinose,-9.243566367575983,-8.202834962150822,1.040731405425161,-9.550727043774877,-8.128360471190952,1.4223665725839254,0.1648042035187327,0.26186680191013356,Not significant
CE-TOF MS,CE-TOF MS,Anion,T-270_S6P,-8.64161583103472,-8.4642774161635,0.1773384148712207,-9.095967703816925,-8.810071861713734,0.28589584210319074,0.6889614033007272,0.7744834281459704,Not significant
CE-TOF MS,CE-TOF MS,Anion,T-271_b-CyanoAla,-11.03238991711626,-9.326624595476417,1.7057653216398432,-11.03238991711626,-11.03238991711626,0,0.0016172099152651088,0.005369966257098246,Sp > Wa
CE-TOF MS,CE-TOF MS,Anion,T-272_Allantoate,-2.9619546551336335,-5.768277812499472,-2.806323157365838,-7.798729951703518,-10.110349465024155,-2.311619513320638,0.22337342902406765,0.33304538509022275,Not significant
CE-TOF MS,CE-TOF MS,Cation,T-275_Saccharopine;T-509_Glu-Glu *,-7.600393223916117,-8.719422256938273,-1.119029033022156,-8.910600601758222,-8.920775186135788,-0.01017458437756602,0.03712187076370611,0.07750950646793338,Not significant
CE-TOF MS,CE-TOF MS,Cation,T-276_2-Aminoadipate,-7.035989646986757,-6.862781909429231,0.17320773755752672,-8.567654815728439,-9.396707748325113,-0.8290529325966745,0.012161816630719755,0.02999914768910873,Sp > Wa
CE-TOF MS,CE-TOF MS,Cation,T-277_SAH,-9.576035599404092,-9.1156978986704,0.4603377007336924,-11.869967565285554,-10.303293148159893,1.566674417125661,0.004107057116013775,0.012087815830085996,Wa > Sp
CE-TOF MS,CE-TOF MS,Cation,T-289_Stachydrine,-9.939707555837405,-10.801368701928382,-0.8616611460909773,-10.801368701928382,-10.801368701928382,0,0.14176252623238877,0.23238287527967527,Not significant
CE-TOF MS,CE-TOF MS,Anion,T-290_3-Dehydroshikimate,-8.331766346087115,-7.557896395951923,0.7738699501351913,-9.01082887899483,-7.824061149012139,1.1867677299826918,0.005255076695853953,0.014956756749738174,Wa > Sp
CE-TOF MS,CE-TOF MS,Cation,T-291_Thiamine[M]+,-8.261262183237047,-9.2814974818825835,-1.0202352986455363,-9.332139461325331,-10.781421517795067,-1.4492820564697357,0.4399958360029471,0.566959808580912,Not significant
CE-TOF MS,CE-TOF MS,Anion,T-293_Riboflavin,-12.274770594607206,-12.591763094751437,-0.31699250014423086,-12.591763094751437,-12.591763094751437,0,0.3321949846529828,0.46009893596322216,Not significant
CE-TOF MS,CE-TOF MS,Cation,T-295_Isobutylamine,-3.8068498489279126,-3.79901752813321,0.007832320794702419,-3.594083357385101,-3.5386057934120565,0.055477563973044486,0.6919941417795226,0.7744834281459704,Not significant
CE-TOF MS,CE-TOF MS,Cation,T-297_2-Aminobutyrate;T-540_2-Aminoisobutyrate *,-4.516285822864842,-4.291698743933126,0.22458707893171592,-4.872836125726892,-4.656934888566633,0.2159012371602591,0.9640646166215319,0.9715670649999095,Not significant
CE-TOF MS,CE-TOF MS,Cation,T-298_DimethylGly,-7.356759101118988,-6.655334470753528,0.7014246303654605,-10.462750076029856,-9.47617187404044,0.9865782019894151,0.4937555399607272,0.6118788748795614,Not significant
CE-TOF MS,CE-TOF MS,Cation,T-299_Diethanolamine,-6.56070370058952,-6.372416248470859,0.1882874521186606,-7.054890589296358,-7.268583969343489,-0.2136933800471308,0.0059364896488837025,0.016129483957873347,Sp > Wa
CE-TOF MS,CE-TOF MS,Cation,T-302_Pipecolate,-4.6145363350452016,-4.36779148772148,0.24674484732372193,-2.0848424838562427,-2.9510439764350878,-0.866201492578845,2.3978212708784143e-8,2.700155257206562e-7,Sp > Wa
CE-TOF MS,CE-TOF MS,Cation,T-303_Urocanate,-8.578877250113793,-8.129588295164291,0.44928895494950183,-8.342182805537268,-8.895869750258024,-0.5536869447207557,0.22374477608377902,0.33304538509022275,Not significant
CE-TOF MS,CE-TOF MS,Cation,T-305_3-MethylHis,-7.045521671216472,-7.126744215129223,-0.08122254391275163,-8.187628365666868,-8.718605812554621,-0.5309774468877535,2.1400887038287327e-4,8.940047972445835e-4,Sp > Wa
CE-TOF MS,CE-TOF MS,Cation,T-306+_GSSG[M+2H],-3.124270321378473,-2.550367186716374,0.5739031346620989,-3.7166929688501518,-2.701472284985442,1.01522068386471,0.2207237003102353,0.33304538509022275,Not significant
CE-TOF MS,CE-TOF MS,Cation,T-306_GSSG,-7.8072025001453484,-6.7019932387947,1.1052092613506481,-8.509343501831363,-7.301180806108856,1.2081626957225078,0.7645484931790633,0.8274100682145088,Not significant
CE-TOF MS,CE-TOF MS,Cation,T-307_3-Aminopropanediol,-8.692687365561978,-8.36506857748582,0.3276187880761583,-8.895199425326346,-8.998848388853327,-0.10364896352698061,0.01915384045051221,0.04313777979724054,Sp > Wa
CE-TOF MS,CE-TOF MS,Cation,T-310_Nicotinamide;T-311_Isonicotinamide *,-5.467803873388607,-5.597059860774892,-0.1292559873862853,-5.531154659363606,-6.0249324630853724,-0.49377780372176616,0.011417528757988933,0.02878135180701563,Sp > Wa
CE-TOF MS,CE-TOF MS,Cation,T-313_Octylamine_1 **,-11.313478611205133,-11.313478611205133,0,-8.796800312595707,-9.644506714108823,-0.8477064015131166,4.939420945427009e-6,2.8429111663679898e-5,Sp > Wa
CE-TOF MS,CE-TOF MS,Cation,T-313_Octylamine_2 **,-6.855648344543298,-6.728805864640836,0.12684247990246256,-6.704913936230365,-6.834386767916373,-0.12947283168600787,0.3697443129279857,0.501381031666745,Not significant
CE-TOF MS,CE-TOF MS,Cation,T-314_Triethanolamine,-8.572639950202143,-8.109973582017764,0.46266636818437945,-8.966974310481259,-9.041991403369302,-0.07501709288804292,0.4534908173156126,0.5785917324371609,Not significant
CE-TOF MS,CE-TOF MS,Cation,T-316_Methylthioadenosine,-11.913134442126024,-11.876581132283746,0.03655330984227767,-11.90962328116971,-11.543244031374112,0.36637924979559777,0.6488914228098872,0.7371178881919334,Not significant
CE-TOF MS,CE-TOF MS,Anion,T-318_4-Oxovalerate,-8.167815800814573,-8.357063205818717,-0.18924740500414394,-8.422766167228708,-8.41575785064447,0.007008316584238727,0.07728812575109338,0.13805258323815991,Not significant
CE-TOF MS,CE-TOF MS,Anion,T-319_Benzoate,-2.0919446036821427,-7.4927451601596715,-5.400800556477529,-2.160424087738924,-2.386249011138322,-0.22582492339939808,1.3706520367555931e-11,3.549988775196986e-10,Wa > Sp
CE-TOF MS,CE-TOF MS,Anion,T-322_3-Ureidopropionate,-9.381947123043236,-9.094373459018191,0.2875736640250448,-9.69564555598101,-7.511573203348391,2.1840723526326187,1.9785071067423584e-5,1.0675694596797308e-4,Wa > Sp
CE-TOF MS,CE-TOF MS,Anion,T-323_HMG,-3.4219436057176846,-4.308981437575579,-0.887037831857894,-8.257878765968428,-6.9771943021534755,1.2806844638149526,3.5701954476436263e-6,2.1015468657720438e-5,Wa > Sp
CE-TOF MS,CE-TOF MS,Anion,T-325_2-Isopropylmalate;T-656_3-Isopropylmalate *,-0.9889915787937181,8.264427733060852e-4,0.9898180215670243,-6.777371316191925,-3.748047907316256,3.0293234088756686,1.3622715993740861e-8,1.6037652010813105e-7,Wa > Sp
CE-TOF MS,CE-TOF MS,Anion,T-326_Chelidonate,-2.863836645812205,-4.299987449768373,-1.4361508039561683,-12.068562946477254,-12.118617140020335,-0.05005419354308138,0.014371012258717163,0.03478590817764248,Wa > Sp
CE-TOF MS,CE-TOF MS,Cation,T-332_g-Guanidinobutyrate,-6.352202750483736,-6.194874455313462,0.1573282951702737,-6.970011641762544,-6.476391754581134,0.4936198871814099,8.926748637769109e-4,0.0032563773199749285,Wa > Sp
CE-TOF MS,CE-TOF MS,Anion,T-333_3-Hydroxypropionate,-5.8930612457567575,-5.583093601089182,0.30996764466757565,-7.574125430710651,-5.926599763030203,1.6475256676804477,1.8849837830427883e-13,9.764215996161642e-12,Wa > Sp
CE-TOF MS,CE-TOF MS,Anion,T-337_Mucic acid,-8.099563400743639,-8.240882376128866,-0.14131897538522686,-10.494752005923928,-11.239418607164538,-0.7446666012406098,0.4086066930642581,0.5344905732507215,Not significant
CE-TOF MS,CE-TOF MS,Anion,T-339_PhenylacetylGly,-3.7043032729506327,-2.683781497475458,1.0205217754751748,-10.098399376389713,-8.369087056961803,1.72931231942791,1.4723837691907446e-6,9.778138364625715e-6,Wa > Sp
CE-TOF MS,CE-TOF MS,Anion,T-346_5-Amino-4-oxovalerate;T-391_N-Acetyl-b-Ala *,-8.336317777249361,-8.517600444952798,-0.18128266770343693,-9.857105192764815,-9.537091763936505,0.3200134288283092,0.0016908479945131043,0.005543413045302456,Wa > Sp
CE-TOF MS,CE-TOF MS,Anion,T-347_GlcNAc6P;T-560_GalNAc6P *,-7.539414899434472,-7.521571707193096,0.01784319224137576,-7.924644659602786,-8.284524852192638,-0.35988019258985116,6.9024758542112e-5,3.3730966910201895e-4,Sp > Wa
CE-TOF MS,CE-TOF MS,Anion,T-348_S7P,-4.494357861601154,-3.888564321021453,0.6057935405797008,-5.560707253249398,-4.220791775648804,1.3399154776005942,0.005604401957325938,0.015607958139219549,Wa > Sp
CE-TOF MS,CE-TOF MS,Anion,"T-349_T6P;T-496_L1P;T-497_Suc6'P_1 *,**",-10.299825811094953,-8.909022015908738,1.3908037951862156,-12.17785039105801,-10.093235069923702,2.084615321134308,0.008581856206988417,0.022451522804141415,Wa > Sp
CE-TOF MS,CE-TOF MS,Anion,"T-349_T6P;T-496_L1P;T-497_Suc6'P_2 *,**",-10.560260882644199,-9.775172484621187,0.7850883980230119,-12.416274792521987,-9.572350752920645,2.843924039601342,4.0354297138652375e-12,1.1613069954345517e-10,Wa > Sp
CE-TOF MS,CE-TOF MS,Cation,T-351_N8-Acetylspermidine,-9.84355126227691,-9.848177615302964,-0.00462635302605463,-6.731743503134346,-6.755019647754524,-0.02327614462017724,0.7630039828826612,0.8274100682145088,Not significant
CE-TOF MS,CE-TOF MS,Anion,T-352_4-Oxohexanoate,-6.463045623993534,-6.420816976967988,0.04222864702554663,-6.6221478276236825,-6.746058210947682,-0.12391038332399962,0.15685991901894422,0.25391699391191597,Not significant
CE-TOF MS,CE-TOF MS,Cation,T-355_1-Methyladenosine,-8.036007495531774,-7.501884660387507,0.5341228351442666,-8.563567305518877,-7.983782406978295,0.5797848985405816,0.8337181606094877,0.8672008176620776,Not significant
CE-TOF MS,CE-TOF MS,Cation,T-359_Dimethylbenzimidazole,-9.043422599434082,-8.882495293634827,0.1609273057992553,-10.900369140955128,-9.081563472487133,1.818805668467995,4.1516618957924126e-13,1.5361149014431927e-11,Wa > Sp
CE-TOF MS,CE-TOF MS,Cation,T-360_5-Aminopentanoate,-5.404264262407968,-5.231816335774896,0.17244792663307162,-5.240479340530586,-5.456931446005876,-0.21645210547529015,0.24424469363315957,0.35340433324574483,Not significant
CE-TOF MS,CE-TOF MS,Cation,T-362_5-MethylTHF,-11.189830260422085,-9.394441345651156,1.7953889147709283,-11.189830260422085,-11.189830260422085,0,1.3260696853691267e-14,8.586301212765096e-13,Sp > Wa
CE-TOF MS,CE-TOF MS,Cation,T-364_Castanospermine,-7.775729045960848,-7.577592564163019,0.19813648179782906,-7.62723688451653,-7.809875941836559,-0.18263905732002872,0.03461164463603632,0.07347881935027381,Not significant
CE-TOF MS,CE-TOF MS,Cation,T-365_CysSG,-9.083941132245318,-8.031181960486135,1.0527591717591829,-7.967233877764829,-6.176488459704201,1.7907454180606281,0.001318659273341324,0.004553770023938706,Wa > Sp
CE-TOF MS,CE-TOF MS,Cation,T-366_GPC[M]+,-5.428433695276201,-5.363803349786453,0.06463034548974811,-5.266669219154968,-5.141136881983436,0.12553233717153223,0.641727402049113,0.7354309607553994,Not significant
CE-TOF MS,CE-TOF MS,Cation,T-367_Gly-Leu,-6.108512126930535,-6.14633515593146,-0.0378230290009256,-6.776189290358745,-6.8396061999841775,-0.0634169096254329,0.8461855503272525,0.8766482301390336,Not significant
CE-TOF MS,CE-TOF MS,Cation,T-371_Isopropanolamine,-9.530883133249436,-9.241651441299783,0.28923169194965226,-9.192286917147072,-9.465002529371434,-0.2727156122243617,0.001381997235947978,0.004648536157279563,Sp > Wa
CE-TOF MS,CE-TOF MS,Cation,T-372_N6-AcetylLys,-6.981497147306258,-6.893315004797208,0.08818214250904965,-7.616957620096034,-7.27697907419546,0.33997854590057397,0.06454961980070197,0.11773486991818176,Not significant
CE-TOF MS,CE-TOF MS,Cation,T-373_N6-Methyl-2'-deoxyadenosine,-11.110842282974835,-10.484532792245684,0.6263094907291507,-12.248577495853674,-11.148936682397222,1.0996408134564515,0.48294410759905404,0.6013582878276683,Not significant
CE-TOF MS,CE-TOF MS,Cation,T-374_N-Acetylputrescine,-5.281352474684965,-5.033074396946127,0.24827807773883848,-4.361438105684537,-5.044241486449543,-0.682803380765006,4.787343728327879e-10,7.749512660230754e-9,Sp > Wa
CE-TOF MS,CE-TOF MS,Cation,T-375_Ophthalmate,-8.567187662109509,-8.438895347065511,0.12829231504399807,-8.697781338958778,-8.9662592098949645,-0.26847787093618614,0.2561057683236711,0.36523576156566506,Not significant
CE-TOF MS,CE-TOF MS,Cation,T-378_TMANO,-6.834318400883378,-7.012770600313295,-0.17845219942991708,-7.958788164092541,-8.316110665741968,-0.3573225016494277,0.1735543856484605,0.27400875566840294,Not significant
CE-TOF MS,CE-TOF MS,Cation,T-379_Trimethylsulfonium[M]+,-6.971064419133625,-6.272331475407385,0.69873294372624,-7.925446357176704,-6.835806058030976,1.089640299145728,0.027547503668353415,0.05995633151347508,Not significant
CE-TOF MS,CE-TOF MS,Anion,T-380_Gentisate,-9.121204016891511,-10.922742039875969,-1.8015380229844578,-12.354815926983887,-12.037823426839656,0.31699250014423086,0.03848041776027571,0.07901502679290104,Not significant
CE-TOF MS,CE-TOF MS,Anion,T-383_Thiotomin,-9.898663862223385,-7.631506658842593,2.2671572033807923,-11.292477481748515,-10.715205863208892,0.5772716185396227,0.18044611234089358,0.2815394162427195,Not significant
CE-TOF MS,CE-TOF MS,Anion,T-386_Cyclohexane-1-carboxylate,-9.673474933474111,-9.619890792083126,0.053584141390984996,-9.561429105537236,-10.783488041982947,-1.2220589364457108,0.029095831874590604,0.06279850379599139,Not significant
CE-TOF MS,CE-TOF MS,Anion,T-388_PEA,-4.210970468039303,-4.606438674206891,-0.39546820616758804,-4.950793366935753,-5.04819198562055,-0.09739861868479682,0.0490053585317277,0.09543148766704869,Not significant
CE-TOF MS,CE-TOF MS,Anion,T-389_Hexanoate,-6.224707732711321,-6.1193671602630895,0.10534057244823192,-5.863860960557051,-7.175752810406826,-1.3118918498497756,0.024210041242828346,0.05359316822130378,Not significant
CE-TOF MS,CE-TOF MS,Anion,T-393_N-BenzyloxycarbonylGly,-8.683880349673256,-7.72423789557668,0.959642454096576,-9.543008696216315,-8.927989885996126,0.6150188102201888,0.021338032955633968,0.047642677030251705,Sp > Wa
CE-TOF MS,CE-TOF MS,Anion,T-395_Octanoate,-6.075288137091552,-6.27032703152416,-0.19503889443260825,-6.078278393181671,-7.136971588543863,-1.058693195362192,0.16175410697892426,0.2586068747379098,Not significant
CE-TOF MS,CE-TOF MS,Anion,T-398_Phthalate,-10.50272695868691,-10.878350705015595,-0.3756237463286851,-12.488401224370737,-12.019859530450415,0.4685416939203222,0.21337604668362425,0.3270082608938384,Not significant
CE-TOF MS,CE-TOF MS,Anion,T-400_CDP-choline,-10.504447871393454,-12.597603747534231,-2.093155876140777,-12.597603747534231,-12.597603747534231,0,1.4522260798837211e-9,2.2125091452346104e-8,Wa > Sp
CE-TOF MS,CE-TOF MS,Cation,T-401_Hypotaurine,-7.893134997189713,-7.022544069373083,0.8705909278166297,-10.758616085220275,-8.998585188278708,1.7600308969415668,3.5174169678363114e-9,4.794794708787393e-8,Wa > Sp
CE-TOF MS,CE-TOF MS,Cation,T-403_3-Methyladenine,-9.089466621019497,-8.833180594882482,0.25628602613701545,-9.543161876309643,-9.334616786447171,0.2085450898624721,0.7470834829504309,0.8198924664583118,Not significant
CE-TOF MS,CE-TOF MS,Anion,T-410_GA3,-12.507456881351603,-11.16319557004113,1.344261311310472,-9.054717772415966,-8.343161618052157,0.7115561543638087,0.12342871320469903,0.20624539819365836,Not significant
CE-TOF MS,CE-TOF MS,Anion,T-411_(S)-Dihydroorotate_1 **,-7.160975331743062,-6.981104888652286,0.17987044309077582,-8.3839223684783,-8.03431338752008,0.34960898095822124,0.556678976807153,0.66442329489886,Not significant
CE-TOF MS,CE-TOF MS,Anion,T-411_(S)-Dihydroorotate_2 **,-9.787343319992866,-9.529313391632597,0.25802992836026917,-12.247496754393989,-11.930504254249758,0.31699250014423086,0.8693558616843206,0.893504635619996,Not significant
CE-TOF MS,CE-TOF MS,Cation,T-416_N-Acetylhistamine,-7.821490362533688,-7.2349071594769425,0.5865832030567457,-8.462794145348608,-7.639483384007454,0.8233107613411548,0.2403933942243151,0.3517620853338848,Not significant
CE-TOF MS,CE-TOF MS,Anion,T-418_Methionine sulfoxide,-5.578391375625436,-5.284860804021431,0.29353057160400553,-6.699835287552851,-6.487105486536725,0.21272980101612582,0.7933887655001657,0.8387252663858894,Not significant
CE-TOF MS,CE-TOF MS,Anion,T-420_Phenyllactate_1 **,-7.222102157213014,-7.222102157213014,0,-4.492418162897464,-6.905109657068783,-2.4126914941713187,1.3128222407050708e-6,9.189755684935495e-6,Sp > Wa
CE-TOF MS,CE-TOF MS,Anion,T-420_Phenyllactate_2 **,-3.5891889065690985,-3.3536911617400675,0.23549774482903096,-4.85628541210028,-4.203304744967693,0.6529806671325868,0.01460720847618621,0.0350302499567799,Wa > Sp
CE-TOF MS,CE-TOF MS,Anion,T-421_Phenylpropanoate,-2.2468494567158137,-2.083582646877941,0.1632668098378729,-2.3945996677102324,-2.437107164134507,-0.04250749642427465,0.06049495422234644,0.11353763147527339,Not significant
CE-TOF MS,CE-TOF MS,Anion,T-422_Sulfanilic acid,-12.156475355384519,-11.412298982868716,0.7441763725158026,-12.11858045079509,-12.49216151978709,-0.3735810689919994,0.1153131270842976,0.19520326741720967,Not significant
CE-TOF MS,CE-TOF MS,Anion,T-424_Benzamide,-7.794356931069665,-7.493361694034684,0.3009952370349813,-9.656343801963484,-7.683017945601771,1.973325856361713,2.1886576985230684e-7,1.8895411463915823e-6,Wa > Sp
CE-TOF MS,CE-TOF MS,Anion,T-425_Decanoate,-5.720344570865491,-6.09730683918263,-0.37696226831713897,-5.949178501146331,-6.700546857692849,-0.7513683565465179,0.3915443806736003,0.5201068892607565,Not significant
CE-TOF MS,CE-TOF MS,Anion,T-429_Hippurate,-7.706050281257426,-7.514039805578823,0.19201047567860297,-9.422465098893527,-9.422465098893527,0,0.025954385680068283,0.0569676770435397,Not significant
CE-TOF MS,CE-TOF MS,Anion,T-431_Dihydrouracil,-4.285565283622074,-3.7958955657443143,0.48966971787776004,-4.6479253471948265,-3.266595631867468,1.3813297153273587,1.066304588801758e-6,7.890653957133009e-6,Wa > Sp
CE-TOF MS,CE-TOF MS,Anion,T-435_Melilotate,-3.1344643746697827,-2.835286547037168,0.2991778276326147,-2.877047518225578,-3.2974839685803783,-0.42043645035480015,1.3672099757711831e-6,9.318615361177275e-6,Sp > Wa
CE-TOF MS,CE-TOF MS,Cation,"T-436_1,3-Diaminopropane",-4.054927931784251,-4.351013393010446,-0.2960854612261956,-4.64933711896703,-5.34420539936166,-0.6948682803946298,0.015146016132464588,0.03598915759915898,Sp > Wa
CE-TOF MS,CE-TOF MS,Anion,T-437_Barbiturate,-7.323051713520642,-7.168457252217539,0.15459446130310273,-9.97057706697803,-9.314700613693791,0.6558764532842396,0.010070050985557608,0.026081432052594205,Wa > Sp
CE-TOF MS,CE-TOF MS,Anion,T-440_Pimelate,-10.61753496744374,-9.436829434037671,1.1807055334060692,-11.323077168455043,-11.323077168455043,0,0.01620412093897513,0.03714041878933237,Sp > Wa
CE-TOF MS,CE-TOF MS,Anion,T-441_4-Hydroxybenzoate,-9.018672124396534,-7.849740671748352,1.1689314526481827,-6.794193237992456,-5.965551461834353,0.8286417761581033,0.5033807515995854,0.6208362603061554,Not significant
CE-TOF MS,CE-TOF MS,Anion,T-442_Laurate,-4.0816206966803,-4.6462034358581565,-0.5645827391778564,-4.531409448241662,-4.914477798092306,-0.3830683498506442,0.5886792050408096,0.6867924058809446,Not significant
CE-TOF MS,CE-TOF MS,Anion,T-445_Itaconate_1 **,-10.618645917788443,-8.944625386630761,1.674020531157682,-10.618645917788443,-10.618645917788443,0,5.3946707497372337e-17,4.657399080606478e-15,Sp > Wa
CE-TOF MS,CE-TOF MS,Anion,T-445_Itaconate_2 **,-9.115624502149988,-12.077307184906786,-2.9616826827567984,-12.394299685051017,-10.270233972885306,2.124065712165711,4.879528521665284e-5,2.57917936145165e-4,Wa > Sp
CE-TOF MS,CE-TOF MS,Cation,T-446_Piperidine,-8.394231839124027,-8.250162338926229,0.14406950019779785,-8.02232557813922,-8.668261590607216,-0.6459360124679954,9.900347545531516e-5,4.578910739808326e-4,Sp > Wa
CE-TOF MS,CE-TOF MS,Anion,T-452_Isethionate,-11.065618494701958,-10.404387878896344,0.6612306158056143,-12.579498652049717,-12.579498652049717,0,0.5213673020412449,0.6339630574116546,Not significant
CE-TOF MS,CE-TOF MS,Anion,T-465_cAMP,-10.145392099902425,-10.435187099086603,-0.2897949991841777,-10.28009282573662,-10.09800056636029,0.182092259376331,0.04667060272363236,0.09298220081092909,Not significant
CE-TOF MS,CE-TOF MS,Cation,T-467_Tropinone,-7.068655401588725,-7.054714110987365,0.013941290601359846,-9.226609308693359,-9.226609308693359,0,0.942880629227782,0.9576709136078256,Not significant
CE-TOF MS,CE-TOF MS,Cation,T-476_g-Glu-Cys,-5.6834824314529735,-5.195269978419828,0.4882124530331451,-4.880582941787942,-5.474101194721019,-0.5935182529330767,5.7314245102074745e-5,2.9106646042034034e-4,Sp > Wa
CE-TOF MS,CE-TOF MS,Cation,T-482_Ala-Ala,-6.852665491739071,-7.059686152877428,-0.20702066113835738,-7.403373373074835,-7.828534851373915,-0.4251614782990796,0.38072333163246785,0.5135799109000477,Not significant
CE-TOF MS,CE-TOF MS,Cation,T-489_Psychosine,-2.3536619997851833,-1.9713170231693304,0.38234497661585287,-4.058472243215671,-4.058472243215671,0,1.752521633553178e-7,1.6210825110366897e-6,Sp > Wa
CE-TOF MS,CE-TOF MS,Anion,T-491_TDP-glucose,-11.307295831050793,-9.623229478429419,1.6840663526213735,-11.307295831050793,-11.307295831050793,0,1.1552671456522743e-17,2.6301432964053336e-15,Sp > Wa
CE-TOF MS,CE-TOF MS,Cation,T-495_Pyrrolidine,-9.715578837057928,-9.394506439239738,0.32107239781818997,-10.570992253674827,-11.231248502728583,-0.6602562490537558,0.10132939842494978,0.17613633685947647,Not significant
CE-TOF MS,CE-TOF MS,Anion,T-500_Porphobilinogen,-12.294262635641598,-12.294262635641598,0,-10.385839787520478,-10.763589270249406,-0.3777494827289285,0.3577675930811268,0.48938006710096194,Not significant
CE-TOF MS,CE-TOF MS,Cation,T-513_L-Theanin,-9.79550666752772,-9.79550666752772,0,-8.054987609414406,-9.79550666752772,-1.740519058113314,2.3424182274640273e-13,1.0111438681886384e-11,Sp > Wa
CE-TOF MS,CE-TOF MS,Anion,T-515_N-AcetyGly,-7.185939989777397,-7.1150908080412485,0.07084918173614874,-7.250011616929512,-7.234464266691323,0.015547350238188429,0.7699066657903345,0.8274100682145088,Not significant
CE-TOF MS,CE-TOF MS,Anion,T-516_3-Hydroxybutyrate;T-667_3-Hydroxyisobutyrate *,-5.662535959531244,-5.616109885397731,0.04642607413351296,-6.310197548856908,-6.130662081863251,0.17953546699365663,0.3590046824292771,0.48938006710096194,Not significant
CE-TOF MS,CE-TOF MS,Cation,T-517_S-MethylMet,-7.590866391010073,-7.552531582252306,0.03833480875776729,-7.392570723482442,-7.515461698728201,-0.12289097524575876,0.44534771318546695,0.5710151372031482,Not significant
CE-TOF MS,CE-TOF MS,Cation,T-519_beta-NMN,-7.809710873387789,-7.675315266005469,0.13439560738232004,-7.85224852471322,-8.896562511355985,-1.0443139866427646,0.0026221759509042434,0.0079899243680494,Sp > Wa
CE-TOF MS,CE-TOF MS,Cation,T-538_3-Aminoisobutyrate;T-539_3-Aminobutyrate *,-6.252760467191018,-5.771521946164909,0.48123852102610876,-7.13256579607793,-7.040627846227223,0.09193794985070713,0.0020959136172086054,0.0066200198397198635,Sp > Wa
CE-TOF MS,CE-TOF MS,Cation,T-547_Lupinine,-11.144043053037743,-11.144043053037743,0,-9.238076531485564,-8.852721711183126,0.38535482030243884,0.04570850613486419,0.09177134177464981,Not significant
CE-TOF MS,CE-TOF MS,Anion,T-549_Scopoletin,-3.8384694613279926,-2.9449996854710028,0.8934697758569898,-3.091704993497341,-2.628093587314598,0.46361140618274277,0.1441626511617443,0.23483098522573442,Not significant
CE-TOF MS,CE-TOF MS,Cation,T-552_3-[(2-aminoethyl)sulfanyl]propanoate,-9.066360224221516,-8.808015585097841,0.2583446391236741,-10.289030998952686,-10.542289538527141,-0.2532585395744551,0.5072366854771886,0.6226270215099139,Not significant
CE-TOF MS,CE-TOF MS,Cation,T-553_4-Deoxypyridoxine,-1.58109443490019,-1.490947126518941,0.09014730838124918,-7.44211270609166,-6.661395979925181,0.7807167261664789,0.005029933062885887,0.014475029592082718,Wa > Sp
CE-TOF MS,CE-TOF MS,Cation,T-555_Hypusine,-11.729693333752119,-11.371663411900972,0.3580299218511467,-9.655974809262586,-9.452091513710236,0.20388329555234996,0.77698341339555,0.8315648928489565,Not significant
CE-TOF MS,CE-TOF MS,Anion,T-559_GlcNAc1P,-8.686106042585482,-8.50024204835759,0.18586399422789235,-8.28958133630892,-8.662150220153285,-0.37256888384436415,1.8228720855690335e-9,2.6229103897909984e-8,Sp > Wa
CE-TOF MS,CE-TOF MS,Anion,T-579_Zidovudine,-9.945023676430681,-9.62795166103484,0.3170720153958406,-11.897881281453577,-10.604102225103476,1.2937790563501004,0.10231440118058309,0.17666286603847345,Not significant
CE-TOF MS,CE-TOF MS,Cation,T-581_Isocytosine,-10.472451754804508,-9.474158273547772,0.9982934812567361,-11.485984792203796,-9.847525839066437,1.6384589531373592,0.21507298051799817,0.3276700114950678,Not significant
CE-TOF MS,CE-TOF MS,Anion,T-597_Theophylline;T-600_Acetylsalicylate *,-4.986315907903673,-5.143889390639633,-0.15757348273595984,-4.574574279555311,-5.0967598300781125,-0.5221855505228019,3.0570292014511595e-6,1.8851680075615485e-5,Sp > Wa
CE-TOF MS,CE-TOF MS,Anion,T-600_Acetylsalicylate,-2.3663085718972385,-2.176067088555714,0.19024148334152446,-11.065768809236348,-10.748776309092117,0.31699250014423086,0.6987969507772689,0.7767742929240886,Not significant
CE-TOF MS,CE-TOF MS,Cation,T-603_CML,-9.771150733946572,-9.666145165038639,0.10500556890793256,-9.786871903273111,-10.766333872709184,-0.9794619694360733,0.13502111716913048,0.22346430069418,Not significant
CE-TOF MS,CE-TOF MS,Cation,T-606_Fructose-Ala,-11.28031233140921,-10.563502712322313,0.7168096190868969,-11.28031233140921,-9.04279169756422,2.237520633844989,0.06390459458776308,0.11738503544844425,Not significant
CE-TOF MS,CE-TOF MS,Cation,T-608_Fructose-Glu,-9.88987204425643,-9.145545470467697,0.744326573788733,-11.677805509540047,-8.840817995220707,2.8369875143193397,0.017019683021331836,0.03866752546074514,Wa > Sp
CE-TOF MS,CE-TOF MS,Cation,T-609_Fructose-Leu,-12.02909094723359,-10.864864131808774,1.164226815424815,-12.02909094723359,-9.677638673677597,2.351452273555992,0.19912392011264132,0.3088209299950545,Not significant
CE-TOF MS,CE-TOF MS,Cation,T-613_Fructose-Val,-11.018547540802485,-9.72686694801243,1.2916805927900548,-11.018547540802485,-9.143159543788109,1.8753879970143768,0.4664787514336377,0.5922450814770204,Not significant
CE-TOF MS,CE-TOF MS,Anion,T-643_DXP,-9.675364669175883,-12.192692669526974,-2.5173280003510907,-10.286885423763332,-10.434172781752315,-0.14728735798898285,8.537409053697755e-5,4.0947943424217014e-4,Wa > Sp
CE-TOF MS,CE-TOF MS,Anion,T-644_MEP,-9.2404650947584,-8.479214981772595,0.761250112985806,-11.313081114535775,-10.31449071902472,0.9985903955110551,0.6013313506614653,0.6921991992058645,Not significant
CE-TOF MS,CE-TOF MS,Anion,T-648_dGMP,-10.747318163545428,-11.099001396110813,-0.35168323256538514,-12.181301519839224,-10.125520883960464,2.05578063587876,3.7998931478367917e-4,0.0014911701898329228,Wa > Sp
CE-TOF MS,CE-TOF MS,Anion,T-660_Hydantoin,-7.957672123348849,-7.55074853736476,0.40692358598408873,-11.168869288866707,-9.788598225141316,1.3802710637253917,0.06802767596251075,0.12321096555447751,Not significant
CE-TOF MS,CE-TOF MS,Cation,T-676_1-Amino-2-methyl-2-propanol_1 **,-6.472164315746567,-6.791255388036746,-0.3190910722901794,-7.3315320280325285,-8.097496642404638,-0.765964614372109,0.0022709089953556996,0.007086330479483449,Sp > Wa
CE-TOF MS,CE-TOF MS,Cation,T-676_1-Amino-2-methyl-2-propanol_2 **,-6.779754134683824,-6.6551791226413295,0.12457501204249422,-6.326059801520488,-6.682941968072633,-0.3568821665521451,5.408979192908534e-4,0.0020601847220048683,Sp > Wa
CE-TOF MS,CE-TOF MS,Cation,T-677_2-Dimethylaminoethanol,-3.5818616576868196,-3.764113043217277,-0.18225138553045728,-3.9340830138497007,-4.389302256307573,-0.4552192424578725,0.4724794148118203,0.594039652603211,Not significant
CE-TOF MS,CE-TOF MS,Anion,"T-683_3,5-Dihydroxycinnamate",-10.118473145579971,-9.104130505321761,1.01434264025821,-9.38572355996361,-8.895633854061055,0.4900897059025553,0.2532298855807065,0.3643696686966833,Not significant
CE-TOF MS,CE-TOF MS,Anion,"T-684_2,4-Dihydroxycinnamate",-8.130538834573244,-7.933884868021671,0.19665396655157252,-10.016061960705928,-9.646256623888645,0.3698053368172829,0.9031890635210281,0.9246085670037403,Not significant
CE-TOF MS,CE-TOF MS,Anion,T-686_Leucic acid,-9.164939567601008,-9.075666788801342,0.08927277879966589,-10.151690434284486,-9.800098220077027,0.351592214207459,0.6522912310410693,0.7377442307407728,Not significant
CE-TOF MS,CE-TOF MS,Cation,T-687_3-HydroxyVal,-6.687829411370762,-6.4620225233920525,0.22580688797870963,-6.999864395347121,-6.95864951920641,0.041214876140711176,0.00569671959208161,0.015696280578182308,Sp > Wa
CE-TOF MS,CE-TOF MS,Anion,T-688_3-Methyl-2-oxobutanate,-6.800020511818949,-6.569240236790181,0.23078027502876797,-8.859449255527103,-8.556635070862587,0.30281418466451626,0.8238593499932344,0.8638849054584927,Not significant
CE-TOF MS,CE-TOF MS,Cation,T-690_Valinol_1 **,-7.03688566789866,-6.902599654357837,0.13428601354082303,-6.935689888163569,-7.392474229545751,-0.45678434138218194,9.445690431320551e-5,4.4480614940218595e-4,Sp > Wa
CE-TOF MS,CE-TOF MS,Cation,T-690_Valinol_2 **,-6.274550807164199,-6.24155758694593,0.03299322021826878,-6.446114812834084,-6.513233643477546,-0.06711883064346225,0.47022170973075095,0.594039652603211,Not significant
CE-TOF MS,CE-TOF MS,Anion,T-692_Mandelate,-6.464928251296092,-6.360721111193685,0.10420714010240673,-6.57625513216452,-7.0144827508525625,-0.4382276186880425,0.3231067812655517,0.44991750724611773,Not significant
CE-TOF MS,CE-TOF MS,Cation,T-695_beta-ODAP,-7.0157964622566915,-7.124662012894388,-0.1088655506376961,-6.864152481646434,-7.086520822182087,-0.22236834053565335,0.594902917801005,0.6901425899242555,Not significant
CE-TOF MS,CE-TOF MS,Anion,T-696_Threonate,-0.28421966759273243,1.5157516639521444,1.7999713315448769,-2.8613240075741424,-2.0563288421986288,0.8049951653755136,2.281625763211281e-7,1.9062615247474899e-6,Sp > Wa
CE-TOF MS,CE-TOF MS,Anion,T-697_2-Acetoxybutanoate,-8.597109758634433,-8.373598133944931,0.22351162468950214,-8.979667853587841,-8.917903512661418,0.061764340926423245,0.478319446814236,0.5984769890091165,Not significant
CE-TOF MS,CE-TOF MS,Anion,T-698_alpha-keto-beta-methylvaleric acid,-6.689577957805283,-6.289328811229317,0.4002491465759661,-7.565469732531999,-7.165214975988322,0.4002547565436769,0.9999800432301561,0.9999800432301561,Not significant
GC-MS/MS,GC-MS/MS,NA,"1,6-Anhydroglucose-3TMS",0.48256478270375636,0.5265405669228017,0.043975784219045355,0.4674304649451112,0.5038482491119722,0.036417784166861034,0.9180828733387894,0.9520840836065536,Not significant
GC-MS/MS,GC-MS/MS,NA,1-Hexadecanol-TMS,0.38422436858210296,0.6465118364474435,0.2622874678653405,0.5239223969639311,0.44520049944554646,-0.0787218975183846,0.07891590896277333,0.13178956796783145,Not significant
GC-MS/MS,GC-MS/MS,NA,"2,3-diaminopropionic acid-3TMS",0.42861541723773067,0.40359661377231487,-0.025018803465415795,0.4798647569754206,0.5754279028472289,0.09556314587180831,0.06198158287196825,0.10455479130927978,Not significant
GC-MS/MS,GC-MS/MS,NA,2-Aminoethanol-3TMS,0.39512661829233126,0.2615464790148239,-0.13358013927750734,-0.4637203037016514,0.38915961936866966,0.852879923070321,3.6862119646140334e-6,2.2799903632983097e-5,Wa > Sp
GC-MS/MS,GC-MS/MS,NA,2-Aminopimelic acid-3TMS,-0.05427491554872772,-0.1306957348488655,-0.07642081930013779,-0.802369796404014,1.1381725147104034,1.9405423111144173,8.394314605885042e-12,4.915299706303341e-10,Wa > Sp
GC-MS/MS,GC-MS/MS,NA,2-Deoxy-glucose-4TMS(1),0.47287456525153726,0.5390065420601637,0.06613197680862648,0.4501544263725898,0.5064538333427119,0.05629940697012209,0.8855019489920706,0.9359419334283279,Not significant
GC-MS/MS,GC-MS/MS,NA,2-Hydroxyglutaric acid-3TMS,0.21295071631990958,0.17554997085963905,-0.03740074546027053,-0.6077780088224226,-0.3954516221064061,0.2123263867160165,0.38337617579837824,0.5163211399865255,Not significant
GC-MS/MS,GC-MS/MS,NA,2-Isopropylmalic acid-3TMS,0.7691638144884955,0.901532264819136,0.13236845033064049,-6.905911125064019,-2.3978002663054943,4.508110858758525,1.5936042726212216e-4,4.7523555987097143e-4,Wa > Sp
GC-MS/MS,GC-MS/MS,NA,2-Ketoadipic acid-meto-2TMS(1),0.6123770373261578,0.5564714463524655,-0.0559055909736923,0.36267211217687834,0.275097831626017,-0.08757428055086136,0.8747245869243379,0.9304395287666524,Not significant
GC-MS/MS,GC-MS/MS,NA,2-Ketoglutaric acid-meto-2TMS,-0.1697864384793929,0.26680278087271403,0.4365892193521069,-0.845778323200943,0.4913978295689092,1.3371761527698522,6.0952455518290746e-5,2.035812014310911e-4,Wa > Sp
GC-MS/MS,GC-MS/MS,NA,2-Methylhippuric acid-TMS,-1.7055824378973368,-1.1433977005631415,0.5621847373341953,-1.2980442592958192,1.7696469364983891,3.0676911957942083,3.3552611662035256e-7,3.92999624285093e-6,Wa > Sp
GC-MS/MS,GC-MS/MS,NA,2-Propyl-5-hydroxy-pentanoic acid-2TMS,0.46617721494456754,0.39828799236401535,-0.06788922258055219,0.5473439050620165,0.5341036176108793,-0.013240287451137145,0.6581831392926942,0.7686474423907689,Not significant
GC-MS/MS,GC-MS/MS,NA,3-Aminoglutaric acid-2TMS,0.7091901205434086,-0.01727735961152331,-0.7264674801549319,0.2952967906960055,0.46042105509754,0.1651242644015345,4.2833863739343784e-4,0.0011537508458823245,Wa > Sp
GC-MS/MS,GC-MS/MS,NA,3-Aminopropanoic acid-3TMS,-0.2290728279470848,0.5777654550160811,0.806838282963166,-1.3365963027263899,0.752590718971626,2.0891870216980157,3.060029528681902e-5,1.1109237636736471e-4,Wa > Sp
GC-MS/MS,GC-MS/MS,NA,3-Dehydroshikimic acid-meto-3TMS(2),0.20519346170916264,-0.08924004200780535,-0.29443350371696797,-0.5439508090215484,1.1769145641221894,1.7208653731437378,3.359797734634443e-8,8.228129251177192e-7,Wa > Sp
GC-MS/MS,GC-MS/MS,NA,3-Hydroxy-3-methylglutaric acid-3TMS,1.1828212000759948,-1.9605064332904145,-3.1433276333664093,-5.67850993314189,-4.957878830146837,0.7206311029950534,0.038642951764148725,0.06793024152224039,Not significant
GC-MS/MS,GC-MS/MS,NA,3-Hydroxybutyric acid-2TMS,0.45210507694903707,0.5440836669828542,0.09197859003381709,0.34282141355310464,0.5765956116678271,0.2337741981147225,0.5931977010327582,0.7230950078282526,Not significant
GC-MS/MS,GC-MS/MS,NA,3-Hydroxyglutaric acid-3TMS,0.8072386537186289,1.1847659636183723,0.37752730989974337,-4.031875475804906,-1.9783251079878146,2.0535503678170914,0.11991058504541025,0.19071493050079533,Not significant
GC-MS/MS,GC-MS/MS,NA,3-Hydroxyisovaleric acid-2TMS,-0.2215766386589309,0.11918564137535866,0.34076228003428954,0.12548139961307145,0.10343187280246242,-0.022049526810609024,0.299392908457864,0.43477057141272424,Not significant
GC-MS/MS,GC-MS/MS,NA,4-Aminobutyric acid-3TMS,0.7345316377806429,0.5813988269738206,-0.15313281080682228,-0.9695887813669868,-1.3078791773392024,-0.33829039597221566,0.5858768456914684,0.719422303165259,Not significant
GC-MS/MS,GC-MS/MS,NA,4-Hydroxybenzoic acid-2TMS,-0.9331689756685052,-0.6951612442922855,0.23800773137621967,0.3558098263207069,0.6091818096631806,0.2533719833424737,0.9607369819748447,0.964453509445419,Not significant
GC-MS/MS,GC-MS/MS,NA,4-Hydroxyphenylpyruvic acid-meto-2TMS,-1.468940040118411,-0.9079930515373296,0.5609469885810814,-1.19465132570845,1.6792611753773883,2.8739125010858384,6.8657298195395975e-9,2.866442199657782e-7,Wa > Sp
GC-MS/MS,GC-MS/MS,NA,4-Hydroxyproline-3TMS,0.8515285948414282,0.5270508150459435,-0.32447777979548464,-0.6380285809475414,-1.272084438546837,-0.6340558575992956,0.4137310669043003,0.5440400643544736,Not significant
GC-MS/MS,GC-MS/MS,NA,5'-Methylthioadenosine-3TMS,0.2257499718516946,0.35411455834777905,0.12836458649608445,0.5047515126685347,0.4710936267619405,-0.03365788590659419,0.14530455782923266,0.22678374913534444,Not significant
GC-MS/MS,GC-MS/MS,NA,5-Aminovaleric acid-3TMS,0.47083966663447696,0.4536979983490448,-0.017141668285432177,-0.4855926903244616,-0.4396081272798594,0.045984563044602245,0.7598979006472835,0.8574523608655157,Not significant
GC-MS/MS,GC-MS/MS,NA,5-Methoxytryptamine-2TMS,-0.22430954801443298,0.027528935919585974,0.251838483934019,0.410037954144532,0.24877883324786565,-0.16125912089666633,0.4912474025284892,0.6310639709404439,Not significant
GC-MS/MS,GC-MS/MS,NA,5-Oxoproline-2TMS,0.8481178375086573,0.5311281256400162,-0.3169897118686411,-0.7017682624815382,-1.3855163365575658,-0.6837480740760276,0.3228342395754047,0.45305309251338305,Not significant
GC-MS/MS,GC-MS/MS,NA,Acetylglycine-2TMS,0.18508133793061027,0.38433638802195236,0.1992550500913421,-0.7790299685112534,1.2651309834155253,2.044160951926779,7.895072441166533e-5,2.500224331021136e-4,Wa > Sp
GC-MS/MS,GC-MS/MS,NA,Aconitic acid-3TMS,-0.8197285694226663,-0.8096278641278881,0.010100705294778134,-0.26745322976399033,1.2646261713006184,1.5320794010646086,2.7217551690575693e-6,1.818132452930456e-5,Wa > Sp
GC-MS/MS,GC-MS/MS,NA,Adenine-2TMS,-0.24537024658310963,0.28308180235674013,0.5284520489398498,-0.4917359821144328,0.7392183401927188,1.2309543223071517,0.004289958377028767,0.009184910884151333,Wa > Sp
GC-MS/MS,GC-MS/MS,NA,Alanine-2TMS,-0.40843456956211577,1.0310635873244118,1.4394981568865277,-1.6724691674228356,0.7610645556901516,2.433533723112987,0.11040201600537754,0.1772801603163274,Not significant
GC-MS/MS,GC-MS/MS,NA,Allose-meto-5TMS(2),-1.8601495052739865,-1.1959414672747506,0.6642080379992359,-1.312096762457009,1.1322113001885292,2.444308062645538,8.827262398648954e-6,4.467129759316289e-5,Wa > Sp
GC-MS/MS,GC-MS/MS,NA,Arabinose-meto-4TMS,0.6190354115001867,0.8742279249666215,0.2551925134664348,-2.783243572426423,-1.745200503821751,1.0380430686046718,3.705871699953703e-5,1.316767178494188e-4,Wa > Sp
GC-MS/MS,GC-MS/MS,NA,Arabitol-5TMS,0.459275322387852,0.47549149001604796,0.016216167628195943,0.4113494483699913,0.4603099878441187,0.048960539474127374,0.6545367171175615,0.7686474423907689,Not significant
GC-MS/MS,GC-MS/MS,NA,Arginine-3TMS,-0.81966340521073,-0.6130825453313625,0.20658085987936747,-1.132665895095557,1.3779601370961962,2.5106260321917535,2.251536106664637e-5,8.63496323821857e-5,Wa > Sp
GC-MS/MS,GC-MS/MS,NA,Ascorbic acid-4TMS,-0.5016735186034678,0.9683700545521721,1.4700435731556398,-1.1814111678109116,0.9780123572005182,2.1594235250114298,0.015528513347019287,0.029807606079910585,Wa > Sp
GC-MS/MS,GC-MS/MS,NA,Asparagine-3TMS,0.5791806191528431,0.2691721304344171,-0.310008488718426,-0.3451775058128523,-2.6914168258580204,-2.3462393200451683,0.00325426006494769,0.00715080830060874,Sp > Wa
GC-MS/MS,GC-MS/MS,NA,Aspartic acid-3TMS,0.6982603092842443,-0.03735686708804504,-0.7356171763722894,0.30847934558457485,0.46192050628438047,0.15344116069980562,7.512230464857687e-4,0.0019008219509564145,Wa > Sp
GC-MS/MS,GC-MS/MS,NA,Batyl alcohol-2TMS,-1.9264907948404348,0.24164328224696482,2.1681340770874,-2.951433871788784,1.3803195478800956,4.33175341966888,2.7054165609122192e-6,1.818132452930456e-5,Wa > Sp
GC-MS/MS,GC-MS/MS,NA,Biotin-3TMS,0.3295348945089903,-0.4074412534691074,-0.7369761479780977,0.007075699243927069,0.7388923909510354,0.7318166917071084,0.2818671327811082,0.41656470065880596,Not significant
GC-MS/MS,GC-MS/MS,NA,Cadaverine-3TMS,0.5339590462057586,0.5793933416099353,0.04543429540417665,-0.3553873905923282,-0.38082423606910354,-0.025436845476775327,0.707051675588797,0.8143284815402008,Not significant
GC-MS/MS,GC-MS/MS,NA,Citramalic acid-3TMS,-0.032774824504124556,0.6030189197074294,0.635793744211554,-1.4093706944261364,0.4989267152781398,1.9082974097042762,1.2527730361801845e-5,5.8114749178358564e-5,Wa > Sp
GC-MS/MS,GC-MS/MS,NA,Citric acid-4TMS,-0.05654950619510483,-0.11681674448043289,-0.06026723828532806,-0.8092243876639681,1.1455386378190493,1.9547630254830173,8.829879711922169e-12,4.915299706303341e-10,Wa > Sp
GC-MS/MS,GC-MS/MS,NA,Cystamine-nTMS,0.5627722594666794,0.629484026894948,0.06671176742826856,0.6892179656627268,0.5293803874714018,-0.15983757819132494,0.23791777791517504,0.3645162285489379,Not significant
GC-MS/MS,GC-MS/MS,NA,Cysteine-3TMS,0.01566630095870264,1.2789762466669317,1.263309945708229,-1.5552096798485135,-1.0038100921560813,0.5513995876924322,6.770772238142124e-5,2.2170960073916366e-4,Sp > Wa
GC-MS/MS,GC-MS/MS,NA,Dihydroorotic acid-3TMS,-0.050509316744352474,-0.12307783034170235,-0.07256851359734987,-0.7890685317653392,1.1398676501170901,1.9289361818824293,3.1397992228275204e-12,4.915299706303341e-10,Wa > Sp
GC-MS/MS,GC-MS/MS,NA,Docosahexaenoic acid-TMS,0.13965186129334492,0.5130124129299946,0.3733605516366496,-0.6222405163809213,0.38815735930450496,1.0103978756854262,0.001092394079748422,0.002722833004746067,Wa > Sp
GC-MS/MS,GC-MS/MS,NA,Docosapentaenoic acid-TMS,0.09117663469751155,0.6077391140263049,0.5165624793287933,-0.5968740232741265,0.5337034761439439,1.1305774994180704,0.019211155286143335,0.035255636624021286,Wa > Sp
GC-MS/MS,GC-MS/MS,NA,Dopamine-4TMS,0.7564738972070839,0.7551890366226645,-0.001284860584419456,-4.675601646147574,-3.7233117581795168,0.9522898879680572,0.021243986524673554,0.038147803759360034,Wa > Sp
GC-MS/MS,GC-MS/MS,NA,Elaidic acid-TMS,0.6226708031670142,0.6477881223351416,0.025117319168127428,0.6119069602300623,0.6483571994793839,0.03645023924932156,0.8505462146984992,0.9192772133679203,Not significant
GC-MS/MS,GC-MS/MS,NA,Erythrose 4-phosphate-meto-4TMS(2),0.24385053807052767,-0.14205030707218663,-0.3859008451427143,0.12405387592109444,0.25206479548827543,0.12801091956718097,0.4283896809780816,0.5589146619010908,Not significant
GC-MS/MS,GC-MS/MS,NA,Erythrulose-meto-3TMS(1),-0.025622760798422208,0.5069039891943783,0.5325267499928005,-1.3868065320312224,0.4682984018614317,1.8551049338926542,1.0501122573538813e-5,5.010535627945662e-5,Wa > Sp
GC-MS/MS,GC-MS/MS,NA,Fructose 1-phosphate-meto-6TMS(1),0.336937743871622,0.19645294807192432,-0.1404847957996977,0.25338247587216567,0.7067352027688749,0.45335272689670925,2.534261420079787e-4,7.173248426327533e-4,Wa > Sp
GC-MS/MS,GC-MS/MS,NA,Fructose 6-phosphate-meto-6TMS,0.2161109471232349,0.2925957430498639,0.07648479592662902,0.29606991177673664,0.7839974345053928,0.4879275227286562,0.013168634239487876,0.02557712355549481,Wa > Sp
GC-MS/MS,GC-MS/MS,NA,Fructose-meto-5TMS(2),-0.5967571925026582,-0.23221156144556196,0.36454563105709625,-1.001362263519194,0.8908317554752311,1.892194018994425,2.2750801346204617e-5,8.63496323821857e-5,Wa > Sp
GC-MS/MS,GC-MS/MS,NA,Fucose-meto-4TMS(1),0.4969954076233789,0.5654012296508087,0.06840582202742984,0.4841825591498621,0.5179400530969338,0.033757493947071726,0.6524371002563386,0.7686474423907689,Not significant
GC-MS/MS,GC-MS/MS,NA,Fumaric acid-2TMS,0.10831261292774293,-0.16606094089767187,-0.2743735538254148,0.13700629157265562,0.7642484360195256,0.62724214444687,6.613679827711389e-4,0.0017223325321037701,Wa > Sp
GC-MS/MS,GC-MS/MS,NA,Galactitol-6TMS,-1.8661568441652776,-1.1549831794026009,0.7111736647626767,-1.3400953011170589,1.7454397361924434,3.0855350373095023,4.0138091002319005e-7,3.92999624285093e-6,Wa > Sp
GC-MS/MS,GC-MS/MS,NA,Galactosamine-5TMS(1),-0.6163795024869461,-0.19014680886098495,0.4262326936259611,-1.0426629411033308,1.2667450184107352,2.3094079595140657,4.604817965509155e-6,2.7464450008572462e-5,Wa > Sp
GC-MS/MS,GC-MS/MS,NA,Galactose-meto-5TMS(2),-1.8354004284892589,-1.1841284281658209,0.651272000323438,-1.3096433331525084,1.1312607839807238,2.440904117133232,6.929094350018638e-6,3.732770182106814e-5,Wa > Sp
GC-MS/MS,GC-MS/MS,NA,Galacturonic acid-meto-5TMS(1),-1.2439032547982256,-0.81642611417657,0.42747714062165565,0.23510353459838484,0.7674679264662366,0.5323643918678518,0.8532213657007645,0.9192772133679203,Not significant
GC-MS/MS,GC-MS/MS,NA,Gluconic acid-6TMS,0.08218239662027305,0.9477553135503477,0.8655729169300747,-0.04895661116993792,0.33844680590376947,0.3874034170737074,0.003109843398481778,0.006924584633952759,Sp > Wa
GC-MS/MS,GC-MS/MS,NA,"Glucono-1,5-lactone-4TMS",-1.8700591792985384,-1.2146562684674391,0.6554029108310993,-1.3080144774586466,1.1401839839606112,2.448198461419258,7.784039510779285e-6,4.06229561968794e-5,Wa > Sp
GC-MS/MS,GC-MS/MS,NA,Glucosamine-5TMS(1),-2.1922381096362007,-1.1644385401020285,1.0277995695341722,-1.534017706953441,1.7474677715449525,3.281485478498394,0.0015980951766792744,0.003758899922611814,Wa > Sp
GC-MS/MS,GC-MS/MS,NA,Glucose 6-phosphate-meto-6TMS(1),0.3159873945300893,0.18375585889236343,-0.13223153563772586,0.2142461307638132,0.6889340947823491,0.47468796401853597,2.648101349887898e-4,7.370548757187983e-4,Wa > Sp
GC-MS/MS,GC-MS/MS,NA,Glucose-meto-5TMS(2),-1.9016555346236552,-1.21347424210408,0.6881812925195752,-1.3311952139680074,1.1288794847047892,2.4600746986727966,1.334154322768073e-5,6.021723564926167e-5,Wa > Sp
GC-MS/MS,GC-MS/MS,NA,Glutaconic acid-2TMS,0.0017517701420188935,0.5931046533820089,0.59135288323999,-1.3577073962265678,0.5022871912541668,1.8599945874807347,5.2283680138167444e-6,2.924578372133006e-5,Wa > Sp
GC-MS/MS,GC-MS/MS,NA,Glutamic acid 5-methylester-2TMS,0.7172344385634243,0.17089676412102545,-0.5463376744423989,0.35268766041056543,0.5037812012978771,0.15109354088731164,0.0035994876632532537,0.007806681035886927,Wa > Sp
GC-MS/MS,GC-MS/MS,NA,Glutamic acid-3TMS,0.6773301332656396,0.46808591885892326,-0.20924421440671637,0.47371893311117663,0.40366109732680533,-0.0700578357843713,0.3257550672171613,0.45334246854388277,Not significant
GC-MS/MS,GC-MS/MS,NA,Glutamine-4TMS,0.5009783009885527,0.49003041929566815,-0.01094788169288452,0.4703952361889077,0.5036894399330619,0.033294203744154205,0.6123748225120911,0.7410622852139074,Not significant
GC-MS/MS,GC-MS/MS,NA,Glyceric acid-3TMS,0.8178784048487194,0.8672829819387986,0.04940457709007917,-1.9012682669342331,-1.3951487233831192,0.5061195435511139,0.03418155685865596,0.06072680846165474,Not significant
GC-MS/MS,GC-MS/MS,NA,Glycerol 3-phosphate-4TMS,0.6690304229085929,0.5174449210739913,-0.15158550183460162,0.6576897243160966,0.63261436921048,-0.025075355105616648,0.3588194830399716,0.48717767209492074,Not significant
GC-MS/MS,GC-MS/MS,NA,Glycerol-3TMS,-0.2899289114000904,-1.4902908135548494,-1.200361902154759,1.0780633447370491,-0.004798645889335714,-1.0828619906263848,0.5786168236991966,0.719422303165259,Not significant
GC-MS/MS,GC-MS/MS,NA,Glycine-3TMS,-1.30588974842742,-0.8429654424911253,0.46292430593629463,-1.4554542996087874,1.6842633741055444,3.1397176737143315,3.448916452589242e-8,8.228129251177192e-7,Wa > Sp
GC-MS/MS,GC-MS/MS,NA,Glycyl-Glycine-3TMS,-0.49460267296691723,-0.32807197193411447,0.16653070103280276,-0.8790635572121843,1.2307912207569036,2.1098547779690877,4.4119660636503025e-07,3.92999624285093e-6,Wa > Sp
GC-MS/MS,GC-MS/MS,NA,Glyoxylic acid-oxime-2TMS,0.09537799501319082,0.45885918343855964,0.3634811884253688,0.246234689298146,0.2179909611677823,-0.028243728130363688,0.2985890847749363,0.43477057141272424,Not significant
GC-MS/MS,GC-MS/MS,NA,Hippuric acid-TMS,-1.885620165497482,-1.1928417500533113,0.6927784154441707,-1.3438378376165232,1.6644337418585853,3.0082715794751085,2.60958736055937e-7,3.3523160708724216e-6,Wa > Sp
GC-MS/MS,GC-MS/MS,NA,Histidinol-2TMS,-0.4260492775255761,-0.3780934508352877,0.04795582669028836,-0.8749873293025537,1.3381596092891064,2.21314693859166,1.0464757471517661e-7,2.054841616882806e-6,Wa > Sp
GC-MS/MS,GC-MS/MS,NA,Hydroxylamine-3TMS,0.006667113708771916,0.32145468148333717,0.31478756777456524,0.3827867880261432,0.22053756087520973,-0.16224922715093346,0.1603307223124292,0.24791880209421924,Not significant
GC-MS/MS,GC-MS/MS,NA,Hypotaurine-3TMS,0.6873087689790073,0.23343112311307052,-0.45387764586593676,-0.6469151676235724,-1.077014699369014,-0.4300995317454416,0.964453509445419,0.964453509445419,Not significant
GC-MS/MS,GC-MS/MS,NA,Hypoxanthine-2TMS,-0.7098287963434871,-0.16261786923852467,0.5472109271049623,-0.891402721400186,1.332707382668801,2.224110104068987,7.93484368527666e-5,2.500224331021136e-4,Wa > Sp
GC-MS/MS,GC-MS/MS,NA,Inosine-4TMS,0.1113397908675068,0.6157222893924408,0.504382498524934,-0.5837304707300048,0.4577524303411917,1.0414829010711966,6.703689496212279e-4,0.0017223325321037701,Wa > Sp
GC-MS/MS,GC-MS/MS,NA,Inositol phosphate-7TMS,0.622629488724199,0.4884307881157122,-0.13419870060848677,0.6238333025005786,0.5171729123189746,-0.106660390181604,0.791242655961381,0.8868290170842325,Not significant
GC-MS/MS,GC-MS/MS,NA,Inositol-6TMS(2),0.7547219100689578,0.5814367279814616,-0.17328518208749621,-0.10264297047599995,-0.41867583205815867,-0.3160328615821587,0.14454838477211748,0.22678374913534444,Not significant
GC-MS/MS,GC-MS/MS,NA,Isocitric acid-4TMS,-0.06698618256961485,-0.282407141825804,-0.21542095925618915,-0.3278419093361372,1.2399010407450974,1.5677429500812345,2.456745207282879e-8,8.205528992324815e-7,Wa > Sp
GC-MS/MS,GC-MS/MS,NA,Isoleucine-2TMS,0.3335043492773672,0.29788335467558086,-0.03562099460178636,-0.16906280237702848,0.6805653345500648,0.8496281369270933,6.541993653517523e-4,0.0017223325321037701,Wa > Sp
GC-MS/MS,GC-MS/MS,NA,Kynurenic acid-2TMS,0.7765303493617064,0.6167334748941721,-0.15979687446753432,-0.14416257638469931,-0.41480568639563087,-0.27064311001093155,0.31234270758830807,0.44569078732599826,Not significant
GC-MS/MS,GC-MS/MS,NA,Lactic acid-2TMS,0.5506574473988449,-0.004313734251905496,-0.5549711816507504,0.7142403825628068,0.19176998043200558,-0.5224704021308012,0.8150022753056303,0.8954301314213174,Not significant
GC-MS/MS,GC-MS/MS,NA,Lactitol-9TMS,-1.6546531263419606,-0.7572592674090308,0.8973938589329298,-0.9933707897852357,1.5489331222074199,2.5423039119926556,1.1073996737691768e-7,2.054841616882806e-6,Wa > Sp
GC-MS/MS,GC-MS/MS,NA,Lactose-meto-8TMS(2),-2.1267055353867024,0.2738772887921521,2.4005828241788545,-3.417496642546328,1.3361555057447543,4.753652148291082,2.105028020827752e-6,1.5979076339919755e-5,Wa > Sp
GC-MS/MS,GC-MS/MS,NA,Lauric acid-TMS,0.5569433372486615,0.5146899792303959,-0.042253358018265574,0.4710255982465315,0.47424649731544005,0.003220899068908545,0.5834854258092372,0.719422303165259,Not significant
GC-MS/MS,GC-MS/MS,NA,Leucine-2TMS,0.035969036152101966,0.1578121324065107,0.12184309625440874,-0.061344689137570664,0.9100251640468179,0.9713698531843885,0.010016921925628437,0.020154529657589747,Wa > Sp
GC-MS/MS,GC-MS/MS,NA,Lysine-4TMS,0.02595009332252087,-0.728690280425579,-0.7546403737480999,0.29474575772027894,0.6790575623787678,0.38431180465848885,0.0171600770001337,0.03219924560699245,Wa > Sp
GC-MS/MS,GC-MS/MS,NA,Lyxose-meto-4TMS(2),0.6394238741206945,0.9247772165103105,0.28535334238961607,-2.6256670681693985,-1.8604877516173708,0.7651793165520278,0.01646640976640872,0.031248754897616547,Wa > Sp
GC-MS/MS,GC-MS/MS,NA,Malic acid-3TMS,0.02466025028579679,0.6186657845953573,0.5940055343095605,-1.3030525686810615,0.5298028099135571,1.8328553785946187,9.553085458144011e-6,4.6922507985589705e-5,Wa > Sp
GC-MS/MS,GC-MS/MS,NA,Malonic acid-2TMS,-0.34065782862938254,-0.36623076913825364,-0.0255729405088711,0.33809374965719324,0.9876130674074829,0.6495193177502896,2.2361093633608752e-5,8.63496323821857e-5,Wa > Sp
GC-MS/MS,GC-MS/MS,NA,Maltose-meto-8TMS(1),-1.6360930063006138,-0.762305676908791,0.8737873293918228,-0.9812260587613694,1.5711493697177188,2.5523754284790883,1.8048160582670144e-7,2.5257272391605797e-6,Wa > Sp
GC-MS/MS,GC-MS/MS,NA,Mannitol-6TMS,-1.8371372090661293,-1.1662779588081973,0.670859250257932,-1.3220134798475798,1.7643161670200607,3.0863296468676404,1.8148938245465245e-7,2.5257272391605797e-6,Wa > Sp
GC-MS/MS,GC-MS/MS,NA,Mannose 6-phosphate-meto-6TMS(2),0.35431578999169344,0.18336770508772773,-0.1709480849039657,0.24988766286525257,0.717647042669622,0.46775937980436944,2.0245384172791427e-4,5.829274408372705e-4,Wa > Sp
GC-MS/MS,GC-MS/MS,NA,Mannose-meto-5TMS(1),-1.835763969171507,-1.2263018133645176,0.6094621558069895,-1.3197120434991023,1.2331879514910549,2.552899994990157,2.514229591733938e-6,1.818132452930456e-5,Wa > Sp
GC-MS/MS,GC-MS/MS,NA,Margaric acid-TMS,0.5048878707511086,0.3963506362137239,-0.10853723453738473,0.36251417849390466,0.4946140791236838,0.13209990062977917,0.05537852052591742,0.09633555133154384,Not significant
GC-MS/MS,GC-MS/MS,NA,Melatonin-TMS,1.322525701314664,1.2261520956371141,-0.09637360567754993,1.087952095586391,1.9477147980408547,0.8597627024544636,5.031218512767707e-5,1.7504447742337648e-4,Wa > Sp
GC-MS/MS,GC-MS/MS,NA,Myristic acid-TMS,0.3081350642866834,0.4100690074112073,0.10193394312452386,0.41891246793327863,0.40841768535332534,-0.010494782579953288,0.3427623705160454,0.4730687262494181,Not significant
GC-MS/MS,GC-MS/MS,NA,N-Acetyl-Lysine-2TMS,-1.7677818464472592,-1.1304800220751103,0.6373018243721489,-1.284986343884985,1.6883118182103545,2.9732981620953396,1.6431797848483364e-7,2.5257272391605797e-6,Wa > Sp
GC-MS/MS,GC-MS/MS,NA,N-Acetylglutamine-3TMS,-2.2400964524236917,-1.4581795285870793,0.7819169238366124,-1.2017469273014054,1.695260963906789,2.8970078912081947,8.599283408517563e-5,2.6594080170785797e-4,Wa > Sp
GC-MS/MS,GC-MS/MS,NA,N-Acetylmannosamine-meto-4TMS(2),0.3406726121980621,0.7714936449877551,0.43082103278969297,-0.26124801824821503,0.28472131185710264,0.5459693301053177,0.24862271102467817,0.37745447946473865,Not significant
GC-MS/MS,GC-MS/MS,NA,N-Acetylneuraminic acid-6TMS,0.1102110329799642,0.6227234277461695,0.5125123947662054,-0.5991444308808941,0.4690184198964197,1.0681628507773138,4.0341879099139674e-4,0.0011044416081239879,Wa > Sp
GC-MS/MS,GC-MS/MS,NA,Norspermidine-nTMS,0.25934807145861705,0.5919057025670023,0.3325576311083852,0.4014578997897496,0.22783292668744265,-0.17362497310230696,0.06116691560201997,0.10455479130927978,Not significant
GC-MS/MS,GC-MS/MS,NA,O-Acetylserine-2TMS,0.696838191988035,0.8405696463378008,0.14373145434976586,-0.8112900415252402,0.07724005844617834,0.8885300999714185,0.013171452848937448,0.02557712355549481,Wa > Sp
GC-MS/MS,GC-MS/MS,NA,O-Phosphoethanolamine-4TMS,0.5747269263402679,0.10856282139205588,-0.46616410494821203,-0.06911738909987013,-0.30466085683106553,-0.2355434677311954,0.40787116808673796,0.5405911513530575,Not significant
GC-MS/MS,GC-MS/MS,NA,Octadecanol-TMS,0.5333243250900448,0.5172075526073636,-0.016116772482681174,0.5289354033083079,0.5269334373770368,-0.0020019659312711102,0.9084017774070285,0.9520840836065536,Not significant
GC-MS/MS,GC-MS/MS,NA,Oleamide-TMS,-2.047784341294047,-2.2075679890524587,-0.1597836477584118,-2.605941180522795,-2.2866507629776325,0.3192904175451625,0.8142627433465855,0.8954301314213174,Not significant
GC-MS/MS,GC-MS/MS,NA,Oleic acid-TMS,0.3834430691688583,0.32456549648327176,-0.05887757268558652,0.23249791191706778,0.39245116749549125,0.15995325557842346,0.26875708210336924,0.4036664057796023,Not significant
GC-MS/MS,GC-MS/MS,NA,Orotic acid-3TMS,0.5985880682930107,0.4918242273038487,-0.10676384098916197,0.568450592712137,0.5674788635024346,-9.717292097024544e-4,0.3585108525802402,0.48717767209492074,Not significant
GC-MS/MS,GC-MS/MS,NA,Oxalacetic acid-3TMS,-0.20700303791920827,1.0535010942746281,1.2605041321938364,-2.903711171636279,-0.38817552426113217,2.5155356473751467,0.31491923894890894,0.44569078732599826,Not significant
GC-MS/MS,GC-MS/MS,NA,Oxalic acid-2TMS,0.27174109826974646,0.3613794515715967,0.08963835330185022,-0.22728936933427002,0.419812927073322,0.6471022964075921,0.08343719429368852,0.1379605093766929,Not significant
GC-MS/MS,GC-MS/MS,NA,Palmitic acid-TMS,0.5573681791417638,0.599504766828679,0.042136587686915195,0.5508638181002526,0.584888254201302,0.03402443610104933,0.8109968492890275,0.8954301314213174,Not significant
GC-MS/MS,GC-MS/MS,NA,Palmitoleic acid-TMS,0.5720349279497365,0.7185003465037195,0.14646541855398298,0.5301261060231625,0.5945244043261236,0.06439829830296118,0.46645991595110003,0.6038667128979357,Not significant
GC-MS/MS,GC-MS/MS,NA,Pantothenic acid-3TMS,0.4723072532682173,-0.40746783811755766,-0.8797750913857749,-0.13799286400271413,-0.047137478841823566,0.09085538516089056,0.004443109990092936,0.009392397067664815,Wa > Sp
GC-MS/MS,GC-MS/MS,NA,Phenylalanine-2TMS,0.5585001709730759,0.8433041078444651,0.28480393687138916,0.15771005963532522,0.4672783829231597,0.30956832328783446,0.9237539958971219,0.9520840836065536,Not significant
GC-MS/MS,GC-MS/MS,NA,Phenylpyruvic acid-meto-TMS(1),0.5290135357587247,0.6042151220936945,0.07520158633496987,0.6251157568820832,0.5533264900496324,-0.0717892668324508,0.010481266218910297,0.020837755459024044,Sp > Wa
GC-MS/MS,GC-MS/MS,NA,Phosphoric acid-3TMS,-0.041084892167238575,-0.8565995520395802,-0.8155146598723416,0.49040851920205236,0.13017395887585154,-0.3602345603262008,0.0011356714602758758,0.00278907549803046,Wa > Sp
GC-MS/MS,GC-MS/MS,NA,Proline-2TMS,0.20735035755558776,0.36266459523548317,0.1553142376798954,-0.2141083922686505,0.6613549513263067,0.8754633435949573,0.0616831319082741,0.10455479130927978,Not significant
GC-MS/MS,GC-MS/MS,NA,Psicose-meto-5TMS(2),-0.5921486507999862,-0.22931542879211705,0.36283322200786916,-1.0028183903200723,1.0608483832833748,2.063666773603447,5.253733602634143e-6,2.924578372133006e-5,Wa > Sp
GC-MS/MS,GC-MS/MS,NA,Putrescine-4TMS,0.4429775481270389,0.39646572318997614,-0.04651182493706274,0.5131811989506379,0.5898151511314499,0.07663395218081204,0.008781777428398588,0.018051721479390458,Wa > Sp
GC-MS/MS,GC-MS/MS,NA,Pyridoxal-meto-2TMS(1),-0.6031216316675737,-0.24581295309856405,0.35730867856900966,-1.0271386985970474,1.2657935654480685,2.292932264045116,9.216812688397886e-7,7.696038594812234e-6,Wa > Sp
GC-MS/MS,GC-MS/MS,NA,Rhamnose-meto-4TMS(1),0.4752697712660869,0.4851495676004262,0.00987979633433933,0.4626020085458156,0.4779721719302542,0.015370163384438584,0.9426415586642356,0.9598231876147753,Not significant
GC-MS/MS,GC-MS/MS,NA,Ribitol-5TMS,0.46349477793007215,0.4868332341539962,0.023338456223924053,0.4334902715436965,0.4799878264309093,0.0464975548872128,0.7419555524363752,0.8429018861011881,Not significant
GC-MS/MS,GC-MS/MS,NA,Ribonic acid-5TMS,0.19678160255901103,-0.09284292657000134,-0.2896245291290124,0.9239668619655957,0.13666848701529263,-0.7872983749503031,0.002881370817407455,0.006502553060906012,Sp > Wa
GC-MS/MS,GC-MS/MS,NA,Ribonolactone-3TMS,0.5041387875724493,0.546463532356672,0.042324744784222657,0.5002131632222192,0.5238815128428053,0.02366834962058606,0.8283705220085386,0.9041691318655289,Not significant
GC-MS/MS,GC-MS/MS,NA,Ribose 5-phosphate-meto-5TMS(2),-0.15846015652952256,0.2114053137592186,0.36986547028874117,-0.38305491647092577,0.8193163837098428,1.2023713001807685,0.001929986661593722,0.004476496840085439,Wa > Sp
GC-MS/MS,GC-MS/MS,NA,Ribose-meto-4TMS,0.012124717979477,-0.28800555339638645,-0.30013027137586346,1.05052182891243,0.6197821587100468,-0.43073967020238324,0.5736729804439267,0.719422303165259,Not significant
GC-MS/MS,GC-MS/MS,NA,Ribulose 5-phosphate-meto-5TMS(2),0.27692040248692623,0.3246764457078589,0.04775604322093269,-0.05342531427836901,0.7005380540343424,0.7539633683127115,0.006522615005720055,0.013615958824440616,Wa > Sp
GC-MS/MS,GC-MS/MS,NA,Ribulose-meto-4TMS,0.34549346266537245,1.1992988702403018,0.8538054075749293,0.10228870512422662,0.44779914279265637,0.34551043766842976,0.08852171272800852,0.14352549539395557,Not significant
GC-MS/MS,GC-MS/MS,NA,S-Adenosylmethionine -nTMS,0.6462282084046763,0.540047592641493,-0.10618061576318327,0.5519826709027974,0.6464796376943773,0.09449696679157993,0.3111045146920251,0.44569078732599826,Not significant
GC-MS/MS,GC-MS/MS,NA,S-Benzyl-Cysteine-4TMS,-1.728845187919862,-2.018229728769381,-0.28938454084951903,-3.010411232913099,1.625865758708594,4.636276991621693,0.0015071795074163168,0.0035956996819789273,Wa > Sp
GC-MS/MS,GC-MS/MS,NA,Saccharopine-4TMS,-0.38405526217849306,0.3536806508030652,0.7377359129815583,-0.8540847971167572,-0.3454001153924367,0.5086846817243205,0.6650392692895055,0.7712608192454683,Not significant
GC-MS/MS,GC-MS/MS,NA,Sarcosine-2TMS,0.45127994337175414,0.5461081588007728,0.09482821542901865,0.3252697213735198,0.585017403633379,0.25974768225985917,0.5329309478875521,0.6793852541772611,Not significant
GC-MS/MS,GC-MS/MS,NA,Sedoheptulose 7-phosphate-meto-7TMS,0.1037259570567891,0.25110202266897524,0.14737606561218614,-0.6543575853133327,0.7236858729207247,1.3780434582340573,2.0553268070922453e-5,8.63496323821857e-5,Wa > Sp
GC-MS/MS,GC-MS/MS,NA,Serine-3TMS,0.09600064738580809,0.45146854461685926,0.35546789723105116,-1.191902833557912,1.2055021527937262,2.3974049863516385,1.1689777306717934e-4,3.549441473130718e-4,Wa > Sp
GC-MS/MS,GC-MS/MS,NA,Shikimic acid-4TMS,-0.16633509521187426,0.6122026567652058,0.7785377519770801,0.10981058905105893,0.6870993706906845,0.5772887816396256,0.3891039135748101,0.5198428285359463,Not significant
GC-MS/MS,GC-MS/MS,NA,Sorbitol-6TMS,-1.8706329444961143,-1.1767189757305454,0.6939139687655689,-1.3448008251628911,1.7494664434331562,3.094267268596047,4.471253210429203e-7,3.92999624285093e-6,Wa > Sp
GC-MS/MS,GC-MS/MS,NA,Sorbose-meto-5TMS(1),-0.5977371620392022,-0.2240399316319186,0.37369723040728364,-1.0048706258272189,0.9496367827635369,1.954507408590756,1.4260793395115943e-5,6.267243413116743e-5,Wa > Sp
GC-MS/MS,GC-MS/MS,NA,Spermidine-5TMS,-3.154336791357521,-3.3092649337007365,-0.1549281423432154,0.35566424625317766,0.39735139070282166,0.041687144449644,0.9292796744183726,0.9520840836065536,Not significant
GC-MS/MS,GC-MS/MS,NA,Stearic acid-TMS,0.5659308794663961,0.5962761408016388,0.030345261335242735,0.5628372056297272,0.5910027332980483,0.028165527668321144,0.9483282991403468,0.9598231876147753,Not significant
GC-MS/MS,GC-MS/MS,NA,Suberylglycine-2TMS,0.5986625644008918,-0.06539205024093879,-0.6640546146418306,0.159893655213647,0.7307517991917224,0.5708581439780753,0.0088637195288025,0.018051721479390458,Wa > Sp
GC-MS/MS,GC-MS/MS,NA,Succinic acid-2TMS,0.7103331838073642,0.4998568726765195,-0.2104763111308447,-0.2830911859591734,0.27014102516134175,0.5532322111205151,1.8411794052042967e-6,1.464176003186274e-5,Wa > Sp
GC-MS/MS,GC-MS/MS,NA,Sucrose-8TMS,0.11411351994527101,0.5907214446527951,0.47660792470752406,-0.5883242619181241,0.4647477792558019,1.053072041173926,1.7392327286669084e-4,5.095646766445153e-4,Wa > Sp
GC-MS/MS,GC-MS/MS,NA,Tagatose-meto-5TMS(2),-0.5963861209229152,-0.23261923419988012,0.3637668867230351,-1.0036896935100037,0.8835828884253878,1.8872725819353915,2.1610304162814084e-5,8.63496323821857e-5,Wa > Sp
GC-MS/MS,GC-MS/MS,NA,Threitol-4TMS,-0.6260559993116723,-0.24283546491418487,0.3832205343974875,1.0464700667723383,0.42708901396067184,-0.6193810528116666,3.7820910311091396e-7,3.92999624285093e-6,Sp > Wa
GC-MS/MS,GC-MS/MS,NA,Threo-b-hydroxyaspartic acid-4TMS,-0.22995114920601972,-0.40996021068709193,-0.1800090614810722,0.28279777279831575,-0.7269204495737703,-1.009718222372086,0.27072237992404463,0.4036664057796023,Not significant
GC-MS/MS,GC-MS/MS,NA,Threonic acid-4TMS,0.036160365008096294,1.324916089405939,1.2887557243978427,-1.481617297154273,-0.9307221868660749,0.550895110288198,2.1170892886637225e-5,8.63496323821857e-5,Sp > Wa
GC-MS/MS,GC-MS/MS,NA,Threonine-3TMS,0.5176276294089689,0.32886776558481706,-0.18875986382415183,-0.10219380214796278,0.8602952242652911,0.962489026413254,5.216318996047497e-5,1.7778066782447592e-4,Wa > Sp
GC-MS/MS,GC-MS/MS,NA,Trehalose-8TMS,-1.6308428135748578,-0.6884317009756219,0.9424111125992359,-0.9803059147537225,1.53433854081305,2.5146444555667724,4.314149526061725e-7,3.92999624285093e-6,Wa > Sp
GC-MS/MS,GC-MS/MS,NA,Tryptamine-3TMS,0.5543380804312511,0.6468132166324577,0.09247513620120662,0.4814308565177524,0.5585286663894474,0.07709780987169501,0.5643347136248624,0.7139689179950911,Not significant
GC-MS/MS,GC-MS/MS,NA,Tryptophan-3TMS,0.5594116866393447,0.5938972777034252,0.034485591064080445,0.5800821910070119,0.5951954264432928,0.015113235436280958,0.6460176259946405,0.7686474423907689,Not significant
GC-MS/MS,GC-MS/MS,NA,Tyramine-3TMS,0.5817792041428983,0.5120840631107441,-0.06969514103215424,-1.751929025422205,-3.1080795890486064,-1.3561505636264013,0.01947349850976457,0.03534863316446395,Sp > Wa
GC-MS/MS,GC-MS/MS,NA,Tyrosine-3TMS,0.15820870416736038,0.003565368902338195,-0.1546433352650222,0.28552962550689337,0.659703925213702,0.37417429970680866,0.0012789705973386336,0.003095479561674664,Wa > Sp
GC-MS/MS,GC-MS/MS,NA,Ureidopropionic acid-3TMS,0.6246166326099969,0.3422303295560054,-0.2823863030539915,-0.21755436070862727,-2.2786187960781548,-2.0610644353695275,0.002145108178983944,0.004907302272470118,Sp > Wa
GC-MS/MS,GC-MS/MS,NA,Uridine-3TMS,0.9939772828858398,0.9382380735532256,-0.055739209332614115,-11.090481443483512,-11.084090094494774,0.006391348988737278,0.6388773680882436,0.7675720897175301,Not significant
GC-MS/MS,GC-MS/MS,NA,Valine-2TMS,0.33229241547830546,0.5348198576417795,0.20252744216347407,-0.38156938347905467,0.17558403229611014,0.5571534157751648,0.08784550889947987,0.14352549539395557,Not significant
GC-MS/MS,GC-MS/MS,NA,Valproic acid-TMS,0.30627875752198785,0.522421523347358,0.21614276582537018,0.25243372774036416,0.5214206011913134,0.26898687345094924,0.8708064013133578,0.9304395287666524,Not significant
GC-MS/MS,GC-MS/MS,NA,Xanthosine monophosphate-6TMS,0.7694063347335516,1.2650769497843402,0.4956706150507886,-5.254029088230727,-5.22870959108298,0.025319497147746617,0.019175424431550774,0.035255636624021286,Sp > Wa
GC-MS/MS,GC-MS/MS,NA,Xylitol-5TMS,0.4732920270620416,0.5165703179008799,0.04327829083883833,0.4764073633835985,0.5127049203453753,0.03629755696177678,0.9208975885085394,0.9520840836065536,Not significant
GC-MS/MS,GC-MS/MS,NA,Xylose-meto-4TMS(1),0.7001651991185825,0.9697767329118464,0.26961153379326386,-2.7331641305615433,-1.6628616488807093,1.070302481680834,2.4040876874690572e-5,8.921836529051835e-5,Wa > Sp
GC-MS/MS,GC-MS/MS,NA,Xylulose-meto-4TMS,0.23651519051129927,0.8919149047463627,0.6553997142350634,-0.03635860559746761,0.5326075042988068,0.5689661098962744,0.7240520412856895,0.8281965129774667,Not significant
GC-MS/MS,GC-MS/MS,NA,meso-Erythritol-4TMS,0.036223155701520154,0.5237760759429828,0.4875529202414627,-1.2069623703813999,0.5460175904659781,1.752979960847378,2.9383716037564713e-6,1.887338683951272e-5,Wa > Sp
LC-MS/MS,LC-MS/MS,NA,(+)-7-Isomethyljasmonate;,20.869070429066692,22.202151101527264,1.3330806724605715,19.61744744239201,18.74872336141434,-0.8687240809776711,0.0020268061757602557,0.007865938253545753,Sp > Wa
LC-MS/MS,LC-MS/MS,NA,(+)-Demethylpiperitol; Sesamin monocatechol;,20.371743527021582,20.400964950624797,0.029221423603214447,17.865629547342618,18.171626870563287,0.3059973232206694,0.24489486034397423,0.38421732842850026,Not significant
LC-MS/MS,LC-MS/MS,NA,(+)-Pinoresinol,23.69977164760036,23.18094540767754,-0.5188262399228201,18.999294016260333,18.378413231085634,-0.6208807851746982,0.8490773661145598,0.8943432030802795,Not significant
LC-MS/MS,LC-MS/MS,NA,(+)-Prosopinine;,23.13958289740209,22.860761034647513,-0.278821862754576,19.43242392743902,19.150150370304576,-0.28227355713444524,0.9886271637297543,0.9893858952445125,Not significant
LC-MS/MS,LC-MS/MS,NA,(+/-)-6-Hydroxy-3-oxo-alpha-ionone;,18.04286234597329,14.95085128645834,-3.0920110595149506,17.302947235529977,16.413416752263682,-0.8895304832662951,0.1696157341292933,0.2917927668926101,Not significant
LC-MS/MS,LC-MS/MS,NA,"(+/-)-CP 47,497-C7-Hydroxy metabolite",20.95978646028245,20.88445961074329,-0.07532684953916302,24.198984013775664,24.27785873967822,0.07887472590255484,0.6080794366628275,0.706716208028812,Not significant
LC-MS/MS,LC-MS/MS,NA,(+/-)-Lefetamine,23.524974504988325,23.522814685089983,-0.002159819898341908,24.47571054275294,23.845987621923175,-0.6297229208297637,0.006102967639483244,0.019945538350591853,Sp > Wa
LC-MS/MS,LC-MS/MS,NA,(+/-)11(12)-DiHET,20.705401561663944,23.728335316714727,3.022933755050783,19.317441151661512,19.452364373399778,0.13492322173826565,0.013962220846755398,0.04028038934550672,Sp > Wa
LC-MS/MS,LC-MS/MS,NA,(+/-)11(12)-EET,19.935802643289644,19.81184045502746,-0.1239621882621833,23.788017789931114,22.89566167723072,-0.8923561127003943,0.11453248926826605,0.21551279365919038,Not significant
LC-MS/MS,LC-MS/MS,NA,(+/-)12(13)-DiHOME,24.001472808689535,23.630706132812076,-0.3707666758774586,23.187390768731426,21.76334300648717,-1.4240477622442569,0.002635317021175021,0.009979802205673205,Sp > Wa
LC-MS/MS,LC-MS/MS,NA,(+/-)9(10)-EpOME,20.123233652818858,20.861769669177303,0.7385360163584451,17.27002675128381,16.872007958630846,-0.3980187926529659,3.1095981174482416e-7,4.715018540875008e-6,Sp > Wa
LC-MS/MS,LC-MS/MS,NA,(+/-)9-HpODE,21.001048088825303,20.820283508655184,-0.18076458017011987,20.735203159383463,19.53774346889908,-1.1974596904843828,0.013227768837617497,0.03824614315798939,Sp > Wa
LC-MS/MS,LC-MS/MS,NA,(-)-Acanthocarpan;,20.32187033169248,22.210185238104074,1.888314906411594,19.106103586530544,19.92866829441022,0.8225647078796747,0.012041343265892483,0.03552468692018959,Sp > Wa
LC-MS/MS,LC-MS/MS,NA,(-)-Amurensisin,19.073166937869356,21.269248054639874,2.196081116770518,20.995900258763026,22.113755105290956,1.1178548465279299,0.30103419775416973,0.44965474670267735,Not significant
LC-MS/MS,LC-MS/MS,NA,(-)-Asbestinine 2,20.485267759634755,21.026169757456003,0.5409019978212477,21.312216149604193,20.32305432922173,-0.9891618203824635,1.7715673079939693e-5,1.375073672395319e-4,Sp > Wa
LC-MS/MS,LC-MS/MS,NA,(-)-Fusicoplagin A,18.525489769872692,19.702649765041947,1.177159995169255,18.633623056371498,18.239745606886668,-0.3938774494848296,1.1987937395165581e-4,7.170766221695374e-4,Sp > Wa
LC-MS/MS,LC-MS/MS,NA,(-)-Fustin,21.419540044382007,21.89219425917788,0.4726542147958739,20.077606929132912,20.699337907579185,0.6217309784462728,0.7014721304242644,0.7824804602850648,Not significant
LC-MS/MS,LC-MS/MS,NA,(-)-Maackiain-3-O-glucosyl-6''-O-malonate;,19.622560974829838,20.53460064242303,0.9120396675931914,19.7947054055533,19.800564397426918,0.0058589918736160485,1.7441700386789858e-4,9.719648420672639e-4,Sp > Wa
LC-MS/MS,LC-MS/MS,NA,"(1'S,5'S)-Averufin;",18.741581333874418,20.409055406308436,1.6674740724340182,17.2688589327373,16.554386247535483,-0.714472685201816,4.784411682729583e-9,1.2601173161842625e-7,Sp > Wa
LC-MS/MS,LC-MS/MS,NA,"(1E)-5-hydroxy-1,7-diphenylhept-1-en-3-one",19.2841450320401,18.451952221204618,-0.8321928108354832,18.828106791174537,18.406482367588897,-0.4216244235856408,0.5218117919709613,0.6413219384826895,Not significant
LC-MS/MS,LC-MS/MS,NA,"(25R)-11alpha,20,26-trihydroxyecdysone",16.03022730352739,15.60810690217826,-0.42212040134912954,21.796697253570013,20.86986422824382,-0.9268330253261929,0.05975739290256891,0.1283659970446916,Not significant
LC-MS/MS,LC-MS/MS,NA,"(2R)-2,3-Dihydroxypropanoic acid",27.9498756219671,26.635525032433343,-1.3143505895337562,27.13216842897902,26.982211773144815,-0.14995665583420603,6.49603382009216e-8,1.2643027017015191e-6,Wa > Sp
LC-MS/MS,LC-MS/MS,NA,(3'-sulfo)Galbeta-Cer(d18:1/18:0(2OH)),20.611086991085376,21.232463250832332,0.6213762597469561,18.89840695392463,18.106207430849864,-0.7921995230747676,0.003106817475836786,0.011476742177028808,Sp > Wa
LC-MS/MS,LC-MS/MS,NA,"(4E,8E,10E-d18:3)sphingosine",19.802411169409915,20.567194579591344,0.7647834101814297,17.087180656727213,16.57311532948507,-0.5140653272421432,0.021249729430580552,0.05553035506508425,Not significant
LC-MS/MS,LC-MS/MS,NA,(5-(but-3-en-1-yn-1-yl)thiophen-2-yl)methanol,25.444340849389334,25.9622262128811,0.5178853634917644,22.23190982010562,23.240321585197844,1.008411765092223,0.29581874132783037,0.4444137481049791,Not significant
LC-MS/MS,LC-MS/MS,NA,"(9R,12R,15R)-d10-13-PhytoF[13S,16S]",20.229359762564485,19.67775530637226,-0.5516044561922264,16.66719490422935,16.579553959894312,-0.087640944335039,3.53159371055332e-6,3.654919205207563e-5,Wa > Sp
LC-MS/MS,LC-MS/MS,NA,"(9S,12S,15R)-d10-13-PhytoF[13R,16R]",21.128077259240506,20.297065830028412,-0.8310114292120936,18.7010918483097,18.497917074381558,-0.20317477392814354,0.05569078391379845,0.12083324829216834,Not significant
LC-MS/MS,LC-MS/MS,NA,(R)-3-((R)-3-Hydroxybutanoyloxy)butanoate;,21.359656170141974,20.05998955772276,-1.299666612419216,21.103291962328324,21.24176629389677,0.13847433156844602,0.005137348585597479,0.01717718604004901,Wa > Sp
LC-MS/MS,LC-MS/MS,NA,(R)-3-Hydroxy myristic acid,21.08762546282165,18.464733060238174,-2.6228924025834743,22.075453567031747,19.185587549513606,-2.889866017518141,0.8676493260103912,0.9044082502938052,Not significant
LC-MS/MS,LC-MS/MS,NA,(S)-2-Phenyloxirane; (S)-Styrene oxide;,19.64072775207041,21.6134298248868,1.9727020728163893,17.404753058482644,18.755736391299408,1.3509833328167637,0.45576591265693067,0.5849593997092889,Not significant
LC-MS/MS,LC-MS/MS,NA,(S)-3-Acetyloctanal;,18.89771529732081,17.077917529951712,-1.8197977673690993,16.839780856681852,16.54717483302311,-0.2926060236587418,0.10807236396265078,0.20513298778354677,Not significant
LC-MS/MS,LC-MS/MS,NA,(S)-Dibenzyl 2-aminosuccinate,21.33440493147887,20.802499113872955,-0.5319058176059137,16.530919548046736,16.34823611372456,-0.1826834343221755,0.5378872576897731,0.6506539740514509,Not significant
LC-MS/MS,LC-MS/MS,NA,(S)-N-alpha-benzoylarginine ethyl ester,21.673846280795857,21.17143329600615,-0.5024129847897072,19.043922547045735,18.901216272989377,-0.1427062740563585,0.3326655077748115,0.47827543785926596,Not significant
LC-MS/MS,LC-MS/MS,NA,(Stearoyl)adenylate;,20.347415106892587,20.232302707468122,-0.11511239942446494,16.851083854319004,16.616891248574287,-0.2341926057447168,0.790918369333926,0.8501270207536721,Not significant
LC-MS/MS,LC-MS/MS,NA,1'-Hydroxyversicolorone; Hydroxyversicolorone;,19.946994274891814,20.833550174757633,0.8865558998658187,18.78872093474257,18.795081982190645,0.006361047448073975,0.014726958444218454,0.04193003015559141,Sp > Wa
LC-MS/MS,LC-MS/MS,NA,"1,2-Dihydroxy-8-methylnaphthalene;",22.713742706465577,22.348675656380998,-0.36506705008457985,18.07000480522324,17.830681936869457,-0.23932286835378136,0.7733457705864603,0.8375771468810167,Not significant
LC-MS/MS,LC-MS/MS,NA,"1,4-dihydroxyheptadec-16-en-2-yl acetate",26.697187856872887,26.139512952577252,-0.5576749042956344,26.693172158559204,26.030011231636575,-0.6631609269226288,0.5019275707863413,0.6251323326699036,Not significant
LC-MS/MS,LC-MS/MS,NA,"1,5-Naphthalenediamine;",22.201641746927113,22.00834207203895,-0.1932996748881628,22.664610802060498,22.65288581429173,-0.011724987768769068,0.3653528439764099,0.5036153367285819,Not significant
LC-MS/MS,LC-MS/MS,NA,"1,6-Hexanediol diacrylate",19.742447422691928,17.58566536409276,-2.1567820585991697,17.455368485779676,16.596887784528533,-0.8584807012511426,0.20250862124179766,0.3342673950624103,Not significant
LC-MS/MS,LC-MS/MS,NA,"1-(2-Aminophenyl)decane-1,3-dione;",19.809540956144012,18.979237118082374,-0.8303038380616385,17.58991895303665,17.358529793220054,-0.23138915981659736,0.3005536602186042,0.44945180381314204,Not significant
LC-MS/MS,LC-MS/MS,NA,"1-(2-furyl)pentane-1,4-dione",20.729829911573486,20.461850155433858,-0.26797975613962777,22.213522111326775,22.16857215297131,-0.04494995835546334,0.6359194967265869,0.7325433071832768,Not significant
LC-MS/MS,LC-MS/MS,NA,1-(2-methoxy-4-nitrophenyl)pyrrolidine,22.408626033850716,21.693357382692433,-0.7152686511582829,23.821677379516647,22.77132044451085,-1.050356935005798,0.3939991179809743,0.5318580226161392,Not significant
LC-MS/MS,LC-MS/MS,NA,"1-(4-hydroxyphenyl)propane-1,2-diol",20.49432493397297,21.22596866254397,0.7316437285710009,19.022288355432444,18.743729806743573,-0.27855854868887064,0.011154164252144105,0.03343685099953084,Sp > Wa
LC-MS/MS,LC-MS/MS,NA,1-(5-Phosphoribosyl)imidazole-4-acetate;,21.527913457468518,22.434548790992235,0.9066353335237167,20.183346095775743,23.467485386936637,3.284139291160894,5.406228738744339e-4,0.0025450260921742306,Wa > Sp
LC-MS/MS,LC-MS/MS,NA,1-Caffeoyl-beta-D-glucose;,26.382372731998228,28.533850818521874,2.151478086523646,30.25752921624566,31.24013592345008,0.9826067072044182,0.05828051277096655,0.12561617959229815,Not significant
LC-MS/MS,LC-MS/MS,NA,1-Ethoxynaphthalene,20.199549326500772,17.71008277098575,-2.4894665555150226,17.769366939893057,17.766452591543267,-0.00291434834979043,0.041760697435576116,0.096382211426533193,Not significant
LC-MS/MS,LC-MS/MS,NA,1-Hydroxyvitamin D3 cellobioside,22.490401689090113,21.9961228969662,-0.49427879212391446,18.59893294223303,18.235346044745054,-0.363586897487977,0.42441453516492966,0.5584627183199478,Not significant
LC-MS/MS,LC-MS/MS,NA,1-Linoleoyl glycerol,22.680410959173972,22.083363542578194,-0.5970474165957782,23.524141967528536,22.777734262365282,-0.7464077051632536,0.4963421572875707,0.6211422006746566,Not significant
LC-MS/MS,LC-MS/MS,NA,1-Naphthylamine;,21.60267213575911,20.604508227821064,-0.9981639079380464,20.00411462341323,20.4769435998232,0.47282897640997135,9.25740281279114e-4,0.004037342230060082,Wa > Sp
LC-MS/MS,LC-MS/MS,NA,1-O-Octadec-9-enyl glycerol; Selachyl alcohol;,15.84837407884537,15.608465922267952,-0.23990815657741926,17.274312559475455,16.90013681085938,-0.37417574861607505,0.29582142128460265,0.4444137481049791,Not significant
LC-MS/MS,LC-MS/MS,NA,1-Palmitoylglycerol,25.644949626427216,25.485601116292642,-0.15934851013457418,27.133973830522304,26.861610173471565,-0.2723636570507395,0.36011641550676343,0.4992730792857483,Not significant
LC-MS/MS,LC-MS/MS,NA,1-Stearoylglycerol,21.514311395827036,20.852218194444564,-0.6620932013824721,23.344603968100166,22.710609709302023,-0.6339942587981433,0.9202220025645005,0.9419051371284196,Not significant
LC-MS/MS,LC-MS/MS,NA,1-Tetradecylamine,21.104076866589196,20.344489635638254,-0.7595872309509417,22.637570307501594,22.006102395061163,-0.6314679124404314,0.728877556739322,0.8035147400159846,Not significant
LC-MS/MS,LC-MS/MS,NA,10-Desacetyltaxuyunnanin C;,19.97835834064035,20.18117575597849,0.20281741533813857,23.572114371548555,24.393462088258367,0.8213477167098127,0.06803410136265874,0.14309107770468868,Not significant
LC-MS/MS,LC-MS/MS,NA,10-Nitrooleate,20.34501020320985,18.279745405767283,-2.065264797442566,16.01777956915732,15.163740058772992,-0.854039510384327,0.3520927039004871,0.4942183916967009,Not significant
LC-MS/MS,LC-MS/MS,NA,10-fluoro-capric acid,21.38817588918172,21.197287225555016,-0.19088866362670487,22.697915368488903,22.469662877048265,-0.22825249144063875,0.7754255196529356,0.8391326785289859,Not significant
LC-MS/MS,LC-MS/MS,NA,11-Aminoundecanoic acid;,21.399913216438833,21.677013837385207,0.2771006209463742,24.941426184809625,24.974531975858962,0.033105791049337085,0.8152473472400014,0.8692416523311216,Not significant
LC-MS/MS,LC-MS/MS,NA,11-cis-Dehydroretinal;,19.783720169169612,20.167622953044447,0.38390278387483434,18.48207639459518,17.753855663419973,-0.728220731175206,0.02505617006979778,0.0635666260136504,Not significant
LC-MS/MS,LC-MS/MS,NA,"11-deoxy-16,16-dimethyl-PGE2",23.1468639277522,22.506811140351843,-0.6400527874003572,24.50693629610249,23.070228259106237,-1.4367080369962544,0.1347269606786996,0.24571182758744656,Not significant
LC-MS/MS,LC-MS/MS,NA,11-o-Galloylbergenin;,17.34801428754299,17.264975676554727,-0.0830386109882646,23.94375199858335,23.594415509047728,-0.34933648953562013,0.04426509952123602,0.1007359332909106,Not significant
LC-MS/MS,LC-MS/MS,NA,"11alpha-Hemiglutaryloxy-1,25-dihydroxyvitamin D3",24.72462538094636,24.183364710096615,-0.5412606708497449,18.387212651791156,18.43764875268044,0.05043610088928219,0.42799950778973517,0.5611852071907267,Not significant
LC-MS/MS,LC-MS/MS,NA,"11beta,17alpha,21-Trihydroxypregnenolone;",20.121065568639565,20.73545961044856,0.6143940418089961,17.727972938380628,17.250515110258732,-0.47745782812189574,0.02935248782948075,0.07262930574884802,Not significant
LC-MS/MS,LC-MS/MS,NA,11beta-Hydroxyandrosterone,23.068426561151437,21.821820442718078,-1.246606118433359,17.7898999416486,17.224446628576846,-0.5654533130717532,0.3113394708107527,0.4571921958752495,Not significant
LC-MS/MS,LC-MS/MS,NA,12-Aminododecanoic acid,22.394508314885712,22.66163767994751,0.2671293650617983,24.943863164045574,24.579088612061717,-0.36477455198385655,0.5714793491889012,0.6786967862862724,Not significant
LC-MS/MS,LC-MS/MS,NA,12-Hydroxyjasmonate; 12-Hydroxyjasmonic acid;,21.76826472392158,20.4868263404735,-1.28143838344808,18.479313648651235,18.276451073949847,-0.20286257470138835,0.06095615708535798,0.13030627678574888,Not significant
LC-MS/MS,LC-MS/MS,NA,12-Oxo-9(Z)-dodecenoic acid;,19.97753417235591,18.115328855055196,-1.8622053173007131,17.865209599048672,17.67281296459278,-0.19239663445589272,0.07296738455977288,0.1512710166390204,Not significant
LC-MS/MS,LC-MS/MS,NA,12-amino-dodecanoic acid,22.34114055328809,22.148226684867396,-0.19291386842069258,23.57929438975221,23.287292550298275,-0.29200183945393476,0.4101987457646683,0.5463729974230107,Not significant
LC-MS/MS,LC-MS/MS,NA,12-oxo Phytodienoic Acid,26.53698882078481,25.67880328468337,-0.8581855361014412,22.521811866947623,21.915046725381238,-0.6067651415663846,0.5115176008238762,0.631049149928415,Not significant
LC-MS/MS,LC-MS/MS,NA,13(S)-HOTrE,26.22408222933962,26.045382509744165,-0.1786997195954534,25.031622293232573,23.778772953206214,-1.2528493400263585,8.376456278429742e-4,0.003729448363737931,Sp > Wa
LC-MS/MS,LC-MS/MS,NA,13(S)-HpOTrE,22.63947805132794,22.58264230489851,-0.056835746429431566,22.11290208487286,21.3161428151153,-0.7967592697575618,0.01010699231596158,0.03101063054120918,Sp > Wa
LC-MS/MS,LC-MS/MS,NA,"13,14-Dihydro prostaglandin E1",20.057391008502115,21.279589924189366,1.222198915687251,20.45446544278104,19.573316004627657,-0.8811494381533826,0.032015670589511894,0.07772369931892971,Not significant
LC-MS/MS,LC-MS/MS,NA,"13,14-Dihydro-19(R)-hydroxy prostaglandin E1",17.740993573120367,17.170727751463726,-0.5702658216566405,21.758564895074233,20.985487980967154,-0.7730769141070795,0.6984402545902697,0.7811029948419482,Not significant
LC-MS/MS,LC-MS/MS,NA,"13,14-dihydro-15-keto-tetranor Prostaglandin E2",19.00654223480486,20.723808321213948,1.7172660864090865,17.59120962265267,16.223546388318745,-1.367663234333925,2.421704849095255e-5,1.7841260583165042e-4,Sp > Wa
LC-MS/MS,LC-MS/MS,NA,13-Apo-beta-carotenone;,16.818605284652484,16.17908049413544,-0.6395247905170436,22.532969425618006,22.325406694261154,-0.20756273135685177,0.12442680786748272,0.23145871249528885,Not significant
LC-MS/MS,LC-MS/MS,NA,13-HODE-EA,21.187030414803516,20.231152641924886,-0.9558777728786296,16.705653899259932,16.537288183017424,-0.1683657162425085,5.043022352038874e-8,1.0275158042279205e-6,Wa > Sp
LC-MS/MS,LC-MS/MS,NA,14(S)-HDHA,20.725526435909792,21.838939103908128,1.113412667998336,18.744971111485828,18.098890713943494,-0.6460803975423346,6.172792188972236e-5,4.024660507209897e-4,Sp > Wa
LC-MS/MS,LC-MS/MS,NA,14-fluoro-myristic acid,19.37555033980647,21.296146545983728,1.9205962061772581,15.642650385822774,15.573668609271692,-0.06898177655108206,3.6748484863266486e-7,5.26593673205489e-6,Sp > Wa
LC-MS/MS,LC-MS/MS,NA,"14beta-14,15-dihydrocalonysterone",19.879403369294366,20.057149559873743,0.17774619057937713,19.269903790387573,18.71349893182377,-0.556404858563802,0.06390413352115686,0.1359396249781216,Not significant
LC-MS/MS,LC-MS/MS,NA,"15-Deoxy-delta12,14 -Prostaglandin J2",22.620690108645984,22.303380020621113,-0.3173100880248718,23.571555665805768,23.79852295582892,0.22696729002315053,0.003137031795787226,0.011492613671081845,Wa > Sp
LC-MS/MS,LC-MS/MS,NA,15-epi-17-F2c-dihomo-IsoP,21.72801985411151,21.12525407547829,-0.6027657786332199,23.031927405206474,21.88320302226286,-1.1487243829436125,0.17312455157739376,0.2951038107933614,Not significant
LC-MS/MS,LC-MS/MS,NA,16-Hydroxyhexadecanoic acid,24.117728103655548,23.33633973546715,-0.7813883681883986,23.408071066536102,22.661973476942496,-0.7460975895936066,0.9322991019207775,0.9497797100817921,Not significant
LC-MS/MS,LC-MS/MS,NA,16-dimethylarsinoyl-9Z-hexadecenoic acid,22.39810317843426,21.78446984751635,-0.6136333309179101,22.183647163304567,21.843165134275228,-0.34048202902933866,0.5076988439824084,0.6287172768785001,Not significant
LC-MS/MS,LC-MS/MS,NA,17-(4-Hydroxyphenyl)heptadecanoate;,20.480529406974224,18.592602519862478,-1.887926887111746,19.83204082992732,19.17374221170693,-0.6582986182203889,0.002640361779875196,0.009979802205673205,Wa > Sp
LC-MS/MS,LC-MS/MS,NA,17-AAG,23.72805943780623,23.312003841782094,-0.4160555960241368,23.22430032936315,23.034975324473272,-0.18932500488987714,0.0421902195409803,0.09703006398842735,Not significant
LC-MS/MS,LC-MS/MS,NA,19'-Hexanoyloxyfucoxanthin,18.46367354121978,16.070977301356532,-2.3926962398632483,17.557528686271667,15.81026210775327,-1.7472665785183974,0.6702057042058285,0.759305688324099,Not significant
LC-MS/MS,LC-MS/MS,NA,"1a,1b-Dihomo prostaglandin E1",23.430252431175635,22.82820542422823,-0.6020470069474051,24.756666903667046,23.527178000565343,-1.2294889031017036,0.16886376156634209,0.2908828865026553,Not significant
LC-MS/MS,LC-MS/MS,NA,"1a,1b-Dihomo prostaglandin F2alpha",23.432645498938825,22.768981423376296,-0.6636640755625294,24.75578945948714,23.531365567360318,-1.224423892126822,0.21768191806604756,0.35305624522154977,Not significant
LC-MS/MS,LC-MS/MS,NA,2 -(Butylamido)-4-hydroxybutanoic acid;,19.693751646270627,19.783537973445508,0.08978632717488111,22.78617258004321,23.61789387488818,0.8317212948449679,0.02622863218137439,0.06602729027898109,Not significant
LC-MS/MS,LC-MS/MS,NA,2''-O-beta-L-Galactopyranosylorientin,23.83091515706425,26.991418660586035,3.1605035035217846,25.757351440088808,26.49911412135449,0.7417626812656835,3.565249426318253e-14,9.298170503838005e-12,Sp > Wa
LC-MS/MS,LC-MS/MS,NA,2'-Deoxy-5-hydroxymethylcytidine-5'-triphosphate;,24.718440024758976,22.278548320645903,-2.439891704113073,19.654384861993183,19.43832041993662,-0.21606444205656317,0.01424540476597122,0.040916316772745535,Wa > Sp
LC-MS/MS,LC-MS/MS,NA,2'-Deoxyadenosine,24.306328048131142,23.380502786644605,-0.925825261486537,23.781215917439653,23.278621928178566,-0.5025939892610864,0.12009954686265621,0.22498943026329457,Not significant
LC-MS/MS,LC-MS/MS,NA,2'-Deoxyinosine 5'-monophosphate,15.782858665010435,16.067239778370478,0.2843811133600429,18.333835839614856,22.603391844917137,4.269556005302281,4.701309183402477e-11,2.6654379022421004e-09,Wa > Sp
LC-MS/MS,LC-MS/MS,NA,2'-O-Methyladenosine,21.219901048713176,20.584611588387766,-0.63528946032541,20.249601988064416,19.352651514612326,-0.8969504734520903,0.8409252679491191,0.887908137170568,Not significant
LC-MS/MS,LC-MS/MS,NA,"2,2',3',4,4',5,5'-Heptachloro-3-biphenylol;",21.287855786634477,20.799160588658992,-0.4886951979754848,23.73958421969132,20.82074693915687,-2.9188372805344507,3.3895480922874734e-9,9.822157138539701e-8,Sp > Wa
LC-MS/MS,LC-MS/MS,NA,"2,2'-Methylenebis(6-cyclohexyl-4-methylphenol)",19.106621272877412,20.70905524201097,1.602433969133557,18.72724684327398,18.393619668464165,-0.3336271748098163,1.0886763746040124e-9,3.7358789275885056e-8,Sp > Wa
LC-MS/MS,LC-MS/MS,NA,"2,2-Bis(hydroxymethyl)propionic acid",25.65451236629556,25.1229463233927,-0.5315660429028597,25.678643389990203,25.398768851648995,-0.27987453834120757,0.564506575032822,0.6728670693261424,Not significant
LC-MS/MS,LC-MS/MS,NA,"2,3-Dihydroxybenzoic acid",22.78975055460974,23.439836231603664,0.6500856769939247,21.716608682285628,21.67735012260633,-0.03925855967929692,0.005123668968965039,0.01717548672372856,Sp > Wa
LC-MS/MS,LC-MS/MS,NA,"2,3-Dinor prostaglandin E1",22.869111978670357,21.7187428344097,-1.150369144260658,20.23740175437193,18.374774412919916,-1.862627341452015,0.1579572317044793,0.2775959974968208,Not significant
LC-MS/MS,LC-MS/MS,NA,"2,3-Dinor-11beta-prostaglandin F2alpha",21.45670756244077,20.120574099912684,-1.3361334625280854,20.858215468406847,19.231468831732577,-1.6267466366742696,0.6027966573815857,0.7051931781609986,Not significant
LC-MS/MS,LC-MS/MS,NA,"2,3-Dinor-8-epi-prostaglandin F2alpha",20.34332521834536,20.07945510581901,-0.26387011252634807,20.136401693787697,21.04976982298102,0.9133681291933229,0.021638696302741733,0.05608102627284918,Not significant
LC-MS/MS,LC-MS/MS,NA,"2,3-Dinor-TXB2",20.513414931571532,18.981423503731445,-1.5319914278400866,16.62167721109031,16.30401691299979,-0.317660298090523,0.005031595120893173,0.016910309375372932,Wa > Sp
LC-MS/MS,LC-MS/MS,NA,"2,3-dihydroxypropyl 12-methyltridecanoate",20.776432850247236,20.705198554704875,-0.07123429554236083,22.2918483957944,22.04854706646262,-0.2433013293317785,0.42654984709650146,0.5607066538445946,Not significant
LC-MS/MS,LC-MS/MS,NA,"2,3-dinor-8-iso Prostaglandin F2?",21.065973010892584,21.11504524487542,0.04907223398283733,21.35260170485755,22.177355217820335,0.8247535129627863,0.09930953324342756,0.19213595155701713,Not significant
LC-MS/MS,LC-MS/MS,NA,"2,4-Diacetylphloroglucinol;",18.082398577920497,18.737565812750955,0.6551672348304578,25.842084087340137,25.071714773341053,-0.7703693139990833,1.6741599980575274e-7,2.7288807968337697e-6,Sp > Wa
LC-MS/MS,LC-MS/MS,NA,"2,5-Dihydroxybenzaldehyde",23.523055618211536,23.34438689171201,-0.17866872649952725,23.698908300427206,23.479822219415407,-0.21908608101179894,0.8748161071036207,0.9111503224146337,Not significant
LC-MS/MS,LC-MS/MS,NA,"2,5-Dimethyl-N-(3-methyl-5-isoxazolyl)-3-furamide",18.322060598860592,20.614128272575673,2.2920676737150814,19.159209158250942,20.270136685145076,1.1109275268941339,3.071089314708578e-5,2.188360910590156e-4,Sp > Wa
LC-MS/MS,LC-MS/MS,NA,"2,5-Furandicarboxylic acid",25.54537600890825,27.014347364840997,1.468971355932748,26.616969116221032,27.07627948212328,0.4593103659022475,1.8395936512506387e-4,0.0010164534411995056,Sp > Wa
LC-MS/MS,LC-MS/MS,NA,"2,6-Di-tert-butyl-1,4-benzoquinone",21.637122776425063,21.362817893412657,-0.2743048830124053,22.617731707289828,22.521911263763272,-0.09582044352655572,0.576413087336721,0.6839332719627701,Not significant
LC-MS/MS,LC-MS/MS,NA,"2,6-Dimethyldeca-2,4,6,8-tetraenedial;",18.979062471726827,18.11219696597767,-0.866865505749157,15.542501694354934,15.121382973420726,-0.4211187209342082,0.335737563513844,0.48110086024401383,Not significant
LC-MS/MS,LC-MS/MS,NA,"2,6-Naphthalenedisulfonic acid;",21.451992149090966,21.258165103664826,-0.19382704542613993,22.64051819308673,22.77448173022627,0.13396353713953957,4.15801081678418e-8,8.888600172273068e-7,Wa > Sp
LC-MS/MS,LC-MS/MS,NA,"2,7-Dihydroxy-5-methyl-1-naphthoate;",19.651500535347864,20.696470715397297,1.0449701800494324,19.345717355805526,19.641892794603944,0.2961754387984179,0.002615059335292228,0.009970869512342296,Sp > Wa
LC-MS/MS,LC-MS/MS,NA,2-(2-thienyl)-4H-chromen-4-one,20.58363327068608,22.336428209677052,1.7527949389909736,20.86226225139328,21.84632179528901,0.9840595438957322,0.04234937959873577,0.09722463203653423,Not significant
LC-MS/MS,LC-MS/MS,NA,2-(5-Chloro-2-methylanilino)-2-phenylacetonitrile,18.073091159226347,17.856629353078954,-0.21646180614739308,23.330415144896143,22.222339666507683,-1.1080754783884608,8.408418856893803e-4,0.003729448363737931,Sp > Wa
LC-MS/MS,LC-MS/MS,NA,2-(Phenylsulfonyl)acetophenone,24.866713920597412,26.683027389626215,1.8163134690288025,24.579949471070048,26.54125731101363,1.9613078399435828,0.7591339185658562,0.8269930073599636,Not significant
LC-MS/MS,LC-MS/MS,NA,2-(S-Glutathionyl)acetyl glutathione;,22.442959385060252,25.648229598107157,3.205270213046905,18.937899663707423,19.341237015419182,0.4033373517117589,0.0010625717519606372,0.004572809533617655,Sp > Wa
LC-MS/MS,LC-MS/MS,NA,2-(alpha-D-Glucosyl)-sn-glycerol 3-phosphate;,25.762038395161955,26.577310428581463,0.8152720334195074,25.607680989869948,25.824702878793268,0.21702188892331975,0.005257874246176733,0.017490479635240967,Sp > Wa
LC-MS/MS,LC-MS/MS,NA,"2-Amino-1,3,4-octadecanetriol",23.680510385668175,22.953026164771067,-0.7274842208971073,25.087188183951188,23.920348607201184,-1.1668395767500037,0.6296996733255167,0.7292436714178274,Not significant
LC-MS/MS,LC-MS/MS,NA,"2-Amino-1,3-octadecanediol",24.022236359114018,23.482937527286975,-0.5392988318270433,25.527370938663047,24.97239544991051,-0.554975488752536,0.9451723058437722,0.9591476162025516,Not significant
LC-MS/MS,LC-MS/MS,NA,2-Amino-4-chloro-6-methylpyrimidine,21.798481170531826,21.657022952833096,-0.14145821769873024,22.728408873609126,22.661439938959862,-0.0669689346492639,0.352942889841667,0.4943475062873617,Not significant
LC-MS/MS,LC-MS/MS,NA,2-Amino-5-oxohexanoate;,20.95204228730146,20.01707963814608,-0.9349626491553806,19.01655023399866,17.91574666462103,-1.1008035693776321,0.5375006186761342,0.6506539740514509,Not significant
LC-MS/MS,LC-MS/MS,NA,2-Anisic acid,20.459820159544563,20.11358873679727,-0.34623142274729446,27.037420695416742,27.689308906185463,0.6518882107687212,0.027648233262618744,0.06920018459588262,Not significant
LC-MS/MS,LC-MS/MS,NA,2-Arachidonoyl glycerol,21.8422801712523,21.47973125201845,-0.36254891923384847,22.528239974699535,22.528109942583374,-1.3003211616080534e-4,0.560397802039375,0.6698063555081072,Not significant
LC-MS/MS,LC-MS/MS,NA,2-Benzoyl-3-chloro-1H-phenalen-1-one,21.318441433975913,20.821669481568478,-0.49677195240743544,19.06796082670158,19.883634165524697,0.8156733388231174,0.10460496185708752,0.20000714114610282,Not significant
LC-MS/MS,LC-MS/MS,NA,2-Butoxyacetic acid,19.760346779476258,18.06451488834159,-1.6958318911346666,19.41333099856762,19.8453713641714,0.432040365603779,0.024242599930021126,0.06188585789921889,Not significant
LC-MS/MS,LC-MS/MS,NA,2-C-Methyl-D-erythritol 4-phosphate;,29.60193806067326,29.178519040097097,-0.4234190205761621,29.66040970706628,31.406200447141785,1.7457907400755062,3.442838051720966e-8,7.64031777721949e-7,Wa > Sp
LC-MS/MS,LC-MS/MS,NA,2-Chlorobenzhydrol;,20.788884652885738,20.20036752995562,-0.5885171229301172,20.107589005588036,20.388636824051922,0.28104781846388605,0.3527015952607512,0.4943475062873617,Not significant
LC-MS/MS,LC-MS/MS,NA,2-Dehydro-D-xylonate;,22.187740288958175,22.82323805367587,0.6354977647176945,23.524899996221514,23.496752133532237,-0.028147862689277048,0.004387052138034509,0.015157712303494155,Sp > Wa
LC-MS/MS,LC-MS/MS,NA,2-Ethoxy-2'-ethyloxanilide,22.67600216581888,22.373028167969824,-0.30297399784905465,23.88501105952764,23.889826802214962,0.004815742687323876,0.3138016578646713,0.4587414370577706,Not significant
LC-MS/MS,LC-MS/MS,NA,2-Furoic acid,28.003953419353806,28.12412297108246,0.12016955172865451,28.038741748023394,29.459006404218936,1.4202646561955419,7.39118184327542e-7,9.191568454629215e-6,Wa > Sp
LC-MS/MS,LC-MS/MS,NA,2-Hydroxy-3-oxosuccinate; Oxaloglycolate;,21.668028768760625,21.463625421225537,-0.20440334753508793,23.206857580661193,23.282406550012627,0.07554896935143418,0.006495264951806229,0.021056688297331767,Wa > Sp
LC-MS/MS,LC-MS/MS,NA,2-Hydroxycaproic acid,23.37294105087433,22.840874138601663,-0.5320669122726684,21.41859078718461,22.107419803892917,0.6888290167083078,8.196412723735382e-4,0.003685559376465841,Wa > Sp
LC-MS/MS,LC-MS/MS,NA,2-Hydroxycinnamic acid,28.850431638000614,29.32702246480624,0.4765908268056265,22.993818277786094,23.287778348032187,0.2939600702460936,0.843826026427095,0.8895304272117477,Not significant
LC-MS/MS,LC-MS/MS,NA,2-Hydroxymethylclavam;,22.427718211047175,22.42721877089816,-4.994401490137079e-4,22.967311482660957,22.570644103454022,-0.39666737920693507,0.22739421629898765,0.3647257786640589,Not significant
LC-MS/MS,LC-MS/MS,NA,2-Hydroxyphenylalanine,19.351059421644255,21.144864614567965,1.7938051929237098,21.539773191052657,22.412139231682847,0.8723660406301903,0.037380150959101924,0.0879850484669114,Not significant
LC-MS/MS,LC-MS/MS,NA,2-Iodo-6-methoxyphenol;,19.036954140742143,18.938733482374232,-0.09822065836791083,19.71986274478184,19.37573876973023,-0.34412397505160897,0.1314229397763486,0.24308583470689163,Not significant
LC-MS/MS,LC-MS/MS,NA,2-Isopropylmalic acid,29.291070006009978,28.688493848691,-0.6025761573189783,25.64587219004407,27.384438737718323,1.7385665476742531,1.474158253915766e-5,1.2014389769413493e-4,Wa > Sp
LC-MS/MS,LC-MS/MS,NA,2-Mercaptobenzothiazole,18.303739135047987,18.746844298302218,0.44310516325423066,21.136217406358128,21.32107898731471,0.18486158095658212,0.717191047629355,0.7945769975434827,Not significant
LC-MS/MS,LC-MS/MS,NA,2-Methyl-4-pentenoic Acid,20.433532090306013,18.927382023533504,-1.5061500667725092,19.12267889662304,19.963959531695643,0.8412806350726036,0.0020426085438224953,0.00790374344553274,Wa > Sp
LC-MS/MS,LC-MS/MS,NA,2-Methylaminoadenosine;,20.267518737584457,19.72096067094705,-0.5465580666374059,16.5040352349714,16.05741696847435,-0.44661826649705105,0.8024053743624221,0.8583565284401956,Not significant
LC-MS/MS,LC-MS/MS,NA,2-Methylbenzoic acid,22.122998553155877,22.31011903241649,0.1871204792606136,29.40528901889015,30.102125427846925,0.6968364089567736,0.2539159745078742,0.39417432233127137,Not significant
LC-MS/MS,LC-MS/MS,NA,"2-N,6-N-Bis(2,3-dihydroxybenzoyl)-L-lysine;",18.90355247294046,19.28704498212282,0.3834925091823571,19.2742080295063,20.012398215440466,0.7381901859341653,0.6053071423429657,0.7059529998729857,Not significant
LC-MS/MS,LC-MS/MS,NA,2-Oxo-turkesterone,17.060095878823763,16.426358257255597,-0.6337376215681658,24.962192716858233,24.720235161328006,-0.24195755553022735,0.36828822082769075,0.5055240420624303,Not significant
LC-MS/MS,LC-MS/MS,NA,2-Oxoglutaric acid,25.647145851578742,25.782499043023336,0.1353531914445938,26.27205644189815,26.8603138050148,0.5882573631166501,0.15600413514237108,0.27453359274716854,Not significant
LC-MS/MS,LC-MS/MS,NA,"2-Pyrone-4,6-dicarboxylate;",25.43511350060096,25.394608808659427,-0.040504691941531945,23.691654599395445,24.705522032765796,1.0138674333703506,0.006523697908069044,0.021056688297331767,Wa > Sp
LC-MS/MS,LC-MS/MS,NA,2-[(2-nitrovinyl)amino]benzoic acid,21.706697380193603,21.806518504589427,0.0998211243958238,20.295209026478926,20.150555587057266,-0.14465343942165987,0.3200171240353495,0.46529832853324327,Not significant
LC-MS/MS,LC-MS/MS,NA,2-bromo-2-butenoic acid,20.111965529960624,19.381374965989444,-0.7305905639711803,27.53084398905597,20.624517138492937,-6.906326850563033,7.401186255644689e-7,9.191568454629215e-6,Sp > Wa
LC-MS/MS,LC-MS/MS,NA,"2-bromo-4-(1,3-dithiolan-2-yl)-6-methoxyphenol",21.22565635598205,21.505222458907586,0.27956610292553563,19.66226164498381,19.461235400908812,-0.20102624407499903,0.016687804403745884,0.045716170047236625,Sp > Wa
LC-MS/MS,LC-MS/MS,NA,2-hydroxy-decanedioic acid,21.05858243151616,19.819104215680955,-1.2394782158352058,18.37048453639896,17.86997039074665,-0.500514145652307,0.030944840083976657,0.07613598390472746,Not significant
LC-MS/MS,LC-MS/MS,NA,2-hydroxy-nonadecanoic acid,15.896919956542856,15.764829646626715,-0.13209030991614057,18.040068880058328,17.029034466705653,-1.0110344133526752,0.006458459778114686,0.02100207369242282,Sp > Wa
LC-MS/MS,LC-MS/MS,NA,2-piperidinobenzoic acid,22.055837191059126,19.308270931507813,-2.747566259551313,19.552250844419724,20.064955424704205,0.5127045802844812,0.015238730674797666,0.042733988817067005,Wa > Sp
LC-MS/MS,LC-MS/MS,NA,"2-tridecene-4,7-diynal",19.430915390634368,20.648300113771285,1.2173847231369166,18.728120821495285,18.57245445170955,-0.15566636978573456,4.09094578183004e-11,2.6372203144321227e-9,Sp > Wa
LC-MS/MS,LC-MS/MS,NA,"20,26-Dihydroxyecdysone;",21.212833339724654,21.823287101034246,0.6104537613095928,23.980190349781626,24.836320747626335,0.8561303978447086,0.26887545383217765,0.412972428500777,Not significant
LC-MS/MS,LC-MS/MS,NA,20-Dihydro 6alpha-methylprednisone,18.398206232114326,18.12293429674751,-0.27527193536681693,17.37614025187081,15.968420878953507,-1.4077193729173043,0.2516152556532995,0.3915349562910532,Not significant
LC-MS/MS,LC-MS/MS,NA,25-Hydroxy-atrotosterone A,16.29448610732798,16.559714889015666,0.2652287816876857,20.742553809728857,19.298137329964813,-1.444416479764044,0.00670136114840391,0.021523583589947534,Sp > Wa
LC-MS/MS,LC-MS/MS,NA,26-Deglucoprotodioscin;,21.062518655943965,21.12325060419318,0.06073194824921657,18.016782296792428,17.56810005007205,-0.44868224672037726,0.015334246482308168,0.042817681826402255,Sp > Wa
LC-MS/MS,LC-MS/MS,NA,27-Norcholestanehexol,23.58099752531148,23.340663942227714,-0.24033358308376762,24.79595439406738,24.456876278083094,-0.33907811598428594,0.42219843760599773,0.5567612838011174,Not significant
LC-MS/MS,LC-MS/MS,NA,3'-CMP; Cytidine 3'-phosphate;,22.681937704315438,22.72247497326127,0.040537268945833205,23.051700068524735,23.80530776801045,0.7536076994857162,1.2683142835026124e-6,1.4899836267454115e-5,Wa > Sp
LC-MS/MS,LC-MS/MS,NA,3'-Deoxydihydrostreptomycin;,21.415438556313102,19.6608626345656,-1.7545759217475023,20.86184809882822,20.506011504161233,-0.3558365946669859,0.026177391881148097,0.06602576211415304,Not significant
LC-MS/MS,LC-MS/MS,NA,3'-Keto-3'-deoxy-AMP;,23.48332051197034,22.2986685062741,-1.1846520056962397,23.868455532177045,20.921905587707784,-2.946549944469261,1.3197478507454043e-4,7.717269943372229e-4,Sp > Wa
LC-MS/MS,LC-MS/MS,NA,"3,12-diketo-4,6-petromyzonene-24-sulfate",20.220222595555,19.66441851437914,-0.5558040811758609,23.65119112021574,22.72881731653603,-0.922373803679708,0.24347286115253017,0.3829778177839558,Not significant
LC-MS/MS,LC-MS/MS,NA,"3,4,5-trihydroxycyclohex-1-ene-1-carboxylic acid",24.525530453193443,24.9161873951019,0.3906569419084569,25.320268259646532,25.535323864236435,0.21505560458990303,0.2962839862263018,0.444596453439698,Not significant
LC-MS/MS,LC-MS/MS,NA,"3,4-MDPA",20.672291369082757,19.465405179379754,-1.2068861897030025,18.16733226216288,17.826685641179484,-0.3406466209833958,0.012493765179477577,0.03652885604044565,Wa > Sp
LC-MS/MS,LC-MS/MS,NA,"3,4-dimethyl-5-carboxyethyl-2-furanpentanoic acid",17.25771441094067,17.444348938910256,0.18663452796958424,20.811199468443935,21.23093646715497,0.4197369987110342,0.02801048102151273,0.06997254262845326,Not significant
LC-MS/MS,LC-MS/MS,NA,"3,5,7-Trimethyl-2E,4E,6E,8E-decatetraene",20.007774653189337,20.90697778876904,0.8992031355797039,16.139972142475834,16.054716283175953,-0.08525585929988111,1.1565015373148948e-5,9.667166696529634e-5,Sp > Wa
LC-MS/MS,LC-MS/MS,NA,3-(2-thienylmethylidene)chroman-4-one,23.961533277239628,25.558719424048366,1.5971861468087383,23.5274275343596,24.873559736229694,1.3461322018700947,0.4099631781009191,0.5463729974230107,Not significant
LC-MS/MS,LC-MS/MS,NA,3-Acetamidopropanal;,22.22119542044161,21.574587976323617,-0.6466074441179934,22.571191602412675,22.552107372687182,-0.019084229725493174,0.040556863903788744,0.09393632421055155,Not significant
LC-MS/MS,LC-MS/MS,NA,3-Butylidene-7-hydroxyphthalide;,21.619777355006825,21.34209156616733,-0.277685788839495,17.60442881025869,17.38720619475514,-0.21722261550354816,0.8386672919515695,0.887908137170568,Not significant
LC-MS/MS,LC-MS/MS,NA,3-Dehydro-2-deoxyecdysone;,18.84095312012052,18.67319957834347,-0.16775354177704926,17.756005401648803,18.01223862532707,0.2562332236782652,0.3874508586095552,0.5262874162779791,Not significant
LC-MS/MS,LC-MS/MS,NA,3-Dehydro-4-phospho-L-erythronate;,19.12568638130152,19.518376997704383,0.39269061640286296,20.02927341490747,22.582719628848366,2.553446213940898,0.010964380366460004,0.033096185180240385,Wa > Sp
LC-MS/MS,LC-MS/MS,NA,3-Dehydro-D-glucose 6-phosphate;,21.207985444741922,22.299655993784103,1.0916705490421812,21.284539707214513,22.432192959815165,1.1476532526006515,0.8209886480893018,0.8739340384558772,Not significant
LC-MS/MS,LC-MS/MS,NA,3-Dehydro-L-gulonate 6-phosphate;,24.0620776350192,25.420098126156734,1.358020491137534,21.476233630256186,21.484608335581218,0.008374705325032039,4.851864667654743e-4,0.002334624179565234,Sp > Wa
LC-MS/MS,LC-MS/MS,NA,3-Deoxyestradiol; 3-Deoxy-17beta-estradiol;,22.125713988598687,21.90801294911525,-0.2177010394834369,17.099191053188196,16.501206877612216,-0.5979841755759807,0.4881808561428781,0.6174469800294017,Not significant
LC-MS/MS,LC-MS/MS,NA,"3-Hydroxy-2,6-bis(hydroxymethyl)-4H-pyran-4-one",22.25446108425787,22.83540449241081,0.5809434081529403,21.94010406046015,23.264441690323633,1.3243376298634821,0.046230744686885504,0.10447988054020571,Not significant
LC-MS/MS,LC-MS/MS,NA,3-Hydroxy-3-(methoxycarbonyl)pentanedioic acid,24.10983461839611,25.619309543603652,1.5094749252075417,24.56967960574871,25.161072222779474,0.5913926170307633,0.06057831581145112,0.1297112049558822,Not significant
LC-MS/MS,LC-MS/MS,NA,3-Hydroxy-3-methylglutaric acid,25.34538039721992,23.920188094243887,-1.4251923029760327,24.98367012587632,24.302146382708646,-0.6815237431676735,0.0015377368574965888,0.006188916241282567,Wa > Sp
LC-MS/MS,LC-MS/MS,NA,3-Hydroxybutyric acid,23.341275958858425,21.93796514884717,-1.4033108100112557,20.507436604086976,20.514601549118826,0.007164945031849612,0.2293605200377701,0.36563095125825457,Not significant
LC-MS/MS,LC-MS/MS,NA,3-Hydroxycinnamic acid,19.64902973488079,20.018011669666933,0.3689819347861416,28.271122541995688,28.971875780713866,0.7007532387181783,0.6743415380237092,0.7593621464446605,Not significant
LC-MS/MS,LC-MS/MS,NA,3-Hydroxyhexobarbital;,21.07771620761183,20.816948328172604,-0.26076787943922497,21.693275426581682,21.68381507226627,-0.009460354315411479,0.4994016190775311,0.6231767572029671,Not significant
LC-MS/MS,LC-MS/MS,NA,3-Methyladipic acid,20.96649421396657,21.01143750832255,0.04494329435598132,20.951948275019575,20.621102979552372,-0.33084529546720276,0.12234241707720049,0.2279064455266706,Not significant
LC-MS/MS,LC-MS/MS,NA,3-Methylcrotonylglycine;,20.376545548426623,20.468227372897775,0.09168182447115214,20.206322137596146,20.66162507988055,0.4553029422844048,0.6607593892722307,0.7544923324089219,Not significant
LC-MS/MS,LC-MS/MS,NA,3-Phosphonopyruvate;,20.89630471099288,21.894746715828763,0.9984420048358835,21.884646521564292,20.66844802773199,-1.2161984938323016,4.348161527478221e-5,3.0000013925034924e-4,Sp > Wa
LC-MS/MS,LC-MS/MS,NA,3-[(1-Carboxyvinyl)oxy]benzoic acid,20.919828750436835,21.770746177175827,0.8509174267389916,24.625408346161976,25.78036257941562,1.154954233253644,0.5360542332690825,0.6506539740514509,Not significant
LC-MS/MS,LC-MS/MS,NA,3-[4-(Trifluoromethoxy)phenyl]acrylic acid,19.954380967808472,20.06471180795235,0.1103308401438774,20.613201142209668,22.17649760892798,1.5632964667183131,0.031954094699407035,0.07772369931892971,Not significant
LC-MS/MS,LC-MS/MS,NA,3-amino-octanoic acid,18.042870111610046,18.225797860328058,0.18292774871801143,23.81030222381708,21.8334890447654,-1.9768131790516783,4.2504261151648034e-12,5.038686958340821e-10,Sp > Wa
LC-MS/MS,LC-MS/MS,NA,3-chloro-4-methylquinolin-2-ol,27.132375262597886,27.17804755383267,0.04567229123478356,27.55653161165464,28.401420598481973,0.8448889868273319,2.1705999089156208e-7,3.410195519549361e-6,Wa > Sp
LC-MS/MS,LC-MS/MS,NA,3-methyl-5-carboxypropyl-2-furanpropanoic acid,19.285171436199615,19.381333972565734,0.09616253636611916,20.442095341796154,20.710644036177076,0.26854869438092166,0.7780520062767938,0.8405797979991211,Not significant
LC-MS/MS,LC-MS/MS,NA,3-oxo-nonadecanoic acid,24.11117829195237,23.519768802004943,-0.5914094899474271,26.704793214113508,25.292024009340842,-1.4127692047726654,0.0011076627369514998,0.004720235977074365,Sp > Wa
LC-MS/MS,LC-MS/MS,NA,3-tert-Butyl-4-hydroxyanisole,16.01551702393998,15.971498901307283,-0.04401812263269811,22.094400064290124,21.407658940307964,-0.6867411239821593,8.06855381659697e-5,5.058362585020408e-4,Sp > Wa
LC-MS/MS,LC-MS/MS,NA,3-tert-Butyl-5-methylcatechol;,22.867517187322715,22.49793048956855,-0.3695866977541655,22.456162861644987,22.380704512728325,-0.07545834891666203,0.45437121316112283,0.5849593997092889,Not significant
LC-MS/MS,LC-MS/MS,NA,3C-P,24.50618235828425,23.452748649767003,-1.0534337085172467,20.682566494865792,19.43749104610167,-1.2450754487641227,0.6423072440448203,0.7379459438188949,Not significant
LC-MS/MS,LC-MS/MS,NA,3beta-Hydroxysteroid-4alpha-carboxylate;,18.808151535020503,18.723808160210375,-0.08434337481012832,21.81482680522779,20.876140482070213,-0.9386863231575759,0.2720541489639877,0.41736307088122354,Not significant
LC-MS/MS,LC-MS/MS,NA,4'-Cinnamoylmussatioside;,20.772708282307935,19.214586593668358,-1.5581216886395772,16.135729729016344,15.892845309696423,-0.2428844193199211,3.9022952334298454e-7,5.413396791906935e-6,Wa > Sp
LC-MS/MS,LC-MS/MS,NA,4'-Methoxy-alpha-ethylaminovalerophenone,19.665049591626303,18.476167291631256,-1.188882299995047,16.46776322331475,15.26131839145117,-1.2064448318635819,0.970327396869663,0.9785823089853368,Not significant
LC-MS/MS,LC-MS/MS,NA,4'-O-Glucosylvitexin,23.80927822227293,27.41276450249008,3.603486280217151,26.75917218094194,26.931668613335987,0.17249643239404833,1.949169086061605e-4,0.0010546541444914246,Sp > Wa
LC-MS/MS,LC-MS/MS,NA,4'-Oxolividamine; 3'-Deoxy-4'-oxoparomamine;,22.11940462062938,21.637011604698895,-0.48239301593048367,23.53359350930468,23.802523376684455,0.2689298673797751,0.00875156242706439,0.027171517630695155,Wa > Sp
LC-MS/MS,LC-MS/MS,NA,"4,10-undecadiynal",21.836653255941528,20.35937473186059,-1.477278524080937,20.544926778845337,19.536098006265384,-1.0088287725799532,0.017244246844679845,0.04674947585335243,Wa > Sp
LC-MS/MS,LC-MS/MS,NA,"4,4'-Methylenebis(2-chloroaniline)",17.597754315197477,16.898275356472812,-0.699478958724665,20.222032822450718,18.985302161770083,-1.2367306606806352,0.734668441740242,0.8070831070170813,Not significant
LC-MS/MS,LC-MS/MS,NA,"4,4-Difluoropregn-5-ene-3,20-dione;",19.765171100317627,19.038282080889267,-0.7268890194283593,19.954976196733256,19.47640806051093,-0.4785681362223251,0.6709672840996181,0.759305688324099,Not significant
LC-MS/MS,LC-MS/MS,NA,"4,5-(methanoxyethano)isolongifol-4-ene",21.88108419085149,21.935551511087045,0.054467320235556116,23.93818388095785,23.625112293547655,-0.3130715874101959,0.08593872870193302,0.1716142453710883,Not significant
LC-MS/MS,LC-MS/MS,NA,"4,5-dichlorophthalamide",21.97636082547568,21.269799255863266,-0.7065615696124148,22.632826721406662,23.173189041926396,0.5403623205197334,0.022516979234836802,0.057871807356718145,Not significant
LC-MS/MS,LC-MS/MS,NA,4-(Diethylamino)salicylaldehyde,19.684581808790785,19.05140116554955,-0.6331806432412357,21.524329022187388,22.247064871242994,0.7227358490556064,0.0013017145317083102,0.005337848268388794,Wa > Sp
LC-MS/MS,LC-MS/MS,NA,"4-Bromo-2,5-DMMA",22.78383705766304,22.91889192243456,0.13505486477152218,19.66644834163508,18.80451187447265,-0.8619364671624297,0.07508041825830163,0.15466803382120903,Not significant
LC-MS/MS,LC-MS/MS,NA,4-Carboxy-2-oxo-3-hexenedioate;,25.572488345384233,25.848009189745596,0.27552084436136326,21.074954530301778,19.505848954071933,-1.5691055762298447,0.038265301768795265,0.08921497936479954,Not significant
LC-MS/MS,LC-MS/MS,NA,4-Coumaric acid,23.36413107439051,22.29144609207734,-1.07268498231317,32.410538123201896,33.20304643684996,0.7925083136480637,0.09295347635339349,0.18282252362718718,Not significant
LC-MS/MS,LC-MS/MS,NA,4-Dodecylphenol;,21.136244332802168,21.230024624300118,0.09378029149794997,23.30991900056142,22.757727487859977,-0.552191512701441,0.005351889133026469,0.01775792221238299,Sp > Wa
LC-MS/MS,LC-MS/MS,NA,4-Ethoxy ethylbenzoate,26.953448655644827,26.742080375226774,-0.21136828041805344,28.40327813814443,27.951283152069387,-0.45199498607504296,0.13597547870195445,0.24729710491959359,Not significant
LC-MS/MS,LC-MS/MS,NA,4-Fluoro pentedrone,25.87898706916442,25.685432138322003,-0.19355493084241715,27.21321293426209,26.93585773184559,-0.2773552024164978,0.41259783686248375,0.5490077339476315,Not significant
LC-MS/MS,LC-MS/MS,NA,4-Guanidino-1-butanol;,20.927554492436137,22.872264381313233,1.944709888877096,20.42268030794864,21.7064563751731,1.283776067224462,0.3511426450167441,0.493451886651812,Not significant
LC-MS/MS,LC-MS/MS,NA,4-Hydroxy-3-methylbenzaldehyde;,20.561858922083527,20.60640138974047,0.044542467656942364,22.824504702175613,23.767596042746373,0.9430913405707599,0.06725742631187308,0.14191534613379042,Not significant
LC-MS/MS,LC-MS/MS,NA,4-Hydroxycoumarin,20.157359232333118,22.777388821531588,2.62002958919847,24.65130226786088,26.204779875266503,1.5534776074056218,0.05422542633747942,0.11804667102516389,Not significant
LC-MS/MS,LC-MS/MS,NA,4-Hydroxylidocaine,22.63297019681717,21.02405967831185,-1.6089105185053185,18.595362384861883,18.306378814229504,-0.2889835706323787,0.03195386464612925,0.07772369931892971,Not significant
LC-MS/MS,LC-MS/MS,NA,4-Indolecarbaldehyde,24.34703882752237,24.151757284728745,-0.19528154279362298,24.676814396542454,24.682294495197834,0.005480098655379351,0.3085729557551801,0.45569550883890697,Not significant
LC-MS/MS,LC-MS/MS,NA,4-Ketomyxol;,23.742203690655348,21.809756532814898,-1.9324471578404498,24.702866711698917,23.2677974744157,-1.4350692372832157,0.4226945329471674,0.5567612838011174,Not significant
LC-MS/MS,LC-MS/MS,NA,4-Methoxybenzaldehyde,23.556048341138787,23.11118638808665,-0.44486195305213627,22.290911571157,21.84021133320849,-0.4507002379485101,0.986570590024615,0.9893858952445125,Not significant
LC-MS/MS,LC-MS/MS,NA,4-Methoxysalicylic acid,16.38698038130085,17.31669377165198,0.9297133903511288,23.106839575898007,21.563746720634555,-1.5430928552634526,3.16879447006385e-4,0.0016078241202191672,Sp > Wa
LC-MS/MS,LC-MS/MS,NA,4-Methyl-2-oxopentanoate; 2-Oxoisocaproate;,25.25958260492467,24.176257338215244,-1.0833252667094264,25.331849299813307,24.79889805221381,-0.5329512475994953,0.1479967784347813,0.2636445342608672,Not significant
LC-MS/MS,LC-MS/MS,NA,4-Methyl-3-oxoadipate;,22.184114003079845,22.123807998930726,-0.06030600414911902,18.61045459406491,18.80315744483441,0.1927028507694999,0.4555189640542978,0.5849593997092889,Not significant
LC-MS/MS,LC-MS/MS,NA,4-Methylumbelliferyl glucuronide,24.224669763573942,24.311514354478486,0.0868445909045441,19.239496977435827,19.22424725473034,-0.0152497227054873,0.7641379290212331,0.8303632162030733,Not significant
LC-MS/MS,LC-MS/MS,NA,4-Methylumbelliferyl-alpha-D-glucopyranoside,28.22224086748505,28.71154514643934,0.4893042789542932,21.428082121934658,21.544140633883522,0.1160585119488644,0.7911142647166529,0.8501270207536721,Not significant
LC-MS/MS,LC-MS/MS,NA,4-O-Dimethylallyl-L-tyrosine;,20.625749219637374,18.45611288908988,-2.169636330547494,17.614188755954878,17.678062658528777,0.06387390257389924,0.019175664755027907,0.05134510644878109,Not significant
LC-MS/MS,LC-MS/MS,NA,4-O-beta-D-Glucosyl-sinapate;,21.915090948972843,23.272835757943806,1.3577448089709634,26.24758410361865,25.66488662550299,-0.5826974781156586,0.0030099799945739495,0.011194105111759776,Sp > Wa
LC-MS/MS,LC-MS/MS,NA,4-[5-(Trifluoromethyl)-1H-pyrazol-3-yl]pyridine,20.630715470800585,20.80273222166715,0.17201675086656465,20.82860701871496,22.621849531373435,1.7932425126584768,0.02096128121566089,0.055129909022766,Not significant
LC-MS/MS,LC-MS/MS,NA,4-hydroxy-8cis-sphingenine,22.099112881249706,22.019214794812427,-0.07989808643727869,17.67108363924769,17.439694479431093,-0.23138915981659736,0.590321816050761,0.6952780849908216,Not significant
LC-MS/MS,LC-MS/MS,NA,"4-methoxy-6-(prop-2-en-1-yl)-2H-1,3-benzodioxole",20.520099695079654,21.17231519181285,0.652215496733195,18.094369257073584,17.85704548995314,-0.23732376712044356,5.665755798339182e-6,5.2029194091790796e-5,Sp > Wa
LC-MS/MS,LC-MS/MS,NA,4-oxododecanedioic acid,22.81278992741401,22.58322761875328,-0.22956230866072858,19.949936872694323,20.10976973949264,0.1598328667983182,0.5486229749107766,0.6605765090338437,Not significant
LC-MS/MS,LC-MS/MS,NA,4-tert-Butylcalix[4]arene tetraacetic acid,14.99508811662043,14.747385407325293,-0.2477027092951367,23.33418999365285,21.934819975525468,-1.3993700181273816,5.9002285599781016e-5,3.87750448330096e-4,Sp > Wa
LC-MS/MS,LC-MS/MS,NA,5'-S-Methyl-5'-thioadenosine,24.958663251727053,25.04461385529512,0.08595060356806528,26.130001002468198,25.742022606584346,-0.3879783958838523,0.005170062046731128,0.01724235526582453,Sp > Wa
LC-MS/MS,LC-MS/MS,NA,"5,6-dihydro-7-oxo-19,20-epoxycytochalasin C",19.135573451729545,19.322512019905243,0.1869385681756981,19.939640012809953,19.301658344835364,-0.6379816679745893,0.42241050338089814,0.5567612838011174,Not significant
LC-MS/MS,LC-MS/MS,NA,"5,7,3',4'-Tetrahydroxy-6,8-diprenylisoflavone",22.58329354920974,22.364143865396674,-0.21914968381306466,24.988688581128763,24.350581957421053,-0.63810662370771,0.019677333420141163,0.05247288912037643,Not significant
LC-MS/MS,LC-MS/MS,NA,"5-(isopropylthio)-4-phenyl-4H-1,2,4-triazol-3-ol",23.950944217546663,24.1275336034857,0.17658938593903528,24.5862789651111,25.840544208762626,1.2542652436515276,6.444115219755059e-6,5.8763120605318856e-5,Wa > Sp
LC-MS/MS,LC-MS/MS,NA,5-Acetylsalicylic acid,20.09055861971381,20.666747373085787,0.5761887533719765,20.035610640505126,21.31075685241903,1.2751462119139028,0.32860687663210686,0.4761148523647415,Not significant
LC-MS/MS,LC-MS/MS,NA,5-Chloro NNEI,19.04193299441653,19.191843537567973,0.14991054315144225,23.83787495052479,23.59915309926028,-0.23872185126450773,0.2198404900548055,0.3552317212285828,Not significant
LC-MS/MS,LC-MS/MS,NA,5-Methoxysalicylic acid,21.89828197904195,22.826415384655427,0.928133405613476,19.538233194483674,19.05184618724584,-0.486387007237834,7.937967342730097e-6,6.947053298604058e-5,Sp > Wa
LC-MS/MS,LC-MS/MS,NA,5-Methyl-1-naphthoate;,21.619777355006825,21.34209156616733,-0.277685788839495,17.60442881025869,17.38720619475514,-0.21722261550354816,0.8386672919515695,0.887908137170568,Not significant
LC-MS/MS,LC-MS/MS,NA,5-Methyltetrahydropteroyltri-L-glutamate;,22.164773722547586,20.555460734106,-1.6093129884415873,18.57570692901346,18.60571790866603,0.030010979652569603,0.01644063495203764,0.045264438617049305,Wa > Sp
LC-MS/MS,LC-MS/MS,NA,5-O-Methylvisamminol;,21.847008875890086,21.221831636957077,-0.6251772389330092,18.197908974348344,17.842076915920124,-0.35583205842821997,0.5082195377817273,0.6287649689443762,Not significant
LC-MS/MS,LC-MS/MS,NA,5-[4-(phenylsulfonyl)phenyl]-1H-pyrazole,22.2286208001065,23.593472879853337,1.3648520797468358,20.936004905570325,23.28796011085846,2.351955205288135,0.004978477120175472,0.016775023681418127,Wa > Sp
LC-MS/MS,LC-MS/MS,NA,5-epi-Valiolol 7-phosphate;,22.35957416711556,23.117082232585478,0.7575080654699171,23.15805391838525,23.96235153483722,0.8042976164519722,0.7917191683044815,0.8501270207536721,Not significant
LC-MS/MS,LC-MS/MS,NA,6'''-(3-Hydroxy-3-methylglutaroyl)isoviolanthin,19.920323913510597,19.44394969086387,-0.4763742226467258,16.379797443518495,16.183607373689846,-0.19619006982864917,0.39999655699131753,0.5385092126185701,Not significant
LC-MS/MS,LC-MS/MS,NA,6''-O-Acetylglycitin,19.804383437420437,18.701036067394295,-1.1033473700261425,19.31903434259707,23.071151937386038,3.7521175947889667,4.0382897207923793e-7,5.543083995698171e-6,Wa > Sp
LC-MS/MS,LC-MS/MS,NA,"6,7,4'-Trihydroxyflavanone;",21.492989081189823,21.13275918962496,-0.3602298915648632,18.708385048767862,19.752634082909324,1.0442490341414619,5.279034064843074e-10,2.086018309259203e-8,Wa > Sp
LC-MS/MS,LC-MS/MS,NA,"6,7-Dimethyl-8-(D-ribityl)lumazine;",19.02666545720833,21.058919506849357,2.0322540496410255,19.65561759396691,19.513930432896387,-0.14168716107052148,9.820654514189734e-7,1.1968349052806928e-5,Sp > Wa
LC-MS/MS,LC-MS/MS,NA,6-(Allylthio)purine;,21.279058764884088,21.70017139501853,0.42111263013444145,19.450669476883615,24.346523205779594,4.895853728895979,2.063284427191697e-8,4.982449801959209e-7,Wa > Sp
LC-MS/MS,LC-MS/MS,NA,6-Acetyl-D-glucose;,18.96384121491612,19.797143361963958,0.8333021470478386,17.881472859327616,17.966707644861188,0.08523478553357222,0.0012087703547181128,0.005058710931264742,Sp > Wa
LC-MS/MS,LC-MS/MS,NA,6-Demethylsterigmatocystin;,20.681861846989978,21.607835939425314,0.9259740924353359,16.980162037695003,17.10375116652192,0.12358912882691797,0.04366035683646174,0.09970771508712102,Not significant
LC-MS/MS,LC-MS/MS,NA,6-Deoxocastasterone;,15.44511720180875,15.190859728591452,-0.2542574732172991,22.404748908763956,21.16558871068775,-1.2391601980762061,0.0012545950069923878,0.005193625044819282,Sp > Wa
LC-MS/MS,LC-MS/MS,NA,6-Deoxyjacareubin;,19.417109328065372,21.817768256338113,2.4006589282727404,17.164343129241452,16.930400832680213,-0.23394229656123855,1.3795223981919142e-6,1.6061582207520144e-5,Sp > Wa
LC-MS/MS,LC-MS/MS,NA,6-Gingerol,22.746105741260344,22.48547196939143,-0.260633771868914,22.728556397154215,22.28262752916775,-0.4459288679864635,0.6703536637273091,0.759305688324099,Not significant
LC-MS/MS,LC-MS/MS,NA,6-Hydroxykaempferol 7-(6''-(E)-caffeylglucoside),16.48798694823369,17.027735087920668,0.5397481396869779,20.4969954471247,22.52887394233273,2.03187849520803,1.7449954356611418e-8,4.2933472605700546e-7,Wa > Sp
LC-MS/MS,LC-MS/MS,NA,6-Hydroxyluteolin 7-glucoside;,19.08940653188494,20.274975532411478,1.185569000526538,20.01865084360611,21.84697179835053,1.8283209547444201,0.0038094417406506096,0.013572437239913648,Wa > Sp
LC-MS/MS,LC-MS/MS,NA,"6-Methoxykaempferol 3,7-bis(3-acetylrhamnoside)",21.435241734952005,22.566906840834374,1.1316651058823695,17.77494060522133,17.934532363778573,0.15959175855724084,0.22781379133412227,0.36494985737063323,Not significant
LC-MS/MS,LC-MS/MS,NA,6-Methoxytaxifolin;,20.79192886750936,21.53097371924119,0.7390448517318298,16.94703441322143,17.14875321831536,0.20171880509392892,0.5512230008582009,0.6624836802940958,Not significant
LC-MS/MS,LC-MS/MS,NA,6-Methylquinoline,23.67921535132273,23.487673817120093,-0.19154153420263498,24.001383172429314,24.00833522078856,0.006952048359245566,0.31282000560499246,0.4578196266093268,Not significant
LC-MS/MS,LC-MS/MS,NA,"6-bromo-24-methyl-pentacosa-5E,9Z-dienoic acid",20.38857364709598,20.088216414041845,-0.300357233054136,21.890300116547206,21.49862791881184,-0.3916721977353639,0.7797892978393421,0.8417593082636607,Not significant
LC-MS/MS,LC-MS/MS,NA,"6-bromo-pentacosa-5E,9Z-dienoic acid",18.123120660988057,18.126760894889266,0.0036402339012084894,21.969438831951067,21.056530108103225,-0.9129087238478419,0.003057826026053303,0.011327855505606554,Sp > Wa
LC-MS/MS,LC-MS/MS,NA,"6Z-Octene-2,4-diynoic acid",22.23875730741363,21.461986366667336,-0.7767709407462924,31.137764484218955,31.495907097287724,0.35814261306876816,0.30242324115130675,0.4503963258724082,Not significant
LC-MS/MS,LC-MS/MS,NA,6alpha-Glucuronosylhyodeoxycholate;,20.256976018857106,19.686341325641212,-0.5706346932158937,22.2295287610858,21.636772870330894,-0.5927558907549049,0.8987273269425077,0.929068915732748,Not significant
LC-MS/MS,LC-MS/MS,NA,7-Cyano-7-carbaguanine; 7-Cyano-7-deazaguanine;,22.46459405366807,21.77492492847028,-0.6896691251977884,23.067219712645198,23.308559449662933,0.2413397370177357,0.0013066488122009225,0.005341285426677125,Wa > Sp
LC-MS/MS,LC-MS/MS,NA,7-Demethylsuberosin,25.218184333091656,24.649901445723444,-0.5682828873682126,25.70560335812598,27.11060804505639,1.4050046869304111,4.578411833857339e-6,4.383110000669778e-5,Wa > Sp
LC-MS/MS,LC-MS/MS,NA,7-Hydroxycoumarine,25.415045406434576,25.1917233820258,-0.2233220244087768,24.637436701832065,31.176703214534417,6.539266512702351,8.235891292635892e-16,5.369801122798602e-13,Wa > Sp
LC-MS/MS,LC-MS/MS,NA,7-Hydroxycoumarinyl arachidonate,18.85891659786658,18.90717547067636,0.04825887280978236,25.780230671160382,25.784608268340236,0.004377597179853865,0.9243857746911313,0.9431917450682592,Not significant
LC-MS/MS,LC-MS/MS,NA,7-Methylguanine,21.81519584422402,21.42758602389,-0.3876098203340206,22.313892298089023,21.918442961959407,-0.39544933612961586,0.9776230393394227,0.9836577494588019,Not significant
LC-MS/MS,LC-MS/MS,NA,7-Oxoheptanoic acid; 7-Ketoheptanoic acid;,22.075922268117264,21.186763566410885,-0.8891587017063785,19.411684025057376,18.667516164318773,-0.7441678607386031,0.6950488794596521,0.777977458210632,Not significant
LC-MS/MS,LC-MS/MS,NA,"7-methyl-3-nitroimidazo[1,2-a]pyridine",23.03796443289729,23.17613072022277,0.13816628732547898,23.739153230768487,24.332138099181023,0.5929848684125361,0.7360791079363718,0.8077360973364079,Not significant
LC-MS/MS,LC-MS/MS,NA,"7alpha,12alpha-Dihydroxy-3-oxochol-4-enoate;",19.888746271403473,19.340042276779055,-0.5487039946244181,21.169291110015614,20.38864319296622,-0.780647917049393,0.6713799529430108,0.759305688324099,Not significant
LC-MS/MS,LC-MS/MS,NA,8-Azaadenosine;,17.30316408449538,14.938270562436678,-2.3648935220587006,16.292607173995844,16.259149605576383,-0.033457568419461126,0.0955268268718544,0.18675709481394026,Not significant
LC-MS/MS,LC-MS/MS,NA,8-Demethyl-8-alpha-L-rhamnosyltetracenomycin C;,17.077515104584986,17.34079340275388,0.2632782981688955,21.726136505854658,23.34674616474369,1.6206096588890304,9.20243469100205e-8,1.6666631718148158e-6,Wa > Sp
LC-MS/MS,LC-MS/MS,NA,8-Demethyl-8-formylriboflavin 5'-phosphate;,21.172766200470683,20.903122264571792,-0.26964393589889113,21.814528058076363,21.93149529864286,0.11696724056649899,0.10037323570471272,0.1935811038538543,Not significant
LC-MS/MS,LC-MS/MS,NA,8-Epiiridodial glucoside tetraacetate;,18.38183229364364,17.0994255315975,-1.28240676204614,16.15205047089865,15.887589124721812,-0.26446134617683903,0.3852754262109702,0.5252845210625016,Not significant
LC-MS/MS,LC-MS/MS,NA,8-Oxoguanine;,21.875459023551986,21.740353983018377,-0.1351050405336096,21.613118910815828,23.131886520527797,1.5187676097119684,2.948932218596071e-5,2.112861325851251e-4,Wa > Sp
LC-MS/MS,LC-MS/MS,NA,"8-iso-13,14-dihydro-15-keto Prostaglandin F2?",17.67955465886326,17.220692974086933,-0.45886168477632694,21.74109204411407,20.84149565904526,-0.8995963850688078,0.5064459848355602,0.6277619431802002,Not significant
LC-MS/MS,LC-MS/MS,NA,"9,10-dibromo-stearic acid",22.91619341153189,25.28421537472675,2.3680219631948596,24.6663202914655,26.353577174588278,1.687256883122778,0.14114998116743446,0.2549301598924301,Not significant
LC-MS/MS,LC-MS/MS,NA,9-Hydroxy-12-oxo-15(Z)-octadecenoic acid;,21.492834933467154,20.542575866270877,-0.9502590671962778,20.594776447557486,19.479702258477243,-1.115074189080243,0.7068519864066781,0.7844553108717517,Not significant
LC-MS/MS,LC-MS/MS,NA,9-Nitrooleate,17.372533089035272,15.50241457110498,-1.8701185179302922,15.921881763926352,15.496063999710136,-0.425817764216216,0.22364413920193943,0.3591526570435086,Not significant
LC-MS/MS,LC-MS/MS,NA,"9S,13R-12-Oxophytodienoic acid",20.328804755926374,20.010052172259133,-0.3187525836672407,23.225132552070622,20.719692035780355,-2.5054405162902675,3.395962101635197e-6,3.600272016692924e-5,Sp > Wa
LC-MS/MS,LC-MS/MS,NA,ADB-PINACA,22.530202687229025,21.54557003868833,-0.9846326485406962,18.74246606382053,17.80468880298585,-0.9377772608346788,0.9416900005874231,0.9563580691323985,Not significant
LC-MS/MS,LC-MS/MS,NA,ADB-PINACA pentanoic acid metabolite,21.777995482535,22.0210266262244,0.24303114368940015,17.520622596674965,17.176221530572633,-0.344401066102332,0.265582623672484,0.4088780888653118,Not significant
LC-MS/MS,LC-MS/MS,NA,ADP; Adenosine 5'-diphosphate;,22.588914241187656,23.17374717484828,0.5848329336606248,25.93829271333107,25.680108850867022,-0.25818386246404756,0.11378796576414249,0.21473155912654388,Not significant
LC-MS/MS,LC-MS/MS,NA,AMCC; N-Acetyl-S-(N-methylcarbamoyl)cysteine;,20.122444065199076,22.52997814131594,2.407534076116864,18.977322855085273,22.23335431364874,3.2560314585634664,0.19482313145733574,0.32362976231893736,Not significant
LC-MS/MS,LC-MS/MS,NA,AMD 070;,20.6184456966329,20.35183383351404,-0.266611863118861,16.874751208465547,15.711431749422188,-1.1633194590433593,0.09905852865880127,0.19213360680413982,Not significant
LC-MS/MS,LC-MS/MS,NA,ANH,20.20086560704114,18.365139874706454,-1.8357257323346872,17.561239685397624,17.404210582430792,-0.15702910296683115,0.09369909465475813,0.18401147504488646,Not significant
LC-MS/MS,LC-MS/MS,NA,APP-FUBINACA,23.984183916024868,24.693869750270267,0.7096858342453984,21.41505807607432,21.08974441678437,-0.32531365928995015,0.055003470642554834,0.11954087619648585,Not significant
LC-MS/MS,LC-MS/MS,NA,ARN1203,22.06718404942041,21.75082181773309,-0.31636223168731803,23.53982744003777,22.99626060198697,-0.543566838050797,0.030289485590887663,0.07480585077749528,Not significant
LC-MS/MS,LC-MS/MS,NA,Acacetin 7-(4'''-acetylrutinoside),20.17065118992487,20.06205280725011,-0.10859838267476007,18.204691537776934,18.049188429156118,-0.15550310862081673,0.8184790896092423,0.8719744549431797,Not significant
LC-MS/MS,LC-MS/MS,NA,Acetanilide,22.39395578038795,21.673576889708276,-0.720378890679676,22.903973307385943,22.302890270541546,-0.6010830368443969,0.7570365946894799,0.8253977587584296,Not significant
LC-MS/MS,LC-MS/MS,NA,Actinonin;,19.101420199601034,17.629092198301716,-1.4723280012993172,20.5208831823964,19.578806517666806,-0.9420766647295942,0.37185853955577985,0.5098880500323206,Not significant
LC-MS/MS,LC-MS/MS,NA,Adenine,29.13516642576213,28.761801862185646,-0.37336456357648373,28.109828119995626,27.53532101461011,-0.5745071053855177,0.5343748260814672,0.6506539740514509,Not significant
LC-MS/MS,LC-MS/MS,NA,Adenosine,29.42980523503275,30.198650612582718,0.7688453775499688,30.95704965336679,30.972625987846854,0.01557633448006257,0.03822666321766373,0.08921497936479954,Not significant
LC-MS/MS,LC-MS/MS,NA,Adenosine 3'5'-cyclic monophosphate,24.452938500682304,23.809005604045666,-0.6439328966366382,26.030099429976058,23.47647334501179,-2.553626084964268,1.8142040851515563e-4,0.0010066902668245232,Sp > Wa
LC-MS/MS,LC-MS/MS,NA,Adenosine 5'-monophosphate,23.473701665690893,24.06501263156757,0.5913109658766764,26.605126602142047,25.288731147847987,-1.3163954542940601,2.1219135349524155e-5,1.6181141810397368e-4,Sp > Wa
LC-MS/MS,LC-MS/MS,NA,Adipic acid,21.551792599254988,21.48136727099718,-0.07042532825780867,23.395732086601427,23.440195662737487,0.04446357613606011,0.3295630210735937,0.47681871629476696,Not significant
LC-MS/MS,LC-MS/MS,NA,Aflatoxin B1,22.204247700657444,21.208336517393988,-0.9959111832634555,21.107626725306893,21.104936167706196,-0.002690557600697474,0.47711267814191105,0.6063888229016101,Not significant
LC-MS/MS,LC-MS/MS,NA,"Aflatoxin B1-endo-8,9-epoxide;",15.751766126974102,16.42365660337873,0.671890476404629,22.988607316697017,22.854683063129706,-0.13392425356731152,1.9443352600128364e-4,0.0010546541444914246,Sp > Wa
LC-MS/MS,LC-MS/MS,NA,Aflatoxin G1,24.515621750680303,25.157428361805,0.6418066111246965,24.162789290338505,25.06770362030149,0.9049143299629847,0.012901993787952116,0.03738711088775457,Wa > Sp
LC-MS/MS,LC-MS/MS,NA,Aflatoxin M1,15.6532742936946,15.908719879116505,0.25544558542190465,22.400266809303314,22.381139061140946,-0.01912774816236862,0.06948550490633139,0.14543996532561176,Not significant
LC-MS/MS,LC-MS/MS,NA,Aflatoxin P1; AFP1;,21.57833065432759,22.12561892135167,0.5472882670240793,21.1103704271768,21.154220918985285,0.04385049180848455,0.008401395943212575,0.026209139497486118,Sp > Wa
LC-MS/MS,LC-MS/MS,NA,Aflatrem;,17.081314535432494,15.469706500291332,-1.6116080351411615,21.38753892515601,20.365311845257963,-1.0222270798980482,0.08224583660587202,0.16653504803425018,Not significant
LC-MS/MS,LC-MS/MS,NA,Ageratriol,19.49266347982436,19.270305316502135,-0.22235816332222313,17.89860859091806,17.32360437022342,-0.5750042206946375,0.5163407737771146,0.6357963824413195,Not significant
LC-MS/MS,LC-MS/MS,NA,Agnuside,19.150354953599802,18.756696701147167,-0.3936582524526351,18.352762973908128,18.32078447248351,-0.03197850142461789,0.5053224000601337,0.6269651852316026,Not significant
LC-MS/MS,LC-MS/MS,NA,Ajugol,19.12105773569466,20.07465716304167,0.9535994273470116,23.189167833046064,22.21822591574664,-0.9709419172994238,3.4581624375367027e-6,3.6366482407644034e-5,Sp > Wa
LC-MS/MS,LC-MS/MS,NA,Akeboside Std; Akebia saponin C; Cauloside C;,21.948572377180543,22.023347813518228,0.07477543633768491,19.297224340416175,18.238512289444383,-1.058712050971792,0.044974843950667726,0.10217281622242284,Not significant
LC-MS/MS,LC-MS/MS,NA,Alanyltyrosine,23.899755676223574,23.4133386689462,-0.4864170072773746,24.921739733636418,24.18083994420747,-0.7408997894289477,0.3599047175376353,0.4992730792857483,Not significant
LC-MS/MS,LC-MS/MS,NA,Allamandin;,14.896415556015388,17.60217066258,2.705755106564613,20.105443928997687,21.744041284898806,1.638597355901119,0.1455797178592244,0.26076367045113824,Not significant
LC-MS/MS,LC-MS/MS,NA,Allopurinol,21.068968133734668,21.0968883779797,0.027920244245031256,21.928840536719296,20.656499249741092,-1.2723412869782038,0.23910141605752022,0.3783837943434543,Not significant
LC-MS/MS,LC-MS/MS,NA,Alverine,24.881583908188727,24.69220030859632,-0.18938359959240714,25.82569667626329,25.090569987182768,-0.7351266890805235,0.010284374967809653,0.03148080976061922,Sp > Wa
LC-MS/MS,LC-MS/MS,NA,Amaranthin;,21.766147706661325,20.750156652663293,-1.0159910539980324,30.583393832471344,30.57542198459006,-0.007971847881282912,0.3199912013830334,0.46529832853324327,Not significant
LC-MS/MS,LC-MS/MS,NA,Amoritin,27.899632788652514,27.88362676522344,-0.016006023429074645,29.527782009538257,29.27208670420749,-0.255695305330768,0.1746427897570333,0.2966187323369283,Not significant
LC-MS/MS,LC-MS/MS,NA,Amorphigenin O-glucoside,17.168982266847447,17.69751406863524,0.5285318017877927,21.758631934453422,20.845025667092045,-0.9136062673613772,2.8310558060730085e-5,2.0509426506217795e-4,Sp > Wa
LC-MS/MS,LC-MS/MS,NA,Anaerobilin;,22.662961342158447,21.577444287368518,-1.0855170547899284,21.19250059873265,20.907219722311744,-0.2852808764209058,0.040288932422586056,0.09348179337909647,Not significant
LC-MS/MS,LC-MS/MS,NA,"Anandamide (18:3, n-3)",20.56573464164606,19.263432965367887,-1.302301676278173,15.580420275478106,15.16675842546586,-0.41366185001224665,0.1042840013125519,0.19997990839936425,Not significant
LC-MS/MS,LC-MS/MS,NA,"Anandamide (20:1, n-9)",25.333411637299886,25.065435978325358,-0.26797565897452813,26.731997986445588,26.310416102205306,-0.42158188424028253,0.13304812686276898,0.24477440038077325,Not significant
LC-MS/MS,LC-MS/MS,NA,Anatibant; LF 16-0687;,20.417048352101247,19.984637789462926,-0.4324105626383208,30.425945937594,30.16005154595452,-0.26589439163948114,0.7273887706519011,0.8035147400159846,Not significant
LC-MS/MS,LC-MS/MS,NA,Andrographiside,23.596812201308634,23.02283215305854,-0.5739800482500925,17.001493071087808,16.976417045908796,-0.025076025179011197,0.5258220130975271,0.6438233850508688,Not significant
LC-MS/MS,LC-MS/MS,NA,Andrographolide,22.286920961809933,21.72218332969591,-0.5647376321140243,19.698209769111887,18.142182225620886,-1.5560275434910018,0.15195601822875418,0.2685375865201489,Not significant
LC-MS/MS,LC-MS/MS,NA,Anhydroecgonine methyl ester,21.33230798128103,20.28329174206995,-1.0490162392110811,19.06528483801874,18.811889936912518,-0.25339490110622265,0.21016042615798178,0.3442829091834274,Not significant
LC-MS/MS,LC-MS/MS,NA,Aniflorine;,20.797794333928262,20.41278107558747,-0.38501325834079125,20.901303590324385,20.67980282611788,-0.22150076420650677,0.6491168684572113,0.7438035118349767,Not significant
LC-MS/MS,LC-MS/MS,NA,Anisomycin;,19.768515703428804,18.702332055896726,-1.0661836475320783,18.72231188139091,18.38141698805817,-0.3408948933327416,0.16065258897446918,0.2808190027114046,Not significant
LC-MS/MS,LC-MS/MS,NA,Anthopleurine;,19.978882673750984,20.2465386597744,0.2676559860234171,20.222327950306816,19.97208126542069,-0.25024668488612534,0.12056331874001719,0.22498943026329457,Not significant
LC-MS/MS,LC-MS/MS,NA,Antiarone K,18.843348884710693,20.0139227636205,1.1705738789098064,17.152946621478552,17.075216966588236,-0.07772965489031591,0.068198588689028,0.1432060541875886,Not significant
LC-MS/MS,LC-MS/MS,NA,Apigenin,28.5146132323775,26.93240605852495,-1.5822071738525487,24.645313495599325,23.397633917176364,-1.2476795784229608,0.5814776935255941,0.6886892936942549,Not significant
LC-MS/MS,LC-MS/MS,NA,"Apigenin 7,4'-diglucuronide",17.768093291356745,18.472121604675568,0.7040283133188225,23.996024889712473,24.33824215140549,0.3422172616930155,0.05985163052390528,0.1283659970446916,Not significant
LC-MS/MS,LC-MS/MS,NA,Apigenin 7-(6''-malonylneohesperidoside),17.198595553655643,21.548745877606684,4.350150323951041,20.434367808462586,20.67635836568723,0.2419905572246428,2.649475063015184e-16,3.4549154821717997e-13,Sp > Wa
LC-MS/MS,LC-MS/MS,NA,Apigenin 7-O-glucuronide,23.721487827339008,24.129109863654726,0.40762203631571836,21.68100538478467,22.017790762319954,0.3367853775352856,0.7847688244633806,0.8464338685692707,Not significant
LC-MS/MS,LC-MS/MS,NA,Apigenin 7-glucuronide-4'-(6''-malonylglucoside),18.228297473837575,19.915360035790208,1.687062561952633,20.405324777054847,20.558823196416053,0.15349841936120612,5.503473652199606e-8,1.0873529761315587e-6,Sp > Wa
LC-MS/MS,LC-MS/MS,NA,Apigenin-7-O-beta-D-glucoside,31.123234157204237,30.394433912262055,-0.7288002449421818,28.143551919151204,28.13718892105206,-0.006362998099142203,0.020621790998572937,0.05451043281394051,Not significant
LC-MS/MS,LC-MS/MS,NA,Apigetrin,30.587604167443075,30.129268553739937,-0.458335613703138,26.69532704701262,26.755874342662626,0.06054729565000727,0.11287886990961901,0.2133247048726713,Not significant
LC-MS/MS,LC-MS/MS,NA,Aplidiasphingosine,23.75758185515455,23.551811003521117,-0.20577085163343511,25.225003091480982,24.85226829819479,-0.37273479328619175,0.23327824952652396,0.37096931388120397,Not significant
LC-MS/MS,LC-MS/MS,NA,Arabidopside C,21.711426634192517,20.8032615616285,-0.9081650725640174,17.444310479705518,17.126497624957395,-0.31781285474812293,0.04996565992097519,0.110996968546766,Not significant
LC-MS/MS,LC-MS/MS,NA,Arachidonic acid,18.820220855541102,19.477363140160023,0.6571422846189208,16.61423789941778,16.20364176727592,-0.41059613214186186,0.28825284463597756,0.4375805697384339,Not significant
LC-MS/MS,LC-MS/MS,NA,Arachidonoyl ethanolamide phosphate,20.17904077480568,20.512923812283123,0.33388303747744175,17.886327122258773,17.30797270960849,-0.5783544126502846,0.0025764981254403933,0.00985264972309171,Sp > Wa
LC-MS/MS,LC-MS/MS,NA,Aramite;,19.773845245427715,16.732535384590246,-3.041309860837469,16.114475784409816,15.71386506247505,-0.40061072193476654,6.658947275807891e-4,0.0030791727828558477,Wa > Sp
LC-MS/MS,LC-MS/MS,NA,Arnottin II;,20.235965734629488,20.0359000138174,-0.20006572081208773,16.993705436361115,16.577251943007262,-0.4164534933538526,0.6625413621641625,0.7558652110779246,Not significant
LC-MS/MS,LC-MS/MS,NA,Artemisinic acid,20.9222430763835,20.560954623290307,-0.36128845309319146,18.147338809290968,17.26331519757347,-0.8840236117174989,0.16565367450595947,0.28648858296521373,Not significant
LC-MS/MS,LC-MS/MS,NA,Artemisinin,25.80242911647766,25.34023694052801,-0.462192175949653,19.387728942698406,19.271090975588415,-0.11663796710999108,0.6666470850013893,0.7572367585730067,Not significant
LC-MS/MS,LC-MS/MS,NA,Arvenin II,21.360129597648683,20.750102913549647,-0.6100266840990365,17.897410350007334,17.33894570714551,-0.558464642861825,0.9063852045150029,0.9325770147497828,Not significant
LC-MS/MS,LC-MS/MS,NA,As-PL(14:0/16:0),20.77730627166111,20.28474055883851,-0.4925657128226,17.555220733578167,17.20892618895656,-0.3462945446216068,0.4319378777379276,0.5643757440583743,Not significant
LC-MS/MS,LC-MS/MS,NA,As-PL(16:0/19:0),17.404691445117596,20.127715115641863,2.7230236705242667,17.208580337541626,16.7837116086942,-0.4248687288474251,1.2524620437919175e-7,2.148961190927185e-6,Sp > Wa
LC-MS/MS,LC-MS/MS,NA,As-PL(17:0/16:0),18.707358700676945,17.938846234376168,-0.768512466300777,17.280014964797903,17.044346387590927,-0.23566857720697598,0.42210980438756274,0.5567612838011174,Not significant
LC-MS/MS,LC-MS/MS,NA,As-PL(20:0/16:0),19.02009935084055,19.423470902455566,0.4033715516150167,17.120691505814147,16.755993976865216,-0.3646975289489305,0.003013137188824909,0.011194105111759776,Sp > Wa
LC-MS/MS,LC-MS/MS,NA,Ascorbyl palmitate,24.93510209929992,24.381704483388273,-0.5533976159116492,19.55568373675914,19.42488125869995,-0.13080247805918788,0.4976644395232065,0.6221998361824174,Not significant
LC-MS/MS,LC-MS/MS,NA,Asparagine,23.826477497893265,22.511628318637523,-1.3148491792557415,26.620025581011635,22.917889303534324,-3.7021362774773117,0.021620858452564274,0.05608102627284918,Not significant
LC-MS/MS,LC-MS/MS,NA,Asparasaponin II;,20.579940841678557,20.00950238326032,-0.5704384584182378,18.438500515804755,18.07094715655776,-0.36755335924699395,0.1400527667018263,0.2533330130393295,Not significant
LC-MS/MS,LC-MS/MS,NA,Aspartame,22.083824143223936,21.312121320193548,-0.7717028230303882,24.106422380329544,24.0262855030227,-0.08013687730684538,0.14409458902386313,0.2591715090856793,Not significant
LC-MS/MS,LC-MS/MS,NA,Asperuloside tetraacetate;,16.02481851176828,16.67710833452878,0.6522898227604976,23.90334221603926,25.56277884125318,1.659436625213921,0.01575541999416178,0.04371290994124886,Wa > Sp
LC-MS/MS,LC-MS/MS,NA,Asperulosidic acid,23.855955151762792,25.519795292846663,1.6638401410838703,23.402814746230302,24.25449580841353,0.8516810621832285,0.016945458947425135,0.046142904108570304,Sp > Wa
LC-MS/MS,LC-MS/MS,NA,Aspidin;,19.606809379195017,19.540184165251496,-0.06662521394352083,21.238118126904258,20.85126839364465,-0.38684973325960925,0.31003009888651384,0.4568127106757221,Not significant
LC-MS/MS,LC-MS/MS,NA,Astilbin,23.574703915279898,23.538704414731335,-0.035999500548562935,22.42762963377775,22.141715194409528,-0.2859144393682236,0.5452633218030413,0.6578337030616103,Not significant
LC-MS/MS,LC-MS/MS,NA,Atractyloside A,23.492116884070306,22.79290334011031,-0.6992135439599956,16.580481738034162,16.499815457814556,-0.08066628021960653,0.4623916087859792,0.5922973063427474,Not significant
LC-MS/MS,LC-MS/MS,NA,Atractyloside C;,16.176703995277716,17.065205269227363,0.8885012739496467,17.255050464749367,16.72587265704239,-0.5291778077069758,0.09250413489767244,0.1822135829404303,Not significant
LC-MS/MS,LC-MS/MS,NA,Atractyloside D;,22.475519462820706,22.67878870731617,0.2032692444954627,16.808354594233446,16.50153755091889,-0.30681704331455606,0.5031642713584383,0.6260746277208049,Not significant
LC-MS/MS,LC-MS/MS,NA,Atractyloside G;,23.026212699022405,21.90502926094025,-1.1211834380821557,15.81388310703326,15.61224677809465,-0.2016363289386085,0.24376724857908624,0.3829789062013596,Not significant
LC-MS/MS,LC-MS/MS,NA,Atractyloside I;,26.205586601769813,25.230741099971198,-0.9748455017986153,18.478945837952025,18.24861001157225,-0.23033582637977545,0.5597884383282881,0.6696918564954932,Not significant
LC-MS/MS,LC-MS/MS,NA,Aucubin,22.473848257210367,24.16554662746685,1.691698370256482,17.666963328477472,17.6814368576834,0.01447352920592948,8.381427303155073e-4,0.003729448363737931,Sp > Wa
LC-MS/MS,LC-MS/MS,NA,Aurantio-obtusin beta-D-glucoside;,16.510567932819434,16.77082189543924,0.2602539626198066,21.245558117394623,21.84816904090287,0.602610923508248,3.5218509541621695e-4,0.0017731635691997948,Wa > Sp
LC-MS/MS,LC-MS/MS,NA,Auricolic acid,16.137871789093282,17.861685389443696,1.7238136003504145,21.855520316776037,19.674064829187035,-2.1814554875890018,2.085832501440605e-10,9.714019935280532e-9,Sp > Wa
LC-MS/MS,LC-MS/MS,NA,Austrobuxusin K,20.021942152729828,20.99336068926566,0.9714185365358325,21.431469425761694,20.30828738208059,-1.1231820436811049,2.894706970340449e-8,6.622276998813939e-7,Sp > Wa
LC-MS/MS,LC-MS/MS,NA,Avermectin A1a monosaccharide;,23.245577572349706,23.317115852961464,0.07153828061175815,20.70546069238738,19.80028538505402,-0.9051753073333586,0.02167548868214416,0.05608102627284918,Not significant
LC-MS/MS,LC-MS/MS,NA,Avermectin A1a;,15.931781797333578,15.66065380009826,-0.2711279972353182,22.917293505256946,21.8670753960805,-1.0502181091764449,0.004396772323627292,0.015157712303494155,Sp > Wa
LC-MS/MS,LC-MS/MS,NA,Avermectin A2b;,20.392083866200192,19.8001716950192,-0.5919121711809936,17.919517417982338,17.55172421454935,-0.3677932034329885,0.48703715171692086,0.616598491105694,Not significant
LC-MS/MS,LC-MS/MS,NA,Avermectin B1a monosaccharide;,19.965323613890956,18.87061021028978,-1.094713403601176,18.665433500244113,18.057034584368996,-0.6083989158751173,0.029043735550092507,0.07200196037513427,Not significant
LC-MS/MS,LC-MS/MS,NA,Avermectin B1b monosaccharide;,22.082245120214267,20.741627796396795,-1.3406173238174723,18.29717890741443,17.831753057549072,-0.4654258498653583,0.07841885174098964,0.1602792831822108,Not significant
LC-MS/MS,LC-MS/MS,NA,Avermectin B2a monosaccharide;,21.936467710491048,21.164741265151953,-0.7717264453390946,16.937200659372294,16.610316098883537,-0.32688456048875736,0.29262839126239143,0.44233009888678543,Not significant
LC-MS/MS,LC-MS/MS,NA,Avermectin B2b;,22.09055629153717,23.032687611487702,0.9421313199505335,17.53660528231078,17.347361178811934,-0.18924410349884724,4.910524008912069e-6,4.57380236258667e-5,Sp > Wa
LC-MS/MS,LC-MS/MS,NA,Azamethiphos;,20.54336199128091,20.09255179923671,-0.4508101920442016,20.161917161755404,22.269064496213836,2.107147334458432,1.6063776299434882e-6,1.821492547344616e-5,Wa > Sp
LC-MS/MS,LC-MS/MS,NA,Bacillamidin A,21.121451607422518,19.066471914422657,-2.0549796929998614,17.25992835432336,17.13662456668475,-0.12330378763861205,4.519779905306815e-6,4.36577259001488e-5,Wa > Sp
LC-MS/MS,LC-MS/MS,NA,Bacillamidin B,22.21705727684278,20.320909983300094,-1.8961472935426862,17.34758515618561,16.5875784102247,-0.7600067459609079,0.049589626430405584,0.11053824421410066,Not significant
LC-MS/MS,LC-MS/MS,NA,Baicalin; Baicalein 7-O-glucuronide;,19.32763520571776,21.70232376929394,2.374688563576182,18.4389073095339,18.080270251826597,-0.3586370577073019,3.2989246180844107e-10,1.3876766780587328e-8,Sp > Wa
LC-MS/MS,LC-MS/MS,NA,Barbatoflavan,19.646821526350386,18.82667493096741,-0.8201465953829761,15.934625831689006,15.470620199006843,-0.4640056326821629,0.04982715052274063,0.11087816430316344,Not significant
LC-MS/MS,LC-MS/MS,NA,Bay-K-8644; BayK8644;,27.49708602276357,27.39750240055678,-0.09958362220678652,20.35906262116458,20.426205536230572,0.06714291506599324,0.8803447994713591,0.9147168274985278,Not significant
LC-MS/MS,LC-MS/MS,NA,Benthiavalicarb isopropyl;,21.412608411700585,21.578676693161164,0.1660682814605785,20.46501327407962,19.742430407215245,-0.722582866864375,0.05133573994154231,0.11307737311447832,Not significant
LC-MS/MS,LC-MS/MS,NA,Benzofuran;,18.43031004886348,21.040090444528378,2.609780395664899,23.35862723766522,23.320353331658144,-0.038273906007077585,1.0388182048356835e-4,6.389711976913827e-4,Sp > Wa
LC-MS/MS,LC-MS/MS,NA,Benzoic acid,23.429683651456774,23.70212290764081,0.2724392561840361,24.58993962197795,24.211848741670817,-0.3780908803071341,0.2070033913556263,0.34039397519260617,Not significant
LC-MS/MS,LC-MS/MS,NA,Benzoyl peroxide;,21.071901581202894,21.50968188981446,0.4377803086115648,18.84062268311555,18.846983730563622,0.006361047448070423,0.2519362884123341,0.391567246829182,Not significant
LC-MS/MS,LC-MS/MS,NA,Besonprodil,18.561309546556977,20.3591211890103,1.797811642453322,21.5550440990156,22.69172605825511,1.1366819592395103,0.17014351837644542,0.2923150829550525,Not significant
LC-MS/MS,LC-MS/MS,NA,Bicyclo prostaglandin E2,21.559151474641368,21.00629152689002,-0.5528599477513474,19.16466150697283,18.97597683256518,-0.18868467440765002,0.47042159675333206,0.5997305158864796,Not significant
LC-MS/MS,LC-MS/MS,NA,Bidenoside B,18.26877002937013,17.99761900844955,-0.2711510209205805,20.000769936519742,21.184648961896748,1.1838790253770064,0.0026933719076302127,0.010150742680779761,Wa > Sp
LC-MS/MS,LC-MS/MS,NA,Bilobalide,21.519594339096262,25.40675471959771,3.8871603805014487,21.955470168089008,24.286555881549592,2.3310857134605847,0.18376617947627732,0.3096992271988448,Not significant
LC-MS/MS,LC-MS/MS,NA,Biochanin A;,21.5650368769154,20.86025503626989,-0.7047818406455093,19.28410838117043,19.30568705091117,0.021578669740740963,7.754501149070621e-4,0.00351106579805142,Wa > Sp
LC-MS/MS,LC-MS/MS,NA,Biocytin,20.725143901949057,22.007063677722975,1.2819197757739182,21.05386363838845,22.599768554427033,1.5459049160385838,0.47482176588859104,0.6040659343597294,Not significant
LC-MS/MS,LC-MS/MS,NA,Biotin,19.60767295562724,21.887950608342972,2.280277652715732,21.287995534997197,21.293535867430016,0.0055403324328189285,8.54833442717219e-6,7.43135206202169e-5,Sp > Wa
LC-MS/MS,LC-MS/MS,NA,Bis(2-ethylhexyl) amine,24.18931561849752,24.23950132368483,0.05018570518731025,25.602888189214607,25.41320534986152,-0.18968283935308605,0.1482319867854613,0.2637032889061958,Not significant
LC-MS/MS,LC-MS/MS,NA,Bis(4-ethylbenzylidene)sorbitol,27.228799133102758,26.983371238482142,-0.2454278946206152,29.215248486618798,27.70347121125155,-1.5117772753672476,0.2219472998797024,0.3568671751456621,Not significant
LC-MS/MS,LC-MS/MS,NA,Bis(glycerophospho)-glycerol;,20.280212179831715,20.63690485138302,0.35669267155130413,22.102573538401373,20.780201475326553,-1.3223720630748197,2.2177834126015798e-5,1.681389284902593e-4,Sp > Wa
LC-MS/MS,LC-MS/MS,NA,Blinin,22.788393205868537,20.664331931925513,-2.124061273943024,20.42979992000825,20.36159607088634,-0.06820384912191102,0.011034922432313209,0.03323219134350214,Wa > Sp
LC-MS/MS,LC-MS/MS,NA,Brassylic acid,20.094014464919535,19.97429339601326,-0.11972106890627643,21.5630196362671,21.200089400652168,-0.36293023561493243,0.14506349072801006,0.2601964125300208,Not significant
LC-MS/MS,LC-MS/MS,NA,Brucine;,17.64761633712928,17.035929158699517,-0.6116871784297615,16.339183486660094,16.016244807742527,-0.32293867891756634,0.7602947496500538,0.8275662383503091,Not significant
LC-MS/MS,LC-MS/MS,NA,Buchananine;,21.28709269282009,22.141765327983435,0.8546726351633467,20.916864203049087,20.63196405465624,-0.28490014839284683,0.04276360526535465,0.09783112502810959,Not significant
LC-MS/MS,LC-MS/MS,NA,Buprenorphine,21.45339095899311,21.63582583227049,0.18243487327737995,23.06995512880354,22.5837769420217,-0.48617818678183866,0.006523334682847047,0.021056688297331767,Sp > Wa
LC-MS/MS,LC-MS/MS,NA,Bupropion hydrochloride,20.5516964139662,18.14390714001682,-2.40778927394938,15.502507409945006,15.22400191330797,-0.2785054966370364,4.296692403596222e-5,2.980258986324188e-4,Wa > Sp
LC-MS/MS,LC-MS/MS,NA,Butyl 3-O-beta-D-glucopyranosyl-butanoate,19.24041245032199,19.330417987514064,0.0900055371920736,26.703336711786697,26.414179450948684,-0.28915726083801374,0.08995555070021555,0.17827057463994084,Not significant
LC-MS/MS,LC-MS/MS,NA,Butylidenephthalide;,20.03573903634547,20.10806529525937,0.07232625891390043,17.567052098906593,17.595623822985708,0.028571724079114347,0.9257690603402986,0.9438646244595382,Not significant
LC-MS/MS,LC-MS/MS,NA,C16 Sphingosine,19.474494700079376,19.00110578701724,-0.47338891306213426,21.559595657639633,20.726408563565876,-0.8331870940737574,0.42178864420144346,0.5567612838011174,Not significant
LC-MS/MS,LC-MS/MS,NA,C20821; Carbapenem biosynthesis intermediate 6;,22.904487233452674,22.315552391701395,-0.5889348417512785,22.980698133857445,22.520903978757417,-0.4597941551000275,0.47250230429064766,0.6017021531201217,Not significant
LC-MS/MS,LC-MS/MS,NA,CB-13,19.251206951076593,19.806540789363247,0.5553338382866535,16.324006986660812,16.056664272284756,-0.2673427143760563,0.11424851768290055,0.21528911424639063,Not significant
LC-MS/MS,LC-MS/MS,NA,"CDP-2,3-bis-O-(geranylgeranyl)-sn-glycerol;",20.609882646027813,18.90002296301544,-1.7098596830123718,18.239077669931486,18.50374561113291,0.2646679412014237,1.5700497970325428e-5,1.2637931699570592e-4,Wa > Sp
LC-MS/MS,LC-MS/MS,NA,CGP 52608;,20.627260296446305,19.856838740791527,-0.770421555654778,20.971785694477198,20.70591881056239,-0.26586688391480706,0.4936476635134883,0.6198984608487238,Not significant
LC-MS/MS,LC-MS/MS,NA,CI Basic red 9;,20.611320082714492,19.626047260537568,-0.985272822176924,23.52380483181388,21.572082551089938,-1.951722280723942,7.642650122491054e-4,0.003484620895009907,Sp > Wa
LC-MS/MS,LC-MS/MS,NA,Cadmium chloride;,20.82764382239333,18.962627511394132,-1.8650163109991986,21.852815504051392,22.07144875126515,0.21863324721375932,4.471558568965483e-8,9.404697377308048e-7,Wa > Sp
LC-MS/MS,LC-MS/MS,NA,Caffeic acid,22.23875730741363,21.461986366667336,-0.7767709407462924,31.137764484218955,31.65092589765411,0.513161413435153,0.22852462443083135,0.3651683817317914,Not significant
LC-MS/MS,LC-MS/MS,NA,Caffeoquinone; Caffeic acid quinone;,19.047788806663423,19.301283120163866,0.25349431350044327,20.730391394122428,23.109014072277173,2.378622678154745,1.1191737772808617e-4,6.797555456926418e-4,Wa > Sp
LC-MS/MS,LC-MS/MS,NA,Callyspongenol A,20.53826505717973,20.776511964837972,0.23824690765824386,18.383751111794844,16.87495852914821,-1.5087925826466346,4.604954525243555e-6,4.383110000669778e-5,Sp > Wa
LC-MS/MS,LC-MS/MS,NA,Callystatin A;,19.343576198980198,19.445049800990027,0.10147360200982902,17.598821654756133,17.285585560147418,-0.3132360946087154,0.2406545113575387,0.3803799791639157,Not significant
LC-MS/MS,LC-MS/MS,NA,Calocarpin,17.49909599771281,17.13073334633544,-0.368362651377371,19.010939223715777,18.371383212158413,-0.6395560115573637,0.6252745098341681,0.724762631843338,Not significant
LC-MS/MS,LC-MS/MS,NA,Cannabidiolic acid,17.374133051222856,18.848540734928658,1.4744076837058024,17.040433430041197,16.415324394131318,-0.6251090359098797,0.021597404396818974,0.05608102627284918,Not significant
LC-MS/MS,LC-MS/MS,NA,Cannabigerolate; CBGA;,18.081256457320507,19.261788716653985,1.1805322593334786,18.172197050316132,17.18452125323114,-0.987675797084993,0.015046082138653388,0.0423772828512153,Sp > Wa
LC-MS/MS,LC-MS/MS,NA,Caohuoside D,24.81990543142069,23.667302849798777,-1.1526025816219132,22.924990275089964,21.602526056779325,-1.322464218310639,0.3912746543414771,0.5292760884453176,Not significant
LC-MS/MS,LC-MS/MS,NA,Carbaprostacyclin,17.30544778055403,17.27982952918172,-0.025618251372311107,22.45580528195558,22.688349756557468,0.23254447460188743,0.4015620182167192,0.5392758720438742,Not significant
LC-MS/MS,LC-MS/MS,NA,Carboxyatractyloside,18.880129265054407,19.330524264522527,0.45039499946812,26.752707298666266,25.94259910956893,-0.8101081890973347,0.015021538966809078,0.0423772828512153,Sp > Wa
LC-MS/MS,LC-MS/MS,NA,Carduusyne D,20.341976705621985,19.3735378892083,-0.9684388164136841,19.9114703249829,19.029979715453774,-0.8814906095291271,0.730504890519783,0.8045425483427339,Not significant
LC-MS/MS,LC-MS/MS,NA,Carmine; Carminic acid;,21.225728327835807,21.54985720139572,0.32412887355991415,20.468511897564735,20.15444165301165,-0.3140702445530863,0.24983035339032028,0.38968753686719815,Not significant
LC-MS/MS,LC-MS/MS,NA,Carthamidin;,20.155680091262283,21.370265230261225,1.2145851389989417,19.31331400255271,20.316506104396485,1.0031921018437764,0.4938974963478828,0.6198984608487238,Not significant
LC-MS/MS,LC-MS/MS,NA,Carthamin;,21.414587452883683,23.800233426433252,2.3856459735495683,18.836742952922176,20.289259544704258,1.4525165917820821,0.13075571429482177,0.24219524352336305,Not significant
LC-MS/MS,LC-MS/MS,NA,Caryoptin;,17.905226700910013,15.020055454668856,-2.885171246241157,16.418756805092688,16.09681277157889,-0.3219440335137982,0.1273043049902825,0.23613771508866058,Not significant
LC-MS/MS,LC-MS/MS,NA,Cassiaoccidentalin A,21.88769764473786,23.193126120594446,1.305428475856587,17.405217198590023,17.883870218604734,0.4786530200147112,0.010739147083864586,0.032491526211970816,Sp > Wa
LC-MS/MS,LC-MS/MS,NA,Cassiaoccidentalin C,23.993453532943892,24.311338021641646,0.31788448869775365,18.786378684169897,18.104514794757655,-0.6818638894122415,0.09782763730184807,0.19055924133530366,Not significant
LC-MS/MS,LC-MS/MS,NA,Catalposide,21.15154597278052,21.00865614462181,-0.14288982815871165,17.565304864961846,17.690301383837845,0.12499651887599939,0.008176641956348332,0.025692388219465605,Wa > Sp
LC-MS/MS,LC-MS/MS,NA,Catechin,23.113092387450877,23.277888751745035,0.16479636429415834,21.01542754320329,21.00947818015162,-0.00594936305166982,0.8755620310611171,0.9111994321657594,Not significant
LC-MS/MS,LC-MS/MS,NA,Cefepime;,20.823631907341447,22.11985653755111,1.2962246302096645,19.533750265821055,19.82232067342543,0.28857040760437513,0.0055547438384961016,0.01838422833857593,Sp > Wa
LC-MS/MS,LC-MS/MS,NA,Cefpirome; HR 810;,24.41021882147883,24.016344173847724,-0.3938746476311046,21.43717178970761,22.403054175087227,0.9658823853796186,2.4165392667450374e-5,1.7841260583165042e-4,Wa > Sp
LC-MS/MS,LC-MS/MS,NA,Cefuroxime;,20.06619197517547,21.863385891534456,1.7971939163589852,18.98085102267065,19.559015830127777,0.578164807457128,0.005790418837465268,0.019050378241514364,Sp > Wa
LC-MS/MS,LC-MS/MS,NA,Cephalothin; Cefalotin;,18.411068442596818,18.60865312019652,0.19758467759970344,19.78009428550467,24.108351196692173,4.328256911187502,4.0913046657891336e-06,4.092136591778686e-5,Wa > Sp
LC-MS/MS,LC-MS/MS,NA,CerP(d18:1/2:0),21.64480736525451,20.1139839924986,-1.5308233727559113,21.53466084575677,19.762247582496276,-1.7724132632604928,0.8620640919435246,0.9021922759986807,Not significant
LC-MS/MS,LC-MS/MS,NA,Chalcomycin;,19.052268200245,19.8667314756142,0.8144632753691994,23.631536634901547,23.690346452414246,0.058809817512699425,0.05083679477007713,0.11235793284776369,Not significant
LC-MS/MS,LC-MS/MS,NA,Chamuvaritin,20.364881811760743,18.873184994864218,-1.4916968168965248,22.963598488234666,22.38007291447141,-0.5835255737632572,0.14720495938349779,0.2629524205973714,Not significant
LC-MS/MS,LC-MS/MS,NA,Chikusetsusaponin Ib;,21.76413409388707,21.119461211850407,-0.6446728820366623,18.249093377526197,17.849719116804692,-0.3993742607215047,0.5088651113839975,0.6289669244025903,Not significant
LC-MS/MS,LC-MS/MS,NA,Chikusetsusaponin V; Ginsenoside Ro;,19.574555444146608,19.37763565255044,-0.19691979159616935,16.49723973821165,16.16065406053878,-0.33658567767287195,0.7035163732040814,0.7832432631894896,Not significant
LC-MS/MS,LC-MS/MS,NA,Chivosazole A;,21.49526477160557,20.977078133840994,-0.5181866377645754,18.142259833406428,17.592855507234272,-0.5494043261721551,0.8549998714548358,0.8976810244582173,Not significant
LC-MS/MS,LC-MS/MS,NA,Chlorogenic acid,26.585171778273068,26.683725052396735,0.09855327412366677,20.69550509316307,20.95059425226701,0.2550891591039388,0.8381246721957962,0.887908137170568,Not significant
LC-MS/MS,LC-MS/MS,NA,Chlorophyllide b;,20.909362567785422,20.46714758116316,-0.4422149866222611,22.041133029088144,21.774969059841688,-0.26616396924645613,0.40599544069467175,0.5424365314199303,Not significant
LC-MS/MS,LC-MS/MS,NA,Chlorpropamide,21.05750861527777,21.12011486413151,0.06260624885374,20.33906912359076,21.486862496782855,1.1477933731920942,3.032974618322175e-4,0.0015756967738215601,Wa > Sp
LC-MS/MS,LC-MS/MS,NA,Chuanxiongoside A,16.471647732522044,16.317303050474116,-0.1543446820479275,25.176538068688004,24.505195884112776,-0.6713421845752272,0.3539570584974131,0.4947052564636942,Not significant
LC-MS/MS,LC-MS/MS,NA,Chymostatin;,19.763387093267983,19.995099232899513,0.23171213963152937,18.886157611826537,19.364470324556248,0.47831271272971065,0.34462101896260144,0.4879324741880915,Not significant
LC-MS/MS,LC-MS/MS,NA,Cimimanol A,20.36245964305516,18.651235416348072,-1.7112242267070883,17.38850191871893,16.508182162039255,-0.8803197566796754,0.003137554039037682,0.011492613671081845,Wa > Sp
LC-MS/MS,LC-MS/MS,NA,Cinegalline;,18.602411994823584,17.953959869384757,-0.6484521254388262,25.953745793806153,25.60017462413198,-0.3535711696741721,0.37935924124848575,0.5190812702917371,Not significant
LC-MS/MS,LC-MS/MS,NA,Cinnamic acid,21.538717016200554,22.643878767549854,1.1051617513493,20.894892950499464,20.949121106625004,0.05422815612553933,3.0057374537863316e-4,0.0015677926558949507,Sp > Wa
LC-MS/MS,LC-MS/MS,NA,Cinnamodial;,20.213970070893563,19.46677497403344,-0.7471950968601213,17.02165359544949,16.90056322490701,-0.12109037054247906,0.08080938884245581,0.1643922668495513,Not significant
LC-MS/MS,LC-MS/MS,NA,Cinnamyl alcohol,18.828855929464638,20.02258069993411,1.1937247704694727,19.005163273151226,19.20224138055341,0.19707810740218434,2.572680328907569e-6,2.867329187090145e-5,Sp > Wa
LC-MS/MS,LC-MS/MS,NA,Cinnarizine,19.96556637316135,19.656778969281643,-0.30878740387970893,21.4952878533173,21.261581807274986,-0.2337060460423146,0.8513012054315292,0.8946266980332049,Not significant
LC-MS/MS,LC-MS/MS,NA,Cinncassiol A;,20.335786549807665,19.57004776187225,-0.7657387879354154,16.70968196790221,16.579339981363404,-0.1303419865388058,0.33208786482157104,0.47827543785926596,Not significant
LC-MS/MS,LC-MS/MS,NA,Cissoic acid,20.151966785916144,19.73172629433408,-0.42024049158206367,22.884086544571588,23.065882198814233,0.1817956542426451,0.3409538694139178,0.4848460694828231,Not significant
LC-MS/MS,LC-MS/MS,NA,Citraconic acid,23.69557003272217,24.845078352963938,1.1495083202417682,24.719506073698906,24.206086161927143,-0.5134199117717628,2.715504530035266e-6,3.0008626331915146e-5,Sp > Wa
LC-MS/MS,LC-MS/MS,NA,Citreorosein; omega-Hydroxyemodin;,20.71899372037127,23.418905850598424,2.6999121302271547,22.054218093901117,22.298626177449265,0.24440808354814791,1.0346293864857638e-5,8.704236903080232e-5,Sp > Wa
LC-MS/MS,LC-MS/MS,NA,Citric acid,28.079937878946264,28.150612187899476,0.0706743089532118,27.94782308862422,28.897783052990224,0.9499599643660055,2.2512784916452057e-7,3.466113684384158e-6,Wa > Sp
LC-MS/MS,LC-MS/MS,NA,Citroflex 2,24.345251904354505,23.20886398956308,-1.136387914791424,18.754179798646334,17.290065111024887,-1.4641146876214464,0.8298387545859469,0.8823359750229991,Not significant
LC-MS/MS,LC-MS/MS,NA,Clobazam,21.50609585942342,22.16839569912016,0.6622998396967397,24.731056621182407,22.878211239420526,-1.852845381761881,2.466617103040693e-4,0.0013075076025874243,Sp > Wa
LC-MS/MS,LC-MS/MS,NA,Clofentezine;,20.33407662454147,23.21480277455017,2.880726150008698,19.39622183388069,21.418833368420238,2.0226115345395463,0.18590597860895375,0.3120444730145157,Not significant
LC-MS/MS,LC-MS/MS,NA,Cnidioside A,19.582381815858536,19.31325743015953,-0.2691243856990049,23.733534210322166,23.720313170532545,-0.013221039789620193,0.20972487516214058,0.34400155624079415,Not significant
LC-MS/MS,LC-MS/MS,NA,Coenzyme F420-1;,16.376526454392906,16.81514228822,0.4386158338270931,26.208279320740907,27.22900002257742,1.0207207018365132,0.21420135320199546,0.3482775119394041,Not significant
LC-MS/MS,LC-MS/MS,NA,Coixinden B;,20.93602138820773,20.669130609072987,-0.26689077913474435,18.10376493438087,18.115435631316625,0.011670696935755842,0.421414669565256,0.5567612838011174,Not significant
LC-MS/MS,LC-MS/MS,NA,Colocynthenin E,17.543332831849025,17.88883150556938,0.3454986737203569,22.3308129917942,20.850030633366575,-1.480782358427625,0.003680008696645293,0.013219645565910362,Sp > Wa
LC-MS/MS,LC-MS/MS,NA,Commendamide,21.374511338127316,21.240823875470696,-0.13368746265662068,17.60284340206043,17.75380511167828,0.1509617096178495,0.366779116320354,0.504375237438969,Not significant
LC-MS/MS,LC-MS/MS,NA,Compactin diol lactone; ML-236A;,22.869111978670357,21.43606349265744,-1.4330484860129182,20.23740175437193,18.374774412919916,-1.862627341452015,0.4374161347897474,0.5692521354948409,Not significant
LC-MS/MS,LC-MS/MS,NA,Complanatuside,17.02182861099612,17.357216087712928,0.33538747671680724,25.166569413384163,25.079295680352782,-0.08727373303138108,0.33254406004406023,0.47827543785926596,Not significant
LC-MS/MS,LC-MS/MS,NA,Condurango glycoside C;,23.48508236720965,22.722485118822817,-0.7625972483868324,21.414920799057054,20.011562795256715,-1.4033580038003386,0.044147554220631643,0.10064407465682458,Not significant
LC-MS/MS,LC-MS/MS,NA,Coniferin;,19.873493682287044,21.702767523186576,1.829273840899532,20.486143975687327,20.778239755130993,0.2920957794436667,7.270823977056118e-7,9.191568454629215e-6,Sp > Wa
LC-MS/MS,LC-MS/MS,NA,Convallatoxin,21.062998482249398,20.260881963803417,-0.8021165184459811,19.78936507972385,18.66184266577457,-1.1275224139492792,0.6733371152758274,0.7593621464446605,Not significant
LC-MS/MS,LC-MS/MS,NA,Convalloside;,20.62130987962246,20.657329884732622,0.03602000511016357,16.554222267315584,16.16289838853562,-0.3913238787799642,0.484000320015592,0.6139459312260038,Not significant
LC-MS/MS,LC-MS/MS,NA,Corchorifatty acid F,26.03299426142125,25.266171961685174,-0.7668222997360772,24.23025342558287,22.242256288135493,-1.9879971374473762,0.014129577688320098,0.04067322142509803,Sp > Wa
LC-MS/MS,LC-MS/MS,NA,Cortisol,21.817781724859234,21.510667046526986,-0.3071146783322476,18.20948646517514,17.98312955832652,-0.22635690684861842,0.8866241359386962,0.9197755555004453,Not significant
LC-MS/MS,LC-MS/MS,NA,Cortolone;,19.98046507859307,20.158565761168948,0.1781006825758773,16.65739286774407,16.387359983505878,-0.2700328842381907,0.16719891656908314,0.28877799629944956,Not significant
LC-MS/MS,LC-MS/MS,NA,Coumarin,20.744319661637114,21.048125708974105,0.303806047336991,29.45275329533609,30.19608346588355,0.7433301705474591,0.5929028364722382,0.6965272961799988,Not significant
LC-MS/MS,LC-MS/MS,NA,Coumatetralyl;,19.828513947983538,19.349878129466052,-0.4786358185174855,21.827352464446523,21.162952872520876,-0.6643995919256476,0.30362215624420863,0.45093768991167205,Not significant
LC-MS/MS,LC-MS/MS,NA,Crenatine A;,21.31515824381556,19.16519311040602,-2.149965133409541,15.41859131227547,15.808492385538912,0.3899010732634416,0.002223378407688754,0.008552464435475325,Wa > Sp
LC-MS/MS,LC-MS/MS,NA,Crotamiton,23.850696363007014,23.698331066253147,-0.15236529675386734,19.48123613093522,18.849655090903827,-0.6315810400313921,0.3750843800318837,0.5137710415562777,Not significant
LC-MS/MS,LC-MS/MS,NA,Crotetamide,22.532320622660162,21.59909643035121,-0.9332241923089519,24.150592391004857,22.794519502939842,-1.3560728880650146,0.5292343229575118,0.6467868389283931,Not significant
LC-MS/MS,LC-MS/MS,NA,Curcumin diglucoside;,18.000370367656284,16.42469155822978,-1.5756788094265026,16.005143800067213,15.784086811778197,-0.22105698828901588,0.16309548533088855,0.2835686838286382,Not significant
LC-MS/MS,LC-MS/MS,NA,Curcumin monoglucoside;,19.743486923166614,20.954640306462476,1.211153383295862,18.277355266736365,18.24346811333135,-0.033887153405014914,2.970856327038123e-4,0.001555821947974985,Sp > Wa
LC-MS/MS,LC-MS/MS,NA,Cyanidin 3-glucoside 5-caffeoylglucoside;,20.840406887247575,20.9803986865758,0.13999179932822514,21.48319803890987,22.969668240463317,1.4864702015534483,0.0011058716309282404,0.004720235977074365,Wa > Sp
LC-MS/MS,LC-MS/MS,NA,Cyanidin-3-O-glucoside chloride,24.686975368643274,27.625196245692745,2.9382208770494707,22.829285433253432,24.170421859618724,1.341136426365292,0.05973756970004574,0.1283659970446916,Not significant
LC-MS/MS,LC-MS/MS,NA,Cyclohexyl phenyl ketone,21.63698766172002,22.026626209997115,0.38963854827709454,18.42519226192844,18.444529613816503,0.01933735188806196,0.017408469741081536,0.04697407613065567,Sp > Wa
LC-MS/MS,LC-MS/MS,NA,Cynaroside,31.450693014983823,32.22874903458089,0.77805601959707,28.594707812454505,28.842329470873388,0.24762165841888262,0.23634616745596984,0.3744780101610993,Not significant
LC-MS/MS,LC-MS/MS,NA,Cytochalasin D,19.62482785243007,19.58174991831414,-0.043077934115927974,17.077160165588474,15.962515902752264,-1.1146442628362099,1.967513016466874e-4,0.0010601805675507453,Sp > Wa
LC-MS/MS,LC-MS/MS,NA,D-(+)-Galactose,25.615315782343277,25.866023151647497,0.25070736930421944,25.031915468088798,27.75037754434637,2.7184620762575733,4.353547427121358e-9,1.1827137177013024e-7,Wa > Sp
LC-MS/MS,LC-MS/MS,NA,D-(+)-Maltose,19.221689742251126,21.245336766941428,2.0236470246903018,21.510470500902592,24.198813479225578,2.6883429783229857,0.17093085339606756,0.2932813589848317,Not significant
LC-MS/MS,LC-MS/MS,NA,D-(+)-Mannose,27.445765310361733,27.724274333533877,0.27850902317214477,28.103443808569885,29.31291031436716,1.2094665057972733,0.0045356571999671065,0.015482976410358918,Wa > Sp
LC-MS/MS,LC-MS/MS,NA,D-(+)-Trehalose,21.519794793302307,23.014071359471444,1.4942765661691375,24.41365833994061,27.04286143663571,2.6292030966951003,0.020520399566694207,0.054498169113990316,Not significant
LC-MS/MS,LC-MS/MS,NA,D-(-)-Glutamine,25.851118142937857,25.09031198178483,-0.7608061611530275,26.60094865884672,25.3649713013214,-1.235977357525318,0.4868874300481062,0.616598491105694,Not significant
LC-MS/MS,LC-MS/MS,NA,D-(-)-Quinic acid,28.581826749366186,29.438830458863517,0.8570037094973308,23.497672318200202,23.930030760347346,0.4323584421471445,0.5374888054623774,0.6506539740514509,Not significant
LC-MS/MS,LC-MS/MS,NA,D-Allothreonine; D-allo-Threonine;,23.314536743974436,22.563682981516475,-0.750853762457961,23.89458127380925,24.032378278640454,0.13779700483120294,0.004086496486512011,0.014402138968680167,Wa > Sp
LC-MS/MS,LC-MS/MS,NA,D-Erythritol 1-phosphate;,17.574148509363297,18.184407883529857,0.6102593741665601,23.925955605917395,23.176574106062954,-0.7493814998544401,0.01060229145601301,0.032302308548226556,Sp > Wa
LC-MS/MS,LC-MS/MS,NA,D-Erythronic acid,27.67742401304138,27.658111292789933,-0.019312720251448923,27.70364880969313,28.06120130628588,0.35755249659274924,0.0016968260845103998,0.006766548055662267,Wa > Sp
LC-MS/MS,LC-MS/MS,NA,D-Glucosylsphingosine;,20.66026116962832,20.620922921602958,-0.03933824802536279,17.28515272973156,17.11711775897866,-0.16803497075289897,0.569463418077225,0.6781555225321474,Not significant
LC-MS/MS,LC-MS/MS,NA,D-Mannose 6-phosphate,28.729566160584692,29.26541115580736,0.5358449952226678,29.90929119310947,29.960899871641942,0.051608678532470975,0.008873196682918133,0.02741859828086551,Sp > Wa
LC-MS/MS,LC-MS/MS,NA,D-Sedoheptulose 7-phosphate,25.01317101567766,26.173797125260585,1.1606261095829247,25.82435761045015,26.997427669403645,1.1730700589534955,0.95634527577777,0.968977653157896,Not significant
LC-MS/MS,LC-MS/MS,NA,D-Sphingosine,23.766646664510994,23.170523231458674,-0.5961234330523197,17.69573510110446,17.856141981159723,0.1604068800552625,0.3024922594023684,0.4503963258724082,Not significant
LC-MS/MS,LC-MS/MS,NA,D-Threose; D-threo-Tetrose;,27.26419497639667,27.27464743444352,0.010452458046849245,28.23649940706607,27.488238671498177,-0.748260735567893,0.0011434127381547091,0.00482527576230984,Sp > Wa
LC-MS/MS,LC-MS/MS,NA,D-alpha-Hydroxyglutaric acid,26.767614379102113,26.784694979525167,0.017080600423053482,26.19312820923365,27.33505294243858,1.141924733204931,5.132660172477287e-12,5.577490720758652e-10,Wa > Sp
LC-MS/MS,LC-MS/MS,NA,"D-glycero-beta-D-manno-Heptose 1,7-bisphosphate;",20.95919993032429,21.231052973762065,0.27185304343777617,23.182323417868894,22.719070905364276,-0.4632525125046172,0.1334845682504872,0.24477440038077325,Not significant
LC-MS/MS,LC-MS/MS,NA,"D-myo-Inositol 1,4-bisphosphate",20.64231958857212,21.41123202871078,0.76891244013866,23.11499677420689,22.59172942620159,-0.5232673480053016,0.004404095679466306,0.015157712303494155,Sp > Wa
LC-MS/MS,LC-MS/MS,NA,"DG(18:4(6Z,9Z,12Z,15Z)/18:2(9Z,12Z)/0:0)[iso2]",22.05037627867269,20.982138473790112,-1.0682378048825782,23.546233374150606,21.894155554097534,-1.6520778200530728,0.6419672594441792,0.7379459438188949,Not significant
LC-MS/MS,LC-MS/MS,NA,"DG(18:4(6Z,9Z,12Z,15Z)/18:4(6Z,9Z,12Z,15Z)/0:0)",22.68236000459534,22.26404012854789,-0.41831987604744825,22.129259093489836,21.628036986856348,-0.5012221066334881,0.793996779281483,0.8509894101536214,Not significant
LC-MS/MS,LC-MS/MS,NA,"DGMG(18:4(6Z,9Z,12Z,15Z)/0:0)",16.888428272835718,18.209197080272528,1.32076880743681,18.531672599818943,20.236966798490833,1.70529419867189,0.1874725476235245,0.3134330320338922,Not significant
LC-MS/MS,LC-MS/MS,NA,"DGMG(18:5(3Z,6Z,9Z,12Z,15Z)/0:0)",21.395823331731524,20.535419265208834,-0.8604040665226904,19.131144446642836,18.75031138513949,-0.3808330615033455,0.048225692674288174,0.10805206743517488,Not significant
LC-MS/MS,LC-MS/MS,NA,DL-Glutamine,24.186958774444207,23.303057302995185,-0.8839014714490219,24.57642949145416,23.46495147403841,-1.1114780174157488,0.791637692103634,0.8501270207536721,Not significant
LC-MS/MS,LC-MS/MS,NA,DL-Norleucine,27.48315848505031,26.996167127759833,-0.4869913572904778,28.019261985483702,27.465221392956245,-0.554040592527457,0.7392649498014552,0.8094051171629701,Not significant
LC-MS/MS,LC-MS/MS,NA,DL-Tryptophan,26.260042249705773,26.069974318699202,-0.1900679310065705,26.644024548565124,26.59715176091072,-0.04687278765440439,0.4538251751262826,0.5849593997092889,Not significant
LC-MS/MS,LC-MS/MS,NA,DL-beta-Leucine,26.519054918390335,26.111550895664998,-0.4075040227253375,26.967439081174422,26.578986206890328,-0.3884528742840949,0.94979933000922,0.9630935663546056,Not significant
LC-MS/MS,LC-MS/MS,NA,DLK,21.893720455013774,20.472479002672024,-1.42124145234175,24.725318394188974,24.119115413625853,-0.6062029805631219,0.11927120018388489,0.22378366192774948,Not significant
LC-MS/MS,LC-MS/MS,NA,DQH,22.110379247055832,23.23914715677018,1.1287679097143481,20.86728484992445,20.74003698807436,-0.12724786185009052,6.745523953793362e-7,8.796163235746543e-6,Sp > Wa
LC-MS/MS,LC-MS/MS,NA,Dalpanin;,20.287423336721236,20.672486398282434,0.38506306156119763,19.55039881434688,18.75811867674886,-0.79228013759802,0.021028347195410302,0.055129909022766,Not significant
LC-MS/MS,LC-MS/MS,NA,Dalpanol O-glucoside,19.62082201593912,20.304550468041665,0.683728452102546,17.51768772454849,17.50613530718601,-0.011552417362480583,0.062003398394678305,0.13232803847243946,Not significant
LC-MS/MS,LC-MS/MS,NA,Daumone-2,21.384162946644423,19.83517594871236,-1.5489869979320616,19.52020588883236,19.159109937850353,-0.3610959509820084,0.001155390027984086,0.004860092246745961,Wa > Sp
LC-MS/MS,LC-MS/MS,NA,Dauricine,16.250385683456425,14.548694071930388,-1.7016916115260372,16.300210624329175,15.770298960138359,-0.5299116641908164,0.3398911818057998,0.4848460694828231,Not significant
LC-MS/MS,LC-MS/MS,NA,Davallioside A,19.551354509998188,18.94479279669555,-0.6065617133026393,19.33280004005058,23.214754408426433,3.8819543683758546,4.7857716365608884e-4,0.0023285993336102234,Wa > Sp
LC-MS/MS,LC-MS/MS,NA,Deacetyl-19-epi-cytochalasin P1,21.50158570966157,20.87155574814228,-0.6300299615192877,18.1755161781164,17.856638949064557,-0.3188772290518429,0.40256861686941126,0.539516419730434,Not significant
LC-MS/MS,LC-MS/MS,NA,Dehydroascorbic acid,27.758374901505693,28.47687858703299,0.7185036855272955,28.482883075135167,28.973168028782812,0.49028495364764524,0.09419434527052926,0.18470590410942883,Not significant
LC-MS/MS,LC-MS/MS,NA,Deidaclin; NSC 370273;,19.632261362934674,18.99660557750558,-0.6356557854290941,19.745520814525943,19.375960348417316,-0.36956046610862714,0.35359599752513104,0.4947052564636942,Not significant
LC-MS/MS,LC-MS/MS,NA,Delcosine;,20.221026394784204,19.025311386812692,-1.1957150079715113,19.006932553760876,18.608893734013833,-0.39803881974704325,3.1249849205904117e-4,0.0015980315044901556,Wa > Sp
LC-MS/MS,LC-MS/MS,NA,Demethylsulochrin;,18.815138450395036,19.176431982697338,0.36129353230230166,16.20000592814934,15.94401292024473,-0.2559930079046122,0.27880287220005107,0.4252151407589083,Not significant
LC-MS/MS,LC-MS/MS,NA,Demeton-S-methyl;,23.0565494856226,23.347889893249217,0.29134040762661684,18.689439102620412,19.272097101640725,0.5826579990203129,0.06525299187498211,0.13835756326012466,Not significant
LC-MS/MS,LC-MS/MS,NA,Demeton-S-methylsulphon,27.52571967184686,29.189501877758108,1.6637822059112466,27.041073578478922,28.84553749097101,1.8044639124920892,0.7440117140520082,0.8132366094918849,Not significant
LC-MS/MS,LC-MS/MS,NA,Deoxyshikonin;,21.853095099135857,21.252829171198194,-0.600265927937663,18.470371397561404,18.143679151287916,-0.32669224627348825,0.5006855222140785,0.6241815688022546,Not significant
LC-MS/MS,LC-MS/MS,NA,Deslanoside;,21.162785775539056,20.33821203282815,-0.824573742710907,17.928237943274294,17.368900382090864,-0.5593375611834297,0.602983430712817,0.7051931781609986,Not significant
LC-MS/MS,LC-MS/MS,NA,Deutzioside;,17.074156131277373,20.142374733733906,3.0682186024565326,18.5323637322278,18.50868025080599,-0.023683481421809205,1.1400644199706061e-11,9.910960024277803e-10,Sp > Wa
LC-MS/MS,LC-MS/MS,NA,Di-n-propylphthalate; Dipropyl phthalate;,20.714279404779877,19.750565560614543,-0.9637138441653335,18.85836424218489,18.563541063078485,-0.2948231791064053,0.3346783343338099,0.48063937001243184,Not significant
LC-MS/MS,LC-MS/MS,NA,Diadinoxanthin; Diadinoxanthin A;,22.471258385720045,21.111469209268687,-1.3597891764513577,24.368181984919232,22.28447037113712,-2.0837116137821106,0.021810813687372317,0.05631940801650198,Not significant
LC-MS/MS,LC-MS/MS,NA,Dianoside A;,20.160335691103114,21.619193050110304,1.4588573590071903,18.758506227241273,18.35891927457921,-0.39958695266206234,7.846706942268329e-5,4.967041676076651e-4,Sp > Wa
LC-MS/MS,LC-MS/MS,NA,Dichlorphenamide,23.624164859878512,22.706065577435687,-0.9180992824428245,24.771208834172697,25.015839057149062,0.24463022297636527,1.5802059206936427e-6,1.821492547344616e-5,Wa > Sp
LC-MS/MS,LC-MS/MS,NA,Diclazepam,21.588235397860025,19.73594070157097,-1.8522946962890536,31.030548368829916,31.32018759596971,0.2896392271397943,0.19040271339015527,0.3172201111636631,Not significant
LC-MS/MS,LC-MS/MS,NA,Diclofenac,20.85651006090369,19.946288281585602,-0.9102217793180891,22.374848410855027,21.129276819784987,-1.2455715910700391,0.5353918080841275,0.6506539740514509,Not significant
LC-MS/MS,LC-MS/MS,NA,Dicyclopentadiene;,20.056305745815433,20.141562121187796,0.08525637537236364,21.611534638307973,21.389462973532016,-0.22207166477595663,0.24585486472584883,0.3848676393787598,Not significant
LC-MS/MS,LC-MS/MS,NA,Diethyl acetylsuccinate,22.080950935849533,21.08766718536645,-0.9932837504830836,21.439585200602735,21.55133367544152,0.1117484748387838,9.19885288382924e-5,5.712049600244442e-4,Wa > Sp
LC-MS/MS,LC-MS/MS,NA,Difenacoum;,20.844844127194342,20.75647500052023,-0.08836912667411312,17.1558041082715,16.38654691957972,-0.7692571886917783,0.050766296832621315,0.11235793284776369,Not significant
LC-MS/MS,LC-MS/MS,NA,Diflunisal;,19.947358628919027,20.85156477064114,0.9042061417221134,19.357374598549704,22.525971622390482,3.1685970238407783,5.645952166809336e-7,7.512573087264667e-6,Wa > Sp
LC-MS/MS,LC-MS/MS,NA,Digoxin,23.022211123314992,21.598738351030565,-1.423472772284427,17.02824678131923,17.070689013492036,0.042442232172806627,0.001954474845365551,0.007630644306457121,Wa > Sp
LC-MS/MS,LC-MS/MS,NA,Dihydroalbocycline;,23.726705975406702,23.18156142333004,-0.5451445520766605,18.73575245097402,17.462816578316616,-1.2729358726574027,0.3003005594050069,0.44945180381314204,Not significant
LC-MS/MS,LC-MS/MS,NA,Dihydrocapsaicin;,17.423358833296657,15.608652522347935,-1.814706310948722,15.942027304160119,15.408709076254418,-0.5333182279057009,0.23276983513285554,0.37061277779394824,Not significant
LC-MS/MS,LC-MS/MS,NA,Dihydrocoumarin,28.767454552009372,28.380570054729354,-0.3868844972800183,28.926291798219605,28.51961257417309,-0.40667922404651335,0.9202355404153424,0.9419051371284196,Not significant
LC-MS/MS,LC-MS/MS,NA,Dihydrodemethylsterigmatocystin; DHDMST;,15.560067723151128,15.839544730636653,0.27947700748552506,21.85170919162312,21.944529242484094,0.09282005086097556,0.2944642942036808,0.4439091787764159,Not significant
LC-MS/MS,LC-MS/MS,NA,Dihydromethysticin,24.29525621540757,23.888107439679267,-0.4071487757283023,19.760063737355203,19.979781136463135,0.21971739910793175,0.004038324116716598,0.014271443322936912,Wa > Sp
LC-MS/MS,LC-MS/MS,NA,Dihydromonacolin L;,18.54403285696502,20.04468928173267,1.500656424767648,16.097217778779015,15.895245481020654,-0.20197229775836156,0.0012971228830498012,0.005335798862766375,Sp > Wa
LC-MS/MS,LC-MS/MS,NA,Dihydrophaseic acid; (-)-Dihydrophaseic acid;,21.39254512744263,19.979440255890694,-1.413104871551937,20.910267568857623,20.159959377980556,-0.7503081908770675,0.1338375364045179,0.24477440038077325,Not significant
LC-MS/MS,LC-MS/MS,NA,Dihydrotanshinone I,20.7961174503497,20.624408380292934,-0.1717090700567674,22.02608365524489,21.771566956658287,-0.25451669858660253,0.8848809235919204,0.9186980289521212,Not significant
LC-MS/MS,LC-MS/MS,NA,Dillenetin 5-glucoside-7-glucuronide,15.83708859884059,16.31452941647677,0.4774408176361806,21.96100620734513,23.89434625390531,1.9333400465601827,3.089422656787501e-11,2.120319549711001e-9,Wa > Sp
LC-MS/MS,LC-MS/MS,NA,Dimethamine;,19.0129297991455,19.37672729848905,0.3637974993435513,19.13362287776792,18.07388548166473,-1.0597373961031913,0.0014186320382924725,0.005762916442160074,Sp > Wa
LC-MS/MS,LC-MS/MS,NA,Dinitrocarbanilide,19.348747000243105,20.52305649180473,1.1743094915616261,20.6968184251749,20.63875131650097,-0.0580671086739315,0.08257251621427614,0.1669373040983195,Not significant
LC-MS/MS,LC-MS/MS,NA,Dioscorine;,20.40268080305858,19.780416738556728,-0.6222640645018522,16.55081147972071,16.264246589610558,-0.28656489011015296,0.19802750390759366,0.32770033641561186,Not significant
LC-MS/MS,LC-MS/MS,NA,Diosgenin glucoside,20.804864899117092,18.835199354045702,-1.9696655450713898,18.291744211648247,17.564923785290613,-0.7268204263576337,0.0010021419770026212,0.004355977126704727,Wa > Sp
LC-MS/MS,LC-MS/MS,NA,Diosmetin,22.734485035684447,23.96946622442494,1.2349811887404947,24.04502395854271,24.837055284355717,0.7920313258130065,4.099630064405998e-6,4.092136591778686e-5,Sp > Wa
LC-MS/MS,LC-MS/MS,NA,Diosmetin-7-O-beta-D-glucopyranoside,27.239934231135965,28.38347145748507,1.1435372263491033,28.59147183859532,29.33647756761138,0.7450057290160572,1.1950959452538031e-4,7.170766221695374e-4,Sp > Wa
LC-MS/MS,LC-MS/MS,NA,Diprenorphine;,20.081493580533014,19.55882014732089,-0.5226734332121232,21.7896808232324,20.821794058007143,-0.9678867652252556,0.06614752330866662,0.14002657531574883,Not significant
LC-MS/MS,LC-MS/MS,NA,Disulfoton; Ethylthiometon;,20.058573461306164,19.720953955658054,-0.33761950564811016,19.788440305151692,20.050000721794888,0.26156041664319574,0.42880435982200704,0.5611852071907267,Not significant
LC-MS/MS,LC-MS/MS,NA,"Docosanediol-1,14-disulfate",19.842354293941614,19.867368935688482,0.02501464174686774,21.68003134522624,21.630766163174297,-0.04926518205194341,0.7465779904573343,0.8146758992103464,Not significant
LC-MS/MS,LC-MS/MS,NA,Dodecanedioic acid,22.508024602583347,20.998566525108327,-1.5094580774750206,17.44810646366503,17.107146605094332,-0.34095985857069877,0.15938848088451726,0.27898332761531613,Not significant
LC-MS/MS,LC-MS/MS,NA,Doxefazepam;,20.489923749165108,21.058604631824718,0.5686808826596099,19.86052739159874,18.274197109825856,-1.5863302817728844,0.007398392832223261,0.02341627245926974,Sp > Wa
LC-MS/MS,LC-MS/MS,NA,Drofenine,24.609190889127742,24.538167895569813,-0.07102299355792852,26.34514490679477,26.054847147814144,-0.2902977589806248,0.34364980785550947,0.4870862493952004,Not significant
LC-MS/MS,LC-MS/MS,NA,ELK,20.97105883892392,21.08332613539902,0.1122672964750997,21.80540799616645,21.325241851791713,-0.4801661443747385,0.40016520477560924,0.5385092126185701,Not significant
LC-MS/MS,LC-MS/MS,NA,ENH,24.048279074029637,24.18805235429409,0.13977328026445335,19.43927279999993,19.634801080003133,0.19552828000320233,0.7289554734960964,0.8035147400159846,Not significant
LC-MS/MS,LC-MS/MS,NA,EPH,18.548074898060378,18.451768607296728,-0.09630629076364983,22.252734857723784,22.02700878804704,-0.22572606967674247,0.35457437336803066,0.49483256817689186,Not significant
LC-MS/MS,LC-MS/MS,NA,Echitovenine;,17.529108443909546,17.899585217159512,0.3704767732499654,17.563003165259946,16.947890631309058,-0.6151125339508887,0.12060399674389793,0.22498943026329457,Not significant
LC-MS/MS,LC-MS/MS,NA,Eicosanoyl-EA,21.97268889327274,21.58007003299745,-0.39261886027528803,23.250215400306757,22.903235158312494,-0.34698024199426314,0.9342388883583295,0.9510128886957546,Not significant
LC-MS/MS,LC-MS/MS,NA,Elzasonan,22.04076908087633,24.51186711514229,2.4710980342659603,19.78953622281396,19.4903035781333,-0.2992326446806608,9.058062735708855e-6,7.8223270247446e-5,Sp > Wa
LC-MS/MS,LC-MS/MS,NA,Entadamide A;,16.73901069186268,16.928991218040654,0.18998052617797256,18.120187780737147,21.50896952475577,3.3887817440186225,6.312924999168071e-7,8.315206261530468e-6,Wa > Sp
LC-MS/MS,LC-MS/MS,NA,Epicatechin 5-O-beta-D-glucopyranoside-3-benzoate,20.796843425298363,20.163073922125317,-0.6337695031730455,16.881649799530692,16.606838975647335,-0.27481082388335665,0.1395713773297474,0.2531308428901121,Not significant
LC-MS/MS,LC-MS/MS,NA,Epithienamycin F;,17.857476758214386,18.56150507153321,0.7040283133188261,23.38023035024767,21.561654811351826,-1.8185755388958427,3.2824106713184717e-6,3.5084127175403995e-5,Sp > Wa
LC-MS/MS,LC-MS/MS,NA,Epothilone D; Desoxyepothilone b;,22.38293978966324,21.169459488061214,-1.2134803016020257,19.546087513697834,18.59690316027771,-0.9491843534201259,0.4907010871478136,0.6182359590731873,Not significant
LC-MS/MS,LC-MS/MS,NA,Epoxypheophorbide a;,23.282985216866106,22.608909372690714,-0.6740758441753911,22.981249667584226,21.006548745853816,-1.9747009217304097,0.016453484589326203,0.045264438617049305,Sp > Wa
LC-MS/MS,LC-MS/MS,NA,Eriodictyol,26.59982149317933,26.142502621127367,-0.45731887205196387,22.42070561528838,22.377620090472917,-0.04308552481546357,0.25662909679993123,0.3979124164412727,Not significant
LC-MS/MS,LC-MS/MS,NA,Eriojaposide B;,26.734746618465675,26.014848130032792,-0.7198984884328823,22.578665894453188,22.4179630886765,-0.16070280577668683,0.45478088603605227,0.5849593997092889,Not significant
LC-MS/MS,LC-MS/MS,NA,Erosenone,19.135544885490834,21.166081367319496,2.030536481828662,19.10474726938479,19.327905985768904,0.22315871638411267,1.5412763020345815e-4,8.738366512404758e-4,Sp > Wa
LC-MS/MS,LC-MS/MS,NA,Erythromycin D;,19.14094493954859,15.915798733352943,-3.225146206195646,15.658215513319911,15.437158525030897,-0.2210569882890141,0.012561373019662194,0.03664436335042394,Wa > Sp
LC-MS/MS,LC-MS/MS,NA,Esculetin,19.47933505013832,20.642050631114476,1.1627155809761547,23.94210475619877,27.115474477523577,3.173369721324807,0.004870357595757726,0.016453228769088276,Wa > Sp
LC-MS/MS,LC-MS/MS,NA,Esculin,19.545218449285176,23.22267552367317,3.677457074387995,20.323018116378364,23.73588125326286,3.4128631368844964,0.6057986248910053,0.7059529998729857,Not significant
LC-MS/MS,LC-MS/MS,NA,Estriol 3-sulfate 16-glucuronide,19.97155483337764,20.953417176207342,0.9818623428297037,18.558768678394973,17.232779453146627,-1.325989225248346,4.110965441127361e-6,4.092136591778686e-5,Sp > Wa
LC-MS/MS,LC-MS/MS,NA,Ethoate-methyl;,20.393249457850477,20.004293421774836,-0.38895603607564055,20.49822043004718,21.07830023498673,0.580079804939551,0.13365570002575905,0.24477440038077325,Not significant
LC-MS/MS,LC-MS/MS,NA,Ethyl paraben,25.575078536440277,25.467586894932293,-0.10749164150798407,27.189400112230167,26.693167725502942,-0.49623238672722536,0.0578045531840055,0.12479658501977346,Not significant
LC-MS/MS,LC-MS/MS,NA,Ethylendiamine dihydroiodide; EDDI;,18.932867931382155,18.71603032415895,-0.216837607223205,20.8794110566177,21.284692346348393,0.405281289730695,0.004038468240923098,0.014271443322936912,Wa > Sp
LC-MS/MS,LC-MS/MS,NA,Ethylmalonic acid,22.914320498526926,23.56123807355892,0.646917575031992,23.38251330989329,24.915002905482805,1.5324895955895137,0.07406706794556017,0.15282192500159883,Not significant
LC-MS/MS,LC-MS/MS,NA,Etoposide,22.03443899690666,21.463454150843553,-0.5709848460631051,17.307352243254307,16.990783498952776,-0.3165687443015308,0.6375665023250459,0.7337923380687201,Not significant
LC-MS/MS,LC-MS/MS,NA,F4-Neuroprostane (7-series);,18.20191993321155,18.527515222137197,0.3255952889256477,16.666173556435233,16.449906651671164,-0.21626690476406907,0.5780481508018946,0.6852498078597006,Not significant
LC-MS/MS,LC-MS/MS,NA,FAD; Flavin adenine dinucleotide;,22.644827593944893,22.032890234319233,-0.6119373596256601,23.34252888310639,23.218993483936732,-0.12353539916965772,0.04153681597856734,0.09603547524122662,Not significant
LC-MS/MS,LC-MS/MS,NA,FAHFA(14:1(7Z)1/3-O-10:0),18.719104110427377,16.126128019388307,-2.59297609103907,18.169363498857496,17.85395158979494,-0.3154119090625578,0.07875548250999344,0.16071541344762355,Not significant
LC-MS/MS,LC-MS/MS,NA,Fagaramide;,18.70260586320867,17.864567995623762,-0.8380378675849087,18.14864776337915,17.847903667219605,-0.3007440961595442,0.38236762733590457,0.5223154169935359,Not significant
LC-MS/MS,LC-MS/MS,NA,Fe-coproporphyrin III; Coproheme III;,28.643553716724096,28.670866735792004,0.027313019067907618,19.14316714567265,19.001434841498646,-0.14173230417400262,0.6648987031995954,0.7569910511355846,Not significant
LC-MS/MS,LC-MS/MS,NA,Ferimzone; (Z)-Ferimzone;,19.518107179490805,19.382014837720607,-0.13609234177019758,20.786702689387578,20.28187969900324,-0.5048229903843371,0.08366976884700335,0.16811306406239196,Not significant
LC-MS/MS,LC-MS/MS,NA,Ferroxamine; Ferrioxamine; Desferal-iron(III);,21.726836213009864,21.330576177817843,-0.3962600351920216,24.146212899114825,23.546097982503838,-0.6001149166109876,0.4668027597413561,0.5967752928458121,Not significant
LC-MS/MS,LC-MS/MS,NA,Ferulaldehyde,18.136695615574506,19.69147767781911,1.5547820622446018,21.785076463280248,22.55649686101764,0.7714203977373906,0.057531763892536426,0.12441363203294775,Not significant
LC-MS/MS,LC-MS/MS,NA,Ferulic acid,22.04803427173758,22.037091341560917,-0.01094293017666459,24.952246555360645,23.893803616732612,-1.0584429386280334,3.9471869038930094e-5,2.7822333636089104e-4,Sp > Wa
LC-MS/MS,LC-MS/MS,NA,Feruloylputrescine; Subaphyllin;,21.15433189207749,20.430820371674322,-0.7235115204031679,21.900570617703465,21.39427746603814,-0.5062931516653251,0.6161752796234098,0.7154875909429443,Not significant
LC-MS/MS,LC-MS/MS,NA,Fisetin,21.4216981044941,24.732484963344266,3.3107868588501645,20.404678919560496,20.537579264514477,0.13290034495398118,4.3091234504787405e-4,0.0021284458255394993,Sp > Wa
LC-MS/MS,LC-MS/MS,NA,Flavin mononucleotide (FMN),23.579667800236795,23.18580990926015,-0.39385789097664414,24.68299731989317,23.123015598900846,-1.5599817209923224,3.0512534926980194e-4,0.0015789026009834196,Sp > Wa
LC-MS/MS,LC-MS/MS,NA,Flavonol 7-O-beta-D-glucoside;,17.893234939799843,17.826792551722054,-0.0664423880777889,17.97545780799341,21.449885488715093,3.474427680721682,2.447366101121422e-10,1.1004708261594255e-8,Wa > Sp
LC-MS/MS,LC-MS/MS,NA,Fluo-3;,15.407114846524403,16.047206754457605,0.6400919079332024,23.14532449587773,22.48882793884651,-0.6564965570312218,1.616834895621532e-4,9.127067982209859e-4,Sp > Wa
LC-MS/MS,LC-MS/MS,NA,Fluocinolone;,19.48431739433626,20.72973744324998,1.2454200489137222,19.620373718279623,19.296521493475407,-0.3238522248042166,3.4920269574547818e-6,3.6428825220168286e-5,Sp > Wa
LC-MS/MS,LC-MS/MS,NA,Flupyrsulfuron-methyl sodium;,21.802958294167084,21.437309908916305,-0.36564838525077903,19.231854761005895,18.858691905802186,-0.3731628552037094,0.9648100721656279,0.9743170528883096,Not significant
LC-MS/MS,LC-MS/MS,NA,Fluspirilene,22.03115751516246,23.099137474095176,1.0679799589327175,17.423264449277085,17.32032474097506,-0.10293970830202426,3.4568922458278367e-8,7.64031777721949e-7,Sp > Wa
LC-MS/MS,LC-MS/MS,NA,Fluvalinate;,18.88850543474452,19.08114730831335,0.19264187356883156,22.8323251687814,22.21956552305136,-0.612759645730037,2.4680383815408344e-5,1.8080460952411506e-4,Sp > Wa
LC-MS/MS,LC-MS/MS,NA,Formononetin 7-O-(6''-acetylglcoside),21.45849306476436,20.85060588320286,-0.6078871815615017,16.76513227599294,16.372450127266312,-0.3926821487266281,0.45075318751794147,0.5836962825455767,Not significant
LC-MS/MS,LC-MS/MS,NA,Formononetin 7-O-rutinoside,21.2369861348652,22.60062356730127,1.363637432436068,20.765108936102962,20.441256711298745,-0.3238522248042166,2.323149459865583e-4,0.0012364844472100899,Sp > Wa
LC-MS/MS,LC-MS/MS,NA,Formoterol;,21.213630686757405,19.158994341142904,-2.054636345614501,16.763561211072496,16.52102670789994,-0.24253450317255698,1.7494674885564895e-5,1.3660512605255464e-4,Wa > Sp
LC-MS/MS,LC-MS/MS,NA,Forsythoside E,23.068640731561707,23.163530995691286,0.09489026412957813,20.762042940811316,20.86185731455532,0.09981437374400315,0.9793287176574883,0.9838928189681327,Not significant
LC-MS/MS,LC-MS/MS,NA,Fraxinellone,22.907280388692733,21.27139434126842,-1.6358860474243144,21.020932384805025,20.381384212903665,-0.6395481719013603,0.002147863650285989,0.00828643254429861,Wa > Sp
LC-MS/MS,LC-MS/MS,NA,Frullanolide;,19.907099716256656,19.367719718669775,-0.5393799975868809,18.88971467912488,17.515342544210483,-1.3743721349143954,5.788839551886726e-5,3.8318003937361884e-4,Sp > Wa
LC-MS/MS,LC-MS/MS,NA,Fulvyne B,25.895577303341547,24.71479383753635,-1.1807834658051952,23.00229700004024,20.814219095546836,-2.1880779044934044,0.08828355301252497,0.17544631987345372,Not significant
LC-MS/MS,LC-MS/MS,NA,Fulvyne D,25.16858240834578,24.776707510434942,-0.3918748979108386,25.13628989292008,23.69350689613137,-1.4427829967887078,5.1859144610492295e-5,3.50385101409751e-4,Sp > Wa
LC-MS/MS,LC-MS/MS,NA,Fumaric acid,19.886649610172885,20.117895165935167,0.2312455557622819,27.024612042353542,27.699930732054355,0.6753186897008128,0.034179990243800855,0.08178111427140608,Not significant
LC-MS/MS,LC-MS/MS,NA,Fumiquinazoline F;,21.381666258140527,20.28752342183675,-1.094142836303778,19.62660096776699,18.022889962442296,-1.6037110053246941,0.004203177594232855,0.014733719308816246,Sp > Wa
LC-MS/MS,LC-MS/MS,NA,GNH,18.72842313512061,22.24705255027094,3.518629415150329,18.08519459661873,18.049132009676438,-0.03606258694229325,1.7355648166024885e-11,1.3312803063821441e-9,Sp > Wa
LC-MS/MS,LC-MS/MS,NA,GPH,24.87876450274797,24.00142511709107,-0.8773393856568994,19.36182810127584,19.805286651290764,0.44345855001492396,0.0012462888935848254,0.00517567107399558,Wa > Sp
LC-MS/MS,LC-MS/MS,NA,"Gabaculine; 3-Amino-2,3-dihydrobenzoic acid;",18.797330655255422,20.46725610170401,1.6699254464485875,20.982185234218335,22.124883412066644,1.1426981778483096,0.27295129331201046,0.4178908407834444,Not significant
LC-MS/MS,LC-MS/MS,NA,Galactonic acid,26.651526978861476,27.235766450303164,0.5842394714416876,26.96063305289872,27.229912416255054,0.2692793633563326,0.020439270917960498,0.054393488320449976,Not significant
LC-MS/MS,LC-MS/MS,NA,Gallicynoic acid B,19.143343569425447,18.742059399904075,-0.4012841695213716,16.840130371920097,16.80591440462006,-0.03421596730003529,0.5589422365662784,0.6692935504889137,Not significant
LC-MS/MS,LC-MS/MS,NA,Gallocatechin-(4alpha->8)-epigallocatechin;,25.161976818336395,26.74857281515473,1.5865959968183354,21.746948556417475,22.657666420133435,0.9107178637159592,0.05180004011809279,0.11390767675209612,Not significant
LC-MS/MS,LC-MS/MS,NA,Gambiriin B3;,20.29759434719899,19.37910709066442,-0.9184872565345721,16.270442462230882,15.822326501815642,-0.44811596041524027,0.037766507526606735,0.08857468671707767,Not significant
LC-MS/MS,LC-MS/MS,NA,Gambiriin C; Epiafzelechin-(4beta->8)-catechin;,20.150854148775593,19.17202230572663,-0.9788318430489618,16.012523944190583,15.659352815251319,-0.3531711289392643,0.0019691439187604926,0.007664966179294574,Wa > Sp
LC-MS/MS,LC-MS/MS,NA,Ganoderic acid C6,19.691175071206622,19.80554251991457,0.11436744870794868,21.150816866819675,21.111373027146342,-0.03944383967333209,0.7045585488660056,0.7832432631894896,Not significant
LC-MS/MS,LC-MS/MS,NA,Garcinia acid,23.03143329104893,24.384457103235984,1.353023812187054,24.00356534479607,25.091104315183685,1.087538970387616,0.3670644941177772,0.504375237438969,Not significant
LC-MS/MS,LC-MS/MS,NA,Geniposide,20.475076413335483,20.42000028933479,-0.05507612400069206,24.665124396603055,24.470527018999206,-0.19459737760384854,0.19072129382846004,0.3172201111636631,Not significant
LC-MS/MS,LC-MS/MS,NA,Genistein 4'-O-glucuronide,22.82735475688201,22.652598160657224,-0.17475659622478545,22.639120546348636,23.21302990536696,0.5739093590183231,1.2927484380417236e-4,7.593441275704539e-4,Wa > Sp
LC-MS/MS,LC-MS/MS,NA,Gentiopicrin,21.576488517289896,22.851189563736487,1.2747010464465909,18.36454873272349,18.40066883966106,0.03612010693756673,3.5652596135890395e-4,0.0017881148215846568,Sp > Wa
LC-MS/MS,LC-MS/MS,NA,Geranylgeranyl bacteriochlorophyllide a;,21.23766115564281,20.50623901681287,-0.7314221388299416,18.083911677988908,17.357091251631275,-0.7268204263576337,0.9885998287108726,0.9893858952445125,Not significant
LC-MS/MS,LC-MS/MS,NA,Gericudranins A,19.97095491634108,18.749303707907142,-1.2216512084339364,19.00387523017248,19.383899519907047,0.3800242897345676,4.35903589155364e-6,4.2738216560796595e-5,Wa > Sp
LC-MS/MS,LC-MS/MS,NA,Gibberellin 2-O-beta-D-glucoside;,19.44676425760836,20.821441256136918,1.3746769985285567,18.617018643684442,18.49508272753791,-0.12193591614653343,2.2401560421940745e-5,1.684811461989999e-4,Sp > Wa
LC-MS/MS,LC-MS/MS,NA,Gibberellin A15 open lactone;,23.90312891949743,22.91074730710248,-0.9923816123949507,19.92110047519033,18.331942625895103,-1.5891578492952263,0.38850137443033406,0.5271652364798706,Not significant
LC-MS/MS,LC-MS/MS,NA,Gingerglycolipid A,24.01636249977671,24.743790250197623,0.7274277504209117,26.617122719403607,27.61661743623207,0.9994947168284618,0.31523813660333067,0.4603253416917617,Not significant
LC-MS/MS,LC-MS/MS,NA,Ginkgolide B,20.87583963878639,20.373823417810204,-0.5020162209761843,19.35896117190562,19.274990861545636,-0.08397031035998381,0.6040425181898988,0.7057493529435492,Not significant
LC-MS/MS,LC-MS/MS,NA,Gitoxin; Gitoxigenin 3-O-tridigitoxoside;,20.19618440047368,19.06924197754385,-1.1269424229298295,17.153588325183975,16.426767898826345,-0.7268204263576301,0.06860482638275418,0.14382748167702805,Not significant
LC-MS/MS,LC-MS/MS,NA,Glucofrangulin A;,17.271163125604065,17.741574581539602,0.4704114559355368,22.622441575071257,22.688968352289294,0.06652677721803713,0.12729209209570133,0.23613771508866058,Not significant
LC-MS/MS,LC-MS/MS,NA,Glucofrangulin B;,20.872564595971838,21.28242030316446,0.409855707192623,23.513556703300367,23.36364696640882,-0.14990973689154785,0.19656033044887855,0.325685731772983,Not significant
LC-MS/MS,LC-MS/MS,NA,Gluconic acid,25.00146162800973,24.822372754382094,-0.17908887362763437,25.27649297595426,25.660416014749796,0.3839230387955368,0.03703078913164546,0.08732034182218026,Not significant
LC-MS/MS,LC-MS/MS,NA,Glucoscilliroside,19.3700649013355,20.022203818583684,0.652138917248184,22.464220425456112,23.13907734233348,0.674856916877367,0.9192752117685575,0.9419051371284196,Not significant
LC-MS/MS,LC-MS/MS,NA,Glucose 1-phosphate,28.729566160584692,29.26541115580736,0.5358449952226678,29.90929119310947,29.960899871641942,0.051608678532470975,0.008873196682918133,0.02741859828086551,Sp > Wa
LC-MS/MS,LC-MS/MS,NA,Glucoselysine-6-phosphate;,18.104425917748532,19.254126666202676,1.1497007484541442,20.168407823015915,21.064245409795898,0.895837586779983,0.6013685072611039,0.7045683139878522,Not significant
LC-MS/MS,LC-MS/MS,NA,Glucovanillin;,16.251203602316043,16.659268113233555,0.4080645109175123,21.464996190405483,19.29306266299479,-2.171933527410694,8.364238328375031e-13,1.36337084752513e-10,Sp > Wa
LC-MS/MS,LC-MS/MS,NA,Glutaric acid,23.173781715795215,23.501389052922562,0.3276073371273469,23.300443128462764,25.05843064793806,1.7579875194752965,0.0018849946505915898,0.007426081644626686,Wa > Sp
LC-MS/MS,LC-MS/MS,NA,Glutaric anhydride,24.896578306428225,25.31542258806318,0.4188442816349536,24.68938947071271,26.876980885146384,2.1875914144336726,7.372597119777027e-6,6.584840167252907e-5,Wa > Sp
LC-MS/MS,LC-MS/MS,NA,Glycerol 3-phosphate,23.555314384057542,24.22638491038974,0.6710705263321977,23.805136417008153,23.840663897583628,0.03552748057547461,4.659432948490908e-4,0.0022756181890757096,Sp > Wa
LC-MS/MS,LC-MS/MS,NA,Glycerophospho-N-palmitoyl ethanolamine,26.61278731835399,25.742905133750654,-0.8698821846033375,29.293016399499663,27.896465840525174,-1.3965505589744893,0.011488876047997006,0.034204325037872366,Sp > Wa
LC-MS/MS,LC-MS/MS,NA,Glycerophosphoglycerol;,25.73353664402443,26.25904262201204,0.5255059779876099,25.752473159485653,26.02607391117732,0.2736007516916672,0.0726153599953494,0.1509610573010822,Not significant
LC-MS/MS,LC-MS/MS,NA,Glyceryl tri(2-ethylhexanoate);,17.83917837837386,16.417786098266546,-1.4213922801073124,18.411152602999167,17.75713625452491,-0.6540163484742578,0.4024151492613347,0.539516419730434,Not significant
LC-MS/MS,LC-MS/MS,NA,Glycidyl stearate;,24.689251375138944,24.540756087914236,-0.1484952872247085,25.88151222403128,25.674554399988914,-0.20695782404236596,0.5965140789537424,0.6995093156076261,Not significant
LC-MS/MS,LC-MS/MS,NA,Glycyl-L-leucine,23.288219457163557,22.825956096819194,-0.46226336034436244,23.99240707641585,23.227606038916765,-0.7648010374990868,0.3644739033263581,0.5029354179233555,Not significant
LC-MS/MS,LC-MS/MS,NA,Glycyl-L-tyrosine,19.506409702484508,19.045721834771765,-0.4606878677127426,22.89080129887411,21.745175162648238,-1.1456261362258715,0.01107569814253324,0.03327813451120586,Sp > Wa
LC-MS/MS,LC-MS/MS,NA,Goniocin,20.05108211943725,20.33376835351957,0.28268623408231974,17.461805626977075,16.993123934510287,-0.46868169246678804,0.0032924901206045232,0.011992757310805303,Sp > Wa
LC-MS/MS,LC-MS/MS,NA,Gossypetin 8-glucuronide,17.789556616505436,19.539812088341446,1.7502554718360095,19.5410245339434,19.572255567575382,0.03123103363198254,5.917357301970023e-5,3.87750448330096e-4,Sp > Wa
LC-MS/MS,LC-MS/MS,NA,Gracillin;,20.17995623306331,20.01512350460093,-0.1648327284623825,16.532375958481012,16.16468250073144,-0.36769345774957074,0.4697336008456029,0.5997305158864796,Not significant
LC-MS/MS,LC-MS/MS,NA,Graminiliatrin;,19.081171775200012,20.024059020049386,0.9428872448493735,20.190875944475845,19.126920699153796,-1.0639552453220489,2.737998099779789e-9,8.500832195506773e-8,Sp > Wa
LC-MS/MS,LC-MS/MS,NA,Grandidentatin;,20.063595781458304,18.534219707410596,-1.5293760740477076,20.60800575938659,19.635916003027628,-0.9720897563589617,0.10114917416982615,0.1945405945685152,Not significant
LC-MS/MS,LC-MS/MS,NA,Granisetron;,22.551483773253228,22.268065247413855,-0.2834185258393731,23.10529186320437,22.198829190794243,-0.9064626724101288,0.20545493392483963,0.3382742851489784,Not significant
LC-MS/MS,LC-MS/MS,NA,Graphinone; Ovalicin;,18.202077781829875,17.313599591620225,-0.8884781902096499,18.991760267103373,18.845392894375333,-0.14636737272804012,0.4330422126046055,0.5646870452364056,Not significant
LC-MS/MS,LC-MS/MS,NA,Grayanotoxin I; Rhodotoxine;,19.189289433330064,20.255939035418216,1.0666496020881517,19.432539966539807,18.790598335665692,-0.6419416308741148,1.3860735272014504e-5,1.1439492908042349e-4,Sp > Wa
LC-MS/MS,LC-MS/MS,NA,Guanine,27.233873545436015,26.738250906356093,-0.4956226390799223,26.45943014086946,25.809223142960878,-0.6502069979085832,0.673846121322741,0.7593621464446605,Not significant
LC-MS/MS,LC-MS/MS,NA,Guanosine,23.824907235083526,22.62286998339498,-1.2020372516885445,25.46839049168908,24.94560385475687,-0.5227866369322101,0.3029122529065199,0.4503963258724082,Not significant
LC-MS/MS,LC-MS/MS,NA,Guanosine monophosphate (GMP),21.100427385283645,20.395261453743,-0.7051659315406447,25.379480918639825,23.995914139838405,-1.3835667788014199,0.195500733077568,0.3243421831210543,Not significant
LC-MS/MS,LC-MS/MS,NA,HC-toxin;,19.73196917080155,18.466251272698056,-1.2657178981034924,18.078344972755414,18.40665557230472,0.3283105995493081,8.31785409548949e-10,2.931481551491431e-8,Wa > Sp
LC-MS/MS,LC-MS/MS,NA,Handelin,19.545684134961363,19.81109024989217,0.26540611493080846,23.120766015843866,22.74524628156175,-0.3755197342821148,0.014574813572912756,0.041587651857939244,Sp > Wa
LC-MS/MS,LC-MS/MS,NA,Handelin;,19.80787794689367,19.414836030259174,-0.3930419166344947,22.61695011002889,21.96635790063344,-0.6505922093954482,0.4089735381272648,0.545856185995858,Not significant
LC-MS/MS,LC-MS/MS,NA,Haploside A,16.05444388883221,16.207104700724972,0.15266081189276193,21.18382944613239,21.668207289691733,0.48437784355934355,8.494866739579356e-4,0.0037550190604784674,Wa > Sp
LC-MS/MS,LC-MS/MS,NA,Haploside D,16.23123447702779,16.933499677575504,0.7022652005477141,21.646763917125014,22.39118612852764,0.7444222114026253,0.9006352763544658,0.929136392694797,Not significant
LC-MS/MS,LC-MS/MS,NA,Haploside F,16.478094948079402,18.058871695590526,1.5807767475111234,20.326423997028204,21.472957044180802,1.146533047152598,0.16193961682686367,0.2826897728811649,Not significant
LC-MS/MS,LC-MS/MS,NA,Harderoheme III;,22.259700820534967,23.72965804260378,1.469957222068814,20.276132820198402,19.952280595394186,-0.3238522248042166,3.0853018563972294e-4,0.001583950244386609,Sp > Wa
LC-MS/MS,LC-MS/MS,NA,Harpagoside;,20.14435345955255,19.78785583643745,-0.3564976231151,16.740415762936298,16.52682055370077,-0.21359520923552822,0.3571488845920078,0.4970353740746832,Not significant
LC-MS/MS,LC-MS/MS,NA,Helicid,20.939117727040102,20.76477585129781,-0.17434187574229298,20.117578512000144,20.447507264471998,0.3299287524718544,0.08465180638866984,0.16956367977085327,Not significant
LC-MS/MS,LC-MS/MS,NA,Heptanophenone,21.706697380193603,21.806518504589427,0.0998211243958238,20.30749411965834,20.13228445145226,-0.17520966820607953,0.26409655301105295,0.40789059132871014,Not significant
LC-MS/MS,LC-MS/MS,NA,"Herbacetin 8,4'-dixyloside",21.582754798887496,24.81810738216581,3.2353525832783134,20.649613014291187,20.814666788485987,0.16505377419479927,7.760635645397624e-6,6.837749244323312e-5,Sp > Wa
LC-MS/MS,LC-MS/MS,NA,Herniarin; 7-Methoxycoumarin;,20.75212132536691,20.909581126987145,0.15745980162023443,23.470469473916687,22.73359170835336,-0.7368777655633281,0.0011375548479845084,0.00482527576230984,Sp > Wa
LC-MS/MS,LC-MS/MS,NA,Hesperetin,21.238651400151632,22.534558637810377,1.2959072376587457,18.11081350802661,18.29528815361366,0.18447464558705207,0.004132472133008515,0.014524915529496234,Sp > Wa
LC-MS/MS,LC-MS/MS,NA,Hesperetin 7-O-glucoside;,21.617775154414705,22.859247929166308,1.2414727747516032,18.30386688796993,18.176933835621238,-0.12693305234869356,0.0012243376231096666,0.005100754825990432,Sp > Wa
LC-MS/MS,LC-MS/MS,NA,Hesperidin,20.494353144963693,21.71131114742392,1.2169580024602276,17.820875403647925,17.499356961249678,-0.3215184423982471,4.831738175553154e-9,1.2601173161842625e-7,Sp > Wa
LC-MS/MS,LC-MS/MS,NA,Heterocladol;,19.886679738021844,19.490403723660428,-0.39627601436141546,20.87973206364547,20.757243146261313,-0.12248891738415679,0.3393023506558277,0.4846114624920036,Not significant
LC-MS/MS,LC-MS/MS,NA,Hexanoylglycine,25.040636881218003,24.763841040030616,-0.2767958411873863,25.32727012033324,25.532738785944446,0.2054686656112068,6.005128769700042e-4,0.002806698177666256,Wa > Sp
LC-MS/MS,LC-MS/MS,NA,Hispidulin 7-(6''-E-p-Coumaroylglucoside),27.593033751578687,27.008964395139387,-0.5840693564393007,21.73188241256182,21.721184217176813,-0.01069819538500738,0.44457585178820735,0.5774172417647633,Not significant
LC-MS/MS,LC-MS/MS,NA,Homoeriodictyol chalcone;,20.45771052597047,21.667533832775764,1.2098233068052942,17.62667057679352,17.715703789935137,0.08903321314161872,0.00451024886558892,0.0154366522853752,Sp > Wa
LC-MS/MS,LC-MS/MS,NA,Homomethionine; L-Homomethionine;,19.855061354954668,18.29682706946867,-1.558234285485998,22.056072175940937,22.523000201316755,0.4669280253758181,2.5010395595030583e-5,1.821986360665915e-4,Wa > Sp
LC-MS/MS,LC-MS/MS,NA,Homoorientin,27.52152742920246,28.016942583000517,0.49541515379805645,26.5545414995874,27.39838300835293,0.8438415087655287,0.14299340238877734,0.25754612805934485,Not significant
LC-MS/MS,LC-MS/MS,NA,Homoplantaginin,23.022359827152926,23.979281378915044,0.9569215517621181,25.53630448187109,26.240428418427236,0.7041239365561474,0.09987506649181707,0.19294383215604366,Not significant
LC-MS/MS,LC-MS/MS,NA,Hordatine B;,19.604941308242914,20.192928544494432,0.5879872362515179,16.137819803735958,15.664157600264353,-0.4736622034716049,0.0027268667411668875,0.010247360894759716,Sp > Wa
LC-MS/MS,LC-MS/MS,NA,Hydroxyacetildenafil,24.96900133703914,23.634235498315817,-1.334765838723321,25.614111321076578,24.325777923702454,-1.2883333973741244,0.9230805383177352,0.9431917450682592,Not significant
LC-MS/MS,LC-MS/MS,NA,Hydroxyecdysone,20.124107919878906,20.9966822059252,0.8725742860462944,17.448996571214042,17.05477964084852,-0.3942169303655234,0.10050184609590442,0.1935811038538543,Not significant
LC-MS/MS,LC-MS/MS,NA,Hydroxygenkwanin,21.476998912143287,22.018801108757252,0.5418021966139648,28.481632635824333,28.880354053580355,0.3987214177560219,0.5896868096087748,0.6952546109673078,Not significant
LC-MS/MS,LC-MS/MS,NA,Hymenocardine;,18.974181211022593,17.78031861697867,-1.1938625940439245,17.091947150401314,16.814876626443702,-0.27707052395761167,0.1859344751014407,0.3120444730145157,Not significant
LC-MS/MS,LC-MS/MS,NA,Hypaconitine;,19.384180847813365,18.8327182123885,-0.5514626354248655,18.55434812749823,18.285242217253913,-0.26910591024431696,0.5635135661931518,0.6722979783310796,Not significant
LC-MS/MS,LC-MS/MS,NA,IPH,19.321183574264296,18.53480503527738,-0.7863785389869165,16.933184541194663,16.724053894279102,-0.20913064691556116,0.21254510724642495,0.34677287033517534,Not significant
LC-MS/MS,LC-MS/MS,NA,IRH,21.898876827947426,20.555318545090365,-1.3435582828570602,19.402181773846436,19.684252061986946,0.2820702881405097,0.015852859729810907,0.04388987067446586,Wa > Sp
LC-MS/MS,LC-MS/MS,NA,Icaceine;,15.354646086163298,15.156696370842475,-0.1979497153208225,18.272032665458134,16.338515229505564,-1.9335174359525702,0.24097322580687752,0.3804226228234483,Not significant
LC-MS/MS,LC-MS/MS,NA,Icariin;,18.026986177167974,16.168168867297187,-1.858817309870787,15.910585647264156,15.689528658975137,-0.22105698828901943,0.11146458330220102,0.2109576438694777,Not significant
LC-MS/MS,LC-MS/MS,NA,Ikarisoside F,19.169112968923546,19.767884517175847,0.5987715482523015,16.107637211333508,15.906891354576436,-0.2007458567570719,0.1730461589201499,0.2951038107933614,Not significant
LC-MS/MS,LC-MS/MS,NA,Imazalil nitrate;,23.99158696618539,23.166386352509942,-0.8252006136754488,21.06837485337787,20.577414826087406,-0.4909600272904626,0.5357289379282165,0.6506539740514509,Not significant
LC-MS/MS,LC-MS/MS,NA,Imibenconazole;,17.351468746236677,17.765695633886878,0.41422688765020155,22.761826918204836,21.761022014463347,-1.0008049037414892,1.150062238094787e-6,1.3633465077050932e-5,Sp > Wa
LC-MS/MS,LC-MS/MS,NA,Iminodiacetate;,22.917729046041085,22.71574592282455,-0.2019831232165359,24.242253647024246,24.425406395798415,0.18315274877416954,0.08131040805767488,0.16489700172194097,Not significant
LC-MS/MS,LC-MS/MS,NA,Indole-3-acetyl-L-aspartic acid,21.321224745014078,20.789325223169417,-0.5318995218446609,24.589056582578042,23.350431831432818,-1.238624751145224,5.298077666711023e-5,3.561182101748028e-4,Sp > Wa
LC-MS/MS,LC-MS/MS,NA,Indole-3-acrylic acid,27.395791664607973,27.207215936754526,-0.188575727853447,27.724714344151916,27.729375564975395,0.004661220823479084,0.35097187798183227,0.493451886651812,Not significant
LC-MS/MS,LC-MS/MS,NA,Inosine,16.92263872739607,16.477965633720913,-0.4446730936751564,19.587570390020847,17.80313770797301,-1.7844326820478358,0.2648599196487205,0.40824744116067563,Not significant
LC-MS/MS,LC-MS/MS,NA,Inosine-5'-monophosphate (IMP),19.836049061734354,18.635674313653098,-1.2003747480812557,27.164264931710413,25.48557270234886,-1.6786922293615518,0.6808877315229005,0.7660721327919433,Not significant
LC-MS/MS,LC-MS/MS,NA,Irbesartan,17.318018167847253,18.155117484544576,0.8370993166973228,22.9793822957649,23.31575805220981,0.3363757564449088,0.4032009881231393,0.5398091257829298,Not significant
LC-MS/MS,LC-MS/MS,NA,Iresinin I;,19.86481194011363,19.019958262897834,-0.8448536772157951,16.427240818424206,15.998318801466386,-0.42892201695782006,1.8949444379805927e-4,0.0010382384651792828,Wa > Sp
LC-MS/MS,LC-MS/MS,NA,Iridin;,19.481441972385372,22.565544960440192,3.08410298805482,20.505509047983765,20.479162250494152,-0.026346797489612328,3.2195959289265087e-7,4.825693208413986e-6,Sp > Wa
LC-MS/MS,LC-MS/MS,NA,Isobavachin,17.167340887356612,16.693259239314365,-0.4740816480422474,17.467086079625037,17.731801826666686,0.2647157470416488,0.024898544214937555,0.06328986677637148,Not significant
LC-MS/MS,LC-MS/MS,NA,Isobutyl 2-furanpropionate,19.995498508986515,20.697377107105982,0.7018785981194675,19.149296000958387,19.07430227605121,-0.07499372490717704,0.004335536212270926,0.015156941610727313,Sp > Wa
LC-MS/MS,LC-MS/MS,NA,Isoferulic acid,20.094456465279613,20.65454908418514,0.5600926189055251,23.425313959452982,22.658037986277513,-0.7672759731754688,0.01689127482479357,0.046142904108570304,Sp > Wa
LC-MS/MS,LC-MS/MS,NA,Isofraxidin,20.80146441952005,22.148467194465834,1.347002774945782,19.866905552903397,19.484558444129583,-0.38234710877381417,4.104219145205796e-9,1.1387025032656081e-7,Sp > Wa
LC-MS/MS,LC-MS/MS,NA,Isoguanosine; Crotonoside;,22.917054304314817,21.588566891172093,-1.3284874131427244,24.640841806396104,24.002410599262223,-0.6384312071338805,0.2504986173012271,0.39026307880621275,Not significant
LC-MS/MS,LC-MS/MS,NA,"Isoorientin 3',6''-di-O-glucoside",19.04458793293089,21.158608475948537,2.114020543017645,20.087064453162977,20.911688738143052,0.8246242849800751,4.218434396132682e-4,0.00209865426046027,Sp > Wa
LC-MS/MS,LC-MS/MS,NA,Isopropamide;,20.00401662869864,19.55894779357808,-0.4450688351205585,19.653058881476053,19.30820271290223,-0.3448561685738234,0.8122259370316286,0.8667288231499538,Not significant
LC-MS/MS,LC-MS/MS,NA,Isorhamnetin,18.652711578537804,18.272017525668186,-0.3806940528696181,21.046942846645404,22.584516806972044,1.5375739603266396,1.6214465003254205e-14,5.28591559106087e-12,Wa > Sp
LC-MS/MS,LC-MS/MS,NA,Isorhamnetin 3- (6''-p-coumarylglucoside),28.738537656890355,29.16751105763426,0.42897340074390655,23.77415711779767,23.907453453695805,0.13329633589813383,0.689335716715334,0.7722455108219893,Not significant
LC-MS/MS,LC-MS/MS,NA,Isorhamnetin 3-(3'''-ferulylrobinobioside),19.295018153276118,19.181536879806565,-0.11348127346955295,25.395891827778218,24.60341244252616,-0.792479385252058,7.117495603631298e-8,1.364884451049296e-6,Sp > Wa
LC-MS/MS,LC-MS/MS,NA,Isorhapontigenin,24.58004379792378,23.914315431504164,-0.6657283664196143,20.220684384470534,20.26782723382932,0.0471428493587851,0.002842542480482995,0.010651366076292601,Wa > Sp
LC-MS/MS,LC-MS/MS,NA,Isoschaftoside,20.17840900684647,20.599563889066662,0.42115488222019337,28.648898577934233,27.91861894484437,-0.7302796330898644,1.876468497168196e-5,1.4478786510694247e-4,Sp > Wa
LC-MS/MS,LC-MS/MS,NA,Isoscoparin 2''-(6-(E)-p-coumaroylglucoside),17.4874296530152,17.244620492034667,-0.24280916098053495,26.166814070064845,25.2927978941056,-0.8740161759592446,0.047700881984755965,0.10706015509143163,Not significant
LC-MS/MS,LC-MS/MS,NA,Isospinosin;,19.58915848178959,19.87394202006625,0.2847835382766597,22.608127204337848,22.74020764891243,0.13208044457458357,0.24514479850652776,0.38421732842850026,Not significant
LC-MS/MS,LC-MS/MS,NA,Isovitexin,29.507149269869334,29.05204265370662,-0.45510661616271264,29.845402275259524,30.522853232271828,0.6774509570123044,1.3034170370087085e-11,1.0622848851620975e-9,Wa > Sp
LC-MS/MS,LC-MS/MS,NA,Isovitexin 4'-O-glucoside 2''-O-(E)-ferulate,20.518678379664642,19.924082857796176,-0.5945955218684666,20.928925289943905,20.028555355880208,-0.900369934063697,0.038835157152490744,0.09026924229384657,Not significant
LC-MS/MS,LC-MS/MS,NA,Istamycin KL1;,19.05669218689867,19.681512917311487,0.6248207304128179,20.61614614170703,21.60989799815303,0.993751856446,0.1714157445733376,0.2937268474686363,Not significant
LC-MS/MS,LC-MS/MS,NA,Jacaglabroside B,21.091786232136467,20.779040928499363,-0.3127453036371044,16.675733654568276,16.647161000958008,-0.028572653610268617,0.06452739445429743,0.1370418931081496,Not significant
LC-MS/MS,LC-MS/MS,NA,Jasmolin II;,18.13877217762052,16.861038442970557,-1.2777337346499635,16.96817179655943,15.671972112350147,-1.2961996842092844,0.9879290825209828,0.9893858952445125,Not significant
LC-MS/MS,LC-MS/MS,NA,Jionoside B1;,21.281883343408285,21.288797041604056,0.006913698195770479,19.01378960548061,19.053222908843622,0.03943330336301187,0.8998573930755067,0.929068915732748,Not significant
LC-MS/MS,LC-MS/MS,NA,Juglalin,19.17741692682716,21.37199730043396,2.194580373606801,17.930847041521286,18.021263219641806,0.09041617812052039,1.8037034917830712e-7,2.8683284796160058e-6,Sp > Wa
LC-MS/MS,LC-MS/MS,NA,Jujuboside B;,21.44970915314532,20.56519679503923,-0.8845123581060896,19.343633339292406,18.74491285285147,-0.5987204864409357,0.36105407497427966,0.4992730792857483,Not significant
LC-MS/MS,LC-MS/MS,NA,KMH,23.182619423555977,22.89899127432783,-0.2836281492281465,25.227956730814373,24.631198155221554,-0.5967585755928191,0.4555962627189537,0.5849593997092889,Not significant
LC-MS/MS,LC-MS/MS,NA,Kaempferitrin,18.936640975731432,19.05071805687607,0.11407708114463944,22.306104010546562,24.725806558415407,2.4197025478688445,5.20128641819399e-4,0.00247356845163669,Wa > Sp
LC-MS/MS,LC-MS/MS,NA,Kaempferol 3-(6G-malonylneohesperidoside),20.399077421828185,21.298187945243203,0.8991105234150183,27.973414789861636,28.225624311478327,0.25220952161669175,0.04583962058833497,0.10377580772081388,Not significant
LC-MS/MS,LC-MS/MS,NA,Kaempferol 3-O-beta-D-xyloside;,17.35978268755325,19.969568654174843,2.609785966621594,17.435068973264556,17.766845271605074,0.33177629834051814,3.521212536566559e-8,7.652768579471321e-7,Sp > Wa
LC-MS/MS,LC-MS/MS,NA,Kaempferol 3-gentiobioside-7-rhamnoside,16.395853543828416,17.101370516937866,0.7055169731094502,21.52831231753269,18.34937960346495,-3.1789327140677415,1.7489527556150688e-10,8.446794049340925e-9,Sp > Wa
LC-MS/MS,LC-MS/MS,NA,Kakuol; Kakoul;,21.631194061163356,21.699595205979637,0.06840114481628135,17.781691241447717,17.778249691203246,-0.0034415502444709034,0.8508817114301244,0.8946266980332049,Not significant
LC-MS/MS,LC-MS/MS,NA,Kanokoside B; Suspensolide F;,21.706396932991755,19.015758765975235,-2.6906381670165196,16.829189823406253,16.48821268196298,-0.34097714144327185,0.001684390525259573,0.006737562101038292,Wa > Sp
LC-MS/MS,LC-MS/MS,NA,Kasugamycin;,22.677395253331234,22.55206612923631,-0.12532912409492525,24.218640243068574,23.774437623036533,-0.4442026200320406,0.2730391076284468,0.4178908407834444,Not significant
LC-MS/MS,LC-MS/MS,NA,Ketamine,20.762458082720592,21.461379462453166,0.6989213797325746,20.161902583023362,20.48211831737852,0.32021573435515904,0.18488363344933875,0.31108162324895194,Not significant
LC-MS/MS,LC-MS/MS,NA,Kinoprene;,23.781842849768122,23.171041311238433,-0.6108015385296888,23.453229076714933,22.807370915112973,-0.6458581616019607,0.8975678909432989,0.9289115315794142,Not significant
LC-MS/MS,LC-MS/MS,NA,Kurilensoside I,21.424834438529604,20.265701020697556,-1.1591334178320487,23.352151282006535,21.98679161653976,-1.365359665466773,0.4597911551911278,0.5895453946600104,Not significant
LC-MS/MS,LC-MS/MS,NA,L-(-)-Malic acid,24.126003431561877,23.763991387428756,-0.36201204413312027,31.481717732887606,32.14182424952963,0.6601065166420206,0.09916097958526542,0.19213360680413982,Not significant
LC-MS/MS,LC-MS/MS,NA,L-(-)-Methionine,23.59894765608881,22.89206128824858,-0.7068863678402302,24.63788396085229,24.498954354109888,-0.1389296067424013,0.004491545957530691,0.015413094549000054,Wa > Sp
LC-MS/MS,LC-MS/MS,NA,"L-Arabino-1,4-lactone 5-phosphate;",22.985102746587074,23.37190506443555,0.3868023178484741,22.603164500469838,24.40485898016719,1.8016944796973533,0.0014247564365882398,0.005769821097239332,Wa > Sp
LC-MS/MS,LC-MS/MS,NA,L-Aspartic acid,26.41889015975731,26.019082378657618,-0.3998077810996925,28.389986583850927,27.540414981602524,-0.8495716022484032,0.015186337437056914,0.04267884486621167,Sp > Wa
LC-MS/MS,LC-MS/MS,NA,L-Dihydroanticapsin;,25.04602856881949,24.57261528496139,-0.47341328385810044,26.038810758146393,25.105499421485053,-0.9333113366613404,0.15906366587389442,0.27878900577897625,Not significant
LC-MS/MS,LC-MS/MS,NA,L-Erythrulose 4-phosphate;,22.187740288958175,22.82323805367587,0.6354977647176945,23.524899996221514,23.496752133532237,-0.028147862689277048,0.004387052138034509,0.015157712303494155,Sp > Wa
LC-MS/MS,LC-MS/MS,NA,L-Glutamic acid,26.336640888073603,26.590024268421594,0.2533833803479908,27.74054719713107,27.804631402325967,0.0640842051948951,0.4202747294604484,0.5567612838011174,Not significant
LC-MS/MS,LC-MS/MS,NA,L-Glutathione (reduced),18.721586376695303,19.032752816602418,0.31116643990711523,20.452042195013576,26.03739660525894,5.585354410245365,3.1919619963255806e-9,9.459814643655812e-8,Wa > Sp
LC-MS/MS,LC-MS/MS,NA,L-Phenylalanine,28.767454552009372,28.381628828297707,-0.38582572371166535,28.926291798219605,28.51961257417309,-0.40667922404651335,0.9159397432627768,0.9404609647359535,Not significant
LC-MS/MS,LC-MS/MS,NA,L-Pyroglutamic acid,24.16290700632211,23.53478825099167,-0.6281187553304406,24.092830732596397,23.700067863885945,-0.3927628687104523,0.7402055173715137,0.8097550290708506,Not significant
LC-MS/MS,LC-MS/MS,NA,L-Threonic acid,28.393765289391116,29.325167605660674,0.9314023162695584,27.89644191620778,28.072926463446375,0.1764845472385943,0.007843606251022905,0.024736598150524123,Sp > Wa
LC-MS/MS,LC-MS/MS,NA,L-Tryptophan,26.87188778748734,26.688851881557177,-0.1830359059301614,27.19905706639373,27.218317448442793,0.019260382049061775,0.31209836337486196,0.45769301811586977,Not significant
LC-MS/MS,LC-MS/MS,NA,L-Tyrosine,24.066592547056615,23.500788290898537,-0.5658042561580778,24.646464245696414,23.86227987864935,-0.7841843670470645,0.3301896478636308,0.47681871629476696,Not significant
LC-MS/MS,LC-MS/MS,NA,L-beta-Ethynylserine;,24.27757945813225,23.91008066163934,-0.3674987964929102,25.213017429395478,24.790155429128085,-0.4228620002673935,0.8889778187988886,0.921484161934619,Not significant
LC-MS/MS,LC-MS/MS,NA,L-threo-3-Phenylserine;,21.1312783392237,20.775236139396792,-0.3560421998269092,22.50191052590036,21.596123910790354,-0.9057866151100065,0.030504420798238296,0.07519426223233032,Not significant
LC-MS/MS,LC-MS/MS,NA,LIPID_MAPS_STRUCTURE_DATABASE,20.671401726797978,19.153443442045003,-1.5179582847529751,20.583159764030967,21.277895074630905,0.6947353105999383,8.964471702370797e-4,0.003922708422782389,Wa > Sp
LC-MS/MS,LC-MS/MS,NA,LMGP10050039,18.223986507329048,17.61658359745067,-0.6074029098783775,22.73513334804657,20.93536211909623,-1.7997712289503411,0.13494098501644294,0.24575844198525362,Not significant
LC-MS/MS,LC-MS/MS,NA,LMPK09000029,18.807759063029685,18.08260669387796,-0.7251523691517257,20.22121266906371,18.67897909848715,-1.5422335705765597,0.19056851613832373,0.3172201111636631,Not significant
LC-MS/MS,LC-MS/MS,NA,LMPK12010137,18.10026825931498,17.311816125189967,-0.7884521341250128,28.103834526228646,22.872897418201255,-5.2309371080273905,2.5802166867274574e-4,0.0013621872710496375,Sp > Wa
LC-MS/MS,LC-MS/MS,NA,LMPK12010265,18.132831436886338,17.93579341199939,-0.19703802488694677,24.58961529323173,21.0121871212701,-3.577428171961632,0.005799846749908898,0.019050378241514364,Sp > Wa
LC-MS/MS,LC-MS/MS,NA,LMPK12010317,15.373786668946837,15.642344577261897,0.26855790831506,22.560212685574516,22.994745354940054,0.434532669365538,0.13265842569566497,0.24467692660133963,Not significant
LC-MS/MS,LC-MS/MS,NA,LMPK12010343,19.523760800147702,19.40377081693207,-0.11998998321563192,22.564516200533006,20.11389329793948,-2.450622902593526,3.6315951288651724e-7,5.261777831155761e-6,Sp > Wa
LC-MS/MS,LC-MS/MS,NA,LMPK12111409,21.17047660279978,20.756715846306843,-0.41376075649293753,22.949670534837264,22.822128316567188,-0.12754221827007584,0.4463315176697459,0.579120695563531,Not significant
LC-MS/MS,LC-MS/MS,NA,LMPK12112942,24.831695875263833,22.937906764087646,-1.8937891111761864,21.62726587835581,21.313263224930548,-0.3140026534252627,0.03234642080689886,0.07796623425544567,Not significant
LC-MS/MS,LC-MS/MS,NA,LMPK12113373,20.825181569436577,22.04401251042788,1.2188309409913032,17.719883656905644,17.60887273848662,-0.11101091841902289,8.880217038235641e-5,5.540575606631232e-4,Sp > Wa
LC-MS/MS,LC-MS/MS,NA,LMPK12120326,17.315074040661376,20.241279240306323,2.926205199644947,16.890622556704717,16.8031137720946,-0.08750878461011524,4.7756495673554786e-8,9.884836564811975e-7,Sp > Wa
LC-MS/MS,LC-MS/MS,NA,LMPK12120366,18.767389136160425,22.58800873970783,3.8206196035474065,20.258922503333,21.295057360447377,1.0361348571143765,5.127173281767319e-10,2.086018309259203e-8,Sp > Wa
LC-MS/MS,LC-MS/MS,NA,LMPK12140094,16.370197358934778,16.27869417977421,-0.09150317916056849,23.05704472358656,23.535387638888068,0.4783429153015071,4.837631355095082e-4,0.002334624179565234,Wa > Sp
LC-MS/MS,LC-MS/MS,NA,LMPK12140388,18.17496309835283,17.51639495702761,-0.6585681413252189,25.733236035878654,25.823919414183585,0.09068337830493078,0.3407701262549324,0.4848460694828231,Not significant
LC-MS/MS,LC-MS/MS,NA,LMPR0106150046,18.78709866811394,19.113949505667637,0.32685083755369604,15.564184013798414,15.113555448094115,-0.45062856570429943,0.02897217161500489,0.07196135578279308,Not significant
LC-MS/MS,LC-MS/MS,NA,LMST01010329,21.645583710354625,21.042023784645632,-0.6035599257089928,19.00962469469483,18.9181926927974,-0.09143200189742728,7.779227384976919e-5,4.948347565858489e-4,Wa > Sp
LC-MS/MS,LC-MS/MS,NA,LMST01060024,20.944493602975598,19.028026232143787,-1.9164673708318105,19.549301311762168,18.881953353613863,-0.667347958148305,0.0015021292353260434,0.006064323600201736,Wa > Sp
LC-MS/MS,LC-MS/MS,NA,LMST01080059,19.611473601629115,18.015374469415594,-1.5960991322135207,16.95536174129294,16.563492565843625,-0.3918691754493153,0.027373932229539825,0.06864539928330755,Not significant
LC-MS/MS,LC-MS/MS,NA,LMST04060001,21.717500421158004,21.383668505488505,-0.3338319156694993,22.14636742120143,22.19338266994703,0.04701524874560192,0.540543414421176,0.6532609938880571,Not significant
LC-MS/MS,LC-MS/MS,NA,LMST05010036,15.832024076489796,15.595417984154468,-0.2366060923353288,24.158867411002184,25.052507888117905,0.8936404771157207,0.08079795276765456,0.1643922668495513,Not significant
LC-MS/MS,LC-MS/MS,NA,LNH,21.429707212017206,20.301936124737026,-1.1277710872801805,17.92926180084126,18.093128979839083,0.16386717899782255,0.05266096874084853,0.1152179584531317,Not significant
LC-MS/MS,LC-MS/MS,NA,LPK,22.307644339238713,21.742872084977726,-0.564772254260987,22.67119533832326,21.645770673248922,-1.0254246650743362,0.005733450280479494,0.018927643457582938,Sp > Wa
LC-MS/MS,LC-MS/MS,NA,Lamotrigine,22.166904822843264,21.9643642971505,-0.20254052569276482,22.901370230278726,22.694492230057435,-0.2068780002212911,0.972744392252342,0.9795047779900029,Not significant
LC-MS/MS,LC-MS/MS,NA,Lamtidine;,18.894793752771704,19.7724341826355,0.8776404298637956,17.409732709849326,17.412003020318377,0.002270310469050685,0.3947939814234036,0.5323798880828524,Not significant
LC-MS/MS,LC-MS/MS,NA,Landomycin J;,19.597505460376738,18.89180650057386,-0.7056989598028771,18.59079288399101,19.293588735267498,0.7027958512764876,0.007306431756344778,0.02318147691064134,Wa > Sp
LC-MS/MS,LC-MS/MS,NA,Lariciresinol 4-O-glucoside,24.584446806084642,24.609865569848683,0.02541876376404062,19.037523485774678,19.42377193060586,0.3862484448311818,0.7452610872222822,0.8139199813549883,Not significant
LC-MS/MS,LC-MS/MS,NA,Lawsone;,18.673647947642383,18.554636698585117,-0.1190112490572659,23.42179315908859,22.526126444775755,-0.895666714312835,1.4118608829132332e-4,8.110425512417869e-4,Sp > Wa
LC-MS/MS,LC-MS/MS,NA,Leinamycin;,21.629914837511944,21.652444934337755,0.022530096825811086,19.32900798503048,19.11945156438707,-0.20955642064340907,0.1650897986618413,0.28627273597744823,Not significant
LC-MS/MS,LC-MS/MS,NA,Leu-Gly-Pro;,23.698210579721895,23.27403741283522,-0.42417316688667484,24.467546302290156,23.80176884634266,-0.6657774559474952,0.4409764897877513,0.5733134024758003,Not significant
LC-MS/MS,LC-MS/MS,NA,Leucine,25.167864451476603,24.751096067251996,-0.41676838422460705,25.650996609853763,25.11755457006652,-0.5334420397872428,0.604541431930939,0.7057493529435492,Not significant
LC-MS/MS,LC-MS/MS,NA,Leucocholic Acid,15.630994756980426,15.16378431870673,-0.4672104382736961,20.091417128371763,20.19697116701661,0.10555403864484703,0.5907730967560048,0.6952780849908216,Not significant
LC-MS/MS,LC-MS/MS,NA,Leucoside,21.082751226277203,22.161423800319326,1.0786725740421232,23.371761015063772,24.304226495113596,0.9324654800498244,0.8088632050482066,0.864555425723657,Not significant
LC-MS/MS,LC-MS/MS,NA,Leucyl-leucine;,24.000397041267455,23.749334371325205,-0.25106266994225024,26.248489015103672,25.98778186549478,-0.26070714960889063,0.9711485092878307,0.9786535209515697,Not significant
LC-MS/MS,LC-MS/MS,NA,Leucyl-leucyl-norleucine;,21.290747855200475,21.00679685584927,-0.28395099935120527,22.33193272836352,22.053181879313186,-0.27875084905033276,0.989971888597464,0.989971888597464,Not significant
LC-MS/MS,LC-MS/MS,NA,Leucylproline,23.90129251829576,23.39628005912921,-0.5050124591665508,25.862592379206767,25.148674052052737,-0.7139183271540297,0.4045220131852457,0.5410222617369851,Not significant
LC-MS/MS,LC-MS/MS,NA,Leukotriene D4,18.52483671604837,19.417667191319254,0.892830475270884,19.7511240425054,19.650597860867606,-0.10052618163779314,0.0037607053322845675,0.013435506173422125,Sp > Wa
LC-MS/MS,LC-MS/MS,NA,Leupeptin;,22.388010789449986,22.1910001711534,-0.19701061829658428,23.802269052462208,23.525533204702587,-0.2767358477596211,0.7058716050757243,0.7840345596411793,Not significant
LC-MS/MS,LC-MS/MS,NA,Levulinic acid,22.536997536839618,22.406979026999597,-0.1300185098400206,23.240166702471964,23.075507627017927,-0.16465907545403624,0.9055508882320852,0.9325770147497828,Not significant
LC-MS/MS,LC-MS/MS,NA,Ligustilide,20.881143186126312,18.305023630065858,-2.576119556060455,17.34477137539493,16.90466027908145,-0.4401110963134798,0.1056452269706048,0.20111149776593965,Not significant
LC-MS/MS,LC-MS/MS,NA,Limocitrol 3-neohesperidoside,16.215539433941625,21.692254069253128,5.476714635311502,23.203489389446826,26.311310355758476,3.1078209663116496,4.802514534758699e-6,4.53802822704735e-5,Sp > Wa
LC-MS/MS,LC-MS/MS,NA,Limonin,20.85413625264492,20.79251305254979,-0.06162320009513067,22.21687100355685,21.726701125423677,-0.49016987813317314,0.07182082683669742,0.1496076009505646,Not significant
LC-MS/MS,LC-MS/MS,NA,Limonoate A-ring-lactone;,16.491342240355163,14.67399402668119,-1.8173482136739736,15.90931705271185,15.551706378396727,-0.35761067431512394,0.2115781309881939,0.3461704928589772,Not significant
LC-MS/MS,LC-MS/MS,NA,Linckoside E,20.851399836694412,19.962000102410105,-0.8893997342843072,18.19306507453869,17.76747707878091,-0.4255879957577804,0.02478825866694714,0.063132596292381,Not significant
LC-MS/MS,LC-MS/MS,NA,Linckoside K,20.156897112115615,20.490884224257595,0.33398711214197974,17.658969530805326,17.30246089167467,-0.3565086391306558,0.036641982618360346,0.08661081125190405,Not significant
LC-MS/MS,LC-MS/MS,NA,Linolipin B,19.009234901913754,20.192570280539822,1.1833353786260687,17.117013806358983,16.79750288855521,-0.31951091780377183,7.532408358703461e-6,6.681809863775043e-5,Sp > Wa
LC-MS/MS,LC-MS/MS,NA,Linolipin H,22.11481802824728,19.82792530219732,-2.286892726049963,17.6421493855755,17.2576380138672,-0.3845113717082995,0.22879031278747974,0.3651683817317914,Not significant
LC-MS/MS,LC-MS/MS,NA,Litchioside C,20.28750339513502,20.971659990143507,0.6841565950084885,20.872498113435316,20.20969006089143,-0.6628080525438875,0.02532914636758134,0.06401009082039937,Not significant
LC-MS/MS,LC-MS/MS,NA,Loganin pentaacetate;,23.307785407158768,23.37331988338173,0.06553447622296105,17.719325201667083,17.688223797047524,-0.031101404619558792,0.7664878860583584,0.8308397368413127,Not significant
LC-MS/MS,LC-MS/MS,NA,Longichalasin B,27.487449905581737,26.836479506985782,-0.6509703985959554,27.516295013490687,27.239960658807846,-0.2763343546828416,0.06750502670128763,0.14220768145150095,Not significant
LC-MS/MS,LC-MS/MS,NA,Loperamide;,19.05840092209164,20.521158379083527,1.4627574569918878,18.555568054259965,18.617754772907283,0.06218671864731817,3.717355060675048e-7,5.268946738174199e-6,Sp > Wa
LC-MS/MS,LC-MS/MS,NA,Lotusine; (-)-Lotusine; D-(-)-Lotusine;,21.498249771937758,21.563558189123874,0.06530841718611669,21.541095662465445,23.912776313925573,2.371680651460128,3.5307292747828023e-9,1.0008849944166901e-7,Wa > Sp
LC-MS/MS,LC-MS/MS,NA,Lovastatin acid; Mevinolinic acid;,20.00347067834014,19.627426520369244,-0.3760441579708953,18.369718340763125,19.78550355755884,1.4157852167957152,8.3029772705454e-4,0.0037206468593784198,Wa > Sp
LC-MS/MS,LC-MS/MS,NA,Lunularic acid;,21.73347464579872,21.0585878424762,-0.6748868033225186,18.590653022441487,18.620664002094056,0.030010979652569603,4.615842570068109e-4,0.0022628040268303814,Wa > Sp
LC-MS/MS,LC-MS/MS,NA,Lusitanicoside;,20.833415046894636,20.877913872241166,0.04449882534652971,20.61839057071126,21.241441592240122,0.6230510215288625,0.017102792167108177,0.046462585387310545,Wa > Sp
LC-MS/MS,LC-MS/MS,NA,Luteolin,28.758940355089205,28.842857383541105,0.08391702845189997,24.801941066267624,24.62454835074712,-0.1773927155205044,0.654611625888139,0.748783824700117,Not significant
LC-MS/MS,LC-MS/MS,NA,Luteolin 7-(3'''-acetylapiosyl-(1->2)-xyloside),20.272200916956308,20.25503726981486,-0.017163647141448024,24.854330650232562,26.099769218303397,1.2454385680708349,1.6791351981712904e-4,9.397391838692544e-4,Wa > Sp
LC-MS/MS,LC-MS/MS,NA,Luteolin 7-O-(6''-malonylglucoside);,26.264026894683294,29.71979185540785,3.4557649607245544,23.404640577018913,24.17613061961626,0.7714900425973461,0.03793739918932134,0.08881574244681334,Not significant
LC-MS/MS,LC-MS/MS,NA,"Luteolin-3',7-Diglucoside",20.821756966809986,20.343701210025262,-0.47805575678472323,27.391186849669065,27.049696813155073,-0.3414900365139921,0.527176211048059,0.6448759654846801,Not significant
LC-MS/MS,LC-MS/MS,NA,Lycocernuine;,18.984700359723824,17.68881033460412,-1.2958900251197036,17.525190008165517,17.408102568487344,-0.1170874396781727,0.08775020065916615,0.17469658268633995,Not significant
LC-MS/MS,LC-MS/MS,NA,MAB-CHMINACA-d4,21.060006460519737,20.474844005531004,-0.5851624549887333,19.460887111778852,18.10864133677315,-1.3522457750057022,0.004395370509082381,0.015157712303494155,Sp > Wa
LC-MS/MS,LC-MS/MS,NA,"MC-207,110;",21.59698412556291,21.697763234223963,0.10077910866105455,26.276379926815313,26.57119817233501,0.2948182455196964,0.5840563808645989,0.6904891392995801,Not significant
LC-MS/MS,LC-MS/MS,NA,MDPV,24.50449873183791,23.313995855550104,-1.1905028762878054,20.521800984681427,19.27368111298072,-1.2481198717007054,0.8995077242648697,0.929068915732748,Not significant
LC-MS/MS,LC-MS/MS,NA,"MGDG(16:3(7Z,10Z,13Z)/20:5(5Z,8Z,11Z,14Z,17Z))",20.321333180315534,20.431101437279253,0.10976825696371861,18.929147835998396,16.947189229528554,-1.981958606469842,1.645832192397113e-5,1.30863730419868e-4,Sp > Wa
LC-MS/MS,LC-MS/MS,NA,"MGDG(18:3(9Z,12Z,15Z)/18:4(6Z,9Z,12Z,15Z))",22.307124630502024,22.551428929415778,0.24430429891375383,22.26515749820202,22.141660615602248,-0.12349688259977043,0.3076330511656418,0.454822560907026,Not significant
LC-MS/MS,LC-MS/MS,NA,MGDG-bis-9-OH-traumatin,19.907887783014584,20.053616634454617,0.14572885144003322,17.176643925513428,16.788211507953864,-0.3884324175595637,0.3608349537114537,0.4992730792857483,Not significant
LC-MS/MS,LC-MS/MS,NA,"MGMG(16:2(7Z,10Z)/0:0)",17.54840021517223,17.303233786882522,-0.24516642828970703,21.24330936357982,21.481799887397383,0.23849052381756408,0.24798827491137101,0.38727749758614105,Not significant
LC-MS/MS,LC-MS/MS,NA,"MGMG(16:3(7Z,10Z,13Z)/0:0)",20.79483682352633,20.666095569074756,-0.12874125445157603,24.596144715611338,25.313103984302895,0.7169592686915571,0.2074794201233469,0.3407470577340609,Not significant
LC-MS/MS,LC-MS/MS,NA,MGMG(18:4;O/0:0),16.849130859769662,17.33456036176251,0.4854295019928472,21.21061122188938,21.75197505238517,0.54136383049579,0.9238561597444035,0.9431917450682592,Not significant
LC-MS/MS,LC-MS/MS,NA,ML-236C;,25.21053225262729,24.768957323107077,-0.44157492952021116,19.324935471200252,18.800101513498014,-0.5248339577022385,0.9217221323165155,0.9426867925809695,Not significant
LC-MS/MS,LC-MS/MS,NA,MM 4550;,19.319773745277278,19.63942268574918,0.31964894047190384,27.0535607955644,25.606065278538765,-1.4474955170256365,0.004693945218346086,0.015981474059329755,Sp > Wa
LC-MS/MS,LC-MS/MS,NA,MTIC;,19.717953277453233,20.5033718884631,0.7854186110098667,19.67794092819443,19.767608057601688,0.08966712940725685,0.45298768665272016,0.5849593997092889,Not significant
LC-MS/MS,LC-MS/MS,NA,Macoline;,21.223279079718715,21.381126450046228,0.15784737032751295,21.363950324482804,21.787903842824115,0.42395351834131034,0.2889467828582082,0.43761510435203654,Not significant
LC-MS/MS,LC-MS/MS,NA,Maleic acid,28.53288291672468,28.893096101398424,0.36021318467374286,28.75932762422528,29.49210864544082,0.7327810212155406,0.03633954515585538,0.08615775796951894,Not significant
LC-MS/MS,LC-MS/MS,NA,Malonylgenistin;,25.049039162791548,26.048695679877344,0.9996565170857963,21.675995028044735,22.051532720836217,0.3755376927914824,0.0917730047857791,0.1810468959767866,Not significant
LC-MS/MS,LC-MS/MS,NA,Manidipine,22.420883961220845,21.110735036412404,-1.3101489248084413,16.618097888063193,16.26583961293309,-0.35225827513010444,0.07055132528878448,0.14719828508251992,Not significant
LC-MS/MS,LC-MS/MS,NA,Maritimetin 6-(6''-acetylglucoside),18.942879336480196,19.693291973907176,0.7504126374269795,16.54484119928821,16.494601298876564,-0.05023990041164694,0.019105541658340667,0.051262605601802944,Not significant
LC-MS/MS,LC-MS/MS,NA,Matteuorienate B,20.023334711582994,18.950495622694515,-1.072839088888479,18.118720461756414,18.359989718926297,0.24126925716988268,0.02063084726152608,0.05451043281394051,Not significant
LC-MS/MS,LC-MS/MS,NA,Mebutamate,23.782962035377455,23.381290996746223,-0.4016710386312319,24.60350158576414,23.895452235291813,-0.7080493504723258,0.28861547134311166,0.43761510435203654,Not significant
LC-MS/MS,LC-MS/MS,NA,Mecarbam;,19.22954002076977,19.032882542138193,-0.1966574786315789,20.7536765531555,18.150343688491574,-2.603332864663926,0.02105421372188456,0.055129909022766,Not significant
LC-MS/MS,LC-MS/MS,NA,Medinoterb acetate;,20.995264784578595,20.03989257324879,-0.9553722113298058,21.39130394038559,20.01239233417713,-1.3789116062084616,0.41412355777260756,0.5504761664989605,Not significant
LC-MS/MS,LC-MS/MS,NA,Melampodin A;,18.8417530775822,19.251482034433565,0.4097289568513638,20.51768294381953,19.952315434110428,-0.5653675097091018,0.016949732414114398,0.046142904108570304,Sp > Wa
LC-MS/MS,LC-MS/MS,NA,Memantine;,24.68056028986655,24.431248794521515,-0.24931149534503305,26.285196821155733,25.27756480940356,-1.0076320117521718,0.3161800096092589,0.46118426457547385,Not significant
LC-MS/MS,LC-MS/MS,NA,Meprobamate,22.47686302615628,22.241414165440343,-0.2354488607159375,24.143570916058913,24.065234945658492,-0.07833597040042051,0.5254708495034164,0.6438233850508688,Not significant
LC-MS/MS,LC-MS/MS,NA,Mesaconic acid,28.003953419353806,28.12412297108246,0.12016955172865451,28.038741748023394,29.459006404218936,1.4202646561955419,7.39118184327542e-7,9.191568454629215e-6,Wa > Sp
LC-MS/MS,LC-MS/MS,NA,Methdilazine;,19.677245734220893,19.706722078145646,0.029476343924752513,18.982465217292066,18.944793734827314,-0.03767148246475216,0.9068310235450342,0.9325770147497828,Not significant
LC-MS/MS,LC-MS/MS,NA,Methohexital;,19.860526299729393,19.173914143219857,-0.6866121565095362,17.483716760252946,17.481743340605206,-0.0019734196477401156,0.44943658405340026,0.5825698862879064,Not significant
LC-MS/MS,LC-MS/MS,NA,Methyl 4-hydroxy-3-methoxycinnamate,17.40017285047354,17.61514436293824,0.21497151246470025,25.51271062818623,24.71030198466834,-0.8024086435178894,1.608769755339764e-5,1.2870158042718112e-4,Sp > Wa
LC-MS/MS,LC-MS/MS,NA,Methyl 4-hydroxycinnamate,19.761600280193218,19.771711353985978,0.01011107379276055,28.46100844341742,29.18904342806024,0.7280349846428216,0.3904844249344164,0.5287556491323769,Not significant
LC-MS/MS,LC-MS/MS,NA,Methyl acetyl ricinoleate;,18.51833099761348,18.695084915797075,0.17675391818359643,22.09453572088418,21.297992240578683,-0.7965434803054983,5.050579667603201e-5,3.430185357580507e-4,Sp > Wa
LC-MS/MS,LC-MS/MS,NA,Methyl caffeate,24.12034469396866,26.30929302373754,2.188948329768877,28.705559618109266,29.374724666323278,0.6691650482140119,0.08292646752821194,0.16739297447633303,Not significant
LC-MS/MS,LC-MS/MS,NA,Methylarsonate; Methylarsonic acid; MAA;,22.45830177364122,22.283179619413502,-0.1751221542277186,23.978026733738222,24.028984378271794,0.050957644533571766,0.04644583144677519,0.10460339241208093,Not significant
LC-MS/MS,LC-MS/MS,NA,Methylsuccinic acid,21.885226465890263,21.89389373070738,0.00866726481711666,23.77144406821622,23.377242892758613,-0.39420117545760647,0.18660008897911315,0.31275901803182976,Not significant
LC-MS/MS,LC-MS/MS,NA,Mevalonic acid,23.26439667571996,23.204629797458065,-0.05976687826189675,22.720159699477517,22.534678488846033,-0.18548121063148315,0.6335498011835293,0.7325433071832768,Not significant
LC-MS/MS,LC-MS/MS,NA,Microcystin RA;,17.11347080895998,19.342456585087447,2.228985776127466,17.503175045343436,17.029168551177204,-0.47400649416623253,1.0922505725952145e-6,1.3066924281322565e-5,Sp > Wa
LC-MS/MS,LC-MS/MS,NA,Microcystin-HiLR,21.950686930228905,21.97569813406504,0.02501120383613653,19.236240898717508,18.714571246435064,-0.5216696522824442,5.036868226691445e-4,0.002405888706082654,Sp > Wa
LC-MS/MS,LC-MS/MS,NA,Microdiscusoside A,20.79974698694324,18.80045011324301,-1.9992968737002315,18.593411257600177,18.020337937807923,-0.573073319792254,0.0035253839709602827,0.01273435096435515,Wa > Sp
LC-MS/MS,LC-MS/MS,NA,Mikanolide;,18.239738810116766,20.675468471354606,2.43572966123784,18.828009765464458,18.900796558323417,0.07278679285895961,0.005949717862265807,0.019493547970840734,Sp > Wa
LC-MS/MS,LC-MS/MS,NA,Milnacipran,22.617359550605038,22.407717635025666,-0.20964191557937184,24.067379462902494,23.685225927025176,-0.38215353587731826,0.2612804174437007,0.40416330290223684,Not significant
LC-MS/MS,LC-MS/MS,NA,Mitoxantrone;,20.15305497006164,21.501525201549306,1.348470231487667,17.681564273941195,17.858432972835974,0.17686869889477919,0.012763908019252946,0.037085582968459006,Sp > Wa
LC-MS/MS,LC-MS/MS,NA,Monepalin B,18.358776612870606,18.49799831580581,0.13922170293520253,24.488260114563346,28.556165756343894,4.067905641780548,0.0039525322196746135,0.014043874698789363,Wa > Sp
LC-MS/MS,LC-MS/MS,NA,Monobutyl phthalate,14.860617130154242,14.806822041479219,-0.053795088675023806,21.878151650819273,21.042069265164393,-0.8360823856548798,2.825776149886207e-6,3.0924460509318705e-5,Sp > Wa
LC-MS/MS,LC-MS/MS,NA,Montanol;,24.720704480974497,24.778795986386015,0.058091505411518085,27.135164962272746,26.794736047587257,-0.3404289146854893,0.06374833304746673,0.13582978152597486,Not significant
LC-MS/MS,LC-MS/MS,NA,Mukaadial;,19.891765919246396,20.085567745691893,0.19380182644549748,17.116162209085783,16.73504098254477,-0.381121226541012,7.385851898998496e-4,0.003391250308554239,Sp > Wa
LC-MS/MS,LC-MS/MS,NA,Mulberrin,22.159560998358447,21.530945118148626,-0.6286158802098214,23.954030466016857,23.175073698336423,-0.7789567676804339,0.38610021472326883,0.5252845210625016,Not significant
LC-MS/MS,LC-MS/MS,NA,Murrayone,23.003378127489153,22.25239491391918,-0.7509832135699739,20.853345647810873,21.003076322785002,0.14973067497412984,1.7249269693188904e-5,1.3550028722842368e-4,Wa > Sp
LC-MS/MS,LC-MS/MS,NA,Musca-aurin-VII; Muscaaurin VII;,22.359759954428082,22.038270907481273,-0.3214890469468088,18.882717079532583,18.61301997553903,-0.26969710399355407,0.8672632332802673,0.9044082502938052,Not significant
LC-MS/MS,LC-MS/MS,NA,Muscapurpurin;,21.983706056898264,22.3086864894167,0.3249804325184371,18.201079826321052,18.14414264281799,-0.05693718350306298,0.43609368964831974,0.5680980732281808,Not significant
LC-MS/MS,LC-MS/MS,NA,Muscone,22.23826141561515,22.060060021173605,-0.17820139444154393,23.75358043536143,23.476770304211296,-0.2768101311501354,0.42899154388621175,0.5611852071907267,Not significant
LC-MS/MS,LC-MS/MS,NA,Mycinonic acid III,21.615721101594616,19.952427546951064,-1.6632935546435519,21.899069833718436,19.963274096069316,-1.9357957376491193,0.7955081453484016,0.8516770291743151,Not significant
LC-MS/MS,LC-MS/MS,NA,Mycobactin S;,20.70942853279336,18.282515026750296,-2.426913506043064,18.269030314605946,17.916140739488284,-0.3528895751176613,6.879683107200923e-4,0.0031700023928586583,Wa > Sp
LC-MS/MS,LC-MS/MS,NA,Mycobilin b;,21.084980978119795,20.053947300135373,-1.0310336779844214,16.989030031340263,16.80941322085512,-0.17961681048514322,0.031662873106498665,0.07746413983278473,Not significant
LC-MS/MS,LC-MS/MS,NA,"Myricetin 3-(2'',3'',4''-triacetylxyloside)",17.640696875899838,18.35486594440944,0.7141690685096016,24.661419372821037,26.11998617160935,1.4585667987883149,0.14225251861985425,0.2565660916739833,Not significant
LC-MS/MS,LC-MS/MS,NA,"Myricetin 3-(2'',3''-digalloylrhamnoside)",19.597065545495493,19.000649960987595,-0.5964155845078984,17.678827075512494,17.419613035906572,-0.25921403960592215,0.22071125323638174,0.3557570756739701,Not significant
LC-MS/MS,LC-MS/MS,NA,"Myricetin 3-(3'',4''-diacetylrhamnoside)",21.867670045055487,22.664089722563425,0.796419677507938,28.223852089510007,28.686613736809452,0.4627616472994447,0.26431560557727,0.40789059132871014,Not significant
LC-MS/MS,LC-MS/MS,NA,Myricetin 3-acetylrhamnoside,20.747243978399005,22.062828675302022,1.3155846969030165,22.72836508817504,22.988182218479654,0.25981713030461506,0.0010660537563035024,0.004572809533617655,Sp > Wa
LC-MS/MS,LC-MS/MS,NA,Myricetin 3-sambubioside,19.906861333715675,21.53950636334947,1.632645029633796,17.645520454694076,17.472577569350406,-0.17294288534366942,5.261601435817406e-6,4.8660484200751046e-5,Sp > Wa
LC-MS/MS,LC-MS/MS,NA,Myxalamid D;,20.40942418648629,20.27390090344984,-0.1355232830364521,21.74348868806228,21.486809302403127,-0.25667938565915094,0.4889737336969632,0.6178505317256201,Not significant
LC-MS/MS,LC-MS/MS,NA,N'-Hydroxy-2-(2-thienylthio)ethanimidamide,22.044463453630552,21.59192874518956,-0.45253470844099297,21.469566018338426,20.516118382264402,-0.9534476360740243,0.05093927163260707,0.1123939259034173,Not significant
LC-MS/MS,LC-MS/MS,NA,"N,N'-Diphenylguanidine",20.230290039229878,20.72982348700966,0.4995334477797826,21.336199279883843,22.199755265381537,0.863555985497694,0.6556172295051382,0.749276833720158,Not significant
LC-MS/MS,LC-MS/MS,NA,"N-(2E,9Z-hexadecadienoyl)-homoserine lactone",19.66904267168602,18.666177438999515,-1.0028652326865064,18.14454272067998,16.366075181244916,-1.7784675394350629,0.22116050063418846,0.35604110225553304,Not significant
LC-MS/MS,LC-MS/MS,NA,N-(3-oxo-11Z-octadecenoyl)-homoserine lactone,23.08813264033351,21.050285192897107,-2.037847447436402,18.66924391274775,17.13138872449023,-1.5378551882575202,0.5046134003878369,0.6266817848626088,Not significant
LC-MS/MS,LC-MS/MS,NA,N-(3-oxo-hexadecanoyl)-homoserine lactone,20.83224404793313,19.869034374423165,-0.9632096735099651,16.815773951903328,16.634674816197162,-0.18109913570616598,1.863374057997358e-4,0.0010252488487884198,Wa > Sp
LC-MS/MS,LC-MS/MS,NA,"N-(4-Chloro-2,5-dimethoxyphenyl)thiourea",22.716741765515877,23.083779321559458,0.3670375560435808,22.405912759318383,24.08545244798704,1.6795396886686582,0.0016206295843726856,0.006502464547759944,Wa > Sp
LC-MS/MS,LC-MS/MS,NA,N-(9Z-hexadecenoyl)-homoserine lactone,20.967244687740713,20.716678476686116,-0.250566211054597,17.083954790799613,17.01774031325007,-0.06621447754954346,0.35116821381355945,0.493451886651812,Not significant
LC-MS/MS,LC-MS/MS,NA,N-(p-Coumaroyl) serotonin,19.057828144416444,21.149093093991723,2.0912649495752795,15.269245518637435,15.093365071057047,-0.17588044758038812,8.063454503897106e-4,0.0036383199560836767,Sp > Wa
LC-MS/MS,LC-MS/MS,NA,N-Acetoxy-IQ;,19.37545089917561,18.118272759282128,-1.2571781398934831,20.352702966768227,18.454995707318343,-1.8977072594498843,0.03234348746728705,0.07796623425544567,Not significant
LC-MS/MS,LC-MS/MS,NA,N-Acetyl-DL-glutamic acid,21.50692990414037,21.42349958142927,-0.08343032271110218,22.402634735594198,21.42433217118298,-0.9783025644112193,0.011261685990366747,0.033681739751005135,Sp > Wa
LC-MS/MS,LC-MS/MS,NA,N-Acetyl-DL-tryptophan,22.979101563326253,22.327317783191955,-0.6517837801342985,26.283189954505144,25.099981359988163,-1.1832085945169801,1.3781561048755106e-4,7.951838764414451e-4,Sp > Wa
LC-MS/MS,LC-MS/MS,NA,N-Acetyl-L-phenylalanine,22.834462429496895,23.178332510975032,0.343870081478137,23.30636506058007,24.094810996822275,0.7884459362422049,0.016174645696547096,0.044685885568426724,Wa > Sp
LC-MS/MS,LC-MS/MS,NA,N-Acetyl-L-tyrosine,20.63798685571236,19.630695856155864,-1.0072909995564956,21.36535717882021,22.197864815886522,0.8325076370663105,0.012769499043587497,0.037085582968459006,Wa > Sp
LC-MS/MS,LC-MS/MS,NA,N-Acetyl-leu-leu-tyr-amide; NAc-LLY-amide;,19.582117223282044,19.139281198525175,-0.44283602475686834,18.267017030938987,19.019205119767864,0.752188088828877,0.007853490517114254,0.024736598150524123,Wa > Sp
LC-MS/MS,LC-MS/MS,NA,N-Acetyldemethylphosphinothricin; N-Adpt;,19.51910663152119,19.59241530010527,0.07330866858407958,22.410504389431946,21.669126456828444,-0.7413779326035019,4.555811289844923e-5,3.1267252220830416e-4,Sp > Wa
LC-MS/MS,LC-MS/MS,NA,N-Benzylformamide,22.289401699434155,21.309927498441393,-0.9794742009927617,22.799210071455825,22.19479127952819,-0.6044187919276354,0.49581514126217063,0.6210787168163983,Not significant
LC-MS/MS,LC-MS/MS,NA,N-Desmethyl-loperamide,21.33732657033493,20.88024333960718,-0.4570832307277506,20.77999371040911,20.456141485604896,-0.32385222480421305,0.7921045477114352,0.8501270207536721,Not significant
LC-MS/MS,LC-MS/MS,NA,N-Glycosyl-L-asparagine;,19.15466053838277,17.809495932846556,-1.3451646055362154,17.17274724330802,16.262978287813095,-0.9097689554949255,0.3903769053859505,0.5287556491323769,Not significant
LC-MS/MS,LC-MS/MS,NA,N-Methylcaprolactam,25.280328701302857,25.116477060731267,-0.16385164057158974,26.652433803255033,26.296024630832896,-0.3564091724221363,0.05193599643685398,0.11401437601625858,Not significant
LC-MS/MS,LC-MS/MS,NA,N-Methylpelletierine;,20.95016837619933,20.919192948138484,-0.03097542806084519,21.354551508884708,22.22628059287318,0.8717290839884733,8.620686147110178e-4,0.0037977617350782675,Wa > Sp
LC-MS/MS,LC-MS/MS,NA,N-Nitroso-N-methylurethane;,21.901552117603835,21.021079687438135,-0.8804724301656996,24.510700903375607,21.10014017622173,-3.4105607271538787,0.01072843679886156,0.032491526211970816,Sp > Wa
LC-MS/MS,LC-MS/MS,NA,N-Octyl-2-pyrrolidone,24.982761319358254,24.78319697670127,-0.1995643426569842,26.379461401210285,26.071045723766687,-0.3084156774435982,0.4539532355708771,0.5849593997092889,Not significant
LC-MS/MS,LC-MS/MS,NA,N-Phospholombricine; N-Phospho-L-lombricine;,20.648310897889278,20.92198769784783,0.273676799958551,19.72534461039487,19.606121718869783,-0.11922289152508725,0.11764226437107372,0.22104540740616735,Not significant
LC-MS/MS,LC-MS/MS,NA,N-alpha-Acetyl-L-lysine,19.333863912941194,19.2863575795502,-0.04750633339099508,22.71032849395081,23.31794785535865,0.6076193614078385,0.13858591191063485,0.2516936338878382,Not significant
LC-MS/MS,LC-MS/MS,NA,"N-isobutyl-2E,4Z-octadecadienoyl amine",24.573798073877885,24.30254008262263,-0.2712579912552542,26.00658185898328,25.55971780220282,-0.4468640567804627,0.07745433642968685,0.15855644380582679,Not significant
LC-MS/MS,LC-MS/MS,NA,N-margaroyl taurine,20.606833853074438,19.503110312207532,-1.1037235408669055,19.063846147188777,18.683013085685428,-0.38083306150334906,0.18772331136385723,0.3134330320338922,Not significant
LC-MS/MS,LC-MS/MS,NA,"N-palmitoyl alpha,O-dimethyl tyrosine",19.85054563956337,19.702724819118746,-0.1478208204446254,20.95487060141925,20.58977365717086,-0.3650969442483891,0.6071054275028456,0.7066130799340001,Not significant
LC-MS/MS,LC-MS/MS,NA,N1-phenethylbenzene-1-carbothioamide,23.61295470129244,23.54771520805968,-0.06523949323275957,23.589491872614044,23.91666268894606,0.3271708163320177,6.343185150044137e-5,4.094808631513641e-4,Wa > Sp
LC-MS/MS,LC-MS/MS,NA,N2-Malonyl-D-tryptophan;,17.944545085284314,18.107611779203157,0.163066693918843,23.365505341940796,22.03570463530471,-1.3298007066360853,1.754280491987393e-9,5.579467711101367e-8,Sp > Wa
LC-MS/MS,LC-MS/MS,NA,N5-Phenyl-L-glutamine; gamma-Glutamylanilide;,20.758476118588195,19.503847531703716,-1.254628586884479,21.83179837861324,20.25018950168885,-1.5816088769243883,0.5224763304293326,0.6415340253105929,Not significant
LC-MS/MS,LC-MS/MS,NA,N5-Phospho-L-glutamine;,20.724181003432857,18.399820711842796,-2.324360291590061,18.536695921570857,19.215944239196602,0.6792483176257456,0.03590867535364209,0.08529127989280379,Not significant
LC-MS/MS,LC-MS/MS,NA,"N6,N6,N6-Trimethyl-L-lysine",24.14191685930805,23.77623360619137,-0.36568325311668204,27.048267872107097,26.15988877444975,-0.8883790976573458,1.5939551146321453e-6,1.821492547344616e-5,Sp > Wa
LC-MS/MS,LC-MS/MS,NA,N6-Methyl-2'-deoxyadenosine;,22.270871825931792,21.671661475119205,-0.5992103508125872,19.671717577709206,19.976126428958583,0.3044088512493772,0.1334709223378628,0.24477440038077325,Not significant
LC-MS/MS,LC-MS/MS,NA,NNK,23.83309480966396,23.600264075268633,-0.23283073439532842,17.51628274649573,17.566361398436097,0.050078651940367536,0.7343318766210474,0.8070831070170813,Not significant
LC-MS/MS,LC-MS/MS,NA,Nanchangmycin;,15.4839697458813,16.372645372930684,0.8886756270493841,21.10010257717318,18.563106546551314,-2.5369960306218644,4.283625297422549e-6,4.2317025665446996e-5,Sp > Wa
LC-MS/MS,LC-MS/MS,NA,Nandrolone;,20.080515279921876,19.93805912197089,-0.14245615795098487,17.52912833925825,18.400669693056887,0.8715413537986372,0.31119341650226595,0.4571921958752495,Not significant
LC-MS/MS,LC-MS/MS,NA,Narasin,21.164023138481376,20.349714794986184,-0.8143083434951919,18.408062976097796,17.501870427713264,-0.9061925483845314,0.8337588766302034,0.885359588864646,Not significant
LC-MS/MS,LC-MS/MS,NA,Naringenin,22.305870150846506,22.29041849854309,-0.015451652303415386,20.0661430638111,21.347150725870957,1.2810076620598565,1.0306727338192322e-5,8.704236903080232e-5,Wa > Sp
LC-MS/MS,LC-MS/MS,NA,Naringenin chalcone,21.847853971287478,21.57866236012251,-0.2691916111649668,18.588977542170735,19.44624395542062,0.8572664132498851,3.329927950984447e-7,4.9343477819133174e-6,Wa > Sp
LC-MS/MS,LC-MS/MS,NA,Nemertelline;,20.6978004190253,20.466996726189343,-0.2308036928359556,16.537858876107414,16.370497856491024,-0.16736101961638994,0.5705158308953302,0.6786967862862724,Not significant
LC-MS/MS,LC-MS/MS,NA,Neobavaisoflavone,18.928934848951446,18.495183366487005,-0.43375148246444084,20.470705044952773,19.74346955443601,-0.7272354905167617,0.5106337762335171,0.6305553448944189,Not significant
LC-MS/MS,LC-MS/MS,NA,Neocarlinoside;,17.025734939606533,16.808928723390967,-0.2168062162155664,22.37616916171589,23.84447254226809,1.4683033805522,0.0070594251474418,0.022562476451627716,Wa > Sp
LC-MS/MS,LC-MS/MS,NA,Neochlorogenic acid,27.90909413114762,27.500351014020346,-0.4087431171272726,21.93453526886991,21.83877457750288,-0.09576069136703325,0.6873540727744685,0.7720152548646916,Not significant
LC-MS/MS,LC-MS/MS,NA,Neocnidilide;,20.57742214717179,19.79556921986146,-0.7818529273103323,19.664867568346462,18.03409480658811,-1.630772761758351,0.07606426180310308,0.1562012557342463,Not significant
LC-MS/MS,LC-MS/MS,NA,Neodiosmin,21.88343656620007,22.188449732327058,0.3050131661269866,20.265800791195,20.24956449237132,-0.016236298823681494,0.07270210428303651,0.1509610573010822,Not significant
LC-MS/MS,LC-MS/MS,NA,Neohesperidin,19.461667529241925,20.486354991498686,1.024687462256761,18.33705621038903,17.89998416221689,-0.4370720481721406,1.5258249087188984e-5,1.235823404328847e-4,Sp > Wa
LC-MS/MS,LC-MS/MS,NA,Neoschaftoside;,16.079257091293794,16.147345532607655,0.06808844131386138,21.36544385218045,23.752291647526235,2.3868477953457834,4.5505788161546834e-11,2.6654379022421004e-09,Wa > Sp
LC-MS/MS,LC-MS/MS,NA,Nepheliosyne B,23.88961867272611,23.599855631028344,-0.2897630416977677,23.835594813019917,22.73585339119341,-1.0997414218265078,7.630791106504825e-4,0.003484620895009907,Sp > Wa
LC-MS/MS,LC-MS/MS,NA,Nevadensin 7-rutinoside,16.4152563013425,20.40236092383243,3.9871046224899303,23.345172423401667,22.98545025774799,-0.35972216565367887,2.6042997077847535e-8,6.064297890984497e-7,Sp > Wa
LC-MS/MS,LC-MS/MS,NA,Nicotianamine;,23.444588713460405,22.878764921970763,-0.5658237914896418,22.773767190232988,21.86083832085333,-0.9129288693796589,0.18382454129747383,0.3096992271988448,Not significant
LC-MS/MS,LC-MS/MS,NA,Nicotinic acid,21.78934100904503,21.20705409889452,-0.5822869101505113,21.856285567462688,20.732537502673647,-1.1237480647890408,0.1676404614551462,0.28915762134591355,Not significant
LC-MS/MS,LC-MS/MS,NA,Niddamycin;,19.03612297441666,18.892242020963845,-0.1438809534528147,20.799665707151153,20.709179960583324,-0.09048574656782904,0.859876747387009,0.9006259265804497,Not significant
LC-MS/MS,LC-MS/MS,NA,Nocardicin B;,18.327381951700435,20.521180476144913,2.193798524444478,18.085841556213694,17.826160630088708,-0.25968092612498594,4.5704041238038824e-7,6.2081322681669405e-6,Sp > Wa
LC-MS/MS,LC-MS/MS,NA,Nogalamycin;,19.53692417225356,19.806872233615223,0.2699480613616636,19.357954622674303,19.52453770737692,0.16658308470261574,0.8514047026527664,0.8946266980332049,Not significant
LC-MS/MS,LC-MS/MS,NA,Nordiazepam,24.346910353171207,23.511053788286016,-0.8358565648851908,20.403349334954747,19.04864071539749,-1.3547086195572575,0.5939133733355881,0.6970864435910052,Not significant
LC-MS/MS,LC-MS/MS,NA,Norfludiazepam,22.45724437564527,20.001757401492235,-2.455486974153036,20.301936049845345,22.169343181733936,1.8674071318885908,7.276390486050857e-6,6.56317367984542e-5,Wa > Sp
LC-MS/MS,LC-MS/MS,NA,Nostoxanthin;,22.02853672401113,20.885495723670765,-1.1430410003403644,23.777658857009403,22.076853090696815,-1.7008057663125875,0.03222422186280083,0.07795989853263874,Not significant
LC-MS/MS,LC-MS/MS,NA,Nupharidine;,23.529138875059104,23.041996948780127,-0.48714192627897646,24.628750134229524,24.373764309584207,-0.25498582464531694,0.5713970042077295,0.6786967862862724,Not significant
LC-MS/MS,LC-MS/MS,NA,O-Desethyl sildenafil,20.687913117523628,19.785055773712408,-0.9028573438112204,19.15144237995164,18.552084112416818,-0.5993582675348215,0.6889367976600165,0.7722455108219893,Not significant
LC-MS/MS,LC-MS/MS,NA,O-Propanoylcarnitine; O-Propionylcarnitine;,22.01567360002762,20.818409527137934,-1.1972640728896842,18.861999917332334,19.300044160446074,0.43804424311374035,1.3353904373347998e-4,7.773880045913299e-4,Wa > Sp
LC-MS/MS,LC-MS/MS,NA,OG-PS,19.157300177584258,17.958094075721515,-1.1992061018627425,17.90666348367916,19.726619349599307,1.8199558659201465,7.966933102685947e-5,5.018782978696848e-4,Wa > Sp
LC-MS/MS,LC-MS/MS,NA,OKHdiA-PE,24.25275155872903,23.260093089418884,-0.9926584693101468,26.076946176461938,25.26592782154167,-0.8110183549202681,0.7036203412401345,0.7832432631894896,Not significant
LC-MS/MS,LC-MS/MS,NA,OOB-PE,28.58607344779585,28.154075123178266,-0.4319983246175845,27.436778728949633,27.31403238283966,-0.12274634610997381,0.15197909421155667,0.2685375865201489,Not significant
LC-MS/MS,LC-MS/MS,NA,OOV-PE,21.547863354024265,21.068859627769086,-0.4790037262551792,22.262443414751456,20.78041220468784,-1.4820312100636173,1.2095685981059848e-4,7.202180145800019e-4,Sp > Wa
LC-MS/MS,LC-MS/MS,NA,OS-PE,23.999412097510714,22.782691634787916,-1.2167204627227974,21.699482206770856,20.92823907565146,-0.7712431311193946,0.23599001066032438,0.3743685813881545,Not significant
LC-MS/MS,LC-MS/MS,NA,Obamegine; (+)-Obamegine; Stepholine;,19.85422770051165,19.291871996674537,-0.5623557038371132,16.604751727279545,15.823997104348702,-0.7807546229308429,0.5527704129149708,0.663731692855545,Not significant
LC-MS/MS,LC-MS/MS,NA,Octodrine,22.674243045613174,22.925201345196292,0.2509582995831181,23.699023116233565,23.761767553859677,0.0627444376261117,0.30533846445354107,0.4519425171934365,Not significant
LC-MS/MS,LC-MS/MS,NA,Officinalisnin I;,20.070530948382647,19.51790278248633,-0.5526281658963157,18.431746432199176,18.10082203948367,-0.3309243927155059,0.5498505520215987,0.6614438374872368,Not significant
LC-MS/MS,LC-MS/MS,NA,"Okanin 4'-(3'',4'',6''-triacetylglucoside)",16.898726060015452,16.60938822795807,-0.28933783205738095,24.013429598935637,24.444486762910252,0.43105716397461435,0.01769472468393716,0.047575094820317645,Wa > Sp
LC-MS/MS,LC-MS/MS,NA,Okanin 4'-(4''-acetyl-6''-p-coumarylglucoside),15.732279154730985,15.599194433537745,-0.13308472119324044,21.972123098390828,20.39519011124552,-1.5769329871453088,1.434581778849593e-4,8.201800730403773e-4,Sp > Wa
LC-MS/MS,LC-MS/MS,NA,Okenone;,21.300429819178248,21.387898091133604,0.08746827195535545,18.135525750699514,18.00319385892414,-0.13233189177537596,0.4900850589165866,0.6180569795234322,Not significant
LC-MS/MS,LC-MS/MS,NA,Oleandolide;,19.96143267461787,19.6375350198103,-0.3238976548075705,15.951979050922956,15.759388368756575,-0.1925906821663812,0.3109172284605397,0.4571921958752495,Not significant
LC-MS/MS,LC-MS/MS,NA,Oleanoic acid 3-O-glucuronide; Silphioside F;,21.661748102758022,21.324730416660973,-0.33701768609704885,18.879765768421755,18.512219206865193,-0.36754656155656207,0.8647960953723057,0.9031288456588916,Not significant
LC-MS/MS,LC-MS/MS,NA,Oleanolic acid,20.298980110383305,19.9650832013182,-0.3338969090651034,21.49741178130515,21.2516496213422,-0.24576215996295048,0.5302665432258302,0.647441547159628,Not significant
LC-MS/MS,LC-MS/MS,NA,Oleoylglycerone phosphate;,24.430855401284756,24.333888166300564,-0.09696723498419146,26.605575427718115,25.84251941080968,-0.7630560169084362,0.0011420099804661937,0.00482527576230984,Sp > Wa
LC-MS/MS,LC-MS/MS,NA,Oligomycin B;,24.965954205332423,25.206498314517262,0.24054410918483882,21.71037050579796,20.511973220634086,-1.1983972851638747,0.22841251098260687,0.3651683817317914,Not significant
LC-MS/MS,LC-MS/MS,NA,Ophiopogonin A;,23.941708107801148,22.596852856270438,-1.34485525153071,17.875580828252048,17.799267419153825,-0.0763134090982227,0.048466797612968064,0.10840601044135567,Not significant
LC-MS/MS,LC-MS/MS,NA,Orcinol gentiobioside,19.49869996330502,21.11461934128472,1.6159193779796972,19.543466159381154,18.913038911221857,-0.6304272481592967,9.790043232240989e-11,5.106486549936899e-9,Sp > Wa
LC-MS/MS,LC-MS/MS,NA,Orientin,32.01739763156689,32.651021254063515,0.6336236224966285,30.935848962889605,31.796599485965988,0.8607505230763834,0.06965217430767012,0.1455551847711568,Not significant
LC-MS/MS,LC-MS/MS,NA,Ornaline; Nopalinic acid;,19.904323363420968,18.193201519297713,-1.7111218441232552,20.173272518069027,18.01220889578319,-2.1610636222858375,0.6658502574022358,0.7569910511355846,Not significant
LC-MS/MS,LC-MS/MS,NA,Orobanchoside; Crenatoside;,18.82613411855443,19.833224550952753,1.0070904323983214,16.640138876231184,16.199134535539503,-0.4410043406916806,9.279541742585694e-6,7.960870021270886e-5,Sp > Wa
LC-MS/MS,LC-MS/MS,NA,Oroxin B,22.66267435102728,21.129490416501163,-1.533183934526118,22.377223034336883,21.47864731995771,-0.8985757143791737,0.16287625289787505,0.2835655991706663,Not significant
LC-MS/MS,LC-MS/MS,NA,Orsellinic acid,20.108466508907085,22.426485667200918,2.3180191582938328,20.705794872785145,19.569158160684815,-1.13663671210033,0.015005552403378789,0.0423772828512153,Sp > Wa
LC-MS/MS,LC-MS/MS,NA,Osirisyne F,24.965255833407422,25.20585130787418,0.24059547446675822,21.452551907049983,20.463669783101917,-0.9888821239480663,0.34629797020301123,0.4892443696042542,Not significant
LC-MS/MS,LC-MS/MS,NA,Otobain;,20.145256724202596,19.061432806102435,-1.0838239181001619,18.00261488470494,17.864315704911906,-0.13829917979303374,1.6665086737211552e-4,9.366928062639596e-4,Wa > Sp
LC-MS/MS,LC-MS/MS,NA,Ouabain,23.704096358929196,24.267392888125293,0.5632965291960979,17.948362686328608,17.156962783687455,-0.7913999026411531,0.08839588355587354,0.17544631987345372,Not significant
LC-MS/MS,LC-MS/MS,NA,Oxadixyl;,21.349510124002155,20.97216619342568,-0.3773439305764761,23.01416983301001,22.691784555393024,-0.3223852776169842,0.8802264215717427,0.9147168274985278,Not significant
LC-MS/MS,LC-MS/MS,NA,Oxaloglutarate;,23.533575861749547,24.38811666706224,0.8545408053126913,23.084491485623616,22.9178088798566,-0.166682605767015,0.011912830310964783,0.03530529710340472,Sp > Wa
LC-MS/MS,LC-MS/MS,NA,Oxidized Cypridina luciferin;,19.91837647865999,19.44136797064392,-0.47700850801606975,20.534226054596513,20.36695747159035,-0.16726858300616243,0.45530738456576325,0.5849593997092889,Not significant
LC-MS/MS,LC-MS/MS,NA,Oxidized Latia luciferin;,20.0072858672107,20.906714353902412,0.8994284866917113,16.12196367490651,16.03648290359732,-0.08548077130918941,1.6850130502901704e-5,1.331670919744474e-4,Sp > Wa
LC-MS/MS,LC-MS/MS,NA,Oxydemeton-methyl,22.31522741295478,23.083464574323962,0.7682371613691821,23.183052094728144,21.342604654459958,-1.8404474402681856,6.583961776716738e-10,2.3848572657885074e-8,Sp > Wa
LC-MS/MS,LC-MS/MS,NA,PA(12:0/0:0),19.623790378997565,19.871982138967592,0.24819175997002674,17.1827037517944,16.825287142295515,-0.357416609498884,0.042533643159672584,0.09747604688965386,Not significant
LC-MS/MS,LC-MS/MS,NA,"PA(20:3(8Z,11Z,14Z)/0:0)",22.203181550398863,21.533730208769924,-0.6694513416289389,23.024353234469498,21.511662536967183,-1.5126906975023147,0.39386325155925495,0.5318580226161392,Not significant
LC-MS/MS,LC-MS/MS,NA,"PA(20:5(5Z,8Z,11Z,14Z,17Z)/12:0)",22.98504584918475,20.747398559260684,-2.237647289924066,25.155489001200387,24.457415942293306,-0.6980730589070809,0.012102453344408742,0.035624377338846505,Wa > Sp
LC-MS/MS,LC-MS/MS,NA,PA-PI,20.393324150678982,19.736235739891594,-0.657088410787388,15.942029156249529,15.540566022696003,-0.40146313355352525,0.6343839985430721,0.7325433071832768,Not significant
LC-MS/MS,LC-MS/MS,NA,PE(0:0/14:0),19.72372738761364,19.35855366844831,-0.36517371916533037,21.35922898665644,20.40136491600052,-0.9578640706559192,0.028213538472185485,0.07034503664957911,Not significant
LC-MS/MS,LC-MS/MS,NA,PE(0:0/16:1(9Z)),19.95960100150529,19.531286182743113,-0.42831481876217836,21.708061845676973,20.81419955507137,-0.893862290605604,0.29787625033464604,0.44647198900733154,Not significant
LC-MS/MS,LC-MS/MS,NA,"PE(0:0/18:2(9Z,12Z))",26.02692936131116,25.41856757918023,-0.6083617821309311,28.668328522296274,27.83562658845211,-0.832701933844163,0.34060124006096637,0.4848460694828231,Not significant
LC-MS/MS,LC-MS/MS,NA,"PE(0:0/18:3(9Z,12Z,15Z))",26.72830682156407,25.664790428028155,-1.063516393535913,27.768397001455867,27.036471560732952,-0.7319254407229145,0.33063783346449327,0.47693775977621594,Not significant
LC-MS/MS,LC-MS/MS,NA,"PE(0:0/18:4(6Z,9Z,12Z,15Z))",17.804363705778563,16.988745010464125,-0.8156186953144378,26.728126861654633,25.68473088112221,-1.0433959805324236,0.6892071636075208,0.7722455108219893,Not significant
LC-MS/MS,LC-MS/MS,NA,"PE(0:0/20:2(11Z,14Z))",20.398451492389995,18.91087346570303,-1.4875780266869647,23.492949976721363,21.461454271810986,-2.031495704910377,0.03588485854896085,0.08529127989280379,Not significant
LC-MS/MS,LC-MS/MS,NA,PE(0:0/20:4;O),21.264273827243915,20.069766978643766,-1.1945068486001489,20.677180563179455,18.056654667247507,-2.620525895931948,4.92384461445172e-4,0.002360549035751854,Sp > Wa
LC-MS/MS,LC-MS/MS,NA,PE(18:1(11Z)/0:0),22.419592647423094,21.726785972768447,-0.6928066746546477,24.247292016930714,23.46518450086303,-0.7821075160676827,0.7311670779607133,0.80459229507238,Not significant
LC-MS/MS,LC-MS/MS,NA,PE(19:1(9Z)/0:0),22.14944550608258,22.151665979796334,0.0022204737137556663,22.85392225990143,22.919386324108565,0.06546406420713424,0.9034095394824911,0.9312616912926234,Not significant
LC-MS/MS,LC-MS/MS,NA,"PE(20:3(11Z,14Z,17Z)/0:0)",22.605175608697056,22.138276699951057,-0.4668989087459998,20.982666921213735,20.837810496289897,-0.14485642492383732,0.36172831668125516,0.49967555609359826,Not significant
LC-MS/MS,LC-MS/MS,NA,"PE(20:3(5Z,8Z,11Z)/0:0)",21.06993156728597,20.185211735439356,-0.8847198318466134,23.14291377269346,22.059136269511328,-1.0837775031821337,0.3863097052905974,0.5252845210625016,Not significant
LC-MS/MS,LC-MS/MS,NA,"PE(20:4(8Z,11Z,14Z,17Z)/0:0)",15.870474249380676,15.6230911714826,-0.24738307789807656,21.864061434594035,21.29790031470803,-0.5661611198860044,0.16538738766516595,0.2864079063949222,Not significant
LC-MS/MS,LC-MS/MS,NA,PE(6:0/6:0),21.42185851542269,20.953759662763837,-0.468098852658855,19.81934195017086,19.87435556222321,0.055013612052352556,0.33006341484774315,0.47681871629476696,Not significant
LC-MS/MS,LC-MS/MS,NA,PG(12:0/16:0),21.823762187398373,21.827373475214646,0.0036112878162732898,19.42987283680003,18.060963072326974,-1.368909764473056,5.842487540667114e-4,0.0027405049471330638,Sp > Wa
LC-MS/MS,LC-MS/MS,NA,PG(14:1(9Z)/0:0),19.686532545338277,18.28428220639694,-1.4022503389413359,19.37807879886656,17.34004543493768,-2.038033363928882,0.1588491507438344,0.2787877423552625,Not significant
LC-MS/MS,LC-MS/MS,NA,PG(16:0/0:0),26.242886357838035,25.75238922283482,-0.49049713500321346,28.758840558179465,27.42627735340666,-1.3325632047728035,2.2414256099966966e-4,0.0011978766374736445,Sp > Wa
LC-MS/MS,LC-MS/MS,NA,PG(16:1(9Z)/0:0),28.99033458221635,28.524914251718616,-0.46542033049773224,28.790460755788462,28.21236034247398,-0.578100413314484,0.6192206686054356,0.71838412087321,Not significant
LC-MS/MS,LC-MS/MS,NA,PG(16:1(9Z)/12:0),18.823419429669997,19.179418384314715,0.3559989546447184,17.12777658309337,16.044687747001902,-1.0830888360914699,0.014522632788550639,0.04152963411462726,Sp > Wa
LC-MS/MS,LC-MS/MS,NA,PG(18:1(9Z)/0:0),20.024714697161162,19.965973000286038,-0.058741696875124205,23.5279070688459,22.762826218445433,-0.7650808504004658,0.07347781774743349,0.15208741959151315,Not significant
LC-MS/MS,LC-MS/MS,NA,"PG(20:5(5Z,8Z,11Z,14Z,17Z)/0:0)",18.94522746245686,18.162702486952746,-0.7825249755041135,21.772235798919098,20.678788398648656,-1.093447400270442,0.49838926814515616,0.6225092008249844,Not significant
LC-MS/MS,LC-MS/MS,NA,PG(8:0/8:0),19.867686441879396,20.212086792001543,0.34440035012214665,18.92921318783289,19.293777256176167,0.36456406834327737,0.9397861232601323,0.955168437046931,Not significant
LC-MS/MS,LC-MS/MS,NA,PG(O-20:0/18:0),24.005585723016946,23.847480144238506,-0.15810557877843934,25.49263638752969,24.979707459405287,-0.5129289281244027,0.1076267621522801,0.20458498228363448,Not significant
LC-MS/MS,LC-MS/MS,NA,PG(P-16:0/12:0),20.627158454078593,20.050985653362137,-0.5761728007164564,16.65154489086723,16.374736933611697,-0.27680795725553153,0.2609035838093351,0.4040597069921294,Not significant
LC-MS/MS,LC-MS/MS,NA,PG-PG,21.40056329715617,21.39085086609027,-0.00971243106590336,22.042907598856974,21.594977122000426,-0.4479304768565484,0.03268601099154158,0.07861197361278749,Not significant
LC-MS/MS,LC-MS/MS,NA,PG-PS,20.705393763732495,20.67497579454413,-0.03041796918836326,16.025216585733368,15.695937159512741,-0.32927942622062645,0.5139400002188313,0.6334383367536447,Not significant
LC-MS/MS,LC-MS/MS,NA,PGD2-EA,19.55064514213244,16.82057914157246,-2.7300660005599795,16.75093244136089,15.83284080111542,-0.9180916402454713,0.011803823787944574,0.03506192760701532,Wa > Sp
LC-MS/MS,LC-MS/MS,NA,PHDdiA-PA,21.608623119230487,20.504290443015666,-1.1043326762148205,18.52600947171954,18.174376882405664,-0.3516325893138763,0.09791003964313916,0.19055924133530366,Not significant
LC-MS/MS,LC-MS/MS,NA,PHDdiA-PG,19.639641076230333,19.68897763709918,0.04933656086884497,16.281538205434494,15.889784247253456,-0.3917539581810381,0.36688014963303517,0.504375237438969,Not significant
LC-MS/MS,LC-MS/MS,NA,PI(16:0/0:0),22.82281079189439,22.64600154507481,-0.17680924681958032,23.92164645851088,23.29869097130958,-0.6229554872013026,0.010692563131378731,0.032491526211970816,Sp > Wa
LC-MS/MS,LC-MS/MS,NA,PI(16:1(9Z)/0:0),19.07499586000967,19.069710646372712,-0.005285213636955888,17.94700953596292,17.766678779378378,-0.18033075658454223,0.5916442595398137,0.6956754864201236,Not significant
LC-MS/MS,LC-MS/MS,NA,"PI(18:2(9Z,12Z)/22:6(4Z,7Z,10Z,13Z,16Z,19Z))",18.753672011515604,19.779841961178846,1.0261699496632417,18.049403937316686,17.74309456679214,-0.306309370524545,6.592616337181432e-5,4.2348629082190084e-4,Sp > Wa
LC-MS/MS,LC-MS/MS,NA,"PI(18:3(9Z,12Z,15Z)/0:0)",27.119091591761904,26.543878106594526,-0.575213485167378,25.51870407995542,25.207387251677453,-0.3113168282779668,0.26794001695222514,0.41202096946427075,Not significant
LC-MS/MS,LC-MS/MS,NA,"PI(18:3(9Z,12Z,15Z)/13:0)",22.397444649366797,21.713845132866865,-0.6835995164999318,18.32837009347455,17.95995438649129,-0.3684157069832601,0.1346259058267279,0.24571182758744656,Not significant
LC-MS/MS,LC-MS/MS,NA,"PI(18:3(9Z,12Z,15Z)/18:3(9Z,12Z,15Z))",20.611337846816987,20.515458892727647,-0.09587895408933989,18.168994826438215,17.820789064868073,-0.34820576157014216,0.34577884245560186,0.48904079236670805,Not significant
LC-MS/MS,LC-MS/MS,NA,"PI(18:4(6Z,9Z,12Z,15Z)/0:0)",15.602054064919217,15.266013383956942,-0.3360406809622756,23.02798451551543,22.455712903367996,-0.5722716121474356,0.5560984936235274,0.6671135562880218,Not significant
LC-MS/MS,LC-MS/MS,NA,"PI(20:4(5Z,8Z,11Z,14Z)/0:0)",19.113554039120846,18.677224056959922,-0.4363299821609239,18.47733267112237,18.153480446318152,-0.3238522248042166,0.7128488847660126,0.7904378790262588,Not significant
LC-MS/MS,LC-MS/MS,NA,"PI(20:5(5Z,8Z,11Z,14Z,17Z)/0:0)",22.950813186758985,22.460206578340284,-0.49060660841870174,23.981106276309905,23.22994141963313,-0.7511648566767768,0.2867876424199422,0.43586373626527347,Not significant
LC-MS/MS,LC-MS/MS,NA,"PI(20:5(5Z,8Z,11Z,14Z,17Z)/18:4(6Z,9Z,12Z,15Z))",23.01272993318146,22.56030008885224,-0.4524298443292203,19.289696344954564,18.88268392771966,-0.40701241723490256,0.84085139354793,0.887908137170568,Not significant
LC-MS/MS,LC-MS/MS,NA,"PI(22:4(7Z,10Z,13Z,16Z)/22:4(7Z,10Z,13Z,16Z))",19.711955448604076,20.010318078511162,0.2983626299070856,17.35368639566642,16.97217229051749,-0.38151410514892703,0.0029672402916025996,0.011086766017907708,Sp > Wa
LC-MS/MS,LC-MS/MS,NA,PI(P-16:0/0:0),20.103348007519703,19.155679956504116,-0.9476680510155866,14.78129271991023,14.852369330654977,0.07107661074474692,0.0906833967475879,0.17944028734272324,Not significant
LC-MS/MS,LC-MS/MS,NA,PIM1(17:0/14:0),25.767699786708025,24.379908814851934,-1.3877909718560915,27.362793701285092,25.63523082464435,-1.727562876640743,0.7942132761939855,0.8509894101536214,Not significant
LC-MS/MS,LC-MS/MS,NA,PON-PI,20.83283868406798,20.350345715195306,-0.48249296887267334,18.097212166987116,17.629694785439177,-0.467517381547939,0.9640707197323845,0.9743170528883096,Not significant
LC-MS/MS,LC-MS/MS,NA,POV-PS,21.329291943905268,21.853057153356627,0.5237652094513585,16.454232533164603,16.101689443780096,-0.3525430893845076,0.10504301724028656,0.20055065077794096,Not significant
LC-MS/MS,LC-MS/MS,NA,PPG Acrylate n7,21.79665370195281,21.58088615343312,-0.2157675485196897,16.451580373231398,16.52631852349105,0.0747381502596518,0.47941504239696775,0.6087217286130925,Not significant
LC-MS/MS,LC-MS/MS,NA,PS(14:1(9Z)/0:0),20.433585989358832,20.659580711057714,0.22599472169888202,19.330159549443806,18.936106311007638,-0.39405323843616813,0.21725393977154073,0.3528009183836726,Not significant
LC-MS/MS,LC-MS/MS,NA,"PS(17:2(9Z,12Z)/0:0)",19.573036751338275,20.16721295924502,0.5941762079067452,15.972389810739616,15.576461577271667,-0.3959282334679486,0.0375893236327102,0.08831797840910648,Not significant
LC-MS/MS,LC-MS/MS,NA,"PS(18:2(9Z,12Z)/0:0)",22.406212380101692,21.409208669983443,-0.9970037101182498,24.598615197129536,23.175397049393773,-1.4232181477357635,0.04533439239386224,0.10281051770712411,Not significant
LC-MS/MS,LC-MS/MS,NA,"PS(18:3(9Z,12Z,15Z)/0:0)",24.48861174513486,23.50334155081597,-0.9852701943188897,23.159511137530718,22.70358313440579,-0.455928003124928,0.08318301185633727,0.16739297447633303,Not significant
LC-MS/MS,LC-MS/MS,NA,PS(19:1(9Z)/0:0),21.247032461024286,20.760564385040272,-0.4864680759840141,20.801023655474303,20.655076495962174,-0.14594715951212933,0.20420546608570178,0.3366421337240899,Not significant
LC-MS/MS,LC-MS/MS,NA,"PS(20:2(11Z,14Z)/0:0)",19.901553108030047,19.243156103650698,-0.6583970043793492,21.903554404812564,20.593154017207056,-1.3104003876055081,0.03570392627502577,0.0851150271711766,Not significant
LC-MS/MS,LC-MS/MS,NA,Pachymic acid;,21.26690509103285,21.587247798196668,0.3203427071638174,18.36223750923189,17.95259644205432,-0.40964106717757076,0.0012103664191369626,0.005058710931264742,Sp > Wa
LC-MS/MS,LC-MS/MS,NA,Paeonoside;,19.582673662360687,18.310454396771608,-1.2722192655890794,20.66991082684832,20.860605013666852,0.19069418681853278,0.010064627989667731,0.030953478534261135,Wa > Sp
LC-MS/MS,LC-MS/MS,NA,Palmitic Acid,23.07224393352796,22.46146513563045,-0.6107787978975097,17.198699741536874,17.348353251409584,0.1496535098727101,0.2927384013338158,0.44233009888678543,Not significant
LC-MS/MS,LC-MS/MS,NA,Paniculatin;,19.338338848071825,17.411176194006394,-1.9271626540654303,21.499348640864994,21.482393657334555,-0.01695498353043945,0.0830684574929121,0.16739297447633303,Not significant
LC-MS/MS,LC-MS/MS,NA,Panogenin-3-o-alpha-L-rhamnopyranoside; Panoside;,19.525031532297994,18.656065584012907,-0.8689659482850871,16.78123256543116,17.13409892440701,0.3528663589758487,0.022466192896816613,0.057871807356718145,Not significant
LC-MS/MS,LC-MS/MS,NA,Pantetheine; (R)-Pantetheine;,21.85661955502661,21.590378839782048,-0.26624071524456383,22.485840139937153,20.926684378222557,-1.559155761714596,8.780056428574592e-4,0.0038549473342967236,Sp > Wa
LC-MS/MS,LC-MS/MS,NA,Pantheric Acid C,20.12634144045222,18.59980308821685,-1.5265383522353702,18.978998684871165,18.46780129813943,-0.5111973867317339,0.21914558293104805,0.3549886212945176,Not significant
LC-MS/MS,LC-MS/MS,NA,Pantothenic acid,25.040636881218003,24.763841040030616,-0.2767958411873863,25.299663648825494,25.532738785944446,0.2330751371189521,4.232715264578612e-4,0.00209865426046027,Wa > Sp
LC-MS/MS,LC-MS/MS,NA,Paracetamol,21.612720146501864,20.965546670250284,-0.6471734762515808,22.310423975389007,22.365529089743358,0.05510511435435106,0.08482271552778625,0.1696454310555725,Not significant
LC-MS/MS,LC-MS/MS,NA,Patuletin 3-(6''-(E)-feruloylglucoside),19.902718266994977,21.6575117302246,1.7547934632296212,17.140870872239145,17.356088356382358,0.2152174841432135,0.00319191709317966,0.011658991287132428,Sp > Wa
LC-MS/MS,LC-MS/MS,NA,Patuletin 3-(6''-acetylglucoside),17.04138073728456,17.56857343449582,0.5271926972112624,21.444325545531807,22.109904624819244,0.6655790792874363,0.607448821016882,0.7066130799340001,Not significant
LC-MS/MS,LC-MS/MS,NA,Patuletin 3-(6''-p-coumaroylglucoside),20.45623237142273,22.91416858810223,2.4579362166794994,17.09158885424965,17.93955926083266,0.8479704065830092,0.021330336395545848,0.05562951731958357,Not significant
LC-MS/MS,LC-MS/MS,NA,Patuletin 5-glucoside,26.18786181648603,26.314629297242547,0.12676748075651645,22.659957219071632,21.94678687630682,-0.713170342764812,0.2463276360907444,0.385145368659869,Not significant
LC-MS/MS,LC-MS/MS,NA,Pectenotoxin 1; PTX 1;,21.022170701541633,21.72665635694219,0.704485655400557,18.974762637855836,18.621873062738175,-0.3528895751176613,0.05033262505467456,0.11162201202601296,Not significant
LC-MS/MS,LC-MS/MS,NA,Pectenotoxin 2; 43-Deoxypectenotoxin 1; PTX 2;,22.737743114563582,23.122333508913982,0.38459039435040054,19.179822994056753,18.970082746444668,-0.20974024761208554,0.3254107810027903,0.47200851882940886,Not significant
LC-MS/MS,LC-MS/MS,NA,Pederin;,22.124544707482066,20.869194998520385,-1.2553497089616812,17.76202506916959,17.562656276320737,-0.19936879284885123,0.009583184100136984,0.029542487155032215,Wa > Sp
LC-MS/MS,LC-MS/MS,NA,Penicillic acid,15.918978602014542,15.519958016072541,-0.39902058594200085,23.029775206481386,22.433268850089206,-0.5965063563921795,0.15122620933612832,0.2679333926281404,Not significant
LC-MS/MS,LC-MS/MS,NA,Penicillin F; 2-Pentenylpenicillin;,19.70821270966117,19.650411201951144,-0.05780150771002468,21.058103613850204,19.73080141947343,-1.3273021943767738,0.015468067898420736,0.04300987363669257,Sp > Wa
LC-MS/MS,LC-MS/MS,NA,Penicisteroid A,22.544473263647415,21.576271878130203,-0.9682013855172116,19.342678905835644,19.098310404969876,-0.2443685008657681,0.010337885572135276,0.03157049832801967,Wa > Sp
LC-MS/MS,LC-MS/MS,NA,Penicisteroid F,19.057118516156724,18.939586465961685,-0.1175320501950381,19.768465335941553,18.501619238717534,-1.2668460972240183,0.05285797046084817,0.11545526546222112,Not significant
LC-MS/MS,LC-MS/MS,NA,Perfluorooctanoic acid (PFOA),23.218380345526587,23.751127635036617,0.5327472895100307,24.44937198895067,23.957075114791657,-0.49229687415901324,5.5266813223573716e-5,3.695790997104622e-4,Sp > Wa
LC-MS/MS,LC-MS/MS,NA,Perfluorooctyl phosphate,23.58230100481261,23.72039297369879,0.13809196888617947,22.842190534419853,25.332745645761914,2.4905551113420614,1.192171895736463e-7,2.1008002054599296e-6,Wa > Sp
LC-MS/MS,LC-MS/MS,NA,Perfoliatumin A,19.413336315948765,19.38010946955509,-0.033226846393674236,18.734601655205974,18.33341067974922,-0.4011909754567533,0.14762178898054093,0.26333626926214143,Not significant
LC-MS/MS,LC-MS/MS,NA,Perfoliatumin B,19.04640459549187,20.53854180618426,1.4921372106923876,17.13520790977481,16.743988911829067,-0.39121899794574233,6.878554806142326e-11,3.737348111337331e-9,Sp > Wa
LC-MS/MS,LC-MS/MS,NA,Petromylidene C,20.371056234918218,19.186595020054746,-1.1844612148634717,17.389402569301886,16.94740146555869,-0.4420011037431948,0.22014883594311113,0.35528970553195166,Not significant
LC-MS/MS,LC-MS/MS,NA,Pfaffoside A;,20.340185209068434,18.45347260206917,-1.8867126069992644,17.12346421384455,16.39664378748692,-0.7268204263576301,3.1474961743722604e-4,0.0016032558638208701,Wa > Sp
LC-MS/MS,LC-MS/MS,NA,PharmaGSID_47333,21.910598014000435,22.116438072576262,0.2058400585758271,16.40378729615982,15.9107149336657,-0.4930723624941198,0.3044156730336177,0.4510886791316336,Not significant
LC-MS/MS,LC-MS/MS,NA,Phaseolic acid;,23.69602370786895,22.960064802898994,-0.7359589049699551,32.58570906305814,33.29473802477424,0.7090289617161005,0.1818047396726541,0.3070898711569183,Not significant
LC-MS/MS,LC-MS/MS,NA,Phellodensin F,19.202926683789702,19.92222228672078,0.7192956029310764,16.54478704323659,16.395503734182473,-0.14928330905411613,2.914455258503384e-4,0.0015324393778582308,Sp > Wa
LC-MS/MS,LC-MS/MS,NA,Phenmedipham,18.780335839911416,18.961834260616218,0.18149842070480204,20.061250274568557,22.238866240120228,2.17761596555167,0.0019236997415744573,0.007533046435474752,Wa > Sp
LC-MS/MS,LC-MS/MS,NA,Phenyl phosphate,22.445211152504545,22.59409591170559,0.14888475920104582,22.489399114409657,22.9466885324276,0.4572894180179432,0.3204278366739666,0.46529832853324327,Not significant
LC-MS/MS,LC-MS/MS,NA,Phenylacetaldehyde,21.509219279273566,20.54095357548031,-0.9682657037932572,30.92179170728793,31.726279694404568,0.8044879871166373,0.1443460970402023,0.25926626796201624,Not significant
LC-MS/MS,LC-MS/MS,NA,Phenylpyruvic acid,24.309261241036662,25.00401077713912,0.6947495361024565,25.05533470492574,25.632653298354658,0.5773185934289167,0.5581594415018332,0.6689705070941089,Not significant
LC-MS/MS,LC-MS/MS,NA,Pheophorbide a;,22.34993970273762,21.92995605852364,-0.4199836442139784,24.274913557259996,23.71807078147699,-0.5568427757830072,0.5321861386039829,0.6491774787086939,Not significant
LC-MS/MS,LC-MS/MS,NA,Philanthotoxin;,22.936207737154575,22.774749550599346,-0.1614581865552296,17.4010357713843,17.680427529892007,0.2793917585077068,0.5455608208333159,0.6578337030616103,Not significant
LC-MS/MS,LC-MS/MS,NA,Phosphonoacetic acid,22.492284129920073,23.098207164936277,0.6059230350162039,26.236007473052034,25.305008133165526,-0.9309993398865082,0.00714992550895103,0.02279585052242578,Sp > Wa
LC-MS/MS,LC-MS/MS,NA,Phytyl diphosphate;,20.342486289371433,20.08548157526589,-0.25700471410554115,21.699454346251123,21.35834414843545,-0.34111019781567364,0.6357459723136654,0.7325433071832768,Not significant
LC-MS/MS,LC-MS/MS,NA,Picfeltarraenin IA,21.19755999924157,19.893289828373064,-1.3042701708685058,16.884255067815737,16.521367322775962,-0.3628877450397745,0.0010466809422668246,0.004534458301381858,Wa > Sp
LC-MS/MS,LC-MS/MS,NA,Picfeltarraenin IB,20.66269437977233,21.271025364473452,0.6083309847011229,17.721815010841937,17.143460598191652,-0.5783544126502846,9.879129345359105e-5,6.105395576468376e-4,Sp > Wa
LC-MS/MS,LC-MS/MS,NA,Picrasin C; Nigakilactone J; Quassin;,18.62350616032851,19.743972036755128,1.1204658764266178,17.11575323021295,16.874885057478618,-0.2408681727343307,0.03666347224773853,0.08661081125190405,Not significant
LC-MS/MS,LC-MS/MS,NA,Picrotoxinin,26.094487569327292,26.420589106670775,0.326101537343483,20.2681906064033,20.05827515613531,-0.2099154502679923,0.3825239441938856,0.5223154169935359,Not significant
LC-MS/MS,LC-MS/MS,NA,Pimozide;,20.30748167483877,18.99998142334638,-1.3075002514923888,20.19362736149179,18.786535647585872,-1.407091713905917,0.8650367547760396,0.9031288456588916,Not significant
LC-MS/MS,LC-MS/MS,NA,Pinocembrin,14.843309719057958,14.852447690346379,0.009137971288421198,17.77414871656517,21.26387875680155,3.489730040236381,1.1060956445529167e-12,1.602609689441115e-10,Wa > Sp
LC-MS/MS,LC-MS/MS,NA,Pinocembrin 7-O-neohesperidoside 6''-O-acetate,24.809328270691918,23.988148204965338,-0.8211800657265798,22.499553695330597,21.536408583156124,-0.9631451121744732,0.48976649258517146,0.6180569795234322,Not significant
LC-MS/MS,LC-MS/MS,NA,Pinoresinol 4-O-glucoside,23.261358581268148,22.95669828608351,-0.30466029518463955,18.890489497411682,18.267629954313257,-0.622859543098425,0.4939221632069203,0.6198984608487238,Not significant
LC-MS/MS,LC-MS/MS,NA,Pinoresinol diglucoside,21.67553813992556,20.907357573357437,-0.7681805665681232,18.122916802193714,18.457237861266822,0.3343210590731083,4.247057254837007e-11,2.6372203144321227e-9,Wa > Sp
LC-MS/MS,LC-MS/MS,NA,Pipecolic acid,21.76243402605293,21.53761307690114,-0.22482094915179118,24.79299739047353,23.622039687930293,-1.1709577025432374,1.0149954647867043e-5,8.650680301188642e-5,Sp > Wa
LC-MS/MS,LC-MS/MS,NA,Pirbuterol;,21.41147368320513,21.02930484512962,-0.3821688380755113,22.281573348157323,20.67100883128268,-1.6105645168746427,4.503942721493739e-4,0.0022162797391803153,Sp > Wa
LC-MS/MS,LC-MS/MS,NA,Plantagoside;,23.671150379821544,25.197876169319166,1.5267257894976218,23.296355366478956,24.655258712355174,1.358903345876218,0.6997287306113891,0.7818734059273791,Not significant
LC-MS/MS,LC-MS/MS,NA,Plastoquinone-1;,20.520553698814727,18.914786142306745,-1.6057675565079812,18.851474684028318,17.82282353059546,-1.0286511534328575,0.06690239454218701,0.1413950121280581,Not significant
LC-MS/MS,LC-MS/MS,NA,Platensimycin; (-)-Platensimycin;,18.629847532801147,17.81998722388458,-0.8098603089165657,17.95046828273928,17.887778808922803,-0.0626894738164765,0.28023256729220797,0.42689634082831684,Not significant
LC-MS/MS,LC-MS/MS,NA,Plocamene B;,20.956194831688258,20.715863993176516,-0.24033083851174197,22.234273298585425,21.49727657990556,-0.7369967186798654,0.015302095030393202,0.042817681826402255,Sp > Wa
LC-MS/MS,LC-MS/MS,NA,Podorhizol beta-D-glucoside;,16.543871713928052,14.803936735950764,-1.7399349779772884,15.602911268284013,15.11717185917142,-0.4857394091125933,0.2758693992662686,0.421233836818752,Not significant
LC-MS/MS,LC-MS/MS,NA,Polydatin,21.333502067729505,21.17068170037671,-0.16282036735279348,18.259313824454285,18.65954907712545,0.4002352526711661,0.006541801463658759,0.021062985453360546,Wa > Sp
LC-MS/MS,LC-MS/MS,NA,Polyphyllin VI,22.715164339445867,20.327091746177977,-2.3880725932678892,18.474641746121897,17.990429499890915,-0.4842122462309817,4.0287345389783284e-5,2.813458530274571e-4,Wa > Sp
LC-MS/MS,LC-MS/MS,NA,Pongamoside C,18.91365383357726,16.824100822081483,-2.089553011495777,17.439474283449126,17.637539514995463,0.19806523154633737,7.691294272988993e-4,0.00349458109128141,Wa > Sp
LC-MS/MS,LC-MS/MS,NA,Portulacaxanthin I;,22.28814805850791,21.634296681796105,-0.6538513767118062,24.03948998053833,22.223542512925892,-1.815947467612439,0.00845302356562331,0.02630726188442195,Sp > Wa
LC-MS/MS,LC-MS/MS,NA,Potassium dibasic phosphate;,26.889940928528762,26.354167644284185,-0.535773284244577,28.923200213475393,27.404886047234715,-1.5183141662406783,2.9355726520557775e-9,8.902294740187753e-8,Sp > Wa
LC-MS/MS,LC-MS/MS,NA,Pravastatin;,20.76592147209724,20.682370228700748,-0.08355124339649223,17.32832764256094,16.916325136668913,-0.41200250589202625,0.5200286197761944,0.639733320932224,Not significant
LC-MS/MS,LC-MS/MS,NA,Premithramycin A1;,21.85565824839444,22.83086463610078,0.9752063877063399,18.374959824195898,17.665731664703056,-0.7092281594928416,1.1247847417465058e-4,6.797555456926418e-4,Sp > Wa
LC-MS/MS,LC-MS/MS,NA,Premithramycin A3';,17.975847974791602,18.953862533848874,0.9780145590572715,20.274424039463767,22.736193743716463,2.4617697042526956,1.2710723340093711e-4,7.499901916507783e-4,Wa > Sp
LC-MS/MS,LC-MS/MS,NA,Premithramycinone;,21.40460188975318,21.071486239531197,-0.3331156502219841,16.310422628078168,16.249910786251693,-0.06051184182647518,0.40090037698565884,0.538942362463195,Not significant
LC-MS/MS,LC-MS/MS,NA,Primisulfuron;,24.58544409198733,24.702672672163747,0.11722858017641613,19.316141721642165,19.6067764842413,0.29063476259913656,0.7043451385881756,0.7832432631894896,Not significant
LC-MS/MS,LC-MS/MS,NA,Procyanidin B1,21.309134981220666,21.631119947696895,0.3219849664762293,18.231670835366884,18.355322023565154,0.12365118819827003,0.4290656837186768,0.5611852071907267,Not significant
LC-MS/MS,LC-MS/MS,NA,Procyanidin B2,25.25710283694522,26.03696651276902,0.7798636758238011,20.80385137291118,21.092334308338508,0.2884829354273286,0.2942755086840202,0.4439091787764159,Not significant
LC-MS/MS,LC-MS/MS,NA,Procyanidin B5; Procyanidol B5;,20.82534129870545,21.681366805455095,0.8560255067496456,16.994505929578484,16.679516088675552,-0.3149898409029319,1.64272821903914e-7,2.7288807968337697e-6,Sp > Wa
LC-MS/MS,LC-MS/MS,NA,Propaphos;,16.745402179902555,15.187364796279567,-1.5580373836229882,15.669447125547325,15.162685682033663,-0.5067614435136623,0.2865040094758211,0.43586373626527347,Not significant
LC-MS/MS,LC-MS/MS,NA,Propoxyphenyl thiohydroxyhomosildenafil,21.973034122224426,21.092434130148114,-0.8805999920763128,17.367212648717604,17.243993948527734,-0.12321870018987013,0.028544353723053785,0.071034040562714,Not significant
LC-MS/MS,LC-MS/MS,NA,"Propyl 2,4-decadienoate",21.209015731185588,22.20668411139355,0.997668380207962,17.704321321425244,17.627267076734427,-0.07705424469081734,5.857615176468274e-10,2.2406226845686424e-8,Sp > Wa
LC-MS/MS,LC-MS/MS,NA,Propyzamide,25.944469788598518,26.103173257214742,0.15870346861622409,26.2897391284252,27.423381029005764,1.1336419005805638,3.8521796661682976e-7,5.401335789982215e-6,Wa > Sp
LC-MS/MS,LC-MS/MS,NA,Prosopinine,21.29031689262933,20.982488307091597,-0.3078285855377345,23.3393559967428,22.805017167854707,-0.5343388288880924,0.5372451182350946,0.6506539740514509,Not significant
LC-MS/MS,LC-MS/MS,NA,Prostaglandin A3,22.342415821188712,24.10492962666511,1.7625138054763987,17.504394932765543,17.07762820630404,-0.4267667264615014,0.004843737019262498,0.016405800189917653,Sp > Wa
LC-MS/MS,LC-MS/MS,NA,Prostaglandin G2,20.762011575775972,20.260162234359473,-0.5018493414164986,17.04608731453128,16.310866797023746,-0.7352205175075355,0.668181572241284,0.7583192081833198,Not significant
LC-MS/MS,LC-MS/MS,NA,Prostaglandin H1,18.16065456597434,19.268202602058313,1.1075480360839727,18.173330352781683,17.711095049740358,-0.4622353030413251,0.034878646474048,0.08329991758637105,Not significant
LC-MS/MS,LC-MS/MS,NA,Prostaglandin K2,22.863657360313514,22.84045528907381,-0.02320207123970519,21.21111026181159,20.161679072261947,-1.0494311895496438,0.01236726751802669,0.03624026256967821,Sp > Wa
LC-MS/MS,LC-MS/MS,NA,Protomycinolide IV;,18.568234059692124,20.498044171055632,1.9298101113635084,17.21981686912918,16.864450803714504,-0.35536606541467464,1.244065912228704e-4,7.373917952482865e-4,Sp > Wa
LC-MS/MS,LC-MS/MS,NA,Prunin,21.620893576678004,21.45242451860855,-0.168469058069455,18.595525092524163,19.57939349095824,0.9838683984340761,0.031923205951402245,0.07772369931892971,Not significant
LC-MS/MS,LC-MS/MS,NA,Pseudobaptigenin;,20.540270548566404,20.49594213813615,-0.044328410430253484,20.341558893689648,21.076339541584424,0.7347806478947767,1.3611182928625451e-5,1.1305084419699101e-4,Wa > Sp
LC-MS/MS,LC-MS/MS,NA,Pseudolaric acid B-O-beta-D-glucopyranoside,19.951123508733705,21.005894730610198,1.0547712218764929,15.902604297560298,15.701849731669874,-0.20075456589042417,0.020650424700986665,0.05451043281394051,Not significant
LC-MS/MS,LC-MS/MS,NA,Psoralidin;,15.458289630378099,15.328425233412604,-0.12986439696549468,16.5569771086211,16.29168352213303,-0.26529358648807033,0.6657836379761968,0.7569910511355846,Not significant
LC-MS/MS,LC-MS/MS,NA,Psychosine,30.15885470529361,30.014103232189022,-0.1447514731045878,22.270140829642724,24.722421200943238,2.452280371300514,0.095794406318891,0.18699985904166747,Not significant
LC-MS/MS,LC-MS/MS,NA,Psychosine sulfate;,20.431892010193593,19.839512131850128,-0.5923798783434648,16.214987961698863,15.68166973379316,-0.5333182279057027,0.5609642121782588,0.6698693522714738,Not significant
LC-MS/MS,LC-MS/MS,NA,Ptaerochromenol;,19.455584354262704,17.743224109011464,-1.71236024525124,17.576624415012628,17.25099553687068,-0.3256288781419485,0.14661408064630715,0.26225618815196783,Not significant
LC-MS/MS,LC-MS/MS,NA,Ptilosteroid C,24.072088674942417,23.990731486382803,-0.08135718855961471,25.52589201657076,25.183935795482043,-0.3419562210887186,0.14007139754705256,0.2533330130393295,Not significant
LC-MS/MS,LC-MS/MS,NA,Puerarin,16.621209812863377,16.628187705672715,0.006977892809338471,18.92100088410321,22.796609686814804,3.875608802711593,3.035212856503566e-11,2.120319549711001e-9,Wa > Sp
LC-MS/MS,LC-MS/MS,NA,Puerarin xyloside;,18.39531500854127,18.52871006522497,0.13339505668369966,18.96939196349678,21.667645553522085,2.698253590025306,2.6461938554086803e-10,1.1502122624843065e-8,Wa > Sp
LC-MS/MS,LC-MS/MS,NA,Purifolin,17.408315072843404,19.783952027663823,2.3756369548204184,22.27973189018046,22.70723790521972,0.4275060150392598,6.063449267687865e-4,0.002823834944666063,Sp > Wa
LC-MS/MS,LC-MS/MS,NA,Purine mononucleotide;,20.06646459115203,19.975922117297678,-0.09054247385435232,23.147694082233986,22.130020637939108,-1.0176734442948785,5.6075350340741885e-5,3.7307273900167047e-4,Sp > Wa
LC-MS/MS,LC-MS/MS,NA,Pyracarbolid;,18.211248907540973,16.511514907992776,-1.6997339995481973,19.428796407209997,19.52013411319055,0.09133770598055335,0.0467082203234122,0.10501296431332674,Not significant
LC-MS/MS,LC-MS/MS,NA,Pyrazophos;,19.58558309792687,17.124529390514137,-2.4610537074127343,22.232675691483294,20.69175220579115,-1.5409234856921437,0.20212270616880257,0.3340532431484392,Not significant
LC-MS/MS,LC-MS/MS,NA,"Pyruvophenone; 1-Phenyl-1,2-propanedione;",17.259740622841196,17.35948426381798,0.0997436409767829,23.792253260663035,22.95299493186858,-0.839258328794454,1.0928906257421419e-7,1.952232021873634e-6,Sp > Wa
LC-MS/MS,LC-MS/MS,NA,Quercetagetin 7-(6''-(E)-caffeoylglucoside),17.02763603947139,17.314018842604643,0.2863828031332538,25.372848895152504,24.3340925951315,-1.038756300021003,2.076592841585302e-13,3.868395807753191e-11,Sp > Wa
LC-MS/MS,LC-MS/MS,NA,Quercetagetin 7-(6''-acetylglucoside),24.899587822548426,23.530899365580275,-1.368688456968151,21.933490032403302,22.297334213959658,0.363844181556356,3.2917783851897754e-5,2.3328690295040583e-4,Wa > Sp
LC-MS/MS,LC-MS/MS,NA,Quercetin 3-(2'''-caffeylsophoroside),17.872468149277914,19.331145062707673,1.458676913429759,23.134485718283724,27.757391172652458,4.622905454368734,0.011974638630209348,0.03540800175463263,Wa > Sp
LC-MS/MS,LC-MS/MS,NA,Quercetin 3-(2'''-feruloylsophoroside),20.840208080702677,24.038788406967964,3.1985803262652865,20.59295744256318,22.868553789559073,2.2755963469958935,0.014793926412120401,0.042028932552080615,Sp > Wa
LC-MS/MS,LC-MS/MS,NA,"Quercetin 3-(2'',3'',4''-triacetylgalactoside)",17.508055720509663,18.10767379343872,0.5996180729290579,22.06630989589786,21.455258004102784,-0.6110518917950749,0.35863698816952383,0.498574235152515,Not significant
LC-MS/MS,LC-MS/MS,NA,Quercetin 3-(2G-xylosylrutinoside);,16.375533032256808,16.324889782177227,-0.05064325007958104,24.706886936149807,25.093583889832722,0.38669695368291457,0.01737407812068748,0.04697407613065567,Wa > Sp
LC-MS/MS,LC-MS/MS,NA,Quercetin 3-(6''-malonylglucoside)-7-rhamnoside,19.31599361265047,20.614247660414215,1.298254047763745,27.102468842252154,28.18243208626596,1.079963244013804,0.6477906523961419,0.74293668489408,Not significant
LC-MS/MS,LC-MS/MS,NA,Quercetin 3-glucoside-7-glucuronide,20.567836846281804,22.00905031843501,1.4412134721532048,19.6862613136844,19.423268746396367,-0.262992567288034,5.255989191322657e-7,7.065783407716231e-6,Sp > Wa
LC-MS/MS,LC-MS/MS,NA,Quercetin 3-sambubioside-3'-glucoside,17.87874547157768,20.385591637930087,2.506846166352407,18.68021236746712,19.105900418193052,0.4256880507259311,6.235157726663849e-5,4.045097351029681e-4,Sp > Wa
LC-MS/MS,LC-MS/MS,NA,Quercetin 7-(6''-tiglylglucoside),22.399418239086064,22.349705395258606,-0.04971284382745722,20.274755236708987,20.342470914748144,0.06771567803915701,0.6353269194053239,0.7325433071832768,Not significant
LC-MS/MS,LC-MS/MS,NA,Quercetin-3beta-D-glucoside,20.892921391958506,21.81455078030701,0.9216293883485029,22.576178918565383,25.304576752724156,2.7283978341587733,0.001741282537865476,0.006922659845660307,Wa > Sp
LC-MS/MS,LC-MS/MS,NA,Quinic acid,25.169009240807494,25.447789923576984,0.2787806827694901,20.043371030824552,20.0714278357629,0.02805680493834828,0.7005455743520168,0.7821159494477996,Not significant
LC-MS/MS,LC-MS/MS,NA,Raucaffricine; Vomilenine beta-D-glucoside;,17.015004597161962,16.878920540086824,-0.13608405707513782,22.642897155226052,23.261404375336003,0.6185072201099509,0.09143208122602715,0.18064762714960517,Not significant
LC-MS/MS,LC-MS/MS,NA,Red chlorophyll catabolite;,20.299383049207908,21.705860168625293,1.406477119417385,16.12730548749881,15.770927776830222,-0.35637771066858726,1.7478308782323885e-7,2.8137919323642403e-6,Sp > Wa
LC-MS/MS,LC-MS/MS,NA,Reduced FMN; FMNH2;,16.108986075812673,20.527377048814785,4.418390973002111,18.80793656020861,18.86054197378611,0.05260541357749915,7.193563239026668e-14,1.563401077281796e-11,Sp > Wa
LC-MS/MS,LC-MS/MS,NA,Resiniferatoxin; RTX;,21.01375682226701,20.132579798338057,-0.8811770239289523,16.121661131501988,15.871769576773696,-0.2498915547282916,0.0017889280575387992,0.007068976324335134,Wa > Sp
LC-MS/MS,LC-MS/MS,NA,Resorufin,21.095060310258376,23.35146250667959,2.256402196421213,19.148466258085424,23.360842259037604,4.21237600095218,0.003702198881641717,0.013262822367199998,Wa > Sp
LC-MS/MS,LC-MS/MS,NA,Rhamnetin 3-rhamninoside,20.596390624925252,20.977170848111903,0.38078022318665106,19.086890003581924,19.421211062655036,0.3343210590731118,0.8392593881577861,0.887908137170568,Not significant
LC-MS/MS,LC-MS/MS,NA,Rhamnocitrin 3-(6''-acetylglucoside),17.95361847360547,18.16501553266388,0.21139705905840955,25.15751276376705,25.54877815147595,0.39126538770890207,0.15330072912141748,0.270140744289633,Not significant
LC-MS/MS,LC-MS/MS,NA,Rhapontigenin,22.548718145519224,22.320284076070983,-0.22843406944824096,18.82886038170668,18.496968290785482,-0.33189209092119754,0.7664015090182861,0.8308397368413127,Not significant
LC-MS/MS,LC-MS/MS,NA,Rhizocticin D;,18.62986726505764,21.510666701373747,2.8807994363161065,18.1269499359361,17.868098671839086,-0.2588512640970144,2.25935324518906e-7,3.466113684384158e-6,Sp > Wa
LC-MS/MS,LC-MS/MS,NA,Riboflavin,22.772609725854878,21.872193529188863,-0.9004161966660149,23.781433841383514,22.57778361488985,-1.2036502264936644,0.18077895062149674,0.3057532446309102,Not significant
LC-MS/MS,LC-MS/MS,NA,Riccionidin A;,23.34328152483928,23.82323749187635,0.47995596703706767,20.341371426286152,20.76992408972865,0.428552663442499,0.9361076026616921,0.9521718516933281,Not significant
LC-MS/MS,LC-MS/MS,NA,Rilpivirine,21.981432059901238,20.10136812700896,-1.880063932892277,15.840258243264179,15.801635172947654,-0.03862307031652534,0.008293529112388063,0.025958296053488122,Wa > Sp
LC-MS/MS,LC-MS/MS,NA,Ritodrine,22.91274667599814,22.633371504252025,-0.27937517174611415,24.53909898220841,24.215392957873718,-0.32370602433469386,0.7651129820743856,0.8307304984388001,Not significant
LC-MS/MS,LC-MS/MS,NA,Rogioldiol A,19.60485896703475,19.106094014598217,-0.4987649524365345,16.28454107523044,15.914553386609644,-0.369987688620796,0.6738903183484959,0.7593621464446605,Not significant
LC-MS/MS,LC-MS/MS,NA,Rolicyclidine,20.5214061330967,18.974802033429018,-1.5466040996676824,17.80492042771856,17.456451577900847,-0.34846884981771353,0.07400134416027,0.15282192500159883,Not significant
LC-MS/MS,LC-MS/MS,NA,Rutin,24.30177386156065,24.123346188651173,-0.17842767290947847,23.5316428472767,23.68699074827704,0.15534790100034002,0.30995334565399457,0.4568127106757221,Not significant
LC-MS/MS,LC-MS/MS,NA,S-Adenosylmethionine,23.216547882765546,22.938331645203903,-0.2782162375616437,24.927560249414366,24.56601341513462,-0.3615468342797463,0.5892673906417982,0.6952546109673078,Not significant
LC-MS/MS,LC-MS/MS,NA,S-Decyl GSH; S-Decyl glutathione;,20.20649632727049,18.15201137231069,-2.0544849549598005,20.26147248731302,19.775381289114513,-0.4860911981985083,1.4403469074098651e-4,8.201800730403773e-4,Wa > Sp
LC-MS/MS,LC-MS/MS,NA,S-[(E)-Prop-1-enyl]-L-cysteine S-oxide;,18.29337946523567,18.044401871618486,-0.24897759361718386,20.213929150379066,19.013796376293396,-1.2001327740856702,0.23469561978941214,0.3727686823451808,Not significant
LC-MS/MS,LC-MS/MS,NA,S-aminomethyldihydrolipoamide,18.584421934601966,16.766758032115064,-1.8176639024869026,16.737532179345127,16.273071205607653,-0.46446097373747364,0.15297889099964657,0.269938394943896,Not significant
LC-MS/MS,LC-MS/MS,NA,SNH,19.895768974839005,21.636076824358238,1.7403078495192332,18.060420368464484,18.34447973687494,0.28405936841045687,2.1678075120802666e-8,5.139674537732123e-7,Sp > Wa
LC-MS/MS,LC-MS/MS,NA,"SQDG(22:5(5Z,8Z,11Z,14Z,17Z)/16:1(13Z))",21.440492719796143,20.501811217072984,-0.9386815027231599,24.147444647290246,22.056233440942197,-2.0912112063480492,0.001749827291972241,0.006935485680035872,Sp > Wa
LC-MS/MS,LC-MS/MS,NA,SQMG(16:0/0:0),22.590607046999086,22.277434868241837,-0.3131721787572488,23.921707996044702,23.274144558820407,-0.6475634372242958,0.15052371860054312,0.26741543467998397,Not significant
LC-MS/MS,LC-MS/MS,NA,SSR146977,19.617158016976518,17.066725780431483,-2.550432236545035,16.58029865496245,16.23683272404147,-0.3434659309209813,0.032734893920048774,0.07861197361278749,Not significant
LC-MS/MS,LC-MS/MS,NA,SSR161421,20.603836760285407,21.236504202513213,0.632667442227806,23.71192210646897,22.909578087061224,-0.8023440194077445,0.2427301495240079,0.3822706702648627,Not significant
LC-MS/MS,LC-MS/MS,NA,Safflomin A,21.629138969436063,21.930356269089454,0.3012172996533913,22.74132223661768,25.139491860763478,2.3981696241457975,1.0664853626559713e-4,6.529093487809326e-4,Wa > Sp
LC-MS/MS,LC-MS/MS,NA,Safflomin C,20.297060032260955,21.649469142411697,1.3524091101507416,17.088389361795542,16.73393893271701,-0.35445042907853264,5.373129987864492e-8,1.0779325391038918e-6,Sp > Wa
LC-MS/MS,LC-MS/MS,NA,Safrole,21.08199161534469,21.245819016705745,0.16382740136105411,19.542886177956053,19.621406601765656,0.07852042380960356,0.4278036945319482,0.5611852071907267,Not significant
LC-MS/MS,LC-MS/MS,NA,Saikosaponin A;,20.657827365600205,20.306752518596845,-0.35107484700336045,17.022978738086625,16.71069586281696,-0.31228287526966625,0.8904383708311707,0.9222650004478528,Not significant
LC-MS/MS,LC-MS/MS,NA,Salannin;,22.016525386901357,21.457884491923643,-0.5586408949777137,22.746180070116853,22.133937922116978,-0.6122421479998756,0.8593676713814629,0.9006259265804497,Not significant
LC-MS/MS,LC-MS/MS,NA,Salbutamol,26.233107981896794,24.882236518362628,-1.3508714635341654,20.590423853934375,19.215884980599636,-1.374538873334739,0.9593887596277291,0.9705530974046227,Not significant
LC-MS/MS,LC-MS/MS,NA,Salicin 6-phosphate; Salicin-6P;,18.6216793136824,21.339169118062305,2.7174898043799054,17.215156675349085,17.03450063716837,-0.18065603818071452,2.48944083187961e-6,2.7984748661819064e-5,Sp > Wa
LC-MS/MS,LC-MS/MS,NA,Salicylic acid,21.188722898616636,20.95038250834872,-0.23834039026791487,23.946336253558485,24.867533401431718,0.921197147873233,2.935241045210926e-5,2.112861325851251e-4,Wa > Sp
LC-MS/MS,LC-MS/MS,NA,Salvianin;,19.04513001334572,18.18095634024204,-0.8641736731036787,21.86455505038467,20.533448610175288,-1.331106440209382,0.016589114943123814,0.04554148607543885,Sp > Wa
LC-MS/MS,LC-MS/MS,NA,Salvinorin A,18.15357828870327,18.54479378768327,0.3912154989799994,21.611325911285746,20.82398396271609,-0.787341948569658,0.18025819881344773,0.3052684301983582,Not significant
LC-MS/MS,LC-MS/MS,NA,Sanggenon G,20.69152255475131,20.061485979033293,-0.630036575718016,16.17295900741301,15.858346845962272,-0.31461216145073756,0.10240519405775622,0.19666623424346705,Not significant
LC-MS/MS,LC-MS/MS,NA,Sarcostin;,20.39452946077447,20.73718977487237,0.3426603140978983,17.186034645098303,16.55839307362311,-0.6276415714751913,0.0019181628407380896,0.007533046435474752,Sp > Wa
LC-MS/MS,LC-MS/MS,NA,Sarmentosin epoxide;,20.601102020552247,19.033692265448018,-1.5674097551042294,25.515012760672846,22.913026454957915,-2.601986305714931,0.17259680032553681,0.2951038107933614,Not significant
LC-MS/MS,LC-MS/MS,NA,Sativic acid,19.45217095357008,19.424293295413207,-0.027877658156871377,16.57929344463041,16.515299045079107,-0.06399439955130148,0.8628306832636615,0.9022704177833318,Not significant
LC-MS/MS,LC-MS/MS,NA,Scabraside;,20.70296710427571,19.1290893304259,-1.5738777738498122,16.66035821456658,16.38138296342224,-0.2789752511443382,1.231039386146502e-7,2.140367146046718e-6,Wa > Sp
LC-MS/MS,LC-MS/MS,NA,Schaftoside,20.082505835087897,19.287680648744708,-0.7948251863431892,29.257231263694656,29.10339185738863,-0.15383940630602666,0.5458405419575632,0.6578337030616103,Not significant
LC-MS/MS,LC-MS/MS,NA,Schizonepetoside E;,18.894777635226667,17.992238550434337,-0.9025390847923305,19.795306719118905,20.91128019153282,1.1159734724139163,1.4444877614853377e-7,2.4462494038660786e-6,Wa > Sp
LC-MS/MS,LC-MS/MS,NA,Scopoletin,17.82504161531165,18.03106984808948,0.2060282327778289,24.61522832904182,24.0980659168966,-0.5171624121452183,0.003678791010597372,0.013219645565910362,Sp > Wa
LC-MS/MS,LC-MS/MS,NA,"Scutellarein 6,7-dimethyl ether 4'-glucuronide",27.089620545509593,28.58197374352107,1.4923531980114753,22.39392504184703,23.527480247893504,1.1335552060464735,0.6342133928516742,0.7325433071832768,Not significant
LC-MS/MS,LC-MS/MS,NA,Secoisolariciresinol diglucoside,21.820509011323264,20.284732924643727,-1.5357760866795367,16.414806665621782,16.119479801174904,-0.29532686444687783,0.0010535647451596786,0.00454916697910007,Wa > Sp
LC-MS/MS,LC-MS/MS,NA,Selenodiglutathione; GSSeSG;,16.10956975048411,16.25263361787081,0.14306386738670085,22.83818170013877,19.35610649661951,-3.4820752035192584,8.6548847978724e-8,1.5895732079472688e-6,Sp > Wa
LC-MS/MS,LC-MS/MS,NA,Senaetnine;,20.875162395535266,17.395854811223142,-3.4793075843121244,16.966938744930058,17.07515781130514,0.1082190663750815,0.003360628462590824,0.012172943097828985,Wa > Sp
LC-MS/MS,LC-MS/MS,NA,Serratanidine;,17.89098668356969,15.015476200944834,-2.875510482624856,16.008534473871727,15.580454061958068,-0.4280804119136583,0.003309900776741318,0.012022592236408575,Wa > Sp
LC-MS/MS,LC-MS/MS,NA,Shikimic acid,25.49991158904126,25.424462639616415,-0.07544894942484603,20.26354182901771,20.092324981725547,-0.1712168472921647,0.9186820295236433,0.9419051371284196,Not significant
LC-MS/MS,LC-MS/MS,NA,Shogaol,21.616152358042278,21.420972413381833,-0.19517994466044541,21.735422013679106,21.25785610839136,-0.47756590528774723,0.5246670736750024,0.6436179342165599,Not significant
LC-MS/MS,LC-MS/MS,NA,Sibiricose A5,20.424858427681148,21.708807897487958,1.2839494698068101,19.685339952719495,19.890803558280414,0.2054636055609187,0.033751484800396706,0.08090429444800974,Not significant
LC-MS/MS,LC-MS/MS,NA,Siegesbeckin B,19.915390205214848,20.31388344004359,0.39849323482874155,17.40693779167038,17.06984386848337,-0.3370939231870089,0.09480486674496026,0.18562394329643872,Not significant
LC-MS/MS,LC-MS/MS,NA,Simeconazole,22.040313502494975,21.495554129952996,-0.5447593725419786,23.820427641280247,23.582875257602367,-0.23755238367787967,0.47049410870542074,0.5997305158864796,Not significant
LC-MS/MS,LC-MS/MS,NA,Simvastatin,21.83478439495331,21.483709312724788,-0.35107508222852246,22.358334379661272,22.302948872576483,-0.05538550708478951,0.6510012661905529,0.7453078587466909,Not significant
LC-MS/MS,LC-MS/MS,NA,Sinapinic acid,19.20666199529137,19.07986527024128,-0.1267967250500881,28.3020367105617,27.48675372036843,-0.8152829901932712,0.053257656247584,0.11613375208503267,Not significant
LC-MS/MS,LC-MS/MS,NA,Sinapoyltartronate;,18.072692457128632,18.776720770447454,0.7040283133188225,25.694819284826824,25.09214507612738,-0.6026742086994439,2.845809249323807e-6,3.0924460509318705e-5,Sp > Wa
LC-MS/MS,LC-MS/MS,NA,Solavetivone;,19.34147876118454,19.27773021138676,-0.06374854979777922,18.047703837062073,17.760612965214474,-0.2870908718475995,0.7208543426983054,0.7972807997273877,Not significant
LC-MS/MS,LC-MS/MS,NA,Sophoricoside,25.246626968771324,24.66450826080802,-0.58211870796330345,22.46737046364065,22.80553116558424,0.33816070194359327,0.17469569511868172,0.2966187323369283,Not significant
LC-MS/MS,LC-MS/MS,NA,Soraphen O;,22.1976837004168,20.755224448759584,-1.4424592516572154,19.8063338363189,19.393465787210342,-0.4128680491085568,0.07670672319860632,0.15727290416821169,Not significant
LC-MS/MS,LC-MS/MS,NA,Soularubinone;,18.212848316789962,20.94842832527155,2.7355800084815876,17.563020281438785,16.257359346459623,-1.3056609349791621,5.495830857663976e-9,1.4052085173321227e-7,Sp > Wa
LC-MS/MS,LC-MS/MS,NA,Spinasaponin A;,21.157992430338645,21.1920721885518,0.03407975821315645,18.85712280600949,18.42078515671336,-0.43633764929612795,0.24148326081990362,0.3807668344729799,Not significant
LC-MS/MS,LC-MS/MS,NA,Spinosin 6'''-(E)-ferulate,20.696962763999924,19.442184705529765,-1.2547780584701584,17.964518080096955,17.56845468615303,-0.3960633939439262,0.0026258451810758114,0.009979802205673205,Wa > Sp
LC-MS/MS,LC-MS/MS,NA,Spinosin 6'''-(E)-p-coumarate,21.180181713238,20.80650566388893,-0.3736760493490685,20.97114767917833,20.582844272630403,-0.3883034065479265,0.965350945039644,0.9743170528883096,Not significant
LC-MS/MS,LC-MS/MS,NA,Spironolactone,18.26399767146232,17.48785648457161,-0.7761411868907118,20.438011238855143,21.207678458249358,0.7696672193942149,7.001107718170171e-7,9.039053925241489e-6,Wa > Sp
LC-MS/MS,LC-MS/MS,NA,Stealthin C;,17.855397698137207,18.05298237573691,0.19758467759970344,18.48255249818584,24.994250922262427,6.511698424076588,4.231991156619179e-15,1.8395054894104697e-12,Wa > Sp
LC-MS/MS,LC-MS/MS,NA,Stigmatellin Y;,27.899632788652514,27.88362676522344,-0.016006023429074645,29.527782009538257,29.27208670420749,-0.255695305330768,0.1746427897570333,0.2966187323369283,Not significant
LC-MS/MS,LC-MS/MS,NA,Stiripentol,20.083216599092182,19.457901375607396,-0.6253152234847867,15.60978834851732,15.530858236962306,-0.07893011155501384,0.3548070945133389,0.49483256817689186,Not significant
LC-MS/MS,LC-MS/MS,NA,Streptonigrin;,20.418829435605296,20.32828696175094,-0.09054247385435588,22.9430835709784,22.01087693760418,-0.9322066333742178,7.79394197227901e-8,1.451900047407404e-6,Sp > Wa
LC-MS/MS,LC-MS/MS,NA,Succinic acid,27.676282925940935,27.71921344499794,0.04293051905700551,27.541978970519782,28.166452371165878,0.6244734006460959,6.767978480818904e-5,4.326198009307771e-4,Wa > Sp
LC-MS/MS,LC-MS/MS,NA,"Sugiol; 12-Hydroxyabieta-8,11,13-trien-7-one;",18.893563173229566,20.136935935653568,1.243372762424002,18.73035527117439,18.37746569605673,-0.35288957511765773,1.665335464079552e-7,2.7288807968337697e-6,Sp > Wa
LC-MS/MS,LC-MS/MS,NA,Sulfadimethoxine,21.234277472612398,21.774634292751966,0.5403568201395679,18.926365152197594,24.423005003673204,5.49663985147561,6.013941254593749e-10,2.2406226845686424e-8,Wa > Sp
LC-MS/MS,LC-MS/MS,NA,Sulfometuron methyl;,20.06807626265758,19.187383848693376,-0.880692413964205,18.33276837365872,20.82961208703869,2.4968437133799704,3.4518801935738114e-7,5.057586261146348e-6,Wa > Sp
LC-MS/MS,LC-MS/MS,NA,Sutchuenoside A,21.79612981022704,21.33951523975818,-0.456614570468858,18.273307819877704,18.67354307254887,0.4002352526711661,2.236023020171883e-4,0.0011978766374736445,Wa > Sp
LC-MS/MS,LC-MS/MS,NA,Syringin; Eleutheroside B;,18.379991493165974,21.71877360458522,3.3387821114192455,18.583766443982814,18.936068987968373,0.3523025439855587,8.787661062880966e-12,8.1850785899977e-10,Sp > Wa
LC-MS/MS,LC-MS/MS,NA,"TG(14:1(9Z)/15:1(9Z)/17:2(9Z,12Z))[iso6]",23.659101802439235,22.550503746663864,-1.1085980557753707,23.234042810948207,24.61608998861191,1.3820471776637042,0.18768197727401287,0.3134330320338922,Not significant
LC-MS/MS,LC-MS/MS,NA,"TG(16:1(9Z)/18:4(6Z,9Z,12Z,15Z)/19:1(9Z))[iso6]",23.493790693643707,22.291813155985814,-1.2019775376578927,16.52356644054773,16.342150722037495,-0.18141571851023386,1.4030636922338795e-5,1.1506887136308044e-4,Wa > Sp
LC-MS/MS,LC-MS/MS,NA,TOFA,22.854564918270533,22.53804768907956,-0.3165172291909748,20.950761054003763,20.710628998193457,-0.2401320558103066,0.6817275114523866,0.7663557542533725,Not significant
LC-MS/MS,LC-MS/MS,NA,Tacrolimus; FK506; FK 506;,17.721065311602572,16.304095377948194,-1.4169699336543786,21.03840110876357,19.734389463645726,-1.3040116451178427,0.790622832288745,0.8501270207536721,Not significant
LC-MS/MS,LC-MS/MS,NA,Tamarixetin 5-glucoside-7-glucuronide,15.140303408224968,15.643501972474066,0.5031985642490984,23.261073123378626,22.63775132186582,-0.6233218015128053,9.180930065986029e-7,1.1294276232118663e-5,Sp > Wa
LC-MS/MS,LC-MS/MS,NA,Tanespimycin,16.924603304967476,15.964869698538902,-0.9597336064285749,20.324156737930355,18.20327455964928,-2.120882178281075,0.13249906184111232,0.24467692660133963,Not significant
LC-MS/MS,LC-MS/MS,NA,Taurodeoxycholic Acid,20.0869420024421,18.15524808339097,-1.9316939190511313,22.67281749488929,20.554672561208594,-2.1181449336806963,0.720509607692913,0.7972807997273877,Not significant
LC-MS/MS,LC-MS/MS,NA,Taxifolin 7-rhamnoside,21.37104879969408,20.858394206695888,-0.5126545929981923,20.644915997481316,23.01115483953084,2.3662388420495226,1.0840749847318536e-6,1.3066924281322565e-5,Wa > Sp
LC-MS/MS,LC-MS/MS,NA,Tectoridin,27.3973690833596,28.201912623447353,0.804543540087753,29.30128077021559,29.91670337513056,0.6154226049149685,0.031227341337918265,0.07654220508391997,Not significant
LC-MS/MS,LC-MS/MS,NA,Tentoxin,23.021629727768165,23.303149570214185,0.2815198424460199,17.04362983174563,16.924347869015044,-0.11928196273058589,0.7626412853540986,0.8294280534626727,Not significant
LC-MS/MS,LC-MS/MS,NA,Terpendole G;,20.160678243640298,19.779719743736322,-0.3809584999039757,21.49897145988363,20.904911307555793,-0.5940601523278382,0.643981119613424,0.7392177640632965,Not significant
LC-MS/MS,LC-MS/MS,NA,Terpendole K;,17.327612857332515,16.6348814409051,-0.6927314164274136,22.471393640705063,20.94176402753682,-1.5296296131682432,0.006828090810855826,0.021876733212176896,Sp > Wa
LC-MS/MS,LC-MS/MS,NA,Terpestacin,24.239791577995927,23.348415382806987,-0.8913761951889398,25.669778753429668,24.50775843806534,-1.1620203153643267,0.3855781129419418,0.5252845210625016,Not significant
LC-MS/MS,LC-MS/MS,NA,Tetracenomycin C;,19.126440526503846,20.49214602929818,1.3657055027943343,16.635353979531192,17.34309920796574,0.7077452284345469,0.10557179701173432,0.20111149776593965,Not significant
LC-MS/MS,LC-MS/MS,NA,Tetracenomycin D1;,19.135544885490834,21.166081367319496,2.030536481828662,19.12310794604649,19.332446202540353,0.20933825649386506,1.3727616177312298e-4,7.951838764414451e-4,Sp > Wa
LC-MS/MS,LC-MS/MS,NA,Tetrahydrocorticosterone;,17.226476173508804,18.048858678442866,0.8223825049340618,21.31098911068814,20.946232591469713,-0.3647565192184281,0.1627306881071095,0.2835655991706663,Not significant
LC-MS/MS,LC-MS/MS,NA,Tetrahydropteroyltri-L-glutamate; (6S)-H4PteGlu3;,20.579858772339318,19.514206003445086,-1.0656527688942319,18.448211655353084,18.047020679896335,-0.40119097545674975,0.27375960043876857,0.41850236690756654,Not significant
LC-MS/MS,LC-MS/MS,NA,Tetranorbiotin;,20.49412605319724,21.505637515060172,1.0115114618629342,19.579347526088203,22.997183773740907,3.417836247652705,2.408440131525324e-5,1.7841260583165042e-4,Wa > Sp
LC-MS/MS,LC-MS/MS,NA,Thalicarpine;,18.057115307859007,17.978359875940956,-0.07875543191805079,22.58679530340397,23.645112042723245,1.0583167393192738,4.819381848726962e-4,0.002334624179565234,Wa > Sp
LC-MS/MS,LC-MS/MS,NA,Theasinensin A;,19.94537770810684,20.08536950743507,0.13999179932823225,22.807047271496618,22.597582007871353,-0.2094652636252654,0.04203842716577538,0.09685178272821748,Not significant
LC-MS/MS,LC-MS/MS,NA,Thiethylperazine; Ethylthioperazine;,18.28956032471012,18.701588645094308,0.4120283203841879,20.130253154658426,22.008708287454482,1.8784551327960557,0.022545151945715353,0.057871807356718145,Not significant
LC-MS/MS,LC-MS/MS,NA,Thiophanate-methyl,23.364324614920914,23.268132944002314,-0.09619167091859993,22.56981141426086,20.87487821989132,-1.6949331943695434,1.9177452618709774e-4,0.0010463346533388094,Sp > Wa
LC-MS/MS,LC-MS/MS,NA,Thiosulfate; Hyposulfite;,19.0938774754463,19.289257207185013,0.19537973173871492,21.80168306970123,23.59895221368414,1.7972691439829092,0.003116205731211011,0.011478904727398752,Wa > Sp
LC-MS/MS,LC-MS/MS,NA,Thiosulfuric acid;,18.282949944119355,18.133473906532977,-0.1494760375863784,25.91757185247069,27.708168141445597,1.790596288974907,0.021052465163209744,0.055129909022766,Not significant
LC-MS/MS,LC-MS/MS,NA,Thiram; Tetramethylthioperoxydicarbonic diamide;,21.81438512719351,22.42878451541202,0.6143993882185086,22.214969683508976,23.042931687302513,0.8279620037935373,0.214138487374755,0.3482775119394041,Not significant
LC-MS/MS,LC-MS/MS,NA,Thonningianin B,19.658331495190694,22.894039945759513,3.2357084505688185,17.074531878635575,16.8103453598682,-0.2641865187673744,3.6661233707030422e-6,3.764271555430525e-5,Sp > Wa
LC-MS/MS,LC-MS/MS,NA,Thromboxane B2,17.461993911592845,17.86064802918893,0.3986541175960845,16.8020915699968,16.60645498134491,-0.19563658865189026,0.35010121441297437,0.493451886651812,Not significant
LC-MS/MS,LC-MS/MS,NA,Thymidine,21.417566858591726,20.11243322313696,-1.3051336354547658,20.529181695745212,19.912879922198776,-0.6163017735464358,0.07580020373200193,0.15590451997875476,Not significant
LC-MS/MS,LC-MS/MS,NA,Tiliacorine;,15.038555362709252,14.848383470540034,-0.19017189216921793,21.914575031912065,20.905587803555502,-1.0089872283565633,4.034637616267981e-5,2.813458530274571e-4,Sp > Wa
LC-MS/MS,LC-MS/MS,NA,Tiliroside,21.467109651813892,23.318426785749466,1.8513171339355736,18.80947503765572,19.504307715575145,0.6948326779194254,0.00830108086986545,0.025958296053488122,Sp > Wa
LC-MS/MS,LC-MS/MS,NA,Timosaponin A-I;,20.273724914642276,19.45908846033022,-0.8146364543120548,16.71816561108837,16.340457866528734,-0.3777077445596362,0.0569574496809754,0.12337626974085036,Not significant
LC-MS/MS,LC-MS/MS,NA,Timosaponin A-III,21.08212452814678,19.624671516299646,-1.4574530118471358,17.56748631689667,17.202761395453702,-0.3647249214429671,2.2481379937596613e-5,1.684811461989999e-4,Wa > Sp
LC-MS/MS,LC-MS/MS,NA,Tolycaine,21.686069352693615,22.04104231469746,0.35497296200384554,24.553419890361226,24.22918368128852,-0.3242362090727049,0.3418700447187959,0.48561932278138326,Not significant
LC-MS/MS,LC-MS/MS,NA,Tolylacetate; p-Cresyl acetate; p-Tolyacetate;,17.76795728346869,17.996159668882825,0.22820238541413573,24.320021103832865,23.564408962485295,-0.7556121413475694,3.9848285682044964e-6,4.0595441038583306e-5,Sp > Wa
LC-MS/MS,LC-MS/MS,NA,Tramadol N-Oxide,20.79633032311622,20.56835612537969,-0.22797419773652905,22.10563617850378,21.88521129485497,-0.22042488364881052,0.9589750561063898,0.9705530974046227,Not significant
LC-MS/MS,LC-MS/MS,NA,Traumatic acid,22.107670820871768,20.99973954991179,-1.107931270959977,19.729378121018566,19.412488497227756,-0.31688962379081076,0.02333325400680227,0.05977713796634608,Not significant
LC-MS/MS,LC-MS/MS,NA,Tribuloside;,26.94114524674753,28.361141522618595,1.419996275871064,23.343790476384548,23.71058276412564,0.3667922877410916,0.01922037325617569,0.05135935804519078,Not significant
LC-MS/MS,LC-MS/MS,NA,"Tricin 5,7-diglucoside",20.94156159968098,19.55293855823064,-1.3886230414503409,18.350754035915223,18.105963042415564,-0.2447909934996595,0.015046535245485186,0.0423772828512153,Wa > Sp
LC-MS/MS,LC-MS/MS,NA,Tricin 5-O-beta-D-glucoside,14.69762610816379,14.306247981604962,-0.39137812655882875,22.562277171601174,21.520966394953426,-1.041310776647748,0.025326928402992985,0.06401009082039937,Not significant
LC-MS/MS,LC-MS/MS,NA,Triethyl phosphate,23.603735677485844,23.393204494806255,-0.21053118267958837,24.981704225366315,24.591813210602538,-0.3898910147637764,0.3040180630162792,0.4510120070230126,Not significant
LC-MS/MS,LC-MS/MS,NA,Triethylene glycol diglycidyl ether; Etoglucid;,19.659072513358094,18.6169114767396,-1.042161036618495,20.84594295745052,20.156048028370204,-0.6898949290803174,0.4326928133160385,0.5646870452364056,Not significant
LC-MS/MS,LC-MS/MS,NA,Trifolin,19.446148850399656,19.944701580491255,0.4985527300915997,19.556007132203174,23.02202200341395,3.4660148712107777,0.0013807517345822324,0.0056265633184225975,Wa > Sp
LC-MS/MS,LC-MS/MS,NA,Trigonelline,18.50889996158237,19.188198545977446,0.6792985843950774,23.88412640306468,21.785122480205484,-2.099003922859197,1.5115032992571563e-10,7.58077039319743e-9,Sp > Wa
LC-MS/MS,LC-MS/MS,NA,Triheptanoin,20.41286636694024,20.113010481411358,-0.2998558855288813,15.586404581521162,15.340812446870661,-0.24559213465050078,0.8428818850514249,0.8892540275947071,Not significant
LC-MS/MS,LC-MS/MS,NA,Trolox,20.6754824024985,20.320660092549346,-0.354822309949153,22.016108617395034,21.610210352418314,-0.4058982649767202,0.7365017022492246,0.8077360973364079,Not significant
LC-MS/MS,LC-MS/MS,NA,Trovafloxacin,19.30499397877149,20.17646307344433,0.8714690946728432,18.72945817666612,18.736205448174598,0.006747271508476871,0.017435163226409006,0.04697407613065567,Sp > Wa
LC-MS/MS,LC-MS/MS,NA,Tyrosylalanine,23.005977165787332,22.643757839984044,-0.362219325803288,23.74763625027086,23.59261816014415,-0.15501809012670975,0.4644400077155819,0.5943373602169959,Not significant
LC-MS/MS,LC-MS/MS,NA,UDP-N-acetylglucosamine,22.71083968430383,22.298289098635664,-0.4125505856681677,25.11560665079457,23.985985362671837,-1.1296212881227348,0.09901033858130737,0.19213360680413982,Not significant
LC-MS/MS,LC-MS/MS,NA,UR-12947;,16.29529034235038,16.1433052209705,-0.15198512137988018,21.957835000219966,21.078205978796532,-0.8796290214234332,7.298007542772897e-6,6.56317367984542e-5,Sp > Wa
LC-MS/MS,LC-MS/MS,NA,Uncarine F;,18.759059369222292,19.827585013944017,1.0685256447217242,16.818667073420457,16.617950203703458,-0.20071686971699876,0.10446351994968504,0.20000714114610282,Not significant
LC-MS/MS,LC-MS/MS,NA,Urdamycinone F;,21.71236014397019,20.675939250411616,-1.0364208935585744,20.58467266000031,20.465530726986245,-0.11914193301406684,0.011328242576750044,0.033803268467007,Wa > Sp
LC-MS/MS,LC-MS/MS,NA,Uridine,25.87748514261005,25.680263558751594,-0.1972215838584539,24.924734849542006,24.307248316079768,-0.6174865334622375,0.15078275179304665,0.2675111678069835,Not significant
LC-MS/MS,LC-MS/MS,NA,Uridine 5'-diphosphate (UDP),22.771071689499546,22.59674100782459,-0.1743306816749559,24.325254578992404,23.971185795939913,-0.35406878305249023,0.6734623656301739,0.7593621464446605,Not significant
LC-MS/MS,LC-MS/MS,NA,Uridine 5'-diphosphogalactose,25.904608386623877,25.872933287259617,-0.03167509936426072,28.723007384171638,28.637231097241674,-0.08577628692996342,0.9090831101940888,0.9341563244232401,Not significant
LC-MS/MS,LC-MS/MS,NA,Uridine 5'-diphosphoglucuronic acid,21.14489046754366,20.895021622537644,-0.24986884500601647,22.28657411975367,22.367482520156763,0.08090840040309288,0.5355600277503823,0.6506539740514509,Not significant
LC-MS/MS,LC-MS/MS,NA,Uridine monophosphate (UMP),20.705866122411113,20.793732728835284,0.08786660642417132,25.639268722993393,24.30621499059052,-1.333053732402874,3.355074769064028e-4,0.0016957432166122065,Sp > Wa
LC-MS/MS,LC-MS/MS,NA,Valerophenone,23.30068338463348,22.808574036262208,-0.4921093483712724,24.737867945534315,24.320565490797026,-0.417302454737289,0.8559391604710788,0.8979442198345027,Not significant
LC-MS/MS,LC-MS/MS,NA,Valerosidatum; Valerosidate;,22.458108927119007,20.975262242234837,-1.4828466848841693,20.767833953406313,20.302624760396565,-0.4652091930097484,0.3554863423120237,0.4952502033919646,Not significant
LC-MS/MS,LC-MS/MS,NA,Valine;,23.626457988859233,22.700056858843162,-0.926401130016071,24.53461407172113,23.598189162962267,-0.9364249087588625,0.9793657047704265,0.9838928189681327,Not significant
LC-MS/MS,LC-MS/MS,NA,Valylproline,22.853953398175086,21.70335123583727,-1.1506021623378153,24.02340400761751,23.194189813278822,-0.8292141943386895,0.49459414267272395,0.6201449635050308,Not significant
LC-MS/MS,LC-MS/MS,NA,Vanillic acid,16.706409201246984,17.103454219463753,0.39704501821676885,23.067328293581173,21.484208947309334,-1.5831193462718396,1.5398522385367275e-9,5.019918297629732e-8,Sp > Wa
LC-MS/MS,LC-MS/MS,NA,Vanillin,20.940143906720266,20.84260027402482,-0.09754363269544442,23.500487530964854,25.049739866824385,1.5492523358595314,4.8587412551839696e-5,3.317172040188427e-4,Wa > Sp
LC-MS/MS,LC-MS/MS,NA,Vanillylamine;,16.139790127232878,19.502379035774272,3.362588908541394,17.5020728341197,17.531228421937335,0.029155587817633943,1.4593943615616827e-9,4.879616019170345e-8,Sp > Wa
LC-MS/MS,LC-MS/MS,NA,Variabiloside D,15.101142417449427,15.521258661914707,0.4201162444652802,21.7418326684016,20.469088984790606,-1.2727436836109938,6.945968548365084e-9,1.7418351898207826e-7,Sp > Wa
LC-MS/MS,LC-MS/MS,NA,Verproside,21.19046815770549,23.428642754006198,2.238174596300709,18.129629443983404,18.41759742583445,0.2879679818510468,2.06316887179463e-5,1.5825718875412927e-4,Sp > Wa
LC-MS/MS,LC-MS/MS,NA,Versiconal;,23.447691099780307,23.952622313132277,0.5049312133519699,21.202719177246138,21.535595031304247,0.33287585405810916,0.417293354610904,0.5535610726476284,Not significant
LC-MS/MS,LC-MS/MS,NA,Vicenin II,21.837040849034533,21.135230392559194,-0.7018104564753394,29.667136084693986,29.815316770338473,0.14818068564448694,0.13327242457987026,0.24477440038077325,Not significant
LC-MS/MS,LC-MS/MS,NA,Vicenin III,20.704826643358427,19.703689694449185,-1.0011369489092417,30.065268660692105,29.942967748631986,-0.12230091206011906,0.360855201304661,0.4992730792857483,Not significant
LC-MS/MS,LC-MS/MS,NA,Villosin,18.842814528757035,18.05531251299988,-0.7875020157571555,16.071844754088037,15.575512865688301,-0.49633188839973563,0.5821086379945402,0.6888109473184032,Not significant
LC-MS/MS,LC-MS/MS,NA,Vindoline;,21.897610083056826,21.6416249179538,-0.25598516510302716,24.01470870844519,23.35436012859493,-0.6603485798502611,0.1730975303092174,0.2951038107933614,Not significant
LC-MS/MS,LC-MS/MS,NA,Vitamin D3 glucosiduronate,23.143595662009965,21.965991118157135,-1.17760454385283,17.93098457362733,17.88322868876079,-0.04775588486653959,0.5045951222942242,0.6266817848626088,Not significant
LC-MS/MS,LC-MS/MS,NA,Vitexin,31.09776440923567,30.550591884659614,-0.5471725245760553,27.204903510546316,27.3222510651835,0.11734755463718471,0.586215433535453,0.6924138816397017,Not significant
LC-MS/MS,LC-MS/MS,NA,Vitexin rhamnoside,16.31138263427546,20.588698292059362,4.277315657783902,15.980153348967502,15.589104290389026,-0.39104905857847605,6.716672149982205e-12,6.737338833520612e-10,Sp > Wa
LC-MS/MS,LC-MS/MS,NA,Viviparum A,23.931738457348082,24.81615620501956,0.8844177476714776,22.261547995130265,22.73244664498788,0.47089864985761665,0.12040345167096966,0.22498943026329457,Not significant
LC-MS/MS,LC-MS/MS,NA,WLK,18.66993525953139,16.095897865503964,-2.5740373940274246,16.00688789756355,15.647189613170248,-0.3596982843933034,0.02662175515877658,0.0668878010155003,Not significant
LC-MS/MS,LC-MS/MS,NA,WMH,22.118068224127576,22.29444981027779,0.17638158615021382,23.37155672460251,22.591030627501485,-0.7805260971010242,7.301461531157508e-8,1.3798704111057087e-6,Sp > Wa
LC-MS/MS,LC-MS/MS,NA,Warfarin;,20.061713395325175,20.619922814192083,0.5582094188669089,16.642066277975243,16.563875045241605,-0.07819123273363715,0.00471084101056765,0.015997230931719314,Sp > Wa
LC-MS/MS,LC-MS/MS,NA,Wogonin 7-glucuronide,18.084990763700514,18.789019077019336,0.7040283133188225,19.708781001008436,21.68162541215024,1.9728444111418035,5.262348576388734e-4,0.0024862690375401842,Wa > Sp
LC-MS/MS,LC-MS/MS,NA,Xanthosine;,20.713465175043037,20.81373991761398,0.10027474257094227,19.98425705647068,19.698665367028564,-0.2855916894421142,0.3357068187681368,0.48110086024401383,Not significant
LC-MS/MS,LC-MS/MS,NA,Xestoaminol C,18.797237274639194,17.801336565739703,-0.9959007088994909,21.267406489748954,19.338545264393268,-1.9288612253556856,0.3200890265713377,0.46529832853324327,Not significant
LC-MS/MS,LC-MS/MS,NA,Z-Petromylidene B,22.65030295965609,21.875556565863064,-0.774746393793027,16.653849050590818,16.55136117336481,-0.10248787722600738,0.3123825046956473,0.45769301811586977,Not significant
LC-MS/MS,LC-MS/MS,NA,Zearalanone; (S)-Zearalanone;,18.636886170175462,20.259371269628463,1.6224850994530016,17.54010505147457,17.25426541230803,-0.2858396391665394,6.264852530583296e-4,0.002907248291772462,Sp > Wa
LC-MS/MS,LC-MS/MS,NA,Zinc protoporphyrin-9; Zinc protoporphyrin;,17.507392337864754,17.256122001533562,-0.2512703363311921,24.2305826514028,23.52185579519302,-0.708726856209779,0.21209928326972444,0.3465883024858655,Not significant
LC-MS/MS,LC-MS/MS,NA,Zizybeoside II;,20.91306948197551,20.6894303189401,-0.22363916303540776,22.328745903424842,21.672631006138502,-0.65611489728634,0.032066986375448,0.07772369931892971,Not significant
LC-MS/MS,LC-MS/MS,NA,alpha-Asaron;,20.069314884234238,17.505900080357414,-2.5634148038768245,17.194714861267233,16.666730508547623,-0.52798435271961,0.006296719466024136,0.02052730545923868,Wa > Sp
LC-MS/MS,LC-MS/MS,NA,alpha-Aspartylphenylalanine,22.483403336354705,21.61515163346096,-0.868251702893744,22.9985262254645,22.20936275352601,-0.7891634719384903,0.8402707184348857,0.887908137170568,Not significant
LC-MS/MS,LC-MS/MS,NA,alpha-D-Galactosamine 1-phosphate;,22.5414095604886,24.07421630267077,1.5328067421821707,20.907936209502864,24.112389032876475,3.204452823373611,0.015469041975160136,0.04300987363669257,Wa > Sp
LC-MS/MS,LC-MS/MS,NA,"alpha-D-Glucose-1,6-bisphosphate",24.12156745340944,24.6032590200959,0.48169156668646096,26.13474128848848,25.326693339806955,-0.8080479486815264,0.0012834862170896643,0.005296411478116842,Sp > Wa
LC-MS/MS,LC-MS/MS,NA,alpha-Linolenic acid,22.52494429453928,22.02531012284835,-0.49963417169093205,23.430332357791453,23.23844558328576,-0.19188677450569358,0.29521613647978145,0.4444137481049791,Not significant
LC-MS/MS,LC-MS/MS,NA,alpha-Sanshool;,18.70457051336253,17.029076872759006,-1.6754936406035235,16.202335385158115,15.634263108171359,-0.5680722769867561,0.21274409223016894,0.34677287033517534,Not significant
LC-MS/MS,LC-MS/MS,NA,alpha-Santonin;,17.27602541248052,18.840499403812302,1.5644739913317807,16.930299817142654,15.878944241626472,-1.0513555755161814,3.0839397551760394e-4,0.001583950244386609,Sp > Wa
LC-MS/MS,LC-MS/MS,NA,antiogenin,20.02707867337382,20.861645033521107,0.8345663601472886,17.491568748723015,16.693715561077703,-0.7978531876453125,0.002473383462954547,0.009486153046155087,Sp > Wa
LC-MS/MS,LC-MS/MS,NA,ascr#21,20.936129318586463,20.61248663873387,-0.3236426798525933,18.51835283072766,18.077348490035984,-0.44100434069167704,0.7769675863332782,0.8401042558694816,Not significant
LC-MS/MS,LC-MS/MS,NA,ascr#4,24.04925317753014,23.500794270568893,-0.5484589069612475,21.9986859413183,21.66345139695361,-0.33523454436468825,0.3491787207710185,0.4927803591833421,Not significant
LC-MS/MS,LC-MS/MS,NA,"beta-2,3,5,6-Tetrachloro-1,4-cyclohexanediol;",20.966736744646237,20.728911351169565,-0.23782539347667253,21.770370111537613,21.424858294258765,-0.3455118172788474,0.4919201673530883,0.6191736469386362,Not significant
LC-MS/MS,LC-MS/MS,NA,beta-Alanyl-L-arginine;,21.960145354405796,21.650122001147345,-0.3100233532584511,23.052524627741498,22.917358842647825,-0.1351657850936725,0.7379395299457012,0.8086328966799954,Not significant
LC-MS/MS,LC-MS/MS,NA,beta-Asarone,21.266503271917955,17.941256188234913,-3.325247083683042,17.213941571644124,16.933997454809237,-0.27994411683488707,0.03116884467125898,0.07654220508391997,Not significant
LC-MS/MS,LC-MS/MS,NA,"beta-Estradiol 3,17-disulfate",21.685871908045637,22.629541100497597,0.94366919245196,27.200756508952544,27.11773297533747,-0.08302353361507286,0.10988050425332768,0.2082618859685164,Not significant
LC-MS/MS,LC-MS/MS,NA,beta-Funaltrexamine; beta-FNA;,23.48847470833202,23.404397209172718,-0.08407749915930296,23.947644525241145,24.0981084640664,0.15046393882525422,0.3384643133097738,0.4839445883288871,Not significant
LC-MS/MS,LC-MS/MS,NA,beta-Ionone; trans-beta-Ionone;,22.607024762440794,23.533719113005564,0.9266943505647696,17.974895248864577,18.155177446439914,0.18028219757533748,0.024251283271856484,0.06188585789921889,Not significant
LC-MS/MS,LC-MS/MS,NA,beta-Paxitriol; 10beta-Hydroxypaxilline;,21.092256308497365,20.80188888580501,-0.2903674226923556,22.98114348549136,22.451924797320707,-0.5292186881706513,0.0839997843019341,0.16851649035341854,Not significant
LC-MS/MS,LC-MS/MS,NA,bhos#10,21.22344604871018,20.30956771430291,-0.9138783344072685,18.798367421856582,18.599833494905113,-0.19853392695146965,0.014374203234494088,0.04119551872039624,Wa > Sp
LC-MS/MS,LC-MS/MS,NA,catechin 3-tetradecanoate,19.632485956680235,19.90415520049955,0.27166924381931423,21.726030360933116,20.470799659503772,-1.255230701429344,3.0838864080713202e-6,3.3234610546487615e-5,Sp > Wa
LC-MS/MS,LC-MS/MS,NA,cis-(Homo)2-aconitate;,19.922883351237463,20.932175301022184,1.0092919497847213,20.821959074982757,21.09687050412424,0.2749114291414827,0.1797641748503061,0.30482767750949175,Not significant
LC-MS/MS,LC-MS/MS,NA,cis-11-Methyl-2-dodecenoic acid;,18.70060192832114,19.300972469524275,0.6003705412031337,16.43933629052039,16.42777037513604,-0.011565915384352365,1.1259754437853576e-4,6.797555456926418e-4,Sp > Wa
LC-MS/MS,LC-MS/MS,NA,cis-Aconitic acid,28.681170048208866,29.420231332904503,0.7390612846956373,29.33337112919165,29.759355285537296,0.42598415634564546,0.08660052240385982,0.1726713780040263,Not significant
LC-MS/MS,LC-MS/MS,NA,cis-Chlorobenzene dihydrodiol;,20.382011486592518,20.429200379497967,0.047188892905449364,22.75655922134096,21.27545040026327,-1.4811088210776902,4.2066311999123526e-4,0.00209865426046027,Sp > Wa
LC-MS/MS,LC-MS/MS,NA,cis-Dihydroquercetin;,18.02144584617793,21.670160677659783,3.648714831481854,18.07617146768237,18.2663203378897,0.1901488702073273,4.428651631144296e-6,4.309672930606092e-5,Sp > Wa
LC-MS/MS,LC-MS/MS,NA,cis-Zeatin riboside;,19.790114187778904,18.893713172932806,-0.8964010148460986,18.538904987599903,18.192863694426745,-0.34604129317315824,0.3027774129767542,0.4503963258724082,Not significant
LC-MS/MS,LC-MS/MS,NA,dTDP-2-deoxy-beta-L-fucose; dTDP-L-2-deoxyfucose;,18.624215419181663,22.169589113190646,3.5453736940089833,19.689829972202283,19.73852045578621,0.04869048358392902,4.8812637935844845e-6,4.57380236258667e-5,Sp > Wa
LC-MS/MS,LC-MS/MS,NA,"dTDP-3,4-dioxo-2,6-dideoxy-L-glucose;",20.514425224329983,19.640334187494656,-0.8740910368353276,19.208814361080048,19.042022485116785,-0.16679187596326273,0.007186566862988703,0.022856788266676267,Wa > Sp
LC-MS/MS,LC-MS/MS,NA,dasc#1,23.913103149679056,22.70266815175488,-1.2104349979241746,16.739917950831067,16.81620543157477,0.07628748074370151,0.16409042668372992,0.2849186636425883,Not significant
LC-MS/MS,LC-MS/MS,NA,delta-Guanidinovaleric acid;,20.310576958415712,20.106493708406987,-0.20408325000872551,19.80115294337002,19.594127273749233,-0.20702566962078706,0.9876457376285088,0.9893858952445125,Not significant
LC-MS/MS,LC-MS/MS,NA,dhas#18,17.31676085096614,17.399009856851468,0.08224900588532691,22.82774843187303,22.681135007343453,-0.14661342452957626,0.052208757742895226,0.11442053797770653,Not significant
LC-MS/MS,LC-MS/MS,NA,diethyl 2-(acetylamino)malonate,22.504721507416427,21.698474917641082,-0.8062465897753448,19.091306281393674,19.67193735377786,0.5806310723841861,5.216497884970013e-4,0.00247356845163669,Wa > Sp
LC-MS/MS,LC-MS/MS,NA,geodisterol-O-sulfite,22.885000861211278,22.148742325046918,-0.7362585361643603,17.612435340584383,16.992335986390714,-0.6200993541936697,0.8302348476635122,0.8823359750229991,Not significant
LC-MS/MS,LC-MS/MS,NA,glas#1,23.978677097132095,24.194847347640096,0.2161702505080001,18.107912065784408,18.144334255938126,0.0364221901537185,0.811349295262623,0.8665024414598365,Not significant
LC-MS/MS,LC-MS/MS,NA,glas#10,19.690127855990752,19.096897761671947,-0.5932300943188054,16.86199454176219,16.78159210668529,-0.08040243507689837,0.33825187942053936,0.4839445883288871,Not significant
LC-MS/MS,LC-MS/MS,NA,glas#20,21.54819107150514,20.907451384430722,-0.6407396870744186,16.59245780151016,16.446658789133757,-0.14579901237640414,0.046424329386577125,0.10460339241208093,Not significant
LC-MS/MS,LC-MS/MS,NA,glas#24,20.27923150094453,20.263790666788662,-0.015440834155867833,17.603693925890845,15.919449852371496,-1.6842440735193485,0.004405500738515556,0.015157712303494155,Sp > Wa
LC-MS/MS,LC-MS/MS,NA,glas#3,24.04387920987339,23.318107420239276,-0.7257717896341127,19.51418976964056,19.163880866847073,-0.35030890279348625,0.41648897330727264,0.553056640725747,Not significant
LC-MS/MS,LC-MS/MS,NA,hellebrigenin-3-(14-hydroxymyristate),20.779134026033372,20.901705794945684,0.12257176891231225,16.20978645288297,15.818032494701935,-0.39175395818103453,0.3434213037378233,0.4870862493952004,Not significant
LC-MS/MS,LC-MS/MS,NA,karalicin,17.786841775686852,18.179133804622808,0.3922920289359553,20.774464846571853,19.851180672611406,-0.9232841739604467,0.038313181322306544,0.08921497936479954,Not significant
LC-MS/MS,LC-MS/MS,NA,"methyl 10,13-dihydroxy-9-oxo-11-octadecenoate",19.07582098339,19.48139254814167,0.40557156475167133,17.22093366427319,16.85268930681799,-0.36824435745520034,0.04931367554725681,0.1101113577288063,Not significant
LC-MS/MS,LC-MS/MS,NA,methyl 9-(alpha-D-galactosyloxy)nonanoate,18.08662349299948,17.464581183658318,-0.6220423093411611,21.879368795697875,21.06724219449758,-0.8121266012002941,0.728116914616397,0.8035147400159846,Not significant
LC-MS/MS,LC-MS/MS,NA,oscr#20,19.925896820057066,18.79724518819453,-1.1286516318625353,16.275323353206062,16.087625807159124,-0.18769754604693745,0.012355509225638385,0.03624026256967821,Wa > Sp
LC-MS/MS,LC-MS/MS,NA,p-Coumaryl alcohol 4-glucoside,18.309376225116196,17.8569596560466,-0.4524165690695945,24.94134345184731,24.73012607113889,-0.211217380708419,0.21959863227345647,0.3552317212285828,Not significant
LC-MS/MS,LC-MS/MS,NA,pre-putrebactin,22.463960784314715,20.91627992850541,-1.547680855809304,21.664638523085873,21.929897748787912,0.26525922570203875,0.08111406464249309,0.16475504718662146,Not significant
LC-MS/MS,LC-MS/MS,NA,steviol-19-O-beta-D-glucoside,18.506712187026924,19.8147708140632,1.3080586270362744,17.768119697110322,19.00749799761629,1.2393783005059689,0.6648435442564362,0.7569910511355846,Not significant
LC-MS/MS,LC-MS/MS,NA,trans-Cinnamic acid,15.791382413813839,16.075763527173883,0.2843811133600447,19.383078492844508,23.572428293290795,4.189349800446287,4.129020420157567e-12,5.038686958340821e-10,Wa > Sp
