date,batch,day,PhotoID,plate,well,wellID,sample,light,temp,sampleID,start_time,photo_time,elapsed_time,Processed_File,Binary_File,Frond_Pixel_Count,frond_area,Hole_Filled_Pixel_Count,Small_Component_Removed_Pixel_Count,Small_Component_Removed_Count,Thin_Crescent_Removed_Pixel_Count,Thin_Crescent_Removed_Count,Mask_Cleanup_Profile,source_path,split_image_path,binary_image_path
03112025,batch5L,Day0,B0000614.jpg,P39,y0-x0,P39_y0-x0,Lp,PFD100,25,Lp_PFD100_25_P39_y0-x0,2025-11-03 12:11:48,2025-11-03 12:11:48,0.0,cropped_B0000614_y0-x0.jpg,binary_cropped_B0000614_y0-x0.jpg,83001,132.8016,0,0,0,5220,1,lab_threshold_L0-255_a90-135_b155-255+remove_thin_crescent_components,photos/03112025/Day0/B0000614.JPG,processed/split_wells/03112025/cropped_B0000614_y0-x0.jpg,processed/binary_wells/03112025/binary_cropped_B0000614_y0-x0.jpg
03112025,batch5L,Day0,B0000614.jpg,P39,y0-x1,P39_y0-x1,Wa,PFD100,25,Wa_PFD100_25_P39_y0-x1,2025-11-03 12:11:48,2025-11-03 12:11:48,0.0,cropped_B0000614_y0-x1.jpg,binary_cropped_B0000614_y0-x1.jpg,28516,45.625600000000006,0,0,0,0,0,lab_threshold_L0-255_a90-135_b155-255+remove_thin_crescent_components,photos/03112025/Day0/B0000614.JPG,processed/split_wells/03112025/cropped_B0000614_y0-x1.jpg,processed/binary_wells/03112025/binary_cropped_B0000614_y0-x1.jpg
03112025,batch5L,Day0,B0000614.jpg,P39,y0-x2,P39_y0-x2,Lp,PFD100,25,Lp_PFD100_25_P39_y0-x2,2025-11-03 12:11:48,2025-11-03 12:11:48,0.0,cropped_B0000614_y0-x2.jpg,binary_cropped_B0000614_y0-x2.jpg,87046,139.27360000000002,0,0,0,11811,3,lab_threshold_L0-255_a90-135_b155-255+remove_thin_crescent_components,photos/03112025/Day0/B0000614.JPG,processed/split_wells/03112025/cropped_B0000614_y0-x2.jpg,processed/binary_wells/03112025/binary_cropped_B0000614_y0-x2.jpg
03112025,batch5L,Day0,B0000614.jpg,P39,y1-x0,P39_y1-x0,Wa,PFD100,25,Wa_PFD100_25_P39_y1-x0,2025-11-03 12:11:48,2025-11-03 12:11:48,0.0,cropped_B0000614_y1-x0.jpg,binary_cropped_B0000614_y1-x0.jpg,27534,44.0544,0,0,0,0,0,lab_threshold_L0-255_a90-135_b155-255+remove_thin_crescent_components,photos/03112025/Day0/B0000614.JPG,processed/split_wells/03112025/cropped_B0000614_y1-x0.jpg,processed/binary_wells/03112025/binary_cropped_B0000614_y1-x0.jpg
03112025,batch5L,Day0,B0000614.jpg,P39,y1-x1,P39_y1-x1,Lp,PFD100,25,Lp_PFD100_25_P39_y1-x1,2025-11-03 12:11:48,2025-11-03 12:11:48,0.0,cropped_B0000614_y1-x1.jpg,binary_cropped_B0000614_y1-x1.jpg,90682,145.09120000000001,0,0,0,0,0,lab_threshold_L0-255_a90-135_b155-255+remove_thin_crescent_components,photos/03112025/Day0/B0000614.JPG,processed/split_wells/03112025/cropped_B0000614_y1-x1.jpg,processed/binary_wells/03112025/binary_cropped_B0000614_y1-x1.jpg
03112025,batch5L,Day0,B0000614.jpg,P39,y1-x2,P39_y1-x2,Wa,PFD100,25,Wa_PFD100_25_P39_y1-x2,2025-11-03 12:11:48,2025-11-03 12:11:48,0.0,cropped_B0000614_y1-x2.jpg,binary_cropped_B0000614_y1-x2.jpg,25225,40.36,0,0,0,8442,1,lab_threshold_L0-255_a90-135_b155-255+remove_thin_crescent_components,photos/03112025/Day0/B0000614.JPG,processed/split_wells/03112025/cropped_B0000614_y1-x2.jpg,processed/binary_wells/03112025/binary_cropped_B0000614_y1-x2.jpg
03112025,batch5L,Day0,B0000615.jpg,P40,y0-x0,P40_y0-x0,Lp,PFD100,25,Lp_PFD100_25_P40_y0-x0,2025-11-03 12:11:48,2025-11-03 12:12:13,0.006944444444444444,cropped_B0000615_y0-x0.jpg,binary_cropped_B0000615_y0-x0.jpg,71675,114.68,0,0,0,7872,2,lab_threshold_L0-255_a90-135_b155-255+remove_thin_crescent_components,photos/03112025/Day0/B0000615.JPG,processed/split_wells/03112025/cropped_B0000615_y0-x0.jpg,processed/binary_wells/03112025/binary_cropped_B0000615_y0-x0.jpg
03112025,batch5L,Day0,B0000615.jpg,P40,y0-x1,P40_y0-x1,Wa,PFD100,25,Wa_PFD100_25_P40_y0-x1,2025-11-03 12:11:48,2025-11-03 12:12:13,0.006944444444444444,cropped_B0000615_y0-x1.jpg,binary_cropped_B0000615_y0-x1.jpg,41535,66.456,0,0,0,0,0,lab_threshold_L0-255_a90-135_b155-255+remove_thin_crescent_components,photos/03112025/Day0/B0000615.JPG,processed/split_wells/03112025/cropped_B0000615_y0-x1.jpg,processed/binary_wells/03112025/binary_cropped_B0000615_y0-x1.jpg
03112025,batch5L,Day0,B0000615.jpg,P40,y0-x2,P40_y0-x2,Lp,PFD100,25,Lp_PFD100_25_P40_y0-x2,2025-11-03 12:11:48,2025-11-03 12:12:13,0.006944444444444444,cropped_B0000615_y0-x2.jpg,binary_cropped_B0000615_y0-x2.jpg,68502,109.6032,0,0,0,1234,1,lab_threshold_L0-255_a90-135_b155-255+remove_thin_crescent_components,photos/03112025/Day0/B0000615.JPG,processed/split_wells/03112025/cropped_B0000615_y0-x2.jpg,processed/binary_wells/03112025/binary_cropped_B0000615_y0-x2.jpg
03112025,batch5L,Day0,B0000615.jpg,P40,y1-x0,P40_y1-x0,Wa,PFD100,25,Wa_PFD100_25_P40_y1-x0,2025-11-03 12:11:48,2025-11-03 12:12:13,0.006944444444444444,cropped_B0000615_y1-x0.jpg,binary_cropped_B0000615_y1-x0.jpg,28785,46.056000000000004,0,0,0,2764,1,lab_threshold_L0-255_a90-135_b155-255+remove_thin_crescent_components,photos/03112025/Day0/B0000615.JPG,processed/split_wells/03112025/cropped_B0000615_y1-x0.jpg,processed/binary_wells/03112025/binary_cropped_B0000615_y1-x0.jpg
03112025,batch5L,Day0,B0000615.jpg,P40,y1-x1,P40_y1-x1,Lp,PFD100,25,Lp_PFD100_25_P40_y1-x1,2025-11-03 12:11:48,2025-11-03 12:12:13,0.006944444444444444,cropped_B0000615_y1-x1.jpg,binary_cropped_B0000615_y1-x1.jpg,76065,121.70400000000001,0,0,0,0,0,lab_threshold_L0-255_a90-135_b155-255+remove_thin_crescent_components,photos/03112025/Day0/B0000615.JPG,processed/split_wells/03112025/cropped_B0000615_y1-x1.jpg,processed/binary_wells/03112025/binary_cropped_B0000615_y1-x1.jpg
03112025,batch5L,Day0,B0000615.jpg,P40,y1-x2,P40_y1-x2,Wa,PFD100,25,Wa_PFD100_25_P40_y1-x2,2025-11-03 12:11:48,2025-11-03 12:12:13,0.006944444444444444,cropped_B0000615_y1-x2.jpg,binary_cropped_B0000615_y1-x2.jpg,34517,55.2272,0,0,0,0,0,lab_threshold_L0-255_a90-135_b155-255+remove_thin_crescent_components,photos/03112025/Day0/B0000615.JPG,processed/split_wells/03112025/cropped_B0000615_y1-x2.jpg,processed/binary_wells/03112025/binary_cropped_B0000615_y1-x2.jpg
03112025,batch5L,Day0,B0000616.jpg,P43,y0-x0,P43_y0-x0,Wh,PFD100,25,Wh_PFD100_25_P43_y0-x0,2025-11-03 12:11:48,2025-11-03 12:12:35,0.013055555555555556,cropped_B0000616_y0-x0.jpg,binary_cropped_B0000616_y0-x0.jpg,79606,127.3696,0,0,0,0,0,lab_threshold_L0-255_a90-135_b155-255+remove_thin_crescent_components,photos/03112025/Day0/B0000616.JPG,processed/split_wells/03112025/cropped_B0000616_y0-x0.jpg,processed/binary_wells/03112025/binary_cropped_B0000616_y0-x0.jpg
03112025,batch5L,Day0,B0000616.jpg,P43,y0-x2,P43_y0-x2,Wh,PFD100,25,Wh_PFD100_25_P43_y0-x2,2025-11-03 12:11:48,2025-11-03 12:12:35,0.013055555555555556,cropped_B0000616_y0-x2.jpg,binary_cropped_B0000616_y0-x2.jpg,52475,83.96000000000001,0,0,0,2604,1,lab_threshold_L0-255_a90-135_b155-255+remove_thin_crescent_components,photos/03112025/Day0/B0000616.JPG,processed/split_wells/03112025/cropped_B0000616_y0-x2.jpg,processed/binary_wells/03112025/binary_cropped_B0000616_y0-x2.jpg
03112025,batch5L,Day0,B0000616.jpg,P43,y1-x1,P43_y1-x1,Wh,PFD100,25,Wh_PFD100_25_P43_y1-x1,2025-11-03 12:11:48,2025-11-03 12:12:35,0.013055555555555556,cropped_B0000616_y1-x1.jpg,binary_cropped_B0000616_y1-x1.jpg,58151,93.0416,0,0,0,0,0,lab_threshold_L0-255_a90-135_b155-255+remove_thin_crescent_components,photos/03112025/Day0/B0000616.JPG,processed/split_wells/03112025/cropped_B0000616_y1-x1.jpg,processed/binary_wells/03112025/binary_cropped_B0000616_y1-x1.jpg
03112025,batch5L,Day0,B0000618.jpg,P41,y0-x0,P41_y0-x0,Wa,PFD1000,25,Wa_PFD1000_25_P41_y0-x0,2025-11-03 12:11:48,2025-11-03 12:13:14,0.02388888888888889,cropped_B0000618_y0-x0.jpg,binary_cropped_B0000618_y0-x0.jpg,34592,55.3472,0,0,0,0,0,lab_threshold_L0-255_a90-135_b155-255+remove_thin_crescent_components,photos/03112025/Day0/B0000618.JPG,processed/split_wells/03112025/cropped_B0000618_y0-x0.jpg,processed/binary_wells/03112025/binary_cropped_B0000618_y0-x0.jpg
03112025,batch5L,Day0,B0000618.jpg,P41,y0-x1,P41_y0-x1,Lp,PFD1000,25,Lp_PFD1000_25_P41_y0-x1,2025-11-03 12:11:48,2025-11-03 12:13:14,0.02388888888888889,cropped_B0000618_y0-x1.jpg,binary_cropped_B0000618_y0-x1.jpg,70053,112.0848,0,0,0,0,0,lab_threshold_L0-255_a90-135_b155-255+remove_thin_crescent_components,photos/03112025/Day0/B0000618.JPG,processed/split_wells/03112025/cropped_B0000618_y0-x1.jpg,processed/binary_wells/03112025/binary_cropped_B0000618_y0-x1.jpg
03112025,batch5L,Day0,B0000618.jpg,P41,y0-x2,P41_y0-x2,Wa,PFD1000,25,Wa_PFD1000_25_P41_y0-x2,2025-11-03 12:11:48,2025-11-03 12:13:14,0.02388888888888889,cropped_B0000618_y0-x2.jpg,binary_cropped_B0000618_y0-x2.jpg,24068,38.5088,0,0,0,1055,1,lab_threshold_L0-255_a90-135_b155-255+remove_thin_crescent_components,photos/03112025/Day0/B0000618.JPG,processed/split_wells/03112025/cropped_B0000618_y0-x2.jpg,processed/binary_wells/03112025/binary_cropped_B0000618_y0-x2.jpg
03112025,batch5L,Day0,B0000618.jpg,P41,y1-x0,P41_y1-x0,Lp,PFD1000,25,Lp_PFD1000_25_P41_y1-x0,2025-11-03 12:11:48,2025-11-03 12:13:14,0.02388888888888889,cropped_B0000618_y1-x0.jpg,binary_cropped_B0000618_y1-x0.jpg,65630,105.00800000000001,0,0,0,443,1,lab_threshold_L0-255_a90-135_b155-255+remove_thin_crescent_components,photos/03112025/Day0/B0000618.JPG,processed/split_wells/03112025/cropped_B0000618_y1-x0.jpg,processed/binary_wells/03112025/binary_cropped_B0000618_y1-x0.jpg
03112025,batch5L,Day0,B0000618.jpg,P41,y1-x1,P41_y1-x1,Wa,PFD1000,25,Wa_PFD1000_25_P41_y1-x1,2025-11-03 12:11:48,2025-11-03 12:13:14,0.02388888888888889,cropped_B0000618_y1-x1.jpg,binary_cropped_B0000618_y1-x1.jpg,25456,40.729600000000005,0,0,0,0,0,lab_threshold_L0-255_a90-135_b155-255+remove_thin_crescent_components,photos/03112025/Day0/B0000618.JPG,processed/split_wells/03112025/cropped_B0000618_y1-x1.jpg,processed/binary_wells/03112025/binary_cropped_B0000618_y1-x1.jpg
03112025,batch5L,Day0,B0000618.jpg,P41,y1-x2,P41_y1-x2,Lp,PFD1000,25,Lp_PFD1000_25_P41_y1-x2,2025-11-03 12:11:48,2025-11-03 12:13:14,0.02388888888888889,cropped_B0000618_y1-x2.jpg,binary_cropped_B0000618_y1-x2.jpg,73509,117.6144,0,0,0,2106,1,lab_threshold_L0-255_a90-135_b155-255+remove_thin_crescent_components,photos/03112025/Day0/B0000618.JPG,processed/split_wells/03112025/cropped_B0000618_y1-x2.jpg,processed/binary_wells/03112025/binary_cropped_B0000618_y1-x2.jpg
03112025,batch5L,Day0,B0000620.jpg,P42,y0-x0,P42_y0-x0,Wa,PFD1000,25,Wa_PFD1000_25_P42_y0-x0,2025-11-03 12:11:48,2025-11-03 12:14:35,0.04638888888888889,cropped_B0000620_y0-x0.jpg,binary_cropped_B0000620_y0-x0.jpg,30809,49.2944,0,0,0,2639,1,lab_threshold_L0-255_a90-135_b155-255+remove_thin_crescent_components,photos/03112025/Day0/B0000620.JPG,processed/split_wells/03112025/cropped_B0000620_y0-x0.jpg,processed/binary_wells/03112025/binary_cropped_B0000620_y0-x0.jpg
03112025,batch5L,Day0,B0000620.jpg,P42,y0-x1,P42_y0-x1,Lp,PFD1000,25,Lp_PFD1000_25_P42_y0-x1,2025-11-03 12:11:48,2025-11-03 12:14:35,0.04638888888888889,cropped_B0000620_y0-x1.jpg,binary_cropped_B0000620_y0-x1.jpg,62232,99.5712,0,0,0,0,0,lab_threshold_L0-255_a90-135_b155-255+remove_thin_crescent_components,photos/03112025/Day0/B0000620.JPG,processed/split_wells/03112025/cropped_B0000620_y0-x1.jpg,processed/binary_wells/03112025/binary_cropped_B0000620_y0-x1.jpg
03112025,batch5L,Day0,B0000620.jpg,P42,y0-x2,P42_y0-x2,Wa,PFD1000,25,Wa_PFD1000_25_P42_y0-x2,2025-11-03 12:11:48,2025-11-03 12:14:35,0.04638888888888889,cropped_B0000620_y0-x2.jpg,binary_cropped_B0000620_y0-x2.jpg,30853,49.3648,0,0,0,2900,2,lab_threshold_L0-255_a90-135_b155-255+remove_thin_crescent_components,photos/03112025/Day0/B0000620.JPG,processed/split_wells/03112025/cropped_B0000620_y0-x2.jpg,processed/binary_wells/03112025/binary_cropped_B0000620_y0-x2.jpg
03112025,batch5L,Day0,B0000620.jpg,P42,y1-x0,P42_y1-x0,Lp,PFD1000,25,Lp_PFD1000_25_P42_y1-x0,2025-11-03 12:11:48,2025-11-03 12:14:35,0.04638888888888889,cropped_B0000620_y1-x0.jpg,binary_cropped_B0000620_y1-x0.jpg,61707,98.7312,0,0,0,0,0,lab_threshold_L0-255_a90-135_b155-255+remove_thin_crescent_components,photos/03112025/Day0/B0000620.JPG,processed/split_wells/03112025/cropped_B0000620_y1-x0.jpg,processed/binary_wells/03112025/binary_cropped_B0000620_y1-x0.jpg
03112025,batch5L,Day0,B0000620.jpg,P42,y1-x1,P42_y1-x1,Wa,PFD1000,25,Wa_PFD1000_25_P42_y1-x1,2025-11-03 12:11:48,2025-11-03 12:14:35,0.04638888888888889,cropped_B0000620_y1-x1.jpg,binary_cropped_B0000620_y1-x1.jpg,34317,54.9072,0,0,0,0,0,lab_threshold_L0-255_a90-135_b155-255+remove_thin_crescent_components,photos/03112025/Day0/B0000620.JPG,processed/split_wells/03112025/cropped_B0000620_y1-x1.jpg,processed/binary_wells/03112025/binary_cropped_B0000620_y1-x1.jpg
03112025,batch5L,Day0,B0000620.jpg,P42,y1-x2,P42_y1-x2,Lp,PFD1000,25,Lp_PFD1000_25_P42_y1-x2,2025-11-03 12:11:48,2025-11-03 12:14:35,0.04638888888888889,cropped_B0000620_y1-x2.jpg,binary_cropped_B0000620_y1-x2.jpg,59905,95.848,0,0,0,2165,2,lab_threshold_L0-255_a90-135_b155-255+remove_thin_crescent_components,photos/03112025/Day0/B0000620.JPG,processed/split_wells/03112025/cropped_B0000620_y1-x2.jpg,processed/binary_wells/03112025/binary_cropped_B0000620_y1-x2.jpg
03112025,batch5L,Day0,B0000621.jpg,P44,y0-x0,P44_y0-x0,Wh,PFD1000,25,Wh_PFD1000_25_P44_y0-x0,2025-11-03 12:11:48,2025-11-03 12:15:11,0.05638888888888889,cropped_B0000621_y0-x0.jpg,binary_cropped_B0000621_y0-x0.jpg,43730,69.968,0,0,0,0,0,lab_threshold_L0-255_a90-135_b155-255+remove_thin_crescent_components,photos/03112025/Day0/B0000621.JPG,processed/split_wells/03112025/cropped_B0000621_y0-x0.jpg,processed/binary_wells/03112025/binary_cropped_B0000621_y0-x0.jpg
03112025,batch5L,Day0,B0000621.jpg,P44,y0-x2,P44_y0-x2,Wh,PFD1000,25,Wh_PFD1000_25_P44_y0-x2,2025-11-03 12:11:48,2025-11-03 12:15:11,0.05638888888888889,cropped_B0000621_y0-x2.jpg,binary_cropped_B0000621_y0-x2.jpg,42527,68.0432,0,0,0,469,1,lab_threshold_L0-255_a90-135_b155-255+remove_thin_crescent_components,photos/03112025/Day0/B0000621.JPG,processed/split_wells/03112025/cropped_B0000621_y0-x2.jpg,processed/binary_wells/03112025/binary_cropped_B0000621_y0-x2.jpg
03112025,batch5L,Day0,B0000621.jpg,P44,y1-x1,P44_y1-x1,Wh,PFD1000,25,Wh_PFD1000_25_P44_y1-x1,2025-11-03 12:11:48,2025-11-03 12:15:11,0.05638888888888889,cropped_B0000621_y1-x1.jpg,binary_cropped_B0000621_y1-x1.jpg,47643,76.2288,0,0,0,0,0,lab_threshold_L0-255_a90-135_b155-255+remove_thin_crescent_components,photos/03112025/Day0/B0000621.JPG,processed/split_wells/03112025/cropped_B0000621_y1-x1.jpg,processed/binary_wells/03112025/binary_cropped_B0000621_y1-x1.jpg
03112025,batch5L,Day1,B0000628.jpg,P39,y0-x0,P39_y0-x0,Lp,PFD100,25,Lp_PFD100_25_P39_y0-x0,2025-11-03 12:11:48,2025-11-04 11:09:52,22.967777777777776,cropped_B0000628_y0-x0.jpg,binary_cropped_B0000628_y0-x0.jpg,91499,146.3984,0,0,0,1990,1,lab_threshold_L0-255_a90-135_b155-255+remove_thin_crescent_components,photos/03112025/Day1/B0000628.JPG,processed/split_wells/03112025/cropped_B0000628_y0-x0.jpg,processed/binary_wells/03112025/binary_cropped_B0000628_y0-x0.jpg
03112025,batch5L,Day1,B0000628.jpg,P39,y0-x1,P39_y0-x1,Wa,PFD100,25,Wa_PFD100_25_P39_y0-x1,2025-11-03 12:11:48,2025-11-04 11:09:52,22.967777777777776,cropped_B0000628_y0-x1.jpg,binary_cropped_B0000628_y0-x1.jpg,33732,53.9712,0,0,0,0,0,lab_threshold_L0-255_a90-135_b155-255+remove_thin_crescent_components,photos/03112025/Day1/B0000628.JPG,processed/split_wells/03112025/cropped_B0000628_y0-x1.jpg,processed/binary_wells/03112025/binary_cropped_B0000628_y0-x1.jpg
03112025,batch5L,Day1,B0000628.jpg,P39,y0-x2,P39_y0-x2,Lp,PFD100,25,Lp_PFD100_25_P39_y0-x2,2025-11-03 12:11:48,2025-11-04 11:09:52,22.967777777777776,cropped_B0000628_y0-x2.jpg,binary_cropped_B0000628_y0-x2.jpg,98724,157.9584,0,0,0,8492,1,lab_threshold_L0-255_a90-135_b155-255+remove_thin_crescent_components,photos/03112025/Day1/B0000628.JPG,processed/split_wells/03112025/cropped_B0000628_y0-x2.jpg,processed/binary_wells/03112025/binary_cropped_B0000628_y0-x2.jpg
03112025,batch5L,Day1,B0000628.jpg,P39,y1-x0,P39_y1-x0,Wa,PFD100,25,Wa_PFD100_25_P39_y1-x0,2025-11-03 12:11:48,2025-11-04 11:09:52,22.967777777777776,cropped_B0000628_y1-x0.jpg,binary_cropped_B0000628_y1-x0.jpg,32800,52.480000000000004,0,0,0,6656,1,lab_threshold_L0-255_a90-135_b155-255+remove_thin_crescent_components,photos/03112025/Day1/B0000628.JPG,processed/split_wells/03112025/cropped_B0000628_y1-x0.jpg,processed/binary_wells/03112025/binary_cropped_B0000628_y1-x0.jpg
03112025,batch5L,Day1,B0000628.jpg,P39,y1-x1,P39_y1-x1,Lp,PFD100,25,Lp_PFD100_25_P39_y1-x1,2025-11-03 12:11:48,2025-11-04 11:09:52,22.967777777777776,cropped_B0000628_y1-x1.jpg,binary_cropped_B0000628_y1-x1.jpg,102247,163.5952,0,0,0,0,0,lab_threshold_L0-255_a90-135_b155-255+remove_thin_crescent_components,photos/03112025/Day1/B0000628.JPG,processed/split_wells/03112025/cropped_B0000628_y1-x1.jpg,processed/binary_wells/03112025/binary_cropped_B0000628_y1-x1.jpg
03112025,batch5L,Day1,B0000628.jpg,P39,y1-x2,P39_y1-x2,Wa,PFD100,25,Wa_PFD100_25_P39_y1-x2,2025-11-03 12:11:48,2025-11-04 11:09:52,22.967777777777776,cropped_B0000628_y1-x2.jpg,binary_cropped_B0000628_y1-x2.jpg,31218,49.948800000000006,0,0,0,417,1,lab_threshold_L0-255_a90-135_b155-255+remove_thin_crescent_components,photos/03112025/Day1/B0000628.JPG,processed/split_wells/03112025/cropped_B0000628_y1-x2.jpg,processed/binary_wells/03112025/binary_cropped_B0000628_y1-x2.jpg
03112025,batch5L,Day1,B0000629.jpg,P40,y0-x0,P40_y0-x0,Lp,PFD100,25,Lp_PFD100_25_P40_y0-x0,2025-11-03 12:11:48,2025-11-04 11:10:25,22.976944444444445,cropped_B0000629_y0-x0.jpg,binary_cropped_B0000629_y0-x0.jpg,79713,127.5408,0,0,0,3980,1,lab_threshold_L0-255_a90-135_b155-255+remove_thin_crescent_components,photos/03112025/Day1/B0000629.JPG,processed/split_wells/03112025/cropped_B0000629_y0-x0.jpg,processed/binary_wells/03112025/binary_cropped_B0000629_y0-x0.jpg
03112025,batch5L,Day1,B0000629.jpg,P40,y0-x1,P40_y0-x1,Wa,PFD100,25,Wa_PFD100_25_P40_y0-x1,2025-11-03 12:11:48,2025-11-04 11:10:25,22.976944444444445,cropped_B0000629_y0-x1.jpg,binary_cropped_B0000629_y0-x1.jpg,43508,69.61280000000001,0,0,0,840,1,lab_threshold_L0-255_a90-135_b155-255+remove_thin_crescent_components,photos/03112025/Day1/B0000629.JPG,processed/split_wells/03112025/cropped_B0000629_y0-x1.jpg,processed/binary_wells/03112025/binary_cropped_B0000629_y0-x1.jpg
03112025,batch5L,Day1,B0000629.jpg,P40,y0-x2,P40_y0-x2,Lp,PFD100,25,Lp_PFD100_25_P40_y0-x2,2025-11-03 12:11:48,2025-11-04 11:10:25,22.976944444444445,cropped_B0000629_y0-x2.jpg,binary_cropped_B0000629_y0-x2.jpg,73010,116.816,0,0,0,834,1,lab_threshold_L0-255_a90-135_b155-255+remove_thin_crescent_components,photos/03112025/Day1/B0000629.JPG,processed/split_wells/03112025/cropped_B0000629_y0-x2.jpg,processed/binary_wells/03112025/binary_cropped_B0000629_y0-x2.jpg
03112025,batch5L,Day1,B0000629.jpg,P40,y1-x0,P40_y1-x0,Wa,PFD100,25,Wa_PFD100_25_P40_y1-x0,2025-11-03 12:11:48,2025-11-04 11:10:25,22.976944444444445,cropped_B0000629_y1-x0.jpg,binary_cropped_B0000629_y1-x0.jpg,29673,47.476800000000004,0,0,0,3842,1,lab_threshold_L0-255_a90-135_b155-255+remove_thin_crescent_components,photos/03112025/Day1/B0000629.JPG,processed/split_wells/03112025/cropped_B0000629_y1-x0.jpg,processed/binary_wells/03112025/binary_cropped_B0000629_y1-x0.jpg
03112025,batch5L,Day1,B0000629.jpg,P40,y1-x1,P40_y1-x1,Lp,PFD100,25,Lp_PFD100_25_P40_y1-x1,2025-11-03 12:11:48,2025-11-04 11:10:25,22.976944444444445,cropped_B0000629_y1-x1.jpg,binary_cropped_B0000629_y1-x1.jpg,80339,128.54240000000001,0,0,0,0,0,lab_threshold_L0-255_a90-135_b155-255+remove_thin_crescent_components,photos/03112025/Day1/B0000629.JPG,processed/split_wells/03112025/cropped_B0000629_y1-x1.jpg,processed/binary_wells/03112025/binary_cropped_B0000629_y1-x1.jpg
03112025,batch5L,Day1,B0000629.jpg,P40,y1-x2,P40_y1-x2,Wa,PFD100,25,Wa_PFD100_25_P40_y1-x2,2025-11-03 12:11:48,2025-11-04 11:10:25,22.976944444444445,cropped_B0000629_y1-x2.jpg,binary_cropped_B0000629_y1-x2.jpg,31411,50.257600000000004,0,0,0,1196,1,lab_threshold_L0-255_a90-135_b155-255+remove_thin_crescent_components,photos/03112025/Day1/B0000629.JPG,processed/split_wells/03112025/cropped_B0000629_y1-x2.jpg,processed/binary_wells/03112025/binary_cropped_B0000629_y1-x2.jpg
03112025,batch5L,Day1,B0000630.jpg,P43,y0-x0,P43_y0-x0,Wh,PFD100,25,Wh_PFD100_25_P43_y0-x0,2025-11-03 12:11:48,2025-11-04 11:11:32,22.995555555555555,cropped_B0000630_y0-x0.jpg,binary_cropped_B0000630_y0-x0.jpg,117318,187.7088,0,0,0,0,0,lab_threshold_L0-255_a90-135_b155-255+remove_thin_crescent_components,photos/03112025/Day1/B0000630.JPG,processed/split_wells/03112025/cropped_B0000630_y0-x0.jpg,processed/binary_wells/03112025/binary_cropped_B0000630_y0-x0.jpg
03112025,batch5L,Day1,B0000630.jpg,P43,y0-x2,P43_y0-x2,Wh,PFD100,25,Wh_PFD100_25_P43_y0-x2,2025-11-03 12:11:48,2025-11-04 11:11:32,22.995555555555555,cropped_B0000630_y0-x2.jpg,binary_cropped_B0000630_y0-x2.jpg,94924,151.8784,0,0,0,0,0,lab_threshold_L0-255_a90-135_b155-255+remove_thin_crescent_components,photos/03112025/Day1/B0000630.JPG,processed/split_wells/03112025/cropped_B0000630_y0-x2.jpg,processed/binary_wells/03112025/binary_cropped_B0000630_y0-x2.jpg
03112025,batch5L,Day1,B0000630.jpg,P43,y1-x1,P43_y1-x1,Wh,PFD100,25,Wh_PFD100_25_P43_y1-x1,2025-11-03 12:11:48,2025-11-04 11:11:32,22.995555555555555,cropped_B0000630_y1-x1.jpg,binary_cropped_B0000630_y1-x1.jpg,65478,104.76480000000001,0,0,0,23440,1,lab_threshold_L0-255_a90-135_b155-255+remove_thin_crescent_components,photos/03112025/Day1/B0000630.JPG,processed/split_wells/03112025/cropped_B0000630_y1-x1.jpg,processed/binary_wells/03112025/binary_cropped_B0000630_y1-x1.jpg
03112025,batch5L,Day1,B0000631.jpg,P41,y0-x0,P41_y0-x0,Wa,PFD1000,25,Wa_PFD1000_25_P41_y0-x0,2025-11-03 12:11:48,2025-11-04 11:11:50,23.000555555555554,cropped_B0000631_y0-x0.jpg,binary_cropped_B0000631_y0-x0.jpg,34304,54.8864,0,0,0,0,0,lab_threshold_L0-255_a90-135_b155-255+remove_thin_crescent_components,photos/03112025/Day1/B0000631.JPG,processed/split_wells/03112025/cropped_B0000631_y0-x0.jpg,processed/binary_wells/03112025/binary_cropped_B0000631_y0-x0.jpg
03112025,batch5L,Day1,B0000631.jpg,P41,y0-x1,P41_y0-x1,Lp,PFD1000,25,Lp_PFD1000_25_P41_y0-x1,2025-11-03 12:11:48,2025-11-04 11:11:50,23.000555555555554,cropped_B0000631_y0-x1.jpg,binary_cropped_B0000631_y0-x1.jpg,82220,131.552,0,0,0,0,0,lab_threshold_L0-255_a90-135_b155-255+remove_thin_crescent_components,photos/03112025/Day1/B0000631.JPG,processed/split_wells/03112025/cropped_B0000631_y0-x1.jpg,processed/binary_wells/03112025/binary_cropped_B0000631_y0-x1.jpg
03112025,batch5L,Day1,B0000631.jpg,P41,y0-x2,P41_y0-x2,Wa,PFD1000,25,Wa_PFD1000_25_P41_y0-x2,2025-11-03 12:11:48,2025-11-04 11:11:50,23.000555555555554,cropped_B0000631_y0-x2.jpg,binary_cropped_B0000631_y0-x2.jpg,30323,48.5168,0,0,0,0,0,lab_threshold_L0-255_a90-135_b155-255+remove_thin_crescent_components,photos/03112025/Day1/B0000631.JPG,processed/split_wells/03112025/cropped_B0000631_y0-x2.jpg,processed/binary_wells/03112025/binary_cropped_B0000631_y0-x2.jpg
03112025,batch5L,Day1,B0000631.jpg,P41,y1-x0,P41_y1-x0,Lp,PFD1000,25,Lp_PFD1000_25_P41_y1-x0,2025-11-03 12:11:48,2025-11-04 11:11:50,23.000555555555554,cropped_B0000631_y1-x0.jpg,binary_cropped_B0000631_y1-x0.jpg,80283,128.4528,0,0,0,0,0,lab_threshold_L0-255_a90-135_b155-255+remove_thin_crescent_components,photos/03112025/Day1/B0000631.JPG,processed/split_wells/03112025/cropped_B0000631_y1-x0.jpg,processed/binary_wells/03112025/binary_cropped_B0000631_y1-x0.jpg
03112025,batch5L,Day1,B0000631.jpg,P41,y1-x1,P41_y1-x1,Wa,PFD1000,25,Wa_PFD1000_25_P41_y1-x1,2025-11-03 12:11:48,2025-11-04 11:11:50,23.000555555555554,cropped_B0000631_y1-x1.jpg,binary_cropped_B0000631_y1-x1.jpg,33032,52.851200000000006,0,0,0,0,0,lab_threshold_L0-255_a90-135_b155-255+remove_thin_crescent_components,photos/03112025/Day1/B0000631.JPG,processed/split_wells/03112025/cropped_B0000631_y1-x1.jpg,processed/binary_wells/03112025/binary_cropped_B0000631_y1-x1.jpg
03112025,batch5L,Day1,B0000631.jpg,P41,y1-x2,P41_y1-x2,Lp,PFD1000,25,Lp_PFD1000_25_P41_y1-x2,2025-11-03 12:11:48,2025-11-04 11:11:50,23.000555555555554,cropped_B0000631_y1-x2.jpg,binary_cropped_B0000631_y1-x2.jpg,86139,137.82240000000002,0,0,0,1840,1,lab_threshold_L0-255_a90-135_b155-255+remove_thin_crescent_components,photos/03112025/Day1/B0000631.JPG,processed/split_wells/03112025/cropped_B0000631_y1-x2.jpg,processed/binary_wells/03112025/binary_cropped_B0000631_y1-x2.jpg
03112025,batch5L,Day1,B0000632.jpg,P42,y0-x0,P42_y0-x0,Wa,PFD1000,25,Wa_PFD1000_25_P42_y0-x0,2025-11-03 12:11:48,2025-11-04 11:12:12,23.006666666666668,cropped_B0000632_y0-x0.jpg,binary_cropped_B0000632_y0-x0.jpg,46274,74.03840000000001,0,0,0,0,0,lab_threshold_L0-255_a90-135_b155-255+remove_thin_crescent_components,photos/03112025/Day1/B0000632.JPG,processed/split_wells/03112025/cropped_B0000632_y0-x0.jpg,processed/binary_wells/03112025/binary_cropped_B0000632_y0-x0.jpg
03112025,batch5L,Day1,B0000632.jpg,P42,y0-x1,P42_y0-x1,Lp,PFD1000,25,Lp_PFD1000_25_P42_y0-x1,2025-11-03 12:11:48,2025-11-04 11:12:12,23.006666666666668,cropped_B0000632_y0-x1.jpg,binary_cropped_B0000632_y0-x1.jpg,73791,118.0656,0,0,0,0,0,lab_threshold_L0-255_a90-135_b155-255+remove_thin_crescent_components,photos/03112025/Day1/B0000632.JPG,processed/split_wells/03112025/cropped_B0000632_y0-x1.jpg,processed/binary_wells/03112025/binary_cropped_B0000632_y0-x1.jpg
03112025,batch5L,Day1,B0000632.jpg,P42,y0-x2,P42_y0-x2,Wa,PFD1000,25,Wa_PFD1000_25_P42_y0-x2,2025-11-03 12:11:48,2025-11-04 11:12:12,23.006666666666668,cropped_B0000632_y0-x2.jpg,binary_cropped_B0000632_y0-x2.jpg,39645,63.432,0,0,0,344,1,lab_threshold_L0-255_a90-135_b155-255+remove_thin_crescent_components,photos/03112025/Day1/B0000632.JPG,processed/split_wells/03112025/cropped_B0000632_y0-x2.jpg,processed/binary_wells/03112025/binary_cropped_B0000632_y0-x2.jpg
03112025,batch5L,Day1,B0000632.jpg,P42,y1-x0,P42_y1-x0,Lp,PFD1000,25,Lp_PFD1000_25_P42_y1-x0,2025-11-03 12:11:48,2025-11-04 11:12:12,23.006666666666668,cropped_B0000632_y1-x0.jpg,binary_cropped_B0000632_y1-x0.jpg,72302,115.6832,0,0,0,2282,1,lab_threshold_L0-255_a90-135_b155-255+remove_thin_crescent_components,photos/03112025/Day1/B0000632.JPG,processed/split_wells/03112025/cropped_B0000632_y1-x0.jpg,processed/binary_wells/03112025/binary_cropped_B0000632_y1-x0.jpg
03112025,batch5L,Day1,B0000632.jpg,P42,y1-x1,P42_y1-x1,Wa,PFD1000,25,Wa_PFD1000_25_P42_y1-x1,2025-11-03 12:11:48,2025-11-04 11:12:12,23.006666666666668,cropped_B0000632_y1-x1.jpg,binary_cropped_B0000632_y1-x1.jpg,49265,78.824,0,0,0,0,0,lab_threshold_L0-255_a90-135_b155-255+remove_thin_crescent_components,photos/03112025/Day1/B0000632.JPG,processed/split_wells/03112025/cropped_B0000632_y1-x1.jpg,processed/binary_wells/03112025/binary_cropped_B0000632_y1-x1.jpg
03112025,batch5L,Day1,B0000632.jpg,P42,y1-x2,P42_y1-x2,Lp,PFD1000,25,Lp_PFD1000_25_P42_y1-x2,2025-11-03 12:11:48,2025-11-04 11:12:12,23.006666666666668,cropped_B0000632_y1-x2.jpg,binary_cropped_B0000632_y1-x2.jpg,77100,123.36,0,0,0,3506,1,lab_threshold_L0-255_a90-135_b155-255+remove_thin_crescent_components,photos/03112025/Day1/B0000632.JPG,processed/split_wells/03112025/cropped_B0000632_y1-x2.jpg,processed/binary_wells/03112025/binary_cropped_B0000632_y1-x2.jpg
03112025,batch5L,Day1,B0000633.jpg,P44,y0-x0,P44_y0-x0,Wh,PFD1000,25,Wh_PFD1000_25_P44_y0-x0,2025-11-03 12:11:48,2025-11-04 11:13:34,23.029444444444444,cropped_B0000633_y0-x0.jpg,binary_cropped_B0000633_y0-x0.jpg,85623,136.9968,0,0,0,2690,1,lab_threshold_L0-255_a90-135_b155-255+remove_thin_crescent_components,photos/03112025/Day1/B0000633.JPG,processed/split_wells/03112025/cropped_B0000633_y0-x0.jpg,processed/binary_wells/03112025/binary_cropped_B0000633_y0-x0.jpg
03112025,batch5L,Day1,B0000633.jpg,P44,y0-x2,P44_y0-x2,Wh,PFD1000,25,Wh_PFD1000_25_P44_y0-x2,2025-11-03 12:11:48,2025-11-04 11:13:34,23.029444444444444,cropped_B0000633_y0-x2.jpg,binary_cropped_B0000633_y0-x2.jpg,85716,137.1456,0,0,0,0,0,lab_threshold_L0-255_a90-135_b155-255+remove_thin_crescent_components,photos/03112025/Day1/B0000633.JPG,processed/split_wells/03112025/cropped_B0000633_y0-x2.jpg,processed/binary_wells/03112025/binary_cropped_B0000633_y0-x2.jpg
03112025,batch5L,Day1,B0000633.jpg,P44,y1-x1,P44_y1-x1,Wh,PFD1000,25,Wh_PFD1000_25_P44_y1-x1,2025-11-03 12:11:48,2025-11-04 11:13:34,23.029444444444444,cropped_B0000633_y1-x1.jpg,binary_cropped_B0000633_y1-x1.jpg,95826,153.32160000000002,0,0,0,0,0,lab_threshold_L0-255_a90-135_b155-255+remove_thin_crescent_components,photos/03112025/Day1/B0000633.JPG,processed/split_wells/03112025/cropped_B0000633_y1-x1.jpg,processed/binary_wells/03112025/binary_cropped_B0000633_y1-x1.jpg
03112025,batch5L,Day2,B0000640.jpg,P39,y0-x0,P39_y0-x0,Lp,PFD100,25,Lp_PFD100_25_P39_y0-x0,2025-11-03 12:11:48,2025-11-05 11:08:03,46.9375,cropped_B0000640_y0-x0.jpg,binary_cropped_B0000640_y0-x0.jpg,102329,163.7264,0,0,0,4457,2,lab_threshold_L0-255_a90-135_b155-255+remove_thin_crescent_components,photos/03112025/Day2/B0000640.JPG,processed/split_wells/03112025/cropped_B0000640_y0-x0.jpg,processed/binary_wells/03112025/binary_cropped_B0000640_y0-x0.jpg
03112025,batch5L,Day2,B0000640.jpg,P39,y0-x1,P39_y0-x1,Wa,PFD100,25,Wa_PFD100_25_P39_y0-x1,2025-11-03 12:11:48,2025-11-05 11:08:03,46.9375,cropped_B0000640_y0-x1.jpg,binary_cropped_B0000640_y0-x1.jpg,35080,56.128,0,0,0,0,0,lab_threshold_L0-255_a90-135_b155-255+remove_thin_crescent_components,photos/03112025/Day2/B0000640.JPG,processed/split_wells/03112025/cropped_B0000640_y0-x1.jpg,processed/binary_wells/03112025/binary_cropped_B0000640_y0-x1.jpg
03112025,batch5L,Day2,B0000640.jpg,P39,y0-x2,P39_y0-x2,Lp,PFD100,25,Lp_PFD100_25_P39_y0-x2,2025-11-03 12:11:48,2025-11-05 11:08:03,46.9375,cropped_B0000640_y0-x2.jpg,binary_cropped_B0000640_y0-x2.jpg,108432,173.49120000000002,0,0,0,4696,1,lab_threshold_L0-255_a90-135_b155-255+remove_thin_crescent_components,photos/03112025/Day2/B0000640.JPG,processed/split_wells/03112025/cropped_B0000640_y0-x2.jpg,processed/binary_wells/03112025/binary_cropped_B0000640_y0-x2.jpg
03112025,batch5L,Day2,B0000640.jpg,P39,y1-x0,P39_y1-x0,Wa,PFD100,25,Wa_PFD100_25_P39_y1-x0,2025-11-03 12:11:48,2025-11-05 11:08:03,46.9375,cropped_B0000640_y1-x0.jpg,binary_cropped_B0000640_y1-x0.jpg,36329,58.126400000000004,0,0,0,3584,1,lab_threshold_L0-255_a90-135_b155-255+remove_thin_crescent_components,photos/03112025/Day2/B0000640.JPG,processed/split_wells/03112025/cropped_B0000640_y1-x0.jpg,processed/binary_wells/03112025/binary_cropped_B0000640_y1-x0.jpg
03112025,batch5L,Day2,B0000640.jpg,P39,y1-x1,P39_y1-x1,Lp,PFD100,25,Lp_PFD100_25_P39_y1-x1,2025-11-03 12:11:48,2025-11-05 11:08:03,46.9375,cropped_B0000640_y1-x1.jpg,binary_cropped_B0000640_y1-x1.jpg,116361,186.1776,0,0,0,0,0,lab_threshold_L0-255_a90-135_b155-255+remove_thin_crescent_components,photos/03112025/Day2/B0000640.JPG,processed/split_wells/03112025/cropped_B0000640_y1-x1.jpg,processed/binary_wells/03112025/binary_cropped_B0000640_y1-x1.jpg
03112025,batch5L,Day2,B0000640.jpg,P39,y1-x2,P39_y1-x2,Wa,PFD100,25,Wa_PFD100_25_P39_y1-x2,2025-11-03 12:11:48,2025-11-05 11:08:03,46.9375,cropped_B0000640_y1-x2.jpg,binary_cropped_B0000640_y1-x2.jpg,30056,48.089600000000004,0,0,0,1977,1,lab_threshold_L0-255_a90-135_b155-255+remove_thin_crescent_components,photos/03112025/Day2/B0000640.JPG,processed/split_wells/03112025/cropped_B0000640_y1-x2.jpg,processed/binary_wells/03112025/binary_cropped_B0000640_y1-x2.jpg
03112025,batch5L,Day2,B0000641.jpg,P40,y0-x0,P40_y0-x0,Lp,PFD100,25,Lp_PFD100_25_P40_y0-x0,2025-11-03 12:11:48,2025-11-05 11:08:55,46.95194444444444,cropped_B0000641_y0-x0.jpg,binary_cropped_B0000641_y0-x0.jpg,88221,141.1536,0,0,0,0,0,lab_threshold_L0-255_a90-135_b155-255+remove_thin_crescent_components,photos/03112025/Day2/B0000641.JPG,processed/split_wells/03112025/cropped_B0000641_y0-x0.jpg,processed/binary_wells/03112025/binary_cropped_B0000641_y0-x0.jpg
03112025,batch5L,Day2,B0000641.jpg,P40,y0-x1,P40_y0-x1,Wa,PFD100,25,Wa_PFD100_25_P40_y0-x1,2025-11-03 12:11:48,2025-11-05 11:08:55,46.95194444444444,cropped_B0000641_y0-x1.jpg,binary_cropped_B0000641_y0-x1.jpg,59498,95.19680000000001,0,0,0,0,0,lab_threshold_L0-255_a90-135_b155-255+remove_thin_crescent_components,photos/03112025/Day2/B0000641.JPG,processed/split_wells/03112025/cropped_B0000641_y0-x1.jpg,processed/binary_wells/03112025/binary_cropped_B0000641_y0-x1.jpg
03112025,batch5L,Day2,B0000641.jpg,P40,y0-x2,P40_y0-x2,Lp,PFD100,25,Lp_PFD100_25_P40_y0-x2,2025-11-03 12:11:48,2025-11-05 11:08:55,46.95194444444444,cropped_B0000641_y0-x2.jpg,binary_cropped_B0000641_y0-x2.jpg,80530,128.848,0,0,0,0,0,lab_threshold_L0-255_a90-135_b155-255+remove_thin_crescent_components,photos/03112025/Day2/B0000641.JPG,processed/split_wells/03112025/cropped_B0000641_y0-x2.jpg,processed/binary_wells/03112025/binary_cropped_B0000641_y0-x2.jpg
03112025,batch5L,Day2,B0000641.jpg,P40,y1-x0,P40_y1-x0,Wa,PFD100,25,Wa_PFD100_25_P40_y1-x0,2025-11-03 12:11:48,2025-11-05 11:08:55,46.95194444444444,cropped_B0000641_y1-x0.jpg,binary_cropped_B0000641_y1-x0.jpg,45139,72.22240000000001,0,0,0,0,0,lab_threshold_L0-255_a90-135_b155-255+remove_thin_crescent_components,photos/03112025/Day2/B0000641.JPG,processed/split_wells/03112025/cropped_B0000641_y1-x0.jpg,processed/binary_wells/03112025/binary_cropped_B0000641_y1-x0.jpg
03112025,batch5L,Day2,B0000641.jpg,P40,y1-x1,P40_y1-x1,Lp,PFD100,25,Lp_PFD100_25_P40_y1-x1,2025-11-03 12:11:48,2025-11-05 11:08:55,46.95194444444444,cropped_B0000641_y1-x1.jpg,binary_cropped_B0000641_y1-x1.jpg,94198,150.7168,0,0,0,0,0,lab_threshold_L0-255_a90-135_b155-255+remove_thin_crescent_components,photos/03112025/Day2/B0000641.JPG,processed/split_wells/03112025/cropped_B0000641_y1-x1.jpg,processed/binary_wells/03112025/binary_cropped_B0000641_y1-x1.jpg
03112025,batch5L,Day2,B0000641.jpg,P40,y1-x2,P40_y1-x2,Wa,PFD100,25,Wa_PFD100_25_P40_y1-x2,2025-11-03 12:11:48,2025-11-05 11:08:55,46.95194444444444,cropped_B0000641_y1-x2.jpg,binary_cropped_B0000641_y1-x2.jpg,54787,87.6592,0,0,0,0,0,lab_threshold_L0-255_a90-135_b155-255+remove_thin_crescent_components,photos/03112025/Day2/B0000641.JPG,processed/split_wells/03112025/cropped_B0000641_y1-x2.jpg,processed/binary_wells/03112025/binary_cropped_B0000641_y1-x2.jpg
03112025,batch5L,Day2,B0000642.jpg,P43,y0-x0,P43_y0-x0,Wh,PFD100,25,Wh_PFD100_25_P43_y0-x0,2025-11-03 12:11:48,2025-11-05 11:09:59,46.969722222222224,cropped_B0000642_y0-x0.jpg,binary_cropped_B0000642_y0-x0.jpg,149023,238.4368,0,0,0,0,0,lab_threshold_L0-255_a90-135_b155-255+remove_thin_crescent_components,photos/03112025/Day2/B0000642.JPG,processed/split_wells/03112025/cropped_B0000642_y0-x0.jpg,processed/binary_wells/03112025/binary_cropped_B0000642_y0-x0.jpg
03112025,batch5L,Day2,B0000642.jpg,P43,y0-x2,P43_y0-x2,Wh,PFD100,25,Wh_PFD100_25_P43_y0-x2,2025-11-03 12:11:48,2025-11-05 11:09:59,46.969722222222224,cropped_B0000642_y0-x2.jpg,binary_cropped_B0000642_y0-x2.jpg,113444,181.5104,0,0,0,0,0,lab_threshold_L0-255_a90-135_b155-255+remove_thin_crescent_components,photos/03112025/Day2/B0000642.JPG,processed/split_wells/03112025/cropped_B0000642_y0-x2.jpg,processed/binary_wells/03112025/binary_cropped_B0000642_y0-x2.jpg
03112025,batch5L,Day2,B0000642.jpg,P43,y1-x1,P43_y1-x1,Wh,PFD100,25,Wh_PFD100_25_P43_y1-x1,2025-11-03 12:11:48,2025-11-05 11:09:59,46.969722222222224,cropped_B0000642_y1-x1.jpg,binary_cropped_B0000642_y1-x1.jpg,110670,177.072,0,0,0,0,0,lab_threshold_L0-255_a90-135_b155-255+remove_thin_crescent_components,photos/03112025/Day2/B0000642.JPG,processed/split_wells/03112025/cropped_B0000642_y1-x1.jpg,processed/binary_wells/03112025/binary_cropped_B0000642_y1-x1.jpg
03112025,batch5L,Day2,B0000643.jpg,P41,y0-x0,P41_y0-x0,Wa,PFD1000,25,Wa_PFD1000_25_P41_y0-x0,2025-11-03 12:11:48,2025-11-05 11:11:51,47.00083333333333,cropped_B0000643_y0-x0.jpg,binary_cropped_B0000643_y0-x0.jpg,62229,99.5664,0,0,0,0,0,lab_threshold_L0-255_a90-135_b155-255+remove_thin_crescent_components,photos/03112025/Day2/B0000643.JPG,processed/split_wells/03112025/cropped_B0000643_y0-x0.jpg,processed/binary_wells/03112025/binary_cropped_B0000643_y0-x0.jpg
03112025,batch5L,Day2,B0000643.jpg,P41,y0-x1,P41_y0-x1,Lp,PFD1000,25,Lp_PFD1000_25_P41_y0-x1,2025-11-03 12:11:48,2025-11-05 11:11:51,47.00083333333333,cropped_B0000643_y0-x1.jpg,binary_cropped_B0000643_y0-x1.jpg,94234,150.7744,0,0,0,0,0,lab_threshold_L0-255_a90-135_b155-255+remove_thin_crescent_components,photos/03112025/Day2/B0000643.JPG,processed/split_wells/03112025/cropped_B0000643_y0-x1.jpg,processed/binary_wells/03112025/binary_cropped_B0000643_y0-x1.jpg
03112025,batch5L,Day2,B0000643.jpg,P41,y0-x2,P41_y0-x2,Wa,PFD1000,25,Wa_PFD1000_25_P41_y0-x2,2025-11-03 12:11:48,2025-11-05 11:11:51,47.00083333333333,cropped_B0000643_y0-x2.jpg,binary_cropped_B0000643_y0-x2.jpg,1017,1.6272,0,0,0,45976,1,lab_threshold_L0-255_a90-135_b155-255+remove_thin_crescent_components,photos/03112025/Day2/B0000643.JPG,processed/split_wells/03112025/cropped_B0000643_y0-x2.jpg,processed/binary_wells/03112025/binary_cropped_B0000643_y0-x2.jpg
03112025,batch5L,Day2,B0000643.jpg,P41,y1-x0,P41_y1-x0,Lp,PFD1000,25,Lp_PFD1000_25_P41_y1-x0,2025-11-03 12:11:48,2025-11-05 11:11:51,47.00083333333333,cropped_B0000643_y1-x0.jpg,binary_cropped_B0000643_y1-x0.jpg,96927,155.0832,0,0,0,4127,1,lab_threshold_L0-255_a90-135_b155-255+remove_thin_crescent_components,photos/03112025/Day2/B0000643.JPG,processed/split_wells/03112025/cropped_B0000643_y1-x0.jpg,processed/binary_wells/03112025/binary_cropped_B0000643_y1-x0.jpg
03112025,batch5L,Day2,B0000643.jpg,P41,y1-x1,P41_y1-x1,Wa,PFD1000,25,Wa_PFD1000_25_P41_y1-x1,2025-11-03 12:11:48,2025-11-05 11:11:51,47.00083333333333,cropped_B0000643_y1-x1.jpg,binary_cropped_B0000643_y1-x1.jpg,8,0.0128,0,0,0,43671,1,lab_threshold_L0-255_a90-135_b155-255+remove_thin_crescent_components,photos/03112025/Day2/B0000643.JPG,processed/split_wells/03112025/cropped_B0000643_y1-x1.jpg,processed/binary_wells/03112025/binary_cropped_B0000643_y1-x1.jpg
03112025,batch5L,Day2,B0000643.jpg,P41,y1-x2,P41_y1-x2,Lp,PFD1000,25,Lp_PFD1000_25_P41_y1-x2,2025-11-03 12:11:48,2025-11-05 11:11:51,47.00083333333333,cropped_B0000643_y1-x2.jpg,binary_cropped_B0000643_y1-x2.jpg,98489,157.5824,0,0,0,1787,1,lab_threshold_L0-255_a90-135_b155-255+remove_thin_crescent_components,photos/03112025/Day2/B0000643.JPG,processed/split_wells/03112025/cropped_B0000643_y1-x2.jpg,processed/binary_wells/03112025/binary_cropped_B0000643_y1-x2.jpg
03112025,batch5L,Day2,B0000644.jpg,P42,y0-x0,P42_y0-x0,Wa,PFD1000,25,Wa_PFD1000_25_P42_y0-x0,2025-11-03 12:11:48,2025-11-05 11:12:09,47.005833333333335,cropped_B0000644_y0-x0.jpg,binary_cropped_B0000644_y0-x0.jpg,66640,106.62400000000001,0,0,0,0,0,lab_threshold_L0-255_a90-135_b155-255+remove_thin_crescent_components,photos/03112025/Day2/B0000644.JPG,processed/split_wells/03112025/cropped_B0000644_y0-x0.jpg,processed/binary_wells/03112025/binary_cropped_B0000644_y0-x0.jpg
03112025,batch5L,Day2,B0000644.jpg,P42,y0-x1,P42_y0-x1,Lp,PFD1000,25,Lp_PFD1000_25_P42_y0-x1,2025-11-03 12:11:48,2025-11-05 11:12:09,47.005833333333335,cropped_B0000644_y0-x1.jpg,binary_cropped_B0000644_y0-x1.jpg,85124,136.1984,0,0,0,0,0,lab_threshold_L0-255_a90-135_b155-255+remove_thin_crescent_components,photos/03112025/Day2/B0000644.JPG,processed/split_wells/03112025/cropped_B0000644_y0-x1.jpg,processed/binary_wells/03112025/binary_cropped_B0000644_y0-x1.jpg
03112025,batch5L,Day2,B0000644.jpg,P42,y0-x2,P42_y0-x2,Wa,PFD1000,25,Wa_PFD1000_25_P42_y0-x2,2025-11-03 12:11:48,2025-11-05 11:12:09,47.005833333333335,cropped_B0000644_y0-x2.jpg,binary_cropped_B0000644_y0-x2.jpg,56561,90.4976,0,0,0,2496,1,lab_threshold_L0-255_a90-135_b155-255+remove_thin_crescent_components,photos/03112025/Day2/B0000644.JPG,processed/split_wells/03112025/cropped_B0000644_y0-x2.jpg,processed/binary_wells/03112025/binary_cropped_B0000644_y0-x2.jpg
03112025,batch5L,Day2,B0000644.jpg,P42,y1-x0,P42_y1-x0,Lp,PFD1000,25,Lp_PFD1000_25_P42_y1-x0,2025-11-03 12:11:48,2025-11-05 11:12:09,47.005833333333335,cropped_B0000644_y1-x0.jpg,binary_cropped_B0000644_y1-x0.jpg,79560,127.296,0,0,0,0,0,lab_threshold_L0-255_a90-135_b155-255+remove_thin_crescent_components,photos/03112025/Day2/B0000644.JPG,processed/split_wells/03112025/cropped_B0000644_y1-x0.jpg,processed/binary_wells/03112025/binary_cropped_B0000644_y1-x0.jpg
03112025,batch5L,Day2,B0000644.jpg,P42,y1-x1,P42_y1-x1,Wa,PFD1000,25,Wa_PFD1000_25_P42_y1-x1,2025-11-03 12:11:48,2025-11-05 11:12:09,47.005833333333335,cropped_B0000644_y1-x1.jpg,binary_cropped_B0000644_y1-x1.jpg,76093,121.7488,0,0,0,0,0,lab_threshold_L0-255_a90-135_b155-255+remove_thin_crescent_components,photos/03112025/Day2/B0000644.JPG,processed/split_wells/03112025/cropped_B0000644_y1-x1.jpg,processed/binary_wells/03112025/binary_cropped_B0000644_y1-x1.jpg
03112025,batch5L,Day2,B0000644.jpg,P42,y1-x2,P42_y1-x2,Lp,PFD1000,25,Lp_PFD1000_25_P42_y1-x2,2025-11-03 12:11:48,2025-11-05 11:12:09,47.005833333333335,cropped_B0000644_y1-x2.jpg,binary_cropped_B0000644_y1-x2.jpg,83691,133.9056,0,0,0,4566,1,lab_threshold_L0-255_a90-135_b155-255+remove_thin_crescent_components,photos/03112025/Day2/B0000644.JPG,processed/split_wells/03112025/cropped_B0000644_y1-x2.jpg,processed/binary_wells/03112025/binary_cropped_B0000644_y1-x2.jpg
03112025,batch5L,Day2,B0000645.jpg,P44,y0-x0,P44_y0-x0,Wh,PFD1000,25,Wh_PFD1000_25_P44_y0-x0,2025-11-03 12:11:48,2025-11-05 11:13:08,47.022222222222226,cropped_B0000645_y0-x0.jpg,binary_cropped_B0000645_y0-x0.jpg,122691,196.3056,0,0,0,0,0,lab_threshold_L0-255_a90-135_b155-255+remove_thin_crescent_components,photos/03112025/Day2/B0000645.JPG,processed/split_wells/03112025/cropped_B0000645_y0-x0.jpg,processed/binary_wells/03112025/binary_cropped_B0000645_y0-x0.jpg
03112025,batch5L,Day2,B0000645.jpg,P44,y0-x2,P44_y0-x2,Wh,PFD1000,25,Wh_PFD1000_25_P44_y0-x2,2025-11-03 12:11:48,2025-11-05 11:13:08,47.022222222222226,cropped_B0000645_y0-x2.jpg,binary_cropped_B0000645_y0-x2.jpg,103566,165.7056,0,0,0,762,1,lab_threshold_L0-255_a90-135_b155-255+remove_thin_crescent_components,photos/03112025/Day2/B0000645.JPG,processed/split_wells/03112025/cropped_B0000645_y0-x2.jpg,processed/binary_wells/03112025/binary_cropped_B0000645_y0-x2.jpg
03112025,batch5L,Day2,B0000645.jpg,P44,y1-x1,P44_y1-x1,Wh,PFD1000,25,Wh_PFD1000_25_P44_y1-x1,2025-11-03 12:11:48,2025-11-05 11:13:08,47.022222222222226,cropped_B0000645_y1-x1.jpg,binary_cropped_B0000645_y1-x1.jpg,132667,212.2672,0,0,0,0,0,lab_threshold_L0-255_a90-135_b155-255+remove_thin_crescent_components,photos/03112025/Day2/B0000645.JPG,processed/split_wells/03112025/cropped_B0000645_y1-x1.jpg,processed/binary_wells/03112025/binary_cropped_B0000645_y1-x1.jpg
03112025,batch5L,Day3,B0000652.jpg,P39,y0-x0,P39_y0-x0,Lp,PFD100,25,Lp_PFD100_25_P39_y0-x0,2025-11-03 12:11:48,2025-11-06 11:01:59,70.83638888888889,cropped_B0000652_y0-x0.jpg,binary_cropped_B0000652_y0-x0.jpg,110224,176.35840000000002,0,0,0,9277,3,lab_threshold_L0-255_a90-135_b155-255+remove_thin_crescent_components,photos/03112025/Day3/B0000652.JPG,processed/split_wells/03112025/cropped_B0000652_y0-x0.jpg,processed/binary_wells/03112025/binary_cropped_B0000652_y0-x0.jpg
03112025,batch5L,Day3,B0000652.jpg,P39,y0-x1,P39_y0-x1,Wa,PFD100,25,Wa_PFD100_25_P39_y0-x1,2025-11-03 12:11:48,2025-11-06 11:01:59,70.83638888888889,cropped_B0000652_y0-x1.jpg,binary_cropped_B0000652_y0-x1.jpg,44217,70.7472,0,0,0,0,0,lab_threshold_L0-255_a90-135_b155-255+remove_thin_crescent_components,photos/03112025/Day3/B0000652.JPG,processed/split_wells/03112025/cropped_B0000652_y0-x1.jpg,processed/binary_wells/03112025/binary_cropped_B0000652_y0-x1.jpg
03112025,batch5L,Day3,B0000652.jpg,P39,y0-x2,P39_y0-x2,Lp,PFD100,25,Lp_PFD100_25_P39_y0-x2,2025-11-03 12:11:48,2025-11-06 11:01:59,70.83638888888889,cropped_B0000652_y0-x2.jpg,binary_cropped_B0000652_y0-x2.jpg,122685,196.29600000000002,0,0,0,6206,3,lab_threshold_L0-255_a90-135_b155-255+remove_thin_crescent_components,photos/03112025/Day3/B0000652.JPG,processed/split_wells/03112025/cropped_B0000652_y0-x2.jpg,processed/binary_wells/03112025/binary_cropped_B0000652_y0-x2.jpg
03112025,batch5L,Day3,B0000652.jpg,P39,y1-x0,P39_y1-x0,Wa,PFD100,25,Wa_PFD100_25_P39_y1-x0,2025-11-03 12:11:48,2025-11-06 11:01:59,70.83638888888889,cropped_B0000652_y1-x0.jpg,binary_cropped_B0000652_y1-x0.jpg,44672,71.4752,0,0,0,0,0,lab_threshold_L0-255_a90-135_b155-255+remove_thin_crescent_components,photos/03112025/Day3/B0000652.JPG,processed/split_wells/03112025/cropped_B0000652_y1-x0.jpg,processed/binary_wells/03112025/binary_cropped_B0000652_y1-x0.jpg
03112025,batch5L,Day3,B0000652.jpg,P39,y1-x1,P39_y1-x1,Lp,PFD100,25,Lp_PFD100_25_P39_y1-x1,2025-11-03 12:11:48,2025-11-06 11:01:59,70.83638888888889,cropped_B0000652_y1-x1.jpg,binary_cropped_B0000652_y1-x1.jpg,125158,200.2528,0,0,0,0,0,lab_threshold_L0-255_a90-135_b155-255+remove_thin_crescent_components,photos/03112025/Day3/B0000652.JPG,processed/split_wells/03112025/cropped_B0000652_y1-x1.jpg,processed/binary_wells/03112025/binary_cropped_B0000652_y1-x1.jpg
03112025,batch5L,Day3,B0000652.jpg,P39,y1-x2,P39_y1-x2,Wa,PFD100,25,Wa_PFD100_25_P39_y1-x2,2025-11-03 12:11:48,2025-11-06 11:01:59,70.83638888888889,cropped_B0000652_y1-x2.jpg,binary_cropped_B0000652_y1-x2.jpg,38751,62.0016,0,0,0,0,0,lab_threshold_L0-255_a90-135_b155-255+remove_thin_crescent_components,photos/03112025/Day3/B0000652.JPG,processed/split_wells/03112025/cropped_B0000652_y1-x2.jpg,processed/binary_wells/03112025/binary_cropped_B0000652_y1-x2.jpg
03112025,batch5L,Day3,B0000653.jpg,P40,y0-x0,P40_y0-x0,Lp,PFD100,25,Lp_PFD100_25_P40_y0-x0,2025-11-03 12:11:48,2025-11-06 11:02:20,70.84222222222222,cropped_B0000653_y0-x0.jpg,binary_cropped_B0000653_y0-x0.jpg,93169,149.0704,0,0,0,7209,1,lab_threshold_L0-255_a90-135_b155-255+remove_thin_crescent_components,photos/03112025/Day3/B0000653.JPG,processed/split_wells/03112025/cropped_B0000653_y0-x0.jpg,processed/binary_wells/03112025/binary_cropped_B0000653_y0-x0.jpg
03112025,batch5L,Day3,B0000653.jpg,P40,y0-x1,P40_y0-x1,Wa,PFD100,25,Wa_PFD100_25_P40_y0-x1,2025-11-03 12:11:48,2025-11-06 11:02:20,70.84222222222222,cropped_B0000653_y0-x1.jpg,binary_cropped_B0000653_y0-x1.jpg,67971,108.7536,0,0,0,0,0,lab_threshold_L0-255_a90-135_b155-255+remove_thin_crescent_components,photos/03112025/Day3/B0000653.JPG,processed/split_wells/03112025/cropped_B0000653_y0-x1.jpg,processed/binary_wells/03112025/binary_cropped_B0000653_y0-x1.jpg
03112025,batch5L,Day3,B0000653.jpg,P40,y0-x2,P40_y0-x2,Lp,PFD100,25,Lp_PFD100_25_P40_y0-x2,2025-11-03 12:11:48,2025-11-06 11:02:20,70.84222222222222,cropped_B0000653_y0-x2.jpg,binary_cropped_B0000653_y0-x2.jpg,83755,134.008,0,0,0,10189,2,lab_threshold_L0-255_a90-135_b155-255+remove_thin_crescent_components,photos/03112025/Day3/B0000653.JPG,processed/split_wells/03112025/cropped_B0000653_y0-x2.jpg,processed/binary_wells/03112025/binary_cropped_B0000653_y0-x2.jpg
03112025,batch5L,Day3,B0000653.jpg,P40,y1-x0,P40_y1-x0,Wa,PFD100,25,Wa_PFD100_25_P40_y1-x0,2025-11-03 12:11:48,2025-11-06 11:02:20,70.84222222222222,cropped_B0000653_y1-x0.jpg,binary_cropped_B0000653_y1-x0.jpg,61114,97.78240000000001,0,0,0,0,0,lab_threshold_L0-255_a90-135_b155-255+remove_thin_crescent_components,photos/03112025/Day3/B0000653.JPG,processed/split_wells/03112025/cropped_B0000653_y1-x0.jpg,processed/binary_wells/03112025/binary_cropped_B0000653_y1-x0.jpg
03112025,batch5L,Day3,B0000653.jpg,P40,y1-x1,P40_y1-x1,Lp,PFD100,25,Lp_PFD100_25_P40_y1-x1,2025-11-03 12:11:48,2025-11-06 11:02:20,70.84222222222222,cropped_B0000653_y1-x1.jpg,binary_cropped_B0000653_y1-x1.jpg,100477,160.7632,0,0,0,0,0,lab_threshold_L0-255_a90-135_b155-255+remove_thin_crescent_components,photos/03112025/Day3/B0000653.JPG,processed/split_wells/03112025/cropped_B0000653_y1-x1.jpg,processed/binary_wells/03112025/binary_cropped_B0000653_y1-x1.jpg
03112025,batch5L,Day3,B0000653.jpg,P40,y1-x2,P40_y1-x2,Wa,PFD100,25,Wa_PFD100_25_P40_y1-x2,2025-11-03 12:11:48,2025-11-06 11:02:20,70.84222222222222,cropped_B0000653_y1-x2.jpg,binary_cropped_B0000653_y1-x2.jpg,62816,100.5056,0,0,0,4707,1,lab_threshold_L0-255_a90-135_b155-255+remove_thin_crescent_components,photos/03112025/Day3/B0000653.JPG,processed/split_wells/03112025/cropped_B0000653_y1-x2.jpg,processed/binary_wells/03112025/binary_cropped_B0000653_y1-x2.jpg
03112025,batch5L,Day3,B0000654.jpg,P43,y0-x0,P43_y0-x0,Wh,PFD100,25,Wh_PFD100_25_P43_y0-x0,2025-11-03 12:11:48,2025-11-06 11:03:20,70.85888888888888,cropped_B0000654_y0-x0.jpg,binary_cropped_B0000654_y0-x0.jpg,182639,292.2224,0,0,0,0,0,lab_threshold_L0-255_a90-135_b155-255+remove_thin_crescent_components,photos/03112025/Day3/B0000654.JPG,processed/split_wells/03112025/cropped_B0000654_y0-x0.jpg,processed/binary_wells/03112025/binary_cropped_B0000654_y0-x0.jpg
03112025,batch5L,Day3,B0000654.jpg,P43,y0-x2,P43_y0-x2,Wh,PFD100,25,Wh_PFD100_25_P43_y0-x2,2025-11-03 12:11:48,2025-11-06 11:03:20,70.85888888888888,cropped_B0000654_y0-x2.jpg,binary_cropped_B0000654_y0-x2.jpg,134897,215.83520000000001,0,0,0,0,0,lab_threshold_L0-255_a90-135_b155-255+remove_thin_crescent_components,photos/03112025/Day3/B0000654.JPG,processed/split_wells/03112025/cropped_B0000654_y0-x2.jpg,processed/binary_wells/03112025/binary_cropped_B0000654_y0-x2.jpg
03112025,batch5L,Day3,B0000654.jpg,P43,y1-x1,P43_y1-x1,Wh,PFD100,25,Wh_PFD100_25_P43_y1-x1,2025-11-03 12:11:48,2025-11-06 11:03:20,70.85888888888888,cropped_B0000654_y1-x1.jpg,binary_cropped_B0000654_y1-x1.jpg,129122,206.5952,0,0,0,0,0,lab_threshold_L0-255_a90-135_b155-255+remove_thin_crescent_components,photos/03112025/Day3/B0000654.JPG,processed/split_wells/03112025/cropped_B0000654_y1-x1.jpg,processed/binary_wells/03112025/binary_cropped_B0000654_y1-x1.jpg
03112025,batch5L,Day3,B0000655.jpg,P41,y0-x0,P41_y0-x0,Wa,PFD1000,25,Wa_PFD1000_25_P41_y0-x0,2025-11-03 12:11:48,2025-11-06 11:03:45,70.86583333333333,cropped_B0000655_y0-x0.jpg,binary_cropped_B0000655_y0-x0.jpg,69594,111.35040000000001,0,0,0,0,0,lab_threshold_L0-255_a90-135_b155-255+remove_thin_crescent_components,photos/03112025/Day3/B0000655.JPG,processed/split_wells/03112025/cropped_B0000655_y0-x0.jpg,processed/binary_wells/03112025/binary_cropped_B0000655_y0-x0.jpg
03112025,batch5L,Day3,B0000655.jpg,P41,y0-x1,P41_y0-x1,Lp,PFD1000,25,Lp_PFD1000_25_P41_y0-x1,2025-11-03 12:11:48,2025-11-06 11:03:45,70.86583333333333,cropped_B0000655_y0-x1.jpg,binary_cropped_B0000655_y0-x1.jpg,110882,177.4112,0,0,0,0,0,lab_threshold_L0-255_a90-135_b155-255+remove_thin_crescent_components,photos/03112025/Day3/B0000655.JPG,processed/split_wells/03112025/cropped_B0000655_y0-x1.jpg,processed/binary_wells/03112025/binary_cropped_B0000655_y0-x1.jpg
03112025,batch5L,Day3,B0000655.jpg,P41,y0-x2,P41_y0-x2,Wa,PFD1000,25,Wa_PFD1000_25_P41_y0-x2,2025-11-03 12:11:48,2025-11-06 11:03:45,70.86583333333333,cropped_B0000655_y0-x2.jpg,binary_cropped_B0000655_y0-x2.jpg,47488,75.9808,0,0,0,0,0,lab_threshold_L0-255_a90-135_b155-255+remove_thin_crescent_components,photos/03112025/Day3/B0000655.JPG,processed/split_wells/03112025/cropped_B0000655_y0-x2.jpg,processed/binary_wells/03112025/binary_cropped_B0000655_y0-x2.jpg
03112025,batch5L,Day3,B0000655.jpg,P41,y1-x0,P41_y1-x0,Lp,PFD1000,25,Lp_PFD1000_25_P41_y1-x0,2025-11-03 12:11:48,2025-11-06 11:03:45,70.86583333333333,cropped_B0000655_y1-x0.jpg,binary_cropped_B0000655_y1-x0.jpg,112915,180.66400000000002,0,0,0,0,0,lab_threshold_L0-255_a90-135_b155-255+remove_thin_crescent_components,photos/03112025/Day3/B0000655.JPG,processed/split_wells/03112025/cropped_B0000655_y1-x0.jpg,processed/binary_wells/03112025/binary_cropped_B0000655_y1-x0.jpg
03112025,batch5L,Day3,B0000655.jpg,P41,y1-x1,P41_y1-x1,Wa,PFD1000,25,Wa_PFD1000_25_P41_y1-x1,2025-11-03 12:11:48,2025-11-06 11:03:45,70.86583333333333,cropped_B0000655_y1-x1.jpg,binary_cropped_B0000655_y1-x1.jpg,49283,78.8528,0,0,0,0,0,lab_threshold_L0-255_a90-135_b155-255+remove_thin_crescent_components,photos/03112025/Day3/B0000655.JPG,processed/split_wells/03112025/cropped_B0000655_y1-x1.jpg,processed/binary_wells/03112025/binary_cropped_B0000655_y1-x1.jpg
03112025,batch5L,Day3,B0000655.jpg,P41,y1-x2,P41_y1-x2,Lp,PFD1000,25,Lp_PFD1000_25_P41_y1-x2,2025-11-03 12:11:48,2025-11-06 11:03:45,70.86583333333333,cropped_B0000655_y1-x2.jpg,binary_cropped_B0000655_y1-x2.jpg,114030,182.448,0,0,0,1647,1,lab_threshold_L0-255_a90-135_b155-255+remove_thin_crescent_components,photos/03112025/Day3/B0000655.JPG,processed/split_wells/03112025/cropped_B0000655_y1-x2.jpg,processed/binary_wells/03112025/binary_cropped_B0000655_y1-x2.jpg
03112025,batch5L,Day3,B0000656.jpg,P42,y0-x0,P42_y0-x0,Wa,PFD1000,25,Wa_PFD1000_25_P42_y0-x0,2025-11-03 12:11:48,2025-11-06 11:04:08,70.87222222222222,cropped_B0000656_y0-x0.jpg,binary_cropped_B0000656_y0-x0.jpg,96969,155.15040000000002,0,0,0,0,0,lab_threshold_L0-255_a90-135_b155-255+remove_thin_crescent_components,photos/03112025/Day3/B0000656.JPG,processed/split_wells/03112025/cropped_B0000656_y0-x0.jpg,processed/binary_wells/03112025/binary_cropped_B0000656_y0-x0.jpg
03112025,batch5L,Day3,B0000656.jpg,P42,y0-x1,P42_y0-x1,Lp,PFD1000,25,Lp_PFD1000_25_P42_y0-x1,2025-11-03 12:11:48,2025-11-06 11:04:08,70.87222222222222,cropped_B0000656_y0-x1.jpg,binary_cropped_B0000656_y0-x1.jpg,91725,146.76000000000002,0,0,0,0,0,lab_threshold_L0-255_a90-135_b155-255+remove_thin_crescent_components,photos/03112025/Day3/B0000656.JPG,processed/split_wells/03112025/cropped_B0000656_y0-x1.jpg,processed/binary_wells/03112025/binary_cropped_B0000656_y0-x1.jpg
03112025,batch5L,Day3,B0000656.jpg,P42,y0-x2,P42_y0-x2,Wa,PFD1000,25,Wa_PFD1000_25_P42_y0-x2,2025-11-03 12:11:48,2025-11-06 11:04:08,70.87222222222222,cropped_B0000656_y0-x2.jpg,binary_cropped_B0000656_y0-x2.jpg,89836,143.73760000000001,0,0,0,0,0,lab_threshold_L0-255_a90-135_b155-255+remove_thin_crescent_components,photos/03112025/Day3/B0000656.JPG,processed/split_wells/03112025/cropped_B0000656_y0-x2.jpg,processed/binary_wells/03112025/binary_cropped_B0000656_y0-x2.jpg
03112025,batch5L,Day3,B0000656.jpg,P42,y1-x0,P42_y1-x0,Lp,PFD1000,25,Lp_PFD1000_25_P42_y1-x0,2025-11-03 12:11:48,2025-11-06 11:04:08,70.87222222222222,cropped_B0000656_y1-x0.jpg,binary_cropped_B0000656_y1-x0.jpg,89842,143.74720000000002,0,0,0,1123,1,lab_threshold_L0-255_a90-135_b155-255+remove_thin_crescent_components,photos/03112025/Day3/B0000656.JPG,processed/split_wells/03112025/cropped_B0000656_y1-x0.jpg,processed/binary_wells/03112025/binary_cropped_B0000656_y1-x0.jpg
03112025,batch5L,Day3,B0000656.jpg,P42,y1-x1,P42_y1-x1,Wa,PFD1000,25,Wa_PFD1000_25_P42_y1-x1,2025-11-03 12:11:48,2025-11-06 11:04:08,70.87222222222222,cropped_B0000656_y1-x1.jpg,binary_cropped_B0000656_y1-x1.jpg,109773,175.63680000000002,0,0,0,0,0,lab_threshold_L0-255_a90-135_b155-255+remove_thin_crescent_components,photos/03112025/Day3/B0000656.JPG,processed/split_wells/03112025/cropped_B0000656_y1-x1.jpg,processed/binary_wells/03112025/binary_cropped_B0000656_y1-x1.jpg
03112025,batch5L,Day3,B0000656.jpg,P42,y1-x2,P42_y1-x2,Lp,PFD1000,25,Lp_PFD1000_25_P42_y1-x2,2025-11-03 12:11:48,2025-11-06 11:04:08,70.87222222222222,cropped_B0000656_y1-x2.jpg,binary_cropped_B0000656_y1-x2.jpg,96026,153.6416,0,0,0,0,0,lab_threshold_L0-255_a90-135_b155-255+remove_thin_crescent_components,photos/03112025/Day3/B0000656.JPG,processed/split_wells/03112025/cropped_B0000656_y1-x2.jpg,processed/binary_wells/03112025/binary_cropped_B0000656_y1-x2.jpg
03112025,batch5L,Day3,B0000657.jpg,P44,y0-x0,P44_y0-x0,Wh,PFD1000,25,Wh_PFD1000_25_P44_y0-x0,2025-11-03 12:11:48,2025-11-06 11:05:06,70.88833333333334,cropped_B0000657_y0-x0.jpg,binary_cropped_B0000657_y0-x0.jpg,163935,262.296,0,0,0,0,0,lab_threshold_L0-255_a90-135_b155-255+remove_thin_crescent_components,photos/03112025/Day3/B0000657.JPG,processed/split_wells/03112025/cropped_B0000657_y0-x0.jpg,processed/binary_wells/03112025/binary_cropped_B0000657_y0-x0.jpg
03112025,batch5L,Day3,B0000657.jpg,P44,y0-x2,P44_y0-x2,Wh,PFD1000,25,Wh_PFD1000_25_P44_y0-x2,2025-11-03 12:11:48,2025-11-06 11:05:06,70.88833333333334,cropped_B0000657_y0-x2.jpg,binary_cropped_B0000657_y0-x2.jpg,112626,180.2016,0,0,0,19201,2,lab_threshold_L0-255_a90-135_b155-255+remove_thin_crescent_components,photos/03112025/Day3/B0000657.JPG,processed/split_wells/03112025/cropped_B0000657_y0-x2.jpg,processed/binary_wells/03112025/binary_cropped_B0000657_y0-x2.jpg
03112025,batch5L,Day3,B0000657.jpg,P44,y1-x1,P44_y1-x1,Wh,PFD1000,25,Wh_PFD1000_25_P44_y1-x1,2025-11-03 12:11:48,2025-11-06 11:05:06,70.88833333333334,cropped_B0000657_y1-x1.jpg,binary_cropped_B0000657_y1-x1.jpg,174988,279.9808,0,0,0,0,0,lab_threshold_L0-255_a90-135_b155-255+remove_thin_crescent_components,photos/03112025/Day3/B0000657.JPG,processed/split_wells/03112025/cropped_B0000657_y1-x1.jpg,processed/binary_wells/03112025/binary_cropped_B0000657_y1-x1.jpg
03112025,batch5L,Day4,B0000664.jpg,P39,y0-x0,P39_y0-x0,Lp,PFD100,25,Lp_PFD100_25_P39_y0-x0,2025-11-03 12:11:48,2025-11-07 11:05:56,94.90222222222222,cropped_B0000664_y0-x0.jpg,binary_cropped_B0000664_y0-x0.jpg,128891,206.22560000000001,0,0,0,0,0,lab_threshold_L0-255_a90-135_b155-255+remove_thin_crescent_components,photos/03112025/Day4/B0000664.JPG,processed/split_wells/03112025/cropped_B0000664_y0-x0.jpg,processed/binary_wells/03112025/binary_cropped_B0000664_y0-x0.jpg
03112025,batch5L,Day4,B0000664.jpg,P39,y0-x1,P39_y0-x1,Wa,PFD100,25,Wa_PFD100_25_P39_y0-x1,2025-11-03 12:11:48,2025-11-07 11:05:56,94.90222222222222,cropped_B0000664_y0-x1.jpg,binary_cropped_B0000664_y0-x1.jpg,48682,77.8912,0,0,0,0,0,lab_threshold_L0-255_a90-135_b155-255+remove_thin_crescent_components,photos/03112025/Day4/B0000664.JPG,processed/split_wells/03112025/cropped_B0000664_y0-x1.jpg,processed/binary_wells/03112025/binary_cropped_B0000664_y0-x1.jpg
03112025,batch5L,Day4,B0000664.jpg,P39,y0-x2,P39_y0-x2,Lp,PFD100,25,Lp_PFD100_25_P39_y0-x2,2025-11-03 12:11:48,2025-11-07 11:05:56,94.90222222222222,cropped_B0000664_y0-x2.jpg,binary_cropped_B0000664_y0-x2.jpg,146786,234.85760000000002,0,0,0,0,0,lab_threshold_L0-255_a90-135_b155-255+remove_thin_crescent_components,photos/03112025/Day4/B0000664.JPG,processed/split_wells/03112025/cropped_B0000664_y0-x2.jpg,processed/binary_wells/03112025/binary_cropped_B0000664_y0-x2.jpg
03112025,batch5L,Day4,B0000664.jpg,P39,y1-x0,P39_y1-x0,Wa,PFD100,25,Wa_PFD100_25_P39_y1-x0,2025-11-03 12:11:48,2025-11-07 11:05:56,94.90222222222222,cropped_B0000664_y1-x0.jpg,binary_cropped_B0000664_y1-x0.jpg,53223,85.1568,0,0,0,3669,1,lab_threshold_L0-255_a90-135_b155-255+remove_thin_crescent_components,photos/03112025/Day4/B0000664.JPG,processed/split_wells/03112025/cropped_B0000664_y1-x0.jpg,processed/binary_wells/03112025/binary_cropped_B0000664_y1-x0.jpg
03112025,batch5L,Day4,B0000664.jpg,P39,y1-x1,P39_y1-x1,Lp,PFD100,25,Lp_PFD100_25_P39_y1-x1,2025-11-03 12:11:48,2025-11-07 11:05:56,94.90222222222222,cropped_B0000664_y1-x1.jpg,binary_cropped_B0000664_y1-x1.jpg,144356,230.9696,0,0,0,0,0,lab_threshold_L0-255_a90-135_b155-255+remove_thin_crescent_components,photos/03112025/Day4/B0000664.JPG,processed/split_wells/03112025/cropped_B0000664_y1-x1.jpg,processed/binary_wells/03112025/binary_cropped_B0000664_y1-x1.jpg
03112025,batch5L,Day4,B0000664.jpg,P39,y1-x2,P39_y1-x2,Wa,PFD100,25,Wa_PFD100_25_P39_y1-x2,2025-11-03 12:11:48,2025-11-07 11:05:56,94.90222222222222,cropped_B0000664_y1-x2.jpg,binary_cropped_B0000664_y1-x2.jpg,42830,68.528,0,0,0,0,0,lab_threshold_L0-255_a90-135_b155-255+remove_thin_crescent_components,photos/03112025/Day4/B0000664.JPG,processed/split_wells/03112025/cropped_B0000664_y1-x2.jpg,processed/binary_wells/03112025/binary_cropped_B0000664_y1-x2.jpg
03112025,batch5L,Day4,B0000665.jpg,P40,y0-x0,P40_y0-x0,Lp,PFD100,25,Lp_PFD100_25_P40_y0-x0,2025-11-03 12:11:48,2025-11-07 11:06:12,94.90666666666667,cropped_B0000665_y0-x0.jpg,binary_cropped_B0000665_y0-x0.jpg,109543,175.2688,0,0,0,3364,1,lab_threshold_L0-255_a90-135_b155-255+remove_thin_crescent_components,photos/03112025/Day4/B0000665.JPG,processed/split_wells/03112025/cropped_B0000665_y0-x0.jpg,processed/binary_wells/03112025/binary_cropped_B0000665_y0-x0.jpg
03112025,batch5L,Day4,B0000665.jpg,P40,y0-x1,P40_y0-x1,Wa,PFD100,25,Wa_PFD100_25_P40_y0-x1,2025-11-03 12:11:48,2025-11-07 11:06:12,94.90666666666667,cropped_B0000665_y0-x1.jpg,binary_cropped_B0000665_y0-x1.jpg,86104,137.7664,0,0,0,1024,1,lab_threshold_L0-255_a90-135_b155-255+remove_thin_crescent_components,photos/03112025/Day4/B0000665.JPG,processed/split_wells/03112025/cropped_B0000665_y0-x1.jpg,processed/binary_wells/03112025/binary_cropped_B0000665_y0-x1.jpg
03112025,batch5L,Day4,B0000665.jpg,P40,y0-x2,P40_y0-x2,Lp,PFD100,25,Lp_PFD100_25_P40_y0-x2,2025-11-03 12:11:48,2025-11-07 11:06:12,94.90666666666667,cropped_B0000665_y0-x2.jpg,binary_cropped_B0000665_y0-x2.jpg,94469,151.15040000000002,0,0,0,2556,2,lab_threshold_L0-255_a90-135_b155-255+remove_thin_crescent_components,photos/03112025/Day4/B0000665.JPG,processed/split_wells/03112025/cropped_B0000665_y0-x2.jpg,processed/binary_wells/03112025/binary_cropped_B0000665_y0-x2.jpg
03112025,batch5L,Day4,B0000665.jpg,P40,y1-x0,P40_y1-x0,Wa,PFD100,25,Wa_PFD100_25_P40_y1-x0,2025-11-03 12:11:48,2025-11-07 11:06:12,94.90666666666667,cropped_B0000665_y1-x0.jpg,binary_cropped_B0000665_y1-x0.jpg,80898,129.4368,0,0,0,0,0,lab_threshold_L0-255_a90-135_b155-255+remove_thin_crescent_components,photos/03112025/Day4/B0000665.JPG,processed/split_wells/03112025/cropped_B0000665_y1-x0.jpg,processed/binary_wells/03112025/binary_cropped_B0000665_y1-x0.jpg
03112025,batch5L,Day4,B0000665.jpg,P40,y1-x1,P40_y1-x1,Lp,PFD100,25,Lp_PFD100_25_P40_y1-x1,2025-11-03 12:11:48,2025-11-07 11:06:12,94.90666666666667,cropped_B0000665_y1-x1.jpg,binary_cropped_B0000665_y1-x1.jpg,118287,189.25920000000002,0,0,0,0,0,lab_threshold_L0-255_a90-135_b155-255+remove_thin_crescent_components,photos/03112025/Day4/B0000665.JPG,processed/split_wells/03112025/cropped_B0000665_y1-x1.jpg,processed/binary_wells/03112025/binary_cropped_B0000665_y1-x1.jpg
03112025,batch5L,Day4,B0000665.jpg,P40,y1-x2,P40_y1-x2,Wa,PFD100,25,Wa_PFD100_25_P40_y1-x2,2025-11-03 12:11:48,2025-11-07 11:06:12,94.90666666666667,cropped_B0000665_y1-x2.jpg,binary_cropped_B0000665_y1-x2.jpg,90658,145.05280000000002,0,0,0,0,0,lab_threshold_L0-255_a90-135_b155-255+remove_thin_crescent_components,photos/03112025/Day4/B0000665.JPG,processed/split_wells/03112025/cropped_B0000665_y1-x2.jpg,processed/binary_wells/03112025/binary_cropped_B0000665_y1-x2.jpg
03112025,batch5L,Day4,B0000666.jpg,P43,y0-x0,P43_y0-x0,Wh,PFD100,25,Wh_PFD100_25_P43_y0-x0,2025-11-03 12:11:48,2025-11-07 11:06:28,94.91111111111111,cropped_B0000666_y0-x0.jpg,binary_cropped_B0000666_y0-x0.jpg,211751,338.8016,0,0,0,2363,1,lab_threshold_L0-255_a90-135_b155-255+remove_thin_crescent_components,photos/03112025/Day4/B0000666.JPG,processed/split_wells/03112025/cropped_B0000666_y0-x0.jpg,processed/binary_wells/03112025/binary_cropped_B0000666_y0-x0.jpg
03112025,batch5L,Day4,B0000666.jpg,P43,y0-x2,P43_y0-x2,Wh,PFD100,25,Wh_PFD100_25_P43_y0-x2,2025-11-03 12:11:48,2025-11-07 11:06:28,94.91111111111111,cropped_B0000666_y0-x2.jpg,binary_cropped_B0000666_y0-x2.jpg,151876,243.00160000000002,0,0,0,0,0,lab_threshold_L0-255_a90-135_b155-255+remove_thin_crescent_components,photos/03112025/Day4/B0000666.JPG,processed/split_wells/03112025/cropped_B0000666_y0-x2.jpg,processed/binary_wells/03112025/binary_cropped_B0000666_y0-x2.jpg
03112025,batch5L,Day4,B0000666.jpg,P43,y1-x1,P43_y1-x1,Wh,PFD100,25,Wh_PFD100_25_P43_y1-x1,2025-11-03 12:11:48,2025-11-07 11:06:28,94.91111111111111,cropped_B0000666_y1-x1.jpg,binary_cropped_B0000666_y1-x1.jpg,145319,232.5104,0,0,0,0,0,lab_threshold_L0-255_a90-135_b155-255+remove_thin_crescent_components,photos/03112025/Day4/B0000666.JPG,processed/split_wells/03112025/cropped_B0000666_y1-x1.jpg,processed/binary_wells/03112025/binary_cropped_B0000666_y1-x1.jpg
03112025,batch5L,Day4,B0000667.jpg,P41,y0-x0,P41_y0-x0,Wa,PFD1000,25,Wa_PFD1000_25_P41_y0-x0,2025-11-03 12:11:48,2025-11-07 11:09:30,94.96166666666667,cropped_B0000667_y0-x0.jpg,binary_cropped_B0000667_y0-x0.jpg,87326,139.7216,0,0,0,0,0,lab_threshold_L0-255_a90-135_b155-255+remove_thin_crescent_components,photos/03112025/Day4/B0000667.JPG,processed/split_wells/03112025/cropped_B0000667_y0-x0.jpg,processed/binary_wells/03112025/binary_cropped_B0000667_y0-x0.jpg
03112025,batch5L,Day4,B0000667.jpg,P41,y0-x1,P41_y0-x1,Lp,PFD1000,25,Lp_PFD1000_25_P41_y0-x1,2025-11-03 12:11:48,2025-11-07 11:09:30,94.96166666666667,cropped_B0000667_y0-x1.jpg,binary_cropped_B0000667_y0-x1.jpg,122801,196.48160000000001,0,0,0,388,1,lab_threshold_L0-255_a90-135_b155-255+remove_thin_crescent_components,photos/03112025/Day4/B0000667.JPG,processed/split_wells/03112025/cropped_B0000667_y0-x1.jpg,processed/binary_wells/03112025/binary_cropped_B0000667_y0-x1.jpg
03112025,batch5L,Day4,B0000667.jpg,P41,y0-x2,P41_y0-x2,Wa,PFD1000,25,Wa_PFD1000_25_P41_y0-x2,2025-11-03 12:11:48,2025-11-07 11:09:30,94.96166666666667,cropped_B0000667_y0-x2.jpg,binary_cropped_B0000667_y0-x2.jpg,71605,114.56800000000001,0,0,0,1102,1,lab_threshold_L0-255_a90-135_b155-255+remove_thin_crescent_components,photos/03112025/Day4/B0000667.JPG,processed/split_wells/03112025/cropped_B0000667_y0-x2.jpg,processed/binary_wells/03112025/binary_cropped_B0000667_y0-x2.jpg
03112025,batch5L,Day4,B0000667.jpg,P41,y1-x0,P41_y1-x0,Lp,PFD1000,25,Lp_PFD1000_25_P41_y1-x0,2025-11-03 12:11:48,2025-11-07 11:09:30,94.96166666666667,cropped_B0000667_y1-x0.jpg,binary_cropped_B0000667_y1-x0.jpg,129170,206.672,0,0,0,0,0,lab_threshold_L0-255_a90-135_b155-255+remove_thin_crescent_components,photos/03112025/Day4/B0000667.JPG,processed/split_wells/03112025/cropped_B0000667_y1-x0.jpg,processed/binary_wells/03112025/binary_cropped_B0000667_y1-x0.jpg
03112025,batch5L,Day4,B0000667.jpg,P41,y1-x1,P41_y1-x1,Wa,PFD1000,25,Wa_PFD1000_25_P41_y1-x1,2025-11-03 12:11:48,2025-11-07 11:09:30,94.96166666666667,cropped_B0000667_y1-x1.jpg,binary_cropped_B0000667_y1-x1.jpg,67906,108.6496,0,0,0,0,0,lab_threshold_L0-255_a90-135_b155-255+remove_thin_crescent_components,photos/03112025/Day4/B0000667.JPG,processed/split_wells/03112025/cropped_B0000667_y1-x1.jpg,processed/binary_wells/03112025/binary_cropped_B0000667_y1-x1.jpg
03112025,batch5L,Day4,B0000667.jpg,P41,y1-x2,P41_y1-x2,Lp,PFD1000,25,Lp_PFD1000_25_P41_y1-x2,2025-11-03 12:11:48,2025-11-07 11:09:30,94.96166666666667,cropped_B0000667_y1-x2.jpg,binary_cropped_B0000667_y1-x2.jpg,130515,208.824,0,0,0,0,0,lab_threshold_L0-255_a90-135_b155-255+remove_thin_crescent_components,photos/03112025/Day4/B0000667.JPG,processed/split_wells/03112025/cropped_B0000667_y1-x2.jpg,processed/binary_wells/03112025/binary_cropped_B0000667_y1-x2.jpg
03112025,batch5L,Day4,B0000668.jpg,P42,y0-x0,P42_y0-x0,Wa,PFD1000,25,Wa_PFD1000_25_P42_y0-x0,2025-11-03 12:11:48,2025-11-07 11:10:03,94.97083333333333,cropped_B0000668_y0-x0.jpg,binary_cropped_B0000668_y0-x0.jpg,139439,223.10240000000002,0,0,0,0,0,lab_threshold_L0-255_a90-135_b155-255+remove_thin_crescent_components,photos/03112025/Day4/B0000668.JPG,processed/split_wells/03112025/cropped_B0000668_y0-x0.jpg,processed/binary_wells/03112025/binary_cropped_B0000668_y0-x0.jpg
03112025,batch5L,Day4,B0000668.jpg,P42,y0-x1,P42_y0-x1,Lp,PFD1000,25,Lp_PFD1000_25_P42_y0-x1,2025-11-03 12:11:48,2025-11-07 11:10:03,94.97083333333333,cropped_B0000668_y0-x1.jpg,binary_cropped_B0000668_y0-x1.jpg,99494,159.1904,0,0,0,0,0,lab_threshold_L0-255_a90-135_b155-255+remove_thin_crescent_components,photos/03112025/Day4/B0000668.JPG,processed/split_wells/03112025/cropped_B0000668_y0-x1.jpg,processed/binary_wells/03112025/binary_cropped_B0000668_y0-x1.jpg
03112025,batch5L,Day4,B0000668.jpg,P42,y0-x2,P42_y0-x2,Wa,PFD1000,25,Wa_PFD1000_25_P42_y0-x2,2025-11-03 12:11:48,2025-11-07 11:10:03,94.97083333333333,cropped_B0000668_y0-x2.jpg,binary_cropped_B0000668_y0-x2.jpg,114469,183.15040000000002,0,0,0,13840,1,lab_threshold_L0-255_a90-135_b155-255+remove_thin_crescent_components,photos/03112025/Day4/B0000668.JPG,processed/split_wells/03112025/cropped_B0000668_y0-x2.jpg,processed/binary_wells/03112025/binary_cropped_B0000668_y0-x2.jpg
03112025,batch5L,Day4,B0000668.jpg,P42,y1-x0,P42_y1-x0,Lp,PFD1000,25,Lp_PFD1000_25_P42_y1-x0,2025-11-03 12:11:48,2025-11-07 11:10:03,94.97083333333333,cropped_B0000668_y1-x0.jpg,binary_cropped_B0000668_y1-x0.jpg,99420,159.072,0,0,0,2433,1,lab_threshold_L0-255_a90-135_b155-255+remove_thin_crescent_components,photos/03112025/Day4/B0000668.JPG,processed/split_wells/03112025/cropped_B0000668_y1-x0.jpg,processed/binary_wells/03112025/binary_cropped_B0000668_y1-x0.jpg
03112025,batch5L,Day4,B0000668.jpg,P42,y1-x1,P42_y1-x1,Wa,PFD1000,25,Wa_PFD1000_25_P42_y1-x1,2025-11-03 12:11:48,2025-11-07 11:10:03,94.97083333333333,cropped_B0000668_y1-x1.jpg,binary_cropped_B0000668_y1-x1.jpg,158009,252.8144,0,0,0,0,0,lab_threshold_L0-255_a90-135_b155-255+remove_thin_crescent_components,photos/03112025/Day4/B0000668.JPG,processed/split_wells/03112025/cropped_B0000668_y1-x1.jpg,processed/binary_wells/03112025/binary_cropped_B0000668_y1-x1.jpg
03112025,batch5L,Day4,B0000668.jpg,P42,y1-x2,P42_y1-x2,Lp,PFD1000,25,Lp_PFD1000_25_P42_y1-x2,2025-11-03 12:11:48,2025-11-07 11:10:03,94.97083333333333,cropped_B0000668_y1-x2.jpg,binary_cropped_B0000668_y1-x2.jpg,109419,175.0704,0,0,0,0,0,lab_threshold_L0-255_a90-135_b155-255+remove_thin_crescent_components,photos/03112025/Day4/B0000668.JPG,processed/split_wells/03112025/cropped_B0000668_y1-x2.jpg,processed/binary_wells/03112025/binary_cropped_B0000668_y1-x2.jpg
03112025,batch5L,Day4,B0000669.jpg,P44,y0-x0,P44_y0-x0,Wh,PFD1000,25,Wh_PFD1000_25_P44_y0-x0,2025-11-03 12:11:48,2025-11-07 11:11:27,94.99416666666667,cropped_B0000669_y0-x0.jpg,binary_cropped_B0000669_y0-x0.jpg,230373,368.59680000000003,0,0,0,0,0,lab_threshold_L0-255_a90-135_b155-255+remove_thin_crescent_components,photos/03112025/Day4/B0000669.JPG,processed/split_wells/03112025/cropped_B0000669_y0-x0.jpg,processed/binary_wells/03112025/binary_cropped_B0000669_y0-x0.jpg
03112025,batch5L,Day4,B0000669.jpg,P44,y0-x2,P44_y0-x2,Wh,PFD1000,25,Wh_PFD1000_25_P44_y0-x2,2025-11-03 12:11:48,2025-11-07 11:11:27,94.99416666666667,cropped_B0000669_y0-x2.jpg,binary_cropped_B0000669_y0-x2.jpg,157028,251.2448,0,0,0,27087,1,lab_threshold_L0-255_a90-135_b155-255+remove_thin_crescent_components,photos/03112025/Day4/B0000669.JPG,processed/split_wells/03112025/cropped_B0000669_y0-x2.jpg,processed/binary_wells/03112025/binary_cropped_B0000669_y0-x2.jpg
03112025,batch5L,Day4,B0000669.jpg,P44,y1-x1,P44_y1-x1,Wh,PFD1000,25,Wh_PFD1000_25_P44_y1-x1,2025-11-03 12:11:48,2025-11-07 11:11:27,94.99416666666667,cropped_B0000669_y1-x1.jpg,binary_cropped_B0000669_y1-x1.jpg,246725,394.76,0,0,0,0,0,lab_threshold_L0-255_a90-135_b155-255+remove_thin_crescent_components,photos/03112025/Day4/B0000669.JPG,processed/split_wells/03112025/cropped_B0000669_y1-x1.jpg,processed/binary_wells/03112025/binary_cropped_B0000669_y1-x1.jpg
03112025,batch5L,Day5,B0000676.jpg,P39,y0-x0,P39_y0-x0,Lp,PFD100,25,Lp_PFD100_25_P39_y0-x0,2025-11-03 12:11:48,2025-11-08 10:59:21,118.7925,cropped_B0000676_y0-x0.jpg,binary_cropped_B0000676_y0-x0.jpg,142071,227.3136,0,0,0,6715,1,lab_threshold_L0-255_a90-135_b155-255+remove_thin_crescent_components,photos/03112025/Day5/B0000676.JPG,processed/split_wells/03112025/cropped_B0000676_y0-x0.jpg,processed/binary_wells/03112025/binary_cropped_B0000676_y0-x0.jpg
03112025,batch5L,Day5,B0000676.jpg,P39,y0-x1,P39_y0-x1,Wa,PFD100,25,Wa_PFD100_25_P39_y0-x1,2025-11-03 12:11:48,2025-11-08 10:59:21,118.7925,cropped_B0000676_y0-x1.jpg,binary_cropped_B0000676_y0-x1.jpg,57261,91.61760000000001,0,0,0,0,0,lab_threshold_L0-255_a90-135_b155-255+remove_thin_crescent_components,photos/03112025/Day5/B0000676.JPG,processed/split_wells/03112025/cropped_B0000676_y0-x1.jpg,processed/binary_wells/03112025/binary_cropped_B0000676_y0-x1.jpg
03112025,batch5L,Day5,B0000676.jpg,P39,y0-x2,P39_y0-x2,Lp,PFD100,25,Lp_PFD100_25_P39_y0-x2,2025-11-03 12:11:48,2025-11-08 10:59:21,118.7925,cropped_B0000676_y0-x2.jpg,binary_cropped_B0000676_y0-x2.jpg,158087,252.9392,0,0,0,5899,1,lab_threshold_L0-255_a90-135_b155-255+remove_thin_crescent_components,photos/03112025/Day5/B0000676.JPG,processed/split_wells/03112025/cropped_B0000676_y0-x2.jpg,processed/binary_wells/03112025/binary_cropped_B0000676_y0-x2.jpg
03112025,batch5L,Day5,B0000676.jpg,P39,y1-x0,P39_y1-x0,Wa,PFD100,25,Wa_PFD100_25_P39_y1-x0,2025-11-03 12:11:48,2025-11-08 10:59:21,118.7925,cropped_B0000676_y1-x0.jpg,binary_cropped_B0000676_y1-x0.jpg,63037,100.8592,0,0,0,4886,1,lab_threshold_L0-255_a90-135_b155-255+remove_thin_crescent_components,photos/03112025/Day5/B0000676.JPG,processed/split_wells/03112025/cropped_B0000676_y1-x0.jpg,processed/binary_wells/03112025/binary_cropped_B0000676_y1-x0.jpg
03112025,batch5L,Day5,B0000676.jpg,P39,y1-x1,P39_y1-x1,Lp,PFD100,25,Lp_PFD100_25_P39_y1-x1,2025-11-03 12:11:48,2025-11-08 10:59:21,118.7925,cropped_B0000676_y1-x1.jpg,binary_cropped_B0000676_y1-x1.jpg,154116,246.5856,0,0,0,0,0,lab_threshold_L0-255_a90-135_b155-255+remove_thin_crescent_components,photos/03112025/Day5/B0000676.JPG,processed/split_wells/03112025/cropped_B0000676_y1-x1.jpg,processed/binary_wells/03112025/binary_cropped_B0000676_y1-x1.jpg
03112025,batch5L,Day5,B0000676.jpg,P39,y1-x2,P39_y1-x2,Wa,PFD100,25,Wa_PFD100_25_P39_y1-x2,2025-11-03 12:11:48,2025-11-08 10:59:21,118.7925,cropped_B0000676_y1-x2.jpg,binary_cropped_B0000676_y1-x2.jpg,50855,81.36800000000001,0,0,0,0,0,lab_threshold_L0-255_a90-135_b155-255+remove_thin_crescent_components,photos/03112025/Day5/B0000676.JPG,processed/split_wells/03112025/cropped_B0000676_y1-x2.jpg,processed/binary_wells/03112025/binary_cropped_B0000676_y1-x2.jpg
03112025,batch5L,Day5,B0000677.jpg,P40,y0-x0,P40_y0-x0,Lp,PFD100,25,Lp_PFD100_25_P40_y0-x0,2025-11-03 12:11:48,2025-11-08 11:00:32,118.81222222222222,cropped_B0000677_y0-x0.jpg,binary_cropped_B0000677_y0-x0.jpg,118814,190.10240000000002,0,0,0,3211,1,lab_threshold_L0-255_a90-135_b155-255+remove_thin_crescent_components,photos/03112025/Day5/B0000677.JPG,processed/split_wells/03112025/cropped_B0000677_y0-x0.jpg,processed/binary_wells/03112025/binary_cropped_B0000677_y0-x0.jpg
03112025,batch5L,Day5,B0000677.jpg,P40,y0-x1,P40_y0-x1,Wa,PFD100,25,Wa_PFD100_25_P40_y0-x1,2025-11-03 12:11:48,2025-11-08 11:00:32,118.81222222222222,cropped_B0000677_y0-x1.jpg,binary_cropped_B0000677_y0-x1.jpg,91134,145.8144,0,0,0,0,0,lab_threshold_L0-255_a90-135_b155-255+remove_thin_crescent_components,photos/03112025/Day5/B0000677.JPG,processed/split_wells/03112025/cropped_B0000677_y0-x1.jpg,processed/binary_wells/03112025/binary_cropped_B0000677_y0-x1.jpg
03112025,batch5L,Day5,B0000677.jpg,P40,y0-x2,P40_y0-x2,Lp,PFD100,25,Lp_PFD100_25_P40_y0-x2,2025-11-03 12:11:48,2025-11-08 11:00:32,118.81222222222222,cropped_B0000677_y0-x2.jpg,binary_cropped_B0000677_y0-x2.jpg,96889,155.0224,0,0,0,4848,2,lab_threshold_L0-255_a90-135_b155-255+remove_thin_crescent_components,photos/03112025/Day5/B0000677.JPG,processed/split_wells/03112025/cropped_B0000677_y0-x2.jpg,processed/binary_wells/03112025/binary_cropped_B0000677_y0-x2.jpg
03112025,batch5L,Day5,B0000677.jpg,P40,y1-x0,P40_y1-x0,Wa,PFD100,25,Wa_PFD100_25_P40_y1-x0,2025-11-03 12:11:48,2025-11-08 11:00:32,118.81222222222222,cropped_B0000677_y1-x0.jpg,binary_cropped_B0000677_y1-x0.jpg,56803,90.8848,0,0,0,2604,1,lab_threshold_L0-255_a90-135_b155-255+remove_thin_crescent_components,photos/03112025/Day5/B0000677.JPG,processed/split_wells/03112025/cropped_B0000677_y1-x0.jpg,processed/binary_wells/03112025/binary_cropped_B0000677_y1-x0.jpg
03112025,batch5L,Day5,B0000677.jpg,P40,y1-x1,P40_y1-x1,Lp,PFD100,25,Lp_PFD100_25_P40_y1-x1,2025-11-03 12:11:48,2025-11-08 11:00:32,118.81222222222222,cropped_B0000677_y1-x1.jpg,binary_cropped_B0000677_y1-x1.jpg,114933,183.89280000000002,0,0,0,0,0,lab_threshold_L0-255_a90-135_b155-255+remove_thin_crescent_components,photos/03112025/Day5/B0000677.JPG,processed/split_wells/03112025/cropped_B0000677_y1-x1.jpg,processed/binary_wells/03112025/binary_cropped_B0000677_y1-x1.jpg
03112025,batch5L,Day5,B0000677.jpg,P40,y1-x2,P40_y1-x2,Wa,PFD100,25,Wa_PFD100_25_P40_y1-x2,2025-11-03 12:11:48,2025-11-08 11:00:32,118.81222222222222,cropped_B0000677_y1-x2.jpg,binary_cropped_B0000677_y1-x2.jpg,75091,120.1456,0,0,0,0,0,lab_threshold_L0-255_a90-135_b155-255+remove_thin_crescent_components,photos/03112025/Day5/B0000677.JPG,processed/split_wells/03112025/cropped_B0000677_y1-x2.jpg,processed/binary_wells/03112025/binary_cropped_B0000677_y1-x2.jpg
03112025,batch5L,Day5,B0000678.jpg,P43,y0-x0,P43_y0-x0,Wh,PFD100,25,Wh_PFD100_25_P43_y0-x0,2025-11-03 12:11:48,2025-11-08 11:00:52,118.81777777777778,cropped_B0000678_y0-x0.jpg,binary_cropped_B0000678_y0-x0.jpg,236351,378.1616,0,0,0,0,0,lab_threshold_L0-255_a90-135_b155-255+remove_thin_crescent_components,photos/03112025/Day5/B0000678.JPG,processed/split_wells/03112025/cropped_B0000678_y0-x0.jpg,processed/binary_wells/03112025/binary_cropped_B0000678_y0-x0.jpg
03112025,batch5L,Day5,B0000678.jpg,P43,y0-x2,P43_y0-x2,Wh,PFD100,25,Wh_PFD100_25_P43_y0-x2,2025-11-03 12:11:48,2025-11-08 11:00:52,118.81777777777778,cropped_B0000678_y0-x2.jpg,binary_cropped_B0000678_y0-x2.jpg,176889,283.0224,0,0,0,0,0,lab_threshold_L0-255_a90-135_b155-255+remove_thin_crescent_components,photos/03112025/Day5/B0000678.JPG,processed/split_wells/03112025/cropped_B0000678_y0-x2.jpg,processed/binary_wells/03112025/binary_cropped_B0000678_y0-x2.jpg
03112025,batch5L,Day5,B0000678.jpg,P43,y1-x1,P43_y1-x1,Wh,PFD100,25,Wh_PFD100_25_P43_y1-x1,2025-11-03 12:11:48,2025-11-08 11:00:52,118.81777777777778,cropped_B0000678_y1-x1.jpg,binary_cropped_B0000678_y1-x1.jpg,165341,264.54560000000004,0,0,0,0,0,lab_threshold_L0-255_a90-135_b155-255+remove_thin_crescent_components,photos/03112025/Day5/B0000678.JPG,processed/split_wells/03112025/cropped_B0000678_y1-x1.jpg,processed/binary_wells/03112025/binary_cropped_B0000678_y1-x1.jpg
03112025,batch5L,Day5,B0000679.jpg,P41,y0-x0,P41_y0-x0,Wa,PFD1000,25,Wa_PFD1000_25_P41_y0-x0,2025-11-03 12:11:48,2025-11-08 11:01:11,118.82305555555556,cropped_B0000679_y0-x0.jpg,binary_cropped_B0000679_y0-x0.jpg,120800,193.28,0,0,0,12205,1,lab_threshold_L0-255_a90-135_b155-255+remove_thin_crescent_components,photos/03112025/Day5/B0000679.JPG,processed/split_wells/03112025/cropped_B0000679_y0-x0.jpg,processed/binary_wells/03112025/binary_cropped_B0000679_y0-x0.jpg
03112025,batch5L,Day5,B0000679.jpg,P41,y0-x1,P41_y0-x1,Lp,PFD1000,25,Lp_PFD1000_25_P41_y0-x1,2025-11-03 12:11:48,2025-11-08 11:01:11,118.82305555555556,cropped_B0000679_y0-x1.jpg,binary_cropped_B0000679_y0-x1.jpg,140947,225.51520000000002,0,0,0,0,0,lab_threshold_L0-255_a90-135_b155-255+remove_thin_crescent_components,photos/03112025/Day5/B0000679.JPG,processed/split_wells/03112025/cropped_B0000679_y0-x1.jpg,processed/binary_wells/03112025/binary_cropped_B0000679_y0-x1.jpg
03112025,batch5L,Day5,B0000679.jpg,P41,y0-x2,P41_y0-x2,Wa,PFD1000,25,Wa_PFD1000_25_P41_y0-x2,2025-11-03 12:11:48,2025-11-08 11:01:11,118.82305555555556,cropped_B0000679_y0-x2.jpg,binary_cropped_B0000679_y0-x2.jpg,86671,138.6736,0,0,0,0,0,lab_threshold_L0-255_a90-135_b155-255+remove_thin_crescent_components,photos/03112025/Day5/B0000679.JPG,processed/split_wells/03112025/cropped_B0000679_y0-x2.jpg,processed/binary_wells/03112025/binary_cropped_B0000679_y0-x2.jpg
03112025,batch5L,Day5,B0000679.jpg,P41,y1-x0,P41_y1-x0,Lp,PFD1000,25,Lp_PFD1000_25_P41_y1-x0,2025-11-03 12:11:48,2025-11-08 11:01:11,118.82305555555556,cropped_B0000679_y1-x0.jpg,binary_cropped_B0000679_y1-x0.jpg,147689,236.3024,0,0,0,2941,1,lab_threshold_L0-255_a90-135_b155-255+remove_thin_crescent_components,photos/03112025/Day5/B0000679.JPG,processed/split_wells/03112025/cropped_B0000679_y1-x0.jpg,processed/binary_wells/03112025/binary_cropped_B0000679_y1-x0.jpg
03112025,batch5L,Day5,B0000679.jpg,P41,y1-x1,P41_y1-x1,Wa,PFD1000,25,Wa_PFD1000_25_P41_y1-x1,2025-11-03 12:11:48,2025-11-08 11:01:11,118.82305555555556,cropped_B0000679_y1-x1.jpg,binary_cropped_B0000679_y1-x1.jpg,95172,152.2752,0,0,0,0,0,lab_threshold_L0-255_a90-135_b155-255+remove_thin_crescent_components,photos/03112025/Day5/B0000679.JPG,processed/split_wells/03112025/cropped_B0000679_y1-x1.jpg,processed/binary_wells/03112025/binary_cropped_B0000679_y1-x1.jpg
03112025,batch5L,Day5,B0000679.jpg,P41,y1-x2,P41_y1-x2,Lp,PFD1000,25,Lp_PFD1000_25_P41_y1-x2,2025-11-03 12:11:48,2025-11-08 11:01:11,118.82305555555556,cropped_B0000679_y1-x2.jpg,binary_cropped_B0000679_y1-x2.jpg,148879,238.2064,0,0,0,0,0,lab_threshold_L0-255_a90-135_b155-255+remove_thin_crescent_components,photos/03112025/Day5/B0000679.JPG,processed/split_wells/03112025/cropped_B0000679_y1-x2.jpg,processed/binary_wells/03112025/binary_cropped_B0000679_y1-x2.jpg
03112025,batch5L,Day5,B0000680.jpg,P42,y0-x0,P42_y0-x0,Wa,PFD1000,25,Wa_PFD1000_25_P42_y0-x0,2025-11-03 12:11:48,2025-11-08 11:01:58,118.83611111111111,cropped_B0000680_y0-x0.jpg,binary_cropped_B0000680_y0-x0.jpg,196121,313.7936,0,0,0,499,1,lab_threshold_L0-255_a90-135_b155-255+remove_thin_crescent_components,photos/03112025/Day5/B0000680.JPG,processed/split_wells/03112025/cropped_B0000680_y0-x0.jpg,processed/binary_wells/03112025/binary_cropped_B0000680_y0-x0.jpg
03112025,batch5L,Day5,B0000680.jpg,P42,y0-x1,P42_y0-x1,Lp,PFD1000,25,Lp_PFD1000_25_P42_y0-x1,2025-11-03 12:11:48,2025-11-08 11:01:58,118.83611111111111,cropped_B0000680_y0-x1.jpg,binary_cropped_B0000680_y0-x1.jpg,119757,191.6112,0,0,0,0,0,lab_threshold_L0-255_a90-135_b155-255+remove_thin_crescent_components,photos/03112025/Day5/B0000680.JPG,processed/split_wells/03112025/cropped_B0000680_y0-x1.jpg,processed/binary_wells/03112025/binary_cropped_B0000680_y0-x1.jpg
03112025,batch5L,Day5,B0000680.jpg,P42,y0-x2,P42_y0-x2,Wa,PFD1000,25,Wa_PFD1000_25_P42_y0-x2,2025-11-03 12:11:48,2025-11-08 11:01:58,118.83611111111111,cropped_B0000680_y0-x2.jpg,binary_cropped_B0000680_y0-x2.jpg,200496,320.7936,0,0,0,0,0,lab_threshold_L0-255_a90-135_b155-255+remove_thin_crescent_components,photos/03112025/Day5/B0000680.JPG,processed/split_wells/03112025/cropped_B0000680_y0-x2.jpg,processed/binary_wells/03112025/binary_cropped_B0000680_y0-x2.jpg
03112025,batch5L,Day5,B0000680.jpg,P42,y1-x0,P42_y1-x0,Lp,PFD1000,25,Lp_PFD1000_25_P42_y1-x0,2025-11-03 12:11:48,2025-11-08 11:01:58,118.83611111111111,cropped_B0000680_y1-x0.jpg,binary_cropped_B0000680_y1-x0.jpg,120499,192.79840000000002,0,0,0,2706,1,lab_threshold_L0-255_a90-135_b155-255+remove_thin_crescent_components,photos/03112025/Day5/B0000680.JPG,processed/split_wells/03112025/cropped_B0000680_y1-x0.jpg,processed/binary_wells/03112025/binary_cropped_B0000680_y1-x0.jpg
03112025,batch5L,Day5,B0000680.jpg,P42,y1-x1,P42_y1-x1,Wa,PFD1000,25,Wa_PFD1000_25_P42_y1-x1,2025-11-03 12:11:48,2025-11-08 11:01:58,118.83611111111111,cropped_B0000680_y1-x1.jpg,binary_cropped_B0000680_y1-x1.jpg,223823,358.1168,0,0,0,0,0,lab_threshold_L0-255_a90-135_b155-255+remove_thin_crescent_components,photos/03112025/Day5/B0000680.JPG,processed/split_wells/03112025/cropped_B0000680_y1-x1.jpg,processed/binary_wells/03112025/binary_cropped_B0000680_y1-x1.jpg
03112025,batch5L,Day5,B0000680.jpg,P42,y1-x2,P42_y1-x2,Lp,PFD1000,25,Lp_PFD1000_25_P42_y1-x2,2025-11-03 12:11:48,2025-11-08 11:01:58,118.83611111111111,cropped_B0000680_y1-x2.jpg,binary_cropped_B0000680_y1-x2.jpg,131093,209.74880000000002,0,0,0,2232,1,lab_threshold_L0-255_a90-135_b155-255+remove_thin_crescent_components,photos/03112025/Day5/B0000680.JPG,processed/split_wells/03112025/cropped_B0000680_y1-x2.jpg,processed/binary_wells/03112025/binary_cropped_B0000680_y1-x2.jpg
03112025,batch5L,Day5,B0000681.jpg,P44,y0-x0,P44_y0-x0,Wh,PFD1000,25,Wh_PFD1000_25_P44_y0-x0,2025-11-03 12:11:48,2025-11-08 11:02:13,118.84027777777777,cropped_B0000681_y0-x0.jpg,binary_cropped_B0000681_y0-x0.jpg,289121,462.59360000000004,0,0,0,0,0,lab_threshold_L0-255_a90-135_b155-255+remove_thin_crescent_components,photos/03112025/Day5/B0000681.JPG,processed/split_wells/03112025/cropped_B0000681_y0-x0.jpg,processed/binary_wells/03112025/binary_cropped_B0000681_y0-x0.jpg
03112025,batch5L,Day5,B0000681.jpg,P44,y0-x2,P44_y0-x2,Wh,PFD1000,25,Wh_PFD1000_25_P44_y0-x2,2025-11-03 12:11:48,2025-11-08 11:02:13,118.84027777777777,cropped_B0000681_y0-x2.jpg,binary_cropped_B0000681_y0-x2.jpg,244497,391.1952,0,0,0,0,0,lab_threshold_L0-255_a90-135_b155-255+remove_thin_crescent_components,photos/03112025/Day5/B0000681.JPG,processed/split_wells/03112025/cropped_B0000681_y0-x2.jpg,processed/binary_wells/03112025/binary_cropped_B0000681_y0-x2.jpg
03112025,batch5L,Day5,B0000681.jpg,P44,y1-x1,P44_y1-x1,Wh,PFD1000,25,Wh_PFD1000_25_P44_y1-x1,2025-11-03 12:11:48,2025-11-08 11:02:13,118.84027777777777,cropped_B0000681_y1-x1.jpg,binary_cropped_B0000681_y1-x1.jpg,345767,553.2272,0,0,0,0,0,lab_threshold_L0-255_a90-135_b155-255+remove_thin_crescent_components,photos/03112025/Day5/B0000681.JPG,processed/split_wells/03112025/cropped_B0000681_y1-x1.jpg,processed/binary_wells/03112025/binary_cropped_B0000681_y1-x1.jpg
03112025,batch5L,Day6,B0000688.jpg,P39,y0-x0,P39_y0-x0,Lp,PFD100,25,Lp_PFD100_25_P39_y0-x0,2025-11-03 12:11:48,2025-11-09 10:50:37,142.64694444444444,cropped_B0000688_y0-x0.jpg,binary_cropped_B0000688_y0-x0.jpg,163028,260.8448,0,0,0,0,0,lab_threshold_L0-255_a90-135_b155-255+remove_thin_crescent_components,photos/03112025/Day6/B0000688.JPG,processed/split_wells/03112025/cropped_B0000688_y0-x0.jpg,processed/binary_wells/03112025/binary_cropped_B0000688_y0-x0.jpg
03112025,batch5L,Day6,B0000688.jpg,P39,y0-x1,P39_y0-x1,Wa,PFD100,25,Wa_PFD100_25_P39_y0-x1,2025-11-03 12:11:48,2025-11-09 10:50:37,142.64694444444444,cropped_B0000688_y0-x1.jpg,binary_cropped_B0000688_y0-x1.jpg,68107,108.97120000000001,0,0,0,0,0,lab_threshold_L0-255_a90-135_b155-255+remove_thin_crescent_components,photos/03112025/Day6/B0000688.JPG,processed/split_wells/03112025/cropped_B0000688_y0-x1.jpg,processed/binary_wells/03112025/binary_cropped_B0000688_y0-x1.jpg
03112025,batch5L,Day6,B0000688.jpg,P39,y0-x2,P39_y0-x2,Lp,PFD100,25,Lp_PFD100_25_P39_y0-x2,2025-11-03 12:11:48,2025-11-09 10:50:37,142.64694444444444,cropped_B0000688_y0-x2.jpg,binary_cropped_B0000688_y0-x2.jpg,170146,272.2336,0,0,0,3986,1,lab_threshold_L0-255_a90-135_b155-255+remove_thin_crescent_components,photos/03112025/Day6/B0000688.JPG,processed/split_wells/03112025/cropped_B0000688_y0-x2.jpg,processed/binary_wells/03112025/binary_cropped_B0000688_y0-x2.jpg
03112025,batch5L,Day6,B0000688.jpg,P39,y1-x0,P39_y1-x0,Wa,PFD100,25,Wa_PFD100_25_P39_y1-x0,2025-11-03 12:11:48,2025-11-09 10:50:37,142.64694444444444,cropped_B0000688_y1-x0.jpg,binary_cropped_B0000688_y1-x0.jpg,68725,109.96000000000001,0,0,0,0,0,lab_threshold_L0-255_a90-135_b155-255+remove_thin_crescent_components,photos/03112025/Day6/B0000688.JPG,processed/split_wells/03112025/cropped_B0000688_y1-x0.jpg,processed/binary_wells/03112025/binary_cropped_B0000688_y1-x0.jpg
03112025,batch5L,Day6,B0000688.jpg,P39,y1-x1,P39_y1-x1,Lp,PFD100,25,Lp_PFD100_25_P39_y1-x1,2025-11-03 12:11:48,2025-11-09 10:50:37,142.64694444444444,cropped_B0000688_y1-x1.jpg,binary_cropped_B0000688_y1-x1.jpg,165747,265.1952,0,0,0,0,0,lab_threshold_L0-255_a90-135_b155-255+remove_thin_crescent_components,photos/03112025/Day6/B0000688.JPG,processed/split_wells/03112025/cropped_B0000688_y1-x1.jpg,processed/binary_wells/03112025/binary_cropped_B0000688_y1-x1.jpg
03112025,batch5L,Day6,B0000688.jpg,P39,y1-x2,P39_y1-x2,Wa,PFD100,25,Wa_PFD100_25_P39_y1-x2,2025-11-03 12:11:48,2025-11-09 10:50:37,142.64694444444444,cropped_B0000688_y1-x2.jpg,binary_cropped_B0000688_y1-x2.jpg,49197,78.71520000000001,0,0,0,0,0,lab_threshold_L0-255_a90-135_b155-255+remove_thin_crescent_components,photos/03112025/Day6/B0000688.JPG,processed/split_wells/03112025/cropped_B0000688_y1-x2.jpg,processed/binary_wells/03112025/binary_cropped_B0000688_y1-x2.jpg
03112025,batch5L,Day6,B0000689.jpg,P40,y0-x0,P40_y0-x0,Lp,PFD100,25,Lp_PFD100_25_P40_y0-x0,2025-11-03 12:11:48,2025-11-09 10:51:12,142.65666666666667,cropped_B0000689_y0-x0.jpg,binary_cropped_B0000689_y0-x0.jpg,141586,226.5376,0,0,0,0,0,lab_threshold_L0-255_a90-135_b155-255+remove_thin_crescent_components,photos/03112025/Day6/B0000689.JPG,processed/split_wells/03112025/cropped_B0000689_y0-x0.jpg,processed/binary_wells/03112025/binary_cropped_B0000689_y0-x0.jpg
03112025,batch5L,Day6,B0000689.jpg,P40,y0-x1,P40_y0-x1,Wa,PFD100,25,Wa_PFD100_25_P40_y0-x1,2025-11-03 12:11:48,2025-11-09 10:51:12,142.65666666666667,cropped_B0000689_y0-x1.jpg,binary_cropped_B0000689_y0-x1.jpg,110879,177.40640000000002,0,0,0,0,0,lab_threshold_L0-255_a90-135_b155-255+remove_thin_crescent_components,photos/03112025/Day6/B0000689.JPG,processed/split_wells/03112025/cropped_B0000689_y0-x1.jpg,processed/binary_wells/03112025/binary_cropped_B0000689_y0-x1.jpg
03112025,batch5L,Day6,B0000689.jpg,P40,y0-x2,P40_y0-x2,Lp,PFD100,25,Lp_PFD100_25_P40_y0-x2,2025-11-03 12:11:48,2025-11-09 10:51:12,142.65666666666667,cropped_B0000689_y0-x2.jpg,binary_cropped_B0000689_y0-x2.jpg,113781,182.0496,0,0,0,0,0,lab_threshold_L0-255_a90-135_b155-255+remove_thin_crescent_components,photos/03112025/Day6/B0000689.JPG,processed/split_wells/03112025/cropped_B0000689_y0-x2.jpg,processed/binary_wells/03112025/binary_cropped_B0000689_y0-x2.jpg
03112025,batch5L,Day6,B0000689.jpg,P40,y1-x0,P40_y1-x0,Wa,PFD100,25,Wa_PFD100_25_P40_y1-x0,2025-11-03 12:11:48,2025-11-09 10:51:12,142.65666666666667,cropped_B0000689_y1-x0.jpg,binary_cropped_B0000689_y1-x0.jpg,109548,175.2768,0,0,0,0,0,lab_threshold_L0-255_a90-135_b155-255+remove_thin_crescent_components,photos/03112025/Day6/B0000689.JPG,processed/split_wells/03112025/cropped_B0000689_y1-x0.jpg,processed/binary_wells/03112025/binary_cropped_B0000689_y1-x0.jpg
03112025,batch5L,Day6,B0000689.jpg,P40,y1-x1,P40_y1-x1,Lp,PFD100,25,Lp_PFD100_25_P40_y1-x1,2025-11-03 12:11:48,2025-11-09 10:51:12,142.65666666666667,cropped_B0000689_y1-x1.jpg,binary_cropped_B0000689_y1-x1.jpg,146841,234.9456,0,0,0,0,0,lab_threshold_L0-255_a90-135_b155-255+remove_thin_crescent_components,photos/03112025/Day6/B0000689.JPG,processed/split_wells/03112025/cropped_B0000689_y1-x1.jpg,processed/binary_wells/03112025/binary_cropped_B0000689_y1-x1.jpg
03112025,batch5L,Day6,B0000689.jpg,P40,y1-x2,P40_y1-x2,Wa,PFD100,25,Wa_PFD100_25_P40_y1-x2,2025-11-03 12:11:48,2025-11-09 10:51:12,142.65666666666667,cropped_B0000689_y1-x2.jpg,binary_cropped_B0000689_y1-x2.jpg,100831,161.3296,0,0,0,7604,1,lab_threshold_L0-255_a90-135_b155-255+remove_thin_crescent_components,photos/03112025/Day6/B0000689.JPG,processed/split_wells/03112025/cropped_B0000689_y1-x2.jpg,processed/binary_wells/03112025/binary_cropped_B0000689_y1-x2.jpg
03112025,batch5L,Day6,B0000690.jpg,P43,y0-x0,P43_y0-x0,Wh,PFD100,25,Wh_PFD100_25_P43_y0-x0,2025-11-03 12:11:48,2025-11-09 10:51:37,142.66361111111112,cropped_B0000690_y0-x0.jpg,binary_cropped_B0000690_y0-x0.jpg,273226,437.1616,0,0,0,0,0,lab_threshold_L0-255_a90-135_b155-255+remove_thin_crescent_components,photos/03112025/Day6/B0000690.JPG,processed/split_wells/03112025/cropped_B0000690_y0-x0.jpg,processed/binary_wells/03112025/binary_cropped_B0000690_y0-x0.jpg
03112025,batch5L,Day6,B0000690.jpg,P43,y0-x2,P43_y0-x2,Wh,PFD100,25,Wh_PFD100_25_P43_y0-x2,2025-11-03 12:11:48,2025-11-09 10:51:37,142.66361111111112,cropped_B0000690_y0-x2.jpg,binary_cropped_B0000690_y0-x2.jpg,196587,314.5392,0,0,0,0,0,lab_threshold_L0-255_a90-135_b155-255+remove_thin_crescent_components,photos/03112025/Day6/B0000690.JPG,processed/split_wells/03112025/cropped_B0000690_y0-x2.jpg,processed/binary_wells/03112025/binary_cropped_B0000690_y0-x2.jpg
03112025,batch5L,Day6,B0000690.jpg,P43,y1-x1,P43_y1-x1,Wh,PFD100,25,Wh_PFD100_25_P43_y1-x1,2025-11-03 12:11:48,2025-11-09 10:51:37,142.66361111111112,cropped_B0000690_y1-x1.jpg,binary_cropped_B0000690_y1-x1.jpg,185093,296.1488,0,0,0,0,0,lab_threshold_L0-255_a90-135_b155-255+remove_thin_crescent_components,photos/03112025/Day6/B0000690.JPG,processed/split_wells/03112025/cropped_B0000690_y1-x1.jpg,processed/binary_wells/03112025/binary_cropped_B0000690_y1-x1.jpg
03112025,batch5L,Day6,B0000691.jpg,P41,y0-x0,P41_y0-x0,Wa,PFD1000,25,Wa_PFD1000_25_P41_y0-x0,2025-11-03 12:11:48,2025-11-09 10:51:54,142.66833333333332,cropped_B0000691_y0-x0.jpg,binary_cropped_B0000691_y0-x0.jpg,172420,275.872,0,0,0,5162,1,lab_threshold_L0-255_a90-135_b155-255+remove_thin_crescent_components,photos/03112025/Day6/B0000691.JPG,processed/split_wells/03112025/cropped_B0000691_y0-x0.jpg,processed/binary_wells/03112025/binary_cropped_B0000691_y0-x0.jpg
03112025,batch5L,Day6,B0000691.jpg,P41,y0-x1,P41_y0-x1,Lp,PFD1000,25,Lp_PFD1000_25_P41_y0-x1,2025-11-03 12:11:48,2025-11-09 10:51:54,142.66833333333332,cropped_B0000691_y0-x1.jpg,binary_cropped_B0000691_y0-x1.jpg,154982,247.9712,0,0,0,0,0,lab_threshold_L0-255_a90-135_b155-255+remove_thin_crescent_components,photos/03112025/Day6/B0000691.JPG,processed/split_wells/03112025/cropped_B0000691_y0-x1.jpg,processed/binary_wells/03112025/binary_cropped_B0000691_y0-x1.jpg
03112025,batch5L,Day6,B0000691.jpg,P41,y0-x2,P41_y0-x2,Wa,PFD1000,25,Wa_PFD1000_25_P41_y0-x2,2025-11-03 12:11:48,2025-11-09 10:51:54,142.66833333333332,cropped_B0000691_y0-x2.jpg,binary_cropped_B0000691_y0-x2.jpg,114921,183.8736,0,0,0,0,0,lab_threshold_L0-255_a90-135_b155-255+remove_thin_crescent_components,photos/03112025/Day6/B0000691.JPG,processed/split_wells/03112025/cropped_B0000691_y0-x2.jpg,processed/binary_wells/03112025/binary_cropped_B0000691_y0-x2.jpg
03112025,batch5L,Day6,B0000691.jpg,P41,y1-x0,P41_y1-x0,Lp,PFD1000,25,Lp_PFD1000_25_P41_y1-x0,2025-11-03 12:11:48,2025-11-09 10:51:54,142.66833333333332,cropped_B0000691_y1-x0.jpg,binary_cropped_B0000691_y1-x0.jpg,168234,269.1744,0,0,0,0,0,lab_threshold_L0-255_a90-135_b155-255+remove_thin_crescent_components,photos/03112025/Day6/B0000691.JPG,processed/split_wells/03112025/cropped_B0000691_y1-x0.jpg,processed/binary_wells/03112025/binary_cropped_B0000691_y1-x0.jpg
03112025,batch5L,Day6,B0000691.jpg,P41,y1-x1,P41_y1-x1,Wa,PFD1000,25,Wa_PFD1000_25_P41_y1-x1,2025-11-03 12:11:48,2025-11-09 10:51:54,142.66833333333332,cropped_B0000691_y1-x1.jpg,binary_cropped_B0000691_y1-x1.jpg,119326,190.9216,0,0,0,0,0,lab_threshold_L0-255_a90-135_b155-255+remove_thin_crescent_components,photos/03112025/Day6/B0000691.JPG,processed/split_wells/03112025/cropped_B0000691_y1-x1.jpg,processed/binary_wells/03112025/binary_cropped_B0000691_y1-x1.jpg
03112025,batch5L,Day6,B0000691.jpg,P41,y1-x2,P41_y1-x2,Lp,PFD1000,25,Lp_PFD1000_25_P41_y1-x2,2025-11-03 12:11:48,2025-11-09 10:51:54,142.66833333333332,cropped_B0000691_y1-x2.jpg,binary_cropped_B0000691_y1-x2.jpg,159000,254.4,0,0,0,0,0,lab_threshold_L0-255_a90-135_b155-255+remove_thin_crescent_components,photos/03112025/Day6/B0000691.JPG,processed/split_wells/03112025/cropped_B0000691_y1-x2.jpg,processed/binary_wells/03112025/binary_cropped_B0000691_y1-x2.jpg
03112025,batch5L,Day6,B0000692.jpg,P42,y0-x0,P42_y0-x0,Wa,PFD1000,25,Wa_PFD1000_25_P42_y0-x0,2025-11-03 12:11:48,2025-11-09 10:52:56,142.68555555555557,cropped_B0000692_y0-x0.jpg,binary_cropped_B0000692_y0-x0.jpg,249115,398.584,0,0,0,0,0,lab_threshold_L0-255_a90-135_b155-255+remove_thin_crescent_components,photos/03112025/Day6/B0000692.JPG,processed/split_wells/03112025/cropped_B0000692_y0-x0.jpg,processed/binary_wells/03112025/binary_cropped_B0000692_y0-x0.jpg
03112025,batch5L,Day6,B0000692.jpg,P42,y0-x1,P42_y0-x1,Lp,PFD1000,25,Lp_PFD1000_25_P42_y0-x1,2025-11-03 12:11:48,2025-11-09 10:52:56,142.68555555555557,cropped_B0000692_y0-x1.jpg,binary_cropped_B0000692_y0-x1.jpg,140434,224.6944,0,0,0,0,0,lab_threshold_L0-255_a90-135_b155-255+remove_thin_crescent_components,photos/03112025/Day6/B0000692.JPG,processed/split_wells/03112025/cropped_B0000692_y0-x1.jpg,processed/binary_wells/03112025/binary_cropped_B0000692_y0-x1.jpg
03112025,batch5L,Day6,B0000692.jpg,P42,y0-x2,P42_y0-x2,Wa,PFD1000,25,Wa_PFD1000_25_P42_y0-x2,2025-11-03 12:11:48,2025-11-09 10:52:56,142.68555555555557,cropped_B0000692_y0-x2.jpg,binary_cropped_B0000692_y0-x2.jpg,245727,393.1632,0,0,0,0,0,lab_threshold_L0-255_a90-135_b155-255+remove_thin_crescent_components,photos/03112025/Day6/B0000692.JPG,processed/split_wells/03112025/cropped_B0000692_y0-x2.jpg,processed/binary_wells/03112025/binary_cropped_B0000692_y0-x2.jpg
03112025,batch5L,Day6,B0000692.jpg,P42,y1-x0,P42_y1-x0,Lp,PFD1000,25,Lp_PFD1000_25_P42_y1-x0,2025-11-03 12:11:48,2025-11-09 10:52:56,142.68555555555557,cropped_B0000692_y1-x0.jpg,binary_cropped_B0000692_y1-x0.jpg,139981,223.9696,0,0,0,705,1,lab_threshold_L0-255_a90-135_b155-255+remove_thin_crescent_components,photos/03112025/Day6/B0000692.JPG,processed/split_wells/03112025/cropped_B0000692_y1-x0.jpg,processed/binary_wells/03112025/binary_cropped_B0000692_y1-x0.jpg
03112025,batch5L,Day6,B0000692.jpg,P42,y1-x1,P42_y1-x1,Wa,PFD1000,25,Wa_PFD1000_25_P42_y1-x1,2025-11-03 12:11:48,2025-11-09 10:52:56,142.68555555555557,cropped_B0000692_y1-x1.jpg,binary_cropped_B0000692_y1-x1.jpg,274907,439.8512,0,0,0,0,0,lab_threshold_L0-255_a90-135_b155-255+remove_thin_crescent_components,photos/03112025/Day6/B0000692.JPG,processed/split_wells/03112025/cropped_B0000692_y1-x1.jpg,processed/binary_wells/03112025/binary_cropped_B0000692_y1-x1.jpg
03112025,batch5L,Day6,B0000692.jpg,P42,y1-x2,P42_y1-x2,Lp,PFD1000,25,Lp_PFD1000_25_P42_y1-x2,2025-11-03 12:11:48,2025-11-09 10:52:56,142.68555555555557,cropped_B0000692_y1-x2.jpg,binary_cropped_B0000692_y1-x2.jpg,158748,253.9968,0,0,0,852,1,lab_threshold_L0-255_a90-135_b155-255+remove_thin_crescent_components,photos/03112025/Day6/B0000692.JPG,processed/split_wells/03112025/cropped_B0000692_y1-x2.jpg,processed/binary_wells/03112025/binary_cropped_B0000692_y1-x2.jpg
03112025,batch5L,Day6,B0000693.jpg,P44,y0-x0,P44_y0-x0,Wh,PFD1000,25,Wh_PFD1000_25_P44_y0-x0,2025-11-03 12:11:48,2025-11-09 10:53:11,142.68972222222223,cropped_B0000693_y0-x0.jpg,binary_cropped_B0000693_y0-x0.jpg,443959,710.3344000000001,0,0,0,0,0,lab_threshold_L0-255_a90-135_b155-255+remove_thin_crescent_components,photos/03112025/Day6/B0000693.JPG,processed/split_wells/03112025/cropped_B0000693_y0-x0.jpg,processed/binary_wells/03112025/binary_cropped_B0000693_y0-x0.jpg
03112025,batch5L,Day6,B0000693.jpg,P44,y0-x2,P44_y0-x2,Wh,PFD1000,25,Wh_PFD1000_25_P44_y0-x2,2025-11-03 12:11:48,2025-11-09 10:53:11,142.68972222222223,cropped_B0000693_y0-x2.jpg,binary_cropped_B0000693_y0-x2.jpg,329416,527.0656,0,0,0,0,0,lab_threshold_L0-255_a90-135_b155-255+remove_thin_crescent_components,photos/03112025/Day6/B0000693.JPG,processed/split_wells/03112025/cropped_B0000693_y0-x2.jpg,processed/binary_wells/03112025/binary_cropped_B0000693_y0-x2.jpg
03112025,batch5L,Day6,B0000693.jpg,P44,y1-x1,P44_y1-x1,Wh,PFD1000,25,Wh_PFD1000_25_P44_y1-x1,2025-11-03 12:11:48,2025-11-09 10:53:11,142.68972222222223,cropped_B0000693_y1-x1.jpg,binary_cropped_B0000693_y1-x1.jpg,457267,731.6272,0,0,0,0,0,lab_threshold_L0-255_a90-135_b155-255+remove_thin_crescent_components,photos/03112025/Day6/B0000693.JPG,processed/split_wells/03112025/cropped_B0000693_y1-x1.jpg,processed/binary_wells/03112025/binary_cropped_B0000693_y1-x1.jpg
03112025,batch5L,Day7,B0000700.jpg,P39,y0-x0,P39_y0-x0,Lp,PFD100,25,Lp_PFD100_25_P39_y0-x0,2025-11-03 12:11:48,2025-11-10 11:01:36,166.83,cropped_B0000700_y0-x0.jpg,binary_cropped_B0000700_y0-x0.jpg,181236,289.9776,0,0,0,3625,1,lab_threshold_L0-255_a90-135_b155-255+remove_thin_crescent_components,photos/03112025/Day7/B0000700.JPG,processed/split_wells/03112025/cropped_B0000700_y0-x0.jpg,processed/binary_wells/03112025/binary_cropped_B0000700_y0-x0.jpg
03112025,batch5L,Day7,B0000700.jpg,P39,y0-x1,P39_y0-x1,Wa,PFD100,25,Wa_PFD100_25_P39_y0-x1,2025-11-03 12:11:48,2025-11-10 11:01:36,166.83,cropped_B0000700_y0-x1.jpg,binary_cropped_B0000700_y0-x1.jpg,71366,114.18560000000001,0,0,0,0,0,lab_threshold_L0-255_a90-135_b155-255+remove_thin_crescent_components,photos/03112025/Day7/B0000700.JPG,processed/split_wells/03112025/cropped_B0000700_y0-x1.jpg,processed/binary_wells/03112025/binary_cropped_B0000700_y0-x1.jpg
03112025,batch5L,Day7,B0000700.jpg,P39,y0-x2,P39_y0-x2,Lp,PFD100,25,Lp_PFD100_25_P39_y0-x2,2025-11-03 12:11:48,2025-11-10 11:01:36,166.83,cropped_B0000700_y0-x2.jpg,binary_cropped_B0000700_y0-x2.jpg,197241,315.5856,0,0,0,8007,1,lab_threshold_L0-255_a90-135_b155-255+remove_thin_crescent_components,photos/03112025/Day7/B0000700.JPG,processed/split_wells/03112025/cropped_B0000700_y0-x2.jpg,processed/binary_wells/03112025/binary_cropped_B0000700_y0-x2.jpg
03112025,batch5L,Day7,B0000700.jpg,P39,y1-x0,P39_y1-x0,Wa,PFD100,25,Wa_PFD100_25_P39_y1-x0,2025-11-03 12:11:48,2025-11-10 11:01:36,166.83,cropped_B0000700_y1-x0.jpg,binary_cropped_B0000700_y1-x0.jpg,69896,111.8336,0,0,0,0,0,lab_threshold_L0-255_a90-135_b155-255+remove_thin_crescent_components,photos/03112025/Day7/B0000700.JPG,processed/split_wells/03112025/cropped_B0000700_y1-x0.jpg,processed/binary_wells/03112025/binary_cropped_B0000700_y1-x0.jpg
03112025,batch5L,Day7,B0000700.jpg,P39,y1-x1,P39_y1-x1,Lp,PFD100,25,Lp_PFD100_25_P39_y1-x1,2025-11-03 12:11:48,2025-11-10 11:01:36,166.83,cropped_B0000700_y1-x1.jpg,binary_cropped_B0000700_y1-x1.jpg,160537,256.8592,0,0,0,0,0,lab_threshold_L0-255_a90-135_b155-255+remove_thin_crescent_components,photos/03112025/Day7/B0000700.JPG,processed/split_wells/03112025/cropped_B0000700_y1-x1.jpg,processed/binary_wells/03112025/binary_cropped_B0000700_y1-x1.jpg
03112025,batch5L,Day7,B0000700.jpg,P39,y1-x2,P39_y1-x2,Wa,PFD100,25,Wa_PFD100_25_P39_y1-x2,2025-11-03 12:11:48,2025-11-10 11:01:36,166.83,cropped_B0000700_y1-x2.jpg,binary_cropped_B0000700_y1-x2.jpg,55939,89.50240000000001,0,0,0,0,0,lab_threshold_L0-255_a90-135_b155-255+remove_thin_crescent_components,photos/03112025/Day7/B0000700.JPG,processed/split_wells/03112025/cropped_B0000700_y1-x2.jpg,processed/binary_wells/03112025/binary_cropped_B0000700_y1-x2.jpg
03112025,batch5L,Day7,B0000701.jpg,P40,y0-x0,P40_y0-x0,Lp,PFD100,25,Lp_PFD100_25_P40_y0-x0,2025-11-03 12:11:48,2025-11-10 11:02:45,166.84916666666666,cropped_B0000701_y0-x0.jpg,binary_cropped_B0000701_y0-x0.jpg,158241,253.18560000000002,0,0,0,436,1,lab_threshold_L0-255_a90-135_b155-255+remove_thin_crescent_components,photos/03112025/Day7/B0000701.JPG,processed/split_wells/03112025/cropped_B0000701_y0-x0.jpg,processed/binary_wells/03112025/binary_cropped_B0000701_y0-x0.jpg
03112025,batch5L,Day7,B0000701.jpg,P40,y0-x1,P40_y0-x1,Wa,PFD100,25,Wa_PFD100_25_P40_y0-x1,2025-11-03 12:11:48,2025-11-10 11:02:45,166.84916666666666,cropped_B0000701_y0-x1.jpg,binary_cropped_B0000701_y0-x1.jpg,131430,210.288,0,0,0,0,0,lab_threshold_L0-255_a90-135_b155-255+remove_thin_crescent_components,photos/03112025/Day7/B0000701.JPG,processed/split_wells/03112025/cropped_B0000701_y0-x1.jpg,processed/binary_wells/03112025/binary_cropped_B0000701_y0-x1.jpg
03112025,batch5L,Day7,B0000701.jpg,P40,y0-x2,P40_y0-x2,Lp,PFD100,25,Lp_PFD100_25_P40_y0-x2,2025-11-03 12:11:48,2025-11-10 11:02:45,166.84916666666666,cropped_B0000701_y0-x2.jpg,binary_cropped_B0000701_y0-x2.jpg,133512,213.6192,0,0,0,2855,2,lab_threshold_L0-255_a90-135_b155-255+remove_thin_crescent_components,photos/03112025/Day7/B0000701.JPG,processed/split_wells/03112025/cropped_B0000701_y0-x2.jpg,processed/binary_wells/03112025/binary_cropped_B0000701_y0-x2.jpg
03112025,batch5L,Day7,B0000701.jpg,P40,y1-x0,P40_y1-x0,Wa,PFD100,25,Wa_PFD100_25_P40_y1-x0,2025-11-03 12:11:48,2025-11-10 11:02:45,166.84916666666666,cropped_B0000701_y1-x0.jpg,binary_cropped_B0000701_y1-x0.jpg,95249,152.3984,0,0,0,2918,1,lab_threshold_L0-255_a90-135_b155-255+remove_thin_crescent_components,photos/03112025/Day7/B0000701.JPG,processed/split_wells/03112025/cropped_B0000701_y1-x0.jpg,processed/binary_wells/03112025/binary_cropped_B0000701_y1-x0.jpg
03112025,batch5L,Day7,B0000701.jpg,P40,y1-x1,P40_y1-x1,Lp,PFD100,25,Lp_PFD100_25_P40_y1-x1,2025-11-03 12:11:48,2025-11-10 11:02:45,166.84916666666666,cropped_B0000701_y1-x1.jpg,binary_cropped_B0000701_y1-x1.jpg,157410,251.85600000000002,0,0,0,0,0,lab_threshold_L0-255_a90-135_b155-255+remove_thin_crescent_components,photos/03112025/Day7/B0000701.JPG,processed/split_wells/03112025/cropped_B0000701_y1-x1.jpg,processed/binary_wells/03112025/binary_cropped_B0000701_y1-x1.jpg
03112025,batch5L,Day7,B0000701.jpg,P40,y1-x2,P40_y1-x2,Wa,PFD100,25,Wa_PFD100_25_P40_y1-x2,2025-11-03 12:11:48,2025-11-10 11:02:45,166.84916666666666,cropped_B0000701_y1-x2.jpg,binary_cropped_B0000701_y1-x2.jpg,124594,199.3504,0,0,0,3624,1,lab_threshold_L0-255_a90-135_b155-255+remove_thin_crescent_components,photos/03112025/Day7/B0000701.JPG,processed/split_wells/03112025/cropped_B0000701_y1-x2.jpg,processed/binary_wells/03112025/binary_cropped_B0000701_y1-x2.jpg
03112025,batch5L,Day7,B0000702.jpg,P43,y0-x0,P43_y0-x0,Wh,PFD100,25,Wh_PFD100_25_P43_y0-x0,2025-11-03 12:11:48,2025-11-10 11:03:05,166.85472222222222,cropped_B0000702_y0-x0.jpg,binary_cropped_B0000702_y0-x0.jpg,354383,567.0128000000001,0,0,0,0,0,lab_threshold_L0-255_a90-135_b155-255+remove_thin_crescent_components,photos/03112025/Day7/B0000702.JPG,processed/split_wells/03112025/cropped_B0000702_y0-x0.jpg,processed/binary_wells/03112025/binary_cropped_B0000702_y0-x0.jpg
03112025,batch5L,Day7,B0000702.jpg,P43,y0-x2,P43_y0-x2,Wh,PFD100,25,Wh_PFD100_25_P43_y0-x2,2025-11-03 12:11:48,2025-11-10 11:03:05,166.85472222222222,cropped_B0000702_y0-x2.jpg,binary_cropped_B0000702_y0-x2.jpg,271173,433.8768,0,0,0,0,0,lab_threshold_L0-255_a90-135_b155-255+remove_thin_crescent_components,photos/03112025/Day7/B0000702.JPG,processed/split_wells/03112025/cropped_B0000702_y0-x2.jpg,processed/binary_wells/03112025/binary_cropped_B0000702_y0-x2.jpg
03112025,batch5L,Day7,B0000702.jpg,P43,y1-x1,P43_y1-x1,Wh,PFD100,25,Wh_PFD100_25_P43_y1-x1,2025-11-03 12:11:48,2025-11-10 11:03:05,166.85472222222222,cropped_B0000702_y1-x1.jpg,binary_cropped_B0000702_y1-x1.jpg,255874,409.39840000000004,0,0,0,0,0,lab_threshold_L0-255_a90-135_b155-255+remove_thin_crescent_components,photos/03112025/Day7/B0000702.JPG,processed/split_wells/03112025/cropped_B0000702_y1-x1.jpg,processed/binary_wells/03112025/binary_cropped_B0000702_y1-x1.jpg
03112025,batch5L,Day7,B0000703.jpg,P41,y0-x0,P41_y0-x0,Wa,PFD1000,25,Wa_PFD1000_25_P41_y0-x0,2025-11-03 12:11:48,2025-11-10 11:04:16,166.87444444444444,cropped_B0000703_y0-x0.jpg,binary_cropped_B0000703_y0-x0.jpg,234699,375.51840000000004,0,0,0,0,0,lab_threshold_L0-255_a90-135_b155-255+remove_thin_crescent_components,photos/03112025/Day7/B0000703.JPG,processed/split_wells/03112025/cropped_B0000703_y0-x0.jpg,processed/binary_wells/03112025/binary_cropped_B0000703_y0-x0.jpg
03112025,batch5L,Day7,B0000703.jpg,P41,y0-x1,P41_y0-x1,Lp,PFD1000,25,Lp_PFD1000_25_P41_y0-x1,2025-11-03 12:11:48,2025-11-10 11:04:16,166.87444444444444,cropped_B0000703_y0-x1.jpg,binary_cropped_B0000703_y0-x1.jpg,163245,261.192,0,0,0,0,0,lab_threshold_L0-255_a90-135_b155-255+remove_thin_crescent_components,photos/03112025/Day7/B0000703.JPG,processed/split_wells/03112025/cropped_B0000703_y0-x1.jpg,processed/binary_wells/03112025/binary_cropped_B0000703_y0-x1.jpg
03112025,batch5L,Day7,B0000703.jpg,P41,y0-x2,P41_y0-x2,Wa,PFD1000,25,Wa_PFD1000_25_P41_y0-x2,2025-11-03 12:11:48,2025-11-10 11:04:16,166.87444444444444,cropped_B0000703_y0-x2.jpg,binary_cropped_B0000703_y0-x2.jpg,170351,272.5616,0,0,0,0,0,lab_threshold_L0-255_a90-135_b155-255+remove_thin_crescent_components,photos/03112025/Day7/B0000703.JPG,processed/split_wells/03112025/cropped_B0000703_y0-x2.jpg,processed/binary_wells/03112025/binary_cropped_B0000703_y0-x2.jpg
03112025,batch5L,Day7,B0000703.jpg,P41,y1-x0,P41_y1-x0,Lp,PFD1000,25,Lp_PFD1000_25_P41_y1-x0,2025-11-03 12:11:48,2025-11-10 11:04:16,166.87444444444444,cropped_B0000703_y1-x0.jpg,binary_cropped_B0000703_y1-x0.jpg,184771,295.6336,0,0,0,0,0,lab_threshold_L0-255_a90-135_b155-255+remove_thin_crescent_components,photos/03112025/Day7/B0000703.JPG,processed/split_wells/03112025/cropped_B0000703_y1-x0.jpg,processed/binary_wells/03112025/binary_cropped_B0000703_y1-x0.jpg
03112025,batch5L,Day7,B0000703.jpg,P41,y1-x1,P41_y1-x1,Wa,PFD1000,25,Wa_PFD1000_25_P41_y1-x1,2025-11-03 12:11:48,2025-11-10 11:04:16,166.87444444444444,cropped_B0000703_y1-x1.jpg,binary_cropped_B0000703_y1-x1.jpg,177286,283.6576,0,0,0,12400,2,lab_threshold_L0-255_a90-135_b155-255+remove_thin_crescent_components,photos/03112025/Day7/B0000703.JPG,processed/split_wells/03112025/cropped_B0000703_y1-x1.jpg,processed/binary_wells/03112025/binary_cropped_B0000703_y1-x1.jpg
03112025,batch5L,Day7,B0000703.jpg,P41,y1-x2,P41_y1-x2,Lp,PFD1000,25,Lp_PFD1000_25_P41_y1-x2,2025-11-03 12:11:48,2025-11-10 11:04:16,166.87444444444444,cropped_B0000703_y1-x2.jpg,binary_cropped_B0000703_y1-x2.jpg,167376,267.8016,0,0,0,0,0,lab_threshold_L0-255_a90-135_b155-255+remove_thin_crescent_components,photos/03112025/Day7/B0000703.JPG,processed/split_wells/03112025/cropped_B0000703_y1-x2.jpg,processed/binary_wells/03112025/binary_cropped_B0000703_y1-x2.jpg
03112025,batch5L,Day7,B0000704.jpg,P42,y0-x0,P42_y0-x0,Wa,PFD1000,25,Wa_PFD1000_25_P42_y0-x0,2025-11-03 12:11:48,2025-11-10 11:04:39,166.88083333333333,cropped_B0000704_y0-x0.jpg,binary_cropped_B0000704_y0-x0.jpg,285981,457.56960000000004,0,0,0,29282,1,lab_threshold_L0-255_a90-135_b155-255+remove_thin_crescent_components,photos/03112025/Day7/B0000704.JPG,processed/split_wells/03112025/cropped_B0000704_y0-x0.jpg,processed/binary_wells/03112025/binary_cropped_B0000704_y0-x0.jpg
03112025,batch5L,Day7,B0000704.jpg,P42,y0-x1,P42_y0-x1,Lp,PFD1000,25,Lp_PFD1000_25_P42_y0-x1,2025-11-03 12:11:48,2025-11-10 11:04:39,166.88083333333333,cropped_B0000704_y0-x1.jpg,binary_cropped_B0000704_y0-x1.jpg,163663,261.86080000000004,0,0,0,0,0,lab_threshold_L0-255_a90-135_b155-255+remove_thin_crescent_components,photos/03112025/Day7/B0000704.JPG,processed/split_wells/03112025/cropped_B0000704_y0-x1.jpg,processed/binary_wells/03112025/binary_cropped_B0000704_y0-x1.jpg
03112025,batch5L,Day7,B0000704.jpg,P42,y0-x2,P42_y0-x2,Wa,PFD1000,25,Wa_PFD1000_25_P42_y0-x2,2025-11-03 12:11:48,2025-11-10 11:04:39,166.88083333333333,cropped_B0000704_y0-x2.jpg,binary_cropped_B0000704_y0-x2.jpg,330104,528.1664000000001,0,0,0,0,0,lab_threshold_L0-255_a90-135_b155-255+remove_thin_crescent_components,photos/03112025/Day7/B0000704.JPG,processed/split_wells/03112025/cropped_B0000704_y0-x2.jpg,processed/binary_wells/03112025/binary_cropped_B0000704_y0-x2.jpg
03112025,batch5L,Day7,B0000704.jpg,P42,y1-x0,P42_y1-x0,Lp,PFD1000,25,Lp_PFD1000_25_P42_y1-x0,2025-11-03 12:11:48,2025-11-10 11:04:39,166.88083333333333,cropped_B0000704_y1-x0.jpg,binary_cropped_B0000704_y1-x0.jpg,158510,253.616,0,0,0,964,1,lab_threshold_L0-255_a90-135_b155-255+remove_thin_crescent_components,photos/03112025/Day7/B0000704.JPG,processed/split_wells/03112025/cropped_B0000704_y1-x0.jpg,processed/binary_wells/03112025/binary_cropped_B0000704_y1-x0.jpg
03112025,batch5L,Day7,B0000704.jpg,P42,y1-x1,P42_y1-x1,Wa,PFD1000,25,Wa_PFD1000_25_P42_y1-x1,2025-11-03 12:11:48,2025-11-10 11:04:39,166.88083333333333,cropped_B0000704_y1-x1.jpg,binary_cropped_B0000704_y1-x1.jpg,345255,552.408,0,0,0,0,0,lab_threshold_L0-255_a90-135_b155-255+remove_thin_crescent_components,photos/03112025/Day7/B0000704.JPG,processed/split_wells/03112025/cropped_B0000704_y1-x1.jpg,processed/binary_wells/03112025/binary_cropped_B0000704_y1-x1.jpg
03112025,batch5L,Day7,B0000704.jpg,P42,y1-x2,P42_y1-x2,Lp,PFD1000,25,Lp_PFD1000_25_P42_y1-x2,2025-11-03 12:11:48,2025-11-10 11:04:39,166.88083333333333,cropped_B0000704_y1-x2.jpg,binary_cropped_B0000704_y1-x2.jpg,190316,304.5056,0,0,0,2944,2,lab_threshold_L0-255_a90-135_b155-255+remove_thin_crescent_components,photos/03112025/Day7/B0000704.JPG,processed/split_wells/03112025/cropped_B0000704_y1-x2.jpg,processed/binary_wells/03112025/binary_cropped_B0000704_y1-x2.jpg
03112025,batch5L,Day7,B0000705.jpg,P44,y0-x0,P44_y0-x0,Wh,PFD1000,25,Wh_PFD1000_25_P44_y0-x0,2025-11-03 12:11:48,2025-11-10 11:04:57,166.88583333333332,cropped_B0000705_y0-x0.jpg,binary_cropped_B0000705_y0-x0.jpg,445211,712.3376000000001,0,0,0,0,0,lab_threshold_L0-255_a90-135_b155-255+remove_thin_crescent_components,photos/03112025/Day7/B0000705.JPG,processed/split_wells/03112025/cropped_B0000705_y0-x0.jpg,processed/binary_wells/03112025/binary_cropped_B0000705_y0-x0.jpg
03112025,batch5L,Day7,B0000705.jpg,P44,y0-x2,P44_y0-x2,Wh,PFD1000,25,Wh_PFD1000_25_P44_y0-x2,2025-11-03 12:11:48,2025-11-10 11:04:57,166.88583333333332,cropped_B0000705_y0-x2.jpg,binary_cropped_B0000705_y0-x2.jpg,401322,642.1152000000001,0,0,0,0,0,lab_threshold_L0-255_a90-135_b155-255+remove_thin_crescent_components,photos/03112025/Day7/B0000705.JPG,processed/split_wells/03112025/cropped_B0000705_y0-x2.jpg,processed/binary_wells/03112025/binary_cropped_B0000705_y0-x2.jpg
03112025,batch5L,Day7,B0000705.jpg,P44,y1-x1,P44_y1-x1,Wh,PFD1000,25,Wh_PFD1000_25_P44_y1-x1,2025-11-03 12:11:48,2025-11-10 11:04:57,166.88583333333332,cropped_B0000705_y1-x1.jpg,binary_cropped_B0000705_y1-x1.jpg,507612,812.1792,0,0,0,0,0,lab_threshold_L0-255_a90-135_b155-255+remove_thin_crescent_components,photos/03112025/Day7/B0000705.JPG,processed/split_wells/03112025/cropped_B0000705_y1-x1.jpg,processed/binary_wells/03112025/binary_cropped_B0000705_y1-x1.jpg
06102025,batch1L,Day0,C0000191.jpg,P01,y0-x0,P01_y0-x0,Sp,PFD100,25,Sp_PFD100_25_P01_y0-x0,2025-10-06 13:42:50,2025-10-06 13:42:50,0.0,cropped_C0000191_y0-x0.jpg,binary_cropped_C0000191_y0-x0.jpg,71371,114.1936,0,0,0,0,0,lab_threshold_L0-255_a90-135_b155-255+remove_thin_crescent_components,photos/06102025/Day0/Day0/C0000191.JPG,processed/split_wells/06102025/cropped_C0000191_y0-x0.jpg,processed/binary_wells/06102025/binary_cropped_C0000191_y0-x0.jpg
06102025,batch1L,Day0,C0000191.jpg,P01,y0-x1,P01_y0-x1,Wa,PFD100,25,Wa_PFD100_25_P01_y0-x1,2025-10-06 13:42:50,2025-10-06 13:42:50,0.0,cropped_C0000191_y0-x1.jpg,binary_cropped_C0000191_y0-x1.jpg,124320,198.912,0,0,0,0,0,lab_threshold_L0-255_a90-135_b155-255+remove_thin_crescent_components,photos/06102025/Day0/Day0/C0000191.JPG,processed/split_wells/06102025/cropped_C0000191_y0-x1.jpg,processed/binary_wells/06102025/binary_cropped_C0000191_y0-x1.jpg
06102025,batch1L,Day0,C0000191.jpg,P01,y0-x2,P01_y0-x2,Sp,PFD100,25,Sp_PFD100_25_P01_y0-x2,2025-10-06 13:42:50,2025-10-06 13:42:50,0.0,cropped_C0000191_y0-x2.jpg,binary_cropped_C0000191_y0-x2.jpg,64258,102.81280000000001,0,0,0,0,0,lab_threshold_L0-255_a90-135_b155-255+remove_thin_crescent_components,photos/06102025/Day0/Day0/C0000191.JPG,processed/split_wells/06102025/cropped_C0000191_y0-x2.jpg,processed/binary_wells/06102025/binary_cropped_C0000191_y0-x2.jpg
06102025,batch1L,Day0,C0000191.jpg,P01,y1-x0,P01_y1-x0,Wa,PFD100,25,Wa_PFD100_25_P01_y1-x0,2025-10-06 13:42:50,2025-10-06 13:42:50,0.0,cropped_C0000191_y1-x0.jpg,binary_cropped_C0000191_y1-x0.jpg,125042,200.0672,0,0,0,0,0,lab_threshold_L0-255_a90-135_b155-255+remove_thin_crescent_components,photos/06102025/Day0/Day0/C0000191.JPG,processed/split_wells/06102025/cropped_C0000191_y1-x0.jpg,processed/binary_wells/06102025/binary_cropped_C0000191_y1-x0.jpg
06102025,batch1L,Day0,C0000191.jpg,P01,y1-x1,P01_y1-x1,Sp,PFD100,25,Sp_PFD100_25_P01_y1-x1,2025-10-06 13:42:50,2025-10-06 13:42:50,0.0,cropped_C0000191_y1-x1.jpg,binary_cropped_C0000191_y1-x1.jpg,68777,110.0432,0,0,0,0,0,lab_threshold_L0-255_a90-135_b155-255+remove_thin_crescent_components,photos/06102025/Day0/Day0/C0000191.JPG,processed/split_wells/06102025/cropped_C0000191_y1-x1.jpg,processed/binary_wells/06102025/binary_cropped_C0000191_y1-x1.jpg
06102025,batch1L,Day0,C0000191.jpg,P01,y1-x2,P01_y1-x2,Wa,PFD100,25,Wa_PFD100_25_P01_y1-x2,2025-10-06 13:42:50,2025-10-06 13:42:50,0.0,cropped_C0000191_y1-x2.jpg,binary_cropped_C0000191_y1-x2.jpg,128438,205.5008,0,0,0,3136,1,lab_threshold_L0-255_a90-135_b155-255+remove_thin_crescent_components,photos/06102025/Day0/Day0/C0000191.JPG,processed/split_wells/06102025/cropped_C0000191_y1-x2.jpg,processed/binary_wells/06102025/binary_cropped_C0000191_y1-x2.jpg
06102025,batch1L,Day0,C0000202.jpg,P02,y0-x0,P02_y0-x0,Si,PFD100,25,Si_PFD100_25_P02_y0-x0,2025-10-06 13:42:50,2025-10-06 13:52:32,0.16166666666666665,cropped_C0000202_y0-x0.jpg,binary_cropped_C0000202_y0-x0.jpg,79894,127.83040000000001,0,0,0,501,1,lab_threshold_L0-255_a90-135_b155-255+remove_thin_crescent_components,photos/06102025/Day0/Day0/C0000202.JPG,processed/split_wells/06102025/cropped_C0000202_y0-x0.jpg,processed/binary_wells/06102025/binary_cropped_C0000202_y0-x0.jpg
06102025,batch1L,Day0,C0000202.jpg,P02,y0-x1,P02_y0-x1,Wg,PFD100,25,Wg_PFD100_25_P02_y0-x1,2025-10-06 13:42:50,2025-10-06 13:52:32,0.16166666666666665,cropped_C0000202_y0-x1.jpg,binary_cropped_C0000202_y0-x1.jpg,22305,35.688,0,0,0,0,0,lab_threshold_L0-255_a90-135_b155-255+remove_thin_crescent_components,photos/06102025/Day0/Day0/C0000202.JPG,processed/split_wells/06102025/cropped_C0000202_y0-x1.jpg,processed/binary_wells/06102025/binary_cropped_C0000202_y0-x1.jpg
06102025,batch1L,Day0,C0000202.jpg,P02,y0-x2,P02_y0-x2,Si,PFD100,25,Si_PFD100_25_P02_y0-x2,2025-10-06 13:42:50,2025-10-06 13:52:32,0.16166666666666665,cropped_C0000202_y0-x2.jpg,binary_cropped_C0000202_y0-x2.jpg,113360,181.376,0,0,0,3020,1,lab_threshold_L0-255_a90-135_b155-255+remove_thin_crescent_components,photos/06102025/Day0/Day0/C0000202.JPG,processed/split_wells/06102025/cropped_C0000202_y0-x2.jpg,processed/binary_wells/06102025/binary_cropped_C0000202_y0-x2.jpg
06102025,batch1L,Day0,C0000202.jpg,P02,y1-x0,P02_y1-x0,Wg,PFD100,25,Wg_PFD100_25_P02_y1-x0,2025-10-06 13:42:50,2025-10-06 13:52:32,0.16166666666666665,cropped_C0000202_y1-x0.jpg,binary_cropped_C0000202_y1-x0.jpg,13385,21.416,0,0,0,0,0,lab_threshold_L0-255_a90-135_b155-255+remove_thin_crescent_components,photos/06102025/Day0/Day0/C0000202.JPG,processed/split_wells/06102025/cropped_C0000202_y1-x0.jpg,processed/binary_wells/06102025/binary_cropped_C0000202_y1-x0.jpg
06102025,batch1L,Day0,C0000202.jpg,P02,y1-x1,P02_y1-x1,Si,PFD100,25,Si_PFD100_25_P02_y1-x1,2025-10-06 13:42:50,2025-10-06 13:52:32,0.16166666666666665,cropped_C0000202_y1-x1.jpg,binary_cropped_C0000202_y1-x1.jpg,62977,100.76320000000001,0,0,0,0,0,lab_threshold_L0-255_a90-135_b155-255+remove_thin_crescent_components,photos/06102025/Day0/Day0/C0000202.JPG,processed/split_wells/06102025/cropped_C0000202_y1-x1.jpg,processed/binary_wells/06102025/binary_cropped_C0000202_y1-x1.jpg
06102025,batch1L,Day0,C0000202.jpg,P02,y1-x2,P02_y1-x2,Wg,PFD100,25,Wg_PFD100_25_P02_y1-x2,2025-10-06 13:42:50,2025-10-06 13:52:32,0.16166666666666665,cropped_C0000202_y1-x2.jpg,binary_cropped_C0000202_y1-x2.jpg,9579,15.326400000000001,0,0,0,0,0,lab_threshold_L0-255_a90-135_b155-255+remove_thin_crescent_components,photos/06102025/Day0/Day0/C0000202.JPG,processed/split_wells/06102025/cropped_C0000202_y1-x2.jpg,processed/binary_wells/06102025/binary_cropped_C0000202_y1-x2.jpg
06102025,batch1L,Day0,C0000203.jpg,P03,y0-x0,P03_y0-x0,Wa,PFD100,25,Wa_PFD100_25_P03_y0-x0,2025-10-06 13:42:50,2025-10-06 13:52:46,0.16555555555555557,cropped_C0000203_y0-x0.jpg,binary_cropped_C0000203_y0-x0.jpg,87606,140.1696,0,0,0,0,0,lab_threshold_L0-255_a90-135_b155-255+remove_thin_crescent_components,photos/06102025/Day0/Day0/C0000203.JPG,processed/split_wells/06102025/cropped_C0000203_y0-x0.jpg,processed/binary_wells/06102025/binary_cropped_C0000203_y0-x0.jpg
06102025,batch1L,Day0,C0000203.jpg,P03,y0-x1,P03_y0-x1,Sp,PFD100,25,Sp_PFD100_25_P03_y0-x1,2025-10-06 13:42:50,2025-10-06 13:52:46,0.16555555555555557,cropped_C0000203_y0-x1.jpg,binary_cropped_C0000203_y0-x1.jpg,61124,97.7984,0,0,0,0,0,lab_threshold_L0-255_a90-135_b155-255+remove_thin_crescent_components,photos/06102025/Day0/Day0/C0000203.JPG,processed/split_wells/06102025/cropped_C0000203_y0-x1.jpg,processed/binary_wells/06102025/binary_cropped_C0000203_y0-x1.jpg
06102025,batch1L,Day0,C0000203.jpg,P03,y0-x2,P03_y0-x2,Wa,PFD100,25,Wa_PFD100_25_P03_y0-x2,2025-10-06 13:42:50,2025-10-06 13:52:46,0.16555555555555557,cropped_C0000203_y0-x2.jpg,binary_cropped_C0000203_y0-x2.jpg,80674,129.07840000000002,0,0,0,4580,1,lab_threshold_L0-255_a90-135_b155-255+remove_thin_crescent_components,photos/06102025/Day0/Day0/C0000203.JPG,processed/split_wells/06102025/cropped_C0000203_y0-x2.jpg,processed/binary_wells/06102025/binary_cropped_C0000203_y0-x2.jpg
06102025,batch1L,Day0,C0000203.jpg,P03,y1-x0,P03_y1-x0,Sp,PFD100,25,Sp_PFD100_25_P03_y1-x0,2025-10-06 13:42:50,2025-10-06 13:52:46,0.16555555555555557,cropped_C0000203_y1-x0.jpg,binary_cropped_C0000203_y1-x0.jpg,53617,85.7872,0,0,0,0,0,lab_threshold_L0-255_a90-135_b155-255+remove_thin_crescent_components,photos/06102025/Day0/Day0/C0000203.JPG,processed/split_wells/06102025/cropped_C0000203_y1-x0.jpg,processed/binary_wells/06102025/binary_cropped_C0000203_y1-x0.jpg
06102025,batch1L,Day0,C0000203.jpg,P03,y1-x1,P03_y1-x1,Wa,PFD100,25,Wa_PFD100_25_P03_y1-x1,2025-10-06 13:42:50,2025-10-06 13:52:46,0.16555555555555557,cropped_C0000203_y1-x1.jpg,binary_cropped_C0000203_y1-x1.jpg,62998,100.7968,0,0,0,0,0,lab_threshold_L0-255_a90-135_b155-255+remove_thin_crescent_components,photos/06102025/Day0/Day0/C0000203.JPG,processed/split_wells/06102025/cropped_C0000203_y1-x1.jpg,processed/binary_wells/06102025/binary_cropped_C0000203_y1-x1.jpg
06102025,batch1L,Day0,C0000203.jpg,P03,y1-x2,P03_y1-x2,Sp,PFD100,25,Sp_PFD100_25_P03_y1-x2,2025-10-06 13:42:50,2025-10-06 13:52:46,0.16555555555555557,cropped_C0000203_y1-x2.jpg,binary_cropped_C0000203_y1-x2.jpg,78313,125.30080000000001,0,0,0,0,0,lab_threshold_L0-255_a90-135_b155-255+remove_thin_crescent_components,photos/06102025/Day0/Day0/C0000203.JPG,processed/split_wells/06102025/cropped_C0000203_y1-x2.jpg,processed/binary_wells/06102025/binary_cropped_C0000203_y1-x2.jpg
06102025,batch1L,Day0,C0000204.jpg,P04,y0-x0,P04_y0-x0,Wg,PFD100,25,Wg_PFD100_25_P04_y0-x0,2025-10-06 13:42:50,2025-10-06 13:53:44,0.18166666666666667,cropped_C0000204_y0-x0.jpg,binary_cropped_C0000204_y0-x0.jpg,5730,9.168000000000001,0,0,0,0,0,lab_threshold_L0-255_a90-135_b155-255+remove_thin_crescent_components,photos/06102025/Day0/Day0/C0000204.JPG,processed/split_wells/06102025/cropped_C0000204_y0-x0.jpg,processed/binary_wells/06102025/binary_cropped_C0000204_y0-x0.jpg
06102025,batch1L,Day0,C0000204.jpg,P04,y0-x1,P04_y0-x1,Si,PFD100,25,Si_PFD100_25_P04_y0-x1,2025-10-06 13:42:50,2025-10-06 13:53:44,0.18166666666666667,cropped_C0000204_y0-x1.jpg,binary_cropped_C0000204_y0-x1.jpg,95353,152.56480000000002,0,0,0,0,0,lab_threshold_L0-255_a90-135_b155-255+remove_thin_crescent_components,photos/06102025/Day0/Day0/C0000204.JPG,processed/split_wells/06102025/cropped_C0000204_y0-x1.jpg,processed/binary_wells/06102025/binary_cropped_C0000204_y0-x1.jpg
06102025,batch1L,Day0,C0000204.jpg,P04,y0-x2,P04_y0-x2,Wg,PFD100,25,Wg_PFD100_25_P04_y0-x2,2025-10-06 13:42:50,2025-10-06 13:53:44,0.18166666666666667,cropped_C0000204_y0-x2.jpg,binary_cropped_C0000204_y0-x2.jpg,8077,12.923200000000001,0,0,0,0,0,lab_threshold_L0-255_a90-135_b155-255+remove_thin_crescent_components,photos/06102025/Day0/Day0/C0000204.JPG,processed/split_wells/06102025/cropped_C0000204_y0-x2.jpg,processed/binary_wells/06102025/binary_cropped_C0000204_y0-x2.jpg
06102025,batch1L,Day0,C0000204.jpg,P04,y1-x0,P04_y1-x0,Si,PFD100,25,Si_PFD100_25_P04_y1-x0,2025-10-06 13:42:50,2025-10-06 13:53:44,0.18166666666666667,cropped_C0000204_y1-x0.jpg,binary_cropped_C0000204_y1-x0.jpg,43581,69.7296,0,0,0,0,0,lab_threshold_L0-255_a90-135_b155-255+remove_thin_crescent_components,photos/06102025/Day0/Day0/C0000204.JPG,processed/split_wells/06102025/cropped_C0000204_y1-x0.jpg,processed/binary_wells/06102025/binary_cropped_C0000204_y1-x0.jpg
06102025,batch1L,Day0,C0000204.jpg,P04,y1-x1,P04_y1-x1,Wg,PFD100,25,Wg_PFD100_25_P04_y1-x1,2025-10-06 13:42:50,2025-10-06 13:53:44,0.18166666666666667,cropped_C0000204_y1-x1.jpg,binary_cropped_C0000204_y1-x1.jpg,8060,12.896,0,0,0,0,0,lab_threshold_L0-255_a90-135_b155-255+remove_thin_crescent_components,photos/06102025/Day0/Day0/C0000204.JPG,processed/split_wells/06102025/cropped_C0000204_y1-x1.jpg,processed/binary_wells/06102025/binary_cropped_C0000204_y1-x1.jpg
06102025,batch1L,Day0,C0000204.jpg,P04,y1-x2,P04_y1-x2,Si,PFD100,25,Si_PFD100_25_P04_y1-x2,2025-10-06 13:42:50,2025-10-06 13:53:44,0.18166666666666667,cropped_C0000204_y1-x2.jpg,binary_cropped_C0000204_y1-x2.jpg,84031,134.4496,0,0,0,0,0,lab_threshold_L0-255_a90-135_b155-255+remove_thin_crescent_components,photos/06102025/Day0/Day0/C0000204.JPG,processed/split_wells/06102025/cropped_C0000204_y1-x2.jpg,processed/binary_wells/06102025/binary_cropped_C0000204_y1-x2.jpg
06102025,batch1L,Day0,C0000205.jpg,P05,y0-x0,P05_y0-x0,Sp,PFD1000,25,Sp_PFD1000_25_P05_y0-x0,2025-10-06 13:42:50,2025-10-06 13:54:16,0.19055555555555556,cropped_C0000205_y0-x0.jpg,binary_cropped_C0000205_y0-x0.jpg,90661,145.0576,0,0,0,741,1,lab_threshold_L0-255_a90-135_b155-255+remove_thin_crescent_components,photos/06102025/Day0/Day0/C0000205.JPG,processed/split_wells/06102025/cropped_C0000205_y0-x0.jpg,processed/binary_wells/06102025/binary_cropped_C0000205_y0-x0.jpg
06102025,batch1L,Day0,C0000205.jpg,P05,y0-x1,P05_y0-x1,Wa,PFD1000,25,Wa_PFD1000_25_P05_y0-x1,2025-10-06 13:42:50,2025-10-06 13:54:16,0.19055555555555556,cropped_C0000205_y0-x1.jpg,binary_cropped_C0000205_y0-x1.jpg,93562,149.69920000000002,0,0,0,0,0,lab_threshold_L0-255_a90-135_b155-255+remove_thin_crescent_components,photos/06102025/Day0/Day0/C0000205.JPG,processed/split_wells/06102025/cropped_C0000205_y0-x1.jpg,processed/binary_wells/06102025/binary_cropped_C0000205_y0-x1.jpg
06102025,batch1L,Day0,C0000205.jpg,P05,y0-x2,P05_y0-x2,Sp,PFD1000,25,Sp_PFD1000_25_P05_y0-x2,2025-10-06 13:42:50,2025-10-06 13:54:16,0.19055555555555556,cropped_C0000205_y0-x2.jpg,binary_cropped_C0000205_y0-x2.jpg,73256,117.20960000000001,0,0,0,0,0,lab_threshold_L0-255_a90-135_b155-255+remove_thin_crescent_components,photos/06102025/Day0/Day0/C0000205.JPG,processed/split_wells/06102025/cropped_C0000205_y0-x2.jpg,processed/binary_wells/06102025/binary_cropped_C0000205_y0-x2.jpg
06102025,batch1L,Day0,C0000205.jpg,P05,y1-x0,P05_y1-x0,Wa,PFD1000,25,Wa_PFD1000_25_P05_y1-x0,2025-10-06 13:42:50,2025-10-06 13:54:16,0.19055555555555556,cropped_C0000205_y1-x0.jpg,binary_cropped_C0000205_y1-x0.jpg,62090,99.34400000000001,0,0,0,3175,1,lab_threshold_L0-255_a90-135_b155-255+remove_thin_crescent_components,photos/06102025/Day0/Day0/C0000205.JPG,processed/split_wells/06102025/cropped_C0000205_y1-x0.jpg,processed/binary_wells/06102025/binary_cropped_C0000205_y1-x0.jpg
06102025,batch1L,Day0,C0000205.jpg,P05,y1-x1,P05_y1-x1,Sp,PFD1000,25,Sp_PFD1000_25_P05_y1-x1,2025-10-06 13:42:50,2025-10-06 13:54:16,0.19055555555555556,cropped_C0000205_y1-x1.jpg,binary_cropped_C0000205_y1-x1.jpg,66500,106.4,0,0,0,0,0,lab_threshold_L0-255_a90-135_b155-255+remove_thin_crescent_components,photos/06102025/Day0/Day0/C0000205.JPG,processed/split_wells/06102025/cropped_C0000205_y1-x1.jpg,processed/binary_wells/06102025/binary_cropped_C0000205_y1-x1.jpg
06102025,batch1L,Day0,C0000205.jpg,P05,y1-x2,P05_y1-x2,Wa,PFD1000,25,Wa_PFD1000_25_P05_y1-x2,2025-10-06 13:42:50,2025-10-06 13:54:16,0.19055555555555556,cropped_C0000205_y1-x2.jpg,binary_cropped_C0000205_y1-x2.jpg,67525,108.04,0,0,0,3549,1,lab_threshold_L0-255_a90-135_b155-255+remove_thin_crescent_components,photos/06102025/Day0/Day0/C0000205.JPG,processed/split_wells/06102025/cropped_C0000205_y1-x2.jpg,processed/binary_wells/06102025/binary_cropped_C0000205_y1-x2.jpg
06102025,batch1L,Day0,C0000206.jpg,P06,y0-x0,P06_y0-x0,Si,PFD1000,25,Si_PFD1000_25_P06_y0-x0,2025-10-06 13:42:50,2025-10-06 13:54:37,0.1963888888888889,cropped_C0000206_y0-x0.jpg,binary_cropped_C0000206_y0-x0.jpg,74245,118.792,0,0,0,0,0,lab_threshold_L0-255_a90-135_b155-255+remove_thin_crescent_components,photos/06102025/Day0/Day0/C0000206.JPG,processed/split_wells/06102025/cropped_C0000206_y0-x0.jpg,processed/binary_wells/06102025/binary_cropped_C0000206_y0-x0.jpg
06102025,batch1L,Day0,C0000206.jpg,P06,y0-x1,P06_y0-x1,Wg,PFD1000,25,Wg_PFD1000_25_P06_y0-x1,2025-10-06 13:42:50,2025-10-06 13:54:37,0.1963888888888889,cropped_C0000206_y0-x1.jpg,binary_cropped_C0000206_y0-x1.jpg,30079,48.126400000000004,0,0,0,0,0,lab_threshold_L0-255_a90-135_b155-255+remove_thin_crescent_components,photos/06102025/Day0/Day0/C0000206.JPG,processed/split_wells/06102025/cropped_C0000206_y0-x1.jpg,processed/binary_wells/06102025/binary_cropped_C0000206_y0-x1.jpg
06102025,batch1L,Day0,C0000206.jpg,P06,y0-x2,P06_y0-x2,Si,PFD1000,25,Si_PFD1000_25_P06_y0-x2,2025-10-06 13:42:50,2025-10-06 13:54:37,0.1963888888888889,cropped_C0000206_y0-x2.jpg,binary_cropped_C0000206_y0-x2.jpg,91695,146.71200000000002,0,0,0,0,0,lab_threshold_L0-255_a90-135_b155-255+remove_thin_crescent_components,photos/06102025/Day0/Day0/C0000206.JPG,processed/split_wells/06102025/cropped_C0000206_y0-x2.jpg,processed/binary_wells/06102025/binary_cropped_C0000206_y0-x2.jpg
06102025,batch1L,Day0,C0000206.jpg,P06,y1-x0,P06_y1-x0,Wg,PFD1000,25,Wg_PFD1000_25_P06_y1-x0,2025-10-06 13:42:50,2025-10-06 13:54:37,0.1963888888888889,cropped_C0000206_y1-x0.jpg,binary_cropped_C0000206_y1-x0.jpg,22971,36.7536,0,0,0,0,0,lab_threshold_L0-255_a90-135_b155-255+remove_thin_crescent_components,photos/06102025/Day0/Day0/C0000206.JPG,processed/split_wells/06102025/cropped_C0000206_y1-x0.jpg,processed/binary_wells/06102025/binary_cropped_C0000206_y1-x0.jpg
06102025,batch1L,Day0,C0000206.jpg,P06,y1-x1,P06_y1-x1,Si,PFD1000,25,Si_PFD1000_25_P06_y1-x1,2025-10-06 13:42:50,2025-10-06 13:54:37,0.1963888888888889,cropped_C0000206_y1-x1.jpg,binary_cropped_C0000206_y1-x1.jpg,58747,93.99520000000001,0,0,0,0,0,lab_threshold_L0-255_a90-135_b155-255+remove_thin_crescent_components,photos/06102025/Day0/Day0/C0000206.JPG,processed/split_wells/06102025/cropped_C0000206_y1-x1.jpg,processed/binary_wells/06102025/binary_cropped_C0000206_y1-x1.jpg
06102025,batch1L,Day0,C0000206.jpg,P06,y1-x2,P06_y1-x2,Wg,PFD1000,25,Wg_PFD1000_25_P06_y1-x2,2025-10-06 13:42:50,2025-10-06 13:54:37,0.1963888888888889,cropped_C0000206_y1-x2.jpg,binary_cropped_C0000206_y1-x2.jpg,18576,29.721600000000002,0,0,0,7799,1,lab_threshold_L0-255_a90-135_b155-255+remove_thin_crescent_components,photos/06102025/Day0/Day0/C0000206.JPG,processed/split_wells/06102025/cropped_C0000206_y1-x2.jpg,processed/binary_wells/06102025/binary_cropped_C0000206_y1-x2.jpg
06102025,batch1L,Day0,C0000207.jpg,P07,y0-x0,P07_y0-x0,Wa,PFD1000,25,Wa_PFD1000_25_P07_y0-x0,2025-10-06 13:42:50,2025-10-06 13:54:52,0.20055555555555554,cropped_C0000207_y0-x0.jpg,binary_cropped_C0000207_y0-x0.jpg,39735,63.576,0,0,0,0,0,lab_threshold_L0-255_a90-135_b155-255+remove_thin_crescent_components,photos/06102025/Day0/Day0/C0000207.JPG,processed/split_wells/06102025/cropped_C0000207_y0-x0.jpg,processed/binary_wells/06102025/binary_cropped_C0000207_y0-x0.jpg
06102025,batch1L,Day0,C0000207.jpg,P07,y0-x1,P07_y0-x1,Sp,PFD1000,25,Sp_PFD1000_25_P07_y0-x1,2025-10-06 13:42:50,2025-10-06 13:54:52,0.20055555555555554,cropped_C0000207_y0-x1.jpg,binary_cropped_C0000207_y0-x1.jpg,75051,120.08160000000001,0,0,0,0,0,lab_threshold_L0-255_a90-135_b155-255+remove_thin_crescent_components,photos/06102025/Day0/Day0/C0000207.JPG,processed/split_wells/06102025/cropped_C0000207_y0-x1.jpg,processed/binary_wells/06102025/binary_cropped_C0000207_y0-x1.jpg
06102025,batch1L,Day0,C0000207.jpg,P07,y0-x2,P07_y0-x2,Wa,PFD1000,25,Wa_PFD1000_25_P07_y0-x2,2025-10-06 13:42:50,2025-10-06 13:54:52,0.20055555555555554,cropped_C0000207_y0-x2.jpg,binary_cropped_C0000207_y0-x2.jpg,52609,84.1744,0,0,0,0,0,lab_threshold_L0-255_a90-135_b155-255+remove_thin_crescent_components,photos/06102025/Day0/Day0/C0000207.JPG,processed/split_wells/06102025/cropped_C0000207_y0-x2.jpg,processed/binary_wells/06102025/binary_cropped_C0000207_y0-x2.jpg
06102025,batch1L,Day0,C0000207.jpg,P07,y1-x0,P07_y1-x0,Sp,PFD1000,25,Sp_PFD1000_25_P07_y1-x0,2025-10-06 13:42:50,2025-10-06 13:54:52,0.20055555555555554,cropped_C0000207_y1-x0.jpg,binary_cropped_C0000207_y1-x0.jpg,70071,112.1136,0,0,0,0,0,lab_threshold_L0-255_a90-135_b155-255+remove_thin_crescent_components,photos/06102025/Day0/Day0/C0000207.JPG,processed/split_wells/06102025/cropped_C0000207_y1-x0.jpg,processed/binary_wells/06102025/binary_cropped_C0000207_y1-x0.jpg
06102025,batch1L,Day0,C0000207.jpg,P07,y1-x1,P07_y1-x1,Wa,PFD1000,25,Wa_PFD1000_25_P07_y1-x1,2025-10-06 13:42:50,2025-10-06 13:54:52,0.20055555555555554,cropped_C0000207_y1-x1.jpg,binary_cropped_C0000207_y1-x1.jpg,57129,91.4064,0,0,0,0,0,lab_threshold_L0-255_a90-135_b155-255+remove_thin_crescent_components,photos/06102025/Day0/Day0/C0000207.JPG,processed/split_wells/06102025/cropped_C0000207_y1-x1.jpg,processed/binary_wells/06102025/binary_cropped_C0000207_y1-x1.jpg
06102025,batch1L,Day0,C0000207.jpg,P07,y1-x2,P07_y1-x2,Sp,PFD1000,25,Sp_PFD1000_25_P07_y1-x2,2025-10-06 13:42:50,2025-10-06 13:54:52,0.20055555555555554,cropped_C0000207_y1-x2.jpg,binary_cropped_C0000207_y1-x2.jpg,85452,136.72320000000002,0,0,0,0,0,lab_threshold_L0-255_a90-135_b155-255+remove_thin_crescent_components,photos/06102025/Day0/Day0/C0000207.JPG,processed/split_wells/06102025/cropped_C0000207_y1-x2.jpg,processed/binary_wells/06102025/binary_cropped_C0000207_y1-x2.jpg
06102025,batch1L,Day0,C0000208.jpg,P08,y0-x0,P08_y0-x0,Wg,PFD1000,25,Wg_PFD1000_25_P08_y0-x0,2025-10-06 13:42:50,2025-10-06 13:55:10,0.20555555555555555,cropped_C0000208_y0-x0.jpg,binary_cropped_C0000208_y0-x0.jpg,12719,20.3504,0,0,0,2223,1,lab_threshold_L0-255_a90-135_b155-255+remove_thin_crescent_components,photos/06102025/Day0/Day0/C0000208.JPG,processed/split_wells/06102025/cropped_C0000208_y0-x0.jpg,processed/binary_wells/06102025/binary_cropped_C0000208_y0-x0.jpg
06102025,batch1L,Day0,C0000208.jpg,P08,y0-x1,P08_y0-x1,Si,PFD1000,25,Si_PFD1000_25_P08_y0-x1,2025-10-06 13:42:50,2025-10-06 13:55:10,0.20555555555555555,cropped_C0000208_y0-x1.jpg,binary_cropped_C0000208_y0-x1.jpg,97576,156.1216,0,0,0,0,0,lab_threshold_L0-255_a90-135_b155-255+remove_thin_crescent_components,photos/06102025/Day0/Day0/C0000208.JPG,processed/split_wells/06102025/cropped_C0000208_y0-x1.jpg,processed/binary_wells/06102025/binary_cropped_C0000208_y0-x1.jpg
06102025,batch1L,Day0,C0000208.jpg,P08,y0-x2,P08_y0-x2,Wg,PFD1000,25,Wg_PFD1000_25_P08_y0-x2,2025-10-06 13:42:50,2025-10-06 13:55:10,0.20555555555555555,cropped_C0000208_y0-x2.jpg,binary_cropped_C0000208_y0-x2.jpg,13541,21.6656,0,0,0,3986,1,lab_threshold_L0-255_a90-135_b155-255+remove_thin_crescent_components,photos/06102025/Day0/Day0/C0000208.JPG,processed/split_wells/06102025/cropped_C0000208_y0-x2.jpg,processed/binary_wells/06102025/binary_cropped_C0000208_y0-x2.jpg
06102025,batch1L,Day0,C0000208.jpg,P08,y1-x0,P08_y1-x0,Si,PFD1000,25,Si_PFD1000_25_P08_y1-x0,2025-10-06 13:42:50,2025-10-06 13:55:10,0.20555555555555555,cropped_C0000208_y1-x0.jpg,binary_cropped_C0000208_y1-x0.jpg,65669,105.0704,0,0,0,0,0,lab_threshold_L0-255_a90-135_b155-255+remove_thin_crescent_components,photos/06102025/Day0/Day0/C0000208.JPG,processed/split_wells/06102025/cropped_C0000208_y1-x0.jpg,processed/binary_wells/06102025/binary_cropped_C0000208_y1-x0.jpg
06102025,batch1L,Day0,C0000208.jpg,P08,y1-x1,P08_y1-x1,Wg,PFD1000,25,Wg_PFD1000_25_P08_y1-x1,2025-10-06 13:42:50,2025-10-06 13:55:10,0.20555555555555555,cropped_C0000208_y1-x1.jpg,binary_cropped_C0000208_y1-x1.jpg,12280,19.648,0,0,0,8874,1,lab_threshold_L0-255_a90-135_b155-255+remove_thin_crescent_components,photos/06102025/Day0/Day0/C0000208.JPG,processed/split_wells/06102025/cropped_C0000208_y1-x1.jpg,processed/binary_wells/06102025/binary_cropped_C0000208_y1-x1.jpg
06102025,batch1L,Day0,C0000208.jpg,P08,y1-x2,P08_y1-x2,Si,PFD1000,25,Si_PFD1000_25_P08_y1-x2,2025-10-06 13:42:50,2025-10-06 13:55:10,0.20555555555555555,cropped_C0000208_y1-x2.jpg,binary_cropped_C0000208_y1-x2.jpg,49910,79.85600000000001,0,0,0,0,0,lab_threshold_L0-255_a90-135_b155-255+remove_thin_crescent_components,photos/06102025/Day0/Day0/C0000208.JPG,processed/split_wells/06102025/cropped_C0000208_y1-x2.jpg,processed/binary_wells/06102025/binary_cropped_C0000208_y1-x2.jpg
06102025,batch1L,Day1,C0000209.jpg,P01,y0-x0,P01_y0-x0,Sp,PFD100,25,Sp_PFD100_25_P01_y0-x0,2025-10-06 13:42:50,2025-10-07 11:06:34,21.395555555555557,cropped_C0000209_y0-x0.jpg,binary_cropped_C0000209_y0-x0.jpg,82823,132.51680000000002,0,0,0,0,0,lab_threshold_L0-255_a90-135_b155-255+remove_thin_crescent_components,photos/06102025/Day1/Day1/C0000209.JPG,processed/split_wells/06102025/cropped_C0000209_y0-x0.jpg,processed/binary_wells/06102025/binary_cropped_C0000209_y0-x0.jpg
06102025,batch1L,Day1,C0000209.jpg,P01,y0-x1,P01_y0-x1,Wa,PFD100,25,Wa_PFD100_25_P01_y0-x1,2025-10-06 13:42:50,2025-10-07 11:06:34,21.395555555555557,cropped_C0000209_y0-x1.jpg,binary_cropped_C0000209_y0-x1.jpg,112629,180.2064,0,0,0,0,0,lab_threshold_L0-255_a90-135_b155-255+remove_thin_crescent_components,photos/06102025/Day1/Day1/C0000209.JPG,processed/split_wells/06102025/cropped_C0000209_y0-x1.jpg,processed/binary_wells/06102025/binary_cropped_C0000209_y0-x1.jpg
06102025,batch1L,Day1,C0000209.jpg,P01,y0-x2,P01_y0-x2,Sp,PFD100,25,Sp_PFD100_25_P01_y0-x2,2025-10-06 13:42:50,2025-10-07 11:06:34,21.395555555555557,cropped_C0000209_y0-x2.jpg,binary_cropped_C0000209_y0-x2.jpg,67646,108.23360000000001,0,0,0,0,0,lab_threshold_L0-255_a90-135_b155-255+remove_thin_crescent_components,photos/06102025/Day1/Day1/C0000209.JPG,processed/split_wells/06102025/cropped_C0000209_y0-x2.jpg,processed/binary_wells/06102025/binary_cropped_C0000209_y0-x2.jpg
06102025,batch1L,Day1,C0000209.jpg,P01,y1-x0,P01_y1-x0,Wa,PFD100,25,Wa_PFD100_25_P01_y1-x0,2025-10-06 13:42:50,2025-10-07 11:06:34,21.395555555555557,cropped_C0000209_y1-x0.jpg,binary_cropped_C0000209_y1-x0.jpg,161441,258.3056,0,0,0,0,0,lab_threshold_L0-255_a90-135_b155-255+remove_thin_crescent_components,photos/06102025/Day1/Day1/C0000209.JPG,processed/split_wells/06102025/cropped_C0000209_y1-x0.jpg,processed/binary_wells/06102025/binary_cropped_C0000209_y1-x0.jpg
06102025,batch1L,Day1,C0000209.jpg,P01,y1-x1,P01_y1-x1,Sp,PFD100,25,Sp_PFD100_25_P01_y1-x1,2025-10-06 13:42:50,2025-10-07 11:06:34,21.395555555555557,cropped_C0000209_y1-x1.jpg,binary_cropped_C0000209_y1-x1.jpg,77945,124.712,0,0,0,0,0,lab_threshold_L0-255_a90-135_b155-255+remove_thin_crescent_components,photos/06102025/Day1/Day1/C0000209.JPG,processed/split_wells/06102025/cropped_C0000209_y1-x1.jpg,processed/binary_wells/06102025/binary_cropped_C0000209_y1-x1.jpg
06102025,batch1L,Day1,C0000209.jpg,P01,y1-x2,P01_y1-x2,Wa,PFD100,25,Wa_PFD100_25_P01_y1-x2,2025-10-06 13:42:50,2025-10-07 11:06:34,21.395555555555557,cropped_C0000209_y1-x2.jpg,binary_cropped_C0000209_y1-x2.jpg,140808,225.2928,0,0,0,0,0,lab_threshold_L0-255_a90-135_b155-255+remove_thin_crescent_components,photos/06102025/Day1/Day1/C0000209.JPG,processed/split_wells/06102025/cropped_C0000209_y1-x2.jpg,processed/binary_wells/06102025/binary_cropped_C0000209_y1-x2.jpg
06102025,batch1L,Day1,C0000210.jpg,P02,y0-x0,P02_y0-x0,Si,PFD100,25,Si_PFD100_25_P02_y0-x0,2025-10-06 13:42:50,2025-10-07 11:07:00,21.40277777777778,cropped_C0000210_y0-x0.jpg,binary_cropped_C0000210_y0-x0.jpg,90729,145.1664,0,0,0,0,0,lab_threshold_L0-255_a90-135_b155-255+remove_thin_crescent_components,photos/06102025/Day1/Day1/C0000210.JPG,processed/split_wells/06102025/cropped_C0000210_y0-x0.jpg,processed/binary_wells/06102025/binary_cropped_C0000210_y0-x0.jpg
06102025,batch1L,Day1,C0000210.jpg,P02,y0-x1,P02_y0-x1,Wg,PFD100,25,Wg_PFD100_25_P02_y0-x1,2025-10-06 13:42:50,2025-10-07 11:07:00,21.40277777777778,cropped_C0000210_y0-x1.jpg,binary_cropped_C0000210_y0-x1.jpg,23760,38.016000000000005,0,0,0,0,0,lab_threshold_L0-255_a90-135_b155-255+remove_thin_crescent_components,photos/06102025/Day1/Day1/C0000210.JPG,processed/split_wells/06102025/cropped_C0000210_y0-x1.jpg,processed/binary_wells/06102025/binary_cropped_C0000210_y0-x1.jpg
06102025,batch1L,Day1,C0000210.jpg,P02,y0-x2,P02_y0-x2,Si,PFD100,25,Si_PFD100_25_P02_y0-x2,2025-10-06 13:42:50,2025-10-07 11:07:00,21.40277777777778,cropped_C0000210_y0-x2.jpg,binary_cropped_C0000210_y0-x2.jpg,121267,194.02720000000002,0,0,0,0,0,lab_threshold_L0-255_a90-135_b155-255+remove_thin_crescent_components,photos/06102025/Day1/Day1/C0000210.JPG,processed/split_wells/06102025/cropped_C0000210_y0-x2.jpg,processed/binary_wells/06102025/binary_cropped_C0000210_y0-x2.jpg
06102025,batch1L,Day1,C0000210.jpg,P02,y1-x0,P02_y1-x0,Wg,PFD100,25,Wg_PFD100_25_P02_y1-x0,2025-10-06 13:42:50,2025-10-07 11:07:00,21.40277777777778,cropped_C0000210_y1-x0.jpg,binary_cropped_C0000210_y1-x0.jpg,18023,28.8368,0,0,0,0,0,lab_threshold_L0-255_a90-135_b155-255+remove_thin_crescent_components,photos/06102025/Day1/Day1/C0000210.JPG,processed/split_wells/06102025/cropped_C0000210_y1-x0.jpg,processed/binary_wells/06102025/binary_cropped_C0000210_y1-x0.jpg
06102025,batch1L,Day1,C0000210.jpg,P02,y1-x1,P02_y1-x1,Si,PFD100,25,Si_PFD100_25_P02_y1-x1,2025-10-06 13:42:50,2025-10-07 11:07:00,21.40277777777778,cropped_C0000210_y1-x1.jpg,binary_cropped_C0000210_y1-x1.jpg,69406,111.04960000000001,0,0,0,0,0,lab_threshold_L0-255_a90-135_b155-255+remove_thin_crescent_components,photos/06102025/Day1/Day1/C0000210.JPG,processed/split_wells/06102025/cropped_C0000210_y1-x1.jpg,processed/binary_wells/06102025/binary_cropped_C0000210_y1-x1.jpg
06102025,batch1L,Day1,C0000210.jpg,P02,y1-x2,P02_y1-x2,Wg,PFD100,25,Wg_PFD100_25_P02_y1-x2,2025-10-06 13:42:50,2025-10-07 11:07:00,21.40277777777778,cropped_C0000210_y1-x2.jpg,binary_cropped_C0000210_y1-x2.jpg,14902,23.8432,0,0,0,0,0,lab_threshold_L0-255_a90-135_b155-255+remove_thin_crescent_components,photos/06102025/Day1/Day1/C0000210.JPG,processed/split_wells/06102025/cropped_C0000210_y1-x2.jpg,processed/binary_wells/06102025/binary_cropped_C0000210_y1-x2.jpg
06102025,batch1L,Day1,C0000211.jpg,P03,y0-x0,P03_y0-x0,Wa,PFD100,25,Wa_PFD100_25_P03_y0-x0,2025-10-06 13:42:50,2025-10-07 11:07:20,21.408333333333335,cropped_C0000211_y0-x0.jpg,binary_cropped_C0000211_y0-x0.jpg,131683,210.6928,0,0,0,0,0,lab_threshold_L0-255_a90-135_b155-255+remove_thin_crescent_components,photos/06102025/Day1/Day1/C0000211.JPG,processed/split_wells/06102025/cropped_C0000211_y0-x0.jpg,processed/binary_wells/06102025/binary_cropped_C0000211_y0-x0.jpg
06102025,batch1L,Day1,C0000211.jpg,P03,y0-x1,P03_y0-x1,Sp,PFD100,25,Sp_PFD100_25_P03_y0-x1,2025-10-06 13:42:50,2025-10-07 11:07:20,21.408333333333335,cropped_C0000211_y0-x1.jpg,binary_cropped_C0000211_y0-x1.jpg,71226,113.9616,0,0,0,0,0,lab_threshold_L0-255_a90-135_b155-255+remove_thin_crescent_components,photos/06102025/Day1/Day1/C0000211.JPG,processed/split_wells/06102025/cropped_C0000211_y0-x1.jpg,processed/binary_wells/06102025/binary_cropped_C0000211_y0-x1.jpg
06102025,batch1L,Day1,C0000211.jpg,P03,y0-x2,P03_y0-x2,Wa,PFD100,25,Wa_PFD100_25_P03_y0-x2,2025-10-06 13:42:50,2025-10-07 11:07:20,21.408333333333335,cropped_C0000211_y0-x2.jpg,binary_cropped_C0000211_y0-x2.jpg,63909,102.2544,0,0,0,6414,1,lab_threshold_L0-255_a90-135_b155-255+remove_thin_crescent_components,photos/06102025/Day1/Day1/C0000211.JPG,processed/split_wells/06102025/cropped_C0000211_y0-x2.jpg,processed/binary_wells/06102025/binary_cropped_C0000211_y0-x2.jpg
06102025,batch1L,Day1,C0000211.jpg,P03,y1-x0,P03_y1-x0,Sp,PFD100,25,Sp_PFD100_25_P03_y1-x0,2025-10-06 13:42:50,2025-10-07 11:07:20,21.408333333333335,cropped_C0000211_y1-x0.jpg,binary_cropped_C0000211_y1-x0.jpg,63733,101.9728,0,0,0,1075,1,lab_threshold_L0-255_a90-135_b155-255+remove_thin_crescent_components,photos/06102025/Day1/Day1/C0000211.JPG,processed/split_wells/06102025/cropped_C0000211_y1-x0.jpg,processed/binary_wells/06102025/binary_cropped_C0000211_y1-x0.jpg
06102025,batch1L,Day1,C0000211.jpg,P03,y1-x1,P03_y1-x1,Wa,PFD100,25,Wa_PFD100_25_P03_y1-x1,2025-10-06 13:42:50,2025-10-07 11:07:20,21.408333333333335,cropped_C0000211_y1-x1.jpg,binary_cropped_C0000211_y1-x1.jpg,104075,166.52,0,0,0,0,0,lab_threshold_L0-255_a90-135_b155-255+remove_thin_crescent_components,photos/06102025/Day1/Day1/C0000211.JPG,processed/split_wells/06102025/cropped_C0000211_y1-x1.jpg,processed/binary_wells/06102025/binary_cropped_C0000211_y1-x1.jpg
06102025,batch1L,Day1,C0000211.jpg,P03,y1-x2,P03_y1-x2,Sp,PFD100,25,Sp_PFD100_25_P03_y1-x2,2025-10-06 13:42:50,2025-10-07 11:07:20,21.408333333333335,cropped_C0000211_y1-x2.jpg,binary_cropped_C0000211_y1-x2.jpg,87463,139.9408,0,0,0,0,0,lab_threshold_L0-255_a90-135_b155-255+remove_thin_crescent_components,photos/06102025/Day1/Day1/C0000211.JPG,processed/split_wells/06102025/cropped_C0000211_y1-x2.jpg,processed/binary_wells/06102025/binary_cropped_C0000211_y1-x2.jpg
06102025,batch1L,Day1,C0000212.jpg,P04,y0-x0,P04_y0-x0,Wg,PFD100,25,Wg_PFD100_25_P04_y0-x0,2025-10-06 13:42:50,2025-10-07 11:07:43,21.414722222222224,cropped_C0000212_y0-x0.jpg,binary_cropped_C0000212_y0-x0.jpg,30502,48.803200000000004,0,0,0,0,0,lab_threshold_L0-255_a90-135_b155-255+remove_thin_crescent_components,photos/06102025/Day1/Day1/C0000212.JPG,processed/split_wells/06102025/cropped_C0000212_y0-x0.jpg,processed/binary_wells/06102025/binary_cropped_C0000212_y0-x0.jpg
06102025,batch1L,Day1,C0000212.jpg,P04,y0-x1,P04_y0-x1,Si,PFD100,25,Si_PFD100_25_P04_y0-x1,2025-10-06 13:42:50,2025-10-07 11:07:43,21.414722222222224,cropped_C0000212_y0-x1.jpg,binary_cropped_C0000212_y0-x1.jpg,99274,158.8384,0,0,0,0,0,lab_threshold_L0-255_a90-135_b155-255+remove_thin_crescent_components,photos/06102025/Day1/Day1/C0000212.JPG,processed/split_wells/06102025/cropped_C0000212_y0-x1.jpg,processed/binary_wells/06102025/binary_cropped_C0000212_y0-x1.jpg
06102025,batch1L,Day1,C0000212.jpg,P04,y0-x2,P04_y0-x2,Wg,PFD100,25,Wg_PFD100_25_P04_y0-x2,2025-10-06 13:42:50,2025-10-07 11:07:43,21.414722222222224,cropped_C0000212_y0-x2.jpg,binary_cropped_C0000212_y0-x2.jpg,17924,28.6784,0,0,0,0,0,lab_threshold_L0-255_a90-135_b155-255+remove_thin_crescent_components,photos/06102025/Day1/Day1/C0000212.JPG,processed/split_wells/06102025/cropped_C0000212_y0-x2.jpg,processed/binary_wells/06102025/binary_cropped_C0000212_y0-x2.jpg
06102025,batch1L,Day1,C0000212.jpg,P04,y1-x0,P04_y1-x0,Si,PFD100,25,Si_PFD100_25_P04_y1-x0,2025-10-06 13:42:50,2025-10-07 11:07:43,21.414722222222224,cropped_C0000212_y1-x0.jpg,binary_cropped_C0000212_y1-x0.jpg,59185,94.696,0,0,0,0,0,lab_threshold_L0-255_a90-135_b155-255+remove_thin_crescent_components,photos/06102025/Day1/Day1/C0000212.JPG,processed/split_wells/06102025/cropped_C0000212_y1-x0.jpg,processed/binary_wells/06102025/binary_cropped_C0000212_y1-x0.jpg
06102025,batch1L,Day1,C0000212.jpg,P04,y1-x1,P04_y1-x1,Wg,PFD100,25,Wg_PFD100_25_P04_y1-x1,2025-10-06 13:42:50,2025-10-07 11:07:43,21.414722222222224,cropped_C0000212_y1-x1.jpg,binary_cropped_C0000212_y1-x1.jpg,17623,28.1968,0,0,0,13319,1,lab_threshold_L0-255_a90-135_b155-255+remove_thin_crescent_components,photos/06102025/Day1/Day1/C0000212.JPG,processed/split_wells/06102025/cropped_C0000212_y1-x1.jpg,processed/binary_wells/06102025/binary_cropped_C0000212_y1-x1.jpg
06102025,batch1L,Day1,C0000212.jpg,P04,y1-x2,P04_y1-x2,Si,PFD100,25,Si_PFD100_25_P04_y1-x2,2025-10-06 13:42:50,2025-10-07 11:07:43,21.414722222222224,cropped_C0000212_y1-x2.jpg,binary_cropped_C0000212_y1-x2.jpg,96208,153.93280000000001,0,0,0,0,0,lab_threshold_L0-255_a90-135_b155-255+remove_thin_crescent_components,photos/06102025/Day1/Day1/C0000212.JPG,processed/split_wells/06102025/cropped_C0000212_y1-x2.jpg,processed/binary_wells/06102025/binary_cropped_C0000212_y1-x2.jpg
06102025,batch1L,Day1,C0000213.jpg,P05,y0-x0,P05_y0-x0,Sp,PFD1000,25,Sp_PFD1000_25_P05_y0-x0,2025-10-06 13:42:50,2025-10-07 11:08:07,21.421388888888888,cropped_C0000213_y0-x0.jpg,binary_cropped_C0000213_y0-x0.jpg,98221,157.1536,0,0,0,0,0,lab_threshold_L0-255_a90-135_b155-255+remove_thin_crescent_components,photos/06102025/Day1/Day1/C0000213.JPG,processed/split_wells/06102025/cropped_C0000213_y0-x0.jpg,processed/binary_wells/06102025/binary_cropped_C0000213_y0-x0.jpg
06102025,batch1L,Day1,C0000213.jpg,P05,y0-x1,P05_y0-x1,Wa,PFD1000,25,Wa_PFD1000_25_P05_y0-x1,2025-10-06 13:42:50,2025-10-07 11:08:07,21.421388888888888,cropped_C0000213_y0-x1.jpg,binary_cropped_C0000213_y0-x1.jpg,119690,191.50400000000002,0,0,0,0,0,lab_threshold_L0-255_a90-135_b155-255+remove_thin_crescent_components,photos/06102025/Day1/Day1/C0000213.JPG,processed/split_wells/06102025/cropped_C0000213_y0-x1.jpg,processed/binary_wells/06102025/binary_cropped_C0000213_y0-x1.jpg
06102025,batch1L,Day1,C0000213.jpg,P05,y0-x2,P05_y0-x2,Sp,PFD1000,25,Sp_PFD1000_25_P05_y0-x2,2025-10-06 13:42:50,2025-10-07 11:08:07,21.421388888888888,cropped_C0000213_y0-x2.jpg,binary_cropped_C0000213_y0-x2.jpg,85115,136.184,0,0,0,0,0,lab_threshold_L0-255_a90-135_b155-255+remove_thin_crescent_components,photos/06102025/Day1/Day1/C0000213.JPG,processed/split_wells/06102025/cropped_C0000213_y0-x2.jpg,processed/binary_wells/06102025/binary_cropped_C0000213_y0-x2.jpg
06102025,batch1L,Day1,C0000213.jpg,P05,y1-x0,P05_y1-x0,Wa,PFD1000,25,Wa_PFD1000_25_P05_y1-x0,2025-10-06 13:42:50,2025-10-07 11:08:07,21.421388888888888,cropped_C0000213_y1-x0.jpg,binary_cropped_C0000213_y1-x0.jpg,80122,128.1952,0,0,0,14273,2,lab_threshold_L0-255_a90-135_b155-255+remove_thin_crescent_components,photos/06102025/Day1/Day1/C0000213.JPG,processed/split_wells/06102025/cropped_C0000213_y1-x0.jpg,processed/binary_wells/06102025/binary_cropped_C0000213_y1-x0.jpg
06102025,batch1L,Day1,C0000213.jpg,P05,y1-x1,P05_y1-x1,Sp,PFD1000,25,Sp_PFD1000_25_P05_y1-x1,2025-10-06 13:42:50,2025-10-07 11:08:07,21.421388888888888,cropped_C0000213_y1-x1.jpg,binary_cropped_C0000213_y1-x1.jpg,75609,120.9744,0,0,0,0,0,lab_threshold_L0-255_a90-135_b155-255+remove_thin_crescent_components,photos/06102025/Day1/Day1/C0000213.JPG,processed/split_wells/06102025/cropped_C0000213_y1-x1.jpg,processed/binary_wells/06102025/binary_cropped_C0000213_y1-x1.jpg
06102025,batch1L,Day1,C0000213.jpg,P05,y1-x2,P05_y1-x2,Wa,PFD1000,25,Wa_PFD1000_25_P05_y1-x2,2025-10-06 13:42:50,2025-10-07 11:08:07,21.421388888888888,cropped_C0000213_y1-x2.jpg,binary_cropped_C0000213_y1-x2.jpg,102101,163.3616,0,0,0,0,0,lab_threshold_L0-255_a90-135_b155-255+remove_thin_crescent_components,photos/06102025/Day1/Day1/C0000213.JPG,processed/split_wells/06102025/cropped_C0000213_y1-x2.jpg,processed/binary_wells/06102025/binary_cropped_C0000213_y1-x2.jpg
06102025,batch1L,Day1,C0000214.jpg,P06,y0-x0,P06_y0-x0,Si,PFD1000,25,Si_PFD1000_25_P06_y0-x0,2025-10-06 13:42:50,2025-10-07 11:08:30,21.427777777777777,cropped_C0000214_y0-x0.jpg,binary_cropped_C0000214_y0-x0.jpg,74578,119.32480000000001,0,0,0,0,0,lab_threshold_L0-255_a90-135_b155-255+remove_thin_crescent_components,photos/06102025/Day1/Day1/C0000214.JPG,processed/split_wells/06102025/cropped_C0000214_y0-x0.jpg,processed/binary_wells/06102025/binary_cropped_C0000214_y0-x0.jpg
06102025,batch1L,Day1,C0000214.jpg,P06,y0-x1,P06_y0-x1,Wg,PFD1000,25,Wg_PFD1000_25_P06_y0-x1,2025-10-06 13:42:50,2025-10-07 11:08:30,21.427777777777777,cropped_C0000214_y0-x1.jpg,binary_cropped_C0000214_y0-x1.jpg,35255,56.408,0,0,0,0,0,lab_threshold_L0-255_a90-135_b155-255+remove_thin_crescent_components,photos/06102025/Day1/Day1/C0000214.JPG,processed/split_wells/06102025/cropped_C0000214_y0-x1.jpg,processed/binary_wells/06102025/binary_cropped_C0000214_y0-x1.jpg
06102025,batch1L,Day1,C0000214.jpg,P06,y0-x2,P06_y0-x2,Si,PFD1000,25,Si_PFD1000_25_P06_y0-x2,2025-10-06 13:42:50,2025-10-07 11:08:30,21.427777777777777,cropped_C0000214_y0-x2.jpg,binary_cropped_C0000214_y0-x2.jpg,101145,161.832,0,0,0,0,0,lab_threshold_L0-255_a90-135_b155-255+remove_thin_crescent_components,photos/06102025/Day1/Day1/C0000214.JPG,processed/split_wells/06102025/cropped_C0000214_y0-x2.jpg,processed/binary_wells/06102025/binary_cropped_C0000214_y0-x2.jpg
06102025,batch1L,Day1,C0000214.jpg,P06,y1-x0,P06_y1-x0,Wg,PFD1000,25,Wg_PFD1000_25_P06_y1-x0,2025-10-06 13:42:50,2025-10-07 11:08:30,21.427777777777777,cropped_C0000214_y1-x0.jpg,binary_cropped_C0000214_y1-x0.jpg,25084,40.1344,0,0,0,0,0,lab_threshold_L0-255_a90-135_b155-255+remove_thin_crescent_components,photos/06102025/Day1/Day1/C0000214.JPG,processed/split_wells/06102025/cropped_C0000214_y1-x0.jpg,processed/binary_wells/06102025/binary_cropped_C0000214_y1-x0.jpg
06102025,batch1L,Day1,C0000214.jpg,P06,y1-x1,P06_y1-x1,Si,PFD1000,25,Si_PFD1000_25_P06_y1-x1,2025-10-06 13:42:50,2025-10-07 11:08:30,21.427777777777777,cropped_C0000214_y1-x1.jpg,binary_cropped_C0000214_y1-x1.jpg,65107,104.1712,0,0,0,0,0,lab_threshold_L0-255_a90-135_b155-255+remove_thin_crescent_components,photos/06102025/Day1/Day1/C0000214.JPG,processed/split_wells/06102025/cropped_C0000214_y1-x1.jpg,processed/binary_wells/06102025/binary_cropped_C0000214_y1-x1.jpg
06102025,batch1L,Day1,C0000214.jpg,P06,y1-x2,P06_y1-x2,Wg,PFD1000,25,Wg_PFD1000_25_P06_y1-x2,2025-10-06 13:42:50,2025-10-07 11:08:30,21.427777777777777,cropped_C0000214_y1-x2.jpg,binary_cropped_C0000214_y1-x2.jpg,22887,36.6192,0,0,0,9991,1,lab_threshold_L0-255_a90-135_b155-255+remove_thin_crescent_components,photos/06102025/Day1/Day1/C0000214.JPG,processed/split_wells/06102025/cropped_C0000214_y1-x2.jpg,processed/binary_wells/06102025/binary_cropped_C0000214_y1-x2.jpg
06102025,batch1L,Day1,C0000215.jpg,P07,y0-x0,P07_y0-x0,Wa,PFD1000,25,Wa_PFD1000_25_P07_y0-x0,2025-10-06 13:42:50,2025-10-07 11:08:54,21.434444444444445,cropped_C0000215_y0-x0.jpg,binary_cropped_C0000215_y0-x0.jpg,90851,145.3616,0,0,0,0,0,lab_threshold_L0-255_a90-135_b155-255+remove_thin_crescent_components,photos/06102025/Day1/Day1/C0000215.JPG,processed/split_wells/06102025/cropped_C0000215_y0-x0.jpg,processed/binary_wells/06102025/binary_cropped_C0000215_y0-x0.jpg
06102025,batch1L,Day1,C0000215.jpg,P07,y0-x1,P07_y0-x1,Sp,PFD1000,25,Sp_PFD1000_25_P07_y0-x1,2025-10-06 13:42:50,2025-10-07 11:08:54,21.434444444444445,cropped_C0000215_y0-x1.jpg,binary_cropped_C0000215_y0-x1.jpg,84228,134.7648,0,0,0,0,0,lab_threshold_L0-255_a90-135_b155-255+remove_thin_crescent_components,photos/06102025/Day1/Day1/C0000215.JPG,processed/split_wells/06102025/cropped_C0000215_y0-x1.jpg,processed/binary_wells/06102025/binary_cropped_C0000215_y0-x1.jpg
06102025,batch1L,Day1,C0000215.jpg,P07,y0-x2,P07_y0-x2,Wa,PFD1000,25,Wa_PFD1000_25_P07_y0-x2,2025-10-06 13:42:50,2025-10-07 11:08:54,21.434444444444445,cropped_C0000215_y0-x2.jpg,binary_cropped_C0000215_y0-x2.jpg,94199,150.7184,0,0,0,15288,1,lab_threshold_L0-255_a90-135_b155-255+remove_thin_crescent_components,photos/06102025/Day1/Day1/C0000215.JPG,processed/split_wells/06102025/cropped_C0000215_y0-x2.jpg,processed/binary_wells/06102025/binary_cropped_C0000215_y0-x2.jpg
06102025,batch1L,Day1,C0000215.jpg,P07,y1-x0,P07_y1-x0,Sp,PFD1000,25,Sp_PFD1000_25_P07_y1-x0,2025-10-06 13:42:50,2025-10-07 11:08:54,21.434444444444445,cropped_C0000215_y1-x0.jpg,binary_cropped_C0000215_y1-x0.jpg,82006,131.2096,0,0,0,0,0,lab_threshold_L0-255_a90-135_b155-255+remove_thin_crescent_components,photos/06102025/Day1/Day1/C0000215.JPG,processed/split_wells/06102025/cropped_C0000215_y1-x0.jpg,processed/binary_wells/06102025/binary_cropped_C0000215_y1-x0.jpg
06102025,batch1L,Day1,C0000215.jpg,P07,y1-x1,P07_y1-x1,Wa,PFD1000,25,Wa_PFD1000_25_P07_y1-x1,2025-10-06 13:42:50,2025-10-07 11:08:54,21.434444444444445,cropped_C0000215_y1-x1.jpg,binary_cropped_C0000215_y1-x1.jpg,104743,167.58880000000002,0,0,0,4092,1,lab_threshold_L0-255_a90-135_b155-255+remove_thin_crescent_components,photos/06102025/Day1/Day1/C0000215.JPG,processed/split_wells/06102025/cropped_C0000215_y1-x1.jpg,processed/binary_wells/06102025/binary_cropped_C0000215_y1-x1.jpg
06102025,batch1L,Day1,C0000215.jpg,P07,y1-x2,P07_y1-x2,Sp,PFD1000,25,Sp_PFD1000_25_P07_y1-x2,2025-10-06 13:42:50,2025-10-07 11:08:54,21.434444444444445,cropped_C0000215_y1-x2.jpg,binary_cropped_C0000215_y1-x2.jpg,103249,165.19840000000002,0,0,0,0,0,lab_threshold_L0-255_a90-135_b155-255+remove_thin_crescent_components,photos/06102025/Day1/Day1/C0000215.JPG,processed/split_wells/06102025/cropped_C0000215_y1-x2.jpg,processed/binary_wells/06102025/binary_cropped_C0000215_y1-x2.jpg
06102025,batch1L,Day1,C0000216.jpg,P08,y0-x0,P08_y0-x0,Wg,PFD1000,25,Wg_PFD1000_25_P08_y0-x0,2025-10-06 13:42:50,2025-10-07 11:09:09,21.43861111111111,cropped_C0000216_y0-x0.jpg,binary_cropped_C0000216_y0-x0.jpg,14676,23.4816,0,0,0,0,0,lab_threshold_L0-255_a90-135_b155-255+remove_thin_crescent_components,photos/06102025/Day1/Day1/C0000216.JPG,processed/split_wells/06102025/cropped_C0000216_y0-x0.jpg,processed/binary_wells/06102025/binary_cropped_C0000216_y0-x0.jpg
06102025,batch1L,Day1,C0000216.jpg,P08,y0-x1,P08_y0-x1,Si,PFD1000,25,Si_PFD1000_25_P08_y0-x1,2025-10-06 13:42:50,2025-10-07 11:09:09,21.43861111111111,cropped_C0000216_y0-x1.jpg,binary_cropped_C0000216_y0-x1.jpg,101018,161.6288,0,0,0,0,0,lab_threshold_L0-255_a90-135_b155-255+remove_thin_crescent_components,photos/06102025/Day1/Day1/C0000216.JPG,processed/split_wells/06102025/cropped_C0000216_y0-x1.jpg,processed/binary_wells/06102025/binary_cropped_C0000216_y0-x1.jpg
06102025,batch1L,Day1,C0000216.jpg,P08,y0-x2,P08_y0-x2,Wg,PFD1000,25,Wg_PFD1000_25_P08_y0-x2,2025-10-06 13:42:50,2025-10-07 11:09:09,21.43861111111111,cropped_C0000216_y0-x2.jpg,binary_cropped_C0000216_y0-x2.jpg,27662,44.2592,0,0,0,0,0,lab_threshold_L0-255_a90-135_b155-255+remove_thin_crescent_components,photos/06102025/Day1/Day1/C0000216.JPG,processed/split_wells/06102025/cropped_C0000216_y0-x2.jpg,processed/binary_wells/06102025/binary_cropped_C0000216_y0-x2.jpg
06102025,batch1L,Day1,C0000216.jpg,P08,y1-x0,P08_y1-x0,Si,PFD1000,25,Si_PFD1000_25_P08_y1-x0,2025-10-06 13:42:50,2025-10-07 11:09:09,21.43861111111111,cropped_C0000216_y1-x0.jpg,binary_cropped_C0000216_y1-x0.jpg,70024,112.03840000000001,0,0,0,0,0,lab_threshold_L0-255_a90-135_b155-255+remove_thin_crescent_components,photos/06102025/Day1/Day1/C0000216.JPG,processed/split_wells/06102025/cropped_C0000216_y1-x0.jpg,processed/binary_wells/06102025/binary_cropped_C0000216_y1-x0.jpg
06102025,batch1L,Day1,C0000216.jpg,P08,y1-x1,P08_y1-x1,Wg,PFD1000,25,Wg_PFD1000_25_P08_y1-x1,2025-10-06 13:42:50,2025-10-07 11:09:09,21.43861111111111,cropped_C0000216_y1-x1.jpg,binary_cropped_C0000216_y1-x1.jpg,28741,45.985600000000005,0,0,0,0,0,lab_threshold_L0-255_a90-135_b155-255+remove_thin_crescent_components,photos/06102025/Day1/Day1/C0000216.JPG,processed/split_wells/06102025/cropped_C0000216_y1-x1.jpg,processed/binary_wells/06102025/binary_cropped_C0000216_y1-x1.jpg
06102025,batch1L,Day1,C0000216.jpg,P08,y1-x2,P08_y1-x2,Si,PFD1000,25,Si_PFD1000_25_P08_y1-x2,2025-10-06 13:42:50,2025-10-07 11:09:09,21.43861111111111,cropped_C0000216_y1-x2.jpg,binary_cropped_C0000216_y1-x2.jpg,55005,88.00800000000001,0,0,0,0,0,lab_threshold_L0-255_a90-135_b155-255+remove_thin_crescent_components,photos/06102025/Day1/Day1/C0000216.JPG,processed/split_wells/06102025/cropped_C0000216_y1-x2.jpg,processed/binary_wells/06102025/binary_cropped_C0000216_y1-x2.jpg
06102025,batch1L,Day2,C0000217.jpg,P01,y0-x0,P01_y0-x0,Sp,PFD100,25,Sp_PFD100_25_P01_y0-x0,2025-10-06 13:42:50,2025-10-08 11:09:55,45.451388888888886,cropped_C0000217_y0-x0.jpg,binary_cropped_C0000217_y0-x0.jpg,95336,152.5376,0,0,0,0,0,lab_threshold_L0-255_a90-135_b155-255+remove_thin_crescent_components,photos/06102025/Day2/Original photos/C0000217.JPG,processed/split_wells/06102025/cropped_C0000217_y0-x0.jpg,processed/binary_wells/06102025/binary_cropped_C0000217_y0-x0.jpg
06102025,batch1L,Day2,C0000217.jpg,P01,y0-x1,P01_y0-x1,Wa,PFD100,25,Wa_PFD100_25_P01_y0-x1,2025-10-06 13:42:50,2025-10-08 11:09:55,45.451388888888886,cropped_C0000217_y0-x1.jpg,binary_cropped_C0000217_y0-x1.jpg,115758,185.21280000000002,0,0,0,0,0,lab_threshold_L0-255_a90-135_b155-255+remove_thin_crescent_components,photos/06102025/Day2/Original photos/C0000217.JPG,processed/split_wells/06102025/cropped_C0000217_y0-x1.jpg,processed/binary_wells/06102025/binary_cropped_C0000217_y0-x1.jpg
06102025,batch1L,Day2,C0000217.jpg,P01,y0-x2,P01_y0-x2,Sp,PFD100,25,Sp_PFD100_25_P01_y0-x2,2025-10-06 13:42:50,2025-10-08 11:09:55,45.451388888888886,cropped_C0000217_y0-x2.jpg,binary_cropped_C0000217_y0-x2.jpg,76235,121.976,0,0,0,0,0,lab_threshold_L0-255_a90-135_b155-255+remove_thin_crescent_components,photos/06102025/Day2/Original photos/C0000217.JPG,processed/split_wells/06102025/cropped_C0000217_y0-x2.jpg,processed/binary_wells/06102025/binary_cropped_C0000217_y0-x2.jpg
06102025,batch1L,Day2,C0000217.jpg,P01,y1-x0,P01_y1-x0,Wa,PFD100,25,Wa_PFD100_25_P01_y1-x0,2025-10-06 13:42:50,2025-10-08 11:09:55,45.451388888888886,cropped_C0000217_y1-x0.jpg,binary_cropped_C0000217_y1-x0.jpg,126055,201.68800000000002,0,0,0,7302,1,lab_threshold_L0-255_a90-135_b155-255+remove_thin_crescent_components,photos/06102025/Day2/Original photos/C0000217.JPG,processed/split_wells/06102025/cropped_C0000217_y1-x0.jpg,processed/binary_wells/06102025/binary_cropped_C0000217_y1-x0.jpg
06102025,batch1L,Day2,C0000217.jpg,P01,y1-x1,P01_y1-x1,Sp,PFD100,25,Sp_PFD100_25_P01_y1-x1,2025-10-06 13:42:50,2025-10-08 11:09:55,45.451388888888886,cropped_C0000217_y1-x1.jpg,binary_cropped_C0000217_y1-x1.jpg,92605,148.168,0,0,0,0,0,lab_threshold_L0-255_a90-135_b155-255+remove_thin_crescent_components,photos/06102025/Day2/Original photos/C0000217.JPG,processed/split_wells/06102025/cropped_C0000217_y1-x1.jpg,processed/binary_wells/06102025/binary_cropped_C0000217_y1-x1.jpg
06102025,batch1L,Day2,C0000217.jpg,P01,y1-x2,P01_y1-x2,Wa,PFD100,25,Wa_PFD100_25_P01_y1-x2,2025-10-06 13:42:50,2025-10-08 11:09:55,45.451388888888886,cropped_C0000217_y1-x2.jpg,binary_cropped_C0000217_y1-x2.jpg,126823,202.91680000000002,0,0,0,0,0,lab_threshold_L0-255_a90-135_b155-255+remove_thin_crescent_components,photos/06102025/Day2/Original photos/C0000217.JPG,processed/split_wells/06102025/cropped_C0000217_y1-x2.jpg,processed/binary_wells/06102025/binary_cropped_C0000217_y1-x2.jpg
06102025,batch1L,Day2,C0000218.jpg,P02,y0-x0,P02_y0-x0,Si,PFD100,25,Si_PFD100_25_P02_y0-x0,2025-10-06 13:42:50,2025-10-08 11:11:40,45.480555555555554,cropped_C0000218_y0-x0.jpg,binary_cropped_C0000218_y0-x0.jpg,104381,167.0096,0,0,0,0,0,lab_threshold_L0-255_a90-135_b155-255+remove_thin_crescent_components,photos/06102025/Day2/Original photos/C0000218.JPG,processed/split_wells/06102025/cropped_C0000218_y0-x0.jpg,processed/binary_wells/06102025/binary_cropped_C0000218_y0-x0.jpg
06102025,batch1L,Day2,C0000218.jpg,P02,y0-x1,P02_y0-x1,Wg,PFD100,25,Wg_PFD100_25_P02_y0-x1,2025-10-06 13:42:50,2025-10-08 11:11:40,45.480555555555554,cropped_C0000218_y0-x1.jpg,binary_cropped_C0000218_y0-x1.jpg,27533,44.052800000000005,0,0,0,0,0,lab_threshold_L0-255_a90-135_b155-255+remove_thin_crescent_components,photos/06102025/Day2/Original photos/C0000218.JPG,processed/split_wells/06102025/cropped_C0000218_y0-x1.jpg,processed/binary_wells/06102025/binary_cropped_C0000218_y0-x1.jpg
06102025,batch1L,Day2,C0000218.jpg,P02,y0-x2,P02_y0-x2,Si,PFD100,25,Si_PFD100_25_P02_y0-x2,2025-10-06 13:42:50,2025-10-08 11:11:40,45.480555555555554,cropped_C0000218_y0-x2.jpg,binary_cropped_C0000218_y0-x2.jpg,133673,213.8768,0,0,0,0,0,lab_threshold_L0-255_a90-135_b155-255+remove_thin_crescent_components,photos/06102025/Day2/Original photos/C0000218.JPG,processed/split_wells/06102025/cropped_C0000218_y0-x2.jpg,processed/binary_wells/06102025/binary_cropped_C0000218_y0-x2.jpg
06102025,batch1L,Day2,C0000218.jpg,P02,y1-x0,P02_y1-x0,Wg,PFD100,25,Wg_PFD100_25_P02_y1-x0,2025-10-06 13:42:50,2025-10-08 11:11:40,45.480555555555554,cropped_C0000218_y1-x0.jpg,binary_cropped_C0000218_y1-x0.jpg,26077,41.7232,0,0,0,0,0,lab_threshold_L0-255_a90-135_b155-255+remove_thin_crescent_components,photos/06102025/Day2/Original photos/C0000218.JPG,processed/split_wells/06102025/cropped_C0000218_y1-x0.jpg,processed/binary_wells/06102025/binary_cropped_C0000218_y1-x0.jpg
06102025,batch1L,Day2,C0000218.jpg,P02,y1-x1,P02_y1-x1,Si,PFD100,25,Si_PFD100_25_P02_y1-x1,2025-10-06 13:42:50,2025-10-08 11:11:40,45.480555555555554,cropped_C0000218_y1-x1.jpg,binary_cropped_C0000218_y1-x1.jpg,83321,133.3136,0,0,0,0,0,lab_threshold_L0-255_a90-135_b155-255+remove_thin_crescent_components,photos/06102025/Day2/Original photos/C0000218.JPG,processed/split_wells/06102025/cropped_C0000218_y1-x1.jpg,processed/binary_wells/06102025/binary_cropped_C0000218_y1-x1.jpg
06102025,batch1L,Day2,C0000218.jpg,P02,y1-x2,P02_y1-x2,Wg,PFD100,25,Wg_PFD100_25_P02_y1-x2,2025-10-06 13:42:50,2025-10-08 11:11:40,45.480555555555554,cropped_C0000218_y1-x2.jpg,binary_cropped_C0000218_y1-x2.jpg,10961,17.5376,0,0,0,6395,1,lab_threshold_L0-255_a90-135_b155-255+remove_thin_crescent_components,photos/06102025/Day2/Original photos/C0000218.JPG,processed/split_wells/06102025/cropped_C0000218_y1-x2.jpg,processed/binary_wells/06102025/binary_cropped_C0000218_y1-x2.jpg
06102025,batch1L,Day2,C0000219.jpg,P03,y0-x0,P03_y0-x0,Wa,PFD100,25,Wa_PFD100_25_P03_y0-x0,2025-10-06 13:42:50,2025-10-08 11:12:07,45.488055555555555,cropped_C0000219_y0-x0.jpg,binary_cropped_C0000219_y0-x0.jpg,150808,241.2928,0,0,0,12182,1,lab_threshold_L0-255_a90-135_b155-255+remove_thin_crescent_components,photos/06102025/Day2/Original photos/C0000219.JPG,processed/split_wells/06102025/cropped_C0000219_y0-x0.jpg,processed/binary_wells/06102025/binary_cropped_C0000219_y0-x0.jpg
06102025,batch1L,Day2,C0000219.jpg,P03,y0-x1,P03_y0-x1,Sp,PFD100,25,Sp_PFD100_25_P03_y0-x1,2025-10-06 13:42:50,2025-10-08 11:12:07,45.488055555555555,cropped_C0000219_y0-x1.jpg,binary_cropped_C0000219_y0-x1.jpg,87870,140.592,0,0,0,0,0,lab_threshold_L0-255_a90-135_b155-255+remove_thin_crescent_components,photos/06102025/Day2/Original photos/C0000219.JPG,processed/split_wells/06102025/cropped_C0000219_y0-x1.jpg,processed/binary_wells/06102025/binary_cropped_C0000219_y0-x1.jpg
06102025,batch1L,Day2,C0000219.jpg,P03,y0-x2,P03_y0-x2,Wa,PFD100,25,Wa_PFD100_25_P03_y0-x2,2025-10-06 13:42:50,2025-10-08 11:12:07,45.488055555555555,cropped_C0000219_y0-x2.jpg,binary_cropped_C0000219_y0-x2.jpg,92209,147.5344,0,0,0,7360,1,lab_threshold_L0-255_a90-135_b155-255+remove_thin_crescent_components,photos/06102025/Day2/Original photos/C0000219.JPG,processed/split_wells/06102025/cropped_C0000219_y0-x2.jpg,processed/binary_wells/06102025/binary_cropped_C0000219_y0-x2.jpg
06102025,batch1L,Day2,C0000219.jpg,P03,y1-x0,P03_y1-x0,Sp,PFD100,25,Sp_PFD100_25_P03_y1-x0,2025-10-06 13:42:50,2025-10-08 11:12:07,45.488055555555555,cropped_C0000219_y1-x0.jpg,binary_cropped_C0000219_y1-x0.jpg,76779,122.8464,0,0,0,0,0,lab_threshold_L0-255_a90-135_b155-255+remove_thin_crescent_components,photos/06102025/Day2/Original photos/C0000219.JPG,processed/split_wells/06102025/cropped_C0000219_y1-x0.jpg,processed/binary_wells/06102025/binary_cropped_C0000219_y1-x0.jpg
06102025,batch1L,Day2,C0000219.jpg,P03,y1-x1,P03_y1-x1,Wa,PFD100,25,Wa_PFD100_25_P03_y1-x1,2025-10-06 13:42:50,2025-10-08 11:12:07,45.488055555555555,cropped_C0000219_y1-x1.jpg,binary_cropped_C0000219_y1-x1.jpg,127281,203.64960000000002,0,0,0,0,0,lab_threshold_L0-255_a90-135_b155-255+remove_thin_crescent_components,photos/06102025/Day2/Original photos/C0000219.JPG,processed/split_wells/06102025/cropped_C0000219_y1-x1.jpg,processed/binary_wells/06102025/binary_cropped_C0000219_y1-x1.jpg
06102025,batch1L,Day2,C0000219.jpg,P03,y1-x2,P03_y1-x2,Sp,PFD100,25,Sp_PFD100_25_P03_y1-x2,2025-10-06 13:42:50,2025-10-08 11:12:07,45.488055555555555,cropped_C0000219_y1-x2.jpg,binary_cropped_C0000219_y1-x2.jpg,108192,173.1072,0,0,0,4625,2,lab_threshold_L0-255_a90-135_b155-255+remove_thin_crescent_components,photos/06102025/Day2/Original photos/C0000219.JPG,processed/split_wells/06102025/cropped_C0000219_y1-x2.jpg,processed/binary_wells/06102025/binary_cropped_C0000219_y1-x2.jpg
06102025,batch1L,Day2,C0000220.jpg,P04,y0-x0,P04_y0-x0,Wg,PFD100,25,Wg_PFD100_25_P04_y0-x0,2025-10-06 13:42:50,2025-10-08 11:12:28,45.49388888888889,cropped_C0000220_y0-x0.jpg,binary_cropped_C0000220_y0-x0.jpg,40632,65.0112,0,0,0,5441,1,lab_threshold_L0-255_a90-135_b155-255+remove_thin_crescent_components,photos/06102025/Day2/Original photos/C0000220.JPG,processed/split_wells/06102025/cropped_C0000220_y0-x0.jpg,processed/binary_wells/06102025/binary_cropped_C0000220_y0-x0.jpg
06102025,batch1L,Day2,C0000220.jpg,P04,y0-x1,P04_y0-x1,Si,PFD100,25,Si_PFD100_25_P04_y0-x1,2025-10-06 13:42:50,2025-10-08 11:12:28,45.49388888888889,cropped_C0000220_y0-x1.jpg,binary_cropped_C0000220_y0-x1.jpg,118647,189.83520000000001,0,0,0,0,0,lab_threshold_L0-255_a90-135_b155-255+remove_thin_crescent_components,photos/06102025/Day2/Original photos/C0000220.JPG,processed/split_wells/06102025/cropped_C0000220_y0-x1.jpg,processed/binary_wells/06102025/binary_cropped_C0000220_y0-x1.jpg
06102025,batch1L,Day2,C0000220.jpg,P04,y0-x2,P04_y0-x2,Wg,PFD100,25,Wg_PFD100_25_P04_y0-x2,2025-10-06 13:42:50,2025-10-08 11:12:28,45.49388888888889,cropped_C0000220_y0-x2.jpg,binary_cropped_C0000220_y0-x2.jpg,17598,28.1568,0,0,0,1328,1,lab_threshold_L0-255_a90-135_b155-255+remove_thin_crescent_components,photos/06102025/Day2/Original photos/C0000220.JPG,processed/split_wells/06102025/cropped_C0000220_y0-x2.jpg,processed/binary_wells/06102025/binary_cropped_C0000220_y0-x2.jpg
06102025,batch1L,Day2,C0000220.jpg,P04,y1-x0,P04_y1-x0,Si,PFD100,25,Si_PFD100_25_P04_y1-x0,2025-10-06 13:42:50,2025-10-08 11:12:28,45.49388888888889,cropped_C0000220_y1-x0.jpg,binary_cropped_C0000220_y1-x0.jpg,66846,106.95360000000001,0,0,0,0,0,lab_threshold_L0-255_a90-135_b155-255+remove_thin_crescent_components,photos/06102025/Day2/Original photos/C0000220.JPG,processed/split_wells/06102025/cropped_C0000220_y1-x0.jpg,processed/binary_wells/06102025/binary_cropped_C0000220_y1-x0.jpg
06102025,batch1L,Day2,C0000220.jpg,P04,y1-x1,P04_y1-x1,Wg,PFD100,25,Wg_PFD100_25_P04_y1-x1,2025-10-06 13:42:50,2025-10-08 11:12:28,45.49388888888889,cropped_C0000220_y1-x1.jpg,binary_cropped_C0000220_y1-x1.jpg,32938,52.7008,0,0,0,4270,1,lab_threshold_L0-255_a90-135_b155-255+remove_thin_crescent_components,photos/06102025/Day2/Original photos/C0000220.JPG,processed/split_wells/06102025/cropped_C0000220_y1-x1.jpg,processed/binary_wells/06102025/binary_cropped_C0000220_y1-x1.jpg
06102025,batch1L,Day2,C0000220.jpg,P04,y1-x2,P04_y1-x2,Si,PFD100,25,Si_PFD100_25_P04_y1-x2,2025-10-06 13:42:50,2025-10-08 11:12:28,45.49388888888889,cropped_C0000220_y1-x2.jpg,binary_cropped_C0000220_y1-x2.jpg,101613,162.5808,0,0,0,0,0,lab_threshold_L0-255_a90-135_b155-255+remove_thin_crescent_components,photos/06102025/Day2/Original photos/C0000220.JPG,processed/split_wells/06102025/cropped_C0000220_y1-x2.jpg,processed/binary_wells/06102025/binary_cropped_C0000220_y1-x2.jpg
06102025,batch1L,Day2,C0000221.jpg,P05,y0-x0,P05_y0-x0,Sp,PFD1000,25,Sp_PFD1000_25_P05_y0-x0,2025-10-06 13:42:50,2025-10-08 11:12:54,45.50111111111111,cropped_C0000221_y0-x0.jpg,binary_cropped_C0000221_y0-x0.jpg,119499,191.19840000000002,0,0,0,0,0,lab_threshold_L0-255_a90-135_b155-255+remove_thin_crescent_components,photos/06102025/Day2/Original photos/C0000221.JPG,processed/split_wells/06102025/cropped_C0000221_y0-x0.jpg,processed/binary_wells/06102025/binary_cropped_C0000221_y0-x0.jpg
06102025,batch1L,Day2,C0000221.jpg,P05,y0-x1,P05_y0-x1,Wa,PFD1000,25,Wa_PFD1000_25_P05_y0-x1,2025-10-06 13:42:50,2025-10-08 11:12:54,45.50111111111111,cropped_C0000221_y0-x1.jpg,binary_cropped_C0000221_y0-x1.jpg,171986,275.17760000000004,0,0,0,0,0,lab_threshold_L0-255_a90-135_b155-255+remove_thin_crescent_components,photos/06102025/Day2/Original photos/C0000221.JPG,processed/split_wells/06102025/cropped_C0000221_y0-x1.jpg,processed/binary_wells/06102025/binary_cropped_C0000221_y0-x1.jpg
06102025,batch1L,Day2,C0000221.jpg,P05,y0-x2,P05_y0-x2,Sp,PFD1000,25,Sp_PFD1000_25_P05_y0-x2,2025-10-06 13:42:50,2025-10-08 11:12:54,45.50111111111111,cropped_C0000221_y0-x2.jpg,binary_cropped_C0000221_y0-x2.jpg,104624,167.3984,0,0,0,0,0,lab_threshold_L0-255_a90-135_b155-255+remove_thin_crescent_components,photos/06102025/Day2/Original photos/C0000221.JPG,processed/split_wells/06102025/cropped_C0000221_y0-x2.jpg,processed/binary_wells/06102025/binary_cropped_C0000221_y0-x2.jpg
06102025,batch1L,Day2,C0000221.jpg,P05,y1-x0,P05_y1-x0,Wa,PFD1000,25,Wa_PFD1000_25_P05_y1-x0,2025-10-06 13:42:50,2025-10-08 11:12:54,45.50111111111111,cropped_C0000221_y1-x0.jpg,binary_cropped_C0000221_y1-x0.jpg,135888,217.4208,0,0,0,0,0,lab_threshold_L0-255_a90-135_b155-255+remove_thin_crescent_components,photos/06102025/Day2/Original photos/C0000221.JPG,processed/split_wells/06102025/cropped_C0000221_y1-x0.jpg,processed/binary_wells/06102025/binary_cropped_C0000221_y1-x0.jpg
06102025,batch1L,Day2,C0000221.jpg,P05,y1-x1,P05_y1-x1,Sp,PFD1000,25,Sp_PFD1000_25_P05_y1-x1,2025-10-06 13:42:50,2025-10-08 11:12:54,45.50111111111111,cropped_C0000221_y1-x1.jpg,binary_cropped_C0000221_y1-x1.jpg,92204,147.5264,0,0,0,0,0,lab_threshold_L0-255_a90-135_b155-255+remove_thin_crescent_components,photos/06102025/Day2/Original photos/C0000221.JPG,processed/split_wells/06102025/cropped_C0000221_y1-x1.jpg,processed/binary_wells/06102025/binary_cropped_C0000221_y1-x1.jpg
06102025,batch1L,Day2,C0000221.jpg,P05,y1-x2,P05_y1-x2,Wa,PFD1000,25,Wa_PFD1000_25_P05_y1-x2,2025-10-06 13:42:50,2025-10-08 11:12:54,45.50111111111111,cropped_C0000221_y1-x2.jpg,binary_cropped_C0000221_y1-x2.jpg,138792,222.0672,0,0,0,7388,1,lab_threshold_L0-255_a90-135_b155-255+remove_thin_crescent_components,photos/06102025/Day2/Original photos/C0000221.JPG,processed/split_wells/06102025/cropped_C0000221_y1-x2.jpg,processed/binary_wells/06102025/binary_cropped_C0000221_y1-x2.jpg
06102025,batch1L,Day2,C0000222.jpg,P06,y0-x0,P06_y0-x0,Si,PFD1000,25,Si_PFD1000_25_P06_y0-x0,2025-10-06 13:42:50,2025-10-08 11:13:27,45.51027777777778,cropped_C0000222_y0-x0.jpg,binary_cropped_C0000222_y0-x0.jpg,103160,165.056,0,0,0,0,0,lab_threshold_L0-255_a90-135_b155-255+remove_thin_crescent_components,photos/06102025/Day2/Original photos/C0000222.JPG,processed/split_wells/06102025/cropped_C0000222_y0-x0.jpg,processed/binary_wells/06102025/binary_cropped_C0000222_y0-x0.jpg
06102025,batch1L,Day2,C0000222.jpg,P06,y0-x1,P06_y0-x1,Wg,PFD1000,25,Wg_PFD1000_25_P06_y0-x1,2025-10-06 13:42:50,2025-10-08 11:13:27,45.51027777777778,cropped_C0000222_y0-x1.jpg,binary_cropped_C0000222_y0-x1.jpg,47791,76.46560000000001,0,0,0,0,0,lab_threshold_L0-255_a90-135_b155-255+remove_thin_crescent_components,photos/06102025/Day2/Original photos/C0000222.JPG,processed/split_wells/06102025/cropped_C0000222_y0-x1.jpg,processed/binary_wells/06102025/binary_cropped_C0000222_y0-x1.jpg
06102025,batch1L,Day2,C0000222.jpg,P06,y0-x2,P06_y0-x2,Si,PFD1000,25,Si_PFD1000_25_P06_y0-x2,2025-10-06 13:42:50,2025-10-08 11:13:27,45.51027777777778,cropped_C0000222_y0-x2.jpg,binary_cropped_C0000222_y0-x2.jpg,122914,196.66240000000002,0,0,0,0,0,lab_threshold_L0-255_a90-135_b155-255+remove_thin_crescent_components,photos/06102025/Day2/Original photos/C0000222.JPG,processed/split_wells/06102025/cropped_C0000222_y0-x2.jpg,processed/binary_wells/06102025/binary_cropped_C0000222_y0-x2.jpg
06102025,batch1L,Day2,C0000222.jpg,P06,y1-x0,P06_y1-x0,Wg,PFD1000,25,Wg_PFD1000_25_P06_y1-x0,2025-10-06 13:42:50,2025-10-08 11:13:27,45.51027777777778,cropped_C0000222_y1-x0.jpg,binary_cropped_C0000222_y1-x0.jpg,31384,50.214400000000005,0,0,0,11242,2,lab_threshold_L0-255_a90-135_b155-255+remove_thin_crescent_components,photos/06102025/Day2/Original photos/C0000222.JPG,processed/split_wells/06102025/cropped_C0000222_y1-x0.jpg,processed/binary_wells/06102025/binary_cropped_C0000222_y1-x0.jpg
06102025,batch1L,Day2,C0000222.jpg,P06,y1-x1,P06_y1-x1,Si,PFD1000,25,Si_PFD1000_25_P06_y1-x1,2025-10-06 13:42:50,2025-10-08 11:13:27,45.51027777777778,cropped_C0000222_y1-x1.jpg,binary_cropped_C0000222_y1-x1.jpg,76643,122.62880000000001,0,0,0,0,0,lab_threshold_L0-255_a90-135_b155-255+remove_thin_crescent_components,photos/06102025/Day2/Original photos/C0000222.JPG,processed/split_wells/06102025/cropped_C0000222_y1-x1.jpg,processed/binary_wells/06102025/binary_cropped_C0000222_y1-x1.jpg
06102025,batch1L,Day2,C0000222.jpg,P06,y1-x2,P06_y1-x2,Wg,PFD1000,25,Wg_PFD1000_25_P06_y1-x2,2025-10-06 13:42:50,2025-10-08 11:13:27,45.51027777777778,cropped_C0000222_y1-x2.jpg,binary_cropped_C0000222_y1-x2.jpg,55986,89.5776,0,0,0,0,0,lab_threshold_L0-255_a90-135_b155-255+remove_thin_crescent_components,photos/06102025/Day2/Original photos/C0000222.JPG,processed/split_wells/06102025/cropped_C0000222_y1-x2.jpg,processed/binary_wells/06102025/binary_cropped_C0000222_y1-x2.jpg
06102025,batch1L,Day2,C0000223.jpg,P07,y0-x0,P07_y0-x0,Wa,PFD1000,25,Wa_PFD1000_25_P07_y0-x0,2025-10-06 13:42:50,2025-10-08 11:13:47,45.51583333333333,cropped_C0000223_y0-x0.jpg,binary_cropped_C0000223_y0-x0.jpg,114120,182.592,0,0,0,25743,2,lab_threshold_L0-255_a90-135_b155-255+remove_thin_crescent_components,photos/06102025/Day2/Original photos/C0000223.JPG,processed/split_wells/06102025/cropped_C0000223_y0-x0.jpg,processed/binary_wells/06102025/binary_cropped_C0000223_y0-x0.jpg
06102025,batch1L,Day2,C0000223.jpg,P07,y0-x1,P07_y0-x1,Sp,PFD1000,25,Sp_PFD1000_25_P07_y0-x1,2025-10-06 13:42:50,2025-10-08 11:13:47,45.51583333333333,cropped_C0000223_y0-x1.jpg,binary_cropped_C0000223_y0-x1.jpg,107825,172.52,0,0,0,0,0,lab_threshold_L0-255_a90-135_b155-255+remove_thin_crescent_components,photos/06102025/Day2/Original photos/C0000223.JPG,processed/split_wells/06102025/cropped_C0000223_y0-x1.jpg,processed/binary_wells/06102025/binary_cropped_C0000223_y0-x1.jpg
06102025,batch1L,Day2,C0000223.jpg,P07,y0-x2,P07_y0-x2,Wa,PFD1000,25,Wa_PFD1000_25_P07_y0-x2,2025-10-06 13:42:50,2025-10-08 11:13:47,45.51583333333333,cropped_C0000223_y0-x2.jpg,binary_cropped_C0000223_y0-x2.jpg,152095,243.352,0,0,0,16958,1,lab_threshold_L0-255_a90-135_b155-255+remove_thin_crescent_components,photos/06102025/Day2/Original photos/C0000223.JPG,processed/split_wells/06102025/cropped_C0000223_y0-x2.jpg,processed/binary_wells/06102025/binary_cropped_C0000223_y0-x2.jpg
06102025,batch1L,Day2,C0000223.jpg,P07,y1-x0,P07_y1-x0,Sp,PFD1000,25,Sp_PFD1000_25_P07_y1-x0,2025-10-06 13:42:50,2025-10-08 11:13:47,45.51583333333333,cropped_C0000223_y1-x0.jpg,binary_cropped_C0000223_y1-x0.jpg,106022,169.6352,0,0,0,0,0,lab_threshold_L0-255_a90-135_b155-255+remove_thin_crescent_components,photos/06102025/Day2/Original photos/C0000223.JPG,processed/split_wells/06102025/cropped_C0000223_y1-x0.jpg,processed/binary_wells/06102025/binary_cropped_C0000223_y1-x0.jpg
06102025,batch1L,Day2,C0000223.jpg,P07,y1-x1,P07_y1-x1,Wa,PFD1000,25,Wa_PFD1000_25_P07_y1-x1,2025-10-06 13:42:50,2025-10-08 11:13:47,45.51583333333333,cropped_C0000223_y1-x1.jpg,binary_cropped_C0000223_y1-x1.jpg,157499,251.9984,0,0,0,14718,2,lab_threshold_L0-255_a90-135_b155-255+remove_thin_crescent_components,photos/06102025/Day2/Original photos/C0000223.JPG,processed/split_wells/06102025/cropped_C0000223_y1-x1.jpg,processed/binary_wells/06102025/binary_cropped_C0000223_y1-x1.jpg
06102025,batch1L,Day2,C0000223.jpg,P07,y1-x2,P07_y1-x2,Sp,PFD1000,25,Sp_PFD1000_25_P07_y1-x2,2025-10-06 13:42:50,2025-10-08 11:13:47,45.51583333333333,cropped_C0000223_y1-x2.jpg,binary_cropped_C0000223_y1-x2.jpg,114513,183.2208,0,0,0,0,0,lab_threshold_L0-255_a90-135_b155-255+remove_thin_crescent_components,photos/06102025/Day2/Original photos/C0000223.JPG,processed/split_wells/06102025/cropped_C0000223_y1-x2.jpg,processed/binary_wells/06102025/binary_cropped_C0000223_y1-x2.jpg
06102025,batch1L,Day2,C0000224.jpg,P08,y0-x0,P08_y0-x0,Wg,PFD1000,25,Wg_PFD1000_25_P08_y0-x0,2025-10-06 13:42:50,2025-10-08 11:14:10,45.522222222222226,cropped_C0000224_y0-x0.jpg,binary_cropped_C0000224_y0-x0.jpg,28256,45.2096,0,0,0,0,0,lab_threshold_L0-255_a90-135_b155-255+remove_thin_crescent_components,photos/06102025/Day2/Original photos/C0000224.JPG,processed/split_wells/06102025/cropped_C0000224_y0-x0.jpg,processed/binary_wells/06102025/binary_cropped_C0000224_y0-x0.jpg
06102025,batch1L,Day2,C0000224.jpg,P08,y0-x1,P08_y0-x1,Si,PFD1000,25,Si_PFD1000_25_P08_y0-x1,2025-10-06 13:42:50,2025-10-08 11:14:10,45.522222222222226,cropped_C0000224_y0-x1.jpg,binary_cropped_C0000224_y0-x1.jpg,122896,196.6336,0,0,0,0,0,lab_threshold_L0-255_a90-135_b155-255+remove_thin_crescent_components,photos/06102025/Day2/Original photos/C0000224.JPG,processed/split_wells/06102025/cropped_C0000224_y0-x1.jpg,processed/binary_wells/06102025/binary_cropped_C0000224_y0-x1.jpg
06102025,batch1L,Day2,C0000224.jpg,P08,y0-x2,P08_y0-x2,Wg,PFD1000,25,Wg_PFD1000_25_P08_y0-x2,2025-10-06 13:42:50,2025-10-08 11:14:10,45.522222222222226,cropped_C0000224_y0-x2.jpg,binary_cropped_C0000224_y0-x2.jpg,42963,68.74080000000001,0,0,0,0,0,lab_threshold_L0-255_a90-135_b155-255+remove_thin_crescent_components,photos/06102025/Day2/Original photos/C0000224.JPG,processed/split_wells/06102025/cropped_C0000224_y0-x2.jpg,processed/binary_wells/06102025/binary_cropped_C0000224_y0-x2.jpg
06102025,batch1L,Day2,C0000224.jpg,P08,y1-x0,P08_y1-x0,Si,PFD1000,25,Si_PFD1000_25_P08_y1-x0,2025-10-06 13:42:50,2025-10-08 11:14:10,45.522222222222226,cropped_C0000224_y1-x0.jpg,binary_cropped_C0000224_y1-x0.jpg,94809,151.6944,0,0,0,0,0,lab_threshold_L0-255_a90-135_b155-255+remove_thin_crescent_components,photos/06102025/Day2/Original photos/C0000224.JPG,processed/split_wells/06102025/cropped_C0000224_y1-x0.jpg,processed/binary_wells/06102025/binary_cropped_C0000224_y1-x0.jpg
06102025,batch1L,Day2,C0000224.jpg,P08,y1-x1,P08_y1-x1,Wg,PFD1000,25,Wg_PFD1000_25_P08_y1-x1,2025-10-06 13:42:50,2025-10-08 11:14:10,45.522222222222226,cropped_C0000224_y1-x1.jpg,binary_cropped_C0000224_y1-x1.jpg,49739,79.5824,0,0,0,2550,1,lab_threshold_L0-255_a90-135_b155-255+remove_thin_crescent_components,photos/06102025/Day2/Original photos/C0000224.JPG,processed/split_wells/06102025/cropped_C0000224_y1-x1.jpg,processed/binary_wells/06102025/binary_cropped_C0000224_y1-x1.jpg
06102025,batch1L,Day2,C0000224.jpg,P08,y1-x2,P08_y1-x2,Si,PFD1000,25,Si_PFD1000_25_P08_y1-x2,2025-10-06 13:42:50,2025-10-08 11:14:10,45.522222222222226,cropped_C0000224_y1-x2.jpg,binary_cropped_C0000224_y1-x2.jpg,69996,111.9936,0,0,0,0,0,lab_threshold_L0-255_a90-135_b155-255+remove_thin_crescent_components,photos/06102025/Day2/Original photos/C0000224.JPG,processed/split_wells/06102025/cropped_C0000224_y1-x2.jpg,processed/binary_wells/06102025/binary_cropped_C0000224_y1-x2.jpg
06102025,batch1L,Day3,A0000106.jpg,P01,y0-x0,P01_y0-x0,Sp,PFD100,25,Sp_PFD100_25_P01_y0-x0,2025-10-06 13:42:50,2025-10-09 11:27:51,69.75027777777778,cropped_A0000106_y0-x0.jpg,binary_cropped_A0000106_y0-x0.jpg,119847,191.7552,0,0,0,3080,2,lab_threshold_L0-255_a90-135_b155-255+remove_thin_crescent_components,photos/06102025/Day3/Original photo/A0000106.JPG,processed/split_wells/06102025/cropped_A0000106_y0-x0.jpg,processed/binary_wells/06102025/binary_cropped_A0000106_y0-x0.jpg
06102025,batch1L,Day3,A0000106.jpg,P01,y0-x1,P01_y0-x1,Wa,PFD100,25,Wa_PFD100_25_P01_y0-x1,2025-10-06 13:42:50,2025-10-09 11:27:51,69.75027777777778,cropped_A0000106_y0-x1.jpg,binary_cropped_A0000106_y0-x1.jpg,71869,114.99040000000001,0,0,0,0,0,lab_threshold_L0-255_a90-135_b155-255+remove_thin_crescent_components,photos/06102025/Day3/Original photo/A0000106.JPG,processed/split_wells/06102025/cropped_A0000106_y0-x1.jpg,processed/binary_wells/06102025/binary_cropped_A0000106_y0-x1.jpg
06102025,batch1L,Day3,A0000106.jpg,P01,y0-x2,P01_y0-x2,Sp,PFD100,25,Sp_PFD100_25_P01_y0-x2,2025-10-06 13:42:50,2025-10-09 11:27:51,69.75027777777778,cropped_A0000106_y0-x2.jpg,binary_cropped_A0000106_y0-x2.jpg,93650,149.84,0,0,0,0,0,lab_threshold_L0-255_a90-135_b155-255+remove_thin_crescent_components,photos/06102025/Day3/Original photo/A0000106.JPG,processed/split_wells/06102025/cropped_A0000106_y0-x2.jpg,processed/binary_wells/06102025/binary_cropped_A0000106_y0-x2.jpg
06102025,batch1L,Day3,A0000106.jpg,P01,y1-x0,P01_y1-x0,Wa,PFD100,25,Wa_PFD100_25_P01_y1-x0,2025-10-06 13:42:50,2025-10-09 11:27:51,69.75027777777778,cropped_A0000106_y1-x0.jpg,binary_cropped_A0000106_y1-x0.jpg,115652,185.0432,0,0,0,821,2,lab_threshold_L0-255_a90-135_b155-255+remove_thin_crescent_components,photos/06102025/Day3/Original photo/A0000106.JPG,processed/split_wells/06102025/cropped_A0000106_y1-x0.jpg,processed/binary_wells/06102025/binary_cropped_A0000106_y1-x0.jpg
06102025,batch1L,Day3,A0000106.jpg,P01,y1-x1,P01_y1-x1,Sp,PFD100,25,Sp_PFD100_25_P01_y1-x1,2025-10-06 13:42:50,2025-10-09 11:27:51,69.75027777777778,cropped_A0000106_y1-x1.jpg,binary_cropped_A0000106_y1-x1.jpg,115249,184.3984,0,0,0,0,0,lab_threshold_L0-255_a90-135_b155-255+remove_thin_crescent_components,photos/06102025/Day3/Original photo/A0000106.JPG,processed/split_wells/06102025/cropped_A0000106_y1-x1.jpg,processed/binary_wells/06102025/binary_cropped_A0000106_y1-x1.jpg
06102025,batch1L,Day3,A0000106.jpg,P01,y1-x2,P01_y1-x2,Wa,PFD100,25,Wa_PFD100_25_P01_y1-x2,2025-10-06 13:42:50,2025-10-09 11:27:51,69.75027777777778,cropped_A0000106_y1-x2.jpg,binary_cropped_A0000106_y1-x2.jpg,73831,118.12960000000001,0,0,0,0,0,lab_threshold_L0-255_a90-135_b155-255+remove_thin_crescent_components,photos/06102025/Day3/Original photo/A0000106.JPG,processed/split_wells/06102025/cropped_A0000106_y1-x2.jpg,processed/binary_wells/06102025/binary_cropped_A0000106_y1-x2.jpg
06102025,batch1L,Day3,A0000107.jpg,P02,y0-x0,P02_y0-x0,Si,PFD100,25,Si_PFD100_25_P02_y0-x0,2025-10-06 13:42:50,2025-10-09 11:29:14,69.77333333333333,cropped_A0000107_y0-x0.jpg,binary_cropped_A0000107_y0-x0.jpg,118756,190.0096,0,0,0,1698,1,lab_threshold_L0-255_a90-135_b155-255+remove_thin_crescent_components,photos/06102025/Day3/Original photo/A0000107.JPG,processed/split_wells/06102025/cropped_A0000107_y0-x0.jpg,processed/binary_wells/06102025/binary_cropped_A0000107_y0-x0.jpg
06102025,batch1L,Day3,A0000107.jpg,P02,y0-x1,P02_y0-x1,Wg,PFD100,25,Wg_PFD100_25_P02_y0-x1,2025-10-06 13:42:50,2025-10-09 11:29:14,69.77333333333333,cropped_A0000107_y0-x1.jpg,binary_cropped_A0000107_y0-x1.jpg,18707,29.9312,0,0,0,0,0,lab_threshold_L0-255_a90-135_b155-255+remove_thin_crescent_components,photos/06102025/Day3/Original photo/A0000107.JPG,processed/split_wells/06102025/cropped_A0000107_y0-x1.jpg,processed/binary_wells/06102025/binary_cropped_A0000107_y0-x1.jpg
06102025,batch1L,Day3,A0000107.jpg,P02,y0-x2,P02_y0-x2,Si,PFD100,25,Si_PFD100_25_P02_y0-x2,2025-10-06 13:42:50,2025-10-09 11:29:14,69.77333333333333,cropped_A0000107_y0-x2.jpg,binary_cropped_A0000107_y0-x2.jpg,143769,230.03040000000001,0,0,0,0,0,lab_threshold_L0-255_a90-135_b155-255+remove_thin_crescent_components,photos/06102025/Day3/Original photo/A0000107.JPG,processed/split_wells/06102025/cropped_A0000107_y0-x2.jpg,processed/binary_wells/06102025/binary_cropped_A0000107_y0-x2.jpg
06102025,batch1L,Day3,A0000107.jpg,P02,y1-x0,P02_y1-x0,Wg,PFD100,25,Wg_PFD100_25_P02_y1-x0,2025-10-06 13:42:50,2025-10-09 11:29:14,69.77333333333333,cropped_A0000107_y1-x0.jpg,binary_cropped_A0000107_y1-x0.jpg,21055,33.688,0,0,0,2162,3,lab_threshold_L0-255_a90-135_b155-255+remove_thin_crescent_components,photos/06102025/Day3/Original photo/A0000107.JPG,processed/split_wells/06102025/cropped_A0000107_y1-x0.jpg,processed/binary_wells/06102025/binary_cropped_A0000107_y1-x0.jpg
06102025,batch1L,Day3,A0000107.jpg,P02,y1-x1,P02_y1-x1,Si,PFD100,25,Si_PFD100_25_P02_y1-x1,2025-10-06 13:42:50,2025-10-09 11:29:14,69.77333333333333,cropped_A0000107_y1-x1.jpg,binary_cropped_A0000107_y1-x1.jpg,82936,132.6976,0,0,0,0,0,lab_threshold_L0-255_a90-135_b155-255+remove_thin_crescent_components,photos/06102025/Day3/Original photo/A0000107.JPG,processed/split_wells/06102025/cropped_A0000107_y1-x1.jpg,processed/binary_wells/06102025/binary_cropped_A0000107_y1-x1.jpg
06102025,batch1L,Day3,A0000107.jpg,P02,y1-x2,P02_y1-x2,Wg,PFD100,25,Wg_PFD100_25_P02_y1-x2,2025-10-06 13:42:50,2025-10-09 11:29:14,69.77333333333333,cropped_A0000107_y1-x2.jpg,binary_cropped_A0000107_y1-x2.jpg,8416,13.4656,0,0,0,0,0,lab_threshold_L0-255_a90-135_b155-255+remove_thin_crescent_components,photos/06102025/Day3/Original photo/A0000107.JPG,processed/split_wells/06102025/cropped_A0000107_y1-x2.jpg,processed/binary_wells/06102025/binary_cropped_A0000107_y1-x2.jpg
06102025,batch1L,Day3,A0000108.jpg,P03,y0-x0,P03_y0-x0,Wa,PFD100,25,Wa_PFD100_25_P03_y0-x0,2025-10-06 13:42:50,2025-10-09 11:29:51,69.78361111111111,cropped_A0000108_y0-x0.jpg,binary_cropped_A0000108_y0-x0.jpg,107490,171.984,0,0,0,2080,1,lab_threshold_L0-255_a90-135_b155-255+remove_thin_crescent_components,photos/06102025/Day3/Original photo/A0000108.JPG,processed/split_wells/06102025/cropped_A0000108_y0-x0.jpg,processed/binary_wells/06102025/binary_cropped_A0000108_y0-x0.jpg
06102025,batch1L,Day3,A0000108.jpg,P03,y0-x1,P03_y0-x1,Sp,PFD100,25,Sp_PFD100_25_P03_y0-x1,2025-10-06 13:42:50,2025-10-09 11:29:51,69.78361111111111,cropped_A0000108_y0-x1.jpg,binary_cropped_A0000108_y0-x1.jpg,101825,162.92000000000002,0,0,0,0,0,lab_threshold_L0-255_a90-135_b155-255+remove_thin_crescent_components,photos/06102025/Day3/Original photo/A0000108.JPG,processed/split_wells/06102025/cropped_A0000108_y0-x1.jpg,processed/binary_wells/06102025/binary_cropped_A0000108_y0-x1.jpg
06102025,batch1L,Day3,A0000108.jpg,P03,y0-x2,P03_y0-x2,Wa,PFD100,25,Wa_PFD100_25_P03_y0-x2,2025-10-06 13:42:50,2025-10-09 11:29:51,69.78361111111111,cropped_A0000108_y0-x2.jpg,binary_cropped_A0000108_y0-x2.jpg,75963,121.5408,0,0,0,2101,1,lab_threshold_L0-255_a90-135_b155-255+remove_thin_crescent_components,photos/06102025/Day3/Original photo/A0000108.JPG,processed/split_wells/06102025/cropped_A0000108_y0-x2.jpg,processed/binary_wells/06102025/binary_cropped_A0000108_y0-x2.jpg
06102025,batch1L,Day3,A0000108.jpg,P03,y1-x0,P03_y1-x0,Sp,PFD100,25,Sp_PFD100_25_P03_y1-x0,2025-10-06 13:42:50,2025-10-09 11:29:51,69.78361111111111,cropped_A0000108_y1-x0.jpg,binary_cropped_A0000108_y1-x0.jpg,89361,142.9776,0,0,0,1452,1,lab_threshold_L0-255_a90-135_b155-255+remove_thin_crescent_components,photos/06102025/Day3/Original photo/A0000108.JPG,processed/split_wells/06102025/cropped_A0000108_y1-x0.jpg,processed/binary_wells/06102025/binary_cropped_A0000108_y1-x0.jpg
06102025,batch1L,Day3,A0000108.jpg,P03,y1-x1,P03_y1-x1,Wa,PFD100,25,Wa_PFD100_25_P03_y1-x1,2025-10-06 13:42:50,2025-10-09 11:29:51,69.78361111111111,cropped_A0000108_y1-x1.jpg,binary_cropped_A0000108_y1-x1.jpg,73459,117.5344,0,0,0,0,0,lab_threshold_L0-255_a90-135_b155-255+remove_thin_crescent_components,photos/06102025/Day3/Original photo/A0000108.JPG,processed/split_wells/06102025/cropped_A0000108_y1-x1.jpg,processed/binary_wells/06102025/binary_cropped_A0000108_y1-x1.jpg
06102025,batch1L,Day3,A0000108.jpg,P03,y1-x2,P03_y1-x2,Sp,PFD100,25,Sp_PFD100_25_P03_y1-x2,2025-10-06 13:42:50,2025-10-09 11:29:51,69.78361111111111,cropped_A0000108_y1-x2.jpg,binary_cropped_A0000108_y1-x2.jpg,129715,207.544,0,0,0,0,0,lab_threshold_L0-255_a90-135_b155-255+remove_thin_crescent_components,photos/06102025/Day3/Original photo/A0000108.JPG,processed/split_wells/06102025/cropped_A0000108_y1-x2.jpg,processed/binary_wells/06102025/binary_cropped_A0000108_y1-x2.jpg
06102025,batch1L,Day3,A0000109.jpg,P04,y0-x0,P04_y0-x0,Wg,PFD100,25,Wg_PFD100_25_P04_y0-x0,2025-10-06 13:42:50,2025-10-09 11:30:55,69.8013888888889,cropped_A0000109_y0-x0.jpg,binary_cropped_A0000109_y0-x0.jpg,43087,68.9392,0,0,0,553,1,lab_threshold_L0-255_a90-135_b155-255+remove_thin_crescent_components,photos/06102025/Day3/Original photo/A0000109.JPG,processed/split_wells/06102025/cropped_A0000109_y0-x0.jpg,processed/binary_wells/06102025/binary_cropped_A0000109_y0-x0.jpg
06102025,batch1L,Day3,A0000109.jpg,P04,y0-x1,P04_y0-x1,Si,PFD100,25,Si_PFD100_25_P04_y0-x1,2025-10-06 13:42:50,2025-10-09 11:30:55,69.8013888888889,cropped_A0000109_y0-x1.jpg,binary_cropped_A0000109_y0-x1.jpg,122210,195.536,0,0,0,1001,2,lab_threshold_L0-255_a90-135_b155-255+remove_thin_crescent_components,photos/06102025/Day3/Original photo/A0000109.JPG,processed/split_wells/06102025/cropped_A0000109_y0-x1.jpg,processed/binary_wells/06102025/binary_cropped_A0000109_y0-x1.jpg
06102025,batch1L,Day3,A0000109.jpg,P04,y0-x2,P04_y0-x2,Wg,PFD100,25,Wg_PFD100_25_P04_y0-x2,2025-10-06 13:42:50,2025-10-09 11:30:55,69.8013888888889,cropped_A0000109_y0-x2.jpg,binary_cropped_A0000109_y0-x2.jpg,23085,36.936,0,0,0,1947,1,lab_threshold_L0-255_a90-135_b155-255+remove_thin_crescent_components,photos/06102025/Day3/Original photo/A0000109.JPG,processed/split_wells/06102025/cropped_A0000109_y0-x2.jpg,processed/binary_wells/06102025/binary_cropped_A0000109_y0-x2.jpg
06102025,batch1L,Day3,A0000109.jpg,P04,y1-x0,P04_y1-x0,Si,PFD100,25,Si_PFD100_25_P04_y1-x0,2025-10-06 13:42:50,2025-10-09 11:30:55,69.8013888888889,cropped_A0000109_y1-x0.jpg,binary_cropped_A0000109_y1-x0.jpg,78292,125.2672,0,0,0,268,1,lab_threshold_L0-255_a90-135_b155-255+remove_thin_crescent_components,photos/06102025/Day3/Original photo/A0000109.JPG,processed/split_wells/06102025/cropped_A0000109_y1-x0.jpg,processed/binary_wells/06102025/binary_cropped_A0000109_y1-x0.jpg
06102025,batch1L,Day3,A0000109.jpg,P04,y1-x1,P04_y1-x1,Wg,PFD100,25,Wg_PFD100_25_P04_y1-x1,2025-10-06 13:42:50,2025-10-09 11:30:55,69.8013888888889,cropped_A0000109_y1-x1.jpg,binary_cropped_A0000109_y1-x1.jpg,25508,40.8128,0,0,0,0,0,lab_threshold_L0-255_a90-135_b155-255+remove_thin_crescent_components,photos/06102025/Day3/Original photo/A0000109.JPG,processed/split_wells/06102025/cropped_A0000109_y1-x1.jpg,processed/binary_wells/06102025/binary_cropped_A0000109_y1-x1.jpg
06102025,batch1L,Day3,A0000109.jpg,P04,y1-x2,P04_y1-x2,Si,PFD100,25,Si_PFD100_25_P04_y1-x2,2025-10-06 13:42:50,2025-10-09 11:30:55,69.8013888888889,cropped_A0000109_y1-x2.jpg,binary_cropped_A0000109_y1-x2.jpg,127954,204.7264,0,0,0,0,0,lab_threshold_L0-255_a90-135_b155-255+remove_thin_crescent_components,photos/06102025/Day3/Original photo/A0000109.JPG,processed/split_wells/06102025/cropped_A0000109_y1-x2.jpg,processed/binary_wells/06102025/binary_cropped_A0000109_y1-x2.jpg
06102025,batch1L,Day3,A0000110.jpg,P05,y0-x0,P05_y0-x0,Sp,PFD1000,25,Sp_PFD1000_25_P05_y0-x0,2025-10-06 13:42:50,2025-10-09 11:31:24,69.80944444444444,cropped_A0000110_y0-x0.jpg,binary_cropped_A0000110_y0-x0.jpg,158027,252.84320000000002,0,0,0,303,1,lab_threshold_L0-255_a90-135_b155-255+remove_thin_crescent_components,photos/06102025/Day3/Original photo/A0000110.JPG,processed/split_wells/06102025/cropped_A0000110_y0-x0.jpg,processed/binary_wells/06102025/binary_cropped_A0000110_y0-x0.jpg
06102025,batch1L,Day3,A0000110.jpg,P05,y0-x1,P05_y0-x1,Wa,PFD1000,25,Wa_PFD1000_25_P05_y0-x1,2025-10-06 13:42:50,2025-10-09 11:31:24,69.80944444444444,cropped_A0000110_y0-x1.jpg,binary_cropped_A0000110_y0-x1.jpg,145396,232.6336,0,0,0,2313,1,lab_threshold_L0-255_a90-135_b155-255+remove_thin_crescent_components,photos/06102025/Day3/Original photo/A0000110.JPG,processed/split_wells/06102025/cropped_A0000110_y0-x1.jpg,processed/binary_wells/06102025/binary_cropped_A0000110_y0-x1.jpg
06102025,batch1L,Day3,A0000110.jpg,P05,y0-x2,P05_y0-x2,Sp,PFD1000,25,Sp_PFD1000_25_P05_y0-x2,2025-10-06 13:42:50,2025-10-09 11:31:24,69.80944444444444,cropped_A0000110_y0-x2.jpg,binary_cropped_A0000110_y0-x2.jpg,137470,219.952,0,0,0,653,1,lab_threshold_L0-255_a90-135_b155-255+remove_thin_crescent_components,photos/06102025/Day3/Original photo/A0000110.JPG,processed/split_wells/06102025/cropped_A0000110_y0-x2.jpg,processed/binary_wells/06102025/binary_cropped_A0000110_y0-x2.jpg
06102025,batch1L,Day3,A0000110.jpg,P05,y1-x0,P05_y1-x0,Wa,PFD1000,25,Wa_PFD1000_25_P05_y1-x0,2025-10-06 13:42:50,2025-10-09 11:31:24,69.80944444444444,cropped_A0000110_y1-x0.jpg,binary_cropped_A0000110_y1-x0.jpg,160077,256.1232,0,0,0,12542,2,lab_threshold_L0-255_a90-135_b155-255+remove_thin_crescent_components,photos/06102025/Day3/Original photo/A0000110.JPG,processed/split_wells/06102025/cropped_A0000110_y1-x0.jpg,processed/binary_wells/06102025/binary_cropped_A0000110_y1-x0.jpg
06102025,batch1L,Day3,A0000110.jpg,P05,y1-x1,P05_y1-x1,Sp,PFD1000,25,Sp_PFD1000_25_P05_y1-x1,2025-10-06 13:42:50,2025-10-09 11:31:24,69.80944444444444,cropped_A0000110_y1-x1.jpg,binary_cropped_A0000110_y1-x1.jpg,122526,196.04160000000002,0,0,0,0,0,lab_threshold_L0-255_a90-135_b155-255+remove_thin_crescent_components,photos/06102025/Day3/Original photo/A0000110.JPG,processed/split_wells/06102025/cropped_A0000110_y1-x1.jpg,processed/binary_wells/06102025/binary_cropped_A0000110_y1-x1.jpg
06102025,batch1L,Day3,A0000110.jpg,P05,y1-x2,P05_y1-x2,Wa,PFD1000,25,Wa_PFD1000_25_P05_y1-x2,2025-10-06 13:42:50,2025-10-09 11:31:24,69.80944444444444,cropped_A0000110_y1-x2.jpg,binary_cropped_A0000110_y1-x2.jpg,156165,249.864,0,0,0,9324,2,lab_threshold_L0-255_a90-135_b155-255+remove_thin_crescent_components,photos/06102025/Day3/Original photo/A0000110.JPG,processed/split_wells/06102025/cropped_A0000110_y1-x2.jpg,processed/binary_wells/06102025/binary_cropped_A0000110_y1-x2.jpg
06102025,batch1L,Day3,A0000111.jpg,P06,y0-x0,P06_y0-x0,Si,PFD1000,25,Si_PFD1000_25_P06_y0-x0,2025-10-06 13:42:50,2025-10-09 11:31:43,69.81472222222222,cropped_A0000111_y0-x0.jpg,binary_cropped_A0000111_y0-x0.jpg,111271,178.0336,0,0,0,0,0,lab_threshold_L0-255_a90-135_b155-255+remove_thin_crescent_components,photos/06102025/Day3/Original photo/A0000111.JPG,processed/split_wells/06102025/cropped_A0000111_y0-x0.jpg,processed/binary_wells/06102025/binary_cropped_A0000111_y0-x0.jpg
06102025,batch1L,Day3,A0000111.jpg,P06,y0-x1,P06_y0-x1,Wg,PFD1000,25,Wg_PFD1000_25_P06_y0-x1,2025-10-06 13:42:50,2025-10-09 11:31:43,69.81472222222222,cropped_A0000111_y0-x1.jpg,binary_cropped_A0000111_y0-x1.jpg,40080,64.128,0,0,0,0,0,lab_threshold_L0-255_a90-135_b155-255+remove_thin_crescent_components,photos/06102025/Day3/Original photo/A0000111.JPG,processed/split_wells/06102025/cropped_A0000111_y0-x1.jpg,processed/binary_wells/06102025/binary_cropped_A0000111_y0-x1.jpg
06102025,batch1L,Day3,A0000111.jpg,P06,y0-x2,P06_y0-x2,Si,PFD1000,25,Si_PFD1000_25_P06_y0-x2,2025-10-06 13:42:50,2025-10-09 11:31:43,69.81472222222222,cropped_A0000111_y0-x2.jpg,binary_cropped_A0000111_y0-x2.jpg,125957,201.5312,0,0,0,0,0,lab_threshold_L0-255_a90-135_b155-255+remove_thin_crescent_components,photos/06102025/Day3/Original photo/A0000111.JPG,processed/split_wells/06102025/cropped_A0000111_y0-x2.jpg,processed/binary_wells/06102025/binary_cropped_A0000111_y0-x2.jpg
06102025,batch1L,Day3,A0000111.jpg,P06,y1-x0,P06_y1-x0,Wg,PFD1000,25,Wg_PFD1000_25_P06_y1-x0,2025-10-06 13:42:50,2025-10-09 11:31:43,69.81472222222222,cropped_A0000111_y1-x0.jpg,binary_cropped_A0000111_y1-x0.jpg,37671,60.2736,0,0,0,0,0,lab_threshold_L0-255_a90-135_b155-255+remove_thin_crescent_components,photos/06102025/Day3/Original photo/A0000111.JPG,processed/split_wells/06102025/cropped_A0000111_y1-x0.jpg,processed/binary_wells/06102025/binary_cropped_A0000111_y1-x0.jpg
06102025,batch1L,Day3,A0000111.jpg,P06,y1-x1,P06_y1-x1,Si,PFD1000,25,Si_PFD1000_25_P06_y1-x1,2025-10-06 13:42:50,2025-10-09 11:31:43,69.81472222222222,cropped_A0000111_y1-x1.jpg,binary_cropped_A0000111_y1-x1.jpg,77340,123.744,0,0,0,0,0,lab_threshold_L0-255_a90-135_b155-255+remove_thin_crescent_components,photos/06102025/Day3/Original photo/A0000111.JPG,processed/split_wells/06102025/cropped_A0000111_y1-x1.jpg,processed/binary_wells/06102025/binary_cropped_A0000111_y1-x1.jpg
06102025,batch1L,Day3,A0000111.jpg,P06,y1-x2,P06_y1-x2,Wg,PFD1000,25,Wg_PFD1000_25_P06_y1-x2,2025-10-06 13:42:50,2025-10-09 11:31:43,69.81472222222222,cropped_A0000111_y1-x2.jpg,binary_cropped_A0000111_y1-x2.jpg,44344,70.9504,0,0,0,0,0,lab_threshold_L0-255_a90-135_b155-255+remove_thin_crescent_components,photos/06102025/Day3/Original photo/A0000111.JPG,processed/split_wells/06102025/cropped_A0000111_y1-x2.jpg,processed/binary_wells/06102025/binary_cropped_A0000111_y1-x2.jpg
06102025,batch1L,Day3,A0000112.jpg,P07,y0-x0,P07_y0-x0,Wa,PFD1000,25,Wa_PFD1000_25_P07_y0-x0,2025-10-06 13:42:50,2025-10-09 11:31:57,69.81861111111111,cropped_A0000112_y0-x0.jpg,binary_cropped_A0000112_y0-x0.jpg,156255,250.008,0,0,0,11162,2,lab_threshold_L0-255_a90-135_b155-255+remove_thin_crescent_components,photos/06102025/Day3/Original photo/A0000112.JPG,processed/split_wells/06102025/cropped_A0000112_y0-x0.jpg,processed/binary_wells/06102025/binary_cropped_A0000112_y0-x0.jpg
06102025,batch1L,Day3,A0000112.jpg,P07,y0-x1,P07_y0-x1,Sp,PFD1000,25,Sp_PFD1000_25_P07_y0-x1,2025-10-06 13:42:50,2025-10-09 11:31:57,69.81861111111111,cropped_A0000112_y0-x1.jpg,binary_cropped_A0000112_y0-x1.jpg,131943,211.1088,0,0,0,0,0,lab_threshold_L0-255_a90-135_b155-255+remove_thin_crescent_components,photos/06102025/Day3/Original photo/A0000112.JPG,processed/split_wells/06102025/cropped_A0000112_y0-x1.jpg,processed/binary_wells/06102025/binary_cropped_A0000112_y0-x1.jpg
06102025,batch1L,Day3,A0000112.jpg,P07,y0-x2,P07_y0-x2,Wa,PFD1000,25,Wa_PFD1000_25_P07_y0-x2,2025-10-06 13:42:50,2025-10-09 11:31:57,69.81861111111111,cropped_A0000112_y0-x2.jpg,binary_cropped_A0000112_y0-x2.jpg,146618,234.58880000000002,0,0,0,42106,3,lab_threshold_L0-255_a90-135_b155-255+remove_thin_crescent_components,photos/06102025/Day3/Original photo/A0000112.JPG,processed/split_wells/06102025/cropped_A0000112_y0-x2.jpg,processed/binary_wells/06102025/binary_cropped_A0000112_y0-x2.jpg
06102025,batch1L,Day3,A0000112.jpg,P07,y1-x0,P07_y1-x0,Sp,PFD1000,25,Sp_PFD1000_25_P07_y1-x0,2025-10-06 13:42:50,2025-10-09 11:31:57,69.81861111111111,cropped_A0000112_y1-x0.jpg,binary_cropped_A0000112_y1-x0.jpg,134904,215.84640000000002,0,0,0,0,0,lab_threshold_L0-255_a90-135_b155-255+remove_thin_crescent_components,photos/06102025/Day3/Original photo/A0000112.JPG,processed/split_wells/06102025/cropped_A0000112_y1-x0.jpg,processed/binary_wells/06102025/binary_cropped_A0000112_y1-x0.jpg
06102025,batch1L,Day3,A0000112.jpg,P07,y1-x1,P07_y1-x1,Wa,PFD1000,25,Wa_PFD1000_25_P07_y1-x1,2025-10-06 13:42:50,2025-10-09 11:31:57,69.81861111111111,cropped_A0000112_y1-x1.jpg,binary_cropped_A0000112_y1-x1.jpg,124325,198.92000000000002,0,0,0,70528,5,lab_threshold_L0-255_a90-135_b155-255+remove_thin_crescent_components,photos/06102025/Day3/Original photo/A0000112.JPG,processed/split_wells/06102025/cropped_A0000112_y1-x1.jpg,processed/binary_wells/06102025/binary_cropped_A0000112_y1-x1.jpg
06102025,batch1L,Day3,A0000112.jpg,P07,y1-x2,P07_y1-x2,Sp,PFD1000,25,Sp_PFD1000_25_P07_y1-x2,2025-10-06 13:42:50,2025-10-09 11:31:57,69.81861111111111,cropped_A0000112_y1-x2.jpg,binary_cropped_A0000112_y1-x2.jpg,156191,249.90560000000002,0,0,0,0,0,lab_threshold_L0-255_a90-135_b155-255+remove_thin_crescent_components,photos/06102025/Day3/Original photo/A0000112.JPG,processed/split_wells/06102025/cropped_A0000112_y1-x2.jpg,processed/binary_wells/06102025/binary_cropped_A0000112_y1-x2.jpg
06102025,batch1L,Day3,A0000113.jpg,P08,y0-x0,P08_y0-x0,Wg,PFD1000,25,Wg_PFD1000_25_P08_y0-x0,2025-10-06 13:42:50,2025-10-09 11:32:14,69.82333333333334,cropped_A0000113_y0-x0.jpg,binary_cropped_A0000113_y0-x0.jpg,35764,57.2224,0,0,0,2803,1,lab_threshold_L0-255_a90-135_b155-255+remove_thin_crescent_components,photos/06102025/Day3/Original photo/A0000113.JPG,processed/split_wells/06102025/cropped_A0000113_y0-x0.jpg,processed/binary_wells/06102025/binary_cropped_A0000113_y0-x0.jpg
06102025,batch1L,Day3,A0000113.jpg,P08,y0-x1,P08_y0-x1,Si,PFD1000,25,Si_PFD1000_25_P08_y0-x1,2025-10-06 13:42:50,2025-10-09 11:32:14,69.82333333333334,cropped_A0000113_y0-x1.jpg,binary_cropped_A0000113_y0-x1.jpg,127391,203.8256,0,0,0,0,0,lab_threshold_L0-255_a90-135_b155-255+remove_thin_crescent_components,photos/06102025/Day3/Original photo/A0000113.JPG,processed/split_wells/06102025/cropped_A0000113_y0-x1.jpg,processed/binary_wells/06102025/binary_cropped_A0000113_y0-x1.jpg
06102025,batch1L,Day3,A0000113.jpg,P08,y0-x2,P08_y0-x2,Wg,PFD1000,25,Wg_PFD1000_25_P08_y0-x2,2025-10-06 13:42:50,2025-10-09 11:32:14,69.82333333333334,cropped_A0000113_y0-x2.jpg,binary_cropped_A0000113_y0-x2.jpg,45108,72.17280000000001,0,0,0,4169,1,lab_threshold_L0-255_a90-135_b155-255+remove_thin_crescent_components,photos/06102025/Day3/Original photo/A0000113.JPG,processed/split_wells/06102025/cropped_A0000113_y0-x2.jpg,processed/binary_wells/06102025/binary_cropped_A0000113_y0-x2.jpg
06102025,batch1L,Day3,A0000113.jpg,P08,y1-x0,P08_y1-x0,Si,PFD1000,25,Si_PFD1000_25_P08_y1-x0,2025-10-06 13:42:50,2025-10-09 11:32:14,69.82333333333334,cropped_A0000113_y1-x0.jpg,binary_cropped_A0000113_y1-x0.jpg,97987,156.7792,0,0,0,0,0,lab_threshold_L0-255_a90-135_b155-255+remove_thin_crescent_components,photos/06102025/Day3/Original photo/A0000113.JPG,processed/split_wells/06102025/cropped_A0000113_y1-x0.jpg,processed/binary_wells/06102025/binary_cropped_A0000113_y1-x0.jpg
06102025,batch1L,Day3,A0000113.jpg,P08,y1-x1,P08_y1-x1,Wg,PFD1000,25,Wg_PFD1000_25_P08_y1-x1,2025-10-06 13:42:50,2025-10-09 11:32:14,69.82333333333334,cropped_A0000113_y1-x1.jpg,binary_cropped_A0000113_y1-x1.jpg,49690,79.504,0,0,0,0,0,lab_threshold_L0-255_a90-135_b155-255+remove_thin_crescent_components,photos/06102025/Day3/Original photo/A0000113.JPG,processed/split_wells/06102025/cropped_A0000113_y1-x1.jpg,processed/binary_wells/06102025/binary_cropped_A0000113_y1-x1.jpg
06102025,batch1L,Day3,A0000113.jpg,P08,y1-x2,P08_y1-x2,Si,PFD1000,25,Si_PFD1000_25_P08_y1-x2,2025-10-06 13:42:50,2025-10-09 11:32:14,69.82333333333334,cropped_A0000113_y1-x2.jpg,binary_cropped_A0000113_y1-x2.jpg,76665,122.664,0,0,0,616,1,lab_threshold_L0-255_a90-135_b155-255+remove_thin_crescent_components,photos/06102025/Day3/Original photo/A0000113.JPG,processed/split_wells/06102025/cropped_A0000113_y1-x2.jpg,processed/binary_wells/06102025/binary_cropped_A0000113_y1-x2.jpg
06102025,batch1L,Day4,B0000358.jpg,P01,y0-x0,P01_y0-x0,Sp,PFD100,25,Sp_PFD100_25_P01_y0-x0,2025-10-06 13:42:50,2025-10-10 11:02:20,93.325,cropped_B0000358_y0-x0.jpg,binary_cropped_B0000358_y0-x0.jpg,139914,223.8624,0,0,0,0,0,lab_threshold_L0-255_a90-135_b155-255+remove_thin_crescent_components,photos/06102025/Day4/B0000358.JPG,processed/split_wells/06102025/cropped_B0000358_y0-x0.jpg,processed/binary_wells/06102025/binary_cropped_B0000358_y0-x0.jpg
06102025,batch1L,Day4,B0000358.jpg,P01,y0-x1,P01_y0-x1,Wa,PFD100,25,Wa_PFD100_25_P01_y0-x1,2025-10-06 13:42:50,2025-10-10 11:02:20,93.325,cropped_B0000358_y0-x1.jpg,binary_cropped_B0000358_y0-x1.jpg,82337,131.7392,0,0,0,0,0,lab_threshold_L0-255_a90-135_b155-255+remove_thin_crescent_components,photos/06102025/Day4/B0000358.JPG,processed/split_wells/06102025/cropped_B0000358_y0-x1.jpg,processed/binary_wells/06102025/binary_cropped_B0000358_y0-x1.jpg
06102025,batch1L,Day4,B0000358.jpg,P01,y0-x2,P01_y0-x2,Sp,PFD100,25,Sp_PFD100_25_P01_y0-x2,2025-10-06 13:42:50,2025-10-10 11:02:20,93.325,cropped_B0000358_y0-x2.jpg,binary_cropped_B0000358_y0-x2.jpg,116572,186.51520000000002,0,0,0,0,0,lab_threshold_L0-255_a90-135_b155-255+remove_thin_crescent_components,photos/06102025/Day4/B0000358.JPG,processed/split_wells/06102025/cropped_B0000358_y0-x2.jpg,processed/binary_wells/06102025/binary_cropped_B0000358_y0-x2.jpg
06102025,batch1L,Day4,B0000358.jpg,P01,y1-x0,P01_y1-x0,Wa,PFD100,25,Wa_PFD100_25_P01_y1-x0,2025-10-06 13:42:50,2025-10-10 11:02:20,93.325,cropped_B0000358_y1-x0.jpg,binary_cropped_B0000358_y1-x0.jpg,130467,208.74720000000002,0,0,0,5985,2,lab_threshold_L0-255_a90-135_b155-255+remove_thin_crescent_components,photos/06102025/Day4/B0000358.JPG,processed/split_wells/06102025/cropped_B0000358_y1-x0.jpg,processed/binary_wells/06102025/binary_cropped_B0000358_y1-x0.jpg
06102025,batch1L,Day4,B0000358.jpg,P01,y1-x1,P01_y1-x1,Sp,PFD100,25,Sp_PFD100_25_P01_y1-x1,2025-10-06 13:42:50,2025-10-10 11:02:20,93.325,cropped_B0000358_y1-x1.jpg,binary_cropped_B0000358_y1-x1.jpg,103469,165.5504,0,0,0,0,0,lab_threshold_L0-255_a90-135_b155-255+remove_thin_crescent_components,photos/06102025/Day4/B0000358.JPG,processed/split_wells/06102025/cropped_B0000358_y1-x1.jpg,processed/binary_wells/06102025/binary_cropped_B0000358_y1-x1.jpg
06102025,batch1L,Day4,B0000358.jpg,P01,y1-x2,P01_y1-x2,Wa,PFD100,25,Wa_PFD100_25_P01_y1-x2,2025-10-06 13:42:50,2025-10-10 11:02:20,93.325,cropped_B0000358_y1-x2.jpg,binary_cropped_B0000358_y1-x2.jpg,75657,121.05120000000001,0,0,0,0,0,lab_threshold_L0-255_a90-135_b155-255+remove_thin_crescent_components,photos/06102025/Day4/B0000358.JPG,processed/split_wells/06102025/cropped_B0000358_y1-x2.jpg,processed/binary_wells/06102025/binary_cropped_B0000358_y1-x2.jpg
06102025,batch1L,Day4,B0000359.jpg,P02,y0-x0,P02_y0-x0,Si,PFD100,25,Si_PFD100_25_P02_y0-x0,2025-10-06 13:42:50,2025-10-10 11:04:19,93.35805555555555,cropped_B0000359_y0-x0.jpg,binary_cropped_B0000359_y0-x0.jpg,156489,250.38240000000002,0,0,0,2252,1,lab_threshold_L0-255_a90-135_b155-255+remove_thin_crescent_components,photos/06102025/Day4/B0000359.JPG,processed/split_wells/06102025/cropped_B0000359_y0-x0.jpg,processed/binary_wells/06102025/binary_cropped_B0000359_y0-x0.jpg
06102025,batch1L,Day4,B0000359.jpg,P02,y0-x1,P02_y0-x1,Wg,PFD100,25,Wg_PFD100_25_P02_y0-x1,2025-10-06 13:42:50,2025-10-10 11:04:19,93.35805555555555,cropped_B0000359_y0-x1.jpg,binary_cropped_B0000359_y0-x1.jpg,35004,56.0064,0,0,0,0,0,lab_threshold_L0-255_a90-135_b155-255+remove_thin_crescent_components,photos/06102025/Day4/B0000359.JPG,processed/split_wells/06102025/cropped_B0000359_y0-x1.jpg,processed/binary_wells/06102025/binary_cropped_B0000359_y0-x1.jpg
06102025,batch1L,Day4,B0000359.jpg,P02,y0-x2,P02_y0-x2,Si,PFD100,25,Si_PFD100_25_P02_y0-x2,2025-10-06 13:42:50,2025-10-10 11:04:19,93.35805555555555,cropped_B0000359_y0-x2.jpg,binary_cropped_B0000359_y0-x2.jpg,192830,308.528,0,0,0,0,0,lab_threshold_L0-255_a90-135_b155-255+remove_thin_crescent_components,photos/06102025/Day4/B0000359.JPG,processed/split_wells/06102025/cropped_B0000359_y0-x2.jpg,processed/binary_wells/06102025/binary_cropped_B0000359_y0-x2.jpg
06102025,batch1L,Day4,B0000359.jpg,P02,y1-x0,P02_y1-x0,Wg,PFD100,25,Wg_PFD100_25_P02_y1-x0,2025-10-06 13:42:50,2025-10-10 11:04:19,93.35805555555555,cropped_B0000359_y1-x0.jpg,binary_cropped_B0000359_y1-x0.jpg,29925,47.88,0,0,0,4786,1,lab_threshold_L0-255_a90-135_b155-255+remove_thin_crescent_components,photos/06102025/Day4/B0000359.JPG,processed/split_wells/06102025/cropped_B0000359_y1-x0.jpg,processed/binary_wells/06102025/binary_cropped_B0000359_y1-x0.jpg
06102025,batch1L,Day4,B0000359.jpg,P02,y1-x1,P02_y1-x1,Si,PFD100,25,Si_PFD100_25_P02_y1-x1,2025-10-06 13:42:50,2025-10-10 11:04:19,93.35805555555555,cropped_B0000359_y1-x1.jpg,binary_cropped_B0000359_y1-x1.jpg,118501,189.60160000000002,0,0,0,0,0,lab_threshold_L0-255_a90-135_b155-255+remove_thin_crescent_components,photos/06102025/Day4/B0000359.JPG,processed/split_wells/06102025/cropped_B0000359_y1-x1.jpg,processed/binary_wells/06102025/binary_cropped_B0000359_y1-x1.jpg
06102025,batch1L,Day4,B0000359.jpg,P02,y1-x2,P02_y1-x2,Wg,PFD100,25,Wg_PFD100_25_P02_y1-x2,2025-10-06 13:42:50,2025-10-10 11:04:19,93.35805555555555,cropped_B0000359_y1-x2.jpg,binary_cropped_B0000359_y1-x2.jpg,21281,34.0496,0,0,0,0,0,lab_threshold_L0-255_a90-135_b155-255+remove_thin_crescent_components,photos/06102025/Day4/B0000359.JPG,processed/split_wells/06102025/cropped_B0000359_y1-x2.jpg,processed/binary_wells/06102025/binary_cropped_B0000359_y1-x2.jpg
06102025,batch1L,Day4,B0000360.jpg,P03,y0-x0,P03_y0-x0,Wa,PFD100,25,Wa_PFD100_25_P03_y0-x0,2025-10-06 13:42:50,2025-10-10 11:04:44,93.365,cropped_B0000360_y0-x0.jpg,binary_cropped_B0000360_y0-x0.jpg,154122,246.5952,0,0,0,3793,1,lab_threshold_L0-255_a90-135_b155-255+remove_thin_crescent_components,photos/06102025/Day4/B0000360.JPG,processed/split_wells/06102025/cropped_B0000360_y0-x0.jpg,processed/binary_wells/06102025/binary_cropped_B0000360_y0-x0.jpg
06102025,batch1L,Day4,B0000360.jpg,P03,y0-x1,P03_y0-x1,Sp,PFD100,25,Sp_PFD100_25_P03_y0-x1,2025-10-06 13:42:50,2025-10-10 11:04:44,93.365,cropped_B0000360_y0-x1.jpg,binary_cropped_B0000360_y0-x1.jpg,125627,201.00320000000002,0,0,0,0,0,lab_threshold_L0-255_a90-135_b155-255+remove_thin_crescent_components,photos/06102025/Day4/B0000360.JPG,processed/split_wells/06102025/cropped_B0000360_y0-x1.jpg,processed/binary_wells/06102025/binary_cropped_B0000360_y0-x1.jpg
06102025,batch1L,Day4,B0000360.jpg,P03,y0-x2,P03_y0-x2,Wa,PFD100,25,Wa_PFD100_25_P03_y0-x2,2025-10-06 13:42:50,2025-10-10 11:04:44,93.365,cropped_B0000360_y0-x2.jpg,binary_cropped_B0000360_y0-x2.jpg,56087,89.73920000000001,0,0,0,1146,1,lab_threshold_L0-255_a90-135_b155-255+remove_thin_crescent_components,photos/06102025/Day4/B0000360.JPG,processed/split_wells/06102025/cropped_B0000360_y0-x2.jpg,processed/binary_wells/06102025/binary_cropped_B0000360_y0-x2.jpg
06102025,batch1L,Day4,B0000360.jpg,P03,y1-x0,P03_y1-x0,Sp,PFD100,25,Sp_PFD100_25_P03_y1-x0,2025-10-06 13:42:50,2025-10-10 11:04:44,93.365,cropped_B0000360_y1-x0.jpg,binary_cropped_B0000360_y1-x0.jpg,112929,180.68640000000002,0,0,0,691,1,lab_threshold_L0-255_a90-135_b155-255+remove_thin_crescent_components,photos/06102025/Day4/B0000360.JPG,processed/split_wells/06102025/cropped_B0000360_y1-x0.jpg,processed/binary_wells/06102025/binary_cropped_B0000360_y1-x0.jpg
06102025,batch1L,Day4,B0000360.jpg,P03,y1-x1,P03_y1-x1,Wa,PFD100,25,Wa_PFD100_25_P03_y1-x1,2025-10-06 13:42:50,2025-10-10 11:04:44,93.365,cropped_B0000360_y1-x1.jpg,binary_cropped_B0000360_y1-x1.jpg,107742,172.3872,0,0,0,1120,1,lab_threshold_L0-255_a90-135_b155-255+remove_thin_crescent_components,photos/06102025/Day4/B0000360.JPG,processed/split_wells/06102025/cropped_B0000360_y1-x1.jpg,processed/binary_wells/06102025/binary_cropped_B0000360_y1-x1.jpg
06102025,batch1L,Day4,B0000360.jpg,P03,y1-x2,P03_y1-x2,Sp,PFD100,25,Sp_PFD100_25_P03_y1-x2,2025-10-06 13:42:50,2025-10-10 11:04:44,93.365,cropped_B0000360_y1-x2.jpg,binary_cropped_B0000360_y1-x2.jpg,83482,133.5712,0,0,0,0,0,lab_threshold_L0-255_a90-135_b155-255+remove_thin_crescent_components,photos/06102025/Day4/B0000360.JPG,processed/split_wells/06102025/cropped_B0000360_y1-x2.jpg,processed/binary_wells/06102025/binary_cropped_B0000360_y1-x2.jpg
06102025,batch1L,Day4,B0000361.jpg,P04,y0-x0,P04_y0-x0,Wg,PFD100,25,Wg_PFD100_25_P04_y0-x0,2025-10-06 13:42:50,2025-10-10 11:05:41,93.38083333333333,cropped_B0000361_y0-x0.jpg,binary_cropped_B0000361_y0-x0.jpg,62009,99.2144,0,0,0,0,0,lab_threshold_L0-255_a90-135_b155-255+remove_thin_crescent_components,photos/06102025/Day4/B0000361.JPG,processed/split_wells/06102025/cropped_B0000361_y0-x0.jpg,processed/binary_wells/06102025/binary_cropped_B0000361_y0-x0.jpg
06102025,batch1L,Day4,B0000361.jpg,P04,y0-x1,P04_y0-x1,Si,PFD100,25,Si_PFD100_25_P04_y0-x1,2025-10-06 13:42:50,2025-10-10 11:05:41,93.38083333333333,cropped_B0000361_y0-x1.jpg,binary_cropped_B0000361_y0-x1.jpg,181229,289.9664,0,0,0,0,0,lab_threshold_L0-255_a90-135_b155-255+remove_thin_crescent_components,photos/06102025/Day4/B0000361.JPG,processed/split_wells/06102025/cropped_B0000361_y0-x1.jpg,processed/binary_wells/06102025/binary_cropped_B0000361_y0-x1.jpg
06102025,batch1L,Day4,B0000361.jpg,P04,y0-x2,P04_y0-x2,Wg,PFD100,25,Wg_PFD100_25_P04_y0-x2,2025-10-06 13:42:50,2025-10-10 11:05:41,93.38083333333333,cropped_B0000361_y0-x2.jpg,binary_cropped_B0000361_y0-x2.jpg,25283,40.4528,0,0,0,924,1,lab_threshold_L0-255_a90-135_b155-255+remove_thin_crescent_components,photos/06102025/Day4/B0000361.JPG,processed/split_wells/06102025/cropped_B0000361_y0-x2.jpg,processed/binary_wells/06102025/binary_cropped_B0000361_y0-x2.jpg
06102025,batch1L,Day4,B0000361.jpg,P04,y1-x0,P04_y1-x0,Si,PFD100,25,Si_PFD100_25_P04_y1-x0,2025-10-06 13:42:50,2025-10-10 11:05:41,93.38083333333333,cropped_B0000361_y1-x0.jpg,binary_cropped_B0000361_y1-x0.jpg,92079,147.3264,0,0,0,0,0,lab_threshold_L0-255_a90-135_b155-255+remove_thin_crescent_components,photos/06102025/Day4/B0000361.JPG,processed/split_wells/06102025/cropped_B0000361_y1-x0.jpg,processed/binary_wells/06102025/binary_cropped_B0000361_y1-x0.jpg
06102025,batch1L,Day4,B0000361.jpg,P04,y1-x1,P04_y1-x1,Wg,PFD100,25,Wg_PFD100_25_P04_y1-x1,2025-10-06 13:42:50,2025-10-10 11:05:41,93.38083333333333,cropped_B0000361_y1-x1.jpg,binary_cropped_B0000361_y1-x1.jpg,41929,67.0864,0,0,0,987,1,lab_threshold_L0-255_a90-135_b155-255+remove_thin_crescent_components,photos/06102025/Day4/B0000361.JPG,processed/split_wells/06102025/cropped_B0000361_y1-x1.jpg,processed/binary_wells/06102025/binary_cropped_B0000361_y1-x1.jpg
06102025,batch1L,Day4,B0000361.jpg,P04,y1-x2,P04_y1-x2,Si,PFD100,25,Si_PFD100_25_P04_y1-x2,2025-10-06 13:42:50,2025-10-10 11:05:41,93.38083333333333,cropped_B0000361_y1-x2.jpg,binary_cropped_B0000361_y1-x2.jpg,158482,253.5712,0,0,0,1598,1,lab_threshold_L0-255_a90-135_b155-255+remove_thin_crescent_components,photos/06102025/Day4/B0000361.JPG,processed/split_wells/06102025/cropped_B0000361_y1-x2.jpg,processed/binary_wells/06102025/binary_cropped_B0000361_y1-x2.jpg
06102025,batch1L,Day4,B0000362.jpg,P05,y0-x0,P05_y0-x0,Sp,PFD1000,25,Sp_PFD1000_25_P05_y0-x0,2025-10-06 13:42:50,2025-10-10 11:06:05,93.3875,cropped_B0000362_y0-x0.jpg,binary_cropped_B0000362_y0-x0.jpg,223221,357.15360000000004,0,0,0,3646,1,lab_threshold_L0-255_a90-135_b155-255+remove_thin_crescent_components,photos/06102025/Day4/B0000362.JPG,processed/split_wells/06102025/cropped_B0000362_y0-x0.jpg,processed/binary_wells/06102025/binary_cropped_B0000362_y0-x0.jpg
06102025,batch1L,Day4,B0000362.jpg,P05,y0-x1,P05_y0-x1,Wa,PFD1000,25,Wa_PFD1000_25_P05_y0-x1,2025-10-06 13:42:50,2025-10-10 11:06:05,93.3875,cropped_B0000362_y0-x1.jpg,binary_cropped_B0000362_y0-x1.jpg,228656,365.8496,0,0,0,12145,1,lab_threshold_L0-255_a90-135_b155-255+remove_thin_crescent_components,photos/06102025/Day4/B0000362.JPG,processed/split_wells/06102025/cropped_B0000362_y0-x1.jpg,processed/binary_wells/06102025/binary_cropped_B0000362_y0-x1.jpg
06102025,batch1L,Day4,B0000362.jpg,P05,y0-x2,P05_y0-x2,Sp,PFD1000,25,Sp_PFD1000_25_P05_y0-x2,2025-10-06 13:42:50,2025-10-10 11:06:05,93.3875,cropped_B0000362_y0-x2.jpg,binary_cropped_B0000362_y0-x2.jpg,192041,307.2656,0,0,0,440,1,lab_threshold_L0-255_a90-135_b155-255+remove_thin_crescent_components,photos/06102025/Day4/B0000362.JPG,processed/split_wells/06102025/cropped_B0000362_y0-x2.jpg,processed/binary_wells/06102025/binary_cropped_B0000362_y0-x2.jpg
06102025,batch1L,Day4,B0000362.jpg,P05,y1-x0,P05_y1-x0,Wa,PFD1000,25,Wa_PFD1000_25_P05_y1-x0,2025-10-06 13:42:50,2025-10-10 11:06:05,93.3875,cropped_B0000362_y1-x0.jpg,binary_cropped_B0000362_y1-x0.jpg,161793,258.8688,0,0,0,45432,2,lab_threshold_L0-255_a90-135_b155-255+remove_thin_crescent_components,photos/06102025/Day4/B0000362.JPG,processed/split_wells/06102025/cropped_B0000362_y1-x0.jpg,processed/binary_wells/06102025/binary_cropped_B0000362_y1-x0.jpg
06102025,batch1L,Day4,B0000362.jpg,P05,y1-x1,P05_y1-x1,Sp,PFD1000,25,Sp_PFD1000_25_P05_y1-x1,2025-10-06 13:42:50,2025-10-10 11:06:05,93.3875,cropped_B0000362_y1-x1.jpg,binary_cropped_B0000362_y1-x1.jpg,162628,260.20480000000003,0,0,0,0,0,lab_threshold_L0-255_a90-135_b155-255+remove_thin_crescent_components,photos/06102025/Day4/B0000362.JPG,processed/split_wells/06102025/cropped_B0000362_y1-x1.jpg,processed/binary_wells/06102025/binary_cropped_B0000362_y1-x1.jpg
06102025,batch1L,Day4,B0000362.jpg,P05,y1-x2,P05_y1-x2,Wa,PFD1000,25,Wa_PFD1000_25_P05_y1-x2,2025-10-06 13:42:50,2025-10-10 11:06:05,93.3875,cropped_B0000362_y1-x2.jpg,binary_cropped_B0000362_y1-x2.jpg,183249,293.1984,0,0,0,23446,3,lab_threshold_L0-255_a90-135_b155-255+remove_thin_crescent_components,photos/06102025/Day4/B0000362.JPG,processed/split_wells/06102025/cropped_B0000362_y1-x2.jpg,processed/binary_wells/06102025/binary_cropped_B0000362_y1-x2.jpg
06102025,batch1L,Day4,B0000363.jpg,P06,y0-x0,P06_y0-x0,Si,PFD1000,25,Si_PFD1000_25_P06_y0-x0,2025-10-06 13:42:50,2025-10-10 11:06:22,93.39222222222222,cropped_B0000363_y0-x0.jpg,binary_cropped_B0000363_y0-x0.jpg,157420,251.872,0,0,0,1572,1,lab_threshold_L0-255_a90-135_b155-255+remove_thin_crescent_components,photos/06102025/Day4/B0000363.JPG,processed/split_wells/06102025/cropped_B0000363_y0-x0.jpg,processed/binary_wells/06102025/binary_cropped_B0000363_y0-x0.jpg
06102025,batch1L,Day4,B0000363.jpg,P06,y0-x1,P06_y0-x1,Wg,PFD1000,25,Wg_PFD1000_25_P06_y0-x1,2025-10-06 13:42:50,2025-10-10 11:06:22,93.39222222222222,cropped_B0000363_y0-x1.jpg,binary_cropped_B0000363_y0-x1.jpg,75833,121.3328,0,0,0,8080,3,lab_threshold_L0-255_a90-135_b155-255+remove_thin_crescent_components,photos/06102025/Day4/B0000363.JPG,processed/split_wells/06102025/cropped_B0000363_y0-x1.jpg,processed/binary_wells/06102025/binary_cropped_B0000363_y0-x1.jpg
06102025,batch1L,Day4,B0000363.jpg,P06,y0-x2,P06_y0-x2,Si,PFD1000,25,Si_PFD1000_25_P06_y0-x2,2025-10-06 13:42:50,2025-10-10 11:06:22,93.39222222222222,cropped_B0000363_y0-x2.jpg,binary_cropped_B0000363_y0-x2.jpg,173898,278.2368,0,0,0,0,0,lab_threshold_L0-255_a90-135_b155-255+remove_thin_crescent_components,photos/06102025/Day4/B0000363.JPG,processed/split_wells/06102025/cropped_B0000363_y0-x2.jpg,processed/binary_wells/06102025/binary_cropped_B0000363_y0-x2.jpg
06102025,batch1L,Day4,B0000363.jpg,P06,y1-x0,P06_y1-x0,Wg,PFD1000,25,Wg_PFD1000_25_P06_y1-x0,2025-10-06 13:42:50,2025-10-10 11:06:22,93.39222222222222,cropped_B0000363_y1-x0.jpg,binary_cropped_B0000363_y1-x0.jpg,73267,117.22720000000001,0,0,0,4774,2,lab_threshold_L0-255_a90-135_b155-255+remove_thin_crescent_components,photos/06102025/Day4/B0000363.JPG,processed/split_wells/06102025/cropped_B0000363_y1-x0.jpg,processed/binary_wells/06102025/binary_cropped_B0000363_y1-x0.jpg
06102025,batch1L,Day4,B0000363.jpg,P06,y1-x1,P06_y1-x1,Si,PFD1000,25,Si_PFD1000_25_P06_y1-x1,2025-10-06 13:42:50,2025-10-10 11:06:22,93.39222222222222,cropped_B0000363_y1-x1.jpg,binary_cropped_B0000363_y1-x1.jpg,117151,187.44160000000002,0,0,0,0,0,lab_threshold_L0-255_a90-135_b155-255+remove_thin_crescent_components,photos/06102025/Day4/B0000363.JPG,processed/split_wells/06102025/cropped_B0000363_y1-x1.jpg,processed/binary_wells/06102025/binary_cropped_B0000363_y1-x1.jpg
06102025,batch1L,Day4,B0000363.jpg,P06,y1-x2,P06_y1-x2,Wg,PFD1000,25,Wg_PFD1000_25_P06_y1-x2,2025-10-06 13:42:50,2025-10-10 11:06:22,93.39222222222222,cropped_B0000363_y1-x2.jpg,binary_cropped_B0000363_y1-x2.jpg,73298,117.27680000000001,0,0,0,21111,4,lab_threshold_L0-255_a90-135_b155-255+remove_thin_crescent_components,photos/06102025/Day4/B0000363.JPG,processed/split_wells/06102025/cropped_B0000363_y1-x2.jpg,processed/binary_wells/06102025/binary_cropped_B0000363_y1-x2.jpg
06102025,batch1L,Day4,B0000364.jpg,P07,y0-x0,P07_y0-x0,Wa,PFD1000,25,Wa_PFD1000_25_P07_y0-x0,2025-10-06 13:42:50,2025-10-10 11:07:07,93.40472222222222,cropped_B0000364_y0-x0.jpg,binary_cropped_B0000364_y0-x0.jpg,149146,238.6336,0,0,0,67051,5,lab_threshold_L0-255_a90-135_b155-255+remove_thin_crescent_components,photos/06102025/Day4/B0000364.JPG,processed/split_wells/06102025/cropped_B0000364_y0-x0.jpg,processed/binary_wells/06102025/binary_cropped_B0000364_y0-x0.jpg
06102025,batch1L,Day4,B0000364.jpg,P07,y0-x1,P07_y0-x1,Sp,PFD1000,25,Sp_PFD1000_25_P07_y0-x1,2025-10-06 13:42:50,2025-10-10 11:07:07,93.40472222222222,cropped_B0000364_y0-x1.jpg,binary_cropped_B0000364_y0-x1.jpg,189306,302.88960000000003,0,0,0,0,0,lab_threshold_L0-255_a90-135_b155-255+remove_thin_crescent_components,photos/06102025/Day4/B0000364.JPG,processed/split_wells/06102025/cropped_B0000364_y0-x1.jpg,processed/binary_wells/06102025/binary_cropped_B0000364_y0-x1.jpg
06102025,batch1L,Day4,B0000364.jpg,P07,y0-x2,P07_y0-x2,Wa,PFD1000,25,Wa_PFD1000_25_P07_y0-x2,2025-10-06 13:42:50,2025-10-10 11:07:07,93.40472222222222,cropped_B0000364_y0-x2.jpg,binary_cropped_B0000364_y0-x2.jpg,212391,339.8256,0,0,0,33383,4,lab_threshold_L0-255_a90-135_b155-255+remove_thin_crescent_components,photos/06102025/Day4/B0000364.JPG,processed/split_wells/06102025/cropped_B0000364_y0-x2.jpg,processed/binary_wells/06102025/binary_cropped_B0000364_y0-x2.jpg
06102025,batch1L,Day4,B0000364.jpg,P07,y1-x0,P07_y1-x0,Sp,PFD1000,25,Sp_PFD1000_25_P07_y1-x0,2025-10-06 13:42:50,2025-10-10 11:07:07,93.40472222222222,cropped_B0000364_y1-x0.jpg,binary_cropped_B0000364_y1-x0.jpg,181249,289.9984,0,0,0,0,0,lab_threshold_L0-255_a90-135_b155-255+remove_thin_crescent_components,photos/06102025/Day4/B0000364.JPG,processed/split_wells/06102025/cropped_B0000364_y1-x0.jpg,processed/binary_wells/06102025/binary_cropped_B0000364_y1-x0.jpg
06102025,batch1L,Day4,B0000364.jpg,P07,y1-x1,P07_y1-x1,Wa,PFD1000,25,Wa_PFD1000_25_P07_y1-x1,2025-10-06 13:42:50,2025-10-10 11:07:07,93.40472222222222,cropped_B0000364_y1-x1.jpg,binary_cropped_B0000364_y1-x1.jpg,164675,263.48,0,0,0,79944,3,lab_threshold_L0-255_a90-135_b155-255+remove_thin_crescent_components,photos/06102025/Day4/B0000364.JPG,processed/split_wells/06102025/cropped_B0000364_y1-x1.jpg,processed/binary_wells/06102025/binary_cropped_B0000364_y1-x1.jpg
06102025,batch1L,Day4,B0000364.jpg,P07,y1-x2,P07_y1-x2,Sp,PFD1000,25,Sp_PFD1000_25_P07_y1-x2,2025-10-06 13:42:50,2025-10-10 11:07:07,93.40472222222222,cropped_B0000364_y1-x2.jpg,binary_cropped_B0000364_y1-x2.jpg,211288,338.06080000000003,0,0,0,0,0,lab_threshold_L0-255_a90-135_b155-255+remove_thin_crescent_components,photos/06102025/Day4/B0000364.JPG,processed/split_wells/06102025/cropped_B0000364_y1-x2.jpg,processed/binary_wells/06102025/binary_cropped_B0000364_y1-x2.jpg
06102025,batch1L,Day4,B0000365.jpg,P08,y0-x0,P08_y0-x0,Wg,PFD1000,25,Wg_PFD1000_25_P08_y0-x0,2025-10-06 13:42:50,2025-10-10 11:07:22,93.4088888888889,cropped_B0000365_y0-x0.jpg,binary_cropped_B0000365_y0-x0.jpg,71657,114.6512,0,0,0,1277,1,lab_threshold_L0-255_a90-135_b155-255+remove_thin_crescent_components,photos/06102025/Day4/B0000365.JPG,processed/split_wells/06102025/cropped_B0000365_y0-x0.jpg,processed/binary_wells/06102025/binary_cropped_B0000365_y0-x0.jpg
06102025,batch1L,Day4,B0000365.jpg,P08,y0-x1,P08_y0-x1,Si,PFD1000,25,Si_PFD1000_25_P08_y0-x1,2025-10-06 13:42:50,2025-10-10 11:07:22,93.4088888888889,cropped_B0000365_y0-x1.jpg,binary_cropped_B0000365_y0-x1.jpg,193850,310.16,0,0,0,0,0,lab_threshold_L0-255_a90-135_b155-255+remove_thin_crescent_components,photos/06102025/Day4/B0000365.JPG,processed/split_wells/06102025/cropped_B0000365_y0-x1.jpg,processed/binary_wells/06102025/binary_cropped_B0000365_y0-x1.jpg
06102025,batch1L,Day4,B0000365.jpg,P08,y0-x2,P08_y0-x2,Wg,PFD1000,25,Wg_PFD1000_25_P08_y0-x2,2025-10-06 13:42:50,2025-10-10 11:07:22,93.4088888888889,cropped_B0000365_y0-x2.jpg,binary_cropped_B0000365_y0-x2.jpg,76154,121.8464,0,0,0,2044,1,lab_threshold_L0-255_a90-135_b155-255+remove_thin_crescent_components,photos/06102025/Day4/B0000365.JPG,processed/split_wells/06102025/cropped_B0000365_y0-x2.jpg,processed/binary_wells/06102025/binary_cropped_B0000365_y0-x2.jpg
06102025,batch1L,Day4,B0000365.jpg,P08,y1-x0,P08_y1-x0,Si,PFD1000,25,Si_PFD1000_25_P08_y1-x0,2025-10-06 13:42:50,2025-10-10 11:07:22,93.4088888888889,cropped_B0000365_y1-x0.jpg,binary_cropped_B0000365_y1-x0.jpg,124052,198.4832,0,0,0,0,0,lab_threshold_L0-255_a90-135_b155-255+remove_thin_crescent_components,photos/06102025/Day4/B0000365.JPG,processed/split_wells/06102025/cropped_B0000365_y1-x0.jpg,processed/binary_wells/06102025/binary_cropped_B0000365_y1-x0.jpg
06102025,batch1L,Day4,B0000365.jpg,P08,y1-x1,P08_y1-x1,Wg,PFD1000,25,Wg_PFD1000_25_P08_y1-x1,2025-10-06 13:42:50,2025-10-10 11:07:22,93.4088888888889,cropped_B0000365_y1-x1.jpg,binary_cropped_B0000365_y1-x1.jpg,89920,143.872,0,0,0,8378,2,lab_threshold_L0-255_a90-135_b155-255+remove_thin_crescent_components,photos/06102025/Day4/B0000365.JPG,processed/split_wells/06102025/cropped_B0000365_y1-x1.jpg,processed/binary_wells/06102025/binary_cropped_B0000365_y1-x1.jpg
06102025,batch1L,Day4,B0000365.jpg,P08,y1-x2,P08_y1-x2,Si,PFD1000,25,Si_PFD1000_25_P08_y1-x2,2025-10-06 13:42:50,2025-10-10 11:07:22,93.4088888888889,cropped_B0000365_y1-x2.jpg,binary_cropped_B0000365_y1-x2.jpg,102194,163.5104,0,0,0,853,1,lab_threshold_L0-255_a90-135_b155-255+remove_thin_crescent_components,photos/06102025/Day4/B0000365.JPG,processed/split_wells/06102025/cropped_B0000365_y1-x2.jpg,processed/binary_wells/06102025/binary_cropped_B0000365_y1-x2.jpg
06102025,batch1L,Day5,B0000366.jpg,P01,y0-x0,P01_y0-x0,Sp,PFD100,25,Sp_PFD100_25_P01_y0-x0,2025-10-06 13:42:50,2025-10-11 11:12:35,117.49583333333334,cropped_B0000366_y0-x0.jpg,binary_cropped_B0000366_y0-x0.jpg,169499,271.1984,0,0,0,0,0,lab_threshold_L0-255_a90-135_b155-255+remove_thin_crescent_components,photos/06102025/Day5/B0000366.JPG,processed/split_wells/06102025/cropped_B0000366_y0-x0.jpg,processed/binary_wells/06102025/binary_cropped_B0000366_y0-x0.jpg
06102025,batch1L,Day5,B0000366.jpg,P01,y0-x1,P01_y0-x1,Wa,PFD100,25,Wa_PFD100_25_P01_y0-x1,2025-10-06 13:42:50,2025-10-11 11:12:35,117.49583333333334,cropped_B0000366_y0-x1.jpg,binary_cropped_B0000366_y0-x1.jpg,141258,226.0128,0,0,0,14998,2,lab_threshold_L0-255_a90-135_b155-255+remove_thin_crescent_components,photos/06102025/Day5/B0000366.JPG,processed/split_wells/06102025/cropped_B0000366_y0-x1.jpg,processed/binary_wells/06102025/binary_cropped_B0000366_y0-x1.jpg
06102025,batch1L,Day5,B0000366.jpg,P01,y0-x2,P01_y0-x2,Sp,PFD100,25,Sp_PFD100_25_P01_y0-x2,2025-10-06 13:42:50,2025-10-11 11:12:35,117.49583333333334,cropped_B0000366_y0-x2.jpg,binary_cropped_B0000366_y0-x2.jpg,142646,228.23360000000002,0,0,0,0,0,lab_threshold_L0-255_a90-135_b155-255+remove_thin_crescent_components,photos/06102025/Day5/B0000366.JPG,processed/split_wells/06102025/cropped_B0000366_y0-x2.jpg,processed/binary_wells/06102025/binary_cropped_B0000366_y0-x2.jpg
06102025,batch1L,Day5,B0000366.jpg,P01,y1-x0,P01_y1-x0,Wa,PFD100,25,Wa_PFD100_25_P01_y1-x0,2025-10-06 13:42:50,2025-10-11 11:12:35,117.49583333333334,cropped_B0000366_y1-x0.jpg,binary_cropped_B0000366_y1-x0.jpg,133188,213.10080000000002,0,0,0,5374,1,lab_threshold_L0-255_a90-135_b155-255+remove_thin_crescent_components,photos/06102025/Day5/B0000366.JPG,processed/split_wells/06102025/cropped_B0000366_y1-x0.jpg,processed/binary_wells/06102025/binary_cropped_B0000366_y1-x0.jpg
06102025,batch1L,Day5,B0000366.jpg,P01,y1-x1,P01_y1-x1,Sp,PFD100,25,Sp_PFD100_25_P01_y1-x1,2025-10-06 13:42:50,2025-10-11 11:12:35,117.49583333333334,cropped_B0000366_y1-x1.jpg,binary_cropped_B0000366_y1-x1.jpg,162055,259.288,0,0,0,0,0,lab_threshold_L0-255_a90-135_b155-255+remove_thin_crescent_components,photos/06102025/Day5/B0000366.JPG,processed/split_wells/06102025/cropped_B0000366_y1-x1.jpg,processed/binary_wells/06102025/binary_cropped_B0000366_y1-x1.jpg
06102025,batch1L,Day5,B0000366.jpg,P01,y1-x2,P01_y1-x2,Wa,PFD100,25,Wa_PFD100_25_P01_y1-x2,2025-10-06 13:42:50,2025-10-11 11:12:35,117.49583333333334,cropped_B0000366_y1-x2.jpg,binary_cropped_B0000366_y1-x2.jpg,143230,229.168,0,0,0,0,0,lab_threshold_L0-255_a90-135_b155-255+remove_thin_crescent_components,photos/06102025/Day5/B0000366.JPG,processed/split_wells/06102025/cropped_B0000366_y1-x2.jpg,processed/binary_wells/06102025/binary_cropped_B0000366_y1-x2.jpg
06102025,batch1L,Day5,B0000367.jpg,P02,y0-x0,P02_y0-x0,Si,PFD100,25,Si_PFD100_25_P02_y0-x0,2025-10-06 13:42:50,2025-10-11 11:13:20,117.50833333333334,cropped_B0000367_y0-x0.jpg,binary_cropped_B0000367_y0-x0.jpg,180952,289.52320000000003,0,0,0,0,0,lab_threshold_L0-255_a90-135_b155-255+remove_thin_crescent_components,photos/06102025/Day5/B0000367.JPG,processed/split_wells/06102025/cropped_B0000367_y0-x0.jpg,processed/binary_wells/06102025/binary_cropped_B0000367_y0-x0.jpg
06102025,batch1L,Day5,B0000367.jpg,P02,y0-x1,P02_y0-x1,Wg,PFD100,25,Wg_PFD100_25_P02_y0-x1,2025-10-06 13:42:50,2025-10-11 11:13:20,117.50833333333334,cropped_B0000367_y0-x1.jpg,binary_cropped_B0000367_y0-x1.jpg,33431,53.4896,0,0,0,6265,2,lab_threshold_L0-255_a90-135_b155-255+remove_thin_crescent_components,photos/06102025/Day5/B0000367.JPG,processed/split_wells/06102025/cropped_B0000367_y0-x1.jpg,processed/binary_wells/06102025/binary_cropped_B0000367_y0-x1.jpg
06102025,batch1L,Day5,B0000367.jpg,P02,y0-x2,P02_y0-x2,Si,PFD100,25,Si_PFD100_25_P02_y0-x2,2025-10-06 13:42:50,2025-10-11 11:13:20,117.50833333333334,cropped_B0000367_y0-x2.jpg,binary_cropped_B0000367_y0-x2.jpg,255788,409.2608,0,0,0,0,0,lab_threshold_L0-255_a90-135_b155-255+remove_thin_crescent_components,photos/06102025/Day5/B0000367.JPG,processed/split_wells/06102025/cropped_B0000367_y0-x2.jpg,processed/binary_wells/06102025/binary_cropped_B0000367_y0-x2.jpg
06102025,batch1L,Day5,B0000367.jpg,P02,y1-x0,P02_y1-x0,Wg,PFD100,25,Wg_PFD100_25_P02_y1-x0,2025-10-06 13:42:50,2025-10-11 11:13:20,117.50833333333334,cropped_B0000367_y1-x0.jpg,binary_cropped_B0000367_y1-x0.jpg,31466,50.345600000000005,0,0,0,0,0,lab_threshold_L0-255_a90-135_b155-255+remove_thin_crescent_components,photos/06102025/Day5/B0000367.JPG,processed/split_wells/06102025/cropped_B0000367_y1-x0.jpg,processed/binary_wells/06102025/binary_cropped_B0000367_y1-x0.jpg
06102025,batch1L,Day5,B0000367.jpg,P02,y1-x1,P02_y1-x1,Si,PFD100,25,Si_PFD100_25_P02_y1-x1,2025-10-06 13:42:50,2025-10-11 11:13:20,117.50833333333334,cropped_B0000367_y1-x1.jpg,binary_cropped_B0000367_y1-x1.jpg,135011,216.01760000000002,0,0,0,0,0,lab_threshold_L0-255_a90-135_b155-255+remove_thin_crescent_components,photos/06102025/Day5/B0000367.JPG,processed/split_wells/06102025/cropped_B0000367_y1-x1.jpg,processed/binary_wells/06102025/binary_cropped_B0000367_y1-x1.jpg
06102025,batch1L,Day5,B0000367.jpg,P02,y1-x2,P02_y1-x2,Wg,PFD100,25,Wg_PFD100_25_P02_y1-x2,2025-10-06 13:42:50,2025-10-11 11:13:20,117.50833333333334,cropped_B0000367_y1-x2.jpg,binary_cropped_B0000367_y1-x2.jpg,18220,29.152,0,0,0,2605,1,lab_threshold_L0-255_a90-135_b155-255+remove_thin_crescent_components,photos/06102025/Day5/B0000367.JPG,processed/split_wells/06102025/cropped_B0000367_y1-x2.jpg,processed/binary_wells/06102025/binary_cropped_B0000367_y1-x2.jpg
06102025,batch1L,Day5,B0000368.jpg,P03,y0-x0,P03_y0-x0,Wa,PFD100,25,Wa_PFD100_25_P03_y0-x0,2025-10-06 13:42:50,2025-10-11 11:13:35,117.5125,cropped_B0000368_y0-x0.jpg,binary_cropped_B0000368_y0-x0.jpg,102833,164.5328,0,0,0,0,0,lab_threshold_L0-255_a90-135_b155-255+remove_thin_crescent_components,photos/06102025/Day5/B0000368.JPG,processed/split_wells/06102025/cropped_B0000368_y0-x0.jpg,processed/binary_wells/06102025/binary_cropped_B0000368_y0-x0.jpg
06102025,batch1L,Day5,B0000368.jpg,P03,y0-x1,P03_y0-x1,Sp,PFD100,25,Sp_PFD100_25_P03_y0-x1,2025-10-06 13:42:50,2025-10-11 11:13:35,117.5125,cropped_B0000368_y0-x1.jpg,binary_cropped_B0000368_y0-x1.jpg,147066,235.3056,0,0,0,0,0,lab_threshold_L0-255_a90-135_b155-255+remove_thin_crescent_components,photos/06102025/Day5/B0000368.JPG,processed/split_wells/06102025/cropped_B0000368_y0-x1.jpg,processed/binary_wells/06102025/binary_cropped_B0000368_y0-x1.jpg
06102025,batch1L,Day5,B0000368.jpg,P03,y0-x2,P03_y0-x2,Wa,PFD100,25,Wa_PFD100_25_P03_y0-x2,2025-10-06 13:42:50,2025-10-11 11:13:35,117.5125,cropped_B0000368_y0-x2.jpg,binary_cropped_B0000368_y0-x2.jpg,127516,204.0256,0,0,0,815,1,lab_threshold_L0-255_a90-135_b155-255+remove_thin_crescent_components,photos/06102025/Day5/B0000368.JPG,processed/split_wells/06102025/cropped_B0000368_y0-x2.jpg,processed/binary_wells/06102025/binary_cropped_B0000368_y0-x2.jpg
06102025,batch1L,Day5,B0000368.jpg,P03,y1-x0,P03_y1-x0,Sp,PFD100,25,Sp_PFD100_25_P03_y1-x0,2025-10-06 13:42:50,2025-10-11 11:13:35,117.5125,cropped_B0000368_y1-x0.jpg,binary_cropped_B0000368_y1-x0.jpg,116270,186.032,0,0,0,0,0,lab_threshold_L0-255_a90-135_b155-255+remove_thin_crescent_components,photos/06102025/Day5/B0000368.JPG,processed/split_wells/06102025/cropped_B0000368_y1-x0.jpg,processed/binary_wells/06102025/binary_cropped_B0000368_y1-x0.jpg
06102025,batch1L,Day5,B0000368.jpg,P03,y1-x1,P03_y1-x1,Wa,PFD100,25,Wa_PFD100_25_P03_y1-x1,2025-10-06 13:42:50,2025-10-11 11:13:35,117.5125,cropped_B0000368_y1-x1.jpg,binary_cropped_B0000368_y1-x1.jpg,94764,151.6224,0,0,0,2139,1,lab_threshold_L0-255_a90-135_b155-255+remove_thin_crescent_components,photos/06102025/Day5/B0000368.JPG,processed/split_wells/06102025/cropped_B0000368_y1-x1.jpg,processed/binary_wells/06102025/binary_cropped_B0000368_y1-x1.jpg
06102025,batch1L,Day5,B0000368.jpg,P03,y1-x2,P03_y1-x2,Sp,PFD100,25,Sp_PFD100_25_P03_y1-x2,2025-10-06 13:42:50,2025-10-11 11:13:35,117.5125,cropped_B0000368_y1-x2.jpg,binary_cropped_B0000368_y1-x2.jpg,179193,286.7088,0,0,0,654,1,lab_threshold_L0-255_a90-135_b155-255+remove_thin_crescent_components,photos/06102025/Day5/B0000368.JPG,processed/split_wells/06102025/cropped_B0000368_y1-x2.jpg,processed/binary_wells/06102025/binary_cropped_B0000368_y1-x2.jpg
06102025,batch1L,Day5,B0000369.jpg,P04,y0-x0,P04_y0-x0,Wg,PFD100,25,Wg_PFD100_25_P04_y0-x0,2025-10-06 13:42:50,2025-10-11 11:13:46,117.51555555555555,cropped_B0000369_y0-x0.jpg,binary_cropped_B0000369_y0-x0.jpg,52236,83.5776,0,0,0,4570,2,lab_threshold_L0-255_a90-135_b155-255+remove_thin_crescent_components,photos/06102025/Day5/B0000369.JPG,processed/split_wells/06102025/cropped_B0000369_y0-x0.jpg,processed/binary_wells/06102025/binary_cropped_B0000369_y0-x0.jpg
06102025,batch1L,Day5,B0000369.jpg,P04,y0-x1,P04_y0-x1,Si,PFD100,25,Si_PFD100_25_P04_y0-x1,2025-10-06 13:42:50,2025-10-11 11:13:46,117.51555555555555,cropped_B0000369_y0-x1.jpg,binary_cropped_B0000369_y0-x1.jpg,216136,345.8176,0,0,0,0,0,lab_threshold_L0-255_a90-135_b155-255+remove_thin_crescent_components,photos/06102025/Day5/B0000369.JPG,processed/split_wells/06102025/cropped_B0000369_y0-x1.jpg,processed/binary_wells/06102025/binary_cropped_B0000369_y0-x1.jpg
06102025,batch1L,Day5,B0000369.jpg,P04,y0-x2,P04_y0-x2,Wg,PFD100,25,Wg_PFD100_25_P04_y0-x2,2025-10-06 13:42:50,2025-10-11 11:13:46,117.51555555555555,cropped_B0000369_y0-x2.jpg,binary_cropped_B0000369_y0-x2.jpg,41088,65.74080000000001,0,0,0,2616,1,lab_threshold_L0-255_a90-135_b155-255+remove_thin_crescent_components,photos/06102025/Day5/B0000369.JPG,processed/split_wells/06102025/cropped_B0000369_y0-x2.jpg,processed/binary_wells/06102025/binary_cropped_B0000369_y0-x2.jpg
06102025,batch1L,Day5,B0000369.jpg,P04,y1-x0,P04_y1-x0,Si,PFD100,25,Si_PFD100_25_P04_y1-x0,2025-10-06 13:42:50,2025-10-11 11:13:46,117.51555555555555,cropped_B0000369_y1-x0.jpg,binary_cropped_B0000369_y1-x0.jpg,101208,161.93280000000001,0,0,0,0,0,lab_threshold_L0-255_a90-135_b155-255+remove_thin_crescent_components,photos/06102025/Day5/B0000369.JPG,processed/split_wells/06102025/cropped_B0000369_y1-x0.jpg,processed/binary_wells/06102025/binary_cropped_B0000369_y1-x0.jpg
06102025,batch1L,Day5,B0000369.jpg,P04,y1-x1,P04_y1-x1,Wg,PFD100,25,Wg_PFD100_25_P04_y1-x1,2025-10-06 13:42:50,2025-10-11 11:13:46,117.51555555555555,cropped_B0000369_y1-x1.jpg,binary_cropped_B0000369_y1-x1.jpg,29921,47.8736,0,0,0,1996,1,lab_threshold_L0-255_a90-135_b155-255+remove_thin_crescent_components,photos/06102025/Day5/B0000369.JPG,processed/split_wells/06102025/cropped_B0000369_y1-x1.jpg,processed/binary_wells/06102025/binary_cropped_B0000369_y1-x1.jpg
06102025,batch1L,Day5,B0000369.jpg,P04,y1-x2,P04_y1-x2,Si,PFD100,25,Si_PFD100_25_P04_y1-x2,2025-10-06 13:42:50,2025-10-11 11:13:46,117.51555555555555,cropped_B0000369_y1-x2.jpg,binary_cropped_B0000369_y1-x2.jpg,193153,309.0448,0,0,0,0,0,lab_threshold_L0-255_a90-135_b155-255+remove_thin_crescent_components,photos/06102025/Day5/B0000369.JPG,processed/split_wells/06102025/cropped_B0000369_y1-x2.jpg,processed/binary_wells/06102025/binary_cropped_B0000369_y1-x2.jpg
06102025,batch1L,Day5,B0000370.jpg,P05,y0-x0,P05_y0-x0,Sp,PFD1000,25,Sp_PFD1000_25_P05_y0-x0,2025-10-06 13:42:50,2025-10-11 11:14:01,117.51972222222223,cropped_B0000370_y0-x0.jpg,binary_cropped_B0000370_y0-x0.jpg,236820,378.91200000000003,0,0,0,0,0,lab_threshold_L0-255_a90-135_b155-255+remove_thin_crescent_components,photos/06102025/Day5/B0000370.JPG,processed/split_wells/06102025/cropped_B0000370_y0-x0.jpg,processed/binary_wells/06102025/binary_cropped_B0000370_y0-x0.jpg
06102025,batch1L,Day5,B0000370.jpg,P05,y0-x1,P05_y0-x1,Wa,PFD1000,25,Wa_PFD1000_25_P05_y0-x1,2025-10-06 13:42:50,2025-10-11 11:14:01,117.51972222222223,cropped_B0000370_y0-x1.jpg,binary_cropped_B0000370_y0-x1.jpg,232032,371.25120000000004,0,0,0,0,0,lab_threshold_L0-255_a90-135_b155-255+remove_thin_crescent_components,photos/06102025/Day5/B0000370.JPG,processed/split_wells/06102025/cropped_B0000370_y0-x1.jpg,processed/binary_wells/06102025/binary_cropped_B0000370_y0-x1.jpg
06102025,batch1L,Day5,B0000370.jpg,P05,y0-x2,P05_y0-x2,Sp,PFD1000,25,Sp_PFD1000_25_P05_y0-x2,2025-10-06 13:42:50,2025-10-11 11:14:01,117.51972222222223,cropped_B0000370_y0-x2.jpg,binary_cropped_B0000370_y0-x2.jpg,216524,346.4384,0,0,0,0,0,lab_threshold_L0-255_a90-135_b155-255+remove_thin_crescent_components,photos/06102025/Day5/B0000370.JPG,processed/split_wells/06102025/cropped_B0000370_y0-x2.jpg,processed/binary_wells/06102025/binary_cropped_B0000370_y0-x2.jpg
06102025,batch1L,Day5,B0000370.jpg,P05,y1-x0,P05_y1-x0,Wa,PFD1000,25,Wa_PFD1000_25_P05_y1-x0,2025-10-06 13:42:50,2025-10-11 11:14:01,117.51972222222223,cropped_B0000370_y1-x0.jpg,binary_cropped_B0000370_y1-x0.jpg,185148,296.2368,0,0,0,4435,1,lab_threshold_L0-255_a90-135_b155-255+remove_thin_crescent_components,photos/06102025/Day5/B0000370.JPG,processed/split_wells/06102025/cropped_B0000370_y1-x0.jpg,processed/binary_wells/06102025/binary_cropped_B0000370_y1-x0.jpg
06102025,batch1L,Day5,B0000370.jpg,P05,y1-x1,P05_y1-x1,Sp,PFD1000,25,Sp_PFD1000_25_P05_y1-x1,2025-10-06 13:42:50,2025-10-11 11:14:01,117.51972222222223,cropped_B0000370_y1-x1.jpg,binary_cropped_B0000370_y1-x1.jpg,227667,364.2672,0,0,0,0,0,lab_threshold_L0-255_a90-135_b155-255+remove_thin_crescent_components,photos/06102025/Day5/B0000370.JPG,processed/split_wells/06102025/cropped_B0000370_y1-x1.jpg,processed/binary_wells/06102025/binary_cropped_B0000370_y1-x1.jpg
06102025,batch1L,Day5,B0000370.jpg,P05,y1-x2,P05_y1-x2,Wa,PFD1000,25,Wa_PFD1000_25_P05_y1-x2,2025-10-06 13:42:50,2025-10-11 11:14:01,117.51972222222223,cropped_B0000370_y1-x2.jpg,binary_cropped_B0000370_y1-x2.jpg,210320,336.512,0,0,0,0,0,lab_threshold_L0-255_a90-135_b155-255+remove_thin_crescent_components,photos/06102025/Day5/B0000370.JPG,processed/split_wells/06102025/cropped_B0000370_y1-x2.jpg,processed/binary_wells/06102025/binary_cropped_B0000370_y1-x2.jpg
06102025,batch1L,Day5,B0000371.jpg,P06,y0-x0,P06_y0-x0,Si,PFD1000,25,Si_PFD1000_25_P06_y0-x0,2025-10-06 13:42:50,2025-10-11 11:14:15,117.52361111111111,cropped_B0000371_y0-x0.jpg,binary_cropped_B0000371_y0-x0.jpg,210021,336.03360000000004,0,0,0,0,0,lab_threshold_L0-255_a90-135_b155-255+remove_thin_crescent_components,photos/06102025/Day5/B0000371.JPG,processed/split_wells/06102025/cropped_B0000371_y0-x0.jpg,processed/binary_wells/06102025/binary_cropped_B0000371_y0-x0.jpg
06102025,batch1L,Day5,B0000371.jpg,P06,y0-x1,P06_y0-x1,Wg,PFD1000,25,Wg_PFD1000_25_P06_y0-x1,2025-10-06 13:42:50,2025-10-11 11:14:15,117.52361111111111,cropped_B0000371_y0-x1.jpg,binary_cropped_B0000371_y0-x1.jpg,85963,137.54080000000002,0,0,0,23712,4,lab_threshold_L0-255_a90-135_b155-255+remove_thin_crescent_components,photos/06102025/Day5/B0000371.JPG,processed/split_wells/06102025/cropped_B0000371_y0-x1.jpg,processed/binary_wells/06102025/binary_cropped_B0000371_y0-x1.jpg
06102025,batch1L,Day5,B0000371.jpg,P06,y0-x2,P06_y0-x2,Si,PFD1000,25,Si_PFD1000_25_P06_y0-x2,2025-10-06 13:42:50,2025-10-11 11:14:15,117.52361111111111,cropped_B0000371_y0-x2.jpg,binary_cropped_B0000371_y0-x2.jpg,179641,287.42560000000003,0,0,0,0,0,lab_threshold_L0-255_a90-135_b155-255+remove_thin_crescent_components,photos/06102025/Day5/B0000371.JPG,processed/split_wells/06102025/cropped_B0000371_y0-x2.jpg,processed/binary_wells/06102025/binary_cropped_B0000371_y0-x2.jpg
06102025,batch1L,Day5,B0000371.jpg,P06,y1-x0,P06_y1-x0,Wg,PFD1000,25,Wg_PFD1000_25_P06_y1-x0,2025-10-06 13:42:50,2025-10-11 11:14:15,117.52361111111111,cropped_B0000371_y1-x0.jpg,binary_cropped_B0000371_y1-x0.jpg,80186,128.29760000000002,0,0,0,23363,2,lab_threshold_L0-255_a90-135_b155-255+remove_thin_crescent_components,photos/06102025/Day5/B0000371.JPG,processed/split_wells/06102025/cropped_B0000371_y1-x0.jpg,processed/binary_wells/06102025/binary_cropped_B0000371_y1-x0.jpg
06102025,batch1L,Day5,B0000371.jpg,P06,y1-x1,P06_y1-x1,Si,PFD1000,25,Si_PFD1000_25_P06_y1-x1,2025-10-06 13:42:50,2025-10-11 11:14:15,117.52361111111111,cropped_B0000371_y1-x1.jpg,binary_cropped_B0000371_y1-x1.jpg,148960,238.336,0,0,0,0,0,lab_threshold_L0-255_a90-135_b155-255+remove_thin_crescent_components,photos/06102025/Day5/B0000371.JPG,processed/split_wells/06102025/cropped_B0000371_y1-x1.jpg,processed/binary_wells/06102025/binary_cropped_B0000371_y1-x1.jpg
06102025,batch1L,Day5,B0000371.jpg,P06,y1-x2,P06_y1-x2,Wg,PFD1000,25,Wg_PFD1000_25_P06_y1-x2,2025-10-06 13:42:50,2025-10-11 11:14:15,117.52361111111111,cropped_B0000371_y1-x2.jpg,binary_cropped_B0000371_y1-x2.jpg,101041,161.6656,0,0,0,15459,3,lab_threshold_L0-255_a90-135_b155-255+remove_thin_crescent_components,photos/06102025/Day5/B0000371.JPG,processed/split_wells/06102025/cropped_B0000371_y1-x2.jpg,processed/binary_wells/06102025/binary_cropped_B0000371_y1-x2.jpg
06102025,batch1L,Day5,B0000372.jpg,P07,y0-x0,P07_y0-x0,Wa,PFD1000,25,Wa_PFD1000_25_P07_y0-x0,2025-10-06 13:42:50,2025-10-11 11:14:48,117.53277777777778,cropped_B0000372_y0-x0.jpg,binary_cropped_B0000372_y0-x0.jpg,227858,364.57280000000003,0,0,0,0,0,lab_threshold_L0-255_a90-135_b155-255+remove_thin_crescent_components,photos/06102025/Day5/B0000372.JPG,processed/split_wells/06102025/cropped_B0000372_y0-x0.jpg,processed/binary_wells/06102025/binary_cropped_B0000372_y0-x0.jpg
06102025,batch1L,Day5,B0000372.jpg,P07,y0-x1,P07_y0-x1,Sp,PFD1000,25,Sp_PFD1000_25_P07_y0-x1,2025-10-06 13:42:50,2025-10-11 11:14:48,117.53277777777778,cropped_B0000372_y0-x1.jpg,binary_cropped_B0000372_y0-x1.jpg,237199,379.51840000000004,0,0,0,0,0,lab_threshold_L0-255_a90-135_b155-255+remove_thin_crescent_components,photos/06102025/Day5/B0000372.JPG,processed/split_wells/06102025/cropped_B0000372_y0-x1.jpg,processed/binary_wells/06102025/binary_cropped_B0000372_y0-x1.jpg
06102025,batch1L,Day5,B0000372.jpg,P07,y0-x2,P07_y0-x2,Wa,PFD1000,25,Wa_PFD1000_25_P07_y0-x2,2025-10-06 13:42:50,2025-10-11 11:14:48,117.53277777777778,cropped_B0000372_y0-x2.jpg,binary_cropped_B0000372_y0-x2.jpg,246190,393.904,0,0,0,0,0,lab_threshold_L0-255_a90-135_b155-255+remove_thin_crescent_components,photos/06102025/Day5/B0000372.JPG,processed/split_wells/06102025/cropped_B0000372_y0-x2.jpg,processed/binary_wells/06102025/binary_cropped_B0000372_y0-x2.jpg
06102025,batch1L,Day5,B0000372.jpg,P07,y1-x0,P07_y1-x0,Sp,PFD1000,25,Sp_PFD1000_25_P07_y1-x0,2025-10-06 13:42:50,2025-10-11 11:14:48,117.53277777777778,cropped_B0000372_y1-x0.jpg,binary_cropped_B0000372_y1-x0.jpg,225011,360.0176,0,0,0,0,0,lab_threshold_L0-255_a90-135_b155-255+remove_thin_crescent_components,photos/06102025/Day5/B0000372.JPG,processed/split_wells/06102025/cropped_B0000372_y1-x0.jpg,processed/binary_wells/06102025/binary_cropped_B0000372_y1-x0.jpg
06102025,batch1L,Day5,B0000372.jpg,P07,y1-x1,P07_y1-x1,Wa,PFD1000,25,Wa_PFD1000_25_P07_y1-x1,2025-10-06 13:42:50,2025-10-11 11:14:48,117.53277777777778,cropped_B0000372_y1-x1.jpg,binary_cropped_B0000372_y1-x1.jpg,248033,396.8528,0,0,0,0,0,lab_threshold_L0-255_a90-135_b155-255+remove_thin_crescent_components,photos/06102025/Day5/B0000372.JPG,processed/split_wells/06102025/cropped_B0000372_y1-x1.jpg,processed/binary_wells/06102025/binary_cropped_B0000372_y1-x1.jpg
06102025,batch1L,Day5,B0000372.jpg,P07,y1-x2,P07_y1-x2,Sp,PFD1000,25,Sp_PFD1000_25_P07_y1-x2,2025-10-06 13:42:50,2025-10-11 11:14:48,117.53277777777778,cropped_B0000372_y1-x2.jpg,binary_cropped_B0000372_y1-x2.jpg,225126,360.20160000000004,0,0,0,0,0,lab_threshold_L0-255_a90-135_b155-255+remove_thin_crescent_components,photos/06102025/Day5/B0000372.JPG,processed/split_wells/06102025/cropped_B0000372_y1-x2.jpg,processed/binary_wells/06102025/binary_cropped_B0000372_y1-x2.jpg
06102025,batch1L,Day5,B0000373.jpg,P08,y0-x0,P08_y0-x0,Wg,PFD1000,25,Wg_PFD1000_25_P08_y0-x0,2025-10-06 13:42:50,2025-10-11 11:15:05,117.5375,cropped_B0000373_y0-x0.jpg,binary_cropped_B0000373_y0-x0.jpg,78050,124.88000000000001,0,0,0,5668,2,lab_threshold_L0-255_a90-135_b155-255+remove_thin_crescent_components,photos/06102025/Day5/B0000373.JPG,processed/split_wells/06102025/cropped_B0000373_y0-x0.jpg,processed/binary_wells/06102025/binary_cropped_B0000373_y0-x0.jpg
06102025,batch1L,Day5,B0000373.jpg,P08,y0-x1,P08_y0-x1,Si,PFD1000,25,Si_PFD1000_25_P08_y0-x1,2025-10-06 13:42:50,2025-10-11 11:15:05,117.5375,cropped_B0000373_y0-x1.jpg,binary_cropped_B0000373_y0-x1.jpg,222541,356.0656,0,0,0,0,0,lab_threshold_L0-255_a90-135_b155-255+remove_thin_crescent_components,photos/06102025/Day5/B0000373.JPG,processed/split_wells/06102025/cropped_B0000373_y0-x1.jpg,processed/binary_wells/06102025/binary_cropped_B0000373_y0-x1.jpg
06102025,batch1L,Day5,B0000373.jpg,P08,y0-x2,P08_y0-x2,Wg,PFD1000,25,Wg_PFD1000_25_P08_y0-x2,2025-10-06 13:42:50,2025-10-11 11:15:05,117.5375,cropped_B0000373_y0-x2.jpg,binary_cropped_B0000373_y0-x2.jpg,94748,151.5968,0,0,0,935,1,lab_threshold_L0-255_a90-135_b155-255+remove_thin_crescent_components,photos/06102025/Day5/B0000373.JPG,processed/split_wells/06102025/cropped_B0000373_y0-x2.jpg,processed/binary_wells/06102025/binary_cropped_B0000373_y0-x2.jpg
06102025,batch1L,Day5,B0000373.jpg,P08,y1-x0,P08_y1-x0,Si,PFD1000,25,Si_PFD1000_25_P08_y1-x0,2025-10-06 13:42:50,2025-10-11 11:15:05,117.5375,cropped_B0000373_y1-x0.jpg,binary_cropped_B0000373_y1-x0.jpg,135736,217.1776,0,0,0,0,0,lab_threshold_L0-255_a90-135_b155-255+remove_thin_crescent_components,photos/06102025/Day5/B0000373.JPG,processed/split_wells/06102025/cropped_B0000373_y1-x0.jpg,processed/binary_wells/06102025/binary_cropped_B0000373_y1-x0.jpg
06102025,batch1L,Day5,B0000373.jpg,P08,y1-x1,P08_y1-x1,Wg,PFD1000,25,Wg_PFD1000_25_P08_y1-x1,2025-10-06 13:42:50,2025-10-11 11:15:05,117.5375,cropped_B0000373_y1-x1.jpg,binary_cropped_B0000373_y1-x1.jpg,123889,198.22240000000002,0,0,0,0,0,lab_threshold_L0-255_a90-135_b155-255+remove_thin_crescent_components,photos/06102025/Day5/B0000373.JPG,processed/split_wells/06102025/cropped_B0000373_y1-x1.jpg,processed/binary_wells/06102025/binary_cropped_B0000373_y1-x1.jpg
06102025,batch1L,Day5,B0000373.jpg,P08,y1-x2,P08_y1-x2,Si,PFD1000,25,Si_PFD1000_25_P08_y1-x2,2025-10-06 13:42:50,2025-10-11 11:15:05,117.5375,cropped_B0000373_y1-x2.jpg,binary_cropped_B0000373_y1-x2.jpg,99724,159.5584,0,0,0,0,0,lab_threshold_L0-255_a90-135_b155-255+remove_thin_crescent_components,photos/06102025/Day5/B0000373.JPG,processed/split_wells/06102025/cropped_B0000373_y1-x2.jpg,processed/binary_wells/06102025/binary_cropped_B0000373_y1-x2.jpg
06102025,batch1L,Day6,B0000374.jpg,P01,y0-x0,P01_y0-x0,Sp,PFD100,25,Sp_PFD100_25_P01_y0-x0,2025-10-06 13:42:50,2025-10-12 11:03:16,141.34055555555557,cropped_B0000374_y0-x0.jpg,binary_cropped_B0000374_y0-x0.jpg,226887,363.0192,0,0,0,6419,2,lab_threshold_L0-255_a90-135_b155-255+remove_thin_crescent_components,photos/06102025/Day6/B0000374.JPG,processed/split_wells/06102025/cropped_B0000374_y0-x0.jpg,processed/binary_wells/06102025/binary_cropped_B0000374_y0-x0.jpg
06102025,batch1L,Day6,B0000374.jpg,P01,y0-x1,P01_y0-x1,Wa,PFD100,25,Wa_PFD100_25_P01_y0-x1,2025-10-06 13:42:50,2025-10-12 11:03:16,141.34055555555557,cropped_B0000374_y0-x1.jpg,binary_cropped_B0000374_y0-x1.jpg,186372,298.1952,0,0,0,0,0,lab_threshold_L0-255_a90-135_b155-255+remove_thin_crescent_components,photos/06102025/Day6/B0000374.JPG,processed/split_wells/06102025/cropped_B0000374_y0-x1.jpg,processed/binary_wells/06102025/binary_cropped_B0000374_y0-x1.jpg
06102025,batch1L,Day6,B0000374.jpg,P01,y0-x2,P01_y0-x2,Sp,PFD100,25,Sp_PFD100_25_P01_y0-x2,2025-10-06 13:42:50,2025-10-12 11:03:16,141.34055555555557,cropped_B0000374_y0-x2.jpg,binary_cropped_B0000374_y0-x2.jpg,190787,305.2592,0,0,0,0,0,lab_threshold_L0-255_a90-135_b155-255+remove_thin_crescent_components,photos/06102025/Day6/B0000374.JPG,processed/split_wells/06102025/cropped_B0000374_y0-x2.jpg,processed/binary_wells/06102025/binary_cropped_B0000374_y0-x2.jpg
06102025,batch1L,Day6,B0000374.jpg,P01,y1-x0,P01_y1-x0,Wa,PFD100,25,Wa_PFD100_25_P01_y1-x0,2025-10-06 13:42:50,2025-10-12 11:03:16,141.34055555555557,cropped_B0000374_y1-x0.jpg,binary_cropped_B0000374_y1-x0.jpg,191100,305.76,0,0,0,0,0,lab_threshold_L0-255_a90-135_b155-255+remove_thin_crescent_components,photos/06102025/Day6/B0000374.JPG,processed/split_wells/06102025/cropped_B0000374_y1-x0.jpg,processed/binary_wells/06102025/binary_cropped_B0000374_y1-x0.jpg
06102025,batch1L,Day6,B0000374.jpg,P01,y1-x1,P01_y1-x1,Sp,PFD100,25,Sp_PFD100_25_P01_y1-x1,2025-10-06 13:42:50,2025-10-12 11:03:16,141.34055555555557,cropped_B0000374_y1-x1.jpg,binary_cropped_B0000374_y1-x1.jpg,206954,331.1264,0,0,0,0,0,lab_threshold_L0-255_a90-135_b155-255+remove_thin_crescent_components,photos/06102025/Day6/B0000374.JPG,processed/split_wells/06102025/cropped_B0000374_y1-x1.jpg,processed/binary_wells/06102025/binary_cropped_B0000374_y1-x1.jpg
06102025,batch1L,Day6,B0000374.jpg,P01,y1-x2,P01_y1-x2,Wa,PFD100,25,Wa_PFD100_25_P01_y1-x2,2025-10-06 13:42:50,2025-10-12 11:03:16,141.34055555555557,cropped_B0000374_y1-x2.jpg,binary_cropped_B0000374_y1-x2.jpg,124649,199.4384,0,0,0,23724,1,lab_threshold_L0-255_a90-135_b155-255+remove_thin_crescent_components,photos/06102025/Day6/B0000374.JPG,processed/split_wells/06102025/cropped_B0000374_y1-x2.jpg,processed/binary_wells/06102025/binary_cropped_B0000374_y1-x2.jpg
06102025,batch1L,Day6,B0000375.jpg,P02,y0-x0,P02_y0-x0,Si,PFD100,25,Si_PFD100_25_P02_y0-x0,2025-10-06 13:42:50,2025-10-12 11:04:25,141.35972222222222,cropped_B0000375_y0-x0.jpg,binary_cropped_B0000375_y0-x0.jpg,238249,381.1984,0,0,0,563,1,lab_threshold_L0-255_a90-135_b155-255+remove_thin_crescent_components,photos/06102025/Day6/B0000375.JPG,processed/split_wells/06102025/cropped_B0000375_y0-x0.jpg,processed/binary_wells/06102025/binary_cropped_B0000375_y0-x0.jpg
06102025,batch1L,Day6,B0000375.jpg,P02,y0-x1,P02_y0-x1,Wg,PFD100,25,Wg_PFD100_25_P02_y0-x1,2025-10-06 13:42:50,2025-10-12 11:04:25,141.35972222222222,cropped_B0000375_y0-x1.jpg,binary_cropped_B0000375_y0-x1.jpg,49554,79.2864,0,0,0,0,0,lab_threshold_L0-255_a90-135_b155-255+remove_thin_crescent_components,photos/06102025/Day6/B0000375.JPG,processed/split_wells/06102025/cropped_B0000375_y0-x1.jpg,processed/binary_wells/06102025/binary_cropped_B0000375_y0-x1.jpg
06102025,batch1L,Day6,B0000375.jpg,P02,y0-x2,P02_y0-x2,Si,PFD100,25,Si_PFD100_25_P02_y0-x2,2025-10-06 13:42:50,2025-10-12 11:04:25,141.35972222222222,cropped_B0000375_y0-x2.jpg,binary_cropped_B0000375_y0-x2.jpg,309227,494.76320000000004,0,0,0,0,0,lab_threshold_L0-255_a90-135_b155-255+remove_thin_crescent_components,photos/06102025/Day6/B0000375.JPG,processed/split_wells/06102025/cropped_B0000375_y0-x2.jpg,processed/binary_wells/06102025/binary_cropped_B0000375_y0-x2.jpg
06102025,batch1L,Day6,B0000375.jpg,P02,y1-x0,P02_y1-x0,Wg,PFD100,25,Wg_PFD100_25_P02_y1-x0,2025-10-06 13:42:50,2025-10-12 11:04:25,141.35972222222222,cropped_B0000375_y1-x0.jpg,binary_cropped_B0000375_y1-x0.jpg,43543,69.6688,0,0,0,0,0,lab_threshold_L0-255_a90-135_b155-255+remove_thin_crescent_components,photos/06102025/Day6/B0000375.JPG,processed/split_wells/06102025/cropped_B0000375_y1-x0.jpg,processed/binary_wells/06102025/binary_cropped_B0000375_y1-x0.jpg
06102025,batch1L,Day6,B0000375.jpg,P02,y1-x1,P02_y1-x1,Si,PFD100,25,Si_PFD100_25_P02_y1-x1,2025-10-06 13:42:50,2025-10-12 11:04:25,141.35972222222222,cropped_B0000375_y1-x1.jpg,binary_cropped_B0000375_y1-x1.jpg,167057,267.2912,0,0,0,0,0,lab_threshold_L0-255_a90-135_b155-255+remove_thin_crescent_components,photos/06102025/Day6/B0000375.JPG,processed/split_wells/06102025/cropped_B0000375_y1-x1.jpg,processed/binary_wells/06102025/binary_cropped_B0000375_y1-x1.jpg
06102025,batch1L,Day6,B0000375.jpg,P02,y1-x2,P02_y1-x2,Wg,PFD100,25,Wg_PFD100_25_P02_y1-x2,2025-10-06 13:42:50,2025-10-12 11:04:25,141.35972222222222,cropped_B0000375_y1-x2.jpg,binary_cropped_B0000375_y1-x2.jpg,24150,38.64,0,0,0,0,0,lab_threshold_L0-255_a90-135_b155-255+remove_thin_crescent_components,photos/06102025/Day6/B0000375.JPG,processed/split_wells/06102025/cropped_B0000375_y1-x2.jpg,processed/binary_wells/06102025/binary_cropped_B0000375_y1-x2.jpg
06102025,batch1L,Day6,B0000376.jpg,P03,y0-x0,P03_y0-x0,Wa,PFD100,25,Wa_PFD100_25_P03_y0-x0,2025-10-06 13:42:50,2025-10-12 11:04:44,141.365,cropped_B0000376_y0-x0.jpg,binary_cropped_B0000376_y0-x0.jpg,138076,220.9216,0,0,0,12520,2,lab_threshold_L0-255_a90-135_b155-255+remove_thin_crescent_components,photos/06102025/Day6/B0000376.JPG,processed/split_wells/06102025/cropped_B0000376_y0-x0.jpg,processed/binary_wells/06102025/binary_cropped_B0000376_y0-x0.jpg
06102025,batch1L,Day6,B0000376.jpg,P03,y0-x1,P03_y0-x1,Sp,PFD100,25,Sp_PFD100_25_P03_y0-x1,2025-10-06 13:42:50,2025-10-12 11:04:44,141.365,cropped_B0000376_y0-x1.jpg,binary_cropped_B0000376_y0-x1.jpg,195201,312.3216,0,0,0,673,1,lab_threshold_L0-255_a90-135_b155-255+remove_thin_crescent_components,photos/06102025/Day6/B0000376.JPG,processed/split_wells/06102025/cropped_B0000376_y0-x1.jpg,processed/binary_wells/06102025/binary_cropped_B0000376_y0-x1.jpg
06102025,batch1L,Day6,B0000376.jpg,P03,y0-x2,P03_y0-x2,Wa,PFD100,25,Wa_PFD100_25_P03_y0-x2,2025-10-06 13:42:50,2025-10-12 11:04:44,141.365,cropped_B0000376_y0-x2.jpg,binary_cropped_B0000376_y0-x2.jpg,158302,253.28320000000002,0,0,0,2440,1,lab_threshold_L0-255_a90-135_b155-255+remove_thin_crescent_components,photos/06102025/Day6/B0000376.JPG,processed/split_wells/06102025/cropped_B0000376_y0-x2.jpg,processed/binary_wells/06102025/binary_cropped_B0000376_y0-x2.jpg
06102025,batch1L,Day6,B0000376.jpg,P03,y1-x0,P03_y1-x0,Sp,PFD100,25,Sp_PFD100_25_P03_y1-x0,2025-10-06 13:42:50,2025-10-12 11:04:44,141.365,cropped_B0000376_y1-x0.jpg,binary_cropped_B0000376_y1-x0.jpg,166918,267.0688,0,0,0,0,0,lab_threshold_L0-255_a90-135_b155-255+remove_thin_crescent_components,photos/06102025/Day6/B0000376.JPG,processed/split_wells/06102025/cropped_B0000376_y1-x0.jpg,processed/binary_wells/06102025/binary_cropped_B0000376_y1-x0.jpg
06102025,batch1L,Day6,B0000376.jpg,P03,y1-x1,P03_y1-x1,Wa,PFD100,25,Wa_PFD100_25_P03_y1-x1,2025-10-06 13:42:50,2025-10-12 11:04:44,141.365,cropped_B0000376_y1-x1.jpg,binary_cropped_B0000376_y1-x1.jpg,125431,200.6896,0,0,0,781,1,lab_threshold_L0-255_a90-135_b155-255+remove_thin_crescent_components,photos/06102025/Day6/B0000376.JPG,processed/split_wells/06102025/cropped_B0000376_y1-x1.jpg,processed/binary_wells/06102025/binary_cropped_B0000376_y1-x1.jpg
06102025,batch1L,Day6,B0000376.jpg,P03,y1-x2,P03_y1-x2,Sp,PFD100,25,Sp_PFD100_25_P03_y1-x2,2025-10-06 13:42:50,2025-10-12 11:04:44,141.365,cropped_B0000376_y1-x2.jpg,binary_cropped_B0000376_y1-x2.jpg,232893,372.6288,0,0,0,0,0,lab_threshold_L0-255_a90-135_b155-255+remove_thin_crescent_components,photos/06102025/Day6/B0000376.JPG,processed/split_wells/06102025/cropped_B0000376_y1-x2.jpg,processed/binary_wells/06102025/binary_cropped_B0000376_y1-x2.jpg
06102025,batch1L,Day6,B0000377.jpg,P04,y0-x0,P04_y0-x0,Wg,PFD100,25,Wg_PFD100_25_P04_y0-x0,2025-10-06 13:42:50,2025-10-12 11:05:03,141.37027777777777,cropped_B0000377_y0-x0.jpg,binary_cropped_B0000377_y0-x0.jpg,72830,116.528,0,0,0,5618,1,lab_threshold_L0-255_a90-135_b155-255+remove_thin_crescent_components,photos/06102025/Day6/B0000377.JPG,processed/split_wells/06102025/cropped_B0000377_y0-x0.jpg,processed/binary_wells/06102025/binary_cropped_B0000377_y0-x0.jpg
06102025,batch1L,Day6,B0000377.jpg,P04,y0-x1,P04_y0-x1,Si,PFD100,25,Si_PFD100_25_P04_y0-x1,2025-10-06 13:42:50,2025-10-12 11:05:03,141.37027777777777,cropped_B0000377_y0-x1.jpg,binary_cropped_B0000377_y0-x1.jpg,277216,443.54560000000004,0,0,0,455,1,lab_threshold_L0-255_a90-135_b155-255+remove_thin_crescent_components,photos/06102025/Day6/B0000377.JPG,processed/split_wells/06102025/cropped_B0000377_y0-x1.jpg,processed/binary_wells/06102025/binary_cropped_B0000377_y0-x1.jpg
06102025,batch1L,Day6,B0000377.jpg,P04,y0-x2,P04_y0-x2,Wg,PFD100,25,Wg_PFD100_25_P04_y0-x2,2025-10-06 13:42:50,2025-10-12 11:05:03,141.37027777777777,cropped_B0000377_y0-x2.jpg,binary_cropped_B0000377_y0-x2.jpg,50418,80.6688,0,0,0,1952,1,lab_threshold_L0-255_a90-135_b155-255+remove_thin_crescent_components,photos/06102025/Day6/B0000377.JPG,processed/split_wells/06102025/cropped_B0000377_y0-x2.jpg,processed/binary_wells/06102025/binary_cropped_B0000377_y0-x2.jpg
06102025,batch1L,Day6,B0000377.jpg,P04,y1-x0,P04_y1-x0,Si,PFD100,25,Si_PFD100_25_P04_y1-x0,2025-10-06 13:42:50,2025-10-12 11:05:03,141.37027777777777,cropped_B0000377_y1-x0.jpg,binary_cropped_B0000377_y1-x0.jpg,133210,213.13600000000002,0,0,0,0,0,lab_threshold_L0-255_a90-135_b155-255+remove_thin_crescent_components,photos/06102025/Day6/B0000377.JPG,processed/split_wells/06102025/cropped_B0000377_y1-x0.jpg,processed/binary_wells/06102025/binary_cropped_B0000377_y1-x0.jpg
06102025,batch1L,Day6,B0000377.jpg,P04,y1-x1,P04_y1-x1,Wg,PFD100,25,Wg_PFD100_25_P04_y1-x1,2025-10-06 13:42:50,2025-10-12 11:05:03,141.37027777777777,cropped_B0000377_y1-x1.jpg,binary_cropped_B0000377_y1-x1.jpg,44300,70.88000000000001,0,0,0,0,0,lab_threshold_L0-255_a90-135_b155-255+remove_thin_crescent_components,photos/06102025/Day6/B0000377.JPG,processed/split_wells/06102025/cropped_B0000377_y1-x1.jpg,processed/binary_wells/06102025/binary_cropped_B0000377_y1-x1.jpg
06102025,batch1L,Day6,B0000377.jpg,P04,y1-x2,P04_y1-x2,Si,PFD100,25,Si_PFD100_25_P04_y1-x2,2025-10-06 13:42:50,2025-10-12 11:05:03,141.37027777777777,cropped_B0000377_y1-x2.jpg,binary_cropped_B0000377_y1-x2.jpg,233946,374.3136,0,0,0,0,0,lab_threshold_L0-255_a90-135_b155-255+remove_thin_crescent_components,photos/06102025/Day6/B0000377.JPG,processed/split_wells/06102025/cropped_B0000377_y1-x2.jpg,processed/binary_wells/06102025/binary_cropped_B0000377_y1-x2.jpg
06102025,batch1L,Day6,B0000378.jpg,P05,y0-x0,P05_y0-x0,Sp,PFD1000,25,Sp_PFD1000_25_P05_y0-x0,2025-10-06 13:42:50,2025-10-12 11:05:23,141.37583333333333,cropped_B0000378_y0-x0.jpg,binary_cropped_B0000378_y0-x0.jpg,241079,385.7264,0,0,0,0,0,lab_threshold_L0-255_a90-135_b155-255+remove_thin_crescent_components,photos/06102025/Day6/B0000378.JPG,processed/split_wells/06102025/cropped_B0000378_y0-x0.jpg,processed/binary_wells/06102025/binary_cropped_B0000378_y0-x0.jpg
06102025,batch1L,Day6,B0000378.jpg,P05,y0-x1,P05_y0-x1,Wa,PFD1000,25,Wa_PFD1000_25_P05_y0-x1,2025-10-06 13:42:50,2025-10-12 11:05:23,141.37583333333333,cropped_B0000378_y0-x1.jpg,binary_cropped_B0000378_y0-x1.jpg,257756,412.4096,0,0,0,0,0,lab_threshold_L0-255_a90-135_b155-255+remove_thin_crescent_components,photos/06102025/Day6/B0000378.JPG,processed/split_wells/06102025/cropped_B0000378_y0-x1.jpg,processed/binary_wells/06102025/binary_cropped_B0000378_y0-x1.jpg
06102025,batch1L,Day6,B0000378.jpg,P05,y0-x2,P05_y0-x2,Sp,PFD1000,25,Sp_PFD1000_25_P05_y0-x2,2025-10-06 13:42:50,2025-10-12 11:05:23,141.37583333333333,cropped_B0000378_y0-x2.jpg,binary_cropped_B0000378_y0-x2.jpg,229762,367.61920000000003,0,0,0,0,0,lab_threshold_L0-255_a90-135_b155-255+remove_thin_crescent_components,photos/06102025/Day6/B0000378.JPG,processed/split_wells/06102025/cropped_B0000378_y0-x2.jpg,processed/binary_wells/06102025/binary_cropped_B0000378_y0-x2.jpg
06102025,batch1L,Day6,B0000378.jpg,P05,y1-x0,P05_y1-x0,Wa,PFD1000,25,Wa_PFD1000_25_P05_y1-x0,2025-10-06 13:42:50,2025-10-12 11:05:23,141.37583333333333,cropped_B0000378_y1-x0.jpg,binary_cropped_B0000378_y1-x0.jpg,214175,342.68,0,0,0,0,0,lab_threshold_L0-255_a90-135_b155-255+remove_thin_crescent_components,photos/06102025/Day6/B0000378.JPG,processed/split_wells/06102025/cropped_B0000378_y1-x0.jpg,processed/binary_wells/06102025/binary_cropped_B0000378_y1-x0.jpg
06102025,batch1L,Day6,B0000378.jpg,P05,y1-x1,P05_y1-x1,Sp,PFD1000,25,Sp_PFD1000_25_P05_y1-x1,2025-10-06 13:42:50,2025-10-12 11:05:23,141.37583333333333,cropped_B0000378_y1-x1.jpg,binary_cropped_B0000378_y1-x1.jpg,263140,421.024,0,0,0,0,0,lab_threshold_L0-255_a90-135_b155-255+remove_thin_crescent_components,photos/06102025/Day6/B0000378.JPG,processed/split_wells/06102025/cropped_B0000378_y1-x1.jpg,processed/binary_wells/06102025/binary_cropped_B0000378_y1-x1.jpg
06102025,batch1L,Day6,B0000378.jpg,P05,y1-x2,P05_y1-x2,Wa,PFD1000,25,Wa_PFD1000_25_P05_y1-x2,2025-10-06 13:42:50,2025-10-12 11:05:23,141.37583333333333,cropped_B0000378_y1-x2.jpg,binary_cropped_B0000378_y1-x2.jpg,183146,293.03360000000004,0,0,0,46663,2,lab_threshold_L0-255_a90-135_b155-255+remove_thin_crescent_components,photos/06102025/Day6/B0000378.JPG,processed/split_wells/06102025/cropped_B0000378_y1-x2.jpg,processed/binary_wells/06102025/binary_cropped_B0000378_y1-x2.jpg
06102025,batch1L,Day6,B0000379.jpg,P06,y0-x0,P06_y0-x0,Si,PFD1000,25,Si_PFD1000_25_P06_y0-x0,2025-10-06 13:42:50,2025-10-12 11:06:00,141.38611111111112,cropped_B0000379_y0-x0.jpg,binary_cropped_B0000379_y0-x0.jpg,234100,374.56,0,0,0,934,1,lab_threshold_L0-255_a90-135_b155-255+remove_thin_crescent_components,photos/06102025/Day6/B0000379.JPG,processed/split_wells/06102025/cropped_B0000379_y0-x0.jpg,processed/binary_wells/06102025/binary_cropped_B0000379_y0-x0.jpg
06102025,batch1L,Day6,B0000379.jpg,P06,y0-x1,P06_y0-x1,Wg,PFD1000,25,Wg_PFD1000_25_P06_y0-x1,2025-10-06 13:42:50,2025-10-12 11:06:00,141.38611111111112,cropped_B0000379_y0-x1.jpg,binary_cropped_B0000379_y0-x1.jpg,126842,202.9472,0,0,0,42166,2,lab_threshold_L0-255_a90-135_b155-255+remove_thin_crescent_components,photos/06102025/Day6/B0000379.JPG,processed/split_wells/06102025/cropped_B0000379_y0-x1.jpg,processed/binary_wells/06102025/binary_cropped_B0000379_y0-x1.jpg
06102025,batch1L,Day6,B0000379.jpg,P06,y0-x2,P06_y0-x2,Si,PFD1000,25,Si_PFD1000_25_P06_y0-x2,2025-10-06 13:42:50,2025-10-12 11:06:00,141.38611111111112,cropped_B0000379_y0-x2.jpg,binary_cropped_B0000379_y0-x2.jpg,227538,364.06080000000003,0,0,0,0,0,lab_threshold_L0-255_a90-135_b155-255+remove_thin_crescent_components,photos/06102025/Day6/B0000379.JPG,processed/split_wells/06102025/cropped_B0000379_y0-x2.jpg,processed/binary_wells/06102025/binary_cropped_B0000379_y0-x2.jpg
06102025,batch1L,Day6,B0000379.jpg,P06,y1-x0,P06_y1-x0,Wg,PFD1000,25,Wg_PFD1000_25_P06_y1-x0,2025-10-06 13:42:50,2025-10-12 11:06:00,141.38611111111112,cropped_B0000379_y1-x0.jpg,binary_cropped_B0000379_y1-x0.jpg,134920,215.872,0,0,0,17952,2,lab_threshold_L0-255_a90-135_b155-255+remove_thin_crescent_components,photos/06102025/Day6/B0000379.JPG,processed/split_wells/06102025/cropped_B0000379_y1-x0.jpg,processed/binary_wells/06102025/binary_cropped_B0000379_y1-x0.jpg
06102025,batch1L,Day6,B0000379.jpg,P06,y1-x1,P06_y1-x1,Si,PFD1000,25,Si_PFD1000_25_P06_y1-x1,2025-10-06 13:42:50,2025-10-12 11:06:00,141.38611111111112,cropped_B0000379_y1-x1.jpg,binary_cropped_B0000379_y1-x1.jpg,185671,297.0736,0,0,0,0,0,lab_threshold_L0-255_a90-135_b155-255+remove_thin_crescent_components,photos/06102025/Day6/B0000379.JPG,processed/split_wells/06102025/cropped_B0000379_y1-x1.jpg,processed/binary_wells/06102025/binary_cropped_B0000379_y1-x1.jpg
06102025,batch1L,Day6,B0000379.jpg,P06,y1-x2,P06_y1-x2,Wg,PFD1000,25,Wg_PFD1000_25_P06_y1-x2,2025-10-06 13:42:50,2025-10-12 11:06:00,141.38611111111112,cropped_B0000379_y1-x2.jpg,binary_cropped_B0000379_y1-x2.jpg,178041,284.86560000000003,0,0,0,9733,1,lab_threshold_L0-255_a90-135_b155-255+remove_thin_crescent_components,photos/06102025/Day6/B0000379.JPG,processed/split_wells/06102025/cropped_B0000379_y1-x2.jpg,processed/binary_wells/06102025/binary_cropped_B0000379_y1-x2.jpg
06102025,batch1L,Day6,B0000380.jpg,P07,y0-x0,P07_y0-x0,Wa,PFD1000,25,Wa_PFD1000_25_P07_y0-x0,2025-10-06 13:42:50,2025-10-12 11:06:12,141.38944444444445,cropped_B0000380_y0-x0.jpg,binary_cropped_B0000380_y0-x0.jpg,253877,406.20320000000004,0,0,0,0,0,lab_threshold_L0-255_a90-135_b155-255+remove_thin_crescent_components,photos/06102025/Day6/B0000380.JPG,processed/split_wells/06102025/cropped_B0000380_y0-x0.jpg,processed/binary_wells/06102025/binary_cropped_B0000380_y0-x0.jpg
06102025,batch1L,Day6,B0000380.jpg,P07,y0-x1,P07_y0-x1,Sp,PFD1000,25,Sp_PFD1000_25_P07_y0-x1,2025-10-06 13:42:50,2025-10-12 11:06:12,141.38944444444445,cropped_B0000380_y0-x1.jpg,binary_cropped_B0000380_y0-x1.jpg,255534,408.8544,0,0,0,0,0,lab_threshold_L0-255_a90-135_b155-255+remove_thin_crescent_components,photos/06102025/Day6/B0000380.JPG,processed/split_wells/06102025/cropped_B0000380_y0-x1.jpg,processed/binary_wells/06102025/binary_cropped_B0000380_y0-x1.jpg
06102025,batch1L,Day6,B0000380.jpg,P07,y0-x2,P07_y0-x2,Wa,PFD1000,25,Wa_PFD1000_25_P07_y0-x2,2025-10-06 13:42:50,2025-10-12 11:06:12,141.38944444444445,cropped_B0000380_y0-x2.jpg,binary_cropped_B0000380_y0-x2.jpg,256863,410.98080000000004,0,0,0,41377,2,lab_threshold_L0-255_a90-135_b155-255+remove_thin_crescent_components,photos/06102025/Day6/B0000380.JPG,processed/split_wells/06102025/cropped_B0000380_y0-x2.jpg,processed/binary_wells/06102025/binary_cropped_B0000380_y0-x2.jpg
06102025,batch1L,Day6,B0000380.jpg,P07,y1-x0,P07_y1-x0,Sp,PFD1000,25,Sp_PFD1000_25_P07_y1-x0,2025-10-06 13:42:50,2025-10-12 11:06:12,141.38944444444445,cropped_B0000380_y1-x0.jpg,binary_cropped_B0000380_y1-x0.jpg,231573,370.51680000000005,0,0,0,0,0,lab_threshold_L0-255_a90-135_b155-255+remove_thin_crescent_components,photos/06102025/Day6/B0000380.JPG,processed/split_wells/06102025/cropped_B0000380_y1-x0.jpg,processed/binary_wells/06102025/binary_cropped_B0000380_y1-x0.jpg
06102025,batch1L,Day6,B0000380.jpg,P07,y1-x1,P07_y1-x1,Wa,PFD1000,25,Wa_PFD1000_25_P07_y1-x1,2025-10-06 13:42:50,2025-10-12 11:06:12,141.38944444444445,cropped_B0000380_y1-x1.jpg,binary_cropped_B0000380_y1-x1.jpg,281859,450.9744,0,0,0,0,0,lab_threshold_L0-255_a90-135_b155-255+remove_thin_crescent_components,photos/06102025/Day6/B0000380.JPG,processed/split_wells/06102025/cropped_B0000380_y1-x1.jpg,processed/binary_wells/06102025/binary_cropped_B0000380_y1-x1.jpg
06102025,batch1L,Day6,B0000380.jpg,P07,y1-x2,P07_y1-x2,Sp,PFD1000,25,Sp_PFD1000_25_P07_y1-x2,2025-10-06 13:42:50,2025-10-12 11:06:12,141.38944444444445,cropped_B0000380_y1-x2.jpg,binary_cropped_B0000380_y1-x2.jpg,239976,383.96160000000003,0,0,0,0,0,lab_threshold_L0-255_a90-135_b155-255+remove_thin_crescent_components,photos/06102025/Day6/B0000380.JPG,processed/split_wells/06102025/cropped_B0000380_y1-x2.jpg,processed/binary_wells/06102025/binary_cropped_B0000380_y1-x2.jpg
06102025,batch1L,Day6,B0000381.jpg,P08,y0-x0,P08_y0-x0,Wg,PFD1000,25,Wg_PFD1000_25_P08_y0-x0,2025-10-06 13:42:50,2025-10-12 11:06:28,141.39388888888888,cropped_B0000381_y0-x0.jpg,binary_cropped_B0000381_y0-x0.jpg,108010,172.816,0,0,0,1488,1,lab_threshold_L0-255_a90-135_b155-255+remove_thin_crescent_components,photos/06102025/Day6/B0000381.JPG,processed/split_wells/06102025/cropped_B0000381_y0-x0.jpg,processed/binary_wells/06102025/binary_cropped_B0000381_y0-x0.jpg
06102025,batch1L,Day6,B0000381.jpg,P08,y0-x1,P08_y0-x1,Si,PFD1000,25,Si_PFD1000_25_P08_y0-x1,2025-10-06 13:42:50,2025-10-12 11:06:28,141.39388888888888,cropped_B0000381_y0-x1.jpg,binary_cropped_B0000381_y0-x1.jpg,235961,377.5376,0,0,0,0,0,lab_threshold_L0-255_a90-135_b155-255+remove_thin_crescent_components,photos/06102025/Day6/B0000381.JPG,processed/split_wells/06102025/cropped_B0000381_y0-x1.jpg,processed/binary_wells/06102025/binary_cropped_B0000381_y0-x1.jpg
06102025,batch1L,Day6,B0000381.jpg,P08,y0-x2,P08_y0-x2,Wg,PFD1000,25,Wg_PFD1000_25_P08_y0-x2,2025-10-06 13:42:50,2025-10-12 11:06:28,141.39388888888888,cropped_B0000381_y0-x2.jpg,binary_cropped_B0000381_y0-x2.jpg,107889,172.6224,0,0,0,16085,4,lab_threshold_L0-255_a90-135_b155-255+remove_thin_crescent_components,photos/06102025/Day6/B0000381.JPG,processed/split_wells/06102025/cropped_B0000381_y0-x2.jpg,processed/binary_wells/06102025/binary_cropped_B0000381_y0-x2.jpg
06102025,batch1L,Day6,B0000381.jpg,P08,y1-x0,P08_y1-x0,Si,PFD1000,25,Si_PFD1000_25_P08_y1-x0,2025-10-06 13:42:50,2025-10-12 11:06:28,141.39388888888888,cropped_B0000381_y1-x0.jpg,binary_cropped_B0000381_y1-x0.jpg,147266,235.62560000000002,0,0,0,0,0,lab_threshold_L0-255_a90-135_b155-255+remove_thin_crescent_components,photos/06102025/Day6/B0000381.JPG,processed/split_wells/06102025/cropped_B0000381_y1-x0.jpg,processed/binary_wells/06102025/binary_cropped_B0000381_y1-x0.jpg
06102025,batch1L,Day6,B0000381.jpg,P08,y1-x1,P08_y1-x1,Wg,PFD1000,25,Wg_PFD1000_25_P08_y1-x1,2025-10-06 13:42:50,2025-10-12 11:06:28,141.39388888888888,cropped_B0000381_y1-x1.jpg,binary_cropped_B0000381_y1-x1.jpg,163672,261.8752,0,0,0,13805,2,lab_threshold_L0-255_a90-135_b155-255+remove_thin_crescent_components,photos/06102025/Day6/B0000381.JPG,processed/split_wells/06102025/cropped_B0000381_y1-x1.jpg,processed/binary_wells/06102025/binary_cropped_B0000381_y1-x1.jpg
06102025,batch1L,Day6,B0000381.jpg,P08,y1-x2,P08_y1-x2,Si,PFD1000,25,Si_PFD1000_25_P08_y1-x2,2025-10-06 13:42:50,2025-10-12 11:06:28,141.39388888888888,cropped_B0000381_y1-x2.jpg,binary_cropped_B0000381_y1-x2.jpg,129995,207.99200000000002,0,0,0,0,0,lab_threshold_L0-255_a90-135_b155-255+remove_thin_crescent_components,photos/06102025/Day6/B0000381.JPG,processed/split_wells/06102025/cropped_B0000381_y1-x2.jpg,processed/binary_wells/06102025/binary_cropped_B0000381_y1-x2.jpg
06102025,batch1L,Day7,B0000382.jpg,P01,y0-x0,P01_y0-x0,Sp,PFD100,25,Sp_PFD100_25_P01_y0-x0,2025-10-06 13:42:50,2025-10-13 11:00:35,165.29583333333332,cropped_B0000382_y0-x0.jpg,binary_cropped_B0000382_y0-x0.jpg,296902,475.0432,0,0,0,0,0,lab_threshold_L0-255_a90-135_b155-255+remove_thin_crescent_components,photos/06102025/Day7/B0000382.JPG,processed/split_wells/06102025/cropped_B0000382_y0-x0.jpg,processed/binary_wells/06102025/binary_cropped_B0000382_y0-x0.jpg
06102025,batch1L,Day7,B0000382.jpg,P01,y0-x1,P01_y0-x1,Wa,PFD100,25,Wa_PFD100_25_P01_y0-x1,2025-10-06 13:42:50,2025-10-13 11:00:35,165.29583333333332,cropped_B0000382_y0-x1.jpg,binary_cropped_B0000382_y0-x1.jpg,182217,291.54720000000003,0,0,0,0,0,lab_threshold_L0-255_a90-135_b155-255+remove_thin_crescent_components,photos/06102025/Day7/B0000382.JPG,processed/split_wells/06102025/cropped_B0000382_y0-x1.jpg,processed/binary_wells/06102025/binary_cropped_B0000382_y0-x1.jpg
06102025,batch1L,Day7,B0000382.jpg,P01,y0-x2,P01_y0-x2,Sp,PFD100,25,Sp_PFD100_25_P01_y0-x2,2025-10-06 13:42:50,2025-10-13 11:00:35,165.29583333333332,cropped_B0000382_y0-x2.jpg,binary_cropped_B0000382_y0-x2.jpg,232955,372.728,0,0,0,0,0,lab_threshold_L0-255_a90-135_b155-255+remove_thin_crescent_components,photos/06102025/Day7/B0000382.JPG,processed/split_wells/06102025/cropped_B0000382_y0-x2.jpg,processed/binary_wells/06102025/binary_cropped_B0000382_y0-x2.jpg
06102025,batch1L,Day7,B0000382.jpg,P01,y1-x0,P01_y1-x0,Wa,PFD100,25,Wa_PFD100_25_P01_y1-x0,2025-10-06 13:42:50,2025-10-13 11:00:35,165.29583333333332,cropped_B0000382_y1-x0.jpg,binary_cropped_B0000382_y1-x0.jpg,161984,259.1744,0,0,0,0,0,lab_threshold_L0-255_a90-135_b155-255+remove_thin_crescent_components,photos/06102025/Day7/B0000382.JPG,processed/split_wells/06102025/cropped_B0000382_y1-x0.jpg,processed/binary_wells/06102025/binary_cropped_B0000382_y1-x0.jpg
06102025,batch1L,Day7,B0000382.jpg,P01,y1-x1,P01_y1-x1,Sp,PFD100,25,Sp_PFD100_25_P01_y1-x1,2025-10-06 13:42:50,2025-10-13 11:00:35,165.29583333333332,cropped_B0000382_y1-x1.jpg,binary_cropped_B0000382_y1-x1.jpg,248398,397.4368,0,0,0,0,0,lab_threshold_L0-255_a90-135_b155-255+remove_thin_crescent_components,photos/06102025/Day7/B0000382.JPG,processed/split_wells/06102025/cropped_B0000382_y1-x1.jpg,processed/binary_wells/06102025/binary_cropped_B0000382_y1-x1.jpg
06102025,batch1L,Day7,B0000382.jpg,P01,y1-x2,P01_y1-x2,Wa,PFD100,25,Wa_PFD100_25_P01_y1-x2,2025-10-06 13:42:50,2025-10-13 11:00:35,165.29583333333332,cropped_B0000382_y1-x2.jpg,binary_cropped_B0000382_y1-x2.jpg,115792,185.2672,0,0,0,0,0,lab_threshold_L0-255_a90-135_b155-255+remove_thin_crescent_components,photos/06102025/Day7/B0000382.JPG,processed/split_wells/06102025/cropped_B0000382_y1-x2.jpg,processed/binary_wells/06102025/binary_cropped_B0000382_y1-x2.jpg
06102025,batch1L,Day7,B0000383.jpg,P02,y0-x0,P02_y0-x0,Si,PFD100,25,Si_PFD100_25_P02_y0-x0,2025-10-06 13:42:50,2025-10-13 11:01:03,165.3036111111111,cropped_B0000383_y0-x0.jpg,binary_cropped_B0000383_y0-x0.jpg,284474,455.15840000000003,0,0,0,0,0,lab_threshold_L0-255_a90-135_b155-255+remove_thin_crescent_components,photos/06102025/Day7/B0000383.JPG,processed/split_wells/06102025/cropped_B0000383_y0-x0.jpg,processed/binary_wells/06102025/binary_cropped_B0000383_y0-x0.jpg
06102025,batch1L,Day7,B0000383.jpg,P02,y0-x1,P02_y0-x1,Wg,PFD100,25,Wg_PFD100_25_P02_y0-x1,2025-10-06 13:42:50,2025-10-13 11:01:03,165.3036111111111,cropped_B0000383_y0-x1.jpg,binary_cropped_B0000383_y0-x1.jpg,53070,84.912,0,0,0,0,0,lab_threshold_L0-255_a90-135_b155-255+remove_thin_crescent_components,photos/06102025/Day7/B0000383.JPG,processed/split_wells/06102025/cropped_B0000383_y0-x1.jpg,processed/binary_wells/06102025/binary_cropped_B0000383_y0-x1.jpg
06102025,batch1L,Day7,B0000383.jpg,P02,y0-x2,P02_y0-x2,Si,PFD100,25,Si_PFD100_25_P02_y0-x2,2025-10-06 13:42:50,2025-10-13 11:01:03,165.3036111111111,cropped_B0000383_y0-x2.jpg,binary_cropped_B0000383_y0-x2.jpg,348338,557.3408000000001,0,0,0,0,0,lab_threshold_L0-255_a90-135_b155-255+remove_thin_crescent_components,photos/06102025/Day7/B0000383.JPG,processed/split_wells/06102025/cropped_B0000383_y0-x2.jpg,processed/binary_wells/06102025/binary_cropped_B0000383_y0-x2.jpg
06102025,batch1L,Day7,B0000383.jpg,P02,y1-x0,P02_y1-x0,Wg,PFD100,25,Wg_PFD100_25_P02_y1-x0,2025-10-06 13:42:50,2025-10-13 11:01:03,165.3036111111111,cropped_B0000383_y1-x0.jpg,binary_cropped_B0000383_y1-x0.jpg,37151,59.4416,0,0,0,0,0,lab_threshold_L0-255_a90-135_b155-255+remove_thin_crescent_components,photos/06102025/Day7/B0000383.JPG,processed/split_wells/06102025/cropped_B0000383_y1-x0.jpg,processed/binary_wells/06102025/binary_cropped_B0000383_y1-x0.jpg
06102025,batch1L,Day7,B0000383.jpg,P02,y1-x1,P02_y1-x1,Si,PFD100,25,Si_PFD100_25_P02_y1-x1,2025-10-06 13:42:50,2025-10-13 11:01:03,165.3036111111111,cropped_B0000383_y1-x1.jpg,binary_cropped_B0000383_y1-x1.jpg,197721,316.35360000000003,0,0,0,0,0,lab_threshold_L0-255_a90-135_b155-255+remove_thin_crescent_components,photos/06102025/Day7/B0000383.JPG,processed/split_wells/06102025/cropped_B0000383_y1-x1.jpg,processed/binary_wells/06102025/binary_cropped_B0000383_y1-x1.jpg
06102025,batch1L,Day7,B0000383.jpg,P02,y1-x2,P02_y1-x2,Wg,PFD100,25,Wg_PFD100_25_P02_y1-x2,2025-10-06 13:42:50,2025-10-13 11:01:03,165.3036111111111,cropped_B0000383_y1-x2.jpg,binary_cropped_B0000383_y1-x2.jpg,21407,34.251200000000004,0,0,0,0,0,lab_threshold_L0-255_a90-135_b155-255+remove_thin_crescent_components,photos/06102025/Day7/B0000383.JPG,processed/split_wells/06102025/cropped_B0000383_y1-x2.jpg,processed/binary_wells/06102025/binary_cropped_B0000383_y1-x2.jpg
06102025,batch1L,Day7,B0000384.jpg,P03,y0-x0,P03_y0-x0,Wa,PFD100,25,Wa_PFD100_25_P03_y0-x0,2025-10-06 13:42:50,2025-10-13 11:02:48,165.33277777777778,cropped_B0000384_y0-x0.jpg,binary_cropped_B0000384_y0-x0.jpg,130077,208.1232,0,0,0,28943,4,lab_threshold_L0-255_a90-135_b155-255+remove_thin_crescent_components,photos/06102025/Day7/B0000384.JPG,processed/split_wells/06102025/cropped_B0000384_y0-x0.jpg,processed/binary_wells/06102025/binary_cropped_B0000384_y0-x0.jpg
06102025,batch1L,Day7,B0000384.jpg,P03,y0-x1,P03_y0-x1,Sp,PFD100,25,Sp_PFD100_25_P03_y0-x1,2025-10-06 13:42:50,2025-10-13 11:02:48,165.33277777777778,cropped_B0000384_y0-x1.jpg,binary_cropped_B0000384_y0-x1.jpg,250348,400.5568,0,0,0,0,0,lab_threshold_L0-255_a90-135_b155-255+remove_thin_crescent_components,photos/06102025/Day7/B0000384.JPG,processed/split_wells/06102025/cropped_B0000384_y0-x1.jpg,processed/binary_wells/06102025/binary_cropped_B0000384_y0-x1.jpg
06102025,batch1L,Day7,B0000384.jpg,P03,y0-x2,P03_y0-x2,Wa,PFD100,25,Wa_PFD100_25_P03_y0-x2,2025-10-06 13:42:50,2025-10-13 11:02:48,165.33277777777778,cropped_B0000384_y0-x2.jpg,binary_cropped_B0000384_y0-x2.jpg,130454,208.7264,0,0,0,16178,3,lab_threshold_L0-255_a90-135_b155-255+remove_thin_crescent_components,photos/06102025/Day7/B0000384.JPG,processed/split_wells/06102025/cropped_B0000384_y0-x2.jpg,processed/binary_wells/06102025/binary_cropped_B0000384_y0-x2.jpg
06102025,batch1L,Day7,B0000384.jpg,P03,y1-x0,P03_y1-x0,Sp,PFD100,25,Sp_PFD100_25_P03_y1-x0,2025-10-06 13:42:50,2025-10-13 11:02:48,165.33277777777778,cropped_B0000384_y1-x0.jpg,binary_cropped_B0000384_y1-x0.jpg,206923,331.0768,0,0,0,0,0,lab_threshold_L0-255_a90-135_b155-255+remove_thin_crescent_components,photos/06102025/Day7/B0000384.JPG,processed/split_wells/06102025/cropped_B0000384_y1-x0.jpg,processed/binary_wells/06102025/binary_cropped_B0000384_y1-x0.jpg
06102025,batch1L,Day7,B0000384.jpg,P03,y1-x1,P03_y1-x1,Wa,PFD100,25,Wa_PFD100_25_P03_y1-x1,2025-10-06 13:42:50,2025-10-13 11:02:48,165.33277777777778,cropped_B0000384_y1-x1.jpg,binary_cropped_B0000384_y1-x1.jpg,105902,169.44320000000002,0,0,0,0,0,lab_threshold_L0-255_a90-135_b155-255+remove_thin_crescent_components,photos/06102025/Day7/B0000384.JPG,processed/split_wells/06102025/cropped_B0000384_y1-x1.jpg,processed/binary_wells/06102025/binary_cropped_B0000384_y1-x1.jpg
06102025,batch1L,Day7,B0000384.jpg,P03,y1-x2,P03_y1-x2,Sp,PFD100,25,Sp_PFD100_25_P03_y1-x2,2025-10-06 13:42:50,2025-10-13 11:02:48,165.33277777777778,cropped_B0000384_y1-x2.jpg,binary_cropped_B0000384_y1-x2.jpg,291555,466.488,0,0,0,0,0,lab_threshold_L0-255_a90-135_b155-255+remove_thin_crescent_components,photos/06102025/Day7/B0000384.JPG,processed/split_wells/06102025/cropped_B0000384_y1-x2.jpg,processed/binary_wells/06102025/binary_cropped_B0000384_y1-x2.jpg
06102025,batch1L,Day7,B0000385.jpg,P04,y0-x0,P04_y0-x0,Wg,PFD100,25,Wg_PFD100_25_P04_y0-x0,2025-10-06 13:42:50,2025-10-13 11:03:15,165.34027777777777,cropped_B0000385_y0-x0.jpg,binary_cropped_B0000385_y0-x0.jpg,73637,117.81920000000001,0,0,0,0,0,lab_threshold_L0-255_a90-135_b155-255+remove_thin_crescent_components,photos/06102025/Day7/B0000385.JPG,processed/split_wells/06102025/cropped_B0000385_y0-x0.jpg,processed/binary_wells/06102025/binary_cropped_B0000385_y0-x0.jpg
06102025,batch1L,Day7,B0000385.jpg,P04,y0-x1,P04_y0-x1,Si,PFD100,25,Si_PFD100_25_P04_y0-x1,2025-10-06 13:42:50,2025-10-13 11:03:15,165.34027777777777,cropped_B0000385_y0-x1.jpg,binary_cropped_B0000385_y0-x1.jpg,323284,517.2544,0,0,0,0,0,lab_threshold_L0-255_a90-135_b155-255+remove_thin_crescent_components,photos/06102025/Day7/B0000385.JPG,processed/split_wells/06102025/cropped_B0000385_y0-x1.jpg,processed/binary_wells/06102025/binary_cropped_B0000385_y0-x1.jpg
06102025,batch1L,Day7,B0000385.jpg,P04,y0-x2,P04_y0-x2,Wg,PFD100,25,Wg_PFD100_25_P04_y0-x2,2025-10-06 13:42:50,2025-10-13 11:03:15,165.34027777777777,cropped_B0000385_y0-x2.jpg,binary_cropped_B0000385_y0-x2.jpg,47850,76.56,0,0,0,1237,1,lab_threshold_L0-255_a90-135_b155-255+remove_thin_crescent_components,photos/06102025/Day7/B0000385.JPG,processed/split_wells/06102025/cropped_B0000385_y0-x2.jpg,processed/binary_wells/06102025/binary_cropped_B0000385_y0-x2.jpg
06102025,batch1L,Day7,B0000385.jpg,P04,y1-x0,P04_y1-x0,Si,PFD100,25,Si_PFD100_25_P04_y1-x0,2025-10-06 13:42:50,2025-10-13 11:03:15,165.34027777777777,cropped_B0000385_y1-x0.jpg,binary_cropped_B0000385_y1-x0.jpg,162216,259.54560000000004,0,0,0,0,0,lab_threshold_L0-255_a90-135_b155-255+remove_thin_crescent_components,photos/06102025/Day7/B0000385.JPG,processed/split_wells/06102025/cropped_B0000385_y1-x0.jpg,processed/binary_wells/06102025/binary_cropped_B0000385_y1-x0.jpg
06102025,batch1L,Day7,B0000385.jpg,P04,y1-x1,P04_y1-x1,Wg,PFD100,25,Wg_PFD100_25_P04_y1-x1,2025-10-06 13:42:50,2025-10-13 11:03:15,165.34027777777777,cropped_B0000385_y1-x1.jpg,binary_cropped_B0000385_y1-x1.jpg,35286,56.4576,0,0,0,0,0,lab_threshold_L0-255_a90-135_b155-255+remove_thin_crescent_components,photos/06102025/Day7/B0000385.JPG,processed/split_wells/06102025/cropped_B0000385_y1-x1.jpg,processed/binary_wells/06102025/binary_cropped_B0000385_y1-x1.jpg
06102025,batch1L,Day7,B0000385.jpg,P04,y1-x2,P04_y1-x2,Si,PFD100,25,Si_PFD100_25_P04_y1-x2,2025-10-06 13:42:50,2025-10-13 11:03:15,165.34027777777777,cropped_B0000385_y1-x2.jpg,binary_cropped_B0000385_y1-x2.jpg,271920,435.072,0,0,0,360,1,lab_threshold_L0-255_a90-135_b155-255+remove_thin_crescent_components,photos/06102025/Day7/B0000385.JPG,processed/split_wells/06102025/cropped_B0000385_y1-x2.jpg,processed/binary_wells/06102025/binary_cropped_B0000385_y1-x2.jpg
06102025,batch1L,Day7,B0000386.jpg,P05,y0-x0,P05_y0-x0,Sp,PFD1000,25,Sp_PFD1000_25_P05_y0-x0,2025-10-06 13:42:50,2025-10-13 11:03:38,165.34666666666666,cropped_B0000386_y0-x0.jpg,binary_cropped_B0000386_y0-x0.jpg,219209,350.7344,0,0,0,0,0,lab_threshold_L0-255_a90-135_b155-255+remove_thin_crescent_components,photos/06102025/Day7/B0000386.JPG,processed/split_wells/06102025/cropped_B0000386_y0-x0.jpg,processed/binary_wells/06102025/binary_cropped_B0000386_y0-x0.jpg
06102025,batch1L,Day7,B0000386.jpg,P05,y0-x1,P05_y0-x1,Wa,PFD1000,25,Wa_PFD1000_25_P05_y0-x1,2025-10-06 13:42:50,2025-10-13 11:03:38,165.34666666666666,cropped_B0000386_y0-x1.jpg,binary_cropped_B0000386_y0-x1.jpg,267563,428.1008,0,0,0,0,0,lab_threshold_L0-255_a90-135_b155-255+remove_thin_crescent_components,photos/06102025/Day7/B0000386.JPG,processed/split_wells/06102025/cropped_B0000386_y0-x1.jpg,processed/binary_wells/06102025/binary_cropped_B0000386_y0-x1.jpg
06102025,batch1L,Day7,B0000386.jpg,P05,y0-x2,P05_y0-x2,Sp,PFD1000,25,Sp_PFD1000_25_P05_y0-x2,2025-10-06 13:42:50,2025-10-13 11:03:38,165.34666666666666,cropped_B0000386_y0-x2.jpg,binary_cropped_B0000386_y0-x2.jpg,215653,345.0448,0,0,0,0,0,lab_threshold_L0-255_a90-135_b155-255+remove_thin_crescent_components,photos/06102025/Day7/B0000386.JPG,processed/split_wells/06102025/cropped_B0000386_y0-x2.jpg,processed/binary_wells/06102025/binary_cropped_B0000386_y0-x2.jpg
06102025,batch1L,Day7,B0000386.jpg,P05,y1-x0,P05_y1-x0,Wa,PFD1000,25,Wa_PFD1000_25_P05_y1-x0,2025-10-06 13:42:50,2025-10-13 11:03:38,165.34666666666666,cropped_B0000386_y1-x0.jpg,binary_cropped_B0000386_y1-x0.jpg,210608,336.9728,0,0,0,5374,1,lab_threshold_L0-255_a90-135_b155-255+remove_thin_crescent_components,photos/06102025/Day7/B0000386.JPG,processed/split_wells/06102025/cropped_B0000386_y1-x0.jpg,processed/binary_wells/06102025/binary_cropped_B0000386_y1-x0.jpg
06102025,batch1L,Day7,B0000386.jpg,P05,y1-x1,P05_y1-x1,Sp,PFD1000,25,Sp_PFD1000_25_P05_y1-x1,2025-10-06 13:42:50,2025-10-13 11:03:38,165.34666666666666,cropped_B0000386_y1-x1.jpg,binary_cropped_B0000386_y1-x1.jpg,243164,389.0624,0,0,0,0,0,lab_threshold_L0-255_a90-135_b155-255+remove_thin_crescent_components,photos/06102025/Day7/B0000386.JPG,processed/split_wells/06102025/cropped_B0000386_y1-x1.jpg,processed/binary_wells/06102025/binary_cropped_B0000386_y1-x1.jpg
06102025,batch1L,Day7,B0000386.jpg,P05,y1-x2,P05_y1-x2,Wa,PFD1000,25,Wa_PFD1000_25_P05_y1-x2,2025-10-06 13:42:50,2025-10-13 11:03:38,165.34666666666666,cropped_B0000386_y1-x2.jpg,binary_cropped_B0000386_y1-x2.jpg,179290,286.86400000000003,0,0,0,50330,3,lab_threshold_L0-255_a90-135_b155-255+remove_thin_crescent_components,photos/06102025/Day7/B0000386.JPG,processed/split_wells/06102025/cropped_B0000386_y1-x2.jpg,processed/binary_wells/06102025/binary_cropped_B0000386_y1-x2.jpg
06102025,batch1L,Day7,B0000387.jpg,P06,y0-x0,P06_y0-x0,Si,PFD1000,25,Si_PFD1000_25_P06_y0-x0,2025-10-06 13:42:50,2025-10-13 11:03:53,165.35083333333333,cropped_B0000387_y0-x0.jpg,binary_cropped_B0000387_y0-x0.jpg,233948,374.3168,0,0,0,0,0,lab_threshold_L0-255_a90-135_b155-255+remove_thin_crescent_components,photos/06102025/Day7/B0000387.JPG,processed/split_wells/06102025/cropped_B0000387_y0-x0.jpg,processed/binary_wells/06102025/binary_cropped_B0000387_y0-x0.jpg
06102025,batch1L,Day7,B0000387.jpg,P06,y0-x1,P06_y0-x1,Wg,PFD1000,25,Wg_PFD1000_25_P06_y0-x1,2025-10-06 13:42:50,2025-10-13 11:03:53,165.35083333333333,cropped_B0000387_y0-x1.jpg,binary_cropped_B0000387_y0-x1.jpg,177343,283.7488,0,0,0,18230,3,lab_threshold_L0-255_a90-135_b155-255+remove_thin_crescent_components,photos/06102025/Day7/B0000387.JPG,processed/split_wells/06102025/cropped_B0000387_y0-x1.jpg,processed/binary_wells/06102025/binary_cropped_B0000387_y0-x1.jpg
06102025,batch1L,Day7,B0000387.jpg,P06,y0-x2,P06_y0-x2,Si,PFD1000,25,Si_PFD1000_25_P06_y0-x2,2025-10-06 13:42:50,2025-10-13 11:03:53,165.35083333333333,cropped_B0000387_y0-x2.jpg,binary_cropped_B0000387_y0-x2.jpg,161582,258.5312,0,0,0,0,0,lab_threshold_L0-255_a90-135_b155-255+remove_thin_crescent_components,photos/06102025/Day7/B0000387.JPG,processed/split_wells/06102025/cropped_B0000387_y0-x2.jpg,processed/binary_wells/06102025/binary_cropped_B0000387_y0-x2.jpg
06102025,batch1L,Day7,B0000387.jpg,P06,y1-x0,P06_y1-x0,Wg,PFD1000,25,Wg_PFD1000_25_P06_y1-x0,2025-10-06 13:42:50,2025-10-13 11:03:53,165.35083333333333,cropped_B0000387_y1-x0.jpg,binary_cropped_B0000387_y1-x0.jpg,136734,218.7744,0,0,0,27957,4,lab_threshold_L0-255_a90-135_b155-255+remove_thin_crescent_components,photos/06102025/Day7/B0000387.JPG,processed/split_wells/06102025/cropped_B0000387_y1-x0.jpg,processed/binary_wells/06102025/binary_cropped_B0000387_y1-x0.jpg
06102025,batch1L,Day7,B0000387.jpg,P06,y1-x1,P06_y1-x1,Si,PFD1000,25,Si_PFD1000_25_P06_y1-x1,2025-10-06 13:42:50,2025-10-13 11:03:53,165.35083333333333,cropped_B0000387_y1-x1.jpg,binary_cropped_B0000387_y1-x1.jpg,197258,315.6128,0,0,0,0,0,lab_threshold_L0-255_a90-135_b155-255+remove_thin_crescent_components,photos/06102025/Day7/B0000387.JPG,processed/split_wells/06102025/cropped_B0000387_y1-x1.jpg,processed/binary_wells/06102025/binary_cropped_B0000387_y1-x1.jpg
06102025,batch1L,Day7,B0000387.jpg,P06,y1-x2,P06_y1-x2,Wg,PFD1000,25,Wg_PFD1000_25_P06_y1-x2,2025-10-06 13:42:50,2025-10-13 11:03:53,165.35083333333333,cropped_B0000387_y1-x2.jpg,binary_cropped_B0000387_y1-x2.jpg,115479,184.7664,0,0,0,67228,2,lab_threshold_L0-255_a90-135_b155-255+remove_thin_crescent_components,photos/06102025/Day7/B0000387.JPG,processed/split_wells/06102025/cropped_B0000387_y1-x2.jpg,processed/binary_wells/06102025/binary_cropped_B0000387_y1-x2.jpg
06102025,batch1L,Day7,B0000388.jpg,P07,y0-x0,P07_y0-x0,Wa,PFD1000,25,Wa_PFD1000_25_P07_y0-x0,2025-10-06 13:42:50,2025-10-13 11:04:10,165.35555555555555,cropped_B0000388_y0-x0.jpg,binary_cropped_B0000388_y0-x0.jpg,220016,352.0256,0,0,0,0,0,lab_threshold_L0-255_a90-135_b155-255+remove_thin_crescent_components,photos/06102025/Day7/B0000388.JPG,processed/split_wells/06102025/cropped_B0000388_y0-x0.jpg,processed/binary_wells/06102025/binary_cropped_B0000388_y0-x0.jpg
06102025,batch1L,Day7,B0000388.jpg,P07,y0-x1,P07_y0-x1,Sp,PFD1000,25,Sp_PFD1000_25_P07_y0-x1,2025-10-06 13:42:50,2025-10-13 11:04:10,165.35555555555555,cropped_B0000388_y0-x1.jpg,binary_cropped_B0000388_y0-x1.jpg,236996,379.1936,0,0,0,0,0,lab_threshold_L0-255_a90-135_b155-255+remove_thin_crescent_components,photos/06102025/Day7/B0000388.JPG,processed/split_wells/06102025/cropped_B0000388_y0-x1.jpg,processed/binary_wells/06102025/binary_cropped_B0000388_y0-x1.jpg
06102025,batch1L,Day7,B0000388.jpg,P07,y0-x2,P07_y0-x2,Wa,PFD1000,25,Wa_PFD1000_25_P07_y0-x2,2025-10-06 13:42:50,2025-10-13 11:04:10,165.35555555555555,cropped_B0000388_y0-x2.jpg,binary_cropped_B0000388_y0-x2.jpg,263077,420.9232,0,0,0,0,0,lab_threshold_L0-255_a90-135_b155-255+remove_thin_crescent_components,photos/06102025/Day7/B0000388.JPG,processed/split_wells/06102025/cropped_B0000388_y0-x2.jpg,processed/binary_wells/06102025/binary_cropped_B0000388_y0-x2.jpg
06102025,batch1L,Day7,B0000388.jpg,P07,y1-x0,P07_y1-x0,Sp,PFD1000,25,Sp_PFD1000_25_P07_y1-x0,2025-10-06 13:42:50,2025-10-13 11:04:10,165.35555555555555,cropped_B0000388_y1-x0.jpg,binary_cropped_B0000388_y1-x0.jpg,193987,310.3792,0,0,0,0,0,lab_threshold_L0-255_a90-135_b155-255+remove_thin_crescent_components,photos/06102025/Day7/B0000388.JPG,processed/split_wells/06102025/cropped_B0000388_y1-x0.jpg,processed/binary_wells/06102025/binary_cropped_B0000388_y1-x0.jpg
06102025,batch1L,Day7,B0000388.jpg,P07,y1-x1,P07_y1-x1,Wa,PFD1000,25,Wa_PFD1000_25_P07_y1-x1,2025-10-06 13:42:50,2025-10-13 11:04:10,165.35555555555555,cropped_B0000388_y1-x1.jpg,binary_cropped_B0000388_y1-x1.jpg,267782,428.45120000000003,0,0,0,8145,1,lab_threshold_L0-255_a90-135_b155-255+remove_thin_crescent_components,photos/06102025/Day7/B0000388.JPG,processed/split_wells/06102025/cropped_B0000388_y1-x1.jpg,processed/binary_wells/06102025/binary_cropped_B0000388_y1-x1.jpg
06102025,batch1L,Day7,B0000388.jpg,P07,y1-x2,P07_y1-x2,Sp,PFD1000,25,Sp_PFD1000_25_P07_y1-x2,2025-10-06 13:42:50,2025-10-13 11:04:10,165.35555555555555,cropped_B0000388_y1-x2.jpg,binary_cropped_B0000388_y1-x2.jpg,196105,313.76800000000003,0,0,0,0,0,lab_threshold_L0-255_a90-135_b155-255+remove_thin_crescent_components,photos/06102025/Day7/B0000388.JPG,processed/split_wells/06102025/cropped_B0000388_y1-x2.jpg,processed/binary_wells/06102025/binary_cropped_B0000388_y1-x2.jpg
06102025,batch1L,Day7,B0000389.jpg,P08,y0-x0,P08_y0-x0,Wg,PFD1000,25,Wg_PFD1000_25_P08_y0-x0,2025-10-06 13:42:50,2025-10-13 11:05:01,165.3697222222222,cropped_B0000389_y0-x0.jpg,binary_cropped_B0000389_y0-x0.jpg,99529,159.2464,0,0,0,14418,4,lab_threshold_L0-255_a90-135_b155-255+remove_thin_crescent_components,photos/06102025/Day7/B0000389.JPG,processed/split_wells/06102025/cropped_B0000389_y0-x0.jpg,processed/binary_wells/06102025/binary_cropped_B0000389_y0-x0.jpg
06102025,batch1L,Day7,B0000389.jpg,P08,y0-x1,P08_y0-x1,Si,PFD1000,25,Si_PFD1000_25_P08_y0-x1,2025-10-06 13:42:50,2025-10-13 11:05:01,165.3697222222222,cropped_B0000389_y0-x1.jpg,binary_cropped_B0000389_y0-x1.jpg,213816,342.10560000000004,0,0,0,0,0,lab_threshold_L0-255_a90-135_b155-255+remove_thin_crescent_components,photos/06102025/Day7/B0000389.JPG,processed/split_wells/06102025/cropped_B0000389_y0-x1.jpg,processed/binary_wells/06102025/binary_cropped_B0000389_y0-x1.jpg
06102025,batch1L,Day7,B0000389.jpg,P08,y0-x2,P08_y0-x2,Wg,PFD1000,25,Wg_PFD1000_25_P08_y0-x2,2025-10-06 13:42:50,2025-10-13 11:05:01,165.3697222222222,cropped_B0000389_y0-x2.jpg,binary_cropped_B0000389_y0-x2.jpg,92658,148.2528,0,0,0,18548,2,lab_threshold_L0-255_a90-135_b155-255+remove_thin_crescent_components,photos/06102025/Day7/B0000389.JPG,processed/split_wells/06102025/cropped_B0000389_y0-x2.jpg,processed/binary_wells/06102025/binary_cropped_B0000389_y0-x2.jpg
06102025,batch1L,Day7,B0000389.jpg,P08,y1-x0,P08_y1-x0,Si,PFD1000,25,Si_PFD1000_25_P08_y1-x0,2025-10-06 13:42:50,2025-10-13 11:05:01,165.3697222222222,cropped_B0000389_y1-x0.jpg,binary_cropped_B0000389_y1-x0.jpg,130753,209.2048,0,0,0,0,0,lab_threshold_L0-255_a90-135_b155-255+remove_thin_crescent_components,photos/06102025/Day7/B0000389.JPG,processed/split_wells/06102025/cropped_B0000389_y1-x0.jpg,processed/binary_wells/06102025/binary_cropped_B0000389_y1-x0.jpg
06102025,batch1L,Day7,B0000389.jpg,P08,y1-x1,P08_y1-x1,Wg,PFD1000,25,Wg_PFD1000_25_P08_y1-x1,2025-10-06 13:42:50,2025-10-13 11:05:01,165.3697222222222,cropped_B0000389_y1-x1.jpg,binary_cropped_B0000389_y1-x1.jpg,141464,226.3424,0,0,0,56676,5,lab_threshold_L0-255_a90-135_b155-255+remove_thin_crescent_components,photos/06102025/Day7/B0000389.JPG,processed/split_wells/06102025/cropped_B0000389_y1-x1.jpg,processed/binary_wells/06102025/binary_cropped_B0000389_y1-x1.jpg
06102025,batch1L,Day7,B0000389.jpg,P08,y1-x2,P08_y1-x2,Si,PFD1000,25,Si_PFD1000_25_P08_y1-x2,2025-10-06 13:42:50,2025-10-13 11:05:01,165.3697222222222,cropped_B0000389_y1-x2.jpg,binary_cropped_B0000389_y1-x2.jpg,82239,131.5824,0,0,0,0,0,lab_threshold_L0-255_a90-135_b155-255+remove_thin_crescent_components,photos/06102025/Day7/B0000389.JPG,processed/split_wells/06102025/cropped_B0000389_y1-x2.jpg,processed/binary_wells/06102025/binary_cropped_B0000389_y1-x2.jpg
13102025,batch2L,Day0,B0000398.jpg,P09,y0-x0,P09_y0-x0,Lgp8L,PFD100,25,Lgp8L_PFD100_25_P09_y0-x0,2025-10-13 12:21:09,2025-10-13 12:21:09,0.0,cropped_B0000398_y0-x0.jpg,binary_cropped_B0000398_y0-x0.jpg,42128,67.40480000000001,0,0,0,0,0,lab_threshold_L0-255_a90-135_b155-255+remove_thin_crescent_components,photos/13102025/Day0/B0000398.JPG,processed/split_wells/13102025/cropped_B0000398_y0-x0.jpg,processed/binary_wells/13102025/binary_cropped_B0000398_y0-x0.jpg
13102025,batch2L,Day0,B0000398.jpg,P09,y0-x1,P09_y0-x1,M10E,PFD100,25,M10E_PFD100_25_P09_y0-x1,2025-10-13 12:21:09,2025-10-13 12:21:09,0.0,cropped_B0000398_y0-x1.jpg,binary_cropped_B0000398_y0-x1.jpg,57820,92.512,0,0,0,0,0,lab_threshold_L0-255_a90-135_b155-255+remove_thin_crescent_components,photos/13102025/Day0/B0000398.JPG,processed/split_wells/13102025/cropped_B0000398_y0-x1.jpg,processed/binary_wells/13102025/binary_cropped_B0000398_y0-x1.jpg
13102025,batch2L,Day0,B0000398.jpg,P09,y0-x2,P09_y0-x2,Wh,PFD100,25,Wh_PFD100_25_P09_y0-x2,2025-10-13 12:21:09,2025-10-13 12:21:09,0.0,cropped_B0000398_y0-x2.jpg,binary_cropped_B0000398_y0-x2.jpg,35869,57.3904,0,0,0,3693,1,lab_threshold_L0-255_a90-135_b155-255+remove_thin_crescent_components,photos/13102025/Day0/B0000398.JPG,processed/split_wells/13102025/cropped_B0000398_y0-x2.jpg,processed/binary_wells/13102025/binary_cropped_B0000398_y0-x2.jpg
13102025,batch2L,Day0,B0000398.jpg,P09,y1-x0,P09_y1-x0,Wh,PFD100,25,Wh_PFD100_25_P09_y1-x0,2025-10-13 12:21:09,2025-10-13 12:21:09,0.0,cropped_B0000398_y1-x0.jpg,binary_cropped_B0000398_y1-x0.jpg,24795,39.672000000000004,0,0,0,0,0,lab_threshold_L0-255_a90-135_b155-255+remove_thin_crescent_components,photos/13102025/Day0/B0000398.JPG,processed/split_wells/13102025/cropped_B0000398_y1-x0.jpg,processed/binary_wells/13102025/binary_cropped_B0000398_y1-x0.jpg
13102025,batch2L,Day0,B0000398.jpg,P09,y1-x1,P09_y1-x1,Lgp8L,PFD100,25,Lgp8L_PFD100_25_P09_y1-x1,2025-10-13 12:21:09,2025-10-13 12:21:09,0.0,cropped_B0000398_y1-x1.jpg,binary_cropped_B0000398_y1-x1.jpg,45143,72.2288,0,0,0,0,0,lab_threshold_L0-255_a90-135_b155-255+remove_thin_crescent_components,photos/13102025/Day0/B0000398.JPG,processed/split_wells/13102025/cropped_B0000398_y1-x1.jpg,processed/binary_wells/13102025/binary_cropped_B0000398_y1-x1.jpg
13102025,batch2L,Day0,B0000398.jpg,P09,y1-x2,P09_y1-x2,M10E,PFD100,25,M10E_PFD100_25_P09_y1-x2,2025-10-13 12:21:09,2025-10-13 12:21:09,0.0,cropped_B0000398_y1-x2.jpg,binary_cropped_B0000398_y1-x2.jpg,59487,95.17920000000001,0,0,0,937,1,lab_threshold_L0-255_a90-135_b155-255+remove_thin_crescent_components,photos/13102025/Day0/B0000398.JPG,processed/split_wells/13102025/cropped_B0000398_y1-x2.jpg,processed/binary_wells/13102025/binary_cropped_B0000398_y1-x2.jpg
13102025,batch2L,Day0,B0000399.jpg,P10,y0-x0,P10_y0-x0,M10E,PFD100,25,M10E_PFD100_25_P10_y0-x0,2025-10-13 12:21:09,2025-10-13 12:21:26,0.004722222222222222,cropped_B0000399_y0-x0.jpg,binary_cropped_B0000399_y0-x0.jpg,62447,99.9152,0,0,0,0,0,lab_threshold_L0-255_a90-135_b155-255+remove_thin_crescent_components,photos/13102025/Day0/B0000399.JPG,processed/split_wells/13102025/cropped_B0000399_y0-x0.jpg,processed/binary_wells/13102025/binary_cropped_B0000399_y0-x0.jpg
13102025,batch2L,Day0,B0000399.jpg,P10,y0-x1,P10_y0-x1,Wh,PFD100,25,Wh_PFD100_25_P10_y0-x1,2025-10-13 12:21:09,2025-10-13 12:21:26,0.004722222222222222,cropped_B0000399_y0-x1.jpg,binary_cropped_B0000399_y0-x1.jpg,52742,84.3872,0,0,0,0,0,lab_threshold_L0-255_a90-135_b155-255+remove_thin_crescent_components,photos/13102025/Day0/B0000399.JPG,processed/split_wells/13102025/cropped_B0000399_y0-x1.jpg,processed/binary_wells/13102025/binary_cropped_B0000399_y0-x1.jpg
13102025,batch2L,Day0,B0000399.jpg,P10,y0-x2,P10_y0-x2,Lgp8L,PFD100,25,Lgp8L_PFD100_25_P10_y0-x2,2025-10-13 12:21:09,2025-10-13 12:21:26,0.004722222222222222,cropped_B0000399_y0-x2.jpg,binary_cropped_B0000399_y0-x2.jpg,51657,82.6512,0,0,0,1044,1,lab_threshold_L0-255_a90-135_b155-255+remove_thin_crescent_components,photos/13102025/Day0/B0000399.JPG,processed/split_wells/13102025/cropped_B0000399_y0-x2.jpg,processed/binary_wells/13102025/binary_cropped_B0000399_y0-x2.jpg
13102025,batch2L,Day0,B0000399.jpg,P10,y1-x0,P10_y1-x0,Lgp8L,PFD100,25,Lgp8L_PFD100_25_P10_y1-x0,2025-10-13 12:21:09,2025-10-13 12:21:26,0.004722222222222222,cropped_B0000399_y1-x0.jpg,binary_cropped_B0000399_y1-x0.jpg,47638,76.2208,0,0,0,0,0,lab_threshold_L0-255_a90-135_b155-255+remove_thin_crescent_components,photos/13102025/Day0/B0000399.JPG,processed/split_wells/13102025/cropped_B0000399_y1-x0.jpg,processed/binary_wells/13102025/binary_cropped_B0000399_y1-x0.jpg
13102025,batch2L,Day0,B0000399.jpg,P10,y1-x1,P10_y1-x1,M10E,PFD100,25,M10E_PFD100_25_P10_y1-x1,2025-10-13 12:21:09,2025-10-13 12:21:26,0.004722222222222222,cropped_B0000399_y1-x1.jpg,binary_cropped_B0000399_y1-x1.jpg,50137,80.2192,0,0,0,0,0,lab_threshold_L0-255_a90-135_b155-255+remove_thin_crescent_components,photos/13102025/Day0/B0000399.JPG,processed/split_wells/13102025/cropped_B0000399_y1-x1.jpg,processed/binary_wells/13102025/binary_cropped_B0000399_y1-x1.jpg
13102025,batch2L,Day0,B0000399.jpg,P10,y1-x2,P10_y1-x2,Wh,PFD100,25,Wh_PFD100_25_P10_y1-x2,2025-10-13 12:21:09,2025-10-13 12:21:26,0.004722222222222222,cropped_B0000399_y1-x2.jpg,binary_cropped_B0000399_y1-x2.jpg,30958,49.5328,0,0,0,7024,1,lab_threshold_L0-255_a90-135_b155-255+remove_thin_crescent_components,photos/13102025/Day0/B0000399.JPG,processed/split_wells/13102025/cropped_B0000399_y1-x2.jpg,processed/binary_wells/13102025/binary_cropped_B0000399_y1-x2.jpg
13102025,batch2L,Day0,B0000400.jpg,P11,y0-x0,P11_y0-x0,Lgp8L,PFD1000,25,Lgp8L_PFD1000_25_P11_y0-x0,2025-10-13 12:21:09,2025-10-13 12:22:10,0.016944444444444446,cropped_B0000400_y0-x0.jpg,binary_cropped_B0000400_y0-x0.jpg,34924,55.8784,0,0,0,0,0,lab_threshold_L0-255_a90-135_b155-255+remove_thin_crescent_components,photos/13102025/Day0/B0000400.JPG,processed/split_wells/13102025/cropped_B0000400_y0-x0.jpg,processed/binary_wells/13102025/binary_cropped_B0000400_y0-x0.jpg
13102025,batch2L,Day0,B0000400.jpg,P11,y0-x1,P11_y0-x1,M10E,PFD1000,25,M10E_PFD1000_25_P11_y0-x1,2025-10-13 12:21:09,2025-10-13 12:22:10,0.016944444444444446,cropped_B0000400_y0-x1.jpg,binary_cropped_B0000400_y0-x1.jpg,58477,93.56320000000001,0,0,0,941,1,lab_threshold_L0-255_a90-135_b155-255+remove_thin_crescent_components,photos/13102025/Day0/B0000400.JPG,processed/split_wells/13102025/cropped_B0000400_y0-x1.jpg,processed/binary_wells/13102025/binary_cropped_B0000400_y0-x1.jpg
13102025,batch2L,Day0,B0000400.jpg,P11,y0-x2,P11_y0-x2,Wh,PFD1000,25,Wh_PFD1000_25_P11_y0-x2,2025-10-13 12:21:09,2025-10-13 12:22:10,0.016944444444444446,cropped_B0000400_y0-x2.jpg,binary_cropped_B0000400_y0-x2.jpg,19010,30.416,0,0,0,3456,2,lab_threshold_L0-255_a90-135_b155-255+remove_thin_crescent_components,photos/13102025/Day0/B0000400.JPG,processed/split_wells/13102025/cropped_B0000400_y0-x2.jpg,processed/binary_wells/13102025/binary_cropped_B0000400_y0-x2.jpg
13102025,batch2L,Day0,B0000400.jpg,P11,y1-x0,P11_y1-x0,Wh,PFD1000,25,Wh_PFD1000_25_P11_y1-x0,2025-10-13 12:21:09,2025-10-13 12:22:10,0.016944444444444446,cropped_B0000400_y1-x0.jpg,binary_cropped_B0000400_y1-x0.jpg,7034,11.2544,0,0,0,3056,1,lab_threshold_L0-255_a90-135_b155-255+remove_thin_crescent_components,photos/13102025/Day0/B0000400.JPG,processed/split_wells/13102025/cropped_B0000400_y1-x0.jpg,processed/binary_wells/13102025/binary_cropped_B0000400_y1-x0.jpg
13102025,batch2L,Day0,B0000400.jpg,P11,y1-x1,P11_y1-x1,Lgp8L,PFD1000,25,Lgp8L_PFD1000_25_P11_y1-x1,2025-10-13 12:21:09,2025-10-13 12:22:10,0.016944444444444446,cropped_B0000400_y1-x1.jpg,binary_cropped_B0000400_y1-x1.jpg,49342,78.94720000000001,0,0,0,0,0,lab_threshold_L0-255_a90-135_b155-255+remove_thin_crescent_components,photos/13102025/Day0/B0000400.JPG,processed/split_wells/13102025/cropped_B0000400_y1-x1.jpg,processed/binary_wells/13102025/binary_cropped_B0000400_y1-x1.jpg
13102025,batch2L,Day0,B0000400.jpg,P11,y1-x2,P11_y1-x2,M10E,PFD1000,25,M10E_PFD1000_25_P11_y1-x2,2025-10-13 12:21:09,2025-10-13 12:22:10,0.016944444444444446,cropped_B0000400_y1-x2.jpg,binary_cropped_B0000400_y1-x2.jpg,51888,83.02080000000001,0,0,0,0,0,lab_threshold_L0-255_a90-135_b155-255+remove_thin_crescent_components,photos/13102025/Day0/B0000400.JPG,processed/split_wells/13102025/cropped_B0000400_y1-x2.jpg,processed/binary_wells/13102025/binary_cropped_B0000400_y1-x2.jpg
13102025,batch2L,Day0,B0000401.jpg,P12,y0-x0,P12_y0-x0,M10E,PFD1000,25,M10E_PFD1000_25_P12_y0-x0,2025-10-13 12:21:09,2025-10-13 12:22:29,0.022222222222222223,cropped_B0000401_y0-x0.jpg,binary_cropped_B0000401_y0-x0.jpg,51248,81.99680000000001,0,0,0,0,0,lab_threshold_L0-255_a90-135_b155-255+remove_thin_crescent_components,photos/13102025/Day0/B0000401.JPG,processed/split_wells/13102025/cropped_B0000401_y0-x0.jpg,processed/binary_wells/13102025/binary_cropped_B0000401_y0-x0.jpg
13102025,batch2L,Day0,B0000401.jpg,P12,y0-x1,P12_y0-x1,Wh,PFD1000,25,Wh_PFD1000_25_P12_y0-x1,2025-10-13 12:21:09,2025-10-13 12:22:29,0.022222222222222223,cropped_B0000401_y0-x1.jpg,binary_cropped_B0000401_y0-x1.jpg,34561,55.2976,0,0,0,0,0,lab_threshold_L0-255_a90-135_b155-255+remove_thin_crescent_components,photos/13102025/Day0/B0000401.JPG,processed/split_wells/13102025/cropped_B0000401_y0-x1.jpg,processed/binary_wells/13102025/binary_cropped_B0000401_y0-x1.jpg
13102025,batch2L,Day0,B0000401.jpg,P12,y0-x2,P12_y0-x2,Lgp8L,PFD1000,25,Lgp8L_PFD1000_25_P12_y0-x2,2025-10-13 12:21:09,2025-10-13 12:22:29,0.022222222222222223,cropped_B0000401_y0-x2.jpg,binary_cropped_B0000401_y0-x2.jpg,45574,72.9184,0,0,0,888,2,lab_threshold_L0-255_a90-135_b155-255+remove_thin_crescent_components,photos/13102025/Day0/B0000401.JPG,processed/split_wells/13102025/cropped_B0000401_y0-x2.jpg,processed/binary_wells/13102025/binary_cropped_B0000401_y0-x2.jpg
13102025,batch2L,Day0,B0000401.jpg,P12,y1-x0,P12_y1-x0,Lgp8L,PFD1000,25,Lgp8L_PFD1000_25_P12_y1-x0,2025-10-13 12:21:09,2025-10-13 12:22:29,0.022222222222222223,cropped_B0000401_y1-x0.jpg,binary_cropped_B0000401_y1-x0.jpg,37065,59.304,0,0,0,0,0,lab_threshold_L0-255_a90-135_b155-255+remove_thin_crescent_components,photos/13102025/Day0/B0000401.JPG,processed/split_wells/13102025/cropped_B0000401_y1-x0.jpg,processed/binary_wells/13102025/binary_cropped_B0000401_y1-x0.jpg
13102025,batch2L,Day0,B0000401.jpg,P12,y1-x1,P12_y1-x1,M10E,PFD1000,25,M10E_PFD1000_25_P12_y1-x1,2025-10-13 12:21:09,2025-10-13 12:22:29,0.022222222222222223,cropped_B0000401_y1-x1.jpg,binary_cropped_B0000401_y1-x1.jpg,58557,93.69120000000001,0,0,0,0,0,lab_threshold_L0-255_a90-135_b155-255+remove_thin_crescent_components,photos/13102025/Day0/B0000401.JPG,processed/split_wells/13102025/cropped_B0000401_y1-x1.jpg,processed/binary_wells/13102025/binary_cropped_B0000401_y1-x1.jpg
13102025,batch2L,Day0,B0000401.jpg,P12,y1-x2,P12_y1-x2,Wh,PFD1000,25,Wh_PFD1000_25_P12_y1-x2,2025-10-13 12:21:09,2025-10-13 12:22:29,0.022222222222222223,cropped_B0000401_y1-x2.jpg,binary_cropped_B0000401_y1-x2.jpg,19280,30.848000000000003,0,0,0,2126,1,lab_threshold_L0-255_a90-135_b155-255+remove_thin_crescent_components,photos/13102025/Day0/B0000401.JPG,processed/split_wells/13102025/cropped_B0000401_y1-x2.jpg,processed/binary_wells/13102025/binary_cropped_B0000401_y1-x2.jpg
13102025,batch2L,Day1,B0000421.jpg,P09,y0-x0,P09_y0-x0,Lgp8L,PFD100,25,Lgp8L_PFD100_25_P09_y0-x0,2025-10-13 12:21:09,2025-10-14 14:28:42,26.125833333333333,cropped_B0000421_y0-x0.jpg,binary_cropped_B0000421_y0-x0.jpg,55687,89.09920000000001,0,0,0,0,0,lab_threshold_L0-255_a90-135_b155-255+remove_thin_crescent_components,photos/13102025/Day1/B0000421.JPG,processed/split_wells/13102025/cropped_B0000421_y0-x0.jpg,processed/binary_wells/13102025/binary_cropped_B0000421_y0-x0.jpg
13102025,batch2L,Day1,B0000421.jpg,P09,y0-x1,P09_y0-x1,M10E,PFD100,25,M10E_PFD100_25_P09_y0-x1,2025-10-13 12:21:09,2025-10-14 14:28:42,26.125833333333333,cropped_B0000421_y0-x1.jpg,binary_cropped_B0000421_y0-x1.jpg,82933,132.6928,0,0,0,0,0,lab_threshold_L0-255_a90-135_b155-255+remove_thin_crescent_components,photos/13102025/Day1/B0000421.JPG,processed/split_wells/13102025/cropped_B0000421_y0-x1.jpg,processed/binary_wells/13102025/binary_cropped_B0000421_y0-x1.jpg
13102025,batch2L,Day1,B0000421.jpg,P09,y0-x2,P09_y0-x2,Wh,PFD100,25,Wh_PFD100_25_P09_y0-x2,2025-10-13 12:21:09,2025-10-14 14:28:42,26.125833333333333,cropped_B0000421_y0-x2.jpg,binary_cropped_B0000421_y0-x2.jpg,60703,97.12480000000001,0,0,0,1344,1,lab_threshold_L0-255_a90-135_b155-255+remove_thin_crescent_components,photos/13102025/Day1/B0000421.JPG,processed/split_wells/13102025/cropped_B0000421_y0-x2.jpg,processed/binary_wells/13102025/binary_cropped_B0000421_y0-x2.jpg
13102025,batch2L,Day1,B0000421.jpg,P09,y1-x0,P09_y1-x0,Wh,PFD100,25,Wh_PFD100_25_P09_y1-x0,2025-10-13 12:21:09,2025-10-14 14:28:42,26.125833333333333,cropped_B0000421_y1-x0.jpg,binary_cropped_B0000421_y1-x0.jpg,71902,115.0432,0,0,0,0,0,lab_threshold_L0-255_a90-135_b155-255+remove_thin_crescent_components,photos/13102025/Day1/B0000421.JPG,processed/split_wells/13102025/cropped_B0000421_y1-x0.jpg,processed/binary_wells/13102025/binary_cropped_B0000421_y1-x0.jpg
13102025,batch2L,Day1,B0000421.jpg,P09,y1-x1,P09_y1-x1,Lgp8L,PFD100,25,Lgp8L_PFD100_25_P09_y1-x1,2025-10-13 12:21:09,2025-10-14 14:28:42,26.125833333333333,cropped_B0000421_y1-x1.jpg,binary_cropped_B0000421_y1-x1.jpg,71553,114.4848,0,0,0,806,1,lab_threshold_L0-255_a90-135_b155-255+remove_thin_crescent_components,photos/13102025/Day1/B0000421.JPG,processed/split_wells/13102025/cropped_B0000421_y1-x1.jpg,processed/binary_wells/13102025/binary_cropped_B0000421_y1-x1.jpg
13102025,batch2L,Day1,B0000421.jpg,P09,y1-x2,P09_y1-x2,M10E,PFD100,25,M10E_PFD100_25_P09_y1-x2,2025-10-13 12:21:09,2025-10-14 14:28:42,26.125833333333333,cropped_B0000421_y1-x2.jpg,binary_cropped_B0000421_y1-x2.jpg,79330,126.92800000000001,0,0,0,0,0,lab_threshold_L0-255_a90-135_b155-255+remove_thin_crescent_components,photos/13102025/Day1/B0000421.JPG,processed/split_wells/13102025/cropped_B0000421_y1-x2.jpg,processed/binary_wells/13102025/binary_cropped_B0000421_y1-x2.jpg
13102025,batch2L,Day1,B0000422.jpg,P10,y0-x0,P10_y0-x0,M10E,PFD100,25,M10E_PFD100_25_P10_y0-x0,2025-10-13 12:21:09,2025-10-14 14:30:32,26.156388888888888,cropped_B0000422_y0-x0.jpg,binary_cropped_B0000422_y0-x0.jpg,81246,129.99360000000001,0,0,0,1323,1,lab_threshold_L0-255_a90-135_b155-255+remove_thin_crescent_components,photos/13102025/Day1/B0000422.JPG,processed/split_wells/13102025/cropped_B0000422_y0-x0.jpg,processed/binary_wells/13102025/binary_cropped_B0000422_y0-x0.jpg
13102025,batch2L,Day1,B0000422.jpg,P10,y0-x1,P10_y0-x1,Wh,PFD100,25,Wh_PFD100_25_P10_y0-x1,2025-10-13 12:21:09,2025-10-14 14:30:32,26.156388888888888,cropped_B0000422_y0-x1.jpg,binary_cropped_B0000422_y0-x1.jpg,65104,104.16640000000001,0,0,0,0,0,lab_threshold_L0-255_a90-135_b155-255+remove_thin_crescent_components,photos/13102025/Day1/B0000422.JPG,processed/split_wells/13102025/cropped_B0000422_y0-x1.jpg,processed/binary_wells/13102025/binary_cropped_B0000422_y0-x1.jpg
13102025,batch2L,Day1,B0000422.jpg,P10,y0-x2,P10_y0-x2,Lgp8L,PFD100,25,Lgp8L_PFD100_25_P10_y0-x2,2025-10-13 12:21:09,2025-10-14 14:30:32,26.156388888888888,cropped_B0000422_y0-x2.jpg,binary_cropped_B0000422_y0-x2.jpg,64882,103.8112,0,0,0,1444,1,lab_threshold_L0-255_a90-135_b155-255+remove_thin_crescent_components,photos/13102025/Day1/B0000422.JPG,processed/split_wells/13102025/cropped_B0000422_y0-x2.jpg,processed/binary_wells/13102025/binary_cropped_B0000422_y0-x2.jpg
13102025,batch2L,Day1,B0000422.jpg,P10,y1-x0,P10_y1-x0,Lgp8L,PFD100,25,Lgp8L_PFD100_25_P10_y1-x0,2025-10-13 12:21:09,2025-10-14 14:30:32,26.156388888888888,cropped_B0000422_y1-x0.jpg,binary_cropped_B0000422_y1-x0.jpg,60810,97.296,0,0,0,0,0,lab_threshold_L0-255_a90-135_b155-255+remove_thin_crescent_components,photos/13102025/Day1/B0000422.JPG,processed/split_wells/13102025/cropped_B0000422_y1-x0.jpg,processed/binary_wells/13102025/binary_cropped_B0000422_y1-x0.jpg
13102025,batch2L,Day1,B0000422.jpg,P10,y1-x1,P10_y1-x1,M10E,PFD100,25,M10E_PFD100_25_P10_y1-x1,2025-10-13 12:21:09,2025-10-14 14:30:32,26.156388888888888,cropped_B0000422_y1-x1.jpg,binary_cropped_B0000422_y1-x1.jpg,68638,109.8208,0,0,0,0,0,lab_threshold_L0-255_a90-135_b155-255+remove_thin_crescent_components,photos/13102025/Day1/B0000422.JPG,processed/split_wells/13102025/cropped_B0000422_y1-x1.jpg,processed/binary_wells/13102025/binary_cropped_B0000422_y1-x1.jpg
13102025,batch2L,Day1,B0000422.jpg,P10,y1-x2,P10_y1-x2,Wh,PFD100,25,Wh_PFD100_25_P10_y1-x2,2025-10-13 12:21:09,2025-10-14 14:30:32,26.156388888888888,cropped_B0000422_y1-x2.jpg,binary_cropped_B0000422_y1-x2.jpg,49781,79.6496,0,0,0,580,1,lab_threshold_L0-255_a90-135_b155-255+remove_thin_crescent_components,photos/13102025/Day1/B0000422.JPG,processed/split_wells/13102025/cropped_B0000422_y1-x2.jpg,processed/binary_wells/13102025/binary_cropped_B0000422_y1-x2.jpg
13102025,batch2L,Day1,B0000423.jpg,P11,y0-x0,P11_y0-x0,Lgp8L,PFD1000,25,Lgp8L_PFD1000_25_P11_y0-x0,2025-10-13 12:21:09,2025-10-14 14:32:07,26.182777777777776,cropped_B0000423_y0-x0.jpg,binary_cropped_B0000423_y0-x0.jpg,49025,78.44,0,0,0,0,0,lab_threshold_L0-255_a90-135_b155-255+remove_thin_crescent_components,photos/13102025/Day1/B0000423.JPG,processed/split_wells/13102025/cropped_B0000423_y0-x0.jpg,processed/binary_wells/13102025/binary_cropped_B0000423_y0-x0.jpg
13102025,batch2L,Day1,B0000423.jpg,P11,y0-x1,P11_y0-x1,M10E,PFD1000,25,M10E_PFD1000_25_P11_y0-x1,2025-10-13 12:21:09,2025-10-14 14:32:07,26.182777777777776,cropped_B0000423_y0-x1.jpg,binary_cropped_B0000423_y0-x1.jpg,86707,138.7312,0,0,0,0,0,lab_threshold_L0-255_a90-135_b155-255+remove_thin_crescent_components,photos/13102025/Day1/B0000423.JPG,processed/split_wells/13102025/cropped_B0000423_y0-x1.jpg,processed/binary_wells/13102025/binary_cropped_B0000423_y0-x1.jpg
13102025,batch2L,Day1,B0000423.jpg,P11,y0-x2,P11_y0-x2,Wh,PFD1000,25,Wh_PFD1000_25_P11_y0-x2,2025-10-13 12:21:09,2025-10-14 14:32:07,26.182777777777776,cropped_B0000423_y0-x2.jpg,binary_cropped_B0000423_y0-x2.jpg,54931,87.8896,0,0,0,6802,1,lab_threshold_L0-255_a90-135_b155-255+remove_thin_crescent_components,photos/13102025/Day1/B0000423.JPG,processed/split_wells/13102025/cropped_B0000423_y0-x2.jpg,processed/binary_wells/13102025/binary_cropped_B0000423_y0-x2.jpg
13102025,batch2L,Day1,B0000423.jpg,P11,y1-x0,P11_y1-x0,Wh,PFD1000,25,Wh_PFD1000_25_P11_y1-x0,2025-10-13 12:21:09,2025-10-14 14:32:07,26.182777777777776,cropped_B0000423_y1-x0.jpg,binary_cropped_B0000423_y1-x0.jpg,24573,39.3168,0,0,0,0,0,lab_threshold_L0-255_a90-135_b155-255+remove_thin_crescent_components,photos/13102025/Day1/B0000423.JPG,processed/split_wells/13102025/cropped_B0000423_y1-x0.jpg,processed/binary_wells/13102025/binary_cropped_B0000423_y1-x0.jpg
13102025,batch2L,Day1,B0000423.jpg,P11,y1-x1,P11_y1-x1,Lgp8L,PFD1000,25,Lgp8L_PFD1000_25_P11_y1-x1,2025-10-13 12:21:09,2025-10-14 14:32:07,26.182777777777776,cropped_B0000423_y1-x1.jpg,binary_cropped_B0000423_y1-x1.jpg,71771,114.8336,0,0,0,0,0,lab_threshold_L0-255_a90-135_b155-255+remove_thin_crescent_components,photos/13102025/Day1/B0000423.JPG,processed/split_wells/13102025/cropped_B0000423_y1-x1.jpg,processed/binary_wells/13102025/binary_cropped_B0000423_y1-x1.jpg
13102025,batch2L,Day1,B0000423.jpg,P11,y1-x2,P11_y1-x2,M10E,PFD1000,25,M10E_PFD1000_25_P11_y1-x2,2025-10-13 12:21:09,2025-10-14 14:32:07,26.182777777777776,cropped_B0000423_y1-x2.jpg,binary_cropped_B0000423_y1-x2.jpg,80842,129.34720000000002,0,0,0,3574,1,lab_threshold_L0-255_a90-135_b155-255+remove_thin_crescent_components,photos/13102025/Day1/B0000423.JPG,processed/split_wells/13102025/cropped_B0000423_y1-x2.jpg,processed/binary_wells/13102025/binary_cropped_B0000423_y1-x2.jpg
13102025,batch2L,Day1,B0000424.jpg,P12,y0-x0,P12_y0-x0,M10E,PFD1000,25,M10E_PFD1000_25_P12_y0-x0,2025-10-13 12:21:09,2025-10-14 14:32:32,26.189722222222223,cropped_B0000424_y0-x0.jpg,binary_cropped_B0000424_y0-x0.jpg,78504,125.60640000000001,0,0,0,2573,1,lab_threshold_L0-255_a90-135_b155-255+remove_thin_crescent_components,photos/13102025/Day1/B0000424.JPG,processed/split_wells/13102025/cropped_B0000424_y0-x0.jpg,processed/binary_wells/13102025/binary_cropped_B0000424_y0-x0.jpg
13102025,batch2L,Day1,B0000424.jpg,P12,y0-x1,P12_y0-x1,Wh,PFD1000,25,Wh_PFD1000_25_P12_y0-x1,2025-10-13 12:21:09,2025-10-14 14:32:32,26.189722222222223,cropped_B0000424_y0-x1.jpg,binary_cropped_B0000424_y0-x1.jpg,85322,136.5152,0,0,0,2717,2,lab_threshold_L0-255_a90-135_b155-255+remove_thin_crescent_components,photos/13102025/Day1/B0000424.JPG,processed/split_wells/13102025/cropped_B0000424_y0-x1.jpg,processed/binary_wells/13102025/binary_cropped_B0000424_y0-x1.jpg
13102025,batch2L,Day1,B0000424.jpg,P12,y0-x2,P12_y0-x2,Lgp8L,PFD1000,25,Lgp8L_PFD1000_25_P12_y0-x2,2025-10-13 12:21:09,2025-10-14 14:32:32,26.189722222222223,cropped_B0000424_y0-x2.jpg,binary_cropped_B0000424_y0-x2.jpg,67730,108.36800000000001,0,0,0,747,1,lab_threshold_L0-255_a90-135_b155-255+remove_thin_crescent_components,photos/13102025/Day1/B0000424.JPG,processed/split_wells/13102025/cropped_B0000424_y0-x2.jpg,processed/binary_wells/13102025/binary_cropped_B0000424_y0-x2.jpg
13102025,batch2L,Day1,B0000424.jpg,P12,y1-x0,P12_y1-x0,Lgp8L,PFD1000,25,Lgp8L_PFD1000_25_P12_y1-x0,2025-10-13 12:21:09,2025-10-14 14:32:32,26.189722222222223,cropped_B0000424_y1-x0.jpg,binary_cropped_B0000424_y1-x0.jpg,54586,87.33760000000001,0,0,0,0,0,lab_threshold_L0-255_a90-135_b155-255+remove_thin_crescent_components,photos/13102025/Day1/B0000424.JPG,processed/split_wells/13102025/cropped_B0000424_y1-x0.jpg,processed/binary_wells/13102025/binary_cropped_B0000424_y1-x0.jpg
13102025,batch2L,Day1,B0000424.jpg,P12,y1-x1,P12_y1-x1,M10E,PFD1000,25,M10E_PFD1000_25_P12_y1-x1,2025-10-13 12:21:09,2025-10-14 14:32:32,26.189722222222223,cropped_B0000424_y1-x1.jpg,binary_cropped_B0000424_y1-x1.jpg,97575,156.12,0,0,0,0,0,lab_threshold_L0-255_a90-135_b155-255+remove_thin_crescent_components,photos/13102025/Day1/B0000424.JPG,processed/split_wells/13102025/cropped_B0000424_y1-x1.jpg,processed/binary_wells/13102025/binary_cropped_B0000424_y1-x1.jpg
13102025,batch2L,Day1,B0000424.jpg,P12,y1-x2,P12_y1-x2,Wh,PFD1000,25,Wh_PFD1000_25_P12_y1-x2,2025-10-13 12:21:09,2025-10-14 14:32:32,26.189722222222223,cropped_B0000424_y1-x2.jpg,binary_cropped_B0000424_y1-x2.jpg,41988,67.1808,0,0,0,23546,1,lab_threshold_L0-255_a90-135_b155-255+remove_thin_crescent_components,photos/13102025/Day1/B0000424.JPG,processed/split_wells/13102025/cropped_B0000424_y1-x2.jpg,processed/binary_wells/13102025/binary_cropped_B0000424_y1-x2.jpg
13102025,batch2L,Day2,B0000425.jpg,P09,y0-x0,P09_y0-x0,Lgp8L,PFD100,25,Lgp8L_PFD100_25_P09_y0-x0,2025-10-13 12:21:09,2025-10-15 11:10:06,46.81583333333333,cropped_B0000425_y0-x0.jpg,binary_cropped_B0000425_y0-x0.jpg,62817,100.50720000000001,0,0,0,0,0,lab_threshold_L0-255_a90-135_b155-255+remove_thin_crescent_components,photos/13102025/Day2/B0000425.JPG,processed/split_wells/13102025/cropped_B0000425_y0-x0.jpg,processed/binary_wells/13102025/binary_cropped_B0000425_y0-x0.jpg
13102025,batch2L,Day2,B0000425.jpg,P09,y0-x1,P09_y0-x1,M10E,PFD100,25,M10E_PFD100_25_P09_y0-x1,2025-10-13 12:21:09,2025-10-15 11:10:06,46.81583333333333,cropped_B0000425_y0-x1.jpg,binary_cropped_B0000425_y0-x1.jpg,93708,149.93280000000001,0,0,0,0,0,lab_threshold_L0-255_a90-135_b155-255+remove_thin_crescent_components,photos/13102025/Day2/B0000425.JPG,processed/split_wells/13102025/cropped_B0000425_y0-x1.jpg,processed/binary_wells/13102025/binary_cropped_B0000425_y0-x1.jpg
13102025,batch2L,Day2,B0000425.jpg,P09,y0-x2,P09_y0-x2,Wh,PFD100,25,Wh_PFD100_25_P09_y0-x2,2025-10-13 12:21:09,2025-10-15 11:10:06,46.81583333333333,cropped_B0000425_y0-x2.jpg,binary_cropped_B0000425_y0-x2.jpg,60506,96.8096,0,0,0,6143,1,lab_threshold_L0-255_a90-135_b155-255+remove_thin_crescent_components,photos/13102025/Day2/B0000425.JPG,processed/split_wells/13102025/cropped_B0000425_y0-x2.jpg,processed/binary_wells/13102025/binary_cropped_B0000425_y0-x2.jpg
13102025,batch2L,Day2,B0000425.jpg,P09,y1-x0,P09_y1-x0,Wh,PFD100,25,Wh_PFD100_25_P09_y1-x0,2025-10-13 12:21:09,2025-10-15 11:10:06,46.81583333333333,cropped_B0000425_y1-x0.jpg,binary_cropped_B0000425_y1-x0.jpg,68532,109.6512,0,0,0,0,0,lab_threshold_L0-255_a90-135_b155-255+remove_thin_crescent_components,photos/13102025/Day2/B0000425.JPG,processed/split_wells/13102025/cropped_B0000425_y1-x0.jpg,processed/binary_wells/13102025/binary_cropped_B0000425_y1-x0.jpg
13102025,batch2L,Day2,B0000425.jpg,P09,y1-x1,P09_y1-x1,Lgp8L,PFD100,25,Lgp8L_PFD100_25_P09_y1-x1,2025-10-13 12:21:09,2025-10-15 11:10:06,46.81583333333333,cropped_B0000425_y1-x1.jpg,binary_cropped_B0000425_y1-x1.jpg,78767,126.02720000000001,0,0,0,0,0,lab_threshold_L0-255_a90-135_b155-255+remove_thin_crescent_components,photos/13102025/Day2/B0000425.JPG,processed/split_wells/13102025/cropped_B0000425_y1-x1.jpg,processed/binary_wells/13102025/binary_cropped_B0000425_y1-x1.jpg
13102025,batch2L,Day2,B0000425.jpg,P09,y1-x2,P09_y1-x2,M10E,PFD100,25,M10E_PFD100_25_P09_y1-x2,2025-10-13 12:21:09,2025-10-15 11:10:06,46.81583333333333,cropped_B0000425_y1-x2.jpg,binary_cropped_B0000425_y1-x2.jpg,94127,150.60320000000002,0,0,0,412,1,lab_threshold_L0-255_a90-135_b155-255+remove_thin_crescent_components,photos/13102025/Day2/B0000425.JPG,processed/split_wells/13102025/cropped_B0000425_y1-x2.jpg,processed/binary_wells/13102025/binary_cropped_B0000425_y1-x2.jpg
13102025,batch2L,Day2,B0000426.jpg,P10,y0-x0,P10_y0-x0,M10E,PFD100,25,M10E_PFD100_25_P10_y0-x0,2025-10-13 12:21:09,2025-10-15 11:11:49,46.84444444444444,cropped_B0000426_y0-x0.jpg,binary_cropped_B0000426_y0-x0.jpg,97422,155.8752,0,0,0,3682,1,lab_threshold_L0-255_a90-135_b155-255+remove_thin_crescent_components,photos/13102025/Day2/B0000426.JPG,processed/split_wells/13102025/cropped_B0000426_y0-x0.jpg,processed/binary_wells/13102025/binary_cropped_B0000426_y0-x0.jpg
13102025,batch2L,Day2,B0000426.jpg,P10,y0-x1,P10_y0-x1,Wh,PFD100,25,Wh_PFD100_25_P10_y0-x1,2025-10-13 12:21:09,2025-10-15 11:11:49,46.84444444444444,cropped_B0000426_y0-x1.jpg,binary_cropped_B0000426_y0-x1.jpg,72312,115.6992,0,0,0,0,0,lab_threshold_L0-255_a90-135_b155-255+remove_thin_crescent_components,photos/13102025/Day2/B0000426.JPG,processed/split_wells/13102025/cropped_B0000426_y0-x1.jpg,processed/binary_wells/13102025/binary_cropped_B0000426_y0-x1.jpg
13102025,batch2L,Day2,B0000426.jpg,P10,y0-x2,P10_y0-x2,Lgp8L,PFD100,25,Lgp8L_PFD100_25_P10_y0-x2,2025-10-13 12:21:09,2025-10-15 11:11:49,46.84444444444444,cropped_B0000426_y0-x2.jpg,binary_cropped_B0000426_y0-x2.jpg,72867,116.58720000000001,0,0,0,1949,1,lab_threshold_L0-255_a90-135_b155-255+remove_thin_crescent_components,photos/13102025/Day2/B0000426.JPG,processed/split_wells/13102025/cropped_B0000426_y0-x2.jpg,processed/binary_wells/13102025/binary_cropped_B0000426_y0-x2.jpg
13102025,batch2L,Day2,B0000426.jpg,P10,y1-x0,P10_y1-x0,Lgp8L,PFD100,25,Lgp8L_PFD100_25_P10_y1-x0,2025-10-13 12:21:09,2025-10-15 11:11:49,46.84444444444444,cropped_B0000426_y1-x0.jpg,binary_cropped_B0000426_y1-x0.jpg,69998,111.99680000000001,0,0,0,0,0,lab_threshold_L0-255_a90-135_b155-255+remove_thin_crescent_components,photos/13102025/Day2/B0000426.JPG,processed/split_wells/13102025/cropped_B0000426_y1-x0.jpg,processed/binary_wells/13102025/binary_cropped_B0000426_y1-x0.jpg
13102025,batch2L,Day2,B0000426.jpg,P10,y1-x1,P10_y1-x1,M10E,PFD100,25,M10E_PFD100_25_P10_y1-x1,2025-10-13 12:21:09,2025-10-15 11:11:49,46.84444444444444,cropped_B0000426_y1-x1.jpg,binary_cropped_B0000426_y1-x1.jpg,84834,135.7344,0,0,0,0,0,lab_threshold_L0-255_a90-135_b155-255+remove_thin_crescent_components,photos/13102025/Day2/B0000426.JPG,processed/split_wells/13102025/cropped_B0000426_y1-x1.jpg,processed/binary_wells/13102025/binary_cropped_B0000426_y1-x1.jpg
13102025,batch2L,Day2,B0000426.jpg,P10,y1-x2,P10_y1-x2,Wh,PFD100,25,Wh_PFD100_25_P10_y1-x2,2025-10-13 12:21:09,2025-10-15 11:11:49,46.84444444444444,cropped_B0000426_y1-x2.jpg,binary_cropped_B0000426_y1-x2.jpg,62243,99.5888,0,0,0,0,0,lab_threshold_L0-255_a90-135_b155-255+remove_thin_crescent_components,photos/13102025/Day2/B0000426.JPG,processed/split_wells/13102025/cropped_B0000426_y1-x2.jpg,processed/binary_wells/13102025/binary_cropped_B0000426_y1-x2.jpg
13102025,batch2L,Day2,B0000427.jpg,P11,y0-x0,P11_y0-x0,Lgp8L,PFD1000,25,Lgp8L_PFD1000_25_P11_y0-x0,2025-10-13 12:21:09,2025-10-15 11:12:26,46.85472222222222,cropped_B0000427_y0-x0.jpg,binary_cropped_B0000427_y0-x0.jpg,61778,98.8448,0,0,0,2957,1,lab_threshold_L0-255_a90-135_b155-255+remove_thin_crescent_components,photos/13102025/Day2/B0000427.JPG,processed/split_wells/13102025/cropped_B0000427_y0-x0.jpg,processed/binary_wells/13102025/binary_cropped_B0000427_y0-x0.jpg
13102025,batch2L,Day2,B0000427.jpg,P11,y0-x1,P11_y0-x1,M10E,PFD1000,25,M10E_PFD1000_25_P11_y0-x1,2025-10-13 12:21:09,2025-10-15 11:12:26,46.85472222222222,cropped_B0000427_y0-x1.jpg,binary_cropped_B0000427_y0-x1.jpg,106474,170.35840000000002,0,0,0,0,0,lab_threshold_L0-255_a90-135_b155-255+remove_thin_crescent_components,photos/13102025/Day2/B0000427.JPG,processed/split_wells/13102025/cropped_B0000427_y0-x1.jpg,processed/binary_wells/13102025/binary_cropped_B0000427_y0-x1.jpg
13102025,batch2L,Day2,B0000427.jpg,P11,y0-x2,P11_y0-x2,Wh,PFD1000,25,Wh_PFD1000_25_P11_y0-x2,2025-10-13 12:21:09,2025-10-15 11:12:26,46.85472222222222,cropped_B0000427_y0-x2.jpg,binary_cropped_B0000427_y0-x2.jpg,63748,101.99680000000001,0,0,0,4731,1,lab_threshold_L0-255_a90-135_b155-255+remove_thin_crescent_components,photos/13102025/Day2/B0000427.JPG,processed/split_wells/13102025/cropped_B0000427_y0-x2.jpg,processed/binary_wells/13102025/binary_cropped_B0000427_y0-x2.jpg
13102025,batch2L,Day2,B0000427.jpg,P11,y1-x0,P11_y1-x0,Wh,PFD1000,25,Wh_PFD1000_25_P11_y1-x0,2025-10-13 12:21:09,2025-10-15 11:12:26,46.85472222222222,cropped_B0000427_y1-x0.jpg,binary_cropped_B0000427_y1-x0.jpg,18827,30.1232,0,0,0,0,0,lab_threshold_L0-255_a90-135_b155-255+remove_thin_crescent_components,photos/13102025/Day2/B0000427.JPG,processed/split_wells/13102025/cropped_B0000427_y1-x0.jpg,processed/binary_wells/13102025/binary_cropped_B0000427_y1-x0.jpg
13102025,batch2L,Day2,B0000427.jpg,P11,y1-x1,P11_y1-x1,Lgp8L,PFD1000,25,Lgp8L_PFD1000_25_P11_y1-x1,2025-10-13 12:21:09,2025-10-15 11:12:26,46.85472222222222,cropped_B0000427_y1-x1.jpg,binary_cropped_B0000427_y1-x1.jpg,94504,151.2064,0,0,0,0,0,lab_threshold_L0-255_a90-135_b155-255+remove_thin_crescent_components,photos/13102025/Day2/B0000427.JPG,processed/split_wells/13102025/cropped_B0000427_y1-x1.jpg,processed/binary_wells/13102025/binary_cropped_B0000427_y1-x1.jpg
13102025,batch2L,Day2,B0000427.jpg,P11,y1-x2,P11_y1-x2,M10E,PFD1000,25,M10E_PFD1000_25_P11_y1-x2,2025-10-13 12:21:09,2025-10-15 11:12:26,46.85472222222222,cropped_B0000427_y1-x2.jpg,binary_cropped_B0000427_y1-x2.jpg,116192,185.90720000000002,0,0,0,0,0,lab_threshold_L0-255_a90-135_b155-255+remove_thin_crescent_components,photos/13102025/Day2/B0000427.JPG,processed/split_wells/13102025/cropped_B0000427_y1-x2.jpg,processed/binary_wells/13102025/binary_cropped_B0000427_y1-x2.jpg
13102025,batch2L,Day2,B0000428.jpg,P12,y0-x0,P12_y0-x0,M10E,PFD1000,25,M10E_PFD1000_25_P12_y0-x0,2025-10-13 12:21:09,2025-10-15 11:12:45,46.86,cropped_B0000428_y0-x0.jpg,binary_cropped_B0000428_y0-x0.jpg,101428,162.28480000000002,0,0,0,826,1,lab_threshold_L0-255_a90-135_b155-255+remove_thin_crescent_components,photos/13102025/Day2/B0000428.JPG,processed/split_wells/13102025/cropped_B0000428_y0-x0.jpg,processed/binary_wells/13102025/binary_cropped_B0000428_y0-x0.jpg
13102025,batch2L,Day2,B0000428.jpg,P12,y0-x1,P12_y0-x1,Wh,PFD1000,25,Wh_PFD1000_25_P12_y0-x1,2025-10-13 12:21:09,2025-10-15 11:12:45,46.86,cropped_B0000428_y0-x1.jpg,binary_cropped_B0000428_y0-x1.jpg,104942,167.90720000000002,0,0,0,0,0,lab_threshold_L0-255_a90-135_b155-255+remove_thin_crescent_components,photos/13102025/Day2/B0000428.JPG,processed/split_wells/13102025/cropped_B0000428_y0-x1.jpg,processed/binary_wells/13102025/binary_cropped_B0000428_y0-x1.jpg
13102025,batch2L,Day2,B0000428.jpg,P12,y0-x2,P12_y0-x2,Lgp8L,PFD1000,25,Lgp8L_PFD1000_25_P12_y0-x2,2025-10-13 12:21:09,2025-10-15 11:12:45,46.86,cropped_B0000428_y0-x2.jpg,binary_cropped_B0000428_y0-x2.jpg,88083,140.93280000000001,0,0,0,0,0,lab_threshold_L0-255_a90-135_b155-255+remove_thin_crescent_components,photos/13102025/Day2/B0000428.JPG,processed/split_wells/13102025/cropped_B0000428_y0-x2.jpg,processed/binary_wells/13102025/binary_cropped_B0000428_y0-x2.jpg
13102025,batch2L,Day2,B0000428.jpg,P12,y1-x0,P12_y1-x0,Lgp8L,PFD1000,25,Lgp8L_PFD1000_25_P12_y1-x0,2025-10-13 12:21:09,2025-10-15 11:12:45,46.86,cropped_B0000428_y1-x0.jpg,binary_cropped_B0000428_y1-x0.jpg,65860,105.376,0,0,0,1248,1,lab_threshold_L0-255_a90-135_b155-255+remove_thin_crescent_components,photos/13102025/Day2/B0000428.JPG,processed/split_wells/13102025/cropped_B0000428_y1-x0.jpg,processed/binary_wells/13102025/binary_cropped_B0000428_y1-x0.jpg
13102025,batch2L,Day2,B0000428.jpg,P12,y1-x1,P12_y1-x1,M10E,PFD1000,25,M10E_PFD1000_25_P12_y1-x1,2025-10-13 12:21:09,2025-10-15 11:12:45,46.86,cropped_B0000428_y1-x1.jpg,binary_cropped_B0000428_y1-x1.jpg,122275,195.64000000000001,0,0,0,0,0,lab_threshold_L0-255_a90-135_b155-255+remove_thin_crescent_components,photos/13102025/Day2/B0000428.JPG,processed/split_wells/13102025/cropped_B0000428_y1-x1.jpg,processed/binary_wells/13102025/binary_cropped_B0000428_y1-x1.jpg
13102025,batch2L,Day2,B0000428.jpg,P12,y1-x2,P12_y1-x2,Wh,PFD1000,25,Wh_PFD1000_25_P12_y1-x2,2025-10-13 12:21:09,2025-10-15 11:12:45,46.86,cropped_B0000428_y1-x2.jpg,binary_cropped_B0000428_y1-x2.jpg,67590,108.144,0,0,0,0,0,lab_threshold_L0-255_a90-135_b155-255+remove_thin_crescent_components,photos/13102025/Day2/B0000428.JPG,processed/split_wells/13102025/cropped_B0000428_y1-x2.jpg,processed/binary_wells/13102025/binary_cropped_B0000428_y1-x2.jpg
13102025,batch2L,Day3,B0000433.jpg,P09,y0-x0,P09_y0-x0,Lgp8L,PFD100,25,Lgp8L_PFD100_25_P09_y0-x0,2025-10-13 12:21:09,2025-10-16 11:05:42,70.7425,cropped_B0000433_y0-x0.jpg,binary_cropped_B0000433_y0-x0.jpg,73883,118.2128,0,0,0,0,0,lab_threshold_L0-255_a90-135_b155-255+remove_thin_crescent_components,photos/13102025/Day3/B0000433.JPG,processed/split_wells/13102025/cropped_B0000433_y0-x0.jpg,processed/binary_wells/13102025/binary_cropped_B0000433_y0-x0.jpg
13102025,batch2L,Day3,B0000433.jpg,P09,y0-x1,P09_y0-x1,M10E,PFD100,25,M10E_PFD100_25_P09_y0-x1,2025-10-13 12:21:09,2025-10-16 11:05:42,70.7425,cropped_B0000433_y0-x1.jpg,binary_cropped_B0000433_y0-x1.jpg,118115,188.984,0,0,0,0,0,lab_threshold_L0-255_a90-135_b155-255+remove_thin_crescent_components,photos/13102025/Day3/B0000433.JPG,processed/split_wells/13102025/cropped_B0000433_y0-x1.jpg,processed/binary_wells/13102025/binary_cropped_B0000433_y0-x1.jpg
13102025,batch2L,Day3,B0000433.jpg,P09,y0-x2,P09_y0-x2,Wh,PFD100,25,Wh_PFD100_25_P09_y0-x2,2025-10-13 12:21:09,2025-10-16 11:05:42,70.7425,cropped_B0000433_y0-x2.jpg,binary_cropped_B0000433_y0-x2.jpg,71559,114.4944,0,0,0,1153,1,lab_threshold_L0-255_a90-135_b155-255+remove_thin_crescent_components,photos/13102025/Day3/B0000433.JPG,processed/split_wells/13102025/cropped_B0000433_y0-x2.jpg,processed/binary_wells/13102025/binary_cropped_B0000433_y0-x2.jpg
13102025,batch2L,Day3,B0000433.jpg,P09,y1-x0,P09_y1-x0,Wh,PFD100,25,Wh_PFD100_25_P09_y1-x0,2025-10-13 12:21:09,2025-10-16 11:05:42,70.7425,cropped_B0000433_y1-x0.jpg,binary_cropped_B0000433_y1-x0.jpg,72367,115.7872,0,0,0,0,0,lab_threshold_L0-255_a90-135_b155-255+remove_thin_crescent_components,photos/13102025/Day3/B0000433.JPG,processed/split_wells/13102025/cropped_B0000433_y1-x0.jpg,processed/binary_wells/13102025/binary_cropped_B0000433_y1-x0.jpg
13102025,batch2L,Day3,B0000433.jpg,P09,y1-x1,P09_y1-x1,Lgp8L,PFD100,25,Lgp8L_PFD100_25_P09_y1-x1,2025-10-13 12:21:09,2025-10-16 11:05:42,70.7425,cropped_B0000433_y1-x1.jpg,binary_cropped_B0000433_y1-x1.jpg,93305,149.288,0,0,0,0,0,lab_threshold_L0-255_a90-135_b155-255+remove_thin_crescent_components,photos/13102025/Day3/B0000433.JPG,processed/split_wells/13102025/cropped_B0000433_y1-x1.jpg,processed/binary_wells/13102025/binary_cropped_B0000433_y1-x1.jpg
13102025,batch2L,Day3,B0000433.jpg,P09,y1-x2,P09_y1-x2,M10E,PFD100,25,M10E_PFD100_25_P09_y1-x2,2025-10-13 12:21:09,2025-10-16 11:05:42,70.7425,cropped_B0000433_y1-x2.jpg,binary_cropped_B0000433_y1-x2.jpg,123657,197.8512,0,0,0,0,0,lab_threshold_L0-255_a90-135_b155-255+remove_thin_crescent_components,photos/13102025/Day3/B0000433.JPG,processed/split_wells/13102025/cropped_B0000433_y1-x2.jpg,processed/binary_wells/13102025/binary_cropped_B0000433_y1-x2.jpg
13102025,batch2L,Day3,B0000434.jpg,P10,y0-x0,P10_y0-x0,M10E,PFD100,25,M10E_PFD100_25_P10_y0-x0,2025-10-13 12:21:09,2025-10-16 11:06:51,70.76166666666667,cropped_B0000434_y0-x0.jpg,binary_cropped_B0000434_y0-x0.jpg,147845,236.55200000000002,0,0,0,11622,3,lab_threshold_L0-255_a90-135_b155-255+remove_thin_crescent_components,photos/13102025/Day3/B0000434.JPG,processed/split_wells/13102025/cropped_B0000434_y0-x0.jpg,processed/binary_wells/13102025/binary_cropped_B0000434_y0-x0.jpg
13102025,batch2L,Day3,B0000434.jpg,P10,y0-x1,P10_y0-x1,Wh,PFD100,25,Wh_PFD100_25_P10_y0-x1,2025-10-13 12:21:09,2025-10-16 11:06:51,70.76166666666667,cropped_B0000434_y0-x1.jpg,binary_cropped_B0000434_y0-x1.jpg,98881,158.2096,0,0,0,0,0,lab_threshold_L0-255_a90-135_b155-255+remove_thin_crescent_components,photos/13102025/Day3/B0000434.JPG,processed/split_wells/13102025/cropped_B0000434_y0-x1.jpg,processed/binary_wells/13102025/binary_cropped_B0000434_y0-x1.jpg
13102025,batch2L,Day3,B0000434.jpg,P10,y0-x2,P10_y0-x2,Lgp8L,PFD100,25,Lgp8L_PFD100_25_P10_y0-x2,2025-10-13 12:21:09,2025-10-16 11:06:51,70.76166666666667,cropped_B0000434_y0-x2.jpg,binary_cropped_B0000434_y0-x2.jpg,87582,140.1312,0,0,0,1843,2,lab_threshold_L0-255_a90-135_b155-255+remove_thin_crescent_components,photos/13102025/Day3/B0000434.JPG,processed/split_wells/13102025/cropped_B0000434_y0-x2.jpg,processed/binary_wells/13102025/binary_cropped_B0000434_y0-x2.jpg
13102025,batch2L,Day3,B0000434.jpg,P10,y1-x0,P10_y1-x0,Lgp8L,PFD100,25,Lgp8L_PFD100_25_P10_y1-x0,2025-10-13 12:21:09,2025-10-16 11:06:51,70.76166666666667,cropped_B0000434_y1-x0.jpg,binary_cropped_B0000434_y1-x0.jpg,90192,144.3072,0,0,0,0,0,lab_threshold_L0-255_a90-135_b155-255+remove_thin_crescent_components,photos/13102025/Day3/B0000434.JPG,processed/split_wells/13102025/cropped_B0000434_y1-x0.jpg,processed/binary_wells/13102025/binary_cropped_B0000434_y1-x0.jpg
13102025,batch2L,Day3,B0000434.jpg,P10,y1-x1,P10_y1-x1,M10E,PFD100,25,M10E_PFD100_25_P10_y1-x1,2025-10-13 12:21:09,2025-10-16 11:06:51,70.76166666666667,cropped_B0000434_y1-x1.jpg,binary_cropped_B0000434_y1-x1.jpg,108323,173.3168,0,0,0,0,0,lab_threshold_L0-255_a90-135_b155-255+remove_thin_crescent_components,photos/13102025/Day3/B0000434.JPG,processed/split_wells/13102025/cropped_B0000434_y1-x1.jpg,processed/binary_wells/13102025/binary_cropped_B0000434_y1-x1.jpg
13102025,batch2L,Day3,B0000434.jpg,P10,y1-x2,P10_y1-x2,Wh,PFD100,25,Wh_PFD100_25_P10_y1-x2,2025-10-13 12:21:09,2025-10-16 11:06:51,70.76166666666667,cropped_B0000434_y1-x2.jpg,binary_cropped_B0000434_y1-x2.jpg,85942,137.5072,0,0,0,376,1,lab_threshold_L0-255_a90-135_b155-255+remove_thin_crescent_components,photos/13102025/Day3/B0000434.JPG,processed/split_wells/13102025/cropped_B0000434_y1-x2.jpg,processed/binary_wells/13102025/binary_cropped_B0000434_y1-x2.jpg
13102025,batch2L,Day3,B0000435.jpg,P11,y0-x0,P11_y0-x0,Lgp8L,PFD1000,25,Lgp8L_PFD1000_25_P11_y0-x0,2025-10-13 12:21:09,2025-10-16 11:07:54,70.77916666666667,cropped_B0000435_y0-x0.jpg,binary_cropped_B0000435_y0-x0.jpg,87585,140.136,0,0,0,0,0,lab_threshold_L0-255_a90-135_b155-255+remove_thin_crescent_components,photos/13102025/Day3/B0000435.JPG,processed/split_wells/13102025/cropped_B0000435_y0-x0.jpg,processed/binary_wells/13102025/binary_cropped_B0000435_y0-x0.jpg
13102025,batch2L,Day3,B0000435.jpg,P11,y0-x1,P11_y0-x1,M10E,PFD1000,25,M10E_PFD1000_25_P11_y0-x1,2025-10-13 12:21:09,2025-10-16 11:07:54,70.77916666666667,cropped_B0000435_y0-x1.jpg,binary_cropped_B0000435_y0-x1.jpg,162652,260.2432,0,0,0,0,0,lab_threshold_L0-255_a90-135_b155-255+remove_thin_crescent_components,photos/13102025/Day3/B0000435.JPG,processed/split_wells/13102025/cropped_B0000435_y0-x1.jpg,processed/binary_wells/13102025/binary_cropped_B0000435_y0-x1.jpg
13102025,batch2L,Day3,B0000435.jpg,P11,y0-x2,P11_y0-x2,Wh,PFD1000,25,Wh_PFD1000_25_P11_y0-x2,2025-10-13 12:21:09,2025-10-16 11:07:54,70.77916666666667,cropped_B0000435_y0-x2.jpg,binary_cropped_B0000435_y0-x2.jpg,109264,174.82240000000002,0,0,0,0,0,lab_threshold_L0-255_a90-135_b155-255+remove_thin_crescent_components,photos/13102025/Day3/B0000435.JPG,processed/split_wells/13102025/cropped_B0000435_y0-x2.jpg,processed/binary_wells/13102025/binary_cropped_B0000435_y0-x2.jpg
13102025,batch2L,Day3,B0000435.jpg,P11,y1-x0,P11_y1-x0,Wh,PFD1000,25,Wh_PFD1000_25_P11_y1-x0,2025-10-13 12:21:09,2025-10-16 11:07:54,70.77916666666667,cropped_B0000435_y1-x0.jpg,binary_cropped_B0000435_y1-x0.jpg,43879,70.2064,0,0,0,0,0,lab_threshold_L0-255_a90-135_b155-255+remove_thin_crescent_components,photos/13102025/Day3/B0000435.JPG,processed/split_wells/13102025/cropped_B0000435_y1-x0.jpg,processed/binary_wells/13102025/binary_cropped_B0000435_y1-x0.jpg
13102025,batch2L,Day3,B0000435.jpg,P11,y1-x1,P11_y1-x1,Lgp8L,PFD1000,25,Lgp8L_PFD1000_25_P11_y1-x1,2025-10-13 12:21:09,2025-10-16 11:07:54,70.77916666666667,cropped_B0000435_y1-x1.jpg,binary_cropped_B0000435_y1-x1.jpg,132716,212.34560000000002,0,0,0,0,0,lab_threshold_L0-255_a90-135_b155-255+remove_thin_crescent_components,photos/13102025/Day3/B0000435.JPG,processed/split_wells/13102025/cropped_B0000435_y1-x1.jpg,processed/binary_wells/13102025/binary_cropped_B0000435_y1-x1.jpg
13102025,batch2L,Day3,B0000435.jpg,P11,y1-x2,P11_y1-x2,M10E,PFD1000,25,M10E_PFD1000_25_P11_y1-x2,2025-10-13 12:21:09,2025-10-16 11:07:54,70.77916666666667,cropped_B0000435_y1-x2.jpg,binary_cropped_B0000435_y1-x2.jpg,177881,284.6096,0,0,0,0,0,lab_threshold_L0-255_a90-135_b155-255+remove_thin_crescent_components,photos/13102025/Day3/B0000435.JPG,processed/split_wells/13102025/cropped_B0000435_y1-x2.jpg,processed/binary_wells/13102025/binary_cropped_B0000435_y1-x2.jpg
13102025,batch2L,Day3,B0000436.jpg,P12,y0-x0,P12_y0-x0,M10E,PFD1000,25,M10E_PFD1000_25_P12_y0-x0,2025-10-13 12:21:09,2025-10-16 11:08:37,70.7911111111111,cropped_B0000436_y0-x0.jpg,binary_cropped_B0000436_y0-x0.jpg,143467,229.5472,0,0,0,514,1,lab_threshold_L0-255_a90-135_b155-255+remove_thin_crescent_components,photos/13102025/Day3/B0000436.JPG,processed/split_wells/13102025/cropped_B0000436_y0-x0.jpg,processed/binary_wells/13102025/binary_cropped_B0000436_y0-x0.jpg
13102025,batch2L,Day3,B0000436.jpg,P12,y0-x1,P12_y0-x1,Wh,PFD1000,25,Wh_PFD1000_25_P12_y0-x1,2025-10-13 12:21:09,2025-10-16 11:08:37,70.7911111111111,cropped_B0000436_y0-x1.jpg,binary_cropped_B0000436_y0-x1.jpg,176394,282.23040000000003,0,0,0,0,0,lab_threshold_L0-255_a90-135_b155-255+remove_thin_crescent_components,photos/13102025/Day3/B0000436.JPG,processed/split_wells/13102025/cropped_B0000436_y0-x1.jpg,processed/binary_wells/13102025/binary_cropped_B0000436_y0-x1.jpg
13102025,batch2L,Day3,B0000436.jpg,P12,y0-x2,P12_y0-x2,Lgp8L,PFD1000,25,Lgp8L_PFD1000_25_P12_y0-x2,2025-10-13 12:21:09,2025-10-16 11:08:37,70.7911111111111,cropped_B0000436_y0-x2.jpg,binary_cropped_B0000436_y0-x2.jpg,126351,202.16160000000002,0,0,0,0,0,lab_threshold_L0-255_a90-135_b155-255+remove_thin_crescent_components,photos/13102025/Day3/B0000436.JPG,processed/split_wells/13102025/cropped_B0000436_y0-x2.jpg,processed/binary_wells/13102025/binary_cropped_B0000436_y0-x2.jpg
13102025,batch2L,Day3,B0000436.jpg,P12,y1-x0,P12_y1-x0,Lgp8L,PFD1000,25,Lgp8L_PFD1000_25_P12_y1-x0,2025-10-13 12:21:09,2025-10-16 11:08:37,70.7911111111111,cropped_B0000436_y1-x0.jpg,binary_cropped_B0000436_y1-x0.jpg,88935,142.29600000000002,0,0,0,0,0,lab_threshold_L0-255_a90-135_b155-255+remove_thin_crescent_components,photos/13102025/Day3/B0000436.JPG,processed/split_wells/13102025/cropped_B0000436_y1-x0.jpg,processed/binary_wells/13102025/binary_cropped_B0000436_y1-x0.jpg
13102025,batch2L,Day3,B0000436.jpg,P12,y1-x1,P12_y1-x1,M10E,PFD1000,25,M10E_PFD1000_25_P12_y1-x1,2025-10-13 12:21:09,2025-10-16 11:08:37,70.7911111111111,cropped_B0000436_y1-x1.jpg,binary_cropped_B0000436_y1-x1.jpg,167322,267.71520000000004,0,0,0,0,0,lab_threshold_L0-255_a90-135_b155-255+remove_thin_crescent_components,photos/13102025/Day3/B0000436.JPG,processed/split_wells/13102025/cropped_B0000436_y1-x1.jpg,processed/binary_wells/13102025/binary_cropped_B0000436_y1-x1.jpg
13102025,batch2L,Day3,B0000436.jpg,P12,y1-x2,P12_y1-x2,Wh,PFD1000,25,Wh_PFD1000_25_P12_y1-x2,2025-10-13 12:21:09,2025-10-16 11:08:37,70.7911111111111,cropped_B0000436_y1-x2.jpg,binary_cropped_B0000436_y1-x2.jpg,122300,195.68,0,0,0,0,0,lab_threshold_L0-255_a90-135_b155-255+remove_thin_crescent_components,photos/13102025/Day3/B0000436.JPG,processed/split_wells/13102025/cropped_B0000436_y1-x2.jpg,processed/binary_wells/13102025/binary_cropped_B0000436_y1-x2.jpg
13102025,batch2L,Day4,B0000441.jpg,P09,y0-x0,P09_y0-x0,Lgp8L,PFD100,25,Lgp8L_PFD100_25_P09_y0-x0,2025-10-13 12:21:09,2025-10-17 11:03:56,94.71305555555556,cropped_B0000441_y0-x0.jpg,binary_cropped_B0000441_y0-x0.jpg,95756,153.2096,0,0,0,780,1,lab_threshold_L0-255_a90-135_b155-255+remove_thin_crescent_components,photos/13102025/Day4/B0000441.JPG,processed/split_wells/13102025/cropped_B0000441_y0-x0.jpg,processed/binary_wells/13102025/binary_cropped_B0000441_y0-x0.jpg
13102025,batch2L,Day4,B0000441.jpg,P09,y0-x1,P09_y0-x1,M10E,PFD100,25,M10E_PFD100_25_P09_y0-x1,2025-10-13 12:21:09,2025-10-17 11:03:56,94.71305555555556,cropped_B0000441_y0-x1.jpg,binary_cropped_B0000441_y0-x1.jpg,160420,256.672,0,0,0,0,0,lab_threshold_L0-255_a90-135_b155-255+remove_thin_crescent_components,photos/13102025/Day4/B0000441.JPG,processed/split_wells/13102025/cropped_B0000441_y0-x1.jpg,processed/binary_wells/13102025/binary_cropped_B0000441_y0-x1.jpg
13102025,batch2L,Day4,B0000441.jpg,P09,y0-x2,P09_y0-x2,Wh,PFD100,25,Wh_PFD100_25_P09_y0-x2,2025-10-13 12:21:09,2025-10-17 11:03:56,94.71305555555556,cropped_B0000441_y0-x2.jpg,binary_cropped_B0000441_y0-x2.jpg,90896,145.4336,0,0,0,10303,2,lab_threshold_L0-255_a90-135_b155-255+remove_thin_crescent_components,photos/13102025/Day4/B0000441.JPG,processed/split_wells/13102025/cropped_B0000441_y0-x2.jpg,processed/binary_wells/13102025/binary_cropped_B0000441_y0-x2.jpg
13102025,batch2L,Day4,B0000441.jpg,P09,y1-x0,P09_y1-x0,Wh,PFD100,25,Wh_PFD100_25_P09_y1-x0,2025-10-13 12:21:09,2025-10-17 11:03:56,94.71305555555556,cropped_B0000441_y1-x0.jpg,binary_cropped_B0000441_y1-x0.jpg,103769,166.03040000000001,0,0,0,1299,1,lab_threshold_L0-255_a90-135_b155-255+remove_thin_crescent_components,photos/13102025/Day4/B0000441.JPG,processed/split_wells/13102025/cropped_B0000441_y1-x0.jpg,processed/binary_wells/13102025/binary_cropped_B0000441_y1-x0.jpg
13102025,batch2L,Day4,B0000441.jpg,P09,y1-x1,P09_y1-x1,Lgp8L,PFD100,25,Lgp8L_PFD100_25_P09_y1-x1,2025-10-13 12:21:09,2025-10-17 11:03:56,94.71305555555556,cropped_B0000441_y1-x1.jpg,binary_cropped_B0000441_y1-x1.jpg,117423,187.8768,0,0,0,0,0,lab_threshold_L0-255_a90-135_b155-255+remove_thin_crescent_components,photos/13102025/Day4/B0000441.JPG,processed/split_wells/13102025/cropped_B0000441_y1-x1.jpg,processed/binary_wells/13102025/binary_cropped_B0000441_y1-x1.jpg
13102025,batch2L,Day4,B0000441.jpg,P09,y1-x2,P09_y1-x2,M10E,PFD100,25,M10E_PFD100_25_P09_y1-x2,2025-10-13 12:21:09,2025-10-17 11:03:56,94.71305555555556,cropped_B0000441_y1-x2.jpg,binary_cropped_B0000441_y1-x2.jpg,165781,265.2496,0,0,0,372,1,lab_threshold_L0-255_a90-135_b155-255+remove_thin_crescent_components,photos/13102025/Day4/B0000441.JPG,processed/split_wells/13102025/cropped_B0000441_y1-x2.jpg,processed/binary_wells/13102025/binary_cropped_B0000441_y1-x2.jpg
13102025,batch2L,Day4,B0000442.jpg,P10,y0-x0,P10_y0-x0,M10E,PFD100,25,M10E_PFD100_25_P10_y0-x0,2025-10-13 12:21:09,2025-10-17 11:04:40,94.72527777777778,cropped_B0000442_y0-x0.jpg,binary_cropped_B0000442_y0-x0.jpg,172309,275.69440000000003,0,0,0,4948,2,lab_threshold_L0-255_a90-135_b155-255+remove_thin_crescent_components,photos/13102025/Day4/B0000442.JPG,processed/split_wells/13102025/cropped_B0000442_y0-x0.jpg,processed/binary_wells/13102025/binary_cropped_B0000442_y0-x0.jpg
13102025,batch2L,Day4,B0000442.jpg,P10,y0-x1,P10_y0-x1,Wh,PFD100,25,Wh_PFD100_25_P10_y0-x1,2025-10-13 12:21:09,2025-10-17 11:04:40,94.72527777777778,cropped_B0000442_y0-x1.jpg,binary_cropped_B0000442_y0-x1.jpg,107870,172.592,0,0,0,0,0,lab_threshold_L0-255_a90-135_b155-255+remove_thin_crescent_components,photos/13102025/Day4/B0000442.JPG,processed/split_wells/13102025/cropped_B0000442_y0-x1.jpg,processed/binary_wells/13102025/binary_cropped_B0000442_y0-x1.jpg
13102025,batch2L,Day4,B0000442.jpg,P10,y0-x2,P10_y0-x2,Lgp8L,PFD100,25,Lgp8L_PFD100_25_P10_y0-x2,2025-10-13 12:21:09,2025-10-17 11:04:40,94.72527777777778,cropped_B0000442_y0-x2.jpg,binary_cropped_B0000442_y0-x2.jpg,111828,178.9248,0,0,0,2137,1,lab_threshold_L0-255_a90-135_b155-255+remove_thin_crescent_components,photos/13102025/Day4/B0000442.JPG,processed/split_wells/13102025/cropped_B0000442_y0-x2.jpg,processed/binary_wells/13102025/binary_cropped_B0000442_y0-x2.jpg
13102025,batch2L,Day4,B0000442.jpg,P10,y1-x0,P10_y1-x0,Lgp8L,PFD100,25,Lgp8L_PFD100_25_P10_y1-x0,2025-10-13 12:21:09,2025-10-17 11:04:40,94.72527777777778,cropped_B0000442_y1-x0.jpg,binary_cropped_B0000442_y1-x0.jpg,104972,167.95520000000002,0,0,0,0,0,lab_threshold_L0-255_a90-135_b155-255+remove_thin_crescent_components,photos/13102025/Day4/B0000442.JPG,processed/split_wells/13102025/cropped_B0000442_y1-x0.jpg,processed/binary_wells/13102025/binary_cropped_B0000442_y1-x0.jpg
13102025,batch2L,Day4,B0000442.jpg,P10,y1-x1,P10_y1-x1,M10E,PFD100,25,M10E_PFD100_25_P10_y1-x1,2025-10-13 12:21:09,2025-10-17 11:04:40,94.72527777777778,cropped_B0000442_y1-x1.jpg,binary_cropped_B0000442_y1-x1.jpg,119674,191.47840000000002,0,0,0,0,0,lab_threshold_L0-255_a90-135_b155-255+remove_thin_crescent_components,photos/13102025/Day4/B0000442.JPG,processed/split_wells/13102025/cropped_B0000442_y1-x1.jpg,processed/binary_wells/13102025/binary_cropped_B0000442_y1-x1.jpg
13102025,batch2L,Day4,B0000442.jpg,P10,y1-x2,P10_y1-x2,Wh,PFD100,25,Wh_PFD100_25_P10_y1-x2,2025-10-13 12:21:09,2025-10-17 11:04:40,94.72527777777778,cropped_B0000442_y1-x2.jpg,binary_cropped_B0000442_y1-x2.jpg,71842,114.94720000000001,0,0,0,0,0,lab_threshold_L0-255_a90-135_b155-255+remove_thin_crescent_components,photos/13102025/Day4/B0000442.JPG,processed/split_wells/13102025/cropped_B0000442_y1-x2.jpg,processed/binary_wells/13102025/binary_cropped_B0000442_y1-x2.jpg
13102025,batch2L,Day4,B0000443.jpg,P11,y0-x0,P11_y0-x0,Lgp8L,PFD1000,25,Lgp8L_PFD1000_25_P11_y0-x0,2025-10-13 12:21:09,2025-10-17 11:06:37,94.75777777777778,cropped_B0000443_y0-x0.jpg,binary_cropped_B0000443_y0-x0.jpg,119486,191.1776,0,0,0,0,0,lab_threshold_L0-255_a90-135_b155-255+remove_thin_crescent_components,photos/13102025/Day4/B0000443.JPG,processed/split_wells/13102025/cropped_B0000443_y0-x0.jpg,processed/binary_wells/13102025/binary_cropped_B0000443_y0-x0.jpg
13102025,batch2L,Day4,B0000443.jpg,P11,y0-x1,P11_y0-x1,M10E,PFD1000,25,M10E_PFD1000_25_P11_y0-x1,2025-10-13 12:21:09,2025-10-17 11:06:37,94.75777777777778,cropped_B0000443_y0-x1.jpg,binary_cropped_B0000443_y0-x1.jpg,218958,350.3328,0,0,0,0,0,lab_threshold_L0-255_a90-135_b155-255+remove_thin_crescent_components,photos/13102025/Day4/B0000443.JPG,processed/split_wells/13102025/cropped_B0000443_y0-x1.jpg,processed/binary_wells/13102025/binary_cropped_B0000443_y0-x1.jpg
13102025,batch2L,Day4,B0000443.jpg,P11,y0-x2,P11_y0-x2,Wh,PFD1000,25,Wh_PFD1000_25_P11_y0-x2,2025-10-13 12:21:09,2025-10-17 11:06:37,94.75777777777778,cropped_B0000443_y0-x2.jpg,binary_cropped_B0000443_y0-x2.jpg,153950,246.32000000000002,0,0,0,0,0,lab_threshold_L0-255_a90-135_b155-255+remove_thin_crescent_components,photos/13102025/Day4/B0000443.JPG,processed/split_wells/13102025/cropped_B0000443_y0-x2.jpg,processed/binary_wells/13102025/binary_cropped_B0000443_y0-x2.jpg
13102025,batch2L,Day4,B0000443.jpg,P11,y1-x0,P11_y1-x0,Wh,PFD1000,25,Wh_PFD1000_25_P11_y1-x0,2025-10-13 12:21:09,2025-10-17 11:06:37,94.75777777777778,cropped_B0000443_y1-x0.jpg,binary_cropped_B0000443_y1-x0.jpg,92744,148.3904,0,0,0,0,0,lab_threshold_L0-255_a90-135_b155-255+remove_thin_crescent_components,photos/13102025/Day4/B0000443.JPG,processed/split_wells/13102025/cropped_B0000443_y1-x0.jpg,processed/binary_wells/13102025/binary_cropped_B0000443_y1-x0.jpg
13102025,batch2L,Day4,B0000443.jpg,P11,y1-x1,P11_y1-x1,Lgp8L,PFD1000,25,Lgp8L_PFD1000_25_P11_y1-x1,2025-10-13 12:21:09,2025-10-17 11:06:37,94.75777777777778,cropped_B0000443_y1-x1.jpg,binary_cropped_B0000443_y1-x1.jpg,172763,276.4208,0,0,0,0,0,lab_threshold_L0-255_a90-135_b155-255+remove_thin_crescent_components,photos/13102025/Day4/B0000443.JPG,processed/split_wells/13102025/cropped_B0000443_y1-x1.jpg,processed/binary_wells/13102025/binary_cropped_B0000443_y1-x1.jpg
13102025,batch2L,Day4,B0000443.jpg,P11,y1-x2,P11_y1-x2,M10E,PFD1000,25,M10E_PFD1000_25_P11_y1-x2,2025-10-13 12:21:09,2025-10-17 11:06:37,94.75777777777778,cropped_B0000443_y1-x2.jpg,binary_cropped_B0000443_y1-x2.jpg,228634,365.81440000000003,0,0,0,0,0,lab_threshold_L0-255_a90-135_b155-255+remove_thin_crescent_components,photos/13102025/Day4/B0000443.JPG,processed/split_wells/13102025/cropped_B0000443_y1-x2.jpg,processed/binary_wells/13102025/binary_cropped_B0000443_y1-x2.jpg
13102025,batch2L,Day4,B0000444.jpg,P12,y0-x0,P12_y0-x0,M10E,PFD1000,25,M10E_PFD1000_25_P12_y0-x0,2025-10-13 12:21:09,2025-10-17 11:07:01,94.76444444444445,cropped_B0000444_y0-x0.jpg,binary_cropped_B0000444_y0-x0.jpg,192966,308.7456,0,0,0,0,0,lab_threshold_L0-255_a90-135_b155-255+remove_thin_crescent_components,photos/13102025/Day4/B0000444.JPG,processed/split_wells/13102025/cropped_B0000444_y0-x0.jpg,processed/binary_wells/13102025/binary_cropped_B0000444_y0-x0.jpg
13102025,batch2L,Day4,B0000444.jpg,P12,y0-x1,P12_y0-x1,Wh,PFD1000,25,Wh_PFD1000_25_P12_y0-x1,2025-10-13 12:21:09,2025-10-17 11:07:01,94.76444444444445,cropped_B0000444_y0-x1.jpg,binary_cropped_B0000444_y0-x1.jpg,255432,408.69120000000004,0,0,0,0,0,lab_threshold_L0-255_a90-135_b155-255+remove_thin_crescent_components,photos/13102025/Day4/B0000444.JPG,processed/split_wells/13102025/cropped_B0000444_y0-x1.jpg,processed/binary_wells/13102025/binary_cropped_B0000444_y0-x1.jpg
13102025,batch2L,Day4,B0000444.jpg,P12,y0-x2,P12_y0-x2,Lgp8L,PFD1000,25,Lgp8L_PFD1000_25_P12_y0-x2,2025-10-13 12:21:09,2025-10-17 11:07:01,94.76444444444445,cropped_B0000444_y0-x2.jpg,binary_cropped_B0000444_y0-x2.jpg,159509,255.2144,0,0,0,1039,1,lab_threshold_L0-255_a90-135_b155-255+remove_thin_crescent_components,photos/13102025/Day4/B0000444.JPG,processed/split_wells/13102025/cropped_B0000444_y0-x2.jpg,processed/binary_wells/13102025/binary_cropped_B0000444_y0-x2.jpg
13102025,batch2L,Day4,B0000444.jpg,P12,y1-x0,P12_y1-x0,Lgp8L,PFD1000,25,Lgp8L_PFD1000_25_P12_y1-x0,2025-10-13 12:21:09,2025-10-17 11:07:01,94.76444444444445,cropped_B0000444_y1-x0.jpg,binary_cropped_B0000444_y1-x0.jpg,120903,193.44480000000001,0,0,0,0,0,lab_threshold_L0-255_a90-135_b155-255+remove_thin_crescent_components,photos/13102025/Day4/B0000444.JPG,processed/split_wells/13102025/cropped_B0000444_y1-x0.jpg,processed/binary_wells/13102025/binary_cropped_B0000444_y1-x0.jpg
13102025,batch2L,Day4,B0000444.jpg,P12,y1-x1,P12_y1-x1,M10E,PFD1000,25,M10E_PFD1000_25_P12_y1-x1,2025-10-13 12:21:09,2025-10-17 11:07:01,94.76444444444445,cropped_B0000444_y1-x1.jpg,binary_cropped_B0000444_y1-x1.jpg,252600,404.16,0,0,0,0,0,lab_threshold_L0-255_a90-135_b155-255+remove_thin_crescent_components,photos/13102025/Day4/B0000444.JPG,processed/split_wells/13102025/cropped_B0000444_y1-x1.jpg,processed/binary_wells/13102025/binary_cropped_B0000444_y1-x1.jpg
13102025,batch2L,Day4,B0000444.jpg,P12,y1-x2,P12_y1-x2,Wh,PFD1000,25,Wh_PFD1000_25_P12_y1-x2,2025-10-13 12:21:09,2025-10-17 11:07:01,94.76444444444445,cropped_B0000444_y1-x2.jpg,binary_cropped_B0000444_y1-x2.jpg,179316,286.9056,0,0,0,0,0,lab_threshold_L0-255_a90-135_b155-255+remove_thin_crescent_components,photos/13102025/Day4/B0000444.JPG,processed/split_wells/13102025/cropped_B0000444_y1-x2.jpg,processed/binary_wells/13102025/binary_cropped_B0000444_y1-x2.jpg
13102025,batch2L,Day5,B0000449.jpg,P09,y0-x0,P09_y0-x0,Lgp8L,PFD100,25,Lgp8L_PFD100_25_P09_y0-x0,2025-10-13 12:21:09,2025-10-18 11:04:25,118.72111111111111,cropped_B0000449_y0-x0.jpg,binary_cropped_B0000449_y0-x0.jpg,119671,191.4736,0,0,0,3486,1,lab_threshold_L0-255_a90-135_b155-255+remove_thin_crescent_components,photos/13102025/Day5/B0000449.JPG,processed/split_wells/13102025/cropped_B0000449_y0-x0.jpg,processed/binary_wells/13102025/binary_cropped_B0000449_y0-x0.jpg
13102025,batch2L,Day5,B0000449.jpg,P09,y0-x1,P09_y0-x1,M10E,PFD100,25,M10E_PFD100_25_P09_y0-x1,2025-10-13 12:21:09,2025-10-18 11:04:25,118.72111111111111,cropped_B0000449_y0-x1.jpg,binary_cropped_B0000449_y0-x1.jpg,208413,333.4608,0,0,0,660,1,lab_threshold_L0-255_a90-135_b155-255+remove_thin_crescent_components,photos/13102025/Day5/B0000449.JPG,processed/split_wells/13102025/cropped_B0000449_y0-x1.jpg,processed/binary_wells/13102025/binary_cropped_B0000449_y0-x1.jpg
13102025,batch2L,Day5,B0000449.jpg,P09,y0-x2,P09_y0-x2,Wh,PFD100,25,Wh_PFD100_25_P09_y0-x2,2025-10-13 12:21:09,2025-10-18 11:04:25,118.72111111111111,cropped_B0000449_y0-x2.jpg,binary_cropped_B0000449_y0-x2.jpg,116078,185.72480000000002,0,0,0,450,1,lab_threshold_L0-255_a90-135_b155-255+remove_thin_crescent_components,photos/13102025/Day5/B0000449.JPG,processed/split_wells/13102025/cropped_B0000449_y0-x2.jpg,processed/binary_wells/13102025/binary_cropped_B0000449_y0-x2.jpg
13102025,batch2L,Day5,B0000449.jpg,P09,y1-x0,P09_y1-x0,Wh,PFD100,25,Wh_PFD100_25_P09_y1-x0,2025-10-13 12:21:09,2025-10-18 11:04:25,118.72111111111111,cropped_B0000449_y1-x0.jpg,binary_cropped_B0000449_y1-x0.jpg,107513,172.0208,0,0,0,13561,1,lab_threshold_L0-255_a90-135_b155-255+remove_thin_crescent_components,photos/13102025/Day5/B0000449.JPG,processed/split_wells/13102025/cropped_B0000449_y1-x0.jpg,processed/binary_wells/13102025/binary_cropped_B0000449_y1-x0.jpg
13102025,batch2L,Day5,B0000449.jpg,P09,y1-x1,P09_y1-x1,Lgp8L,PFD100,25,Lgp8L_PFD100_25_P09_y1-x1,2025-10-13 12:21:09,2025-10-18 11:04:25,118.72111111111111,cropped_B0000449_y1-x1.jpg,binary_cropped_B0000449_y1-x1.jpg,150675,241.08,0,0,0,0,0,lab_threshold_L0-255_a90-135_b155-255+remove_thin_crescent_components,photos/13102025/Day5/B0000449.JPG,processed/split_wells/13102025/cropped_B0000449_y1-x1.jpg,processed/binary_wells/13102025/binary_cropped_B0000449_y1-x1.jpg
13102025,batch2L,Day5,B0000449.jpg,P09,y1-x2,P09_y1-x2,M10E,PFD100,25,M10E_PFD100_25_P09_y1-x2,2025-10-13 12:21:09,2025-10-18 11:04:25,118.72111111111111,cropped_B0000449_y1-x2.jpg,binary_cropped_B0000449_y1-x2.jpg,232726,372.3616,0,0,0,2751,2,lab_threshold_L0-255_a90-135_b155-255+remove_thin_crescent_components,photos/13102025/Day5/B0000449.JPG,processed/split_wells/13102025/cropped_B0000449_y1-x2.jpg,processed/binary_wells/13102025/binary_cropped_B0000449_y1-x2.jpg
13102025,batch2L,Day5,B0000450.jpg,P10,y0-x0,P10_y0-x0,M10E,PFD100,25,M10E_PFD100_25_P10_y0-x0,2025-10-13 12:21:09,2025-10-18 11:04:45,118.72666666666667,cropped_B0000450_y0-x0.jpg,binary_cropped_B0000450_y0-x0.jpg,241108,385.7728,0,0,0,0,0,lab_threshold_L0-255_a90-135_b155-255+remove_thin_crescent_components,photos/13102025/Day5/B0000450.JPG,processed/split_wells/13102025/cropped_B0000450_y0-x0.jpg,processed/binary_wells/13102025/binary_cropped_B0000450_y0-x0.jpg
13102025,batch2L,Day5,B0000450.jpg,P10,y0-x1,P10_y0-x1,Wh,PFD100,25,Wh_PFD100_25_P10_y0-x1,2025-10-13 12:21:09,2025-10-18 11:04:45,118.72666666666667,cropped_B0000450_y0-x1.jpg,binary_cropped_B0000450_y0-x1.jpg,134032,214.4512,0,0,0,0,0,lab_threshold_L0-255_a90-135_b155-255+remove_thin_crescent_components,photos/13102025/Day5/B0000450.JPG,processed/split_wells/13102025/cropped_B0000450_y0-x1.jpg,processed/binary_wells/13102025/binary_cropped_B0000450_y0-x1.jpg
13102025,batch2L,Day5,B0000450.jpg,P10,y0-x2,P10_y0-x2,Lgp8L,PFD100,25,Lgp8L_PFD100_25_P10_y0-x2,2025-10-13 12:21:09,2025-10-18 11:04:45,118.72666666666667,cropped_B0000450_y0-x2.jpg,binary_cropped_B0000450_y0-x2.jpg,145457,232.7312,0,0,0,12059,2,lab_threshold_L0-255_a90-135_b155-255+remove_thin_crescent_components,photos/13102025/Day5/B0000450.JPG,processed/split_wells/13102025/cropped_B0000450_y0-x2.jpg,processed/binary_wells/13102025/binary_cropped_B0000450_y0-x2.jpg
13102025,batch2L,Day5,B0000450.jpg,P10,y1-x0,P10_y1-x0,Lgp8L,PFD100,25,Lgp8L_PFD100_25_P10_y1-x0,2025-10-13 12:21:09,2025-10-18 11:04:45,118.72666666666667,cropped_B0000450_y1-x0.jpg,binary_cropped_B0000450_y1-x0.jpg,137446,219.9136,0,0,0,0,0,lab_threshold_L0-255_a90-135_b155-255+remove_thin_crescent_components,photos/13102025/Day5/B0000450.JPG,processed/split_wells/13102025/cropped_B0000450_y1-x0.jpg,processed/binary_wells/13102025/binary_cropped_B0000450_y1-x0.jpg
13102025,batch2L,Day5,B0000450.jpg,P10,y1-x1,P10_y1-x1,M10E,PFD100,25,M10E_PFD100_25_P10_y1-x1,2025-10-13 12:21:09,2025-10-18 11:04:45,118.72666666666667,cropped_B0000450_y1-x1.jpg,binary_cropped_B0000450_y1-x1.jpg,175997,281.59520000000003,0,0,0,0,0,lab_threshold_L0-255_a90-135_b155-255+remove_thin_crescent_components,photos/13102025/Day5/B0000450.JPG,processed/split_wells/13102025/cropped_B0000450_y1-x1.jpg,processed/binary_wells/13102025/binary_cropped_B0000450_y1-x1.jpg
13102025,batch2L,Day5,B0000450.jpg,P10,y1-x2,P10_y1-x2,Wh,PFD100,25,Wh_PFD100_25_P10_y1-x2,2025-10-13 12:21:09,2025-10-18 11:04:45,118.72666666666667,cropped_B0000450_y1-x2.jpg,binary_cropped_B0000450_y1-x2.jpg,92795,148.472,0,0,0,1533,1,lab_threshold_L0-255_a90-135_b155-255+remove_thin_crescent_components,photos/13102025/Day5/B0000450.JPG,processed/split_wells/13102025/cropped_B0000450_y1-x2.jpg,processed/binary_wells/13102025/binary_cropped_B0000450_y1-x2.jpg
13102025,batch2L,Day5,B0000451.jpg,P11,y0-x0,P11_y0-x0,Lgp8L,PFD1000,25,Lgp8L_PFD1000_25_P11_y0-x0,2025-10-13 12:21:09,2025-10-18 11:05:08,118.73305555555555,cropped_B0000451_y0-x0.jpg,binary_cropped_B0000451_y0-x0.jpg,161063,257.7008,0,0,0,649,1,lab_threshold_L0-255_a90-135_b155-255+remove_thin_crescent_components,photos/13102025/Day5/B0000451.JPG,processed/split_wells/13102025/cropped_B0000451_y0-x0.jpg,processed/binary_wells/13102025/binary_cropped_B0000451_y0-x0.jpg
13102025,batch2L,Day5,B0000451.jpg,P11,y0-x1,P11_y0-x1,M10E,PFD1000,25,M10E_PFD1000_25_P11_y0-x1,2025-10-13 12:21:09,2025-10-18 11:05:08,118.73305555555555,cropped_B0000451_y0-x1.jpg,binary_cropped_B0000451_y0-x1.jpg,268601,429.76160000000004,0,0,0,0,0,lab_threshold_L0-255_a90-135_b155-255+remove_thin_crescent_components,photos/13102025/Day5/B0000451.JPG,processed/split_wells/13102025/cropped_B0000451_y0-x1.jpg,processed/binary_wells/13102025/binary_cropped_B0000451_y0-x1.jpg
13102025,batch2L,Day5,B0000451.jpg,P11,y0-x2,P11_y0-x2,Wh,PFD1000,25,Wh_PFD1000_25_P11_y0-x2,2025-10-13 12:21:09,2025-10-18 11:05:08,118.73305555555555,cropped_B0000451_y0-x2.jpg,binary_cropped_B0000451_y0-x2.jpg,217126,347.40160000000003,0,0,0,0,0,lab_threshold_L0-255_a90-135_b155-255+remove_thin_crescent_components,photos/13102025/Day5/B0000451.JPG,processed/split_wells/13102025/cropped_B0000451_y0-x2.jpg,processed/binary_wells/13102025/binary_cropped_B0000451_y0-x2.jpg
13102025,batch2L,Day5,B0000451.jpg,P11,y1-x0,P11_y1-x0,Wh,PFD1000,25,Wh_PFD1000_25_P11_y1-x0,2025-10-13 12:21:09,2025-10-18 11:05:08,118.73305555555555,cropped_B0000451_y1-x0.jpg,binary_cropped_B0000451_y1-x0.jpg,118842,190.1472,0,0,0,0,0,lab_threshold_L0-255_a90-135_b155-255+remove_thin_crescent_components,photos/13102025/Day5/B0000451.JPG,processed/split_wells/13102025/cropped_B0000451_y1-x0.jpg,processed/binary_wells/13102025/binary_cropped_B0000451_y1-x0.jpg
13102025,batch2L,Day5,B0000451.jpg,P11,y1-x1,P11_y1-x1,Lgp8L,PFD1000,25,Lgp8L_PFD1000_25_P11_y1-x1,2025-10-13 12:21:09,2025-10-18 11:05:08,118.73305555555555,cropped_B0000451_y1-x1.jpg,binary_cropped_B0000451_y1-x1.jpg,215022,344.03520000000003,0,0,0,0,0,lab_threshold_L0-255_a90-135_b155-255+remove_thin_crescent_components,photos/13102025/Day5/B0000451.JPG,processed/split_wells/13102025/cropped_B0000451_y1-x1.jpg,processed/binary_wells/13102025/binary_cropped_B0000451_y1-x1.jpg
13102025,batch2L,Day5,B0000451.jpg,P11,y1-x2,P11_y1-x2,M10E,PFD1000,25,M10E_PFD1000_25_P11_y1-x2,2025-10-13 12:21:09,2025-10-18 11:05:08,118.73305555555555,cropped_B0000451_y1-x2.jpg,binary_cropped_B0000451_y1-x2.jpg,280654,449.0464,0,0,0,0,0,lab_threshold_L0-255_a90-135_b155-255+remove_thin_crescent_components,photos/13102025/Day5/B0000451.JPG,processed/split_wells/13102025/cropped_B0000451_y1-x2.jpg,processed/binary_wells/13102025/binary_cropped_B0000451_y1-x2.jpg
13102025,batch2L,Day5,B0000452.jpg,P12,y0-x0,P12_y0-x0,M10E,PFD1000,25,M10E_PFD1000_25_P12_y0-x0,2025-10-13 12:21:09,2025-10-18 11:05:57,118.74666666666667,cropped_B0000452_y0-x0.jpg,binary_cropped_B0000452_y0-x0.jpg,262315,419.704,0,0,0,0,0,lab_threshold_L0-255_a90-135_b155-255+remove_thin_crescent_components,photos/13102025/Day5/B0000452.JPG,processed/split_wells/13102025/cropped_B0000452_y0-x0.jpg,processed/binary_wells/13102025/binary_cropped_B0000452_y0-x0.jpg
13102025,batch2L,Day5,B0000452.jpg,P12,y0-x1,P12_y0-x1,Wh,PFD1000,25,Wh_PFD1000_25_P12_y0-x1,2025-10-13 12:21:09,2025-10-18 11:05:57,118.74666666666667,cropped_B0000452_y0-x1.jpg,binary_cropped_B0000452_y0-x1.jpg,366036,585.6576,0,0,0,0,0,lab_threshold_L0-255_a90-135_b155-255+remove_thin_crescent_components,photos/13102025/Day5/B0000452.JPG,processed/split_wells/13102025/cropped_B0000452_y0-x1.jpg,processed/binary_wells/13102025/binary_cropped_B0000452_y0-x1.jpg
13102025,batch2L,Day5,B0000452.jpg,P12,y0-x2,P12_y0-x2,Lgp8L,PFD1000,25,Lgp8L_PFD1000_25_P12_y0-x2,2025-10-13 12:21:09,2025-10-18 11:05:57,118.74666666666667,cropped_B0000452_y0-x2.jpg,binary_cropped_B0000452_y0-x2.jpg,219337,350.9392,0,0,0,0,0,lab_threshold_L0-255_a90-135_b155-255+remove_thin_crescent_components,photos/13102025/Day5/B0000452.JPG,processed/split_wells/13102025/cropped_B0000452_y0-x2.jpg,processed/binary_wells/13102025/binary_cropped_B0000452_y0-x2.jpg
13102025,batch2L,Day5,B0000452.jpg,P12,y1-x0,P12_y1-x0,Lgp8L,PFD1000,25,Lgp8L_PFD1000_25_P12_y1-x0,2025-10-13 12:21:09,2025-10-18 11:05:57,118.74666666666667,cropped_B0000452_y1-x0.jpg,binary_cropped_B0000452_y1-x0.jpg,165238,264.3808,0,0,0,0,0,lab_threshold_L0-255_a90-135_b155-255+remove_thin_crescent_components,photos/13102025/Day5/B0000452.JPG,processed/split_wells/13102025/cropped_B0000452_y1-x0.jpg,processed/binary_wells/13102025/binary_cropped_B0000452_y1-x0.jpg
13102025,batch2L,Day5,B0000452.jpg,P12,y1-x1,P12_y1-x1,M10E,PFD1000,25,M10E_PFD1000_25_P12_y1-x1,2025-10-13 12:21:09,2025-10-18 11:05:57,118.74666666666667,cropped_B0000452_y1-x1.jpg,binary_cropped_B0000452_y1-x1.jpg,332490,531.984,0,0,0,0,0,lab_threshold_L0-255_a90-135_b155-255+remove_thin_crescent_components,photos/13102025/Day5/B0000452.JPG,processed/split_wells/13102025/cropped_B0000452_y1-x1.jpg,processed/binary_wells/13102025/binary_cropped_B0000452_y1-x1.jpg
13102025,batch2L,Day5,B0000452.jpg,P12,y1-x2,P12_y1-x2,Wh,PFD1000,25,Wh_PFD1000_25_P12_y1-x2,2025-10-13 12:21:09,2025-10-18 11:05:57,118.74666666666667,cropped_B0000452_y1-x2.jpg,binary_cropped_B0000452_y1-x2.jpg,289966,463.9456,0,0,0,0,0,lab_threshold_L0-255_a90-135_b155-255+remove_thin_crescent_components,photos/13102025/Day5/B0000452.JPG,processed/split_wells/13102025/cropped_B0000452_y1-x2.jpg,processed/binary_wells/13102025/binary_cropped_B0000452_y1-x2.jpg
13102025,batch2L,Day6,B0000453.jpg,P09,y0-x0,P09_y0-x0,Lgp8L,PFD100,25,Lgp8L_PFD100_25_P09_y0-x0,2025-10-13 12:21:09,2025-10-19 11:09:37,142.80777777777777,cropped_B0000453_y0-x0.jpg,binary_cropped_B0000453_y0-x0.jpg,163203,261.1248,0,0,0,3432,1,lab_threshold_L0-255_a90-135_b155-255+remove_thin_crescent_components,photos/13102025/Day6/B0000453.JPG,processed/split_wells/13102025/cropped_B0000453_y0-x0.jpg,processed/binary_wells/13102025/binary_cropped_B0000453_y0-x0.jpg
13102025,batch2L,Day6,B0000453.jpg,P09,y0-x1,P09_y0-x1,M10E,PFD100,25,M10E_PFD100_25_P09_y0-x1,2025-10-13 12:21:09,2025-10-19 11:09:37,142.80777777777777,cropped_B0000453_y0-x1.jpg,binary_cropped_B0000453_y0-x1.jpg,260267,416.4272,0,0,0,0,0,lab_threshold_L0-255_a90-135_b155-255+remove_thin_crescent_components,photos/13102025/Day6/B0000453.JPG,processed/split_wells/13102025/cropped_B0000453_y0-x1.jpg,processed/binary_wells/13102025/binary_cropped_B0000453_y0-x1.jpg
13102025,batch2L,Day6,B0000453.jpg,P09,y0-x2,P09_y0-x2,Wh,PFD100,25,Wh_PFD100_25_P09_y0-x2,2025-10-13 12:21:09,2025-10-19 11:09:37,142.80777777777777,cropped_B0000453_y0-x2.jpg,binary_cropped_B0000453_y0-x2.jpg,140782,225.2512,0,0,0,22231,2,lab_threshold_L0-255_a90-135_b155-255+remove_thin_crescent_components,photos/13102025/Day6/B0000453.JPG,processed/split_wells/13102025/cropped_B0000453_y0-x2.jpg,processed/binary_wells/13102025/binary_cropped_B0000453_y0-x2.jpg
13102025,batch2L,Day6,B0000453.jpg,P09,y1-x0,P09_y1-x0,Wh,PFD100,25,Wh_PFD100_25_P09_y1-x0,2025-10-13 12:21:09,2025-10-19 11:09:37,142.80777777777777,cropped_B0000453_y1-x0.jpg,binary_cropped_B0000453_y1-x0.jpg,132009,211.2144,0,0,0,40773,2,lab_threshold_L0-255_a90-135_b155-255+remove_thin_crescent_components,photos/13102025/Day6/B0000453.JPG,processed/split_wells/13102025/cropped_B0000453_y1-x0.jpg,processed/binary_wells/13102025/binary_cropped_B0000453_y1-x0.jpg
13102025,batch2L,Day6,B0000453.jpg,P09,y1-x1,P09_y1-x1,Lgp8L,PFD100,25,Lgp8L_PFD100_25_P09_y1-x1,2025-10-13 12:21:09,2025-10-19 11:09:37,142.80777777777777,cropped_B0000453_y1-x1.jpg,binary_cropped_B0000453_y1-x1.jpg,212955,340.728,0,0,0,0,0,lab_threshold_L0-255_a90-135_b155-255+remove_thin_crescent_components,photos/13102025/Day6/B0000453.JPG,processed/split_wells/13102025/cropped_B0000453_y1-x1.jpg,processed/binary_wells/13102025/binary_cropped_B0000453_y1-x1.jpg
13102025,batch2L,Day6,B0000453.jpg,P09,y1-x2,P09_y1-x2,M10E,PFD100,25,M10E_PFD100_25_P09_y1-x2,2025-10-13 12:21:09,2025-10-19 11:09:37,142.80777777777777,cropped_B0000453_y1-x2.jpg,binary_cropped_B0000453_y1-x2.jpg,306532,490.45120000000003,0,0,0,2165,1,lab_threshold_L0-255_a90-135_b155-255+remove_thin_crescent_components,photos/13102025/Day6/B0000453.JPG,processed/split_wells/13102025/cropped_B0000453_y1-x2.jpg,processed/binary_wells/13102025/binary_cropped_B0000453_y1-x2.jpg
13102025,batch2L,Day6,B0000454.jpg,P10,y0-x0,P10_y0-x0,M10E,PFD100,25,M10E_PFD100_25_P10_y0-x0,2025-10-13 12:21:09,2025-10-19 11:11:22,142.83694444444444,cropped_B0000454_y0-x0.jpg,binary_cropped_B0000454_y0-x0.jpg,278301,445.2816,0,0,0,0,0,lab_threshold_L0-255_a90-135_b155-255+remove_thin_crescent_components,photos/13102025/Day6/B0000454.JPG,processed/split_wells/13102025/cropped_B0000454_y0-x0.jpg,processed/binary_wells/13102025/binary_cropped_B0000454_y0-x0.jpg
13102025,batch2L,Day6,B0000454.jpg,P10,y0-x1,P10_y0-x1,Wh,PFD100,25,Wh_PFD100_25_P10_y0-x1,2025-10-13 12:21:09,2025-10-19 11:11:22,142.83694444444444,cropped_B0000454_y0-x1.jpg,binary_cropped_B0000454_y0-x1.jpg,163976,262.3616,0,0,0,0,0,lab_threshold_L0-255_a90-135_b155-255+remove_thin_crescent_components,photos/13102025/Day6/B0000454.JPG,processed/split_wells/13102025/cropped_B0000454_y0-x1.jpg,processed/binary_wells/13102025/binary_cropped_B0000454_y0-x1.jpg
13102025,batch2L,Day6,B0000454.jpg,P10,y0-x2,P10_y0-x2,Lgp8L,PFD100,25,Lgp8L_PFD100_25_P10_y0-x2,2025-10-13 12:21:09,2025-10-19 11:11:22,142.83694444444444,cropped_B0000454_y0-x2.jpg,binary_cropped_B0000454_y0-x2.jpg,190269,304.4304,0,0,0,0,0,lab_threshold_L0-255_a90-135_b155-255+remove_thin_crescent_components,photos/13102025/Day6/B0000454.JPG,processed/split_wells/13102025/cropped_B0000454_y0-x2.jpg,processed/binary_wells/13102025/binary_cropped_B0000454_y0-x2.jpg
13102025,batch2L,Day6,B0000454.jpg,P10,y1-x0,P10_y1-x0,Lgp8L,PFD100,25,Lgp8L_PFD100_25_P10_y1-x0,2025-10-13 12:21:09,2025-10-19 11:11:22,142.83694444444444,cropped_B0000454_y1-x0.jpg,binary_cropped_B0000454_y1-x0.jpg,178971,286.35360000000003,0,0,0,0,0,lab_threshold_L0-255_a90-135_b155-255+remove_thin_crescent_components,photos/13102025/Day6/B0000454.JPG,processed/split_wells/13102025/cropped_B0000454_y1-x0.jpg,processed/binary_wells/13102025/binary_cropped_B0000454_y1-x0.jpg
13102025,batch2L,Day6,B0000454.jpg,P10,y1-x1,P10_y1-x1,M10E,PFD100,25,M10E_PFD100_25_P10_y1-x1,2025-10-13 12:21:09,2025-10-19 11:11:22,142.83694444444444,cropped_B0000454_y1-x1.jpg,binary_cropped_B0000454_y1-x1.jpg,229008,366.4128,0,0,0,0,0,lab_threshold_L0-255_a90-135_b155-255+remove_thin_crescent_components,photos/13102025/Day6/B0000454.JPG,processed/split_wells/13102025/cropped_B0000454_y1-x1.jpg,processed/binary_wells/13102025/binary_cropped_B0000454_y1-x1.jpg
13102025,batch2L,Day6,B0000454.jpg,P10,y1-x2,P10_y1-x2,Wh,PFD100,25,Wh_PFD100_25_P10_y1-x2,2025-10-13 12:21:09,2025-10-19 11:11:22,142.83694444444444,cropped_B0000454_y1-x2.jpg,binary_cropped_B0000454_y1-x2.jpg,90076,144.1216,0,0,0,1630,1,lab_threshold_L0-255_a90-135_b155-255+remove_thin_crescent_components,photos/13102025/Day6/B0000454.JPG,processed/split_wells/13102025/cropped_B0000454_y1-x2.jpg,processed/binary_wells/13102025/binary_cropped_B0000454_y1-x2.jpg
13102025,batch2L,Day6,B0000455.jpg,P11,y0-x0,P11_y0-x0,Lgp8L,PFD1000,25,Lgp8L_PFD1000_25_P11_y0-x0,2025-10-13 12:21:09,2025-10-19 11:11:44,142.84305555555557,cropped_B0000455_y0-x0.jpg,binary_cropped_B0000455_y0-x0.jpg,212145,339.432,0,0,0,0,0,lab_threshold_L0-255_a90-135_b155-255+remove_thin_crescent_components,photos/13102025/Day6/B0000455.JPG,processed/split_wells/13102025/cropped_B0000455_y0-x0.jpg,processed/binary_wells/13102025/binary_cropped_B0000455_y0-x0.jpg
13102025,batch2L,Day6,B0000455.jpg,P11,y0-x1,P11_y0-x1,M10E,PFD1000,25,M10E_PFD1000_25_P11_y0-x1,2025-10-13 12:21:09,2025-10-19 11:11:44,142.84305555555557,cropped_B0000455_y0-x1.jpg,binary_cropped_B0000455_y0-x1.jpg,326800,522.88,0,0,0,0,0,lab_threshold_L0-255_a90-135_b155-255+remove_thin_crescent_components,photos/13102025/Day6/B0000455.JPG,processed/split_wells/13102025/cropped_B0000455_y0-x1.jpg,processed/binary_wells/13102025/binary_cropped_B0000455_y0-x1.jpg
13102025,batch2L,Day6,B0000455.jpg,P11,y0-x2,P11_y0-x2,Wh,PFD1000,25,Wh_PFD1000_25_P11_y0-x2,2025-10-13 12:21:09,2025-10-19 11:11:44,142.84305555555557,cropped_B0000455_y0-x2.jpg,binary_cropped_B0000455_y0-x2.jpg,321844,514.9504000000001,0,0,0,0,0,lab_threshold_L0-255_a90-135_b155-255+remove_thin_crescent_components,photos/13102025/Day6/B0000455.JPG,processed/split_wells/13102025/cropped_B0000455_y0-x2.jpg,processed/binary_wells/13102025/binary_cropped_B0000455_y0-x2.jpg
13102025,batch2L,Day6,B0000455.jpg,P11,y1-x0,P11_y1-x0,Wh,PFD1000,25,Wh_PFD1000_25_P11_y1-x0,2025-10-13 12:21:09,2025-10-19 11:11:44,142.84305555555557,cropped_B0000455_y1-x0.jpg,binary_cropped_B0000455_y1-x0.jpg,196830,314.928,0,0,0,0,0,lab_threshold_L0-255_a90-135_b155-255+remove_thin_crescent_components,photos/13102025/Day6/B0000455.JPG,processed/split_wells/13102025/cropped_B0000455_y1-x0.jpg,processed/binary_wells/13102025/binary_cropped_B0000455_y1-x0.jpg
13102025,batch2L,Day6,B0000455.jpg,P11,y1-x1,P11_y1-x1,Lgp8L,PFD1000,25,Lgp8L_PFD1000_25_P11_y1-x1,2025-10-13 12:21:09,2025-10-19 11:11:44,142.84305555555557,cropped_B0000455_y1-x1.jpg,binary_cropped_B0000455_y1-x1.jpg,262391,419.8256,0,0,0,0,0,lab_threshold_L0-255_a90-135_b155-255+remove_thin_crescent_components,photos/13102025/Day6/B0000455.JPG,processed/split_wells/13102025/cropped_B0000455_y1-x1.jpg,processed/binary_wells/13102025/binary_cropped_B0000455_y1-x1.jpg
13102025,batch2L,Day6,B0000455.jpg,P11,y1-x2,P11_y1-x2,M10E,PFD1000,25,M10E_PFD1000_25_P11_y1-x2,2025-10-13 12:21:09,2025-10-19 11:11:44,142.84305555555557,cropped_B0000455_y1-x2.jpg,binary_cropped_B0000455_y1-x2.jpg,355229,568.3664,0,0,0,0,0,lab_threshold_L0-255_a90-135_b155-255+remove_thin_crescent_components,photos/13102025/Day6/B0000455.JPG,processed/split_wells/13102025/cropped_B0000455_y1-x2.jpg,processed/binary_wells/13102025/binary_cropped_B0000455_y1-x2.jpg
13102025,batch2L,Day6,B0000456.jpg,P12,y0-x0,P12_y0-x0,M10E,PFD1000,25,M10E_PFD1000_25_P12_y0-x0,2025-10-13 12:21:09,2025-10-19 11:12:01,142.84777777777776,cropped_B0000456_y0-x0.jpg,binary_cropped_B0000456_y0-x0.jpg,318749,509.9984,0,0,0,0,0,lab_threshold_L0-255_a90-135_b155-255+remove_thin_crescent_components,photos/13102025/Day6/B0000456.JPG,processed/split_wells/13102025/cropped_B0000456_y0-x0.jpg,processed/binary_wells/13102025/binary_cropped_B0000456_y0-x0.jpg
13102025,batch2L,Day6,B0000456.jpg,P12,y0-x1,P12_y0-x1,Wh,PFD1000,25,Wh_PFD1000_25_P12_y0-x1,2025-10-13 12:21:09,2025-10-19 11:12:01,142.84777777777776,cropped_B0000456_y0-x1.jpg,binary_cropped_B0000456_y0-x1.jpg,435086,696.1376,0,0,0,0,0,lab_threshold_L0-255_a90-135_b155-255+remove_thin_crescent_components,photos/13102025/Day6/B0000456.JPG,processed/split_wells/13102025/cropped_B0000456_y0-x1.jpg,processed/binary_wells/13102025/binary_cropped_B0000456_y0-x1.jpg
13102025,batch2L,Day6,B0000456.jpg,P12,y0-x2,P12_y0-x2,Lgp8L,PFD1000,25,Lgp8L_PFD1000_25_P12_y0-x2,2025-10-13 12:21:09,2025-10-19 11:12:01,142.84777777777776,cropped_B0000456_y0-x2.jpg,binary_cropped_B0000456_y0-x2.jpg,275746,441.1936,0,0,0,0,0,lab_threshold_L0-255_a90-135_b155-255+remove_thin_crescent_components,photos/13102025/Day6/B0000456.JPG,processed/split_wells/13102025/cropped_B0000456_y0-x2.jpg,processed/binary_wells/13102025/binary_cropped_B0000456_y0-x2.jpg
13102025,batch2L,Day6,B0000456.jpg,P12,y1-x0,P12_y1-x0,Lgp8L,PFD1000,25,Lgp8L_PFD1000_25_P12_y1-x0,2025-10-13 12:21:09,2025-10-19 11:12:01,142.84777777777776,cropped_B0000456_y1-x0.jpg,binary_cropped_B0000456_y1-x0.jpg,218174,349.07840000000004,0,0,0,0,0,lab_threshold_L0-255_a90-135_b155-255+remove_thin_crescent_components,photos/13102025/Day6/B0000456.JPG,processed/split_wells/13102025/cropped_B0000456_y1-x0.jpg,processed/binary_wells/13102025/binary_cropped_B0000456_y1-x0.jpg
13102025,batch2L,Day6,B0000456.jpg,P12,y1-x1,P12_y1-x1,M10E,PFD1000,25,M10E_PFD1000_25_P12_y1-x1,2025-10-13 12:21:09,2025-10-19 11:12:01,142.84777777777776,cropped_B0000456_y1-x1.jpg,binary_cropped_B0000456_y1-x1.jpg,399819,639.7104,0,0,0,0,0,lab_threshold_L0-255_a90-135_b155-255+remove_thin_crescent_components,photos/13102025/Day6/B0000456.JPG,processed/split_wells/13102025/cropped_B0000456_y1-x1.jpg,processed/binary_wells/13102025/binary_cropped_B0000456_y1-x1.jpg
13102025,batch2L,Day6,B0000456.jpg,P12,y1-x2,P12_y1-x2,Wh,PFD1000,25,Wh_PFD1000_25_P12_y1-x2,2025-10-13 12:21:09,2025-10-19 11:12:01,142.84777777777776,cropped_B0000456_y1-x2.jpg,binary_cropped_B0000456_y1-x2.jpg,374300,598.88,0,0,0,0,0,lab_threshold_L0-255_a90-135_b155-255+remove_thin_crescent_components,photos/13102025/Day6/B0000456.JPG,processed/split_wells/13102025/cropped_B0000456_y1-x2.jpg,processed/binary_wells/13102025/binary_cropped_B0000456_y1-x2.jpg
13102025,batch2L,Day7,B0000457.jpg,P09,y0-x0,P09_y0-x0,Lgp8L,PFD100,25,Lgp8L_PFD100_25_P09_y0-x0,2025-10-13 12:21:09,2025-10-20 11:01:30,166.6725,cropped_B0000457_y0-x0.jpg,binary_cropped_B0000457_y0-x0.jpg,187521,300.03360000000004,0,0,0,6163,2,lab_threshold_L0-255_a90-135_b155-255+remove_thin_crescent_components,photos/13102025/Day7/B0000457.JPG,processed/split_wells/13102025/cropped_B0000457_y0-x0.jpg,processed/binary_wells/13102025/binary_cropped_B0000457_y0-x0.jpg
13102025,batch2L,Day7,B0000457.jpg,P09,y0-x1,P09_y0-x1,M10E,PFD100,25,M10E_PFD100_25_P09_y0-x1,2025-10-13 12:21:09,2025-10-20 11:01:30,166.6725,cropped_B0000457_y0-x1.jpg,binary_cropped_B0000457_y0-x1.jpg,293720,469.952,0,0,0,0,0,lab_threshold_L0-255_a90-135_b155-255+remove_thin_crescent_components,photos/13102025/Day7/B0000457.JPG,processed/split_wells/13102025/cropped_B0000457_y0-x1.jpg,processed/binary_wells/13102025/binary_cropped_B0000457_y0-x1.jpg
13102025,batch2L,Day7,B0000457.jpg,P09,y0-x2,P09_y0-x2,Wh,PFD100,25,Wh_PFD100_25_P09_y0-x2,2025-10-13 12:21:09,2025-10-20 11:01:30,166.6725,cropped_B0000457_y0-x2.jpg,binary_cropped_B0000457_y0-x2.jpg,155688,249.10080000000002,0,0,0,18252,1,lab_threshold_L0-255_a90-135_b155-255+remove_thin_crescent_components,photos/13102025/Day7/B0000457.JPG,processed/split_wells/13102025/cropped_B0000457_y0-x2.jpg,processed/binary_wells/13102025/binary_cropped_B0000457_y0-x2.jpg
13102025,batch2L,Day7,B0000457.jpg,P09,y1-x0,P09_y1-x0,Wh,PFD100,25,Wh_PFD100_25_P09_y1-x0,2025-10-13 12:21:09,2025-10-20 11:01:30,166.6725,cropped_B0000457_y1-x0.jpg,binary_cropped_B0000457_y1-x0.jpg,159080,254.52800000000002,0,0,0,21372,2,lab_threshold_L0-255_a90-135_b155-255+remove_thin_crescent_components,photos/13102025/Day7/B0000457.JPG,processed/split_wells/13102025/cropped_B0000457_y1-x0.jpg,processed/binary_wells/13102025/binary_cropped_B0000457_y1-x0.jpg
13102025,batch2L,Day7,B0000457.jpg,P09,y1-x1,P09_y1-x1,Lgp8L,PFD100,25,Lgp8L_PFD100_25_P09_y1-x1,2025-10-13 12:21:09,2025-10-20 11:01:30,166.6725,cropped_B0000457_y1-x1.jpg,binary_cropped_B0000457_y1-x1.jpg,254261,406.8176,0,0,0,0,0,lab_threshold_L0-255_a90-135_b155-255+remove_thin_crescent_components,photos/13102025/Day7/B0000457.JPG,processed/split_wells/13102025/cropped_B0000457_y1-x1.jpg,processed/binary_wells/13102025/binary_cropped_B0000457_y1-x1.jpg
13102025,batch2L,Day7,B0000457.jpg,P09,y1-x2,P09_y1-x2,M10E,PFD100,25,M10E_PFD100_25_P09_y1-x2,2025-10-13 12:21:09,2025-10-20 11:01:30,166.6725,cropped_B0000457_y1-x2.jpg,binary_cropped_B0000457_y1-x2.jpg,334773,535.6368,0,0,0,921,1,lab_threshold_L0-255_a90-135_b155-255+remove_thin_crescent_components,photos/13102025/Day7/B0000457.JPG,processed/split_wells/13102025/cropped_B0000457_y1-x2.jpg,processed/binary_wells/13102025/binary_cropped_B0000457_y1-x2.jpg
13102025,batch2L,Day7,B0000458.jpg,P10,y0-x0,P10_y0-x0,M10E,PFD100,25,M10E_PFD100_25_P10_y0-x0,2025-10-13 12:21:09,2025-10-20 11:02:42,166.6925,cropped_B0000458_y0-x0.jpg,binary_cropped_B0000458_y0-x0.jpg,354913,567.8608,0,0,0,6312,2,lab_threshold_L0-255_a90-135_b155-255+remove_thin_crescent_components,photos/13102025/Day7/B0000458.JPG,processed/split_wells/13102025/cropped_B0000458_y0-x0.jpg,processed/binary_wells/13102025/binary_cropped_B0000458_y0-x0.jpg
13102025,batch2L,Day7,B0000458.jpg,P10,y0-x1,P10_y0-x1,Wh,PFD100,25,Wh_PFD100_25_P10_y0-x1,2025-10-13 12:21:09,2025-10-20 11:02:42,166.6925,cropped_B0000458_y0-x1.jpg,binary_cropped_B0000458_y0-x1.jpg,262143,419.4288,0,0,0,0,0,lab_threshold_L0-255_a90-135_b155-255+remove_thin_crescent_components,photos/13102025/Day7/B0000458.JPG,processed/split_wells/13102025/cropped_B0000458_y0-x1.jpg,processed/binary_wells/13102025/binary_cropped_B0000458_y0-x1.jpg
13102025,batch2L,Day7,B0000458.jpg,P10,y0-x2,P10_y0-x2,Lgp8L,PFD100,25,Lgp8L_PFD100_25_P10_y0-x2,2025-10-13 12:21:09,2025-10-20 11:02:42,166.6925,cropped_B0000458_y0-x2.jpg,binary_cropped_B0000458_y0-x2.jpg,263002,420.8032,0,0,0,3431,2,lab_threshold_L0-255_a90-135_b155-255+remove_thin_crescent_components,photos/13102025/Day7/B0000458.JPG,processed/split_wells/13102025/cropped_B0000458_y0-x2.jpg,processed/binary_wells/13102025/binary_cropped_B0000458_y0-x2.jpg
13102025,batch2L,Day7,B0000458.jpg,P10,y1-x0,P10_y1-x0,Lgp8L,PFD100,25,Lgp8L_PFD100_25_P10_y1-x0,2025-10-13 12:21:09,2025-10-20 11:02:42,166.6925,cropped_B0000458_y1-x0.jpg,binary_cropped_B0000458_y1-x0.jpg,217398,347.83680000000004,0,0,0,418,1,lab_threshold_L0-255_a90-135_b155-255+remove_thin_crescent_components,photos/13102025/Day7/B0000458.JPG,processed/split_wells/13102025/cropped_B0000458_y1-x0.jpg,processed/binary_wells/13102025/binary_cropped_B0000458_y1-x0.jpg
13102025,batch2L,Day7,B0000458.jpg,P10,y1-x1,P10_y1-x1,M10E,PFD100,25,M10E_PFD100_25_P10_y1-x1,2025-10-13 12:21:09,2025-10-20 11:02:42,166.6925,cropped_B0000458_y1-x1.jpg,binary_cropped_B0000458_y1-x1.jpg,306241,489.98560000000003,0,0,0,0,0,lab_threshold_L0-255_a90-135_b155-255+remove_thin_crescent_components,photos/13102025/Day7/B0000458.JPG,processed/split_wells/13102025/cropped_B0000458_y1-x1.jpg,processed/binary_wells/13102025/binary_cropped_B0000458_y1-x1.jpg
13102025,batch2L,Day7,B0000458.jpg,P10,y1-x2,P10_y1-x2,Wh,PFD100,25,Wh_PFD100_25_P10_y1-x2,2025-10-13 12:21:09,2025-10-20 11:02:42,166.6925,cropped_B0000458_y1-x2.jpg,binary_cropped_B0000458_y1-x2.jpg,174559,279.2944,0,0,0,40983,3,lab_threshold_L0-255_a90-135_b155-255+remove_thin_crescent_components,photos/13102025/Day7/B0000458.JPG,processed/split_wells/13102025/cropped_B0000458_y1-x2.jpg,processed/binary_wells/13102025/binary_cropped_B0000458_y1-x2.jpg
13102025,batch2L,Day7,B0000459.jpg,P11,y0-x0,P11_y0-x0,Lgp8L,PFD1000,25,Lgp8L_PFD1000_25_P11_y0-x0,2025-10-13 12:21:09,2025-10-20 11:03:08,166.69972222222222,cropped_B0000459_y0-x0.jpg,binary_cropped_B0000459_y0-x0.jpg,237943,380.7088,0,0,0,1045,1,lab_threshold_L0-255_a90-135_b155-255+remove_thin_crescent_components,photos/13102025/Day7/B0000459.JPG,processed/split_wells/13102025/cropped_B0000459_y0-x0.jpg,processed/binary_wells/13102025/binary_cropped_B0000459_y0-x0.jpg
13102025,batch2L,Day7,B0000459.jpg,P11,y0-x1,P11_y0-x1,M10E,PFD1000,25,M10E_PFD1000_25_P11_y0-x1,2025-10-13 12:21:09,2025-10-20 11:03:08,166.69972222222222,cropped_B0000459_y0-x1.jpg,binary_cropped_B0000459_y0-x1.jpg,383777,614.0432000000001,0,0,0,0,0,lab_threshold_L0-255_a90-135_b155-255+remove_thin_crescent_components,photos/13102025/Day7/B0000459.JPG,processed/split_wells/13102025/cropped_B0000459_y0-x1.jpg,processed/binary_wells/13102025/binary_cropped_B0000459_y0-x1.jpg
13102025,batch2L,Day7,B0000459.jpg,P11,y0-x2,P11_y0-x2,Wh,PFD1000,25,Wh_PFD1000_25_P11_y0-x2,2025-10-13 12:21:09,2025-10-20 11:03:08,166.69972222222222,cropped_B0000459_y0-x2.jpg,binary_cropped_B0000459_y0-x2.jpg,351042,561.6672,0,0,0,0,0,lab_threshold_L0-255_a90-135_b155-255+remove_thin_crescent_components,photos/13102025/Day7/B0000459.JPG,processed/split_wells/13102025/cropped_B0000459_y0-x2.jpg,processed/binary_wells/13102025/binary_cropped_B0000459_y0-x2.jpg
13102025,batch2L,Day7,B0000459.jpg,P11,y1-x0,P11_y1-x0,Wh,PFD1000,25,Wh_PFD1000_25_P11_y1-x0,2025-10-13 12:21:09,2025-10-20 11:03:08,166.69972222222222,cropped_B0000459_y1-x0.jpg,binary_cropped_B0000459_y1-x0.jpg,239736,383.5776,0,0,0,0,0,lab_threshold_L0-255_a90-135_b155-255+remove_thin_crescent_components,photos/13102025/Day7/B0000459.JPG,processed/split_wells/13102025/cropped_B0000459_y1-x0.jpg,processed/binary_wells/13102025/binary_cropped_B0000459_y1-x0.jpg
13102025,batch2L,Day7,B0000459.jpg,P11,y1-x1,P11_y1-x1,Lgp8L,PFD1000,25,Lgp8L_PFD1000_25_P11_y1-x1,2025-10-13 12:21:09,2025-10-20 11:03:08,166.69972222222222,cropped_B0000459_y1-x1.jpg,binary_cropped_B0000459_y1-x1.jpg,277720,444.35200000000003,0,0,0,0,0,lab_threshold_L0-255_a90-135_b155-255+remove_thin_crescent_components,photos/13102025/Day7/B0000459.JPG,processed/split_wells/13102025/cropped_B0000459_y1-x1.jpg,processed/binary_wells/13102025/binary_cropped_B0000459_y1-x1.jpg
13102025,batch2L,Day7,B0000459.jpg,P11,y1-x2,P11_y1-x2,M10E,PFD1000,25,M10E_PFD1000_25_P11_y1-x2,2025-10-13 12:21:09,2025-10-20 11:03:08,166.69972222222222,cropped_B0000459_y1-x2.jpg,binary_cropped_B0000459_y1-x2.jpg,398437,637.4992000000001,0,0,0,0,0,lab_threshold_L0-255_a90-135_b155-255+remove_thin_crescent_components,photos/13102025/Day7/B0000459.JPG,processed/split_wells/13102025/cropped_B0000459_y1-x2.jpg,processed/binary_wells/13102025/binary_cropped_B0000459_y1-x2.jpg
13102025,batch2L,Day7,B0000460.jpg,P12,y0-x0,P12_y0-x0,M10E,PFD1000,25,M10E_PFD1000_25_P12_y0-x0,2025-10-13 12:21:09,2025-10-20 11:03:56,166.71305555555554,cropped_B0000460_y0-x0.jpg,binary_cropped_B0000460_y0-x0.jpg,362706,580.3296,0,0,0,0,0,lab_threshold_L0-255_a90-135_b155-255+remove_thin_crescent_components,photos/13102025/Day7/B0000460.JPG,processed/split_wells/13102025/cropped_B0000460_y0-x0.jpg,processed/binary_wells/13102025/binary_cropped_B0000460_y0-x0.jpg
13102025,batch2L,Day7,B0000460.jpg,P12,y0-x1,P12_y0-x1,Wh,PFD1000,25,Wh_PFD1000_25_P12_y0-x1,2025-10-13 12:21:09,2025-10-20 11:03:56,166.71305555555554,cropped_B0000460_y0-x1.jpg,binary_cropped_B0000460_y0-x1.jpg,486429,778.2864000000001,0,0,0,0,0,lab_threshold_L0-255_a90-135_b155-255+remove_thin_crescent_components,photos/13102025/Day7/B0000460.JPG,processed/split_wells/13102025/cropped_B0000460_y0-x1.jpg,processed/binary_wells/13102025/binary_cropped_B0000460_y0-x1.jpg
13102025,batch2L,Day7,B0000460.jpg,P12,y0-x2,P12_y0-x2,Lgp8L,PFD1000,25,Lgp8L_PFD1000_25_P12_y0-x2,2025-10-13 12:21:09,2025-10-20 11:03:56,166.71305555555554,cropped_B0000460_y0-x2.jpg,binary_cropped_B0000460_y0-x2.jpg,305405,488.648,0,0,0,0,0,lab_threshold_L0-255_a90-135_b155-255+remove_thin_crescent_components,photos/13102025/Day7/B0000460.JPG,processed/split_wells/13102025/cropped_B0000460_y0-x2.jpg,processed/binary_wells/13102025/binary_cropped_B0000460_y0-x2.jpg
13102025,batch2L,Day7,B0000460.jpg,P12,y1-x0,P12_y1-x0,Lgp8L,PFD1000,25,Lgp8L_PFD1000_25_P12_y1-x0,2025-10-13 12:21:09,2025-10-20 11:03:56,166.71305555555554,cropped_B0000460_y1-x0.jpg,binary_cropped_B0000460_y1-x0.jpg,250629,401.00640000000004,0,0,0,0,0,lab_threshold_L0-255_a90-135_b155-255+remove_thin_crescent_components,photos/13102025/Day7/B0000460.JPG,processed/split_wells/13102025/cropped_B0000460_y1-x0.jpg,processed/binary_wells/13102025/binary_cropped_B0000460_y1-x0.jpg
13102025,batch2L,Day7,B0000460.jpg,P12,y1-x1,P12_y1-x1,M10E,PFD1000,25,M10E_PFD1000_25_P12_y1-x1,2025-10-13 12:21:09,2025-10-20 11:03:56,166.71305555555554,cropped_B0000460_y1-x1.jpg,binary_cropped_B0000460_y1-x1.jpg,456957,731.1312,0,0,0,0,0,lab_threshold_L0-255_a90-135_b155-255+remove_thin_crescent_components,photos/13102025/Day7/B0000460.JPG,processed/split_wells/13102025/cropped_B0000460_y1-x1.jpg,processed/binary_wells/13102025/binary_cropped_B0000460_y1-x1.jpg
13102025,batch2L,Day7,B0000460.jpg,P12,y1-x2,P12_y1-x2,Wh,PFD1000,25,Wh_PFD1000_25_P12_y1-x2,2025-10-13 12:21:09,2025-10-20 11:03:56,166.71305555555554,cropped_B0000460_y1-x2.jpg,binary_cropped_B0000460_y1-x2.jpg,442917,708.6672,0,0,0,0,0,lab_threshold_L0-255_a90-135_b155-255+remove_thin_crescent_components,photos/13102025/Day7/B0000460.JPG,processed/split_wells/13102025/cropped_B0000460_y1-x2.jpg,processed/binary_wells/13102025/binary_cropped_B0000460_y1-x2.jpg
20102025,batch3L,Day0,B0000474.jpg,P23,y0-x0,P23_y0-x0,Lgp8L,PFD100,25,Lgp8L_PFD100_25_P23_y0-x0,2025-10-20 13:54:09,2025-10-20 13:54:09,0.0,cropped_B0000474_y0-x0.jpg,binary_cropped_B0000474_y0-x0.jpg,50568,80.9088,0,0,0,3582,2,lab_threshold_L0-255_a90-135_b155-255+remove_thin_crescent_components,photos/20102025/Day0/B0000474.JPG,processed/split_wells/20102025/cropped_B0000474_y0-x0.jpg,processed/binary_wells/20102025/binary_cropped_B0000474_y0-x0.jpg
20102025,batch3L,Day0,B0000474.jpg,P23,y0-x1,P23_y0-x1,M10E,PFD100,25,M10E_PFD100_25_P23_y0-x1,2025-10-20 13:54:09,2025-10-20 13:54:09,0.0,cropped_B0000474_y0-x1.jpg,binary_cropped_B0000474_y0-x1.jpg,67149,107.4384,0,0,0,595,1,lab_threshold_L0-255_a90-135_b155-255+remove_thin_crescent_components,photos/20102025/Day0/B0000474.JPG,processed/split_wells/20102025/cropped_B0000474_y0-x1.jpg,processed/binary_wells/20102025/binary_cropped_B0000474_y0-x1.jpg
20102025,batch3L,Day0,B0000474.jpg,P23,y0-x2,P23_y0-x2,Wn,PFD100,25,Wn_PFD100_25_P23_y0-x2,2025-10-20 13:54:09,2025-10-20 13:54:09,0.0,cropped_B0000474_y0-x2.jpg,binary_cropped_B0000474_y0-x2.jpg,41128,65.8048,0,0,0,5040,2,lab_threshold_L0-255_a90-135_b155-255+remove_thin_crescent_components,photos/20102025/Day0/B0000474.JPG,processed/split_wells/20102025/cropped_B0000474_y0-x2.jpg,processed/binary_wells/20102025/binary_cropped_B0000474_y0-x2.jpg
20102025,batch3L,Day0,B0000474.jpg,P23,y1-x0,P23_y1-x0,Wn,PFD100,25,Wn_PFD100_25_P23_y1-x0,2025-10-20 13:54:09,2025-10-20 13:54:09,0.0,cropped_B0000474_y1-x0.jpg,binary_cropped_B0000474_y1-x0.jpg,43457,69.5312,0,0,0,999,2,lab_threshold_L0-255_a90-135_b155-255+remove_thin_crescent_components,photos/20102025/Day0/B0000474.JPG,processed/split_wells/20102025/cropped_B0000474_y1-x0.jpg,processed/binary_wells/20102025/binary_cropped_B0000474_y1-x0.jpg
20102025,batch3L,Day0,B0000474.jpg,P23,y1-x1,P23_y1-x1,Lgp8L,PFD100,25,Lgp8L_PFD100_25_P23_y1-x1,2025-10-20 13:54:09,2025-10-20 13:54:09,0.0,cropped_B0000474_y1-x1.jpg,binary_cropped_B0000474_y1-x1.jpg,54015,86.424,0,0,0,0,0,lab_threshold_L0-255_a90-135_b155-255+remove_thin_crescent_components,photos/20102025/Day0/B0000474.JPG,processed/split_wells/20102025/cropped_B0000474_y1-x1.jpg,processed/binary_wells/20102025/binary_cropped_B0000474_y1-x1.jpg
20102025,batch3L,Day0,B0000474.jpg,P23,y1-x2,P23_y1-x2,M10E,PFD100,25,M10E_PFD100_25_P23_y1-x2,2025-10-20 13:54:09,2025-10-20 13:54:09,0.0,cropped_B0000474_y1-x2.jpg,binary_cropped_B0000474_y1-x2.jpg,49618,79.3888,0,0,0,685,1,lab_threshold_L0-255_a90-135_b155-255+remove_thin_crescent_components,photos/20102025/Day0/B0000474.JPG,processed/split_wells/20102025/cropped_B0000474_y1-x2.jpg,processed/binary_wells/20102025/binary_cropped_B0000474_y1-x2.jpg
20102025,batch3L,Day0,B0000475.jpg,P24,y0-x0,P24_y0-x0,Lgp8L,PFD1000,25,Lgp8L_PFD1000_25_P24_y0-x0,2025-10-20 13:54:09,2025-10-20 13:55:32,0.023055555555555555,cropped_B0000475_y0-x0.jpg,binary_cropped_B0000475_y0-x0.jpg,48414,77.4624,0,0,0,564,1,lab_threshold_L0-255_a90-135_b155-255+remove_thin_crescent_components,photos/20102025/Day0/B0000475.JPG,processed/split_wells/20102025/cropped_B0000475_y0-x0.jpg,processed/binary_wells/20102025/binary_cropped_B0000475_y0-x0.jpg
20102025,batch3L,Day0,B0000475.jpg,P24,y0-x1,P24_y0-x1,M10E,PFD1000,25,M10E_PFD1000_25_P24_y0-x1,2025-10-20 13:54:09,2025-10-20 13:55:32,0.023055555555555555,cropped_B0000475_y0-x1.jpg,binary_cropped_B0000475_y0-x1.jpg,57782,92.4512,0,0,0,0,0,lab_threshold_L0-255_a90-135_b155-255+remove_thin_crescent_components,photos/20102025/Day0/B0000475.JPG,processed/split_wells/20102025/cropped_B0000475_y0-x1.jpg,processed/binary_wells/20102025/binary_cropped_B0000475_y0-x1.jpg
20102025,batch3L,Day0,B0000475.jpg,P24,y0-x2,P24_y0-x2,Wn,PFD1000,25,Wn_PFD1000_25_P24_y0-x2,2025-10-20 13:54:09,2025-10-20 13:55:32,0.023055555555555555,cropped_B0000475_y0-x2.jpg,binary_cropped_B0000475_y0-x2.jpg,23181,37.089600000000004,0,0,0,3597,2,lab_threshold_L0-255_a90-135_b155-255+remove_thin_crescent_components,photos/20102025/Day0/B0000475.JPG,processed/split_wells/20102025/cropped_B0000475_y0-x2.jpg,processed/binary_wells/20102025/binary_cropped_B0000475_y0-x2.jpg
20102025,batch3L,Day0,B0000475.jpg,P24,y1-x0,P24_y1-x0,Wn,PFD1000,25,Wn_PFD1000_25_P24_y1-x0,2025-10-20 13:54:09,2025-10-20 13:55:32,0.023055555555555555,cropped_B0000475_y1-x0.jpg,binary_cropped_B0000475_y1-x0.jpg,14383,23.012800000000002,0,0,0,406,1,lab_threshold_L0-255_a90-135_b155-255+remove_thin_crescent_components,photos/20102025/Day0/B0000475.JPG,processed/split_wells/20102025/cropped_B0000475_y1-x0.jpg,processed/binary_wells/20102025/binary_cropped_B0000475_y1-x0.jpg
20102025,batch3L,Day0,B0000475.jpg,P24,y1-x1,P24_y1-x1,Lgp8L,PFD1000,25,Lgp8L_PFD1000_25_P24_y1-x1,2025-10-20 13:54:09,2025-10-20 13:55:32,0.023055555555555555,cropped_B0000475_y1-x1.jpg,binary_cropped_B0000475_y1-x1.jpg,46042,73.66720000000001,0,0,0,0,0,lab_threshold_L0-255_a90-135_b155-255+remove_thin_crescent_components,photos/20102025/Day0/B0000475.JPG,processed/split_wells/20102025/cropped_B0000475_y1-x1.jpg,processed/binary_wells/20102025/binary_cropped_B0000475_y1-x1.jpg
20102025,batch3L,Day0,B0000475.jpg,P24,y1-x2,P24_y1-x2,M10E,PFD1000,25,M10E_PFD1000_25_P24_y1-x2,2025-10-20 13:54:09,2025-10-20 13:55:32,0.023055555555555555,cropped_B0000475_y1-x2.jpg,binary_cropped_B0000475_y1-x2.jpg,71983,115.17280000000001,0,0,0,1591,3,lab_threshold_L0-255_a90-135_b155-255+remove_thin_crescent_components,photos/20102025/Day0/B0000475.JPG,processed/split_wells/20102025/cropped_B0000475_y1-x2.jpg,processed/binary_wells/20102025/binary_cropped_B0000475_y1-x2.jpg
20102025,batch3L,Day1,B0000484.jpg,P23,y0-x0,P23_y0-x0,Lgp8L,PFD100,25,Lgp8L_PFD100_25_P23_y0-x0,2025-10-20 13:54:09,2025-10-21 11:28:10,21.566944444444445,cropped_B0000484_y0-x0.jpg,binary_cropped_B0000484_y0-x0.jpg,61851,98.9616,0,0,0,3557,1,lab_threshold_L0-255_a90-135_b155-255+remove_thin_crescent_components,photos/20102025/Day1/B0000484.JPG,processed/split_wells/20102025/cropped_B0000484_y0-x0.jpg,processed/binary_wells/20102025/binary_cropped_B0000484_y0-x0.jpg
20102025,batch3L,Day1,B0000484.jpg,P23,y0-x1,P23_y0-x1,M10E,PFD100,25,M10E_PFD100_25_P23_y0-x1,2025-10-20 13:54:09,2025-10-21 11:28:10,21.566944444444445,cropped_B0000484_y0-x1.jpg,binary_cropped_B0000484_y0-x1.jpg,86016,137.62560000000002,0,0,0,966,1,lab_threshold_L0-255_a90-135_b155-255+remove_thin_crescent_components,photos/20102025/Day1/B0000484.JPG,processed/split_wells/20102025/cropped_B0000484_y0-x1.jpg,processed/binary_wells/20102025/binary_cropped_B0000484_y0-x1.jpg
20102025,batch3L,Day1,B0000484.jpg,P23,y0-x2,P23_y0-x2,Wn,PFD100,25,Wn_PFD100_25_P23_y0-x2,2025-10-20 13:54:09,2025-10-21 11:28:10,21.566944444444445,cropped_B0000484_y0-x2.jpg,binary_cropped_B0000484_y0-x2.jpg,45481,72.7696,0,0,0,4847,1,lab_threshold_L0-255_a90-135_b155-255+remove_thin_crescent_components,photos/20102025/Day1/B0000484.JPG,processed/split_wells/20102025/cropped_B0000484_y0-x2.jpg,processed/binary_wells/20102025/binary_cropped_B0000484_y0-x2.jpg
20102025,batch3L,Day1,B0000484.jpg,P23,y1-x0,P23_y1-x0,Wn,PFD100,25,Wn_PFD100_25_P23_y1-x0,2025-10-20 13:54:09,2025-10-21 11:28:10,21.566944444444445,cropped_B0000484_y1-x0.jpg,binary_cropped_B0000484_y1-x0.jpg,52127,83.4032,0,0,0,5517,2,lab_threshold_L0-255_a90-135_b155-255+remove_thin_crescent_components,photos/20102025/Day1/B0000484.JPG,processed/split_wells/20102025/cropped_B0000484_y1-x0.jpg,processed/binary_wells/20102025/binary_cropped_B0000484_y1-x0.jpg
20102025,batch3L,Day1,B0000484.jpg,P23,y1-x1,P23_y1-x1,Lgp8L,PFD100,25,Lgp8L_PFD100_25_P23_y1-x1,2025-10-20 13:54:09,2025-10-21 11:28:10,21.566944444444445,cropped_B0000484_y1-x1.jpg,binary_cropped_B0000484_y1-x1.jpg,66456,106.3296,0,0,0,0,0,lab_threshold_L0-255_a90-135_b155-255+remove_thin_crescent_components,photos/20102025/Day1/B0000484.JPG,processed/split_wells/20102025/cropped_B0000484_y1-x1.jpg,processed/binary_wells/20102025/binary_cropped_B0000484_y1-x1.jpg
20102025,batch3L,Day1,B0000484.jpg,P23,y1-x2,P23_y1-x2,M10E,PFD100,25,M10E_PFD100_25_P23_y1-x2,2025-10-20 13:54:09,2025-10-21 11:28:10,21.566944444444445,cropped_B0000484_y1-x2.jpg,binary_cropped_B0000484_y1-x2.jpg,60723,97.1568,0,0,0,0,0,lab_threshold_L0-255_a90-135_b155-255+remove_thin_crescent_components,photos/20102025/Day1/B0000484.JPG,processed/split_wells/20102025/cropped_B0000484_y1-x2.jpg,processed/binary_wells/20102025/binary_cropped_B0000484_y1-x2.jpg
20102025,batch3L,Day1,B0000485.jpg,P24,y0-x0,P24_y0-x0,Lgp8L,PFD1000,25,Lgp8L_PFD1000_25_P24_y0-x0,2025-10-20 13:54:09,2025-10-21 11:29:17,21.585555555555555,cropped_B0000485_y0-x0.jpg,binary_cropped_B0000485_y0-x0.jpg,61411,98.25760000000001,0,0,0,0,0,lab_threshold_L0-255_a90-135_b155-255+remove_thin_crescent_components,photos/20102025/Day1/B0000485.JPG,processed/split_wells/20102025/cropped_B0000485_y0-x0.jpg,processed/binary_wells/20102025/binary_cropped_B0000485_y0-x0.jpg
20102025,batch3L,Day1,B0000485.jpg,P24,y0-x1,P24_y0-x1,M10E,PFD1000,25,M10E_PFD1000_25_P24_y0-x1,2025-10-20 13:54:09,2025-10-21 11:29:17,21.585555555555555,cropped_B0000485_y0-x1.jpg,binary_cropped_B0000485_y0-x1.jpg,79031,126.4496,0,0,0,0,0,lab_threshold_L0-255_a90-135_b155-255+remove_thin_crescent_components,photos/20102025/Day1/B0000485.JPG,processed/split_wells/20102025/cropped_B0000485_y0-x1.jpg,processed/binary_wells/20102025/binary_cropped_B0000485_y0-x1.jpg
20102025,batch3L,Day1,B0000485.jpg,P24,y0-x2,P24_y0-x2,Wn,PFD1000,25,Wn_PFD1000_25_P24_y0-x2,2025-10-20 13:54:09,2025-10-21 11:29:17,21.585555555555555,cropped_B0000485_y0-x2.jpg,binary_cropped_B0000485_y0-x2.jpg,43312,69.2992,0,0,0,3919,1,lab_threshold_L0-255_a90-135_b155-255+remove_thin_crescent_components,photos/20102025/Day1/B0000485.JPG,processed/split_wells/20102025/cropped_B0000485_y0-x2.jpg,processed/binary_wells/20102025/binary_cropped_B0000485_y0-x2.jpg
20102025,batch3L,Day1,B0000485.jpg,P24,y1-x0,P24_y1-x0,Wn,PFD1000,25,Wn_PFD1000_25_P24_y1-x0,2025-10-20 13:54:09,2025-10-21 11:29:17,21.585555555555555,cropped_B0000485_y1-x0.jpg,binary_cropped_B0000485_y1-x0.jpg,48663,77.8608,0,0,0,2237,1,lab_threshold_L0-255_a90-135_b155-255+remove_thin_crescent_components,photos/20102025/Day1/B0000485.JPG,processed/split_wells/20102025/cropped_B0000485_y1-x0.jpg,processed/binary_wells/20102025/binary_cropped_B0000485_y1-x0.jpg
20102025,batch3L,Day1,B0000485.jpg,P24,y1-x1,P24_y1-x1,Lgp8L,PFD1000,25,Lgp8L_PFD1000_25_P24_y1-x1,2025-10-20 13:54:09,2025-10-21 11:29:17,21.585555555555555,cropped_B0000485_y1-x1.jpg,binary_cropped_B0000485_y1-x1.jpg,59267,94.8272,0,0,0,0,0,lab_threshold_L0-255_a90-135_b155-255+remove_thin_crescent_components,photos/20102025/Day1/B0000485.JPG,processed/split_wells/20102025/cropped_B0000485_y1-x1.jpg,processed/binary_wells/20102025/binary_cropped_B0000485_y1-x1.jpg
20102025,batch3L,Day1,B0000485.jpg,P24,y1-x2,P24_y1-x2,M10E,PFD1000,25,M10E_PFD1000_25_P24_y1-x2,2025-10-20 13:54:09,2025-10-21 11:29:17,21.585555555555555,cropped_B0000485_y1-x2.jpg,binary_cropped_B0000485_y1-x2.jpg,98967,158.34720000000002,0,0,0,437,1,lab_threshold_L0-255_a90-135_b155-255+remove_thin_crescent_components,photos/20102025/Day1/B0000485.JPG,processed/split_wells/20102025/cropped_B0000485_y1-x2.jpg,processed/binary_wells/20102025/binary_cropped_B0000485_y1-x2.jpg
20102025,batch3L,Day2,B0000494.jpg,P23,y0-x0,P23_y0-x0,Lgp8L,PFD100,25,Lgp8L_PFD100_25_P23_y0-x0,2025-10-20 13:54:09,2025-10-22 11:41:05,45.782222222222224,cropped_B0000494_y0-x0.jpg,binary_cropped_B0000494_y0-x0.jpg,71020,113.632,0,0,0,0,0,lab_threshold_L0-255_a90-135_b155-255+remove_thin_crescent_components,photos/20102025/Day2/B0000494.JPG,processed/split_wells/20102025/cropped_B0000494_y0-x0.jpg,processed/binary_wells/20102025/binary_cropped_B0000494_y0-x0.jpg
20102025,batch3L,Day2,B0000494.jpg,P23,y0-x1,P23_y0-x1,M10E,PFD100,25,M10E_PFD100_25_P23_y0-x1,2025-10-20 13:54:09,2025-10-22 11:41:05,45.782222222222224,cropped_B0000494_y0-x1.jpg,binary_cropped_B0000494_y0-x1.jpg,104640,167.424,0,0,0,568,1,lab_threshold_L0-255_a90-135_b155-255+remove_thin_crescent_components,photos/20102025/Day2/B0000494.JPG,processed/split_wells/20102025/cropped_B0000494_y0-x1.jpg,processed/binary_wells/20102025/binary_cropped_B0000494_y0-x1.jpg
20102025,batch3L,Day2,B0000494.jpg,P23,y0-x2,P23_y0-x2,Wn,PFD100,25,Wn_PFD100_25_P23_y0-x2,2025-10-20 13:54:09,2025-10-22 11:41:05,45.782222222222224,cropped_B0000494_y0-x2.jpg,binary_cropped_B0000494_y0-x2.jpg,51569,82.5104,0,0,0,1209,1,lab_threshold_L0-255_a90-135_b155-255+remove_thin_crescent_components,photos/20102025/Day2/B0000494.JPG,processed/split_wells/20102025/cropped_B0000494_y0-x2.jpg,processed/binary_wells/20102025/binary_cropped_B0000494_y0-x2.jpg
20102025,batch3L,Day2,B0000494.jpg,P23,y1-x0,P23_y1-x0,Wn,PFD100,25,Wn_PFD100_25_P23_y1-x0,2025-10-20 13:54:09,2025-10-22 11:41:05,45.782222222222224,cropped_B0000494_y1-x0.jpg,binary_cropped_B0000494_y1-x0.jpg,59633,95.4128,0,0,0,3901,1,lab_threshold_L0-255_a90-135_b155-255+remove_thin_crescent_components,photos/20102025/Day2/B0000494.JPG,processed/split_wells/20102025/cropped_B0000494_y1-x0.jpg,processed/binary_wells/20102025/binary_cropped_B0000494_y1-x0.jpg
20102025,batch3L,Day2,B0000494.jpg,P23,y1-x1,P23_y1-x1,Lgp8L,PFD100,25,Lgp8L_PFD100_25_P23_y1-x1,2025-10-20 13:54:09,2025-10-22 11:41:05,45.782222222222224,cropped_B0000494_y1-x1.jpg,binary_cropped_B0000494_y1-x1.jpg,77607,124.1712,0,0,0,0,0,lab_threshold_L0-255_a90-135_b155-255+remove_thin_crescent_components,photos/20102025/Day2/B0000494.JPG,processed/split_wells/20102025/cropped_B0000494_y1-x1.jpg,processed/binary_wells/20102025/binary_cropped_B0000494_y1-x1.jpg
20102025,batch3L,Day2,B0000494.jpg,P23,y1-x2,P23_y1-x2,M10E,PFD100,25,M10E_PFD100_25_P23_y1-x2,2025-10-20 13:54:09,2025-10-22 11:41:05,45.782222222222224,cropped_B0000494_y1-x2.jpg,binary_cropped_B0000494_y1-x2.jpg,73065,116.90400000000001,0,0,0,0,0,lab_threshold_L0-255_a90-135_b155-255+remove_thin_crescent_components,photos/20102025/Day2/B0000494.JPG,processed/split_wells/20102025/cropped_B0000494_y1-x2.jpg,processed/binary_wells/20102025/binary_cropped_B0000494_y1-x2.jpg
20102025,batch3L,Day2,B0000495.jpg,P24,y0-x0,P24_y0-x0,Lgp8L,PFD1000,25,Lgp8L_PFD1000_25_P24_y0-x0,2025-10-20 13:54:09,2025-10-22 11:44:14,45.834722222222226,cropped_B0000495_y0-x0.jpg,binary_cropped_B0000495_y0-x0.jpg,77686,124.2976,0,0,0,0,0,lab_threshold_L0-255_a90-135_b155-255+remove_thin_crescent_components,photos/20102025/Day2/B0000495.JPG,processed/split_wells/20102025/cropped_B0000495_y0-x0.jpg,processed/binary_wells/20102025/binary_cropped_B0000495_y0-x0.jpg
20102025,batch3L,Day2,B0000495.jpg,P24,y0-x1,P24_y0-x1,M10E,PFD1000,25,M10E_PFD1000_25_P24_y0-x1,2025-10-20 13:54:09,2025-10-22 11:44:14,45.834722222222226,cropped_B0000495_y0-x1.jpg,binary_cropped_B0000495_y0-x1.jpg,113926,182.2816,0,0,0,0,0,lab_threshold_L0-255_a90-135_b155-255+remove_thin_crescent_components,photos/20102025/Day2/B0000495.JPG,processed/split_wells/20102025/cropped_B0000495_y0-x1.jpg,processed/binary_wells/20102025/binary_cropped_B0000495_y0-x1.jpg
20102025,batch3L,Day2,B0000495.jpg,P24,y0-x2,P24_y0-x2,Wn,PFD1000,25,Wn_PFD1000_25_P24_y0-x2,2025-10-20 13:54:09,2025-10-22 11:44:14,45.834722222222226,cropped_B0000495_y0-x2.jpg,binary_cropped_B0000495_y0-x2.jpg,51902,83.0432,0,0,0,4840,1,lab_threshold_L0-255_a90-135_b155-255+remove_thin_crescent_components,photos/20102025/Day2/B0000495.JPG,processed/split_wells/20102025/cropped_B0000495_y0-x2.jpg,processed/binary_wells/20102025/binary_cropped_B0000495_y0-x2.jpg
20102025,batch3L,Day2,B0000495.jpg,P24,y1-x0,P24_y1-x0,Wn,PFD1000,25,Wn_PFD1000_25_P24_y1-x0,2025-10-20 13:54:09,2025-10-22 11:44:14,45.834722222222226,cropped_B0000495_y1-x0.jpg,binary_cropped_B0000495_y1-x0.jpg,50191,80.3056,0,0,0,1891,2,lab_threshold_L0-255_a90-135_b155-255+remove_thin_crescent_components,photos/20102025/Day2/B0000495.JPG,processed/split_wells/20102025/cropped_B0000495_y1-x0.jpg,processed/binary_wells/20102025/binary_cropped_B0000495_y1-x0.jpg
20102025,batch3L,Day2,B0000495.jpg,P24,y1-x1,P24_y1-x1,Lgp8L,PFD1000,25,Lgp8L_PFD1000_25_P24_y1-x1,2025-10-20 13:54:09,2025-10-22 11:44:14,45.834722222222226,cropped_B0000495_y1-x1.jpg,binary_cropped_B0000495_y1-x1.jpg,80153,128.2448,0,0,0,0,0,lab_threshold_L0-255_a90-135_b155-255+remove_thin_crescent_components,photos/20102025/Day2/B0000495.JPG,processed/split_wells/20102025/cropped_B0000495_y1-x1.jpg,processed/binary_wells/20102025/binary_cropped_B0000495_y1-x1.jpg
20102025,batch3L,Day2,B0000495.jpg,P24,y1-x2,P24_y1-x2,M10E,PFD1000,25,M10E_PFD1000_25_P24_y1-x2,2025-10-20 13:54:09,2025-10-22 11:44:14,45.834722222222226,cropped_B0000495_y1-x2.jpg,binary_cropped_B0000495_y1-x2.jpg,151625,242.60000000000002,0,0,0,0,0,lab_threshold_L0-255_a90-135_b155-255+remove_thin_crescent_components,photos/20102025/Day2/B0000495.JPG,processed/split_wells/20102025/cropped_B0000495_y1-x2.jpg,processed/binary_wells/20102025/binary_cropped_B0000495_y1-x2.jpg
20102025,batch3L,Day3,B0000507.jpg,P24,y0-x0,P24_y0-x0,Lgp8L,PFD1000,25,Lgp8L_PFD1000_25_P24_y0-x0,2025-10-20 13:54:09,2025-10-23 12:22:30,70.4725,cropped_B0000507_y0-x0.jpg,binary_cropped_B0000507_y0-x0.jpg,105127,168.2032,0,0,0,789,1,lab_threshold_L0-255_a90-135_b155-255+remove_thin_crescent_components,photos/20102025/Day3/B0000507.JPG,processed/split_wells/20102025/cropped_B0000507_y0-x0.jpg,processed/binary_wells/20102025/binary_cropped_B0000507_y0-x0.jpg
20102025,batch3L,Day3,B0000507.jpg,P24,y0-x1,P24_y0-x1,M10E,PFD1000,25,M10E_PFD1000_25_P24_y0-x1,2025-10-20 13:54:09,2025-10-23 12:22:30,70.4725,cropped_B0000507_y0-x1.jpg,binary_cropped_B0000507_y0-x1.jpg,142995,228.792,0,0,0,0,0,lab_threshold_L0-255_a90-135_b155-255+remove_thin_crescent_components,photos/20102025/Day3/B0000507.JPG,processed/split_wells/20102025/cropped_B0000507_y0-x1.jpg,processed/binary_wells/20102025/binary_cropped_B0000507_y0-x1.jpg
20102025,batch3L,Day3,B0000507.jpg,P24,y0-x2,P24_y0-x2,Wn,PFD1000,25,Wn_PFD1000_25_P24_y0-x2,2025-10-20 13:54:09,2025-10-23 12:22:30,70.4725,cropped_B0000507_y0-x2.jpg,binary_cropped_B0000507_y0-x2.jpg,27709,44.3344,0,0,0,0,0,lab_threshold_L0-255_a90-135_b155-255+remove_thin_crescent_components,photos/20102025/Day3/B0000507.JPG,processed/split_wells/20102025/cropped_B0000507_y0-x2.jpg,processed/binary_wells/20102025/binary_cropped_B0000507_y0-x2.jpg
20102025,batch3L,Day3,B0000507.jpg,P24,y1-x0,P24_y1-x0,Wn,PFD1000,25,Wn_PFD1000_25_P24_y1-x0,2025-10-20 13:54:09,2025-10-23 12:22:30,70.4725,cropped_B0000507_y1-x0.jpg,binary_cropped_B0000507_y1-x0.jpg,14013,22.4208,0,0,0,3571,1,lab_threshold_L0-255_a90-135_b155-255+remove_thin_crescent_components,photos/20102025/Day3/B0000507.JPG,processed/split_wells/20102025/cropped_B0000507_y1-x0.jpg,processed/binary_wells/20102025/binary_cropped_B0000507_y1-x0.jpg
20102025,batch3L,Day3,B0000507.jpg,P24,y1-x1,P24_y1-x1,Lgp8L,PFD1000,25,Lgp8L_PFD1000_25_P24_y1-x1,2025-10-20 13:54:09,2025-10-23 12:22:30,70.4725,cropped_B0000507_y1-x1.jpg,binary_cropped_B0000507_y1-x1.jpg,104115,166.584,0,0,0,0,0,lab_threshold_L0-255_a90-135_b155-255+remove_thin_crescent_components,photos/20102025/Day3/B0000507.JPG,processed/split_wells/20102025/cropped_B0000507_y1-x1.jpg,processed/binary_wells/20102025/binary_cropped_B0000507_y1-x1.jpg
20102025,batch3L,Day3,B0000507.jpg,P24,y1-x2,P24_y1-x2,M10E,PFD1000,25,M10E_PFD1000_25_P24_y1-x2,2025-10-20 13:54:09,2025-10-23 12:22:30,70.4725,cropped_B0000507_y1-x2.jpg,binary_cropped_B0000507_y1-x2.jpg,184538,295.2608,0,0,0,0,0,lab_threshold_L0-255_a90-135_b155-255+remove_thin_crescent_components,photos/20102025/Day3/B0000507.JPG,processed/split_wells/20102025/cropped_B0000507_y1-x2.jpg,processed/binary_wells/20102025/binary_cropped_B0000507_y1-x2.jpg
20102025,batch3L,Day3,B0000508.jpg,P23,y0-x0,P23_y0-x0,Lgp8L,PFD100,25,Lgp8L_PFD100_25_P23_y0-x0,2025-10-20 13:54:09,2025-10-23 12:22:41,70.47555555555556,cropped_B0000508_y0-x0.jpg,binary_cropped_B0000508_y0-x0.jpg,90760,145.216,0,0,0,5815,1,lab_threshold_L0-255_a90-135_b155-255+remove_thin_crescent_components,photos/20102025/Day3/B0000508.JPG,processed/split_wells/20102025/cropped_B0000508_y0-x0.jpg,processed/binary_wells/20102025/binary_cropped_B0000508_y0-x0.jpg
20102025,batch3L,Day3,B0000508.jpg,P23,y0-x1,P23_y0-x1,M10E,PFD100,25,M10E_PFD100_25_P23_y0-x1,2025-10-20 13:54:09,2025-10-23 12:22:41,70.47555555555556,cropped_B0000508_y0-x1.jpg,binary_cropped_B0000508_y0-x1.jpg,131480,210.36800000000002,0,0,0,0,0,lab_threshold_L0-255_a90-135_b155-255+remove_thin_crescent_components,photos/20102025/Day3/B0000508.JPG,processed/split_wells/20102025/cropped_B0000508_y0-x1.jpg,processed/binary_wells/20102025/binary_cropped_B0000508_y0-x1.jpg
20102025,batch3L,Day3,B0000508.jpg,P23,y0-x2,P23_y0-x2,Wn,PFD100,25,Wn_PFD100_25_P23_y0-x2,2025-10-20 13:54:09,2025-10-23 12:22:41,70.47555555555556,cropped_B0000508_y0-x2.jpg,binary_cropped_B0000508_y0-x2.jpg,62405,99.848,0,0,0,5938,2,lab_threshold_L0-255_a90-135_b155-255+remove_thin_crescent_components,photos/20102025/Day3/B0000508.JPG,processed/split_wells/20102025/cropped_B0000508_y0-x2.jpg,processed/binary_wells/20102025/binary_cropped_B0000508_y0-x2.jpg
20102025,batch3L,Day3,B0000508.jpg,P23,y1-x0,P23_y1-x0,Wn,PFD100,25,Wn_PFD100_25_P23_y1-x0,2025-10-20 13:54:09,2025-10-23 12:22:41,70.47555555555556,cropped_B0000508_y1-x0.jpg,binary_cropped_B0000508_y1-x0.jpg,73302,117.28320000000001,0,0,0,6735,1,lab_threshold_L0-255_a90-135_b155-255+remove_thin_crescent_components,photos/20102025/Day3/B0000508.JPG,processed/split_wells/20102025/cropped_B0000508_y1-x0.jpg,processed/binary_wells/20102025/binary_cropped_B0000508_y1-x0.jpg
20102025,batch3L,Day3,B0000508.jpg,P23,y1-x1,P23_y1-x1,Lgp8L,PFD100,25,Lgp8L_PFD100_25_P23_y1-x1,2025-10-20 13:54:09,2025-10-23 12:22:41,70.47555555555556,cropped_B0000508_y1-x1.jpg,binary_cropped_B0000508_y1-x1.jpg,93211,149.13760000000002,0,0,0,0,0,lab_threshold_L0-255_a90-135_b155-255+remove_thin_crescent_components,photos/20102025/Day3/B0000508.JPG,processed/split_wells/20102025/cropped_B0000508_y1-x1.jpg,processed/binary_wells/20102025/binary_cropped_B0000508_y1-x1.jpg
20102025,batch3L,Day3,B0000508.jpg,P23,y1-x2,P23_y1-x2,M10E,PFD100,25,M10E_PFD100_25_P23_y1-x2,2025-10-20 13:54:09,2025-10-23 12:22:41,70.47555555555556,cropped_B0000508_y1-x2.jpg,binary_cropped_B0000508_y1-x2.jpg,90930,145.488,0,0,0,0,0,lab_threshold_L0-255_a90-135_b155-255+remove_thin_crescent_components,photos/20102025/Day3/B0000508.JPG,processed/split_wells/20102025/cropped_B0000508_y1-x2.jpg,processed/binary_wells/20102025/binary_cropped_B0000508_y1-x2.jpg
20102025,batch3L,Day4,B0000515.jpg,P23,y0-x0,P23_y0-x0,Lgp8L,PFD100,25,Lgp8L_PFD100_25_P23_y0-x0,2025-10-20 13:54:09,2025-10-24 11:14:53,93.34555555555555,cropped_B0000515_y0-x0.jpg,binary_cropped_B0000515_y0-x0.jpg,101019,161.6304,0,0,0,3573,1,lab_threshold_L0-255_a90-135_b155-255+remove_thin_crescent_components,photos/20102025/Day4/B0000515.JPG,processed/split_wells/20102025/cropped_B0000515_y0-x0.jpg,processed/binary_wells/20102025/binary_cropped_B0000515_y0-x0.jpg
20102025,batch3L,Day4,B0000515.jpg,P23,y0-x1,P23_y0-x1,M10E,PFD100,25,M10E_PFD100_25_P23_y0-x1,2025-10-20 13:54:09,2025-10-24 11:14:53,93.34555555555555,cropped_B0000515_y0-x1.jpg,binary_cropped_B0000515_y0-x1.jpg,157441,251.90560000000002,0,0,0,0,0,lab_threshold_L0-255_a90-135_b155-255+remove_thin_crescent_components,photos/20102025/Day4/B0000515.JPG,processed/split_wells/20102025/cropped_B0000515_y0-x1.jpg,processed/binary_wells/20102025/binary_cropped_B0000515_y0-x1.jpg
20102025,batch3L,Day4,B0000515.jpg,P23,y0-x2,P23_y0-x2,Wn,PFD100,25,Wn_PFD100_25_P23_y0-x2,2025-10-20 13:54:09,2025-10-24 11:14:53,93.34555555555555,cropped_B0000515_y0-x2.jpg,binary_cropped_B0000515_y0-x2.jpg,70191,112.3056,0,0,0,0,0,lab_threshold_L0-255_a90-135_b155-255+remove_thin_crescent_components,photos/20102025/Day4/B0000515.JPG,processed/split_wells/20102025/cropped_B0000515_y0-x2.jpg,processed/binary_wells/20102025/binary_cropped_B0000515_y0-x2.jpg
20102025,batch3L,Day4,B0000515.jpg,P23,y1-x0,P23_y1-x0,Wn,PFD100,25,Wn_PFD100_25_P23_y1-x0,2025-10-20 13:54:09,2025-10-24 11:14:53,93.34555555555555,cropped_B0000515_y1-x0.jpg,binary_cropped_B0000515_y1-x0.jpg,75170,120.272,0,0,0,8070,2,lab_threshold_L0-255_a90-135_b155-255+remove_thin_crescent_components,photos/20102025/Day4/B0000515.JPG,processed/split_wells/20102025/cropped_B0000515_y1-x0.jpg,processed/binary_wells/20102025/binary_cropped_B0000515_y1-x0.jpg
20102025,batch3L,Day4,B0000515.jpg,P23,y1-x1,P23_y1-x1,Lgp8L,PFD100,25,Lgp8L_PFD100_25_P23_y1-x1,2025-10-20 13:54:09,2025-10-24 11:14:53,93.34555555555555,cropped_B0000515_y1-x1.jpg,binary_cropped_B0000515_y1-x1.jpg,105449,168.7184,0,0,0,0,0,lab_threshold_L0-255_a90-135_b155-255+remove_thin_crescent_components,photos/20102025/Day4/B0000515.JPG,processed/split_wells/20102025/cropped_B0000515_y1-x1.jpg,processed/binary_wells/20102025/binary_cropped_B0000515_y1-x1.jpg
20102025,batch3L,Day4,B0000515.jpg,P23,y1-x2,P23_y1-x2,M10E,PFD100,25,M10E_PFD100_25_P23_y1-x2,2025-10-20 13:54:09,2025-10-24 11:14:53,93.34555555555555,cropped_B0000515_y1-x2.jpg,binary_cropped_B0000515_y1-x2.jpg,112043,179.2688,0,0,0,3393,1,lab_threshold_L0-255_a90-135_b155-255+remove_thin_crescent_components,photos/20102025/Day4/B0000515.JPG,processed/split_wells/20102025/cropped_B0000515_y1-x2.jpg,processed/binary_wells/20102025/binary_cropped_B0000515_y1-x2.jpg
20102025,batch3L,Day4,B0000516.jpg,P24,y0-x0,P24_y0-x0,Lgp8L,PFD1000,25,Lgp8L_PFD1000_25_P24_y0-x0,2025-10-20 13:54:09,2025-10-24 11:16:07,93.36611111111111,cropped_B0000516_y0-x0.jpg,binary_cropped_B0000516_y0-x0.jpg,147037,235.25920000000002,0,0,0,0,0,lab_threshold_L0-255_a90-135_b155-255+remove_thin_crescent_components,photos/20102025/Day4/B0000516.JPG,processed/split_wells/20102025/cropped_B0000516_y0-x0.jpg,processed/binary_wells/20102025/binary_cropped_B0000516_y0-x0.jpg
20102025,batch3L,Day4,B0000516.jpg,P24,y0-x1,P24_y0-x1,M10E,PFD1000,25,M10E_PFD1000_25_P24_y0-x1,2025-10-20 13:54:09,2025-10-24 11:16:07,93.36611111111111,cropped_B0000516_y0-x1.jpg,binary_cropped_B0000516_y0-x1.jpg,191416,306.2656,0,0,0,0,0,lab_threshold_L0-255_a90-135_b155-255+remove_thin_crescent_components,photos/20102025/Day4/B0000516.JPG,processed/split_wells/20102025/cropped_B0000516_y0-x1.jpg,processed/binary_wells/20102025/binary_cropped_B0000516_y0-x1.jpg
20102025,batch3L,Day4,B0000516.jpg,P24,y0-x2,P24_y0-x2,Wn,PFD1000,25,Wn_PFD1000_25_P24_y0-x2,2025-10-20 13:54:09,2025-10-24 11:16:07,93.36611111111111,cropped_B0000516_y0-x2.jpg,binary_cropped_B0000516_y0-x2.jpg,62982,100.77120000000001,0,0,0,2640,1,lab_threshold_L0-255_a90-135_b155-255+remove_thin_crescent_components,photos/20102025/Day4/B0000516.JPG,processed/split_wells/20102025/cropped_B0000516_y0-x2.jpg,processed/binary_wells/20102025/binary_cropped_B0000516_y0-x2.jpg
20102025,batch3L,Day4,B0000516.jpg,P24,y1-x0,P24_y1-x0,Wn,PFD1000,25,Wn_PFD1000_25_P24_y1-x0,2025-10-20 13:54:09,2025-10-24 11:16:07,93.36611111111111,cropped_B0000516_y1-x0.jpg,binary_cropped_B0000516_y1-x0.jpg,51508,82.4128,0,0,0,2897,1,lab_threshold_L0-255_a90-135_b155-255+remove_thin_crescent_components,photos/20102025/Day4/B0000516.JPG,processed/split_wells/20102025/cropped_B0000516_y1-x0.jpg,processed/binary_wells/20102025/binary_cropped_B0000516_y1-x0.jpg
20102025,batch3L,Day4,B0000516.jpg,P24,y1-x1,P24_y1-x1,Lgp8L,PFD1000,25,Lgp8L_PFD1000_25_P24_y1-x1,2025-10-20 13:54:09,2025-10-24 11:16:07,93.36611111111111,cropped_B0000516_y1-x1.jpg,binary_cropped_B0000516_y1-x1.jpg,142081,227.3296,0,0,0,0,0,lab_threshold_L0-255_a90-135_b155-255+remove_thin_crescent_components,photos/20102025/Day4/B0000516.JPG,processed/split_wells/20102025/cropped_B0000516_y1-x1.jpg,processed/binary_wells/20102025/binary_cropped_B0000516_y1-x1.jpg
20102025,batch3L,Day4,B0000516.jpg,P24,y1-x2,P24_y1-x2,M10E,PFD1000,25,M10E_PFD1000_25_P24_y1-x2,2025-10-20 13:54:09,2025-10-24 11:16:07,93.36611111111111,cropped_B0000516_y1-x2.jpg,binary_cropped_B0000516_y1-x2.jpg,257299,411.6784,0,0,0,1552,1,lab_threshold_L0-255_a90-135_b155-255+remove_thin_crescent_components,photos/20102025/Day4/B0000516.JPG,processed/split_wells/20102025/cropped_B0000516_y1-x2.jpg,processed/binary_wells/20102025/binary_cropped_B0000516_y1-x2.jpg
20102025,batch3L,Day5,B0000524.jpg,P23,y0-x0,P23_y0-x0,Lgp8L,PFD100,25,Lgp8L_PFD100_25_P23_y0-x0,2025-10-20 13:54:09,2025-10-25 11:04:49,117.17777777777778,cropped_B0000524_y0-x0.jpg,binary_cropped_B0000524_y0-x0.jpg,131885,211.01600000000002,0,0,0,0,0,lab_threshold_L0-255_a90-135_b155-255+remove_thin_crescent_components,photos/20102025/Day5/B0000524.JPG,processed/split_wells/20102025/cropped_B0000524_y0-x0.jpg,processed/binary_wells/20102025/binary_cropped_B0000524_y0-x0.jpg
20102025,batch3L,Day5,B0000524.jpg,P23,y0-x1,P23_y0-x1,M10E,PFD100,25,M10E_PFD100_25_P23_y0-x1,2025-10-20 13:54:09,2025-10-25 11:04:49,117.17777777777778,cropped_B0000524_y0-x1.jpg,binary_cropped_B0000524_y0-x1.jpg,208806,334.0896,0,0,0,0,0,lab_threshold_L0-255_a90-135_b155-255+remove_thin_crescent_components,photos/20102025/Day5/B0000524.JPG,processed/split_wells/20102025/cropped_B0000524_y0-x1.jpg,processed/binary_wells/20102025/binary_cropped_B0000524_y0-x1.jpg
20102025,batch3L,Day5,B0000524.jpg,P23,y0-x2,P23_y0-x2,Wn,PFD100,25,Wn_PFD100_25_P23_y0-x2,2025-10-20 13:54:09,2025-10-25 11:04:49,117.17777777777778,cropped_B0000524_y0-x2.jpg,binary_cropped_B0000524_y0-x2.jpg,85612,136.97920000000002,0,0,0,0,0,lab_threshold_L0-255_a90-135_b155-255+remove_thin_crescent_components,photos/20102025/Day5/B0000524.JPG,processed/split_wells/20102025/cropped_B0000524_y0-x2.jpg,processed/binary_wells/20102025/binary_cropped_B0000524_y0-x2.jpg
20102025,batch3L,Day5,B0000524.jpg,P23,y1-x0,P23_y1-x0,Wn,PFD100,25,Wn_PFD100_25_P23_y1-x0,2025-10-20 13:54:09,2025-10-25 11:04:49,117.17777777777778,cropped_B0000524_y1-x0.jpg,binary_cropped_B0000524_y1-x0.jpg,96938,155.10080000000002,0,0,0,1256,1,lab_threshold_L0-255_a90-135_b155-255+remove_thin_crescent_components,photos/20102025/Day5/B0000524.JPG,processed/split_wells/20102025/cropped_B0000524_y1-x0.jpg,processed/binary_wells/20102025/binary_cropped_B0000524_y1-x0.jpg
20102025,batch3L,Day5,B0000524.jpg,P23,y1-x1,P23_y1-x1,Lgp8L,PFD100,25,Lgp8L_PFD100_25_P23_y1-x1,2025-10-20 13:54:09,2025-10-25 11:04:49,117.17777777777778,cropped_B0000524_y1-x1.jpg,binary_cropped_B0000524_y1-x1.jpg,141407,226.2512,0,0,0,0,0,lab_threshold_L0-255_a90-135_b155-255+remove_thin_crescent_components,photos/20102025/Day5/B0000524.JPG,processed/split_wells/20102025/cropped_B0000524_y1-x1.jpg,processed/binary_wells/20102025/binary_cropped_B0000524_y1-x1.jpg
20102025,batch3L,Day5,B0000524.jpg,P23,y1-x2,P23_y1-x2,M10E,PFD100,25,M10E_PFD100_25_P23_y1-x2,2025-10-20 13:54:09,2025-10-25 11:04:49,117.17777777777778,cropped_B0000524_y1-x2.jpg,binary_cropped_B0000524_y1-x2.jpg,147159,235.45440000000002,0,0,0,0,0,lab_threshold_L0-255_a90-135_b155-255+remove_thin_crescent_components,photos/20102025/Day5/B0000524.JPG,processed/split_wells/20102025/cropped_B0000524_y1-x2.jpg,processed/binary_wells/20102025/binary_cropped_B0000524_y1-x2.jpg
20102025,batch3L,Day5,B0000525.jpg,P24,y0-x0,P24_y0-x0,Lgp8L,PFD1000,25,Lgp8L_PFD1000_25_P24_y0-x0,2025-10-20 13:54:09,2025-10-25 11:05:21,117.18666666666667,cropped_B0000525_y0-x0.jpg,binary_cropped_B0000525_y0-x0.jpg,225301,360.4816,0,0,0,0,0,lab_threshold_L0-255_a90-135_b155-255+remove_thin_crescent_components,photos/20102025/Day5/B0000525.JPG,processed/split_wells/20102025/cropped_B0000525_y0-x0.jpg,processed/binary_wells/20102025/binary_cropped_B0000525_y0-x0.jpg
20102025,batch3L,Day5,B0000525.jpg,P24,y0-x1,P24_y0-x1,M10E,PFD1000,25,M10E_PFD1000_25_P24_y0-x1,2025-10-20 13:54:09,2025-10-25 11:05:21,117.18666666666667,cropped_B0000525_y0-x1.jpg,binary_cropped_B0000525_y0-x1.jpg,288761,462.0176,0,0,0,0,0,lab_threshold_L0-255_a90-135_b155-255+remove_thin_crescent_components,photos/20102025/Day5/B0000525.JPG,processed/split_wells/20102025/cropped_B0000525_y0-x1.jpg,processed/binary_wells/20102025/binary_cropped_B0000525_y0-x1.jpg
20102025,batch3L,Day5,B0000525.jpg,P24,y0-x2,P24_y0-x2,Wn,PFD1000,25,Wn_PFD1000_25_P24_y0-x2,2025-10-20 13:54:09,2025-10-25 11:05:21,117.18666666666667,cropped_B0000525_y0-x2.jpg,binary_cropped_B0000525_y0-x2.jpg,67159,107.4544,0,0,0,1351,1,lab_threshold_L0-255_a90-135_b155-255+remove_thin_crescent_components,photos/20102025/Day5/B0000525.JPG,processed/split_wells/20102025/cropped_B0000525_y0-x2.jpg,processed/binary_wells/20102025/binary_cropped_B0000525_y0-x2.jpg
20102025,batch3L,Day5,B0000525.jpg,P24,y1-x0,P24_y1-x0,Wn,PFD1000,25,Wn_PFD1000_25_P24_y1-x0,2025-10-20 13:54:09,2025-10-25 11:05:21,117.18666666666667,cropped_B0000525_y1-x0.jpg,binary_cropped_B0000525_y1-x0.jpg,63574,101.7184,0,0,0,0,0,lab_threshold_L0-255_a90-135_b155-255+remove_thin_crescent_components,photos/20102025/Day5/B0000525.JPG,processed/split_wells/20102025/cropped_B0000525_y1-x0.jpg,processed/binary_wells/20102025/binary_cropped_B0000525_y1-x0.jpg
20102025,batch3L,Day5,B0000525.jpg,P24,y1-x1,P24_y1-x1,Lgp8L,PFD1000,25,Lgp8L_PFD1000_25_P24_y1-x1,2025-10-20 13:54:09,2025-10-25 11:05:21,117.18666666666667,cropped_B0000525_y1-x1.jpg,binary_cropped_B0000525_y1-x1.jpg,199407,319.0512,0,0,0,0,0,lab_threshold_L0-255_a90-135_b155-255+remove_thin_crescent_components,photos/20102025/Day5/B0000525.JPG,processed/split_wells/20102025/cropped_B0000525_y1-x1.jpg,processed/binary_wells/20102025/binary_cropped_B0000525_y1-x1.jpg
20102025,batch3L,Day5,B0000525.jpg,P24,y1-x2,P24_y1-x2,M10E,PFD1000,25,M10E_PFD1000_25_P24_y1-x2,2025-10-20 13:54:09,2025-10-25 11:05:21,117.18666666666667,cropped_B0000525_y1-x2.jpg,binary_cropped_B0000525_y1-x2.jpg,321803,514.8848,0,0,0,235,1,lab_threshold_L0-255_a90-135_b155-255+remove_thin_crescent_components,photos/20102025/Day5/B0000525.JPG,processed/split_wells/20102025/cropped_B0000525_y1-x2.jpg,processed/binary_wells/20102025/binary_cropped_B0000525_y1-x2.jpg
20102025,batch3L,Day6,B0000532.jpg,P23,y0-x0,P23_y0-x0,Lgp8L,PFD100,25,Lgp8L_PFD100_25_P23_y0-x0,2025-10-20 13:54:09,2025-10-26 11:04:26,141.17138888888888,cropped_B0000532_y0-x0.jpg,binary_cropped_B0000532_y0-x0.jpg,167288,267.6608,0,0,0,0,0,lab_threshold_L0-255_a90-135_b155-255+remove_thin_crescent_components,photos/20102025/Day6/B0000532.JPG,processed/split_wells/20102025/cropped_B0000532_y0-x0.jpg,processed/binary_wells/20102025/binary_cropped_B0000532_y0-x0.jpg
20102025,batch3L,Day6,B0000532.jpg,P23,y0-x1,P23_y0-x1,M10E,PFD100,25,M10E_PFD100_25_P23_y0-x1,2025-10-20 13:54:09,2025-10-26 11:04:26,141.17138888888888,cropped_B0000532_y0-x1.jpg,binary_cropped_B0000532_y0-x1.jpg,260991,417.5856,0,0,0,0,0,lab_threshold_L0-255_a90-135_b155-255+remove_thin_crescent_components,photos/20102025/Day6/B0000532.JPG,processed/split_wells/20102025/cropped_B0000532_y0-x1.jpg,processed/binary_wells/20102025/binary_cropped_B0000532_y0-x1.jpg
20102025,batch3L,Day6,B0000532.jpg,P23,y0-x2,P23_y0-x2,Wn,PFD100,25,Wn_PFD100_25_P23_y0-x2,2025-10-20 13:54:09,2025-10-26 11:04:26,141.17138888888888,cropped_B0000532_y0-x2.jpg,binary_cropped_B0000532_y0-x2.jpg,101675,162.68,0,0,0,7698,2,lab_threshold_L0-255_a90-135_b155-255+remove_thin_crescent_components,photos/20102025/Day6/B0000532.JPG,processed/split_wells/20102025/cropped_B0000532_y0-x2.jpg,processed/binary_wells/20102025/binary_cropped_B0000532_y0-x2.jpg
20102025,batch3L,Day6,B0000532.jpg,P23,y1-x0,P23_y1-x0,Wn,PFD100,25,Wn_PFD100_25_P23_y1-x0,2025-10-20 13:54:09,2025-10-26 11:04:26,141.17138888888888,cropped_B0000532_y1-x0.jpg,binary_cropped_B0000532_y1-x0.jpg,121793,194.86880000000002,0,0,0,5835,1,lab_threshold_L0-255_a90-135_b155-255+remove_thin_crescent_components,photos/20102025/Day6/B0000532.JPG,processed/split_wells/20102025/cropped_B0000532_y1-x0.jpg,processed/binary_wells/20102025/binary_cropped_B0000532_y1-x0.jpg
20102025,batch3L,Day6,B0000532.jpg,P23,y1-x1,P23_y1-x1,Lgp8L,PFD100,25,Lgp8L_PFD100_25_P23_y1-x1,2025-10-20 13:54:09,2025-10-26 11:04:26,141.17138888888888,cropped_B0000532_y1-x1.jpg,binary_cropped_B0000532_y1-x1.jpg,177013,283.2208,0,0,0,0,0,lab_threshold_L0-255_a90-135_b155-255+remove_thin_crescent_components,photos/20102025/Day6/B0000532.JPG,processed/split_wells/20102025/cropped_B0000532_y1-x1.jpg,processed/binary_wells/20102025/binary_cropped_B0000532_y1-x1.jpg
20102025,batch3L,Day6,B0000532.jpg,P23,y1-x2,P23_y1-x2,M10E,PFD100,25,M10E_PFD100_25_P23_y1-x2,2025-10-20 13:54:09,2025-10-26 11:04:26,141.17138888888888,cropped_B0000532_y1-x2.jpg,binary_cropped_B0000532_y1-x2.jpg,183929,294.2864,0,0,0,0,0,lab_threshold_L0-255_a90-135_b155-255+remove_thin_crescent_components,photos/20102025/Day6/B0000532.JPG,processed/split_wells/20102025/cropped_B0000532_y1-x2.jpg,processed/binary_wells/20102025/binary_cropped_B0000532_y1-x2.jpg
20102025,batch3L,Day6,B0000533.jpg,P24,y0-x0,P24_y0-x0,Lgp8L,PFD1000,25,Lgp8L_PFD1000_25_P24_y0-x0,2025-10-20 13:54:09,2025-10-26 11:05:27,141.18833333333333,cropped_B0000533_y0-x0.jpg,binary_cropped_B0000533_y0-x0.jpg,301157,481.8512,0,0,0,0,0,lab_threshold_L0-255_a90-135_b155-255+remove_thin_crescent_components,photos/20102025/Day6/B0000533.JPG,processed/split_wells/20102025/cropped_B0000533_y0-x0.jpg,processed/binary_wells/20102025/binary_cropped_B0000533_y0-x0.jpg
20102025,batch3L,Day6,B0000533.jpg,P24,y0-x1,P24_y0-x1,M10E,PFD1000,25,M10E_PFD1000_25_P24_y0-x1,2025-10-20 13:54:09,2025-10-26 11:05:27,141.18833333333333,cropped_B0000533_y0-x1.jpg,binary_cropped_B0000533_y0-x1.jpg,373521,597.6336,0,0,0,0,0,lab_threshold_L0-255_a90-135_b155-255+remove_thin_crescent_components,photos/20102025/Day6/B0000533.JPG,processed/split_wells/20102025/cropped_B0000533_y0-x1.jpg,processed/binary_wells/20102025/binary_cropped_B0000533_y0-x1.jpg
20102025,batch3L,Day6,B0000533.jpg,P24,y0-x2,P24_y0-x2,Wn,PFD1000,25,Wn_PFD1000_25_P24_y0-x2,2025-10-20 13:54:09,2025-10-26 11:05:27,141.18833333333333,cropped_B0000533_y0-x2.jpg,binary_cropped_B0000533_y0-x2.jpg,92224,147.5584,0,0,0,5269,1,lab_threshold_L0-255_a90-135_b155-255+remove_thin_crescent_components,photos/20102025/Day6/B0000533.JPG,processed/split_wells/20102025/cropped_B0000533_y0-x2.jpg,processed/binary_wells/20102025/binary_cropped_B0000533_y0-x2.jpg
20102025,batch3L,Day6,B0000533.jpg,P24,y1-x0,P24_y1-x0,Wn,PFD1000,25,Wn_PFD1000_25_P24_y1-x0,2025-10-20 13:54:09,2025-10-26 11:05:27,141.18833333333333,cropped_B0000533_y1-x0.jpg,binary_cropped_B0000533_y1-x0.jpg,77701,124.3216,0,0,0,0,0,lab_threshold_L0-255_a90-135_b155-255+remove_thin_crescent_components,photos/20102025/Day6/B0000533.JPG,processed/split_wells/20102025/cropped_B0000533_y1-x0.jpg,processed/binary_wells/20102025/binary_cropped_B0000533_y1-x0.jpg
20102025,batch3L,Day6,B0000533.jpg,P24,y1-x1,P24_y1-x1,Lgp8L,PFD1000,25,Lgp8L_PFD1000_25_P24_y1-x1,2025-10-20 13:54:09,2025-10-26 11:05:27,141.18833333333333,cropped_B0000533_y1-x1.jpg,binary_cropped_B0000533_y1-x1.jpg,253169,405.0704,0,0,0,0,0,lab_threshold_L0-255_a90-135_b155-255+remove_thin_crescent_components,photos/20102025/Day6/B0000533.JPG,processed/split_wells/20102025/cropped_B0000533_y1-x1.jpg,processed/binary_wells/20102025/binary_cropped_B0000533_y1-x1.jpg
20102025,batch3L,Day6,B0000533.jpg,P24,y1-x2,P24_y1-x2,M10E,PFD1000,25,M10E_PFD1000_25_P24_y1-x2,2025-10-20 13:54:09,2025-10-26 11:05:27,141.18833333333333,cropped_B0000533_y1-x2.jpg,binary_cropped_B0000533_y1-x2.jpg,389929,623.8864,0,0,0,0,0,lab_threshold_L0-255_a90-135_b155-255+remove_thin_crescent_components,photos/20102025/Day6/B0000533.JPG,processed/split_wells/20102025/cropped_B0000533_y1-x2.jpg,processed/binary_wells/20102025/binary_cropped_B0000533_y1-x2.jpg
20102025,batch3L,Day7,B0000541.jpg,P23,y0-x0,P23_y0-x0,Lgp8L,PFD100,25,Lgp8L_PFD100_25_P23_y0-x0,2025-10-20 13:54:09,2025-10-27 11:18:49,165.4111111111111,cropped_B0000541_y0-x0.jpg,binary_cropped_B0000541_y0-x0.jpg,220662,353.05920000000003,0,0,0,5140,2,lab_threshold_L0-255_a90-135_b155-255+remove_thin_crescent_components,photos/20102025/Day7/B0000541.JPG,processed/split_wells/20102025/cropped_B0000541_y0-x0.jpg,processed/binary_wells/20102025/binary_cropped_B0000541_y0-x0.jpg
20102025,batch3L,Day7,B0000541.jpg,P23,y0-x1,P23_y0-x1,M10E,PFD100,25,M10E_PFD100_25_P23_y0-x1,2025-10-20 13:54:09,2025-10-27 11:18:49,165.4111111111111,cropped_B0000541_y0-x1.jpg,binary_cropped_B0000541_y0-x1.jpg,323960,518.336,0,0,0,0,0,lab_threshold_L0-255_a90-135_b155-255+remove_thin_crescent_components,photos/20102025/Day7/B0000541.JPG,processed/split_wells/20102025/cropped_B0000541_y0-x1.jpg,processed/binary_wells/20102025/binary_cropped_B0000541_y0-x1.jpg
20102025,batch3L,Day7,B0000541.jpg,P23,y0-x2,P23_y0-x2,Wn,PFD100,25,Wn_PFD100_25_P23_y0-x2,2025-10-20 13:54:09,2025-10-27 11:18:49,165.4111111111111,cropped_B0000541_y0-x2.jpg,binary_cropped_B0000541_y0-x2.jpg,126744,202.7904,0,0,0,12173,2,lab_threshold_L0-255_a90-135_b155-255+remove_thin_crescent_components,photos/20102025/Day7/B0000541.JPG,processed/split_wells/20102025/cropped_B0000541_y0-x2.jpg,processed/binary_wells/20102025/binary_cropped_B0000541_y0-x2.jpg
20102025,batch3L,Day7,B0000541.jpg,P23,y1-x0,P23_y1-x0,Wn,PFD100,25,Wn_PFD100_25_P23_y1-x0,2025-10-20 13:54:09,2025-10-27 11:18:49,165.4111111111111,cropped_B0000541_y1-x0.jpg,binary_cropped_B0000541_y1-x0.jpg,161867,258.98720000000003,0,0,0,0,0,lab_threshold_L0-255_a90-135_b155-255+remove_thin_crescent_components,photos/20102025/Day7/B0000541.JPG,processed/split_wells/20102025/cropped_B0000541_y1-x0.jpg,processed/binary_wells/20102025/binary_cropped_B0000541_y1-x0.jpg
20102025,batch3L,Day7,B0000541.jpg,P23,y1-x1,P23_y1-x1,Lgp8L,PFD100,25,Lgp8L_PFD100_25_P23_y1-x1,2025-10-20 13:54:09,2025-10-27 11:18:49,165.4111111111111,cropped_B0000541_y1-x1.jpg,binary_cropped_B0000541_y1-x1.jpg,232430,371.88800000000003,0,0,0,0,0,lab_threshold_L0-255_a90-135_b155-255+remove_thin_crescent_components,photos/20102025/Day7/B0000541.JPG,processed/split_wells/20102025/cropped_B0000541_y1-x1.jpg,processed/binary_wells/20102025/binary_cropped_B0000541_y1-x1.jpg
20102025,batch3L,Day7,B0000541.jpg,P23,y1-x2,P23_y1-x2,M10E,PFD100,25,M10E_PFD100_25_P23_y1-x2,2025-10-20 13:54:09,2025-10-27 11:18:49,165.4111111111111,cropped_B0000541_y1-x2.jpg,binary_cropped_B0000541_y1-x2.jpg,253057,404.8912,0,0,0,990,1,lab_threshold_L0-255_a90-135_b155-255+remove_thin_crescent_components,photos/20102025/Day7/B0000541.JPG,processed/split_wells/20102025/cropped_B0000541_y1-x2.jpg,processed/binary_wells/20102025/binary_cropped_B0000541_y1-x2.jpg
20102025,batch3L,Day7,B0000542.jpg,P24,y0-x0,P24_y0-x0,Lgp8L,PFD1000,25,Lgp8L_PFD1000_25_P24_y0-x0,2025-10-20 13:54:09,2025-10-27 11:20:26,165.43805555555556,cropped_B0000542_y0-x0.jpg,binary_cropped_B0000542_y0-x0.jpg,348510,557.616,0,0,0,0,0,lab_threshold_L0-255_a90-135_b155-255+remove_thin_crescent_components,photos/20102025/Day7/B0000542.JPG,processed/split_wells/20102025/cropped_B0000542_y0-x0.jpg,processed/binary_wells/20102025/binary_cropped_B0000542_y0-x0.jpg
20102025,batch3L,Day7,B0000542.jpg,P24,y0-x1,P24_y0-x1,M10E,PFD1000,25,M10E_PFD1000_25_P24_y0-x1,2025-10-20 13:54:09,2025-10-27 11:20:26,165.43805555555556,cropped_B0000542_y0-x1.jpg,binary_cropped_B0000542_y0-x1.jpg,449282,718.8512000000001,0,0,0,0,0,lab_threshold_L0-255_a90-135_b155-255+remove_thin_crescent_components,photos/20102025/Day7/B0000542.JPG,processed/split_wells/20102025/cropped_B0000542_y0-x1.jpg,processed/binary_wells/20102025/binary_cropped_B0000542_y0-x1.jpg
20102025,batch3L,Day7,B0000542.jpg,P24,y0-x2,P24_y0-x2,Wn,PFD1000,25,Wn_PFD1000_25_P24_y0-x2,2025-10-20 13:54:09,2025-10-27 11:20:26,165.43805555555556,cropped_B0000542_y0-x2.jpg,binary_cropped_B0000542_y0-x2.jpg,117997,188.79520000000002,0,0,0,0,0,lab_threshold_L0-255_a90-135_b155-255+remove_thin_crescent_components,photos/20102025/Day7/B0000542.JPG,processed/split_wells/20102025/cropped_B0000542_y0-x2.jpg,processed/binary_wells/20102025/binary_cropped_B0000542_y0-x2.jpg
20102025,batch3L,Day7,B0000542.jpg,P24,y1-x0,P24_y1-x0,Wn,PFD1000,25,Wn_PFD1000_25_P24_y1-x0,2025-10-20 13:54:09,2025-10-27 11:20:26,165.43805555555556,cropped_B0000542_y1-x0.jpg,binary_cropped_B0000542_y1-x0.jpg,111027,177.6432,0,0,0,0,0,lab_threshold_L0-255_a90-135_b155-255+remove_thin_crescent_components,photos/20102025/Day7/B0000542.JPG,processed/split_wells/20102025/cropped_B0000542_y1-x0.jpg,processed/binary_wells/20102025/binary_cropped_B0000542_y1-x0.jpg
20102025,batch3L,Day7,B0000542.jpg,P24,y1-x1,P24_y1-x1,Lgp8L,PFD1000,25,Lgp8L_PFD1000_25_P24_y1-x1,2025-10-20 13:54:09,2025-10-27 11:20:26,165.43805555555556,cropped_B0000542_y1-x1.jpg,binary_cropped_B0000542_y1-x1.jpg,319535,511.25600000000003,0,0,0,0,0,lab_threshold_L0-255_a90-135_b155-255+remove_thin_crescent_components,photos/20102025/Day7/B0000542.JPG,processed/split_wells/20102025/cropped_B0000542_y1-x1.jpg,processed/binary_wells/20102025/binary_cropped_B0000542_y1-x1.jpg
20102025,batch3L,Day7,B0000542.jpg,P24,y1-x2,P24_y1-x2,M10E,PFD1000,25,M10E_PFD1000_25_P24_y1-x2,2025-10-20 13:54:09,2025-10-27 11:20:26,165.43805555555556,cropped_B0000542_y1-x2.jpg,binary_cropped_B0000542_y1-x2.jpg,457037,731.2592000000001,0,0,0,0,0,lab_threshold_L0-255_a90-135_b155-255+remove_thin_crescent_components,photos/20102025/Day7/B0000542.JPG,processed/split_wells/20102025/cropped_B0000542_y1-x2.jpg,processed/binary_wells/20102025/binary_cropped_B0000542_y1-x2.jpg
27102025,batch4L,Day0,B0000549.jpg,P31,y0-x0,P31_y0-x0,Wh,PFD100,25,Wh_PFD100_25_P31_y0-x0,2025-10-27 12:10:25,2025-10-27 12:10:25,0.0,cropped_B0000549_y0-x0.jpg,binary_cropped_B0000549_y0-x0.jpg,74003,118.40480000000001,0,0,0,0,0,lab_threshold_L0-255_a90-135_b155-255+remove_thin_crescent_components,photos/27102025/Day0/B0000549.JPG,processed/split_wells/27102025/cropped_B0000549_y0-x0.jpg,processed/binary_wells/27102025/binary_cropped_B0000549_y0-x0.jpg
27102025,batch4L,Day0,B0000549.jpg,P31,y0-x1,P31_y0-x1,Wn,PFD100,25,Wn_PFD100_25_P31_y0-x1,2025-10-27 12:10:25,2025-10-27 12:10:25,0.0,cropped_B0000549_y0-x1.jpg,binary_cropped_B0000549_y0-x1.jpg,108499,173.5984,0,0,0,0,0,lab_threshold_L0-255_a90-135_b155-255+remove_thin_crescent_components,photos/27102025/Day0/B0000549.JPG,processed/split_wells/27102025/cropped_B0000549_y0-x1.jpg,processed/binary_wells/27102025/binary_cropped_B0000549_y0-x1.jpg
27102025,batch4L,Day0,B0000549.jpg,P31,y0-x2,P31_y0-x2,Wn,PFD100,25,Wn_PFD100_25_P31_y0-x2,2025-10-27 12:10:25,2025-10-27 12:10:25,0.0,cropped_B0000549_y0-x2.jpg,binary_cropped_B0000549_y0-x2.jpg,98172,157.0752,0,0,0,5844,1,lab_threshold_L0-255_a90-135_b155-255+remove_thin_crescent_components,photos/27102025/Day0/B0000549.JPG,processed/split_wells/27102025/cropped_B0000549_y0-x2.jpg,processed/binary_wells/27102025/binary_cropped_B0000549_y0-x2.jpg
27102025,batch4L,Day0,B0000549.jpg,P31,y1-x0,P31_y1-x0,Wn,PFD100,25,Wn_PFD100_25_P31_y1-x0,2025-10-27 12:10:25,2025-10-27 12:10:25,0.0,cropped_B0000549_y1-x0.jpg,binary_cropped_B0000549_y1-x0.jpg,105022,168.0352,0,0,0,9310,1,lab_threshold_L0-255_a90-135_b155-255+remove_thin_crescent_components,photos/27102025/Day0/B0000549.JPG,processed/split_wells/27102025/cropped_B0000549_y1-x0.jpg,processed/binary_wells/27102025/binary_cropped_B0000549_y1-x0.jpg
27102025,batch4L,Day0,B0000549.jpg,P31,y1-x1,P31_y1-x1,Wh,PFD100,25,Wh_PFD100_25_P31_y1-x1,2025-10-27 12:10:25,2025-10-27 12:10:25,0.0,cropped_B0000549_y1-x1.jpg,binary_cropped_B0000549_y1-x1.jpg,60608,96.9728,0,0,0,0,0,lab_threshold_L0-255_a90-135_b155-255+remove_thin_crescent_components,photos/27102025/Day0/B0000549.JPG,processed/split_wells/27102025/cropped_B0000549_y1-x1.jpg,processed/binary_wells/27102025/binary_cropped_B0000549_y1-x1.jpg
27102025,batch4L,Day0,B0000549.jpg,P31,y1-x2,P31_y1-x2,Wn,PFD100,25,Wn_PFD100_25_P31_y1-x2,2025-10-27 12:10:25,2025-10-27 12:10:25,0.0,cropped_B0000549_y1-x2.jpg,binary_cropped_B0000549_y1-x2.jpg,122772,196.4352,0,0,0,291,1,lab_threshold_L0-255_a90-135_b155-255+remove_thin_crescent_components,photos/27102025/Day0/B0000549.JPG,processed/split_wells/27102025/cropped_B0000549_y1-x2.jpg,processed/binary_wells/27102025/binary_cropped_B0000549_y1-x2.jpg
27102025,batch4L,Day0,B0000550.jpg,P32,y0-x0,P32_y0-x0,Wh,PFD1000,25,Wh_PFD1000_25_P32_y0-x0,2025-10-27 12:10:25,2025-10-27 12:11:15,0.013888888888888888,cropped_B0000550_y0-x0.jpg,binary_cropped_B0000550_y0-x0.jpg,50344,80.55040000000001,0,0,0,0,0,lab_threshold_L0-255_a90-135_b155-255+remove_thin_crescent_components,photos/27102025/Day0/B0000550.JPG,processed/split_wells/27102025/cropped_B0000550_y0-x0.jpg,processed/binary_wells/27102025/binary_cropped_B0000550_y0-x0.jpg
27102025,batch4L,Day0,B0000550.jpg,P32,y0-x1,P32_y0-x1,Wn,PFD1000,25,Wn_PFD1000_25_P32_y0-x1,2025-10-27 12:10:25,2025-10-27 12:11:15,0.013888888888888888,cropped_B0000550_y0-x1.jpg,binary_cropped_B0000550_y0-x1.jpg,62158,99.45280000000001,0,0,0,0,0,lab_threshold_L0-255_a90-135_b155-255+remove_thin_crescent_components,photos/27102025/Day0/B0000550.JPG,processed/split_wells/27102025/cropped_B0000550_y0-x1.jpg,processed/binary_wells/27102025/binary_cropped_B0000550_y0-x1.jpg
27102025,batch4L,Day0,B0000550.jpg,P32,y0-x2,P32_y0-x2,Wn,PFD1000,25,Wn_PFD1000_25_P32_y0-x2,2025-10-27 12:10:25,2025-10-27 12:11:15,0.013888888888888888,cropped_B0000550_y0-x2.jpg,binary_cropped_B0000550_y0-x2.jpg,51015,81.62400000000001,0,0,0,0,0,lab_threshold_L0-255_a90-135_b155-255+remove_thin_crescent_components,photos/27102025/Day0/B0000550.JPG,processed/split_wells/27102025/cropped_B0000550_y0-x2.jpg,processed/binary_wells/27102025/binary_cropped_B0000550_y0-x2.jpg
27102025,batch4L,Day0,B0000550.jpg,P32,y1-x0,P32_y1-x0,Wn,PFD1000,25,Wn_PFD1000_25_P32_y1-x0,2025-10-27 12:10:25,2025-10-27 12:11:15,0.013888888888888888,cropped_B0000550_y1-x0.jpg,binary_cropped_B0000550_y1-x0.jpg,41166,65.8656,0,0,0,2047,2,lab_threshold_L0-255_a90-135_b155-255+remove_thin_crescent_components,photos/27102025/Day0/B0000550.JPG,processed/split_wells/27102025/cropped_B0000550_y1-x0.jpg,processed/binary_wells/27102025/binary_cropped_B0000550_y1-x0.jpg
27102025,batch4L,Day0,B0000550.jpg,P32,y1-x1,P32_y1-x1,Wh,PFD1000,25,Wh_PFD1000_25_P32_y1-x1,2025-10-27 12:10:25,2025-10-27 12:11:15,0.013888888888888888,cropped_B0000550_y1-x1.jpg,binary_cropped_B0000550_y1-x1.jpg,47084,75.3344,0,0,0,0,0,lab_threshold_L0-255_a90-135_b155-255+remove_thin_crescent_components,photos/27102025/Day0/B0000550.JPG,processed/split_wells/27102025/cropped_B0000550_y1-x1.jpg,processed/binary_wells/27102025/binary_cropped_B0000550_y1-x1.jpg
27102025,batch4L,Day0,B0000550.jpg,P32,y1-x2,P32_y1-x2,Wn,PFD1000,25,Wn_PFD1000_25_P32_y1-x2,2025-10-27 12:10:25,2025-10-27 12:11:15,0.013888888888888888,cropped_B0000550_y1-x2.jpg,binary_cropped_B0000550_y1-x2.jpg,58325,93.32000000000001,0,0,0,563,1,lab_threshold_L0-255_a90-135_b155-255+remove_thin_crescent_components,photos/27102025/Day0/B0000550.JPG,processed/split_wells/27102025/cropped_B0000550_y1-x2.jpg,processed/binary_wells/27102025/binary_cropped_B0000550_y1-x2.jpg
27102025,batch4L,Day1,B0000557.jpg,P31,y0-x0,P31_y0-x0,Wh,PFD100,25,Wh_PFD100_25_P31_y0-x0,2025-10-27 12:10:25,2025-10-28 11:13:26,23.05027777777778,cropped_B0000557_y0-x0.jpg,binary_cropped_B0000557_y0-x0.jpg,99274,158.8384,0,0,0,430,1,lab_threshold_L0-255_a90-135_b155-255+remove_thin_crescent_components,photos/27102025/Day1/B0000557.JPG,processed/split_wells/27102025/cropped_B0000557_y0-x0.jpg,processed/binary_wells/27102025/binary_cropped_B0000557_y0-x0.jpg
27102025,batch4L,Day1,B0000557.jpg,P31,y0-x1,P31_y0-x1,Wn,PFD100,25,Wn_PFD100_25_P31_y0-x1,2025-10-27 12:10:25,2025-10-28 11:13:26,23.05027777777778,cropped_B0000557_y0-x1.jpg,binary_cropped_B0000557_y0-x1.jpg,124520,199.232,0,0,0,0,0,lab_threshold_L0-255_a90-135_b155-255+remove_thin_crescent_components,photos/27102025/Day1/B0000557.JPG,processed/split_wells/27102025/cropped_B0000557_y0-x1.jpg,processed/binary_wells/27102025/binary_cropped_B0000557_y0-x1.jpg
27102025,batch4L,Day1,B0000557.jpg,P31,y0-x2,P31_y0-x2,Wn,PFD100,25,Wn_PFD100_25_P31_y0-x2,2025-10-27 12:10:25,2025-10-28 11:13:26,23.05027777777778,cropped_B0000557_y0-x2.jpg,binary_cropped_B0000557_y0-x2.jpg,119103,190.56480000000002,0,0,0,0,0,lab_threshold_L0-255_a90-135_b155-255+remove_thin_crescent_components,photos/27102025/Day1/B0000557.JPG,processed/split_wells/27102025/cropped_B0000557_y0-x2.jpg,processed/binary_wells/27102025/binary_cropped_B0000557_y0-x2.jpg
27102025,batch4L,Day1,B0000557.jpg,P31,y1-x0,P31_y1-x0,Wn,PFD100,25,Wn_PFD100_25_P31_y1-x0,2025-10-27 12:10:25,2025-10-28 11:13:26,23.05027777777778,cropped_B0000557_y1-x0.jpg,binary_cropped_B0000557_y1-x0.jpg,132320,211.71200000000002,0,0,0,0,0,lab_threshold_L0-255_a90-135_b155-255+remove_thin_crescent_components,photos/27102025/Day1/B0000557.JPG,processed/split_wells/27102025/cropped_B0000557_y1-x0.jpg,processed/binary_wells/27102025/binary_cropped_B0000557_y1-x0.jpg
27102025,batch4L,Day1,B0000557.jpg,P31,y1-x1,P31_y1-x1,Wh,PFD100,25,Wh_PFD100_25_P31_y1-x1,2025-10-27 12:10:25,2025-10-28 11:13:26,23.05027777777778,cropped_B0000557_y1-x1.jpg,binary_cropped_B0000557_y1-x1.jpg,91211,145.9376,0,0,0,0,0,lab_threshold_L0-255_a90-135_b155-255+remove_thin_crescent_components,photos/27102025/Day1/B0000557.JPG,processed/split_wells/27102025/cropped_B0000557_y1-x1.jpg,processed/binary_wells/27102025/binary_cropped_B0000557_y1-x1.jpg
27102025,batch4L,Day1,B0000557.jpg,P31,y1-x2,P31_y1-x2,Wn,PFD100,25,Wn_PFD100_25_P31_y1-x2,2025-10-27 12:10:25,2025-10-28 11:13:26,23.05027777777778,cropped_B0000557_y1-x2.jpg,binary_cropped_B0000557_y1-x2.jpg,158093,252.9488,0,0,0,0,0,lab_threshold_L0-255_a90-135_b155-255+remove_thin_crescent_components,photos/27102025/Day1/B0000557.JPG,processed/split_wells/27102025/cropped_B0000557_y1-x2.jpg,processed/binary_wells/27102025/binary_cropped_B0000557_y1-x2.jpg
27102025,batch4L,Day1,B0000558.jpg,P32,y0-x0,P32_y0-x0,Wh,PFD1000,25,Wh_PFD1000_25_P32_y0-x0,2025-10-27 12:10:25,2025-10-28 11:14:20,23.065277777777776,cropped_B0000558_y0-x0.jpg,binary_cropped_B0000558_y0-x0.jpg,84084,134.5344,0,0,0,0,0,lab_threshold_L0-255_a90-135_b155-255+remove_thin_crescent_components,photos/27102025/Day1/B0000558.JPG,processed/split_wells/27102025/cropped_B0000558_y0-x0.jpg,processed/binary_wells/27102025/binary_cropped_B0000558_y0-x0.jpg
27102025,batch4L,Day1,B0000558.jpg,P32,y0-x1,P32_y0-x1,Wn,PFD1000,25,Wn_PFD1000_25_P32_y0-x1,2025-10-27 12:10:25,2025-10-28 11:14:20,23.065277777777776,cropped_B0000558_y0-x1.jpg,binary_cropped_B0000558_y0-x1.jpg,40290,64.464,0,0,0,0,0,lab_threshold_L0-255_a90-135_b155-255+remove_thin_crescent_components,photos/27102025/Day1/B0000558.JPG,processed/split_wells/27102025/cropped_B0000558_y0-x1.jpg,processed/binary_wells/27102025/binary_cropped_B0000558_y0-x1.jpg
27102025,batch4L,Day1,B0000558.jpg,P32,y0-x2,P32_y0-x2,Wn,PFD1000,25,Wn_PFD1000_25_P32_y0-x2,2025-10-27 12:10:25,2025-10-28 11:14:20,23.065277777777776,cropped_B0000558_y0-x2.jpg,binary_cropped_B0000558_y0-x2.jpg,39663,63.460800000000006,0,0,0,1982,1,lab_threshold_L0-255_a90-135_b155-255+remove_thin_crescent_components,photos/27102025/Day1/B0000558.JPG,processed/split_wells/27102025/cropped_B0000558_y0-x2.jpg,processed/binary_wells/27102025/binary_cropped_B0000558_y0-x2.jpg
27102025,batch4L,Day1,B0000558.jpg,P32,y1-x0,P32_y1-x0,Wn,PFD1000,25,Wn_PFD1000_25_P32_y1-x0,2025-10-27 12:10:25,2025-10-28 11:14:20,23.065277777777776,cropped_B0000558_y1-x0.jpg,binary_cropped_B0000558_y1-x0.jpg,25742,41.187200000000004,0,0,0,0,0,lab_threshold_L0-255_a90-135_b155-255+remove_thin_crescent_components,photos/27102025/Day1/B0000558.JPG,processed/split_wells/27102025/cropped_B0000558_y1-x0.jpg,processed/binary_wells/27102025/binary_cropped_B0000558_y1-x0.jpg
27102025,batch4L,Day1,B0000558.jpg,P32,y1-x1,P32_y1-x1,Wh,PFD1000,25,Wh_PFD1000_25_P32_y1-x1,2025-10-27 12:10:25,2025-10-28 11:14:20,23.065277777777776,cropped_B0000558_y1-x1.jpg,binary_cropped_B0000558_y1-x1.jpg,74627,119.40320000000001,0,0,0,0,0,lab_threshold_L0-255_a90-135_b155-255+remove_thin_crescent_components,photos/27102025/Day1/B0000558.JPG,processed/split_wells/27102025/cropped_B0000558_y1-x1.jpg,processed/binary_wells/27102025/binary_cropped_B0000558_y1-x1.jpg
27102025,batch4L,Day1,B0000558.jpg,P32,y1-x2,P32_y1-x2,Wn,PFD1000,25,Wn_PFD1000_25_P32_y1-x2,2025-10-27 12:10:25,2025-10-28 11:14:20,23.065277777777776,cropped_B0000558_y1-x2.jpg,binary_cropped_B0000558_y1-x2.jpg,45231,72.3696,0,0,0,1156,1,lab_threshold_L0-255_a90-135_b155-255+remove_thin_crescent_components,photos/27102025/Day1/B0000558.JPG,processed/split_wells/27102025/cropped_B0000558_y1-x2.jpg,processed/binary_wells/27102025/binary_cropped_B0000558_y1-x2.jpg
27102025,batch4L,Day2,B0000565.jpg,P31,y0-x0,P31_y0-x0,Wh,PFD100,25,Wh_PFD100_25_P31_y0-x0,2025-10-27 12:10:25,2025-10-29 11:07:45,46.955555555555556,cropped_B0000565_y0-x0.jpg,binary_cropped_B0000565_y0-x0.jpg,107158,171.4528,0,0,0,0,0,lab_threshold_L0-255_a90-135_b155-255+remove_thin_crescent_components,photos/27102025/Day2/B0000565.JPG,processed/split_wells/27102025/cropped_B0000565_y0-x0.jpg,processed/binary_wells/27102025/binary_cropped_B0000565_y0-x0.jpg
27102025,batch4L,Day2,B0000565.jpg,P31,y0-x1,P31_y0-x1,Wn,PFD100,25,Wn_PFD100_25_P31_y0-x1,2025-10-27 12:10:25,2025-10-29 11:07:45,46.955555555555556,cropped_B0000565_y0-x1.jpg,binary_cropped_B0000565_y0-x1.jpg,128075,204.92000000000002,0,0,0,0,0,lab_threshold_L0-255_a90-135_b155-255+remove_thin_crescent_components,photos/27102025/Day2/B0000565.JPG,processed/split_wells/27102025/cropped_B0000565_y0-x1.jpg,processed/binary_wells/27102025/binary_cropped_B0000565_y0-x1.jpg
27102025,batch4L,Day2,B0000565.jpg,P31,y0-x2,P31_y0-x2,Wn,PFD100,25,Wn_PFD100_25_P31_y0-x2,2025-10-27 12:10:25,2025-10-29 11:07:45,46.955555555555556,cropped_B0000565_y0-x2.jpg,binary_cropped_B0000565_y0-x2.jpg,119005,190.40800000000002,0,0,0,0,0,lab_threshold_L0-255_a90-135_b155-255+remove_thin_crescent_components,photos/27102025/Day2/B0000565.JPG,processed/split_wells/27102025/cropped_B0000565_y0-x2.jpg,processed/binary_wells/27102025/binary_cropped_B0000565_y0-x2.jpg
27102025,batch4L,Day2,B0000565.jpg,P31,y1-x0,P31_y1-x0,Wn,PFD100,25,Wn_PFD100_25_P31_y1-x0,2025-10-27 12:10:25,2025-10-29 11:07:45,46.955555555555556,cropped_B0000565_y1-x0.jpg,binary_cropped_B0000565_y1-x0.jpg,133344,213.3504,0,0,0,2314,1,lab_threshold_L0-255_a90-135_b155-255+remove_thin_crescent_components,photos/27102025/Day2/B0000565.JPG,processed/split_wells/27102025/cropped_B0000565_y1-x0.jpg,processed/binary_wells/27102025/binary_cropped_B0000565_y1-x0.jpg
27102025,batch4L,Day2,B0000565.jpg,P31,y1-x1,P31_y1-x1,Wh,PFD100,25,Wh_PFD100_25_P31_y1-x1,2025-10-27 12:10:25,2025-10-29 11:07:45,46.955555555555556,cropped_B0000565_y1-x1.jpg,binary_cropped_B0000565_y1-x1.jpg,81735,130.776,0,0,0,0,0,lab_threshold_L0-255_a90-135_b155-255+remove_thin_crescent_components,photos/27102025/Day2/B0000565.JPG,processed/split_wells/27102025/cropped_B0000565_y1-x1.jpg,processed/binary_wells/27102025/binary_cropped_B0000565_y1-x1.jpg
27102025,batch4L,Day2,B0000565.jpg,P31,y1-x2,P31_y1-x2,Wn,PFD100,25,Wn_PFD100_25_P31_y1-x2,2025-10-27 12:10:25,2025-10-29 11:07:45,46.955555555555556,cropped_B0000565_y1-x2.jpg,binary_cropped_B0000565_y1-x2.jpg,153319,245.31040000000002,0,0,0,0,0,lab_threshold_L0-255_a90-135_b155-255+remove_thin_crescent_components,photos/27102025/Day2/B0000565.JPG,processed/split_wells/27102025/cropped_B0000565_y1-x2.jpg,processed/binary_wells/27102025/binary_cropped_B0000565_y1-x2.jpg
27102025,batch4L,Day2,B0000566.jpg,P32,y0-x0,P32_y0-x0,Wh,PFD1000,25,Wh_PFD1000_25_P32_y0-x0,2025-10-27 12:10:25,2025-10-29 11:08:12,46.963055555555556,cropped_B0000566_y0-x0.jpg,binary_cropped_B0000566_y0-x0.jpg,141559,226.4944,0,0,0,0,0,lab_threshold_L0-255_a90-135_b155-255+remove_thin_crescent_components,photos/27102025/Day2/B0000566.JPG,processed/split_wells/27102025/cropped_B0000566_y0-x0.jpg,processed/binary_wells/27102025/binary_cropped_B0000566_y0-x0.jpg
27102025,batch4L,Day2,B0000566.jpg,P32,y0-x1,P32_y0-x1,Wn,PFD1000,25,Wn_PFD1000_25_P32_y0-x1,2025-10-27 12:10:25,2025-10-29 11:08:12,46.963055555555556,cropped_B0000566_y0-x1.jpg,binary_cropped_B0000566_y0-x1.jpg,73936,118.2976,0,0,0,0,0,lab_threshold_L0-255_a90-135_b155-255+remove_thin_crescent_components,photos/27102025/Day2/B0000566.JPG,processed/split_wells/27102025/cropped_B0000566_y0-x1.jpg,processed/binary_wells/27102025/binary_cropped_B0000566_y0-x1.jpg
27102025,batch4L,Day2,B0000566.jpg,P32,y0-x2,P32_y0-x2,Wn,PFD1000,25,Wn_PFD1000_25_P32_y0-x2,2025-10-27 12:10:25,2025-10-29 11:08:12,46.963055555555556,cropped_B0000566_y0-x2.jpg,binary_cropped_B0000566_y0-x2.jpg,44656,71.4496,0,0,0,2726,3,lab_threshold_L0-255_a90-135_b155-255+remove_thin_crescent_components,photos/27102025/Day2/B0000566.JPG,processed/split_wells/27102025/cropped_B0000566_y0-x2.jpg,processed/binary_wells/27102025/binary_cropped_B0000566_y0-x2.jpg
27102025,batch4L,Day2,B0000566.jpg,P32,y1-x0,P32_y1-x0,Wn,PFD1000,25,Wn_PFD1000_25_P32_y1-x0,2025-10-27 12:10:25,2025-10-29 11:08:12,46.963055555555556,cropped_B0000566_y1-x0.jpg,binary_cropped_B0000566_y1-x0.jpg,47229,75.5664,0,0,0,0,0,lab_threshold_L0-255_a90-135_b155-255+remove_thin_crescent_components,photos/27102025/Day2/B0000566.JPG,processed/split_wells/27102025/cropped_B0000566_y1-x0.jpg,processed/binary_wells/27102025/binary_cropped_B0000566_y1-x0.jpg
27102025,batch4L,Day2,B0000566.jpg,P32,y1-x1,P32_y1-x1,Wh,PFD1000,25,Wh_PFD1000_25_P32_y1-x1,2025-10-27 12:10:25,2025-10-29 11:08:12,46.963055555555556,cropped_B0000566_y1-x1.jpg,binary_cropped_B0000566_y1-x1.jpg,120604,192.96640000000002,0,0,0,0,0,lab_threshold_L0-255_a90-135_b155-255+remove_thin_crescent_components,photos/27102025/Day2/B0000566.JPG,processed/split_wells/27102025/cropped_B0000566_y1-x1.jpg,processed/binary_wells/27102025/binary_cropped_B0000566_y1-x1.jpg
27102025,batch4L,Day2,B0000566.jpg,P32,y1-x2,P32_y1-x2,Wn,PFD1000,25,Wn_PFD1000_25_P32_y1-x2,2025-10-27 12:10:25,2025-10-29 11:08:12,46.963055555555556,cropped_B0000566_y1-x2.jpg,binary_cropped_B0000566_y1-x2.jpg,58126,93.00160000000001,0,0,0,0,0,lab_threshold_L0-255_a90-135_b155-255+remove_thin_crescent_components,photos/27102025/Day2/B0000566.JPG,processed/split_wells/27102025/cropped_B0000566_y1-x2.jpg,processed/binary_wells/27102025/binary_cropped_B0000566_y1-x2.jpg
27102025,batch4L,Day3,B0000573.jpg,P31,y0-x0,P31_y0-x0,Wh,PFD100,25,Wh_PFD100_25_P31_y0-x0,2025-10-27 12:10:25,2025-10-30 11:42:40,71.5375,cropped_B0000573_y0-x0.jpg,binary_cropped_B0000573_y0-x0.jpg,136744,218.7904,0,0,0,0,0,lab_threshold_L0-255_a90-135_b155-255+remove_thin_crescent_components,photos/27102025/Day3/B0000573.JPG,processed/split_wells/27102025/cropped_B0000573_y0-x0.jpg,processed/binary_wells/27102025/binary_cropped_B0000573_y0-x0.jpg
27102025,batch4L,Day3,B0000573.jpg,P31,y0-x1,P31_y0-x1,Wn,PFD100,25,Wn_PFD100_25_P31_y0-x1,2025-10-27 12:10:25,2025-10-30 11:42:40,71.5375,cropped_B0000573_y0-x1.jpg,binary_cropped_B0000573_y0-x1.jpg,152538,244.0608,0,0,0,0,0,lab_threshold_L0-255_a90-135_b155-255+remove_thin_crescent_components,photos/27102025/Day3/B0000573.JPG,processed/split_wells/27102025/cropped_B0000573_y0-x1.jpg,processed/binary_wells/27102025/binary_cropped_B0000573_y0-x1.jpg
27102025,batch4L,Day3,B0000573.jpg,P31,y0-x2,P31_y0-x2,Wn,PFD100,25,Wn_PFD100_25_P31_y0-x2,2025-10-27 12:10:25,2025-10-30 11:42:40,71.5375,cropped_B0000573_y0-x2.jpg,binary_cropped_B0000573_y0-x2.jpg,140792,225.2672,0,0,0,0,0,lab_threshold_L0-255_a90-135_b155-255+remove_thin_crescent_components,photos/27102025/Day3/B0000573.JPG,processed/split_wells/27102025/cropped_B0000573_y0-x2.jpg,processed/binary_wells/27102025/binary_cropped_B0000573_y0-x2.jpg
27102025,batch4L,Day3,B0000573.jpg,P31,y1-x0,P31_y1-x0,Wn,PFD100,25,Wn_PFD100_25_P31_y1-x0,2025-10-27 12:10:25,2025-10-30 11:42:40,71.5375,cropped_B0000573_y1-x0.jpg,binary_cropped_B0000573_y1-x0.jpg,151081,241.7296,0,0,0,1302,1,lab_threshold_L0-255_a90-135_b155-255+remove_thin_crescent_components,photos/27102025/Day3/B0000573.JPG,processed/split_wells/27102025/cropped_B0000573_y1-x0.jpg,processed/binary_wells/27102025/binary_cropped_B0000573_y1-x0.jpg
27102025,batch4L,Day3,B0000573.jpg,P31,y1-x1,P31_y1-x1,Wh,PFD100,25,Wh_PFD100_25_P31_y1-x1,2025-10-27 12:10:25,2025-10-30 11:42:40,71.5375,cropped_B0000573_y1-x1.jpg,binary_cropped_B0000573_y1-x1.jpg,123766,198.0256,0,0,0,0,0,lab_threshold_L0-255_a90-135_b155-255+remove_thin_crescent_components,photos/27102025/Day3/B0000573.JPG,processed/split_wells/27102025/cropped_B0000573_y1-x1.jpg,processed/binary_wells/27102025/binary_cropped_B0000573_y1-x1.jpg
27102025,batch4L,Day3,B0000573.jpg,P31,y1-x2,P31_y1-x2,Wn,PFD100,25,Wn_PFD100_25_P31_y1-x2,2025-10-27 12:10:25,2025-10-30 11:42:40,71.5375,cropped_B0000573_y1-x2.jpg,binary_cropped_B0000573_y1-x2.jpg,185032,296.0512,0,0,0,0,0,lab_threshold_L0-255_a90-135_b155-255+remove_thin_crescent_components,photos/27102025/Day3/B0000573.JPG,processed/split_wells/27102025/cropped_B0000573_y1-x2.jpg,processed/binary_wells/27102025/binary_cropped_B0000573_y1-x2.jpg
27102025,batch4L,Day3,B0000574.jpg,P32,y0-x0,P32_y0-x0,Wh,PFD1000,25,Wh_PFD1000_25_P32_y0-x0,2025-10-27 12:10:25,2025-10-30 11:43:31,71.55166666666666,cropped_B0000574_y0-x0.jpg,binary_cropped_B0000574_y0-x0.jpg,207640,332.224,0,0,0,0,0,lab_threshold_L0-255_a90-135_b155-255+remove_thin_crescent_components,photos/27102025/Day3/B0000574.JPG,processed/split_wells/27102025/cropped_B0000574_y0-x0.jpg,processed/binary_wells/27102025/binary_cropped_B0000574_y0-x0.jpg
27102025,batch4L,Day3,B0000574.jpg,P32,y0-x1,P32_y0-x1,Wn,PFD1000,25,Wn_PFD1000_25_P32_y0-x1,2025-10-27 12:10:25,2025-10-30 11:43:31,71.55166666666666,cropped_B0000574_y0-x1.jpg,binary_cropped_B0000574_y0-x1.jpg,87497,139.9952,0,0,0,0,0,lab_threshold_L0-255_a90-135_b155-255+remove_thin_crescent_components,photos/27102025/Day3/B0000574.JPG,processed/split_wells/27102025/cropped_B0000574_y0-x1.jpg,processed/binary_wells/27102025/binary_cropped_B0000574_y0-x1.jpg
27102025,batch4L,Day3,B0000574.jpg,P32,y0-x2,P32_y0-x2,Wn,PFD1000,25,Wn_PFD1000_25_P32_y0-x2,2025-10-27 12:10:25,2025-10-30 11:43:31,71.55166666666666,cropped_B0000574_y0-x2.jpg,binary_cropped_B0000574_y0-x2.jpg,66719,106.7504,0,0,0,0,0,lab_threshold_L0-255_a90-135_b155-255+remove_thin_crescent_components,photos/27102025/Day3/B0000574.JPG,processed/split_wells/27102025/cropped_B0000574_y0-x2.jpg,processed/binary_wells/27102025/binary_cropped_B0000574_y0-x2.jpg
27102025,batch4L,Day3,B0000574.jpg,P32,y1-x0,P32_y1-x0,Wn,PFD1000,25,Wn_PFD1000_25_P32_y1-x0,2025-10-27 12:10:25,2025-10-30 11:43:31,71.55166666666666,cropped_B0000574_y1-x0.jpg,binary_cropped_B0000574_y1-x0.jpg,65716,105.1456,0,0,0,0,0,lab_threshold_L0-255_a90-135_b155-255+remove_thin_crescent_components,photos/27102025/Day3/B0000574.JPG,processed/split_wells/27102025/cropped_B0000574_y1-x0.jpg,processed/binary_wells/27102025/binary_cropped_B0000574_y1-x0.jpg
27102025,batch4L,Day3,B0000574.jpg,P32,y1-x1,P32_y1-x1,Wh,PFD1000,25,Wh_PFD1000_25_P32_y1-x1,2025-10-27 12:10:25,2025-10-30 11:43:31,71.55166666666666,cropped_B0000574_y1-x1.jpg,binary_cropped_B0000574_y1-x1.jpg,165700,265.12,0,0,0,0,0,lab_threshold_L0-255_a90-135_b155-255+remove_thin_crescent_components,photos/27102025/Day3/B0000574.JPG,processed/split_wells/27102025/cropped_B0000574_y1-x1.jpg,processed/binary_wells/27102025/binary_cropped_B0000574_y1-x1.jpg
27102025,batch4L,Day3,B0000574.jpg,P32,y1-x2,P32_y1-x2,Wn,PFD1000,25,Wn_PFD1000_25_P32_y1-x2,2025-10-27 12:10:25,2025-10-30 11:43:31,71.55166666666666,cropped_B0000574_y1-x2.jpg,binary_cropped_B0000574_y1-x2.jpg,68760,110.016,0,0,0,0,0,lab_threshold_L0-255_a90-135_b155-255+remove_thin_crescent_components,photos/27102025/Day3/B0000574.JPG,processed/split_wells/27102025/cropped_B0000574_y1-x2.jpg,processed/binary_wells/27102025/binary_cropped_B0000574_y1-x2.jpg
27102025,batch4L,Day4,B0000581.jpg,P31,y0-x0,P31_y0-x0,Wh,PFD100,25,Wh_PFD100_25_P31_y0-x0,2025-10-27 12:10:25,2025-10-31 11:02:59,94.87611111111111,cropped_B0000581_y0-x0.jpg,binary_cropped_B0000581_y0-x0.jpg,162284,259.6544,0,0,0,5078,1,lab_threshold_L0-255_a90-135_b155-255+remove_thin_crescent_components,photos/27102025/Day4/B0000581.JPG,processed/split_wells/27102025/cropped_B0000581_y0-x0.jpg,processed/binary_wells/27102025/binary_cropped_B0000581_y0-x0.jpg
27102025,batch4L,Day4,B0000581.jpg,P31,y0-x1,P31_y0-x1,Wn,PFD100,25,Wn_PFD100_25_P31_y0-x1,2025-10-27 12:10:25,2025-10-31 11:02:59,94.87611111111111,cropped_B0000581_y0-x1.jpg,binary_cropped_B0000581_y0-x1.jpg,178406,285.44960000000003,0,0,0,0,0,lab_threshold_L0-255_a90-135_b155-255+remove_thin_crescent_components,photos/27102025/Day4/B0000581.JPG,processed/split_wells/27102025/cropped_B0000581_y0-x1.jpg,processed/binary_wells/27102025/binary_cropped_B0000581_y0-x1.jpg
27102025,batch4L,Day4,B0000581.jpg,P31,y0-x2,P31_y0-x2,Wn,PFD100,25,Wn_PFD100_25_P31_y0-x2,2025-10-27 12:10:25,2025-10-31 11:02:59,94.87611111111111,cropped_B0000581_y0-x2.jpg,binary_cropped_B0000581_y0-x2.jpg,154006,246.4096,0,0,0,0,0,lab_threshold_L0-255_a90-135_b155-255+remove_thin_crescent_components,photos/27102025/Day4/B0000581.JPG,processed/split_wells/27102025/cropped_B0000581_y0-x2.jpg,processed/binary_wells/27102025/binary_cropped_B0000581_y0-x2.jpg
27102025,batch4L,Day4,B0000581.jpg,P31,y1-x0,P31_y1-x0,Wn,PFD100,25,Wn_PFD100_25_P31_y1-x0,2025-10-27 12:10:25,2025-10-31 11:02:59,94.87611111111111,cropped_B0000581_y1-x0.jpg,binary_cropped_B0000581_y1-x0.jpg,174414,279.0624,0,0,0,0,0,lab_threshold_L0-255_a90-135_b155-255+remove_thin_crescent_components,photos/27102025/Day4/B0000581.JPG,processed/split_wells/27102025/cropped_B0000581_y1-x0.jpg,processed/binary_wells/27102025/binary_cropped_B0000581_y1-x0.jpg
27102025,batch4L,Day4,B0000581.jpg,P31,y1-x1,P31_y1-x1,Wh,PFD100,25,Wh_PFD100_25_P31_y1-x1,2025-10-27 12:10:25,2025-10-31 11:02:59,94.87611111111111,cropped_B0000581_y1-x1.jpg,binary_cropped_B0000581_y1-x1.jpg,137096,219.3536,0,0,0,0,0,lab_threshold_L0-255_a90-135_b155-255+remove_thin_crescent_components,photos/27102025/Day4/B0000581.JPG,processed/split_wells/27102025/cropped_B0000581_y1-x1.jpg,processed/binary_wells/27102025/binary_cropped_B0000581_y1-x1.jpg
27102025,batch4L,Day4,B0000581.jpg,P31,y1-x2,P31_y1-x2,Wn,PFD100,25,Wn_PFD100_25_P31_y1-x2,2025-10-27 12:10:25,2025-10-31 11:02:59,94.87611111111111,cropped_B0000581_y1-x2.jpg,binary_cropped_B0000581_y1-x2.jpg,202916,324.66560000000004,0,0,0,0,0,lab_threshold_L0-255_a90-135_b155-255+remove_thin_crescent_components,photos/27102025/Day4/B0000581.JPG,processed/split_wells/27102025/cropped_B0000581_y1-x2.jpg,processed/binary_wells/27102025/binary_cropped_B0000581_y1-x2.jpg
27102025,batch4L,Day4,B0000582.jpg,P32,y0-x0,P32_y0-x0,Wh,PFD1000,25,Wh_PFD1000_25_P32_y0-x0,2025-10-27 12:10:25,2025-10-31 11:03:24,94.88305555555556,cropped_B0000582_y0-x0.jpg,binary_cropped_B0000582_y0-x0.jpg,289716,463.54560000000004,0,0,0,0,0,lab_threshold_L0-255_a90-135_b155-255+remove_thin_crescent_components,photos/27102025/Day4/B0000582.JPG,processed/split_wells/27102025/cropped_B0000582_y0-x0.jpg,processed/binary_wells/27102025/binary_cropped_B0000582_y0-x0.jpg
27102025,batch4L,Day4,B0000582.jpg,P32,y0-x1,P32_y0-x1,Wn,PFD1000,25,Wn_PFD1000_25_P32_y0-x1,2025-10-27 12:10:25,2025-10-31 11:03:24,94.88305555555556,cropped_B0000582_y0-x1.jpg,binary_cropped_B0000582_y0-x1.jpg,115657,185.05120000000002,0,0,0,0,0,lab_threshold_L0-255_a90-135_b155-255+remove_thin_crescent_components,photos/27102025/Day4/B0000582.JPG,processed/split_wells/27102025/cropped_B0000582_y0-x1.jpg,processed/binary_wells/27102025/binary_cropped_B0000582_y0-x1.jpg
27102025,batch4L,Day4,B0000582.jpg,P32,y0-x2,P32_y0-x2,Wn,PFD1000,25,Wn_PFD1000_25_P32_y0-x2,2025-10-27 12:10:25,2025-10-31 11:03:24,94.88305555555556,cropped_B0000582_y0-x2.jpg,binary_cropped_B0000582_y0-x2.jpg,105442,168.7072,0,0,0,6680,1,lab_threshold_L0-255_a90-135_b155-255+remove_thin_crescent_components,photos/27102025/Day4/B0000582.JPG,processed/split_wells/27102025/cropped_B0000582_y0-x2.jpg,processed/binary_wells/27102025/binary_cropped_B0000582_y0-x2.jpg
27102025,batch4L,Day4,B0000582.jpg,P32,y1-x0,P32_y1-x0,Wn,PFD1000,25,Wn_PFD1000_25_P32_y1-x0,2025-10-27 12:10:25,2025-10-31 11:03:24,94.88305555555556,cropped_B0000582_y1-x0.jpg,binary_cropped_B0000582_y1-x0.jpg,76663,122.66080000000001,0,0,0,0,0,lab_threshold_L0-255_a90-135_b155-255+remove_thin_crescent_components,photos/27102025/Day4/B0000582.JPG,processed/split_wells/27102025/cropped_B0000582_y1-x0.jpg,processed/binary_wells/27102025/binary_cropped_B0000582_y1-x0.jpg
27102025,batch4L,Day4,B0000582.jpg,P32,y1-x1,P32_y1-x1,Wh,PFD1000,25,Wh_PFD1000_25_P32_y1-x1,2025-10-27 12:10:25,2025-10-31 11:03:24,94.88305555555556,cropped_B0000582_y1-x1.jpg,binary_cropped_B0000582_y1-x1.jpg,243627,389.8032,0,0,0,0,0,lab_threshold_L0-255_a90-135_b155-255+remove_thin_crescent_components,photos/27102025/Day4/B0000582.JPG,processed/split_wells/27102025/cropped_B0000582_y1-x1.jpg,processed/binary_wells/27102025/binary_cropped_B0000582_y1-x1.jpg
27102025,batch4L,Day4,B0000582.jpg,P32,y1-x2,P32_y1-x2,Wn,PFD1000,25,Wn_PFD1000_25_P32_y1-x2,2025-10-27 12:10:25,2025-10-31 11:03:24,94.88305555555556,cropped_B0000582_y1-x2.jpg,binary_cropped_B0000582_y1-x2.jpg,111370,178.192,0,0,0,0,0,lab_threshold_L0-255_a90-135_b155-255+remove_thin_crescent_components,photos/27102025/Day4/B0000582.JPG,processed/split_wells/27102025/cropped_B0000582_y1-x2.jpg,processed/binary_wells/27102025/binary_cropped_B0000582_y1-x2.jpg
27102025,batch4L,Day5,B0000589.jpg,P31,y0-x0,P31_y0-x0,Wh,PFD100,25,Wh_PFD100_25_P31_y0-x0,2025-10-27 12:10:25,2025-11-01 11:14:04,119.06083333333333,cropped_B0000589_y0-x0.jpg,binary_cropped_B0000589_y0-x0.jpg,194579,311.32640000000004,0,0,0,14221,2,lab_threshold_L0-255_a90-135_b155-255+remove_thin_crescent_components,photos/27102025/Day5/B0000589.JPG,processed/split_wells/27102025/cropped_B0000589_y0-x0.jpg,processed/binary_wells/27102025/binary_cropped_B0000589_y0-x0.jpg
27102025,batch4L,Day5,B0000589.jpg,P31,y0-x1,P31_y0-x1,Wn,PFD100,25,Wn_PFD100_25_P31_y0-x1,2025-10-27 12:10:25,2025-11-01 11:14:04,119.06083333333333,cropped_B0000589_y0-x1.jpg,binary_cropped_B0000589_y0-x1.jpg,205193,328.3088,0,0,0,834,1,lab_threshold_L0-255_a90-135_b155-255+remove_thin_crescent_components,photos/27102025/Day5/B0000589.JPG,processed/split_wells/27102025/cropped_B0000589_y0-x1.jpg,processed/binary_wells/27102025/binary_cropped_B0000589_y0-x1.jpg
27102025,batch4L,Day5,B0000589.jpg,P31,y0-x2,P31_y0-x2,Wn,PFD100,25,Wn_PFD100_25_P31_y0-x2,2025-10-27 12:10:25,2025-11-01 11:14:04,119.06083333333333,cropped_B0000589_y0-x2.jpg,binary_cropped_B0000589_y0-x2.jpg,177308,283.69280000000003,0,0,0,0,0,lab_threshold_L0-255_a90-135_b155-255+remove_thin_crescent_components,photos/27102025/Day5/B0000589.JPG,processed/split_wells/27102025/cropped_B0000589_y0-x2.jpg,processed/binary_wells/27102025/binary_cropped_B0000589_y0-x2.jpg
27102025,batch4L,Day5,B0000589.jpg,P31,y1-x0,P31_y1-x0,Wn,PFD100,25,Wn_PFD100_25_P31_y1-x0,2025-10-27 12:10:25,2025-11-01 11:14:04,119.06083333333333,cropped_B0000589_y1-x0.jpg,binary_cropped_B0000589_y1-x0.jpg,199729,319.5664,0,0,0,15034,1,lab_threshold_L0-255_a90-135_b155-255+remove_thin_crescent_components,photos/27102025/Day5/B0000589.JPG,processed/split_wells/27102025/cropped_B0000589_y1-x0.jpg,processed/binary_wells/27102025/binary_cropped_B0000589_y1-x0.jpg
27102025,batch4L,Day5,B0000589.jpg,P31,y1-x1,P31_y1-x1,Wh,PFD100,25,Wh_PFD100_25_P31_y1-x1,2025-10-27 12:10:25,2025-11-01 11:14:04,119.06083333333333,cropped_B0000589_y1-x1.jpg,binary_cropped_B0000589_y1-x1.jpg,185794,297.2704,0,0,0,0,0,lab_threshold_L0-255_a90-135_b155-255+remove_thin_crescent_components,photos/27102025/Day5/B0000589.JPG,processed/split_wells/27102025/cropped_B0000589_y1-x1.jpg,processed/binary_wells/27102025/binary_cropped_B0000589_y1-x1.jpg
27102025,batch4L,Day5,B0000589.jpg,P31,y1-x2,P31_y1-x2,Wn,PFD100,25,Wn_PFD100_25_P31_y1-x2,2025-10-27 12:10:25,2025-11-01 11:14:04,119.06083333333333,cropped_B0000589_y1-x2.jpg,binary_cropped_B0000589_y1-x2.jpg,237442,379.90720000000005,0,0,0,0,0,lab_threshold_L0-255_a90-135_b155-255+remove_thin_crescent_components,photos/27102025/Day5/B0000589.JPG,processed/split_wells/27102025/cropped_B0000589_y1-x2.jpg,processed/binary_wells/27102025/binary_cropped_B0000589_y1-x2.jpg
27102025,batch4L,Day5,B0000590.jpg,P32,y0-x0,P32_y0-x0,Wh,PFD1000,25,Wh_PFD1000_25_P32_y0-x0,2025-10-27 12:10:25,2025-11-01 11:15:09,119.07888888888888,cropped_B0000590_y0-x0.jpg,binary_cropped_B0000590_y0-x0.jpg,402329,643.7264,0,0,0,0,0,lab_threshold_L0-255_a90-135_b155-255+remove_thin_crescent_components,photos/27102025/Day5/B0000590.JPG,processed/split_wells/27102025/cropped_B0000590_y0-x0.jpg,processed/binary_wells/27102025/binary_cropped_B0000590_y0-x0.jpg
27102025,batch4L,Day5,B0000590.jpg,P32,y0-x1,P32_y0-x1,Wn,PFD1000,25,Wn_PFD1000_25_P32_y0-x1,2025-10-27 12:10:25,2025-11-01 11:15:09,119.07888888888888,cropped_B0000590_y0-x1.jpg,binary_cropped_B0000590_y0-x1.jpg,139583,223.33280000000002,0,0,0,0,0,lab_threshold_L0-255_a90-135_b155-255+remove_thin_crescent_components,photos/27102025/Day5/B0000590.JPG,processed/split_wells/27102025/cropped_B0000590_y0-x1.jpg,processed/binary_wells/27102025/binary_cropped_B0000590_y0-x1.jpg
27102025,batch4L,Day5,B0000590.jpg,P32,y0-x2,P32_y0-x2,Wn,PFD1000,25,Wn_PFD1000_25_P32_y0-x2,2025-10-27 12:10:25,2025-11-01 11:15:09,119.07888888888888,cropped_B0000590_y0-x2.jpg,binary_cropped_B0000590_y0-x2.jpg,121835,194.936,0,0,0,0,0,lab_threshold_L0-255_a90-135_b155-255+remove_thin_crescent_components,photos/27102025/Day5/B0000590.JPG,processed/split_wells/27102025/cropped_B0000590_y0-x2.jpg,processed/binary_wells/27102025/binary_cropped_B0000590_y0-x2.jpg
27102025,batch4L,Day5,B0000590.jpg,P32,y1-x0,P32_y1-x0,Wn,PFD1000,25,Wn_PFD1000_25_P32_y1-x0,2025-10-27 12:10:25,2025-11-01 11:15:09,119.07888888888888,cropped_B0000590_y1-x0.jpg,binary_cropped_B0000590_y1-x0.jpg,99957,159.93120000000002,0,0,0,0,0,lab_threshold_L0-255_a90-135_b155-255+remove_thin_crescent_components,photos/27102025/Day5/B0000590.JPG,processed/split_wells/27102025/cropped_B0000590_y1-x0.jpg,processed/binary_wells/27102025/binary_cropped_B0000590_y1-x0.jpg
27102025,batch4L,Day5,B0000590.jpg,P32,y1-x1,P32_y1-x1,Wh,PFD1000,25,Wh_PFD1000_25_P32_y1-x1,2025-10-27 12:10:25,2025-11-01 11:15:09,119.07888888888888,cropped_B0000590_y1-x1.jpg,binary_cropped_B0000590_y1-x1.jpg,324062,518.4992,0,0,0,0,0,lab_threshold_L0-255_a90-135_b155-255+remove_thin_crescent_components,photos/27102025/Day5/B0000590.JPG,processed/split_wells/27102025/cropped_B0000590_y1-x1.jpg,processed/binary_wells/27102025/binary_cropped_B0000590_y1-x1.jpg
27102025,batch4L,Day5,B0000590.jpg,P32,y1-x2,P32_y1-x2,Wn,PFD1000,25,Wn_PFD1000_25_P32_y1-x2,2025-10-27 12:10:25,2025-11-01 11:15:09,119.07888888888888,cropped_B0000590_y1-x2.jpg,binary_cropped_B0000590_y1-x2.jpg,132621,212.1936,0,0,0,0,0,lab_threshold_L0-255_a90-135_b155-255+remove_thin_crescent_components,photos/27102025/Day5/B0000590.JPG,processed/split_wells/27102025/cropped_B0000590_y1-x2.jpg,processed/binary_wells/27102025/binary_cropped_B0000590_y1-x2.jpg
27102025,batch4L,Day6,B0000597.jpg,P31,y0-x0,P31_y0-x0,Wh,PFD100,25,Wh_PFD100_25_P31_y0-x0,2025-10-27 12:10:25,2025-11-02 10:59:04,142.81083333333333,cropped_B0000597_y0-x0.jpg,binary_cropped_B0000597_y0-x0.jpg,230173,368.27680000000004,0,0,0,0,0,lab_threshold_L0-255_a90-135_b155-255+remove_thin_crescent_components,photos/27102025/Day6/B0000597.JPG,processed/split_wells/27102025/cropped_B0000597_y0-x0.jpg,processed/binary_wells/27102025/binary_cropped_B0000597_y0-x0.jpg
27102025,batch4L,Day6,B0000597.jpg,P31,y0-x1,P31_y0-x1,Wn,PFD100,25,Wn_PFD100_25_P31_y0-x1,2025-10-27 12:10:25,2025-11-02 10:59:04,142.81083333333333,cropped_B0000597_y0-x1.jpg,binary_cropped_B0000597_y0-x1.jpg,233521,373.6336,0,0,0,0,0,lab_threshold_L0-255_a90-135_b155-255+remove_thin_crescent_components,photos/27102025/Day6/B0000597.JPG,processed/split_wells/27102025/cropped_B0000597_y0-x1.jpg,processed/binary_wells/27102025/binary_cropped_B0000597_y0-x1.jpg
27102025,batch4L,Day6,B0000597.jpg,P31,y0-x2,P31_y0-x2,Wn,PFD100,25,Wn_PFD100_25_P31_y0-x2,2025-10-27 12:10:25,2025-11-02 10:59:04,142.81083333333333,cropped_B0000597_y0-x2.jpg,binary_cropped_B0000597_y0-x2.jpg,213653,341.8448,0,0,0,0,0,lab_threshold_L0-255_a90-135_b155-255+remove_thin_crescent_components,photos/27102025/Day6/B0000597.JPG,processed/split_wells/27102025/cropped_B0000597_y0-x2.jpg,processed/binary_wells/27102025/binary_cropped_B0000597_y0-x2.jpg
27102025,batch4L,Day6,B0000597.jpg,P31,y1-x0,P31_y1-x0,Wn,PFD100,25,Wn_PFD100_25_P31_y1-x0,2025-10-27 12:10:25,2025-11-02 10:59:04,142.81083333333333,cropped_B0000597_y1-x0.jpg,binary_cropped_B0000597_y1-x0.jpg,212707,340.3312,0,0,0,16297,2,lab_threshold_L0-255_a90-135_b155-255+remove_thin_crescent_components,photos/27102025/Day6/B0000597.JPG,processed/split_wells/27102025/cropped_B0000597_y1-x0.jpg,processed/binary_wells/27102025/binary_cropped_B0000597_y1-x0.jpg
27102025,batch4L,Day6,B0000597.jpg,P31,y1-x1,P31_y1-x1,Wh,PFD100,25,Wh_PFD100_25_P31_y1-x1,2025-10-27 12:10:25,2025-11-02 10:59:04,142.81083333333333,cropped_B0000597_y1-x1.jpg,binary_cropped_B0000597_y1-x1.jpg,196646,314.6336,0,0,0,0,0,lab_threshold_L0-255_a90-135_b155-255+remove_thin_crescent_components,photos/27102025/Day6/B0000597.JPG,processed/split_wells/27102025/cropped_B0000597_y1-x1.jpg,processed/binary_wells/27102025/binary_cropped_B0000597_y1-x1.jpg
27102025,batch4L,Day6,B0000597.jpg,P31,y1-x2,P31_y1-x2,Wn,PFD100,25,Wn_PFD100_25_P31_y1-x2,2025-10-27 12:10:25,2025-11-02 10:59:04,142.81083333333333,cropped_B0000597_y1-x2.jpg,binary_cropped_B0000597_y1-x2.jpg,263970,422.35200000000003,0,0,0,0,0,lab_threshold_L0-255_a90-135_b155-255+remove_thin_crescent_components,photos/27102025/Day6/B0000597.JPG,processed/split_wells/27102025/cropped_B0000597_y1-x2.jpg,processed/binary_wells/27102025/binary_cropped_B0000597_y1-x2.jpg
27102025,batch4L,Day6,B0000598.jpg,P32,y0-x0,P32_y0-x0,Wh,PFD1000,25,Wh_PFD1000_25_P32_y0-x0,2025-10-27 12:10:25,2025-11-02 10:59:41,142.82111111111112,cropped_B0000598_y0-x0.jpg,binary_cropped_B0000598_y0-x0.jpg,418781,670.0496,0,0,0,0,0,lab_threshold_L0-255_a90-135_b155-255+remove_thin_crescent_components,photos/27102025/Day6/B0000598.JPG,processed/split_wells/27102025/cropped_B0000598_y0-x0.jpg,processed/binary_wells/27102025/binary_cropped_B0000598_y0-x0.jpg
27102025,batch4L,Day6,B0000598.jpg,P32,y0-x1,P32_y0-x1,Wn,PFD1000,25,Wn_PFD1000_25_P32_y0-x1,2025-10-27 12:10:25,2025-11-02 10:59:41,142.82111111111112,cropped_B0000598_y0-x1.jpg,binary_cropped_B0000598_y0-x1.jpg,153866,246.18560000000002,0,0,0,0,0,lab_threshold_L0-255_a90-135_b155-255+remove_thin_crescent_components,photos/27102025/Day6/B0000598.JPG,processed/split_wells/27102025/cropped_B0000598_y0-x1.jpg,processed/binary_wells/27102025/binary_cropped_B0000598_y0-x1.jpg
27102025,batch4L,Day6,B0000598.jpg,P32,y0-x2,P32_y0-x2,Wn,PFD1000,25,Wn_PFD1000_25_P32_y0-x2,2025-10-27 12:10:25,2025-11-02 10:59:41,142.82111111111112,cropped_B0000598_y0-x2.jpg,binary_cropped_B0000598_y0-x2.jpg,116714,186.7424,0,0,0,1543,1,lab_threshold_L0-255_a90-135_b155-255+remove_thin_crescent_components,photos/27102025/Day6/B0000598.JPG,processed/split_wells/27102025/cropped_B0000598_y0-x2.jpg,processed/binary_wells/27102025/binary_cropped_B0000598_y0-x2.jpg
27102025,batch4L,Day6,B0000598.jpg,P32,y1-x0,P32_y1-x0,Wn,PFD1000,25,Wn_PFD1000_25_P32_y1-x0,2025-10-27 12:10:25,2025-11-02 10:59:41,142.82111111111112,cropped_B0000598_y1-x0.jpg,binary_cropped_B0000598_y1-x0.jpg,120509,192.8144,0,0,0,1777,1,lab_threshold_L0-255_a90-135_b155-255+remove_thin_crescent_components,photos/27102025/Day6/B0000598.JPG,processed/split_wells/27102025/cropped_B0000598_y1-x0.jpg,processed/binary_wells/27102025/binary_cropped_B0000598_y1-x0.jpg
27102025,batch4L,Day6,B0000598.jpg,P32,y1-x1,P32_y1-x1,Wh,PFD1000,25,Wh_PFD1000_25_P32_y1-x1,2025-10-27 12:10:25,2025-11-02 10:59:41,142.82111111111112,cropped_B0000598_y1-x1.jpg,binary_cropped_B0000598_y1-x1.jpg,392270,627.6320000000001,0,0,0,0,0,lab_threshold_L0-255_a90-135_b155-255+remove_thin_crescent_components,photos/27102025/Day6/B0000598.JPG,processed/split_wells/27102025/cropped_B0000598_y1-x1.jpg,processed/binary_wells/27102025/binary_cropped_B0000598_y1-x1.jpg
27102025,batch4L,Day6,B0000598.jpg,P32,y1-x2,P32_y1-x2,Wn,PFD1000,25,Wn_PFD1000_25_P32_y1-x2,2025-10-27 12:10:25,2025-11-02 10:59:41,142.82111111111112,cropped_B0000598_y1-x2.jpg,binary_cropped_B0000598_y1-x2.jpg,145120,232.192,0,0,0,0,0,lab_threshold_L0-255_a90-135_b155-255+remove_thin_crescent_components,photos/27102025/Day6/B0000598.JPG,processed/split_wells/27102025/cropped_B0000598_y1-x2.jpg,processed/binary_wells/27102025/binary_cropped_B0000598_y1-x2.jpg
27102025,batch4L,Day7,B0000605.jpg,P31,y0-x0,P31_y0-x0,Wh,PFD100,25,Wh_PFD100_25_P31_y0-x0,2025-10-27 12:10:25,2025-11-03 11:04:38,166.9036111111111,cropped_B0000605_y0-x0.jpg,binary_cropped_B0000605_y0-x0.jpg,260932,417.4912,0,0,0,0,0,lab_threshold_L0-255_a90-135_b155-255+remove_thin_crescent_components,photos/27102025/Day7/B0000605.JPG,processed/split_wells/27102025/cropped_B0000605_y0-x0.jpg,processed/binary_wells/27102025/binary_cropped_B0000605_y0-x0.jpg
27102025,batch4L,Day7,B0000605.jpg,P31,y0-x1,P31_y0-x1,Wn,PFD100,25,Wn_PFD100_25_P31_y0-x1,2025-10-27 12:10:25,2025-11-03 11:04:38,166.9036111111111,cropped_B0000605_y0-x1.jpg,binary_cropped_B0000605_y0-x1.jpg,262916,420.66560000000004,0,0,0,946,1,lab_threshold_L0-255_a90-135_b155-255+remove_thin_crescent_components,photos/27102025/Day7/B0000605.JPG,processed/split_wells/27102025/cropped_B0000605_y0-x1.jpg,processed/binary_wells/27102025/binary_cropped_B0000605_y0-x1.jpg
27102025,batch4L,Day7,B0000605.jpg,P31,y0-x2,P31_y0-x2,Wn,PFD100,25,Wn_PFD100_25_P31_y0-x2,2025-10-27 12:10:25,2025-11-03 11:04:38,166.9036111111111,cropped_B0000605_y0-x2.jpg,binary_cropped_B0000605_y0-x2.jpg,242291,387.66560000000004,0,0,0,0,0,lab_threshold_L0-255_a90-135_b155-255+remove_thin_crescent_components,photos/27102025/Day7/B0000605.JPG,processed/split_wells/27102025/cropped_B0000605_y0-x2.jpg,processed/binary_wells/27102025/binary_cropped_B0000605_y0-x2.jpg
27102025,batch4L,Day7,B0000605.jpg,P31,y1-x0,P31_y1-x0,Wn,PFD100,25,Wn_PFD100_25_P31_y1-x0,2025-10-27 12:10:25,2025-11-03 11:04:38,166.9036111111111,cropped_B0000605_y1-x0.jpg,binary_cropped_B0000605_y1-x0.jpg,252161,403.4576,0,0,0,2243,1,lab_threshold_L0-255_a90-135_b155-255+remove_thin_crescent_components,photos/27102025/Day7/B0000605.JPG,processed/split_wells/27102025/cropped_B0000605_y1-x0.jpg,processed/binary_wells/27102025/binary_cropped_B0000605_y1-x0.jpg
27102025,batch4L,Day7,B0000605.jpg,P31,y1-x1,P31_y1-x1,Wh,PFD100,25,Wh_PFD100_25_P31_y1-x1,2025-10-27 12:10:25,2025-11-03 11:04:38,166.9036111111111,cropped_B0000605_y1-x1.jpg,binary_cropped_B0000605_y1-x1.jpg,208634,333.81440000000003,0,0,0,786,1,lab_threshold_L0-255_a90-135_b155-255+remove_thin_crescent_components,photos/27102025/Day7/B0000605.JPG,processed/split_wells/27102025/cropped_B0000605_y1-x1.jpg,processed/binary_wells/27102025/binary_cropped_B0000605_y1-x1.jpg
27102025,batch4L,Day7,B0000605.jpg,P31,y1-x2,P31_y1-x2,Wn,PFD100,25,Wn_PFD100_25_P31_y1-x2,2025-10-27 12:10:25,2025-11-03 11:04:38,166.9036111111111,cropped_B0000605_y1-x2.jpg,binary_cropped_B0000605_y1-x2.jpg,271006,433.6096,0,0,0,1337,1,lab_threshold_L0-255_a90-135_b155-255+remove_thin_crescent_components,photos/27102025/Day7/B0000605.JPG,processed/split_wells/27102025/cropped_B0000605_y1-x2.jpg,processed/binary_wells/27102025/binary_cropped_B0000605_y1-x2.jpg
27102025,batch4L,Day7,B0000606.jpg,P32,y0-x0,P32_y0-x0,Wh,PFD1000,25,Wh_PFD1000_25_P32_y0-x0,2025-10-27 12:10:25,2025-11-03 11:04:59,166.90944444444443,cropped_B0000606_y0-x0.jpg,binary_cropped_B0000606_y0-x0.jpg,502522,804.0352,0,0,0,0,0,lab_threshold_L0-255_a90-135_b155-255+remove_thin_crescent_components,photos/27102025/Day7/B0000606.JPG,processed/split_wells/27102025/cropped_B0000606_y0-x0.jpg,processed/binary_wells/27102025/binary_cropped_B0000606_y0-x0.jpg
27102025,batch4L,Day7,B0000606.jpg,P32,y0-x1,P32_y0-x1,Wn,PFD1000,25,Wn_PFD1000_25_P32_y0-x1,2025-10-27 12:10:25,2025-11-03 11:04:59,166.90944444444443,cropped_B0000606_y0-x1.jpg,binary_cropped_B0000606_y0-x1.jpg,215305,344.488,0,0,0,0,0,lab_threshold_L0-255_a90-135_b155-255+remove_thin_crescent_components,photos/27102025/Day7/B0000606.JPG,processed/split_wells/27102025/cropped_B0000606_y0-x1.jpg,processed/binary_wells/27102025/binary_cropped_B0000606_y0-x1.jpg
27102025,batch4L,Day7,B0000606.jpg,P32,y0-x2,P32_y0-x2,Wn,PFD1000,25,Wn_PFD1000_25_P32_y0-x2,2025-10-27 12:10:25,2025-11-03 11:04:59,166.90944444444443,cropped_B0000606_y0-x2.jpg,binary_cropped_B0000606_y0-x2.jpg,160467,256.7472,0,0,0,16460,3,lab_threshold_L0-255_a90-135_b155-255+remove_thin_crescent_components,photos/27102025/Day7/B0000606.JPG,processed/split_wells/27102025/cropped_B0000606_y0-x2.jpg,processed/binary_wells/27102025/binary_cropped_B0000606_y0-x2.jpg
27102025,batch4L,Day7,B0000606.jpg,P32,y1-x0,P32_y1-x0,Wn,PFD1000,25,Wn_PFD1000_25_P32_y1-x0,2025-10-27 12:10:25,2025-11-03 11:04:59,166.90944444444443,cropped_B0000606_y1-x0.jpg,binary_cropped_B0000606_y1-x0.jpg,152897,244.6352,0,0,0,7167,1,lab_threshold_L0-255_a90-135_b155-255+remove_thin_crescent_components,photos/27102025/Day7/B0000606.JPG,processed/split_wells/27102025/cropped_B0000606_y1-x0.jpg,processed/binary_wells/27102025/binary_cropped_B0000606_y1-x0.jpg
27102025,batch4L,Day7,B0000606.jpg,P32,y1-x1,P32_y1-x1,Wh,PFD1000,25,Wh_PFD1000_25_P32_y1-x1,2025-10-27 12:10:25,2025-11-03 11:04:59,166.90944444444443,cropped_B0000606_y1-x1.jpg,binary_cropped_B0000606_y1-x1.jpg,500980,801.568,0,0,0,0,0,lab_threshold_L0-255_a90-135_b155-255+remove_thin_crescent_components,photos/27102025/Day7/B0000606.JPG,processed/split_wells/27102025/cropped_B0000606_y1-x1.jpg,processed/binary_wells/27102025/binary_cropped_B0000606_y1-x1.jpg
27102025,batch4L,Day7,B0000606.jpg,P32,y1-x2,P32_y1-x2,Wn,PFD1000,25,Wn_PFD1000_25_P32_y1-x2,2025-10-27 12:10:25,2025-11-03 11:04:59,166.90944444444443,cropped_B0000606_y1-x2.jpg,binary_cropped_B0000606_y1-x2.jpg,192776,308.4416,0,0,0,20210,1,lab_threshold_L0-255_a90-135_b155-255+remove_thin_crescent_components,photos/27102025/Day7/B0000606.JPG,processed/split_wells/27102025/cropped_B0000606_y1-x2.jpg,processed/binary_wells/27102025/binary_cropped_B0000606_y1-x2.jpg
