"id","wellKey","date","day","batch","sample","light","wellID","PhotoID","elapsed_time","selected_filter","selected_preprocess","selected_area","selection_scope","updated_at"
"0000_13102025_Day0_Lgp8L_PFD100_P09_y0-x0_B0000398","batch2L|P09_y0-x0","13102025","Day0","batch2L","Lgp8L","PFD100","P09_y0-x0","B0000398.jpg","0","Main current","Original photo","67.4048","well",""
"0001_13102025_Day1_Lgp8L_PFD100_P09_y0-x0_B0000421","batch2L|P09_y0-x0","13102025","Day1","batch2L","Lgp8L","PFD100","P09_y0-x0","B0000421.jpg","26.125833333333333","Main current","Original photo","89.0992","well",""
"0002_13102025_Day2_Lgp8L_PFD100_P09_y0-x0_B0000425","batch2L|P09_y0-x0","13102025","Day2","batch2L","Lgp8L","PFD100","P09_y0-x0","B0000425.jpg","46.81583333333333","Main current","Original photo","100.5072","well",""
"0003_13102025_Day3_Lgp8L_PFD100_P09_y0-x0_B0000433","batch2L|P09_y0-x0","13102025","Day3","batch2L","Lgp8L","PFD100","P09_y0-x0","B0000433.jpg","70.7425","Main current","Original photo","118.2128","well",""
"0004_13102025_Day4_Lgp8L_PFD100_P09_y0-x0_B0000441","batch2L|P09_y0-x0","13102025","Day4","batch2L","Lgp8L","PFD100","P09_y0-x0","B0000441.jpg","94.71305555555556","Main current","Original photo","153.2096","well",""
"0005_13102025_Day5_Lgp8L_PFD100_P09_y0-x0_B0000449","batch2L|P09_y0-x0","13102025","Day5","batch2L","Lgp8L","PFD100","P09_y0-x0","B0000449.jpg","118.72111111111111","Main current","Original photo","191.4736","well",""
"0006_13102025_Day6_Lgp8L_PFD100_P09_y0-x0_B0000453","batch2L|P09_y0-x0","13102025","Day6","batch2L","Lgp8L","PFD100","P09_y0-x0","B0000453.jpg","142.80777777777777","Main current","Original photo","261.1248","well",""
"0007_13102025_Day7_Lgp8L_PFD100_P09_y0-x0_B0000457","batch2L|P09_y0-x0","13102025","Day7","batch2L","Lgp8L","PFD100","P09_y0-x0","B0000457.jpg","166.6725","Main current","Original photo","300.0336","well",""
"0008_13102025_Day0_Lgp8L_PFD100_P09_y1-x1_B0000398","batch2L|P09_y1-x1","13102025","Day0","batch2L","Lgp8L","PFD100","P09_y1-x1","B0000398.jpg","0","Main current","Original photo","72.2288","well",""
"0009_13102025_Day1_Lgp8L_PFD100_P09_y1-x1_B0000421","batch2L|P09_y1-x1","13102025","Day1","batch2L","Lgp8L","PFD100","P09_y1-x1","B0000421.jpg","26.125833333333333","Main current","Original photo","114.4848","well",""
"0010_13102025_Day2_Lgp8L_PFD100_P09_y1-x1_B0000425","batch2L|P09_y1-x1","13102025","Day2","batch2L","Lgp8L","PFD100","P09_y1-x1","B0000425.jpg","46.81583333333333","Main current","Original photo","126.0272","well",""
"0011_13102025_Day3_Lgp8L_PFD100_P09_y1-x1_B0000433","batch2L|P09_y1-x1","13102025","Day3","batch2L","Lgp8L","PFD100","P09_y1-x1","B0000433.jpg","70.7425","Main current","Original photo","149.288","well",""
"0012_13102025_Day4_Lgp8L_PFD100_P09_y1-x1_B0000441","batch2L|P09_y1-x1","13102025","Day4","batch2L","Lgp8L","PFD100","P09_y1-x1","B0000441.jpg","94.71305555555556","Main current","Original photo","187.8768","well",""
"0013_13102025_Day5_Lgp8L_PFD100_P09_y1-x1_B0000449","batch2L|P09_y1-x1","13102025","Day5","batch2L","Lgp8L","PFD100","P09_y1-x1","B0000449.jpg","118.72111111111111","Main current","Original photo","241.08","well",""
"0014_13102025_Day6_Lgp8L_PFD100_P09_y1-x1_B0000453","batch2L|P09_y1-x1","13102025","Day6","batch2L","Lgp8L","PFD100","P09_y1-x1","B0000453.jpg","142.80777777777777","Main current","Original photo","340.728","well",""
"0015_13102025_Day7_Lgp8L_PFD100_P09_y1-x1_B0000457","batch2L|P09_y1-x1","13102025","Day7","batch2L","Lgp8L","PFD100","P09_y1-x1","B0000457.jpg","166.6725","Main current","Original photo","406.8176","well",""
"0016_13102025_Day0_Lgp8L_PFD100_P10_y0-x2_B0000399","batch2L|P10_y0-x2","13102025","Day0","batch2L","Lgp8L","PFD100","P10_y0-x2","B0000399.jpg","0.0047222222222222","Main current","Original photo","82.6512","well",""
"0017_13102025_Day1_Lgp8L_PFD100_P10_y0-x2_B0000422","batch2L|P10_y0-x2","13102025","Day1","batch2L","Lgp8L","PFD100","P10_y0-x2","B0000422.jpg","26.156388888888888","Main current","Original photo","103.8112","well",""
"0018_13102025_Day2_Lgp8L_PFD100_P10_y0-x2_B0000426","batch2L|P10_y0-x2","13102025","Day2","batch2L","Lgp8L","PFD100","P10_y0-x2","B0000426.jpg","46.84444444444444","Main current","Original photo","116.5872","well",""
"0019_13102025_Day3_Lgp8L_PFD100_P10_y0-x2_B0000434","batch2L|P10_y0-x2","13102025","Day3","batch2L","Lgp8L","PFD100","P10_y0-x2","B0000434.jpg","70.76166666666667","Main current","Original photo","140.1312","well",""
"0020_13102025_Day4_Lgp8L_PFD100_P10_y0-x2_B0000442","batch2L|P10_y0-x2","13102025","Day4","batch2L","Lgp8L","PFD100","P10_y0-x2","B0000442.jpg","94.72527777777778","Main current","Original photo","178.9248","well",""
"0021_13102025_Day5_Lgp8L_PFD100_P10_y0-x2_B0000450","batch2L|P10_y0-x2","13102025","Day5","batch2L","Lgp8L","PFD100","P10_y0-x2","B0000450.jpg","118.72666666666667","Main current","Original photo","232.7312","well",""
"0022_13102025_Day6_Lgp8L_PFD100_P10_y0-x2_B0000454","batch2L|P10_y0-x2","13102025","Day6","batch2L","Lgp8L","PFD100","P10_y0-x2","B0000454.jpg","142.83694444444444","Main current","Original photo","304.4304","well",""
"0023_13102025_Day7_Lgp8L_PFD100_P10_y0-x2_B0000458","batch2L|P10_y0-x2","13102025","Day7","batch2L","Lgp8L","PFD100","P10_y0-x2","B0000458.jpg","166.6925","Main current","Original photo","420.8032","well",""
"0024_13102025_Day0_Lgp8L_PFD100_P10_y1-x0_B0000399","batch2L|P10_y1-x0","13102025","Day0","batch2L","Lgp8L","PFD100","P10_y1-x0","B0000399.jpg","0.0047222222222222","Main current","Original photo","76.2208","well",""
"0025_13102025_Day1_Lgp8L_PFD100_P10_y1-x0_B0000422","batch2L|P10_y1-x0","13102025","Day1","batch2L","Lgp8L","PFD100","P10_y1-x0","B0000422.jpg","26.156388888888888","Main current","Original photo","97.296","well",""
"0026_13102025_Day2_Lgp8L_PFD100_P10_y1-x0_B0000426","batch2L|P10_y1-x0","13102025","Day2","batch2L","Lgp8L","PFD100","P10_y1-x0","B0000426.jpg","46.84444444444444","Main current","Original photo","111.9968","well",""
"0027_13102025_Day3_Lgp8L_PFD100_P10_y1-x0_B0000434","batch2L|P10_y1-x0","13102025","Day3","batch2L","Lgp8L","PFD100","P10_y1-x0","B0000434.jpg","70.76166666666667","Main current","Original photo","144.3072","well",""
"0028_13102025_Day4_Lgp8L_PFD100_P10_y1-x0_B0000442","batch2L|P10_y1-x0","13102025","Day4","batch2L","Lgp8L","PFD100","P10_y1-x0","B0000442.jpg","94.72527777777778","Main current","Original photo","167.9552","well",""
"0029_13102025_Day5_Lgp8L_PFD100_P10_y1-x0_B0000450","batch2L|P10_y1-x0","13102025","Day5","batch2L","Lgp8L","PFD100","P10_y1-x0","B0000450.jpg","118.72666666666667","Main current","Original photo","219.9136","well",""
"0030_13102025_Day6_Lgp8L_PFD100_P10_y1-x0_B0000454","batch2L|P10_y1-x0","13102025","Day6","batch2L","Lgp8L","PFD100","P10_y1-x0","B0000454.jpg","142.83694444444444","Main current","Original photo","286.3536","well",""
"0031_13102025_Day7_Lgp8L_PFD100_P10_y1-x0_B0000458","batch2L|P10_y1-x0","13102025","Day7","batch2L","Lgp8L","PFD100","P10_y1-x0","B0000458.jpg","166.6925","Main current","Original photo","347.8368","well",""
"0032_20102025_Day0_Lgp8L_PFD100_P23_y0-x0_B0000474","batch3L|P23_y0-x0","20102025","Day0","batch3L","Lgp8L","PFD100","P23_y0-x0","B0000474.jpg","0","Main current","Original photo","80.9088","well",""
"0033_20102025_Day1_Lgp8L_PFD100_P23_y0-x0_B0000484","batch3L|P23_y0-x0","20102025","Day1","batch3L","Lgp8L","PFD100","P23_y0-x0","B0000484.jpg","21.566944444444445","Main current","Original photo","98.9616","well",""
"0034_20102025_Day2_Lgp8L_PFD100_P23_y0-x0_B0000494","batch3L|P23_y0-x0","20102025","Day2","batch3L","Lgp8L","PFD100","P23_y0-x0","B0000494.jpg","45.782222222222224","Main current","Original photo","113.632","well",""
"0035_20102025_Day3_Lgp8L_PFD100_P23_y0-x0_B0000508","batch3L|P23_y0-x0","20102025","Day3","batch3L","Lgp8L","PFD100","P23_y0-x0","B0000508.jpg","70.47555555555556","Main current","Original photo","145.216","well",""
"0036_20102025_Day4_Lgp8L_PFD100_P23_y0-x0_B0000515","batch3L|P23_y0-x0","20102025","Day4","batch3L","Lgp8L","PFD100","P23_y0-x0","B0000515.jpg","93.34555555555556","Main current","Original photo","161.6304","well",""
"0037_20102025_Day5_Lgp8L_PFD100_P23_y0-x0_B0000524","batch3L|P23_y0-x0","20102025","Day5","batch3L","Lgp8L","PFD100","P23_y0-x0","B0000524.jpg","117.17777777777778","Main current","Original photo","211.016","well",""
"0038_20102025_Day6_Lgp8L_PFD100_P23_y0-x0_B0000532","batch3L|P23_y0-x0","20102025","Day6","batch3L","Lgp8L","PFD100","P23_y0-x0","B0000532.jpg","141.17138888888888","Main current","Original photo","267.6608","well",""
"0039_20102025_Day7_Lgp8L_PFD100_P23_y0-x0_B0000541","batch3L|P23_y0-x0","20102025","Day7","batch3L","Lgp8L","PFD100","P23_y0-x0","B0000541.jpg","165.4111111111111","Main current","Original photo","353.0592","well",""
"0040_20102025_Day0_Lgp8L_PFD100_P23_y1-x1_B0000474","batch3L|P23_y1-x1","20102025","Day0","batch3L","Lgp8L","PFD100","P23_y1-x1","B0000474.jpg","0","L36 + redOR + small500 + stronger reflection + root","Original photo","91.1616","well","2026-07-14T08:06:31.749Z"
"0041_20102025_Day1_Lgp8L_PFD100_P23_y1-x1_B0000484","batch3L|P23_y1-x1","20102025","Day1","batch3L","Lgp8L","PFD100","P23_y1-x1","B0000484.jpg","21.566944444444445","L36 + redOR + small500 + stronger reflection + root","Original photo","114.8048","well","2026-07-14T08:06:31.749Z"
"0042_20102025_Day2_Lgp8L_PFD100_P23_y1-x1_B0000494","batch3L|P23_y1-x1","20102025","Day2","batch3L","Lgp8L","PFD100","P23_y1-x1","B0000494.jpg","45.782222222222224","L36 + redOR + small500 + stronger reflection + root","Original photo","133.872","well","2026-07-14T08:06:31.749Z"
"0043_20102025_Day3_Lgp8L_PFD100_P23_y1-x1_B0000508","batch3L|P23_y1-x1","20102025","Day3","batch3L","Lgp8L","PFD100","P23_y1-x1","B0000508.jpg","70.47555555555556","Main current","Original photo","149.1376","image","2026-07-14T08:06:37.159Z"
"0044_20102025_Day4_Lgp8L_PFD100_P23_y1-x1_B0000515","batch3L|P23_y1-x1","20102025","Day4","batch3L","Lgp8L","PFD100","P23_y1-x1","B0000515.jpg","93.34555555555556","L36 + redOR + small500 + stronger reflection + root","Original photo","194.072","well","2026-07-14T08:06:31.749Z"
"0045_20102025_Day5_Lgp8L_PFD100_P23_y1-x1_B0000524","batch3L|P23_y1-x1","20102025","Day5","batch3L","Lgp8L","PFD100","P23_y1-x1","B0000524.jpg","117.17777777777778","L36 + small500 + stronger reflection + root","Original photo","253.4832","image","2026-07-14T08:07:10.929Z"
"0046_20102025_Day6_Lgp8L_PFD100_P23_y1-x1_B0000532","batch3L|P23_y1-x1","20102025","Day6","batch3L","Lgp8L","PFD100","P23_y1-x1","B0000532.jpg","141.17138888888888","L36 + redOR + small500 + stronger reflection + root","Original photo","309.7248","well","2026-07-14T08:06:31.749Z"
"0047_20102025_Day7_Lgp8L_PFD100_P23_y1-x1_B0000541","batch3L|P23_y1-x1","20102025","Day7","batch3L","Lgp8L","PFD100","P23_y1-x1","B0000541.jpg","165.4111111111111","L36 + redOR + small500 + stronger reflection + root","Original photo","400.3728","well","2026-07-14T08:06:31.749Z"
"0048_13102025_Day0_Lgp8L_PFD1000_P11_y0-x0_B0000400","batch2L|P11_y0-x0","13102025","Day0","batch2L","Lgp8L","PFD1000","P11_y0-x0","B0000400.jpg","0.0169444444444444","Main current","Original photo","55.8784","well",""
"0049_13102025_Day1_Lgp8L_PFD1000_P11_y0-x0_B0000423","batch2L|P11_y0-x0","13102025","Day1","batch2L","Lgp8L","PFD1000","P11_y0-x0","B0000423.jpg","26.182777777777776","Main current","Original photo","78.44","well",""
"0050_13102025_Day2_Lgp8L_PFD1000_P11_y0-x0_B0000427","batch2L|P11_y0-x0","13102025","Day2","batch2L","Lgp8L","PFD1000","P11_y0-x0","B0000427.jpg","46.85472222222222","Main current","Original photo","98.8448","well",""
"0051_13102025_Day3_Lgp8L_PFD1000_P11_y0-x0_B0000435","batch2L|P11_y0-x0","13102025","Day3","batch2L","Lgp8L","PFD1000","P11_y0-x0","B0000435.jpg","70.77916666666667","Main current","Original photo","140.136","well",""
"0052_13102025_Day4_Lgp8L_PFD1000_P11_y0-x0_B0000443","batch2L|P11_y0-x0","13102025","Day4","batch2L","Lgp8L","PFD1000","P11_y0-x0","B0000443.jpg","94.75777777777778","Main current","Original photo","191.1776","well",""
"0053_13102025_Day5_Lgp8L_PFD1000_P11_y0-x0_B0000451","batch2L|P11_y0-x0","13102025","Day5","batch2L","Lgp8L","PFD1000","P11_y0-x0","B0000451.jpg","118.73305555555557","Main current","Original photo","257.7008","well",""
"0054_13102025_Day6_Lgp8L_PFD1000_P11_y0-x0_B0000455","batch2L|P11_y0-x0","13102025","Day6","batch2L","Lgp8L","PFD1000","P11_y0-x0","B0000455.jpg","142.84305555555557","Main current","Original photo","339.432","well",""
"0055_13102025_Day7_Lgp8L_PFD1000_P11_y0-x0_B0000459","batch2L|P11_y0-x0","13102025","Day7","batch2L","Lgp8L","PFD1000","P11_y0-x0","B0000459.jpg","166.69972222222222","Main current","Original photo","380.7088","well",""
"0056_13102025_Day0_Lgp8L_PFD1000_P11_y1-x1_B0000400","batch2L|P11_y1-x1","13102025","Day0","batch2L","Lgp8L","PFD1000","P11_y1-x1","B0000400.jpg","0.0169444444444444","Main current","Original photo","78.9472","well",""
"0057_13102025_Day1_Lgp8L_PFD1000_P11_y1-x1_B0000423","batch2L|P11_y1-x1","13102025","Day1","batch2L","Lgp8L","PFD1000","P11_y1-x1","B0000423.jpg","26.182777777777776","Main current","Original photo","114.8336","well",""
"0058_13102025_Day2_Lgp8L_PFD1000_P11_y1-x1_B0000427","batch2L|P11_y1-x1","13102025","Day2","batch2L","Lgp8L","PFD1000","P11_y1-x1","B0000427.jpg","46.85472222222222","Main current","Original photo","151.2064","well",""
"0059_13102025_Day3_Lgp8L_PFD1000_P11_y1-x1_B0000435","batch2L|P11_y1-x1","13102025","Day3","batch2L","Lgp8L","PFD1000","P11_y1-x1","B0000435.jpg","70.77916666666667","Main current","Original photo","212.3456","well",""
"0060_13102025_Day4_Lgp8L_PFD1000_P11_y1-x1_B0000443","batch2L|P11_y1-x1","13102025","Day4","batch2L","Lgp8L","PFD1000","P11_y1-x1","B0000443.jpg","94.75777777777778","Main current","Original photo","276.4208","well",""
"0061_13102025_Day5_Lgp8L_PFD1000_P11_y1-x1_B0000451","batch2L|P11_y1-x1","13102025","Day5","batch2L","Lgp8L","PFD1000","P11_y1-x1","B0000451.jpg","118.73305555555557","Main current","Original photo","344.0352","well",""
"0062_13102025_Day6_Lgp8L_PFD1000_P11_y1-x1_B0000455","batch2L|P11_y1-x1","13102025","Day6","batch2L","Lgp8L","PFD1000","P11_y1-x1","B0000455.jpg","142.84305555555557","Main current","Original photo","419.8256","well",""
"0063_13102025_Day7_Lgp8L_PFD1000_P11_y1-x1_B0000459","batch2L|P11_y1-x1","13102025","Day7","batch2L","Lgp8L","PFD1000","P11_y1-x1","B0000459.jpg","166.69972222222222","Main current","Original photo","444.352","well",""
"0064_13102025_Day0_Lgp8L_PFD1000_P12_y0-x2_B0000401","batch2L|P12_y0-x2","13102025","Day0","batch2L","Lgp8L","PFD1000","P12_y0-x2","B0000401.jpg","0.0222222222222222","Main current","Original photo","72.9184","well",""
"0065_13102025_Day1_Lgp8L_PFD1000_P12_y0-x2_B0000424","batch2L|P12_y0-x2","13102025","Day1","batch2L","Lgp8L","PFD1000","P12_y0-x2","B0000424.jpg","26.189722222222223","Main current","Original photo","108.368","well",""
"0066_13102025_Day2_Lgp8L_PFD1000_P12_y0-x2_B0000428","batch2L|P12_y0-x2","13102025","Day2","batch2L","Lgp8L","PFD1000","P12_y0-x2","B0000428.jpg","46.86","Main current","Original photo","140.9328","well",""
"0067_13102025_Day3_Lgp8L_PFD1000_P12_y0-x2_B0000436","batch2L|P12_y0-x2","13102025","Day3","batch2L","Lgp8L","PFD1000","P12_y0-x2","B0000436.jpg","70.7911111111111","Main current","Original photo","202.1616","well",""
"0068_13102025_Day4_Lgp8L_PFD1000_P12_y0-x2_B0000444","batch2L|P12_y0-x2","13102025","Day4","batch2L","Lgp8L","PFD1000","P12_y0-x2","B0000444.jpg","94.76444444444444","Main current","Original photo","255.2144","well",""
"0069_13102025_Day5_Lgp8L_PFD1000_P12_y0-x2_B0000452","batch2L|P12_y0-x2","13102025","Day5","batch2L","Lgp8L","PFD1000","P12_y0-x2","B0000452.jpg","118.74666666666668","Main current","Original photo","350.9392","well",""
"0070_13102025_Day6_Lgp8L_PFD1000_P12_y0-x2_B0000456","batch2L|P12_y0-x2","13102025","Day6","batch2L","Lgp8L","PFD1000","P12_y0-x2","B0000456.jpg","142.84777777777776","Main current","Original photo","441.1936","well",""
"0071_13102025_Day7_Lgp8L_PFD1000_P12_y0-x2_B0000460","batch2L|P12_y0-x2","13102025","Day7","batch2L","Lgp8L","PFD1000","P12_y0-x2","B0000460.jpg","166.71305555555554","Main current","Original photo","488.648","well",""
"0072_13102025_Day0_Lgp8L_PFD1000_P12_y1-x0_B0000401","batch2L|P12_y1-x0","13102025","Day0","batch2L","Lgp8L","PFD1000","P12_y1-x0","B0000401.jpg","0.0222222222222222","Main current","Original photo","59.304","well",""
"0073_13102025_Day1_Lgp8L_PFD1000_P12_y1-x0_B0000424","batch2L|P12_y1-x0","13102025","Day1","batch2L","Lgp8L","PFD1000","P12_y1-x0","B0000424.jpg","26.189722222222223","Main current","Original photo","87.3376","well",""
"0074_13102025_Day2_Lgp8L_PFD1000_P12_y1-x0_B0000428","batch2L|P12_y1-x0","13102025","Day2","batch2L","Lgp8L","PFD1000","P12_y1-x0","B0000428.jpg","46.86","Main current","Original photo","105.376","well",""
"0075_13102025_Day3_Lgp8L_PFD1000_P12_y1-x0_B0000436","batch2L|P12_y1-x0","13102025","Day3","batch2L","Lgp8L","PFD1000","P12_y1-x0","B0000436.jpg","70.7911111111111","Main current","Original photo","142.296","well",""
"0076_13102025_Day4_Lgp8L_PFD1000_P12_y1-x0_B0000444","batch2L|P12_y1-x0","13102025","Day4","batch2L","Lgp8L","PFD1000","P12_y1-x0","B0000444.jpg","94.76444444444444","Main current","Original photo","193.4448","well",""
"0077_13102025_Day5_Lgp8L_PFD1000_P12_y1-x0_B0000452","batch2L|P12_y1-x0","13102025","Day5","batch2L","Lgp8L","PFD1000","P12_y1-x0","B0000452.jpg","118.74666666666668","Main current","Original photo","264.3808","well",""
"0078_13102025_Day6_Lgp8L_PFD1000_P12_y1-x0_B0000456","batch2L|P12_y1-x0","13102025","Day6","batch2L","Lgp8L","PFD1000","P12_y1-x0","B0000456.jpg","142.84777777777776","Main current","Original photo","349.0784","well",""
"0079_13102025_Day7_Lgp8L_PFD1000_P12_y1-x0_B0000460","batch2L|P12_y1-x0","13102025","Day7","batch2L","Lgp8L","PFD1000","P12_y1-x0","B0000460.jpg","166.71305555555554","Main current","Original photo","401.0064","well",""
"0080_20102025_Day0_Lgp8L_PFD1000_P24_y0-x0_B0000475","batch3L|P24_y0-x0","20102025","Day0","batch3L","Lgp8L","PFD1000","P24_y0-x0","B0000475.jpg","0.0230555555555555","Main current","Original photo","77.4624","well",""
"0081_20102025_Day1_Lgp8L_PFD1000_P24_y0-x0_B0000485","batch3L|P24_y0-x0","20102025","Day1","batch3L","Lgp8L","PFD1000","P24_y0-x0","B0000485.jpg","21.585555555555555","Main current","Original photo","98.2576","well",""
"0082_20102025_Day2_Lgp8L_PFD1000_P24_y0-x0_B0000495","batch3L|P24_y0-x0","20102025","Day2","batch3L","Lgp8L","PFD1000","P24_y0-x0","B0000495.jpg","45.83472222222223","Main current","Original photo","124.2976","well",""
"0083_20102025_Day3_Lgp8L_PFD1000_P24_y0-x0_B0000507","batch3L|P24_y0-x0","20102025","Day3","batch3L","Lgp8L","PFD1000","P24_y0-x0","B0000507.jpg","70.4725","Main current","Original photo","168.2032","well",""
"0084_20102025_Day4_Lgp8L_PFD1000_P24_y0-x0_B0000516","batch3L|P24_y0-x0","20102025","Day4","batch3L","Lgp8L","PFD1000","P24_y0-x0","B0000516.jpg","93.36611111111112","Main current","Original photo","235.2592","well",""
"0085_20102025_Day5_Lgp8L_PFD1000_P24_y0-x0_B0000525","batch3L|P24_y0-x0","20102025","Day5","batch3L","Lgp8L","PFD1000","P24_y0-x0","B0000525.jpg","117.18666666666668","Main current","Original photo","360.4816","well",""
"0086_20102025_Day6_Lgp8L_PFD1000_P24_y0-x0_B0000533","batch3L|P24_y0-x0","20102025","Day6","batch3L","Lgp8L","PFD1000","P24_y0-x0","B0000533.jpg","141.18833333333333","Main current","Original photo","481.8512","well",""
"0087_20102025_Day7_Lgp8L_PFD1000_P24_y0-x0_B0000542","batch3L|P24_y0-x0","20102025","Day7","batch3L","Lgp8L","PFD1000","P24_y0-x0","B0000542.jpg","165.43805555555556","Main current","Original photo","557.616","well",""
"0088_20102025_Day0_Lgp8L_PFD1000_P24_y1-x1_B0000475","batch3L|P24_y1-x1","20102025","Day0","batch3L","Lgp8L","PFD1000","P24_y1-x1","B0000475.jpg","0.0230555555555555","Main current","Original photo","73.6672","well",""
"0089_20102025_Day1_Lgp8L_PFD1000_P24_y1-x1_B0000485","batch3L|P24_y1-x1","20102025","Day1","batch3L","Lgp8L","PFD1000","P24_y1-x1","B0000485.jpg","21.585555555555555","Main current","Original photo","94.8272","well",""
"0090_20102025_Day2_Lgp8L_PFD1000_P24_y1-x1_B0000495","batch3L|P24_y1-x1","20102025","Day2","batch3L","Lgp8L","PFD1000","P24_y1-x1","B0000495.jpg","45.83472222222223","Main current","Original photo","128.2448","well",""
"0091_20102025_Day3_Lgp8L_PFD1000_P24_y1-x1_B0000507","batch3L|P24_y1-x1","20102025","Day3","batch3L","Lgp8L","PFD1000","P24_y1-x1","B0000507.jpg","70.4725","Main current","Original photo","166.584","well",""
"0092_20102025_Day4_Lgp8L_PFD1000_P24_y1-x1_B0000516","batch3L|P24_y1-x1","20102025","Day4","batch3L","Lgp8L","PFD1000","P24_y1-x1","B0000516.jpg","93.36611111111112","Main current","Original photo","227.3296","well",""
"0093_20102025_Day5_Lgp8L_PFD1000_P24_y1-x1_B0000525","batch3L|P24_y1-x1","20102025","Day5","batch3L","Lgp8L","PFD1000","P24_y1-x1","B0000525.jpg","117.18666666666668","Main current","Original photo","319.0512","well",""
"0094_20102025_Day6_Lgp8L_PFD1000_P24_y1-x1_B0000533","batch3L|P24_y1-x1","20102025","Day6","batch3L","Lgp8L","PFD1000","P24_y1-x1","B0000533.jpg","141.18833333333333","Main current","Original photo","405.0704","well",""
"0095_20102025_Day7_Lgp8L_PFD1000_P24_y1-x1_B0000542","batch3L|P24_y1-x1","20102025","Day7","batch3L","Lgp8L","PFD1000","P24_y1-x1","B0000542.jpg","165.43805555555556","Main current","Original photo","511.256","well",""
"0096_03112025_Day0_Lp_PFD100_P39_y0-x0_B0000614","batch5L|P39_y0-x0","03112025","Day0","batch5L","Lp","PFD100","P39_y0-x0","B0000614.jpg","0","L36 + redOR + small500 + stronger reflection + root","Original photo","140.5984","well","2026-07-14T07:59:51.315Z"
"0097_03112025_Day1_Lp_PFD100_P39_y0-x0_B0000628","batch5L|P39_y0-x0","03112025","Day1","batch5L","Lp","PFD100","P39_y0-x0","B0000628.jpg","22.967777777777776","L36 + redOR + small500 + stronger reflection + root","Original photo","158.984","well","2026-07-14T07:59:51.315Z"
"0098_03112025_Day2_Lp_PFD100_P39_y0-x0_B0000640","batch5L|P39_y0-x0","03112025","Day2","batch5L","Lp","PFD100","P39_y0-x0","B0000640.jpg","46.9375","L36 + redOR + small500 + stronger reflection + root","Original photo","173.0416","well","2026-07-14T07:59:51.315Z"
"0099_03112025_Day3_Lp_PFD100_P39_y0-x0_B0000652","batch5L|P39_y0-x0","03112025","Day3","batch5L","Lp","PFD100","P39_y0-x0","B0000652.jpg","70.83638888888889","L36 + redOR + small500 + stronger reflection + root","Original photo","187.544","well","2026-07-14T07:59:51.315Z"
"0100_03112025_Day4_Lp_PFD100_P39_y0-x0_B0000664","batch5L|P39_y0-x0","03112025","Day4","batch5L","Lp","PFD100","P39_y0-x0","B0000664.jpg","94.90222222222222","L36 + redOR + small500 + stronger reflection + root","Original photo","222.128","well","2026-07-14T07:59:51.315Z"
"0101_03112025_Day5_Lp_PFD100_P39_y0-x0_B0000676","batch5L|P39_y0-x0","03112025","Day5","batch5L","Lp","PFD100","P39_y0-x0","B0000676.jpg","118.7925","L36 + redOR + small500 + stronger reflection + root","Original photo","241.1296","well","2026-07-14T07:59:51.315Z"
"0102_03112025_Day6_Lp_PFD100_P39_y0-x0_B0000688","batch5L|P39_y0-x0","03112025","Day6","batch5L","Lp","PFD100","P39_y0-x0","B0000688.jpg","142.64694444444444","L36 + redOR + small500 + stronger reflection + root","Original photo","293.0352","well","2026-07-14T07:59:51.315Z"
"0103_03112025_Day7_Lp_PFD100_P39_y0-x0_B0000700","batch5L|P39_y0-x0","03112025","Day7","batch5L","Lp","PFD100","P39_y0-x0","B0000700.jpg","166.83","L36 + redOR + small500 + stronger reflection + root","Original photo","319.056","well","2026-07-14T07:59:51.315Z"
"0104_03112025_Day0_Lp_PFD100_P39_y0-x2_B0000614","batch5L|P39_y0-x2","03112025","Day0","batch5L","Lp","PFD100","P39_y0-x2","B0000614.jpg","0","Main current","Original photo","139.2736","well",""
"0105_03112025_Day1_Lp_PFD100_P39_y0-x2_B0000628","batch5L|P39_y0-x2","03112025","Day1","batch5L","Lp","PFD100","P39_y0-x2","B0000628.jpg","22.967777777777776","Main current","Original photo","157.9584","well",""
"0106_03112025_Day2_Lp_PFD100_P39_y0-x2_B0000640","batch5L|P39_y0-x2","03112025","Day2","batch5L","Lp","PFD100","P39_y0-x2","B0000640.jpg","46.9375","Main current","Original photo","173.4912","well",""
"0107_03112025_Day3_Lp_PFD100_P39_y0-x2_B0000652","batch5L|P39_y0-x2","03112025","Day3","batch5L","Lp","PFD100","P39_y0-x2","B0000652.jpg","70.83638888888889","Main current","Original photo","196.296","well",""
"0108_03112025_Day4_Lp_PFD100_P39_y0-x2_B0000664","batch5L|P39_y0-x2","03112025","Day4","batch5L","Lp","PFD100","P39_y0-x2","B0000664.jpg","94.90222222222222","Main current","Original photo","234.8576","well",""
"0109_03112025_Day5_Lp_PFD100_P39_y0-x2_B0000676","batch5L|P39_y0-x2","03112025","Day5","batch5L","Lp","PFD100","P39_y0-x2","B0000676.jpg","118.7925","Main current","Original photo","252.9392","well",""
"0110_03112025_Day6_Lp_PFD100_P39_y0-x2_B0000688","batch5L|P39_y0-x2","03112025","Day6","batch5L","Lp","PFD100","P39_y0-x2","B0000688.jpg","142.64694444444444","Main current","Original photo","272.2336","well",""
"0111_03112025_Day7_Lp_PFD100_P39_y0-x2_B0000700","batch5L|P39_y0-x2","03112025","Day7","batch5L","Lp","PFD100","P39_y0-x2","B0000700.jpg","166.83","Main current","Original photo","315.5856","well",""
"0112_03112025_Day0_Lp_PFD100_P39_y1-x1_B0000614","batch5L|P39_y1-x1","03112025","Day0","batch5L","Lp","PFD100","P39_y1-x1","B0000614.jpg","0","L36 + redOR + small500 + stronger reflection + root","Original photo","165.3504","image","2026-07-14T08:00:24.489Z"
"0113_03112025_Day1_Lp_PFD100_P39_y1-x1_B0000628","batch5L|P39_y1-x1","03112025","Day1","batch5L","Lp","PFD100","P39_y1-x1","B0000628.jpg","22.967777777777776","L36 + redOR + small500 + stronger reflection + root","Original photo","189.2288","image","2026-07-14T08:00:21.507Z"
"0114_03112025_Day2_Lp_PFD100_P39_y1-x1_B0000640","batch5L|P39_y1-x1","03112025","Day2","batch5L","Lp","PFD100","P39_y1-x1","B0000640.jpg","46.9375","L36 + redOR + small500 + stronger reflection + root","Original photo","217.0896","well","2026-07-14T08:00:30.264Z"
"0115_03112025_Day3_Lp_PFD100_P39_y1-x1_B0000652","batch5L|P39_y1-x1","03112025","Day3","batch5L","Lp","PFD100","P39_y1-x1","B0000652.jpg","70.83638888888889","L36 + redOR + small500 + stronger reflection + root","Original photo","225.832","well","2026-07-14T08:00:30.264Z"
"0116_03112025_Day4_Lp_PFD100_P39_y1-x1_B0000664","batch5L|P39_y1-x1","03112025","Day4","batch5L","Lp","PFD100","P39_y1-x1","B0000664.jpg","94.90222222222222","L36 + redOR + small500 + stronger reflection + root","Original photo","260.5888","well","2026-07-14T08:00:30.264Z"
"0117_03112025_Day5_Lp_PFD100_P39_y1-x1_B0000676","batch5L|P39_y1-x1","03112025","Day5","batch5L","Lp","PFD100","P39_y1-x1","B0000676.jpg","118.7925","L36 + redOR + small500 + stronger reflection + root","Original photo","283.376","well","2026-07-14T08:00:30.264Z"
"0118_03112025_Day6_Lp_PFD100_P39_y1-x1_B0000688","batch5L|P39_y1-x1","03112025","Day6","batch5L","Lp","PFD100","P39_y1-x1","B0000688.jpg","142.64694444444444","L36 + redOR + small500 + stronger reflection + root","Original photo","324","well","2026-07-14T08:00:30.264Z"
"0119_03112025_Day7_Lp_PFD100_P39_y1-x1_B0000700","batch5L|P39_y1-x1","03112025","Day7","batch5L","Lp","PFD100","P39_y1-x1","B0000700.jpg","166.83","L36 + redOR + small500 + stronger reflection + root","Original photo","353.7392","well","2026-07-14T08:00:30.264Z"
"0120_03112025_Day0_Lp_PFD100_P40_y0-x0_B0000615","batch5L|P40_y0-x0","03112025","Day0","batch5L","Lp","PFD100","P40_y0-x0","B0000615.jpg","0.0069444444444444","L36 + redOR + small500 + stronger reflection + root","Original photo","127.4592","well","2026-07-14T08:01:21.706Z"
"0121_03112025_Day1_Lp_PFD100_P40_y0-x0_B0000629","batch5L|P40_y0-x0","03112025","Day1","batch5L","Lp","PFD100","P40_y0-x0","B0000629.jpg","22.976944444444445","L36 + redOR + small500 + stronger reflection + root","Original photo","130.8896","well","2026-07-14T08:01:21.706Z"
"0122_03112025_Day2_Lp_PFD100_P40_y0-x0_B0000641","batch5L|P40_y0-x0","03112025","Day2","batch5L","Lp","PFD100","P40_y0-x0","B0000641.jpg","46.95194444444444","L36 + redOR + small500 + stronger reflection + root","Original photo","153.5952","well","2026-07-14T08:01:21.706Z"
"0123_03112025_Day3_Lp_PFD100_P40_y0-x0_B0000653","batch5L|P40_y0-x0","03112025","Day3","batch5L","Lp","PFD100","P40_y0-x0","B0000653.jpg","70.84222222222222","L36 + redOR + small500 + stronger reflection + root","Original photo","155.208","well","2026-07-14T08:01:21.706Z"
"0124_03112025_Day4_Lp_PFD100_P40_y0-x0_B0000665","batch5L|P40_y0-x0","03112025","Day4","batch5L","Lp","PFD100","P40_y0-x0","B0000665.jpg","94.90666666666668","L36 + redOR + small500 + stronger reflection + root","Original photo","186.1072","well","2026-07-14T08:01:21.706Z"
"0125_03112025_Day5_Lp_PFD100_P40_y0-x0_B0000677","batch5L|P40_y0-x0","03112025","Day5","batch5L","Lp","PFD100","P40_y0-x0","B0000677.jpg","118.81222222222222","L36 + redOR + small500 + stronger reflection + root","Original photo","201.6208","well","2026-07-14T08:01:21.706Z"
"0126_03112025_Day6_Lp_PFD100_P40_y0-x0_B0000689","batch5L|P40_y0-x0","03112025","Day6","batch5L","Lp","PFD100","P40_y0-x0","B0000689.jpg","142.65666666666667","Main current","Original photo","226.5376","image","2026-07-14T08:01:26.806Z"
"0127_03112025_Day7_Lp_PFD100_P40_y0-x0_B0000701","batch5L|P40_y0-x0","03112025","Day7","batch5L","Lp","PFD100","P40_y0-x0","B0000701.jpg","166.84916666666666","L36 + redOR + small500 + stronger reflection + root","Original photo","278.024","image","2026-07-14T08:01:35.131Z"
"0128_03112025_Day0_Lp_PFD100_P40_y0-x2_B0000615","batch5L|P40_y0-x2","03112025","Day0","batch5L","Lp","PFD100","P40_y0-x2","B0000615.jpg","0.0069444444444444","Main current","Original photo","109.6032","well",""
"0129_03112025_Day1_Lp_PFD100_P40_y0-x2_B0000629","batch5L|P40_y0-x2","03112025","Day1","batch5L","Lp","PFD100","P40_y0-x2","B0000629.jpg","22.976944444444445","Main current","Original photo","116.816","well",""
"0130_03112025_Day2_Lp_PFD100_P40_y0-x2_B0000641","batch5L|P40_y0-x2","03112025","Day2","batch5L","Lp","PFD100","P40_y0-x2","B0000641.jpg","46.95194444444444","Main current","Original photo","128.848","well",""
"0131_03112025_Day3_Lp_PFD100_P40_y0-x2_B0000653","batch5L|P40_y0-x2","03112025","Day3","batch5L","Lp","PFD100","P40_y0-x2","B0000653.jpg","70.84222222222222","Main current","Original photo","134.008","well",""
"0132_03112025_Day4_Lp_PFD100_P40_y0-x2_B0000665","batch5L|P40_y0-x2","03112025","Day4","batch5L","Lp","PFD100","P40_y0-x2","B0000665.jpg","94.90666666666668","Main current","Original photo","151.1504","well",""
"0133_03112025_Day5_Lp_PFD100_P40_y0-x2_B0000677","batch5L|P40_y0-x2","03112025","Day5","batch5L","Lp","PFD100","P40_y0-x2","B0000677.jpg","118.81222222222222","Main current","Original photo","155.0224","well",""
"0134_03112025_Day6_Lp_PFD100_P40_y0-x2_B0000689","batch5L|P40_y0-x2","03112025","Day6","batch5L","Lp","PFD100","P40_y0-x2","B0000689.jpg","142.65666666666667","Main current","Original photo","182.0496","well",""
"0135_03112025_Day7_Lp_PFD100_P40_y0-x2_B0000701","batch5L|P40_y0-x2","03112025","Day7","batch5L","Lp","PFD100","P40_y0-x2","B0000701.jpg","166.84916666666666","Main current","Original photo","213.6192","well",""
"0136_03112025_Day0_Lp_PFD100_P40_y1-x1_B0000615","batch5L|P40_y1-x1","03112025","Day0","batch5L","Lp","PFD100","P40_y1-x1","B0000615.jpg","0.0069444444444444","L36 + redOR + small500 + stronger reflection + root","Original photo","134.6512","well","2026-07-14T08:02:16.620Z"
"0137_03112025_Day1_Lp_PFD100_P40_y1-x1_B0000629","batch5L|P40_y1-x1","03112025","Day1","batch5L","Lp","PFD100","P40_y1-x1","B0000629.jpg","22.976944444444445","L36 + redOR + small500 + stronger reflection + root","Original photo","142.7376","well","2026-07-14T08:02:16.620Z"
"0138_03112025_Day2_Lp_PFD100_P40_y1-x1_B0000641","batch5L|P40_y1-x1","03112025","Day2","batch5L","Lp","PFD100","P40_y1-x1","B0000641.jpg","46.95194444444444","L36 + redOR + small500 + stronger reflection + root","Original photo","170.856","well","2026-07-14T08:02:16.620Z"
"0139_03112025_Day3_Lp_PFD100_P40_y1-x1_B0000653","batch5L|P40_y1-x1","03112025","Day3","batch5L","Lp","PFD100","P40_y1-x1","B0000653.jpg","70.84222222222222","L36 + redOR + small500 + stronger reflection + root","Original photo","181.2576","well","2026-07-14T08:02:16.620Z"
"0140_03112025_Day4_Lp_PFD100_P40_y1-x1_B0000665","batch5L|P40_y1-x1","03112025","Day4","batch5L","Lp","PFD100","P40_y1-x1","B0000665.jpg","94.90666666666668","L36 + redOR + small500 + stronger reflection + root","Original photo","210.912","well","2026-07-14T08:02:16.620Z"
"0141_03112025_Day5_Lp_PFD100_P40_y1-x1_B0000677","batch5L|P40_y1-x1","03112025","Day5","batch5L","Lp","PFD100","P40_y1-x1","B0000677.jpg","118.81222222222222","L36 + redOR + small500 + stronger reflection + root","Original photo","219.5024","well","2026-07-14T08:02:16.620Z"
"0142_03112025_Day6_Lp_PFD100_P40_y1-x1_B0000689","batch5L|P40_y1-x1","03112025","Day6","batch5L","Lp","PFD100","P40_y1-x1","B0000689.jpg","142.65666666666667","L36 + redOR + small500 + stronger reflection + root","Original photo","262.5296","well","2026-07-14T08:02:16.620Z"
"0143_03112025_Day7_Lp_PFD100_P40_y1-x1_B0000701","batch5L|P40_y1-x1","03112025","Day7","batch5L","Lp","PFD100","P40_y1-x1","B0000701.jpg","166.84916666666666","L36 + redOR + small500 + stronger reflection + root","Original photo","291.1024","well","2026-07-14T08:02:16.620Z"
"0144_03112025_Day0_Lp_PFD1000_P41_y0-x1_B0000618","batch5L|P41_y0-x1","03112025","Day0","batch5L","Lp","PFD1000","P41_y0-x1","B0000618.jpg","0.0238888888888888","Main current","Original photo","112.0848","well",""
"0145_03112025_Day1_Lp_PFD1000_P41_y0-x1_B0000631","batch5L|P41_y0-x1","03112025","Day1","batch5L","Lp","PFD1000","P41_y0-x1","B0000631.jpg","23.000555555555557","Main current","Original photo","131.552","well",""
"0146_03112025_Day2_Lp_PFD1000_P41_y0-x1_B0000643","batch5L|P41_y0-x1","03112025","Day2","batch5L","Lp","PFD1000","P41_y0-x1","B0000643.jpg","47.00083333333333","Main current","Original photo","150.7744","well",""
"0147_03112025_Day3_Lp_PFD1000_P41_y0-x1_B0000655","batch5L|P41_y0-x1","03112025","Day3","batch5L","Lp","PFD1000","P41_y0-x1","B0000655.jpg","70.86583333333333","Main current","Original photo","177.4112","well",""
"0148_03112025_Day4_Lp_PFD1000_P41_y0-x1_B0000667","batch5L|P41_y0-x1","03112025","Day4","batch5L","Lp","PFD1000","P41_y0-x1","B0000667.jpg","94.96166666666667","Main current","Original photo","196.4816","well",""
"0149_03112025_Day5_Lp_PFD1000_P41_y0-x1_B0000679","batch5L|P41_y0-x1","03112025","Day5","batch5L","Lp","PFD1000","P41_y0-x1","B0000679.jpg","118.82305555555556","Main current","Original photo","225.5152","well",""
"0150_03112025_Day6_Lp_PFD1000_P41_y0-x1_B0000691","batch5L|P41_y0-x1","03112025","Day6","batch5L","Lp","PFD1000","P41_y0-x1","B0000691.jpg","142.66833333333332","Main current","Original photo","247.9712","well",""
"0151_03112025_Day7_Lp_PFD1000_P41_y0-x1_B0000703","batch5L|P41_y0-x1","03112025","Day7","batch5L","Lp","PFD1000","P41_y0-x1","B0000703.jpg","166.87444444444444","Main current","Original photo","261.192","well",""
"0152_03112025_Day0_Lp_PFD1000_P41_y1-x0_B0000618","batch5L|P41_y1-x0","03112025","Day0","batch5L","Lp","PFD1000","P41_y1-x0","B0000618.jpg","0.0238888888888888","Main current","Original photo","105.008","well",""
"0153_03112025_Day1_Lp_PFD1000_P41_y1-x0_B0000631","batch5L|P41_y1-x0","03112025","Day1","batch5L","Lp","PFD1000","P41_y1-x0","B0000631.jpg","23.000555555555557","Main current","Original photo","128.4528","well",""
"0154_03112025_Day2_Lp_PFD1000_P41_y1-x0_B0000643","batch5L|P41_y1-x0","03112025","Day2","batch5L","Lp","PFD1000","P41_y1-x0","B0000643.jpg","47.00083333333333","Main current","Original photo","155.0832","well",""
"0155_03112025_Day3_Lp_PFD1000_P41_y1-x0_B0000655","batch5L|P41_y1-x0","03112025","Day3","batch5L","Lp","PFD1000","P41_y1-x0","B0000655.jpg","70.86583333333333","Main current","Original photo","180.664","well",""
"0156_03112025_Day4_Lp_PFD1000_P41_y1-x0_B0000667","batch5L|P41_y1-x0","03112025","Day4","batch5L","Lp","PFD1000","P41_y1-x0","B0000667.jpg","94.96166666666667","Main current","Original photo","206.672","well",""
"0157_03112025_Day5_Lp_PFD1000_P41_y1-x0_B0000679","batch5L|P41_y1-x0","03112025","Day5","batch5L","Lp","PFD1000","P41_y1-x0","B0000679.jpg","118.82305555555556","Main current","Original photo","236.3024","image","2026-07-14T08:03:27.477Z"
"0158_03112025_Day6_Lp_PFD1000_P41_y1-x0_B0000691","batch5L|P41_y1-x0","03112025","Day6","batch5L","Lp","PFD1000","P41_y1-x0","B0000691.jpg","142.66833333333332","L36 + redOR + small500 + stronger reflection + root","Original photo","311.2496","image","2026-07-14T08:03:28.926Z"
"0159_03112025_Day7_Lp_PFD1000_P41_y1-x0_B0000703","batch5L|P41_y1-x0","03112025","Day7","batch5L","Lp","PFD1000","P41_y1-x0","B0000703.jpg","166.87444444444444","L36 + redOR + small500 + stronger reflection + root","Original photo","346.9088","image","2026-07-14T08:04:03.260Z"
"0160_03112025_Day0_Lp_PFD1000_P41_y1-x2_B0000618","batch5L|P41_y1-x2","03112025","Day0","batch5L","Lp","PFD1000","P41_y1-x2","B0000618.jpg","0.0238888888888888","Main current","Original photo","117.6144","well",""
"0161_03112025_Day1_Lp_PFD1000_P41_y1-x2_B0000631","batch5L|P41_y1-x2","03112025","Day1","batch5L","Lp","PFD1000","P41_y1-x2","B0000631.jpg","23.000555555555557","Main current","Original photo","137.8224","well",""
"0162_03112025_Day2_Lp_PFD1000_P41_y1-x2_B0000643","batch5L|P41_y1-x2","03112025","Day2","batch5L","Lp","PFD1000","P41_y1-x2","B0000643.jpg","47.00083333333333","Main current","Original photo","157.5824","well",""
"0163_03112025_Day3_Lp_PFD1000_P41_y1-x2_B0000655","batch5L|P41_y1-x2","03112025","Day3","batch5L","Lp","PFD1000","P41_y1-x2","B0000655.jpg","70.86583333333333","Main current","Original photo","182.448","well",""
"0164_03112025_Day4_Lp_PFD1000_P41_y1-x2_B0000667","batch5L|P41_y1-x2","03112025","Day4","batch5L","Lp","PFD1000","P41_y1-x2","B0000667.jpg","94.96166666666667","Main current","Original photo","208.824","well",""
"0165_03112025_Day5_Lp_PFD1000_P41_y1-x2_B0000679","batch5L|P41_y1-x2","03112025","Day5","batch5L","Lp","PFD1000","P41_y1-x2","B0000679.jpg","118.82305555555556","Main current","Original photo","238.2064","well",""
"0166_03112025_Day6_Lp_PFD1000_P41_y1-x2_B0000691","batch5L|P41_y1-x2","03112025","Day6","batch5L","Lp","PFD1000","P41_y1-x2","B0000691.jpg","142.66833333333332","L36 + redOR + small500 + stronger reflection + root","Original photo","289.9072","image","2026-07-14T08:04:17.117Z"
"0167_03112025_Day7_Lp_PFD1000_P41_y1-x2_B0000703","batch5L|P41_y1-x2","03112025","Day7","batch5L","Lp","PFD1000","P41_y1-x2","B0000703.jpg","166.87444444444444","L36 + redOR + small500 + stronger reflection + root","Original photo","319.8672","image","2026-07-14T08:04:22.525Z"
"0168_03112025_Day0_Lp_PFD1000_P42_y0-x1_B0000620","batch5L|P42_y0-x1","03112025","Day0","batch5L","Lp","PFD1000","P42_y0-x1","B0000620.jpg","0.0463888888888888","Main current","Original photo","99.5712","well",""
"0169_03112025_Day1_Lp_PFD1000_P42_y0-x1_B0000632","batch5L|P42_y0-x1","03112025","Day1","batch5L","Lp","PFD1000","P42_y0-x1","B0000632.jpg","23.006666666666668","Main current","Original photo","118.0656","well",""
"0170_03112025_Day2_Lp_PFD1000_P42_y0-x1_B0000644","batch5L|P42_y0-x1","03112025","Day2","batch5L","Lp","PFD1000","P42_y0-x1","B0000644.jpg","47.005833333333335","Main current","Original photo","136.1984","well",""
"0171_03112025_Day3_Lp_PFD1000_P42_y0-x1_B0000656","batch5L|P42_y0-x1","03112025","Day3","batch5L","Lp","PFD1000","P42_y0-x1","B0000656.jpg","70.87222222222222","L36 + redOR + small500 + stronger reflection + root","Original photo","156.0176","image","2026-07-14T08:04:30.625Z"
"0172_03112025_Day4_Lp_PFD1000_P42_y0-x1_B0000668","batch5L|P42_y0-x1","03112025","Day4","batch5L","Lp","PFD1000","P42_y0-x1","B0000668.jpg","94.97083333333332","L36 + redOR + small500 + stronger reflection + root","Original photo","169.56","image","2026-07-14T08:04:43.021Z"
"0173_03112025_Day5_Lp_PFD1000_P42_y0-x1_B0000680","batch5L|P42_y0-x1","03112025","Day5","batch5L","Lp","PFD1000","P42_y0-x1","B0000680.jpg","118.83611111111112","L36 + redOR + small500 + stronger reflection + root","Original photo","201.752","image","2026-07-14T08:04:46.120Z"
"0174_03112025_Day6_Lp_PFD1000_P42_y0-x1_B0000692","batch5L|P42_y0-x1","03112025","Day6","batch5L","Lp","PFD1000","P42_y0-x1","B0000692.jpg","142.68555555555557","L36 + redOR + small500 + stronger reflection + root","Original photo","236.9728","image","2026-07-14T08:04:51.328Z"
"0175_03112025_Day7_Lp_PFD1000_P42_y0-x1_B0000704","batch5L|P42_y0-x1","03112025","Day7","batch5L","Lp","PFD1000","P42_y0-x1","B0000704.jpg","166.88083333333333","Main current","Original photo","261.8608","well",""
"0176_03112025_Day0_Lp_PFD1000_P42_y1-x0_B0000620","batch5L|P42_y1-x0","03112025","Day0","batch5L","Lp","PFD1000","P42_y1-x0","B0000620.jpg","0.0463888888888888","Main current","Original photo","98.7312","well",""
"0177_03112025_Day1_Lp_PFD1000_P42_y1-x0_B0000632","batch5L|P42_y1-x0","03112025","Day1","batch5L","Lp","PFD1000","P42_y1-x0","B0000632.jpg","23.006666666666668","Main current","Original photo","115.6832","well",""
"0178_03112025_Day2_Lp_PFD1000_P42_y1-x0_B0000644","batch5L|P42_y1-x0","03112025","Day2","batch5L","Lp","PFD1000","P42_y1-x0","B0000644.jpg","47.005833333333335","Main current","Original photo","127.296","well",""
"0179_03112025_Day3_Lp_PFD1000_P42_y1-x0_B0000656","batch5L|P42_y1-x0","03112025","Day3","batch5L","Lp","PFD1000","P42_y1-x0","B0000656.jpg","70.87222222222222","Main current","Original photo","143.7472","well",""
"0180_03112025_Day4_Lp_PFD1000_P42_y1-x0_B0000668","batch5L|P42_y1-x0","03112025","Day4","batch5L","Lp","PFD1000","P42_y1-x0","B0000668.jpg","94.97083333333332","Main current","Original photo","159.072","well",""
"0181_03112025_Day5_Lp_PFD1000_P42_y1-x0_B0000680","batch5L|P42_y1-x0","03112025","Day5","batch5L","Lp","PFD1000","P42_y1-x0","B0000680.jpg","118.83611111111112","Main current","Original photo","192.7984","well",""
"0182_03112025_Day6_Lp_PFD1000_P42_y1-x0_B0000692","batch5L|P42_y1-x0","03112025","Day6","batch5L","Lp","PFD1000","P42_y1-x0","B0000692.jpg","142.68555555555557","Main current","Original photo","223.9696","well",""
"0183_03112025_Day7_Lp_PFD1000_P42_y1-x0_B0000704","batch5L|P42_y1-x0","03112025","Day7","batch5L","Lp","PFD1000","P42_y1-x0","B0000704.jpg","166.88083333333333","Main current","Original photo","253.616","well",""
"0184_03112025_Day0_Lp_PFD1000_P42_y1-x2_B0000620","batch5L|P42_y1-x2","03112025","Day0","batch5L","Lp","PFD1000","P42_y1-x2","B0000620.jpg","0.0463888888888888","L36 + redOR + small500 + stronger reflection + root","Original photo","115.5184","image","2026-07-14T08:05:21.920Z"
"0185_03112025_Day1_Lp_PFD1000_P42_y1-x2_B0000632","batch5L|P42_y1-x2","03112025","Day1","batch5L","Lp","PFD1000","P42_y1-x2","B0000632.jpg","23.006666666666668","L36 + small500 + stronger reflection + root","Original photo","134.6832","image","2026-07-14T08:05:47.558Z"
"0186_03112025_Day2_Lp_PFD1000_P42_y1-x2_B0000644","batch5L|P42_y1-x2","03112025","Day2","batch5L","Lp","PFD1000","P42_y1-x2","B0000644.jpg","47.005833333333335","L36 + small500 + stronger reflection + root","Original photo","143.4704","image","2026-07-14T08:05:48.059Z"
"0187_03112025_Day3_Lp_PFD1000_P42_y1-x2_B0000656","batch5L|P42_y1-x2","03112025","Day3","batch5L","Lp","PFD1000","P42_y1-x2","B0000656.jpg","70.87222222222222","L36 + small500 + stronger reflection + root","Original photo","167.608","image","2026-07-14T08:05:48.991Z"
"0188_03112025_Day4_Lp_PFD1000_P42_y1-x2_B0000668","batch5L|P42_y1-x2","03112025","Day4","batch5L","Lp","PFD1000","P42_y1-x2","B0000668.jpg","94.97083333333332","L36 + small500 + stronger reflection + root","Original photo","191.7216","image","2026-07-14T08:05:51.361Z"
"0189_03112025_Day5_Lp_PFD1000_P42_y1-x2_B0000680","batch5L|P42_y1-x2","03112025","Day5","batch5L","Lp","PFD1000","P42_y1-x2","B0000680.jpg","118.83611111111112","L36 + small500 + stronger reflection + root","Original photo","231.2736","image","2026-07-14T08:05:54.396Z"
"0190_03112025_Day6_Lp_PFD1000_P42_y1-x2_B0000692","batch5L|P42_y1-x2","03112025","Day6","batch5L","Lp","PFD1000","P42_y1-x2","B0000692.jpg","142.68555555555557","L36 + small500 + stronger reflection + root","Original photo","271.1552","image","2026-07-14T08:05:59.068Z"
"0191_03112025_Day7_Lp_PFD1000_P42_y1-x2_B0000704","batch5L|P42_y1-x2","03112025","Day7","batch5L","Lp","PFD1000","P42_y1-x2","B0000704.jpg","166.88083333333333","L36 + small500 + stronger reflection + root","Original photo","333.1712","image","2026-07-14T08:06:02.056Z"
"0192_13102025_Day0_M10E_PFD100_P09_y0-x1_B0000398","batch2L|P09_y0-x1","13102025","Day0","batch2L","M10E","PFD100","P09_y0-x1","B0000398.jpg","0","Main current","Original photo","92.512","well",""
"0193_13102025_Day1_M10E_PFD100_P09_y0-x1_B0000421","batch2L|P09_y0-x1","13102025","Day1","batch2L","M10E","PFD100","P09_y0-x1","B0000421.jpg","26.125833333333333","Main current","Original photo","132.6928","well",""
"0194_13102025_Day2_M10E_PFD100_P09_y0-x1_B0000425","batch2L|P09_y0-x1","13102025","Day2","batch2L","M10E","PFD100","P09_y0-x1","B0000425.jpg","46.81583333333333","Main current","Original photo","149.9328","well",""
"0195_13102025_Day3_M10E_PFD100_P09_y0-x1_B0000433","batch2L|P09_y0-x1","13102025","Day3","batch2L","M10E","PFD100","P09_y0-x1","B0000433.jpg","70.7425","Main current","Original photo","188.984","well",""
"0196_13102025_Day4_M10E_PFD100_P09_y0-x1_B0000441","batch2L|P09_y0-x1","13102025","Day4","batch2L","M10E","PFD100","P09_y0-x1","B0000441.jpg","94.71305555555556","Main current","Original photo","256.672","well",""
"0197_13102025_Day5_M10E_PFD100_P09_y0-x1_B0000449","batch2L|P09_y0-x1","13102025","Day5","batch2L","M10E","PFD100","P09_y0-x1","B0000449.jpg","118.72111111111111","Main current","Original photo","333.4608","well",""
"0198_13102025_Day6_M10E_PFD100_P09_y0-x1_B0000453","batch2L|P09_y0-x1","13102025","Day6","batch2L","M10E","PFD100","P09_y0-x1","B0000453.jpg","142.80777777777777","Main current","Original photo","416.4272","well",""
"0199_13102025_Day7_M10E_PFD100_P09_y0-x1_B0000457","batch2L|P09_y0-x1","13102025","Day7","batch2L","M10E","PFD100","P09_y0-x1","B0000457.jpg","166.6725","Main current","Original photo","469.952","well",""
"0200_13102025_Day0_M10E_PFD100_P09_y1-x2_B0000398","batch2L|P09_y1-x2","13102025","Day0","batch2L","M10E","PFD100","P09_y1-x2","B0000398.jpg","0","Main current","Original photo","95.1792","image","2026-07-14T08:09:19.184Z"
"0201_13102025_Day1_M10E_PFD100_P09_y1-x2_B0000421","batch2L|P09_y1-x2","13102025","Day1","batch2L","M10E","PFD100","P09_y1-x2","B0000421.jpg","26.125833333333333","Main current","Original photo","126.928","well","2026-07-14T08:09:17.688Z"
"0202_13102025_Day2_M10E_PFD100_P09_y1-x2_B0000425","batch2L|P09_y1-x2","13102025","Day2","batch2L","M10E","PFD100","P09_y1-x2","B0000425.jpg","46.81583333333333","Main current","Original photo","150.6032","well","2026-07-14T08:09:17.688Z"
"0203_13102025_Day3_M10E_PFD100_P09_y1-x2_B0000433","batch2L|P09_y1-x2","13102025","Day3","batch2L","M10E","PFD100","P09_y1-x2","B0000433.jpg","70.7425","Main current","Original photo","197.8512","well","2026-07-14T08:09:17.688Z"
"0204_13102025_Day4_M10E_PFD100_P09_y1-x2_B0000441","batch2L|P09_y1-x2","13102025","Day4","batch2L","M10E","PFD100","P09_y1-x2","B0000441.jpg","94.71305555555556","Main current","Original photo","265.2496","well","2026-07-14T08:09:17.688Z"
"0205_13102025_Day5_M10E_PFD100_P09_y1-x2_B0000449","batch2L|P09_y1-x2","13102025","Day5","batch2L","M10E","PFD100","P09_y1-x2","B0000449.jpg","118.72111111111111","Main current","Original photo","372.3616","well","2026-07-14T08:09:17.688Z"
"0206_13102025_Day6_M10E_PFD100_P09_y1-x2_B0000453","batch2L|P09_y1-x2","13102025","Day6","batch2L","M10E","PFD100","P09_y1-x2","B0000453.jpg","142.80777777777777","Main current","Original photo","490.4512","well","2026-07-14T08:09:17.688Z"
"0207_13102025_Day7_M10E_PFD100_P09_y1-x2_B0000457","batch2L|P09_y1-x2","13102025","Day7","batch2L","M10E","PFD100","P09_y1-x2","B0000457.jpg","166.6725","Main current","Original photo","535.6368","well","2026-07-14T08:09:17.688Z"
"0208_13102025_Day0_M10E_PFD100_P10_y0-x0_B0000399","batch2L|P10_y0-x0","13102025","Day0","batch2L","M10E","PFD100","P10_y0-x0","B0000399.jpg","0.0047222222222222","Main current","Original photo","99.9152","well",""
"0209_13102025_Day1_M10E_PFD100_P10_y0-x0_B0000422","batch2L|P10_y0-x0","13102025","Day1","batch2L","M10E","PFD100","P10_y0-x0","B0000422.jpg","26.156388888888888","Main current","Original photo","129.9936","well",""
"0210_13102025_Day2_M10E_PFD100_P10_y0-x0_B0000426","batch2L|P10_y0-x0","13102025","Day2","batch2L","M10E","PFD100","P10_y0-x0","B0000426.jpg","46.84444444444444","Main current","Original photo","155.8752","well",""
"0211_13102025_Day3_M10E_PFD100_P10_y0-x0_B0000434","batch2L|P10_y0-x0","13102025","Day3","batch2L","M10E","PFD100","P10_y0-x0","B0000434.jpg","70.76166666666667","Main current","Original photo","236.552","well",""
"0212_13102025_Day4_M10E_PFD100_P10_y0-x0_B0000442","batch2L|P10_y0-x0","13102025","Day4","batch2L","M10E","PFD100","P10_y0-x0","B0000442.jpg","94.72527777777778","Main current","Original photo","275.6944","well",""
"0213_13102025_Day5_M10E_PFD100_P10_y0-x0_B0000450","batch2L|P10_y0-x0","13102025","Day5","batch2L","M10E","PFD100","P10_y0-x0","B0000450.jpg","118.72666666666667","Main current","Original photo","385.7728","well",""
"0214_13102025_Day6_M10E_PFD100_P10_y0-x0_B0000454","batch2L|P10_y0-x0","13102025","Day6","batch2L","M10E","PFD100","P10_y0-x0","B0000454.jpg","142.83694444444444","Main current","Original photo","445.2816","well",""
"0215_13102025_Day7_M10E_PFD100_P10_y0-x0_B0000458","batch2L|P10_y0-x0","13102025","Day7","batch2L","M10E","PFD100","P10_y0-x0","B0000458.jpg","166.6925","Main current","Original photo","567.8608","well",""
"0216_13102025_Day0_M10E_PFD100_P10_y1-x1_B0000399","batch2L|P10_y1-x1","13102025","Day0","batch2L","M10E","PFD100","P10_y1-x1","B0000399.jpg","0.0047222222222222","Main current","Original photo","80.2192","well",""
"0217_13102025_Day1_M10E_PFD100_P10_y1-x1_B0000422","batch2L|P10_y1-x1","13102025","Day1","batch2L","M10E","PFD100","P10_y1-x1","B0000422.jpg","26.156388888888888","Main current","Original photo","109.8208","well",""
"0218_13102025_Day2_M10E_PFD100_P10_y1-x1_B0000426","batch2L|P10_y1-x1","13102025","Day2","batch2L","M10E","PFD100","P10_y1-x1","B0000426.jpg","46.84444444444444","Main current","Original photo","135.7344","well",""
"0219_13102025_Day3_M10E_PFD100_P10_y1-x1_B0000434","batch2L|P10_y1-x1","13102025","Day3","batch2L","M10E","PFD100","P10_y1-x1","B0000434.jpg","70.76166666666667","Main current","Original photo","173.3168","well",""
"0220_13102025_Day4_M10E_PFD100_P10_y1-x1_B0000442","batch2L|P10_y1-x1","13102025","Day4","batch2L","M10E","PFD100","P10_y1-x1","B0000442.jpg","94.72527777777778","Main current","Original photo","191.4784","well",""
"0221_13102025_Day5_M10E_PFD100_P10_y1-x1_B0000450","batch2L|P10_y1-x1","13102025","Day5","batch2L","M10E","PFD100","P10_y1-x1","B0000450.jpg","118.72666666666667","Main current","Original photo","281.5952","well",""
"0222_13102025_Day6_M10E_PFD100_P10_y1-x1_B0000454","batch2L|P10_y1-x1","13102025","Day6","batch2L","M10E","PFD100","P10_y1-x1","B0000454.jpg","142.83694444444444","Main current","Original photo","366.4128","well",""
"0223_13102025_Day7_M10E_PFD100_P10_y1-x1_B0000458","batch2L|P10_y1-x1","13102025","Day7","batch2L","M10E","PFD100","P10_y1-x1","B0000458.jpg","166.6925","Main current","Original photo","489.9856","well",""
"0224_20102025_Day0_M10E_PFD100_P23_y0-x1_B0000474","batch3L|P23_y0-x1","20102025","Day0","batch3L","M10E","PFD100","P23_y0-x1","B0000474.jpg","0","Main current","Original photo","107.4384","well",""
"0225_20102025_Day1_M10E_PFD100_P23_y0-x1_B0000484","batch3L|P23_y0-x1","20102025","Day1","batch3L","M10E","PFD100","P23_y0-x1","B0000484.jpg","21.566944444444445","Main current","Original photo","137.6256","well",""
"0226_20102025_Day2_M10E_PFD100_P23_y0-x1_B0000494","batch3L|P23_y0-x1","20102025","Day2","batch3L","M10E","PFD100","P23_y0-x1","B0000494.jpg","45.782222222222224","Main current","Original photo","167.424","well",""
"0227_20102025_Day3_M10E_PFD100_P23_y0-x1_B0000508","batch3L|P23_y0-x1","20102025","Day3","batch3L","M10E","PFD100","P23_y0-x1","B0000508.jpg","70.47555555555556","Main current","Original photo","210.368","well",""
"0228_20102025_Day4_M10E_PFD100_P23_y0-x1_B0000515","batch3L|P23_y0-x1","20102025","Day4","batch3L","M10E","PFD100","P23_y0-x1","B0000515.jpg","93.34555555555556","Main current","Original photo","251.9056","well",""
"0229_20102025_Day5_M10E_PFD100_P23_y0-x1_B0000524","batch3L|P23_y0-x1","20102025","Day5","batch3L","M10E","PFD100","P23_y0-x1","B0000524.jpg","117.17777777777778","Main current","Original photo","334.0896","well",""
"0230_20102025_Day6_M10E_PFD100_P23_y0-x1_B0000532","batch3L|P23_y0-x1","20102025","Day6","batch3L","M10E","PFD100","P23_y0-x1","B0000532.jpg","141.17138888888888","Main current","Original photo","417.5856","well",""
"0231_20102025_Day7_M10E_PFD100_P23_y0-x1_B0000541","batch3L|P23_y0-x1","20102025","Day7","batch3L","M10E","PFD100","P23_y0-x1","B0000541.jpg","165.4111111111111","Main current","Original photo","518.336","well",""
"0232_20102025_Day0_M10E_PFD100_P23_y1-x2_B0000474","batch3L|P23_y1-x2","20102025","Day0","batch3L","M10E","PFD100","P23_y1-x2","B0000474.jpg","0","L36 + redOR + small500 + stronger reflection + root","Original photo","84.4032","image","2026-07-14T08:10:16.297Z"
"0233_20102025_Day1_M10E_PFD100_P23_y1-x2_B0000484","batch3L|P23_y1-x2","20102025","Day1","batch3L","M10E","PFD100","P23_y1-x2","B0000484.jpg","21.566944444444445","L36 + redOR + small500 + stronger reflection + root","Original photo","107.5136","well","2026-07-14T08:10:15.019Z"
"0234_20102025_Day2_M10E_PFD100_P23_y1-x2_B0000494","batch3L|P23_y1-x2","20102025","Day2","batch3L","M10E","PFD100","P23_y1-x2","B0000494.jpg","45.782222222222224","L36 + redOR + small500 + stronger reflection + root","Original photo","130.3264","well","2026-07-14T08:10:15.019Z"
"0235_20102025_Day3_M10E_PFD100_P23_y1-x2_B0000508","batch3L|P23_y1-x2","20102025","Day3","batch3L","M10E","PFD100","P23_y1-x2","B0000508.jpg","70.47555555555556","Main current","Original photo","145.488","image","2026-07-14T08:10:54.414Z"
"0236_20102025_Day4_M10E_PFD100_P23_y1-x2_B0000515","batch3L|P23_y1-x2","20102025","Day4","batch3L","M10E","PFD100","P23_y1-x2","B0000515.jpg","93.34555555555556","L36 + redOR + small500 + stronger reflection + root","Original photo","206.1856","well","2026-07-14T08:10:15.019Z"
"0237_20102025_Day5_M10E_PFD100_P23_y1-x2_B0000524","batch3L|P23_y1-x2","20102025","Day5","batch3L","M10E","PFD100","P23_y1-x2","B0000524.jpg","117.17777777777778","L36 + redOR + small500 + stronger reflection + root","Original photo","269.4288","well","2026-07-14T08:10:15.019Z"
"0238_20102025_Day6_M10E_PFD100_P23_y1-x2_B0000532","batch3L|P23_y1-x2","20102025","Day6","batch3L","M10E","PFD100","P23_y1-x2","B0000532.jpg","141.17138888888888","L36 + redOR + small500 + stronger reflection + root","Original photo","347.376","well","2026-07-14T08:10:15.019Z"
"0239_20102025_Day7_M10E_PFD100_P23_y1-x2_B0000541","batch3L|P23_y1-x2","20102025","Day7","batch3L","M10E","PFD100","P23_y1-x2","B0000541.jpg","165.4111111111111","L36 + redOR + small500 + stronger reflection + root","Original photo","454.3168","well","2026-07-14T08:10:15.019Z"
"0240_13102025_Day0_M10E_PFD1000_P11_y0-x1_B0000400","batch2L|P11_y0-x1","13102025","Day0","batch2L","M10E","PFD1000","P11_y0-x1","B0000400.jpg","0.0169444444444444","Main current","Original photo","93.5632","well",""
"0241_13102025_Day1_M10E_PFD1000_P11_y0-x1_B0000423","batch2L|P11_y0-x1","13102025","Day1","batch2L","M10E","PFD1000","P11_y0-x1","B0000423.jpg","26.182777777777776","Main current","Original photo","138.7312","well",""
"0242_13102025_Day2_M10E_PFD1000_P11_y0-x1_B0000427","batch2L|P11_y0-x1","13102025","Day2","batch2L","M10E","PFD1000","P11_y0-x1","B0000427.jpg","46.85472222222222","Main current","Original photo","170.3584","well",""
"0243_13102025_Day3_M10E_PFD1000_P11_y0-x1_B0000435","batch2L|P11_y0-x1","13102025","Day3","batch2L","M10E","PFD1000","P11_y0-x1","B0000435.jpg","70.77916666666667","Main current","Original photo","260.2432","well",""
"0244_13102025_Day4_M10E_PFD1000_P11_y0-x1_B0000443","batch2L|P11_y0-x1","13102025","Day4","batch2L","M10E","PFD1000","P11_y0-x1","B0000443.jpg","94.75777777777778","Main current","Original photo","350.3328","well",""
"0245_13102025_Day5_M10E_PFD1000_P11_y0-x1_B0000451","batch2L|P11_y0-x1","13102025","Day5","batch2L","M10E","PFD1000","P11_y0-x1","B0000451.jpg","118.73305555555557","Main current","Original photo","429.7616","well",""
"0246_13102025_Day6_M10E_PFD1000_P11_y0-x1_B0000455","batch2L|P11_y0-x1","13102025","Day6","batch2L","M10E","PFD1000","P11_y0-x1","B0000455.jpg","142.84305555555557","Main current","Original photo","522.88","well",""
"0247_13102025_Day7_M10E_PFD1000_P11_y0-x1_B0000459","batch2L|P11_y0-x1","13102025","Day7","batch2L","M10E","PFD1000","P11_y0-x1","B0000459.jpg","166.69972222222222","Main current","Original photo","614.0432","well",""
"0248_13102025_Day0_M10E_PFD1000_P11_y1-x2_B0000400","batch2L|P11_y1-x2","13102025","Day0","batch2L","M10E","PFD1000","P11_y1-x2","B0000400.jpg","0.0169444444444444","Main current","Original photo","83.0208","well",""
"0249_13102025_Day1_M10E_PFD1000_P11_y1-x2_B0000423","batch2L|P11_y1-x2","13102025","Day1","batch2L","M10E","PFD1000","P11_y1-x2","B0000423.jpg","26.182777777777776","Main current","Original photo","129.3472","well",""
"0250_13102025_Day2_M10E_PFD1000_P11_y1-x2_B0000427","batch2L|P11_y1-x2","13102025","Day2","batch2L","M10E","PFD1000","P11_y1-x2","B0000427.jpg","46.85472222222222","Main current","Original photo","185.9072","well",""
"0251_13102025_Day3_M10E_PFD1000_P11_y1-x2_B0000435","batch2L|P11_y1-x2","13102025","Day3","batch2L","M10E","PFD1000","P11_y1-x2","B0000435.jpg","70.77916666666667","Main current","Original photo","284.6096","well",""
"0252_13102025_Day4_M10E_PFD1000_P11_y1-x2_B0000443","batch2L|P11_y1-x2","13102025","Day4","batch2L","M10E","PFD1000","P11_y1-x2","B0000443.jpg","94.75777777777778","Main current","Original photo","365.8144","well",""
"0253_13102025_Day5_M10E_PFD1000_P11_y1-x2_B0000451","batch2L|P11_y1-x2","13102025","Day5","batch2L","M10E","PFD1000","P11_y1-x2","B0000451.jpg","118.73305555555557","Main current","Original photo","449.0464","well",""
"0254_13102025_Day6_M10E_PFD1000_P11_y1-x2_B0000455","batch2L|P11_y1-x2","13102025","Day6","batch2L","M10E","PFD1000","P11_y1-x2","B0000455.jpg","142.84305555555557","Main current","Original photo","568.3664","well",""
"0255_13102025_Day7_M10E_PFD1000_P11_y1-x2_B0000459","batch2L|P11_y1-x2","13102025","Day7","batch2L","M10E","PFD1000","P11_y1-x2","B0000459.jpg","166.69972222222222","Main current","Original photo","637.4992","well",""
"0256_13102025_Day0_M10E_PFD1000_P12_y0-x0_B0000401","batch2L|P12_y0-x0","13102025","Day0","batch2L","M10E","PFD1000","P12_y0-x0","B0000401.jpg","0.0222222222222222","Main current","Original photo","81.9968","well",""
"0257_13102025_Day1_M10E_PFD1000_P12_y0-x0_B0000424","batch2L|P12_y0-x0","13102025","Day1","batch2L","M10E","PFD1000","P12_y0-x0","B0000424.jpg","26.189722222222223","Main current","Original photo","125.6064","well",""
"0258_13102025_Day2_M10E_PFD1000_P12_y0-x0_B0000428","batch2L|P12_y0-x0","13102025","Day2","batch2L","M10E","PFD1000","P12_y0-x0","B0000428.jpg","46.86","Main current","Original photo","162.2848","well",""
"0259_13102025_Day3_M10E_PFD1000_P12_y0-x0_B0000436","batch2L|P12_y0-x0","13102025","Day3","batch2L","M10E","PFD1000","P12_y0-x0","B0000436.jpg","70.7911111111111","Main current","Original photo","229.5472","well",""
"0260_13102025_Day4_M10E_PFD1000_P12_y0-x0_B0000444","batch2L|P12_y0-x0","13102025","Day4","batch2L","M10E","PFD1000","P12_y0-x0","B0000444.jpg","94.76444444444444","Main current","Original photo","308.7456","well",""
"0261_13102025_Day5_M10E_PFD1000_P12_y0-x0_B0000452","batch2L|P12_y0-x0","13102025","Day5","batch2L","M10E","PFD1000","P12_y0-x0","B0000452.jpg","118.74666666666668","Main current","Original photo","419.704","well",""
"0262_13102025_Day6_M10E_PFD1000_P12_y0-x0_B0000456","batch2L|P12_y0-x0","13102025","Day6","batch2L","M10E","PFD1000","P12_y0-x0","B0000456.jpg","142.84777777777776","Main current","Original photo","509.9984","well",""
"0263_13102025_Day7_M10E_PFD1000_P12_y0-x0_B0000460","batch2L|P12_y0-x0","13102025","Day7","batch2L","M10E","PFD1000","P12_y0-x0","B0000460.jpg","166.71305555555554","Main current","Original photo","580.3296","well",""
"0264_13102025_Day0_M10E_PFD1000_P12_y1-x1_B0000401","batch2L|P12_y1-x1","13102025","Day0","batch2L","M10E","PFD1000","P12_y1-x1","B0000401.jpg","0.0222222222222222","Main current","Original photo","93.6912","well",""
"0265_13102025_Day1_M10E_PFD1000_P12_y1-x1_B0000424","batch2L|P12_y1-x1","13102025","Day1","batch2L","M10E","PFD1000","P12_y1-x1","B0000424.jpg","26.189722222222223","Main current","Original photo","156.12","well",""
"0266_13102025_Day2_M10E_PFD1000_P12_y1-x1_B0000428","batch2L|P12_y1-x1","13102025","Day2","batch2L","M10E","PFD1000","P12_y1-x1","B0000428.jpg","46.86","Main current","Original photo","195.64","well",""
"0267_13102025_Day3_M10E_PFD1000_P12_y1-x1_B0000436","batch2L|P12_y1-x1","13102025","Day3","batch2L","M10E","PFD1000","P12_y1-x1","B0000436.jpg","70.7911111111111","Main current","Original photo","267.7152","well",""
"0268_13102025_Day4_M10E_PFD1000_P12_y1-x1_B0000444","batch2L|P12_y1-x1","13102025","Day4","batch2L","M10E","PFD1000","P12_y1-x1","B0000444.jpg","94.76444444444444","Main current","Original photo","404.16","well",""
"0269_13102025_Day5_M10E_PFD1000_P12_y1-x1_B0000452","batch2L|P12_y1-x1","13102025","Day5","batch2L","M10E","PFD1000","P12_y1-x1","B0000452.jpg","118.74666666666668","Main current","Original photo","531.984","well",""
"0270_13102025_Day6_M10E_PFD1000_P12_y1-x1_B0000456","batch2L|P12_y1-x1","13102025","Day6","batch2L","M10E","PFD1000","P12_y1-x1","B0000456.jpg","142.84777777777776","Main current","Original photo","639.7104","well",""
"0271_13102025_Day7_M10E_PFD1000_P12_y1-x1_B0000460","batch2L|P12_y1-x1","13102025","Day7","batch2L","M10E","PFD1000","P12_y1-x1","B0000460.jpg","166.71305555555554","Main current","Original photo","731.1312","well",""
"0272_20102025_Day0_M10E_PFD1000_P24_y0-x1_B0000475","batch3L|P24_y0-x1","20102025","Day0","batch3L","M10E","PFD1000","P24_y0-x1","B0000475.jpg","0.0230555555555555","Main current","Original photo","92.4512","well",""
"0273_20102025_Day1_M10E_PFD1000_P24_y0-x1_B0000485","batch3L|P24_y0-x1","20102025","Day1","batch3L","M10E","PFD1000","P24_y0-x1","B0000485.jpg","21.585555555555555","Main current","Original photo","126.4496","well",""
"0274_20102025_Day2_M10E_PFD1000_P24_y0-x1_B0000495","batch3L|P24_y0-x1","20102025","Day2","batch3L","M10E","PFD1000","P24_y0-x1","B0000495.jpg","45.83472222222223","Main current","Original photo","182.2816","well",""
"0275_20102025_Day3_M10E_PFD1000_P24_y0-x1_B0000507","batch3L|P24_y0-x1","20102025","Day3","batch3L","M10E","PFD1000","P24_y0-x1","B0000507.jpg","70.4725","Main current","Original photo","228.792","well",""
"0276_20102025_Day4_M10E_PFD1000_P24_y0-x1_B0000516","batch3L|P24_y0-x1","20102025","Day4","batch3L","M10E","PFD1000","P24_y0-x1","B0000516.jpg","93.36611111111112","Main current","Original photo","306.2656","well",""
"0277_20102025_Day5_M10E_PFD1000_P24_y0-x1_B0000525","batch3L|P24_y0-x1","20102025","Day5","batch3L","M10E","PFD1000","P24_y0-x1","B0000525.jpg","117.18666666666668","Main current","Original photo","462.0176","well",""
"0278_20102025_Day6_M10E_PFD1000_P24_y0-x1_B0000533","batch3L|P24_y0-x1","20102025","Day6","batch3L","M10E","PFD1000","P24_y0-x1","B0000533.jpg","141.18833333333333","Main current","Original photo","597.6336","well",""
"0279_20102025_Day7_M10E_PFD1000_P24_y0-x1_B0000542","batch3L|P24_y0-x1","20102025","Day7","batch3L","M10E","PFD1000","P24_y0-x1","B0000542.jpg","165.43805555555556","Main current","Original photo","718.8512","well",""
"0280_20102025_Day0_M10E_PFD1000_P24_y1-x2_B0000475","batch3L|P24_y1-x2","20102025","Day0","batch3L","M10E","PFD1000","P24_y1-x2","B0000475.jpg","0.0230555555555555","Main current","Original photo","115.1728","well",""
"0281_20102025_Day1_M10E_PFD1000_P24_y1-x2_B0000485","batch3L|P24_y1-x2","20102025","Day1","batch3L","M10E","PFD1000","P24_y1-x2","B0000485.jpg","21.585555555555555","Main current","Original photo","158.3472","well",""
"0282_20102025_Day2_M10E_PFD1000_P24_y1-x2_B0000495","batch3L|P24_y1-x2","20102025","Day2","batch3L","M10E","PFD1000","P24_y1-x2","B0000495.jpg","45.83472222222223","Main current","Original photo","242.6","well",""
"0283_20102025_Day3_M10E_PFD1000_P24_y1-x2_B0000507","batch3L|P24_y1-x2","20102025","Day3","batch3L","M10E","PFD1000","P24_y1-x2","B0000507.jpg","70.4725","Main current","Original photo","295.2608","well",""
"0284_20102025_Day4_M10E_PFD1000_P24_y1-x2_B0000516","batch3L|P24_y1-x2","20102025","Day4","batch3L","M10E","PFD1000","P24_y1-x2","B0000516.jpg","93.36611111111112","Main current","Original photo","411.6784","well",""
"0285_20102025_Day5_M10E_PFD1000_P24_y1-x2_B0000525","batch3L|P24_y1-x2","20102025","Day5","batch3L","M10E","PFD1000","P24_y1-x2","B0000525.jpg","117.18666666666668","Main current","Original photo","514.8848","well",""
"0286_20102025_Day6_M10E_PFD1000_P24_y1-x2_B0000533","batch3L|P24_y1-x2","20102025","Day6","batch3L","M10E","PFD1000","P24_y1-x2","B0000533.jpg","141.18833333333333","Main current","Original photo","623.8864","well",""
"0287_20102025_Day7_M10E_PFD1000_P24_y1-x2_B0000542","batch3L|P24_y1-x2","20102025","Day7","batch3L","M10E","PFD1000","P24_y1-x2","B0000542.jpg","165.43805555555556","Main current","Original photo","731.2592","well",""
"0288_06102025_Day0_Sp_PFD100_P01_y0-x0_C0000191","batch1L|P01_y0-x0","06102025","Day0","batch1L","Sp","PFD100","P01_y0-x0","C0000191.jpg","0","Main current","Original photo","114.1936","well",""
"0289_06102025_Day1_Sp_PFD100_P01_y0-x0_C0000209","batch1L|P01_y0-x0","06102025","Day1","batch1L","Sp","PFD100","P01_y0-x0","C0000209.jpg","21.39555555555556","Main current","Original photo","132.5168","well",""
"0290_06102025_Day2_Sp_PFD100_P01_y0-x0_C0000217","batch1L|P01_y0-x0","06102025","Day2","batch1L","Sp","PFD100","P01_y0-x0","C0000217.jpg","45.451388888888886","Main current","Original photo","152.5376","well",""
"0291_06102025_Day3_Sp_PFD100_P01_y0-x0_A0000106","batch1L|P01_y0-x0","06102025","Day3","batch1L","Sp","PFD100","P01_y0-x0","A0000106.jpg","69.75027777777778","Main current","Original photo","191.7552","well",""
"0292_06102025_Day4_Sp_PFD100_P01_y0-x0_B0000358","batch1L|P01_y0-x0","06102025","Day4","batch1L","Sp","PFD100","P01_y0-x0","B0000358.jpg","93.325","Main current","Original photo","223.8624","well",""
"0293_06102025_Day5_Sp_PFD100_P01_y0-x0_B0000366","batch1L|P01_y0-x0","06102025","Day5","batch1L","Sp","PFD100","P01_y0-x0","B0000366.jpg","117.49583333333334","L36 + redOR + small500 + stronger reflection + root","Original photo","297.8112","image","2026-07-14T07:47:55.703Z"
"0294_06102025_Day6_Sp_PFD100_P01_y0-x0_B0000374","batch1L|P01_y0-x0","06102025","Day6","batch1L","Sp","PFD100","P01_y0-x0","B0000374.jpg","141.34055555555557","Main current","Original photo","363.0192","well",""
"0295_06102025_Day7_Sp_PFD100_P01_y0-x0_B0000382","batch1L|P01_y0-x0","06102025","Day7","batch1L","Sp","PFD100","P01_y0-x0","B0000382.jpg","165.29583333333332","Main current","Original photo","475.0432","well",""
"0296_06102025_Day0_Sp_PFD100_P01_y0-x2_C0000191","batch1L|P01_y0-x2","06102025","Day0","batch1L","Sp","PFD100","P01_y0-x2","C0000191.jpg","0","Main current","Original photo","102.8128","well",""
"0297_06102025_Day1_Sp_PFD100_P01_y0-x2_C0000209","batch1L|P01_y0-x2","06102025","Day1","batch1L","Sp","PFD100","P01_y0-x2","C0000209.jpg","21.39555555555556","Main current","Original photo","108.2336","well",""
"0298_06102025_Day2_Sp_PFD100_P01_y0-x2_C0000217","batch1L|P01_y0-x2","06102025","Day2","batch1L","Sp","PFD100","P01_y0-x2","C0000217.jpg","45.451388888888886","Main current","Original photo","121.976","well",""
"0299_06102025_Day3_Sp_PFD100_P01_y0-x2_A0000106","batch1L|P01_y0-x2","06102025","Day3","batch1L","Sp","PFD100","P01_y0-x2","A0000106.jpg","69.75027777777778","L36 + small500 + stronger reflection + root","Original photo","159.3152","image","2026-07-14T07:48:45.401Z"
"0300_06102025_Day4_Sp_PFD100_P01_y0-x2_B0000358","batch1L|P01_y0-x2","06102025","Day4","batch1L","Sp","PFD100","P01_y0-x2","B0000358.jpg","93.325","Main current","Original photo","186.5152","well",""
"0301_06102025_Day5_Sp_PFD100_P01_y0-x2_B0000366","batch1L|P01_y0-x2","06102025","Day5","batch1L","Sp","PFD100","P01_y0-x2","B0000366.jpg","117.49583333333334","Main current","Original photo","228.2336","well",""
"0302_06102025_Day6_Sp_PFD100_P01_y0-x2_B0000374","batch1L|P01_y0-x2","06102025","Day6","batch1L","Sp","PFD100","P01_y0-x2","B0000374.jpg","141.34055555555557","L36 + small500 + stronger reflection + root","Original photo","328.928","image","2026-07-14T07:49:11.844Z"
"0303_06102025_Day7_Sp_PFD100_P01_y0-x2_B0000382","batch1L|P01_y0-x2","06102025","Day7","batch1L","Sp","PFD100","P01_y0-x2","B0000382.jpg","165.29583333333332","Main current","Original photo","372.728","well",""
"0304_06102025_Day0_Sp_PFD100_P01_y1-x1_C0000191","batch1L|P01_y1-x1","06102025","Day0","batch1L","Sp","PFD100","P01_y1-x1","C0000191.jpg","0","Main current","Original photo","110.0432","image","2026-07-14T07:50:57.166Z"
"0305_06102025_Day1_Sp_PFD100_P01_y1-x1_C0000209","batch1L|P01_y1-x1","06102025","Day1","batch1L","Sp","PFD100","P01_y1-x1","C0000209.jpg","21.39555555555556","Main current","Original photo","124.712","well","2026-07-14T07:50:55.019Z"
"0306_06102025_Day2_Sp_PFD100_P01_y1-x1_C0000217","batch1L|P01_y1-x1","06102025","Day2","batch1L","Sp","PFD100","P01_y1-x1","C0000217.jpg","45.451388888888886","Main current","Original photo","148.168","well","2026-07-14T07:50:55.019Z"
"0307_06102025_Day3_Sp_PFD100_P01_y1-x1_A0000106","batch1L|P01_y1-x1","06102025","Day3","batch1L","Sp","PFD100","P01_y1-x1","A0000106.jpg","69.75027777777778","Main current","Original photo","184.3984","well","2026-07-14T07:50:55.019Z"
"0308_06102025_Day4_Sp_PFD100_P01_y1-x1_B0000358","batch1L|P01_y1-x1","06102025","Day4","batch1L","Sp","PFD100","P01_y1-x1","B0000358.jpg","93.325","L36 + redOR + small500 + stronger reflection + root","Brightened photo","224.0128","image","2026-07-14T07:50:29.325Z"
"0309_06102025_Day5_Sp_PFD100_P01_y1-x1_B0000366","batch1L|P01_y1-x1","06102025","Day5","batch1L","Sp","PFD100","P01_y1-x1","B0000366.jpg","117.49583333333334","L36 + redOR + small500 + stronger reflection + root","Brightened photo","285.6608","image","2026-07-14T07:51:32.091Z"
"0310_06102025_Day6_Sp_PFD100_P01_y1-x1_B0000374","batch1L|P01_y1-x1","06102025","Day6","batch1L","Sp","PFD100","P01_y1-x1","B0000374.jpg","141.34055555555557","L36 + redOR + small500 + stronger reflection + root","Brightened photo","369.2688","image","2026-07-14T07:51:12.817Z"
"0311_06102025_Day7_Sp_PFD100_P01_y1-x1_B0000382","batch1L|P01_y1-x1","06102025","Day7","batch1L","Sp","PFD100","P01_y1-x1","B0000382.jpg","165.29583333333332","L36 + redOR + small500 + stronger reflection + root","Brightened photo","475.272","image","2026-07-14T07:51:37.270Z"
"0312_06102025_Day0_Sp_PFD100_P03_y0-x1_C0000203","batch1L|P03_y0-x1","06102025","Day0","batch1L","Sp","PFD100","P03_y0-x1","C0000203.jpg","0.1655555555555555","Main current","Original photo","97.7984","well",""
"0313_06102025_Day1_Sp_PFD100_P03_y0-x1_C0000211","batch1L|P03_y0-x1","06102025","Day1","batch1L","Sp","PFD100","P03_y0-x1","C0000211.jpg","21.40833333333333","Main current","Original photo","113.9616","well",""
"0314_06102025_Day2_Sp_PFD100_P03_y0-x1_C0000219","batch1L|P03_y0-x1","06102025","Day2","batch1L","Sp","PFD100","P03_y0-x1","C0000219.jpg","45.48805555555556","Main current","Original photo","140.592","well",""
"0315_06102025_Day3_Sp_PFD100_P03_y0-x1_A0000108","batch1L|P03_y0-x1","06102025","Day3","batch1L","Sp","PFD100","P03_y0-x1","A0000108.jpg","69.78361111111111","Main current","Original photo","162.92","well",""
"0316_06102025_Day4_Sp_PFD100_P03_y0-x1_B0000360","batch1L|P03_y0-x1","06102025","Day4","batch1L","Sp","PFD100","P03_y0-x1","B0000360.jpg","93.365","Main current","Original photo","201.0032","well",""
"0317_06102025_Day5_Sp_PFD100_P03_y0-x1_B0000368","batch1L|P03_y0-x1","06102025","Day5","batch1L","Sp","PFD100","P03_y0-x1","B0000368.jpg","117.5125","Main current","Original photo","235.3056","well",""
"0318_06102025_Day6_Sp_PFD100_P03_y0-x1_B0000376","batch1L|P03_y0-x1","06102025","Day6","batch1L","Sp","PFD100","P03_y0-x1","B0000376.jpg","141.365","Main current","Original photo","312.3216","well",""
"0319_06102025_Day7_Sp_PFD100_P03_y0-x1_B0000384","batch1L|P03_y0-x1","06102025","Day7","batch1L","Sp","PFD100","P03_y0-x1","B0000384.jpg","165.33277777777778","Main current","Original photo","400.5568","image","2026-07-14T07:52:28.476Z"
"0320_06102025_Day0_Sp_PFD100_P03_y1-x0_C0000203","batch1L|P03_y1-x0","06102025","Day0","batch1L","Sp","PFD100","P03_y1-x0","C0000203.jpg","0.1655555555555555","Main current","Original photo","85.7872","well",""
"0321_06102025_Day1_Sp_PFD100_P03_y1-x0_C0000211","batch1L|P03_y1-x0","06102025","Day1","batch1L","Sp","PFD100","P03_y1-x0","C0000211.jpg","21.40833333333333","Main current","Original photo","101.9728","well",""
"0322_06102025_Day2_Sp_PFD100_P03_y1-x0_C0000219","batch1L|P03_y1-x0","06102025","Day2","batch1L","Sp","PFD100","P03_y1-x0","C0000219.jpg","45.48805555555556","Main current","Original photo","122.8464","well",""
"0323_06102025_Day3_Sp_PFD100_P03_y1-x0_A0000108","batch1L|P03_y1-x0","06102025","Day3","batch1L","Sp","PFD100","P03_y1-x0","A0000108.jpg","69.78361111111111","Main current","Original photo","142.9776","well",""
"0324_06102025_Day4_Sp_PFD100_P03_y1-x0_B0000360","batch1L|P03_y1-x0","06102025","Day4","batch1L","Sp","PFD100","P03_y1-x0","B0000360.jpg","93.365","Main current","Original photo","180.6864","well",""
"0325_06102025_Day5_Sp_PFD100_P03_y1-x0_B0000368","batch1L|P03_y1-x0","06102025","Day5","batch1L","Sp","PFD100","P03_y1-x0","B0000368.jpg","117.5125","L36 + redOR + small500 + stronger reflection + root","Brightened photo","229.5488","image","2026-07-14T07:53:14.195Z"
"0326_06102025_Day6_Sp_PFD100_P03_y1-x0_B0000376","batch1L|P03_y1-x0","06102025","Day6","batch1L","Sp","PFD100","P03_y1-x0","B0000376.jpg","141.365","L36 + redOR + small500 + stronger reflection + root","Brightened photo","306.3888","image","2026-07-14T07:53:40.586Z"
"0327_06102025_Day7_Sp_PFD100_P03_y1-x0_B0000384","batch1L|P03_y1-x0","06102025","Day7","batch1L","Sp","PFD100","P03_y1-x0","B0000384.jpg","165.33277777777778","L36 + redOR + small500 + stronger reflection + root","Brightened photo","393.3344","image","2026-07-14T07:53:45.256Z"
"0328_06102025_Day0_Sp_PFD100_P03_y1-x2_C0000203","batch1L|P03_y1-x2","06102025","Day0","batch1L","Sp","PFD100","P03_y1-x2","C0000203.jpg","0.1655555555555555","Main current","Original photo","125.3008","well",""
"0329_06102025_Day1_Sp_PFD100_P03_y1-x2_C0000211","batch1L|P03_y1-x2","06102025","Day1","batch1L","Sp","PFD100","P03_y1-x2","C0000211.jpg","21.40833333333333","Main current","Original photo","139.9408","well",""
"0330_06102025_Day2_Sp_PFD100_P03_y1-x2_C0000219","batch1L|P03_y1-x2","06102025","Day2","batch1L","Sp","PFD100","P03_y1-x2","C0000219.jpg","45.48805555555556","Main current","Original photo","173.1072","well",""
"0331_06102025_Day3_Sp_PFD100_P03_y1-x2_A0000108","batch1L|P03_y1-x2","06102025","Day3","batch1L","Sp","PFD100","P03_y1-x2","A0000108.jpg","69.78361111111111","Main current","Original photo","207.544","well",""
"0332_06102025_Day4_Sp_PFD100_P03_y1-x2_B0000360","batch1L|P03_y1-x2","06102025","Day4","batch1L","Sp","PFD100","P03_y1-x2","B0000360.jpg","93.365","L36 + redOR + small500 + stronger reflection + root","Brightened photo","250.464","image","2026-07-14T07:54:00.103Z"
"0333_06102025_Day5_Sp_PFD100_P03_y1-x2_B0000368","batch1L|P03_y1-x2","06102025","Day5","batch1L","Sp","PFD100","P03_y1-x2","B0000368.jpg","117.5125","L36 + redOR + small500 + stronger reflection + root","Original photo","325.312","image","2026-07-14T07:54:05.419Z"
"0334_06102025_Day6_Sp_PFD100_P03_y1-x2_B0000376","batch1L|P03_y1-x2","06102025","Day6","batch1L","Sp","PFD100","P03_y1-x2","B0000376.jpg","141.365","L36 + redOR + small500 + stronger reflection + root","Brightened photo","427.552","image","2026-07-14T07:54:14.981Z"
"0335_06102025_Day7_Sp_PFD100_P03_y1-x2_B0000384","batch1L|P03_y1-x2","06102025","Day7","batch1L","Sp","PFD100","P03_y1-x2","B0000384.jpg","165.33277777777778","L36 + redOR + small500 + stronger reflection + root","Brightened photo","554.9296","image","2026-07-14T07:54:20.085Z"
"0336_06102025_Day0_Sp_PFD1000_P05_y0-x0_C0000205","batch1L|P05_y0-x0","06102025","Day0","batch1L","Sp","PFD1000","P05_y0-x0","C0000205.jpg","0.1905555555555555","Main current","Original photo","145.0576","well",""
"0337_06102025_Day1_Sp_PFD1000_P05_y0-x0_C0000213","batch1L|P05_y0-x0","06102025","Day1","batch1L","Sp","PFD1000","P05_y0-x0","C0000213.jpg","21.421388888888888","Main current","Original photo","157.1536","well",""
"0338_06102025_Day2_Sp_PFD1000_P05_y0-x0_C0000221","batch1L|P05_y0-x0","06102025","Day2","batch1L","Sp","PFD1000","P05_y0-x0","C0000221.jpg","45.50111111111111","Main current","Original photo","191.1984","well",""
"0339_06102025_Day3_Sp_PFD1000_P05_y0-x0_A0000110","batch1L|P05_y0-x0","06102025","Day3","batch1L","Sp","PFD1000","P05_y0-x0","A0000110.jpg","69.80944444444444","L36 + redOR + small500 + stronger reflection + root","Original photo","276.7616","image","2026-07-14T07:57:08.714Z"
"0340_06102025_Day4_Sp_PFD1000_P05_y0-x0_B0000362","batch1L|P05_y0-x0","06102025","Day4","batch1L","Sp","PFD1000","P05_y0-x0","B0000362.jpg","93.3875","Main current","Original photo","357.1536","well",""
"0341_06102025_Day5_Sp_PFD1000_P05_y0-x0_B0000370","batch1L|P05_y0-x0","06102025","Day5","batch1L","Sp","PFD1000","P05_y0-x0","B0000370.jpg","117.51972222222224","L36 + redOR + small500 + stronger reflection + root","Brightened photo","491.9264","image","2026-07-14T07:57:18.299Z"
"0342_06102025_Day6_Sp_PFD1000_P05_y0-x0_B0000378","batch1L|P05_y0-x0","06102025","Day6","batch1L","Sp","PFD1000","P05_y0-x0","B0000378.jpg","141.37583333333333","L36 + redOR + small500 + stronger reflection + root","Brightened photo","573.352","image","2026-07-14T07:57:23.889Z"
"0343_06102025_Day7_Sp_PFD1000_P05_y0-x0_B0000386","batch1L|P05_y0-x0","06102025","Day7","batch1L","Sp","PFD1000","P05_y0-x0","B0000386.jpg","165.34666666666666","L36 + redOR + small500 + stronger reflection + root","Brightened photo","627.8256","image","2026-07-14T07:57:28.090Z"
"0344_06102025_Day0_Sp_PFD1000_P05_y0-x2_C0000205","batch1L|P05_y0-x2","06102025","Day0","batch1L","Sp","PFD1000","P05_y0-x2","C0000205.jpg","0.1905555555555555","Main current","Original photo","117.2096","well",""
"0345_06102025_Day1_Sp_PFD1000_P05_y0-x2_C0000213","batch1L|P05_y0-x2","06102025","Day1","batch1L","Sp","PFD1000","P05_y0-x2","C0000213.jpg","21.421388888888888","Main current","Original photo","136.184","well",""
"0346_06102025_Day2_Sp_PFD1000_P05_y0-x2_C0000221","batch1L|P05_y0-x2","06102025","Day2","batch1L","Sp","PFD1000","P05_y0-x2","C0000221.jpg","45.50111111111111","Main current","Original photo","167.3984","well",""
"0347_06102025_Day3_Sp_PFD1000_P05_y0-x2_A0000110","batch1L|P05_y0-x2","06102025","Day3","batch1L","Sp","PFD1000","P05_y0-x2","A0000110.jpg","69.80944444444444","Main current","Original photo","219.952","well",""
"0348_06102025_Day4_Sp_PFD1000_P05_y0-x2_B0000362","batch1L|P05_y0-x2","06102025","Day4","batch1L","Sp","PFD1000","P05_y0-x2","B0000362.jpg","93.3875","Main current","Original photo","307.2656","well",""
"0349_06102025_Day5_Sp_PFD1000_P05_y0-x2_B0000370","batch1L|P05_y0-x2","06102025","Day5","batch1L","Sp","PFD1000","P05_y0-x2","B0000370.jpg","117.51972222222224","L36 + redOR + small500 + stronger reflection + root","Brightened photo","434.2848","image","2026-07-14T07:57:44.839Z"
"0350_06102025_Day6_Sp_PFD1000_P05_y0-x2_B0000378","batch1L|P05_y0-x2","06102025","Day6","batch1L","Sp","PFD1000","P05_y0-x2","B0000378.jpg","141.37583333333333","L36 + redOR + small500 + stronger reflection + root","Brightened photo","518.3408","image","2026-07-14T07:57:45.487Z"
"0351_06102025_Day7_Sp_PFD1000_P05_y0-x2_B0000386","batch1L|P05_y0-x2","06102025","Day7","batch1L","Sp","PFD1000","P05_y0-x2","B0000386.jpg","165.34666666666666","L36 + redOR + small500 + stronger reflection + root","Brightened photo","573.3888","image","2026-07-14T07:57:47.441Z"
"0352_06102025_Day0_Sp_PFD1000_P05_y1-x1_C0000205","batch1L|P05_y1-x1","06102025","Day0","batch1L","Sp","PFD1000","P05_y1-x1","C0000205.jpg","0.1905555555555555","Main current","Original photo","106.4","well",""
"0353_06102025_Day1_Sp_PFD1000_P05_y1-x1_C0000213","batch1L|P05_y1-x1","06102025","Day1","batch1L","Sp","PFD1000","P05_y1-x1","C0000213.jpg","21.421388888888888","Main current","Original photo","120.9744","well",""
"0354_06102025_Day2_Sp_PFD1000_P05_y1-x1_C0000221","batch1L|P05_y1-x1","06102025","Day2","batch1L","Sp","PFD1000","P05_y1-x1","C0000221.jpg","45.50111111111111","Main current","Original photo","147.5264","well",""
"0355_06102025_Day3_Sp_PFD1000_P05_y1-x1_A0000110","batch1L|P05_y1-x1","06102025","Day3","batch1L","Sp","PFD1000","P05_y1-x1","A0000110.jpg","69.80944444444444","Main current","Original photo","196.0416","well",""
"0356_06102025_Day4_Sp_PFD1000_P05_y1-x1_B0000362","batch1L|P05_y1-x1","06102025","Day4","batch1L","Sp","PFD1000","P05_y1-x1","B0000362.jpg","93.3875","Main current","Original photo","260.2048","well",""
"0357_06102025_Day5_Sp_PFD1000_P05_y1-x1_B0000370","batch1L|P05_y1-x1","06102025","Day5","batch1L","Sp","PFD1000","P05_y1-x1","B0000370.jpg","117.51972222222224","L36 + redOR + small500 + stronger reflection + root","Brightened photo","416","image","2026-07-14T07:58:03.470Z"
"0358_06102025_Day6_Sp_PFD1000_P05_y1-x1_B0000378","batch1L|P05_y1-x1","06102025","Day6","batch1L","Sp","PFD1000","P05_y1-x1","B0000378.jpg","141.37583333333333","L36 + redOR + small500 + stronger reflection + root","Brightened photo","532.8832","image","2026-07-14T07:58:04.179Z"
"0359_06102025_Day7_Sp_PFD1000_P05_y1-x1_B0000386","batch1L|P05_y1-x1","06102025","Day7","batch1L","Sp","PFD1000","P05_y1-x1","B0000386.jpg","165.34666666666666","L36 + redOR + small500 + stronger reflection + root","Brightened photo","603.5568","image","2026-07-14T07:58:04.782Z"
"0360_06102025_Day0_Sp_PFD1000_P07_y0-x1_C0000207","batch1L|P07_y0-x1","06102025","Day0","batch1L","Sp","PFD1000","P07_y0-x1","C0000207.jpg","0.2005555555555555","Main current","Original photo","120.0816","well",""
"0361_06102025_Day1_Sp_PFD1000_P07_y0-x1_C0000215","batch1L|P07_y0-x1","06102025","Day1","batch1L","Sp","PFD1000","P07_y0-x1","C0000215.jpg","21.434444444444445","Main current","Original photo","134.7648","well",""
"0362_06102025_Day2_Sp_PFD1000_P07_y0-x1_C0000223","batch1L|P07_y0-x1","06102025","Day2","batch1L","Sp","PFD1000","P07_y0-x1","C0000223.jpg","45.51583333333333","Main current","Original photo","172.52","well",""
"0363_06102025_Day3_Sp_PFD1000_P07_y0-x1_A0000112","batch1L|P07_y0-x1","06102025","Day3","batch1L","Sp","PFD1000","P07_y0-x1","A0000112.jpg","69.81861111111111","L36 + redOR + small500 + stronger reflection + root","Original photo","241.408","image","2026-07-14T07:58:14.965Z"
"0364_06102025_Day4_Sp_PFD1000_P07_y0-x1_B0000364","batch1L|P07_y0-x1","06102025","Day4","batch1L","Sp","PFD1000","P07_y0-x1","B0000364.jpg","93.40472222222222","Main current","Original photo","302.8896","well",""
"0365_06102025_Day5_Sp_PFD1000_P07_y0-x1_B0000372","batch1L|P07_y0-x1","06102025","Day5","batch1L","Sp","PFD1000","P07_y0-x1","B0000372.jpg","117.53277777777778","L36 + redOR + small500 + stronger reflection + root","Brightened photo","446.248","image","2026-07-14T07:58:31.796Z"
"0366_06102025_Day6_Sp_PFD1000_P07_y0-x1_B0000380","batch1L|P07_y0-x1","06102025","Day6","batch1L","Sp","PFD1000","P07_y0-x1","B0000380.jpg","141.38944444444445","L36 + redOR + small500 + stronger reflection + root","Brightened photo","584.664","image","2026-07-14T07:58:35.695Z"
"0367_06102025_Day7_Sp_PFD1000_P07_y0-x1_B0000388","batch1L|P07_y0-x1","06102025","Day7","batch1L","Sp","PFD1000","P07_y0-x1","B0000388.jpg","165.35555555555555","L36 + redOR + small500 + stronger reflection + root","Brightened photo","643.5616","image","2026-07-14T07:58:38.635Z"
"0368_06102025_Day0_Sp_PFD1000_P07_y1-x0_C0000207","batch1L|P07_y1-x0","06102025","Day0","batch1L","Sp","PFD1000","P07_y1-x0","C0000207.jpg","0.2005555555555555","Main current","Original photo","112.1136","well",""
"0369_06102025_Day1_Sp_PFD1000_P07_y1-x0_C0000215","batch1L|P07_y1-x0","06102025","Day1","batch1L","Sp","PFD1000","P07_y1-x0","C0000215.jpg","21.434444444444445","Main current","Original photo","131.2096","well",""
"0370_06102025_Day2_Sp_PFD1000_P07_y1-x0_C0000223","batch1L|P07_y1-x0","06102025","Day2","batch1L","Sp","PFD1000","P07_y1-x0","C0000223.jpg","45.51583333333333","Main current","Original photo","169.6352","well",""
"0371_06102025_Day3_Sp_PFD1000_P07_y1-x0_A0000112","batch1L|P07_y1-x0","06102025","Day3","batch1L","Sp","PFD1000","P07_y1-x0","A0000112.jpg","69.81861111111111","L36 + redOR + small500 + stronger reflection + root","Original photo","233.3376","image","2026-07-14T07:58:47.725Z"
"0372_06102025_Day4_Sp_PFD1000_P07_y1-x0_B0000364","batch1L|P07_y1-x0","06102025","Day4","batch1L","Sp","PFD1000","P07_y1-x0","B0000364.jpg","93.40472222222222","L36 + redOR + small500 + stronger reflection + root","Original photo","314.7584","image","2026-07-14T07:58:50.676Z"
"0373_06102025_Day5_Sp_PFD1000_P07_y1-x0_B0000372","batch1L|P07_y1-x0","06102025","Day5","batch1L","Sp","PFD1000","P07_y1-x0","B0000372.jpg","117.53277777777778","L36 + redOR + small500 + stronger reflection + root","Original photo","455.4432","image","2026-07-14T07:58:52.546Z"
"0374_06102025_Day6_Sp_PFD1000_P07_y1-x0_B0000380","batch1L|P07_y1-x0","06102025","Day6","batch1L","Sp","PFD1000","P07_y1-x0","B0000380.jpg","141.38944444444445","L36 + redOR + small500 + stronger reflection + root","Original photo","571.4416","image","2026-07-14T07:58:54.812Z"
"0375_06102025_Day7_Sp_PFD1000_P07_y1-x0_B0000388","batch1L|P07_y1-x0","06102025","Day7","batch1L","Sp","PFD1000","P07_y1-x0","B0000388.jpg","165.35555555555555","L36 + redOR + small500 + stronger reflection + root","Brightened photo","619.1872","image","2026-07-14T07:59:03.843Z"
"0376_06102025_Day0_Sp_PFD1000_P07_y1-x2_C0000207","batch1L|P07_y1-x2","06102025","Day0","batch1L","Sp","PFD1000","P07_y1-x2","C0000207.jpg","0.2005555555555555","Main current","Original photo","136.7232","well",""
"0377_06102025_Day1_Sp_PFD1000_P07_y1-x2_C0000215","batch1L|P07_y1-x2","06102025","Day1","batch1L","Sp","PFD1000","P07_y1-x2","C0000215.jpg","21.434444444444445","Main current","Original photo","165.1984","well",""
"0378_06102025_Day2_Sp_PFD1000_P07_y1-x2_C0000223","batch1L|P07_y1-x2","06102025","Day2","batch1L","Sp","PFD1000","P07_y1-x2","C0000223.jpg","45.51583333333333","Main current","Original photo","183.2208","well",""
"0379_06102025_Day3_Sp_PFD1000_P07_y1-x2_A0000112","batch1L|P07_y1-x2","06102025","Day3","batch1L","Sp","PFD1000","P07_y1-x2","A0000112.jpg","69.81861111111111","Main current","Original photo","249.9056","well",""
"0380_06102025_Day4_Sp_PFD1000_P07_y1-x2_B0000364","batch1L|P07_y1-x2","06102025","Day4","batch1L","Sp","PFD1000","P07_y1-x2","B0000364.jpg","93.40472222222222","L36 + redOR + small500 + stronger reflection + root","Brightened photo","367.4656","image","2026-07-14T07:59:25.924Z"
"0381_06102025_Day5_Sp_PFD1000_P07_y1-x2_B0000372","batch1L|P07_y1-x2","06102025","Day5","batch1L","Sp","PFD1000","P07_y1-x2","B0000372.jpg","117.53277777777778","L36 + redOR + small500 + stronger reflection + root","Brightened photo","476.9792","image","2026-07-14T07:59:33.481Z"
"0382_06102025_Day6_Sp_PFD1000_P07_y1-x2_B0000380","batch1L|P07_y1-x2","06102025","Day6","batch1L","Sp","PFD1000","P07_y1-x2","B0000380.jpg","141.38944444444445","L36 + redOR + small500 + stronger reflection + root","Brightened photo","592.9568","image","2026-07-14T07:59:34.013Z"
"0383_06102025_Day7_Sp_PFD1000_P07_y1-x2_B0000388","batch1L|P07_y1-x2","06102025","Day7","batch1L","Sp","PFD1000","P07_y1-x2","B0000388.jpg","165.35555555555555","L36 + redOR + small500 + stronger reflection + root","Brightened photo","628.592","image","2026-07-14T07:59:35.013Z"
"0384_06102025_Day0_Wa_PFD100_P01_y0-x1_C0000191","batch1L|P01_y0-x1","06102025","Day0","batch1L","Wa","PFD100","P01_y0-x1","C0000191.jpg","0","Main current","Original photo","198.912","well",""
"0385_06102025_Day1_Wa_PFD100_P01_y0-x1_C0000209","batch1L|P01_y0-x1","06102025","Day1","batch1L","Wa","PFD100","P01_y0-x1","C0000209.jpg","21.39555555555556","Main current","Original photo","180.2064","well",""
"0386_06102025_Day2_Wa_PFD100_P01_y0-x1_C0000217","batch1L|P01_y0-x1","06102025","Day2","batch1L","Wa","PFD100","P01_y0-x1","C0000217.jpg","45.451388888888886","Main current","Original photo","185.2128","well",""
"0387_06102025_Day3_Wa_PFD100_P01_y0-x1_A0000106","batch1L|P01_y0-x1","06102025","Day3","batch1L","Wa","PFD100","P01_y0-x1","A0000106.jpg","69.75027777777778","Main current","Original photo","114.9904","well",""
"0388_06102025_Day4_Wa_PFD100_P01_y0-x1_B0000358","batch1L|P01_y0-x1","06102025","Day4","batch1L","Wa","PFD100","P01_y0-x1","B0000358.jpg","93.325","Main current","Original photo","131.7392","well",""
"0389_06102025_Day5_Wa_PFD100_P01_y0-x1_B0000366","batch1L|P01_y0-x1","06102025","Day5","batch1L","Wa","PFD100","P01_y0-x1","B0000366.jpg","117.49583333333334","Main current","Original photo","226.0128","well",""
"0390_06102025_Day6_Wa_PFD100_P01_y0-x1_B0000374","batch1L|P01_y0-x1","06102025","Day6","batch1L","Wa","PFD100","P01_y0-x1","B0000374.jpg","141.34055555555557","Main current","Original photo","298.1952","well",""
"0391_06102025_Day7_Wa_PFD100_P01_y0-x1_B0000382","batch1L|P01_y0-x1","06102025","Day7","batch1L","Wa","PFD100","P01_y0-x1","B0000382.jpg","165.29583333333332","Main current","Original photo","291.5472","well",""
"0392_06102025_Day0_Wa_PFD100_P01_y1-x0_C0000191","batch1L|P01_y1-x0","06102025","Day0","batch1L","Wa","PFD100","P01_y1-x0","C0000191.jpg","0","Main current","Original photo","200.0672","well",""
"0393_06102025_Day1_Wa_PFD100_P01_y1-x0_C0000209","batch1L|P01_y1-x0","06102025","Day1","batch1L","Wa","PFD100","P01_y1-x0","C0000209.jpg","21.39555555555556","Main current","Original photo","258.3056","well",""
"0394_06102025_Day2_Wa_PFD100_P01_y1-x0_C0000217","batch1L|P01_y1-x0","06102025","Day2","batch1L","Wa","PFD100","P01_y1-x0","C0000217.jpg","45.451388888888886","Main current","Original photo","201.688","well",""
"0395_06102025_Day3_Wa_PFD100_P01_y1-x0_A0000106","batch1L|P01_y1-x0","06102025","Day3","batch1L","Wa","PFD100","P01_y1-x0","A0000106.jpg","69.75027777777778","Main current","Original photo","185.0432","well",""
"0396_06102025_Day4_Wa_PFD100_P01_y1-x0_B0000358","batch1L|P01_y1-x0","06102025","Day4","batch1L","Wa","PFD100","P01_y1-x0","B0000358.jpg","93.325","Main current","Original photo","208.7472","well",""
"0397_06102025_Day5_Wa_PFD100_P01_y1-x0_B0000366","batch1L|P01_y1-x0","06102025","Day5","batch1L","Wa","PFD100","P01_y1-x0","B0000366.jpg","117.49583333333334","Main current","Original photo","213.1008","well",""
"0398_06102025_Day6_Wa_PFD100_P01_y1-x0_B0000374","batch1L|P01_y1-x0","06102025","Day6","batch1L","Wa","PFD100","P01_y1-x0","B0000374.jpg","141.34055555555557","Main current","Original photo","305.76","well",""
"0399_06102025_Day7_Wa_PFD100_P01_y1-x0_B0000382","batch1L|P01_y1-x0","06102025","Day7","batch1L","Wa","PFD100","P01_y1-x0","B0000382.jpg","165.29583333333332","Main current","Original photo","259.1744","well",""
"0400_06102025_Day0_Wa_PFD100_P01_y1-x2_C0000191","batch1L|P01_y1-x2","06102025","Day0","batch1L","Wa","PFD100","P01_y1-x2","C0000191.jpg","0","Main current","Original photo","205.5008","well",""
"0401_06102025_Day1_Wa_PFD100_P01_y1-x2_C0000209","batch1L|P01_y1-x2","06102025","Day1","batch1L","Wa","PFD100","P01_y1-x2","C0000209.jpg","21.39555555555556","Main current","Original photo","225.2928","well",""
"0402_06102025_Day2_Wa_PFD100_P01_y1-x2_C0000217","batch1L|P01_y1-x2","06102025","Day2","batch1L","Wa","PFD100","P01_y1-x2","C0000217.jpg","45.451388888888886","Main current","Original photo","202.9168","well",""
"0403_06102025_Day3_Wa_PFD100_P01_y1-x2_A0000106","batch1L|P01_y1-x2","06102025","Day3","batch1L","Wa","PFD100","P01_y1-x2","A0000106.jpg","69.75027777777778","Main current","Original photo","118.1296","well",""
"0404_06102025_Day4_Wa_PFD100_P01_y1-x2_B0000358","batch1L|P01_y1-x2","06102025","Day4","batch1L","Wa","PFD100","P01_y1-x2","B0000358.jpg","93.325","Main current","Original photo","121.0512","well",""
"0405_06102025_Day5_Wa_PFD100_P01_y1-x2_B0000366","batch1L|P01_y1-x2","06102025","Day5","batch1L","Wa","PFD100","P01_y1-x2","B0000366.jpg","117.49583333333334","Main current","Original photo","229.168","well",""
"0406_06102025_Day6_Wa_PFD100_P01_y1-x2_B0000374","batch1L|P01_y1-x2","06102025","Day6","batch1L","Wa","PFD100","P01_y1-x2","B0000374.jpg","141.34055555555557","Main current","Original photo","199.4384","well",""
"0407_06102025_Day7_Wa_PFD100_P01_y1-x2_B0000382","batch1L|P01_y1-x2","06102025","Day7","batch1L","Wa","PFD100","P01_y1-x2","B0000382.jpg","165.29583333333332","Main current","Original photo","185.2672","well",""
"0408_06102025_Day0_Wa_PFD100_P03_y0-x0_C0000203","batch1L|P03_y0-x0","06102025","Day0","batch1L","Wa","PFD100","P03_y0-x0","C0000203.jpg","0.1655555555555555","Main current","Original photo","140.1696","well",""
"0409_06102025_Day1_Wa_PFD100_P03_y0-x0_C0000211","batch1L|P03_y0-x0","06102025","Day1","batch1L","Wa","PFD100","P03_y0-x0","C0000211.jpg","21.40833333333333","Main current","Original photo","210.6928","well",""
"0410_06102025_Day2_Wa_PFD100_P03_y0-x0_C0000219","batch1L|P03_y0-x0","06102025","Day2","batch1L","Wa","PFD100","P03_y0-x0","C0000219.jpg","45.48805555555556","Main current","Original photo","241.2928","well",""
"0411_06102025_Day3_Wa_PFD100_P03_y0-x0_A0000108","batch1L|P03_y0-x0","06102025","Day3","batch1L","Wa","PFD100","P03_y0-x0","A0000108.jpg","69.78361111111111","Main current","Original photo","171.984","well",""
"0412_06102025_Day4_Wa_PFD100_P03_y0-x0_B0000360","batch1L|P03_y0-x0","06102025","Day4","batch1L","Wa","PFD100","P03_y0-x0","B0000360.jpg","93.365","Main current","Original photo","246.5952","well",""
"0413_06102025_Day5_Wa_PFD100_P03_y0-x0_B0000368","batch1L|P03_y0-x0","06102025","Day5","batch1L","Wa","PFD100","P03_y0-x0","B0000368.jpg","117.5125","Main current","Original photo","164.5328","well",""
"0414_06102025_Day6_Wa_PFD100_P03_y0-x0_B0000376","batch1L|P03_y0-x0","06102025","Day6","batch1L","Wa","PFD100","P03_y0-x0","B0000376.jpg","141.365","Main current","Original photo","220.9216","well",""
"0415_06102025_Day7_Wa_PFD100_P03_y0-x0_B0000384","batch1L|P03_y0-x0","06102025","Day7","batch1L","Wa","PFD100","P03_y0-x0","B0000384.jpg","165.33277777777778","Main current","Original photo","208.1232","well",""
"0416_06102025_Day0_Wa_PFD100_P03_y0-x2_C0000203","batch1L|P03_y0-x2","06102025","Day0","batch1L","Wa","PFD100","P03_y0-x2","C0000203.jpg","0.1655555555555555","Main current","Original photo","129.0784","well",""
"0417_06102025_Day1_Wa_PFD100_P03_y0-x2_C0000211","batch1L|P03_y0-x2","06102025","Day1","batch1L","Wa","PFD100","P03_y0-x2","C0000211.jpg","21.40833333333333","Main current","Original photo","102.2544","well",""
"0418_06102025_Day2_Wa_PFD100_P03_y0-x2_C0000219","batch1L|P03_y0-x2","06102025","Day2","batch1L","Wa","PFD100","P03_y0-x2","C0000219.jpg","45.48805555555556","Main current","Original photo","147.5344","well",""
"0419_06102025_Day3_Wa_PFD100_P03_y0-x2_A0000108","batch1L|P03_y0-x2","06102025","Day3","batch1L","Wa","PFD100","P03_y0-x2","A0000108.jpg","69.78361111111111","Main current","Original photo","121.5408","well",""
"0420_06102025_Day4_Wa_PFD100_P03_y0-x2_B0000360","batch1L|P03_y0-x2","06102025","Day4","batch1L","Wa","PFD100","P03_y0-x2","B0000360.jpg","93.365","Main current","Original photo","89.7392","well",""
"0421_06102025_Day5_Wa_PFD100_P03_y0-x2_B0000368","batch1L|P03_y0-x2","06102025","Day5","batch1L","Wa","PFD100","P03_y0-x2","B0000368.jpg","117.5125","Main current","Original photo","204.0256","well",""
"0422_06102025_Day6_Wa_PFD100_P03_y0-x2_B0000376","batch1L|P03_y0-x2","06102025","Day6","batch1L","Wa","PFD100","P03_y0-x2","B0000376.jpg","141.365","Main current","Original photo","253.2832","well",""
"0423_06102025_Day7_Wa_PFD100_P03_y0-x2_B0000384","batch1L|P03_y0-x2","06102025","Day7","batch1L","Wa","PFD100","P03_y0-x2","B0000384.jpg","165.33277777777778","Main current","Original photo","208.7264","well",""
"0424_06102025_Day0_Wa_PFD100_P03_y1-x1_C0000203","batch1L|P03_y1-x1","06102025","Day0","batch1L","Wa","PFD100","P03_y1-x1","C0000203.jpg","0.1655555555555555","Main current","Original photo","100.7968","well",""
"0425_06102025_Day1_Wa_PFD100_P03_y1-x1_C0000211","batch1L|P03_y1-x1","06102025","Day1","batch1L","Wa","PFD100","P03_y1-x1","C0000211.jpg","21.40833333333333","Main current","Original photo","166.52","well",""
"0426_06102025_Day2_Wa_PFD100_P03_y1-x1_C0000219","batch1L|P03_y1-x1","06102025","Day2","batch1L","Wa","PFD100","P03_y1-x1","C0000219.jpg","45.48805555555556","Main current","Original photo","203.6496","well",""
"0427_06102025_Day3_Wa_PFD100_P03_y1-x1_A0000108","batch1L|P03_y1-x1","06102025","Day3","batch1L","Wa","PFD100","P03_y1-x1","A0000108.jpg","69.78361111111111","Main current","Original photo","117.5344","well",""
"0428_06102025_Day4_Wa_PFD100_P03_y1-x1_B0000360","batch1L|P03_y1-x1","06102025","Day4","batch1L","Wa","PFD100","P03_y1-x1","B0000360.jpg","93.365","Main current","Original photo","172.3872","well",""
"0429_06102025_Day5_Wa_PFD100_P03_y1-x1_B0000368","batch1L|P03_y1-x1","06102025","Day5","batch1L","Wa","PFD100","P03_y1-x1","B0000368.jpg","117.5125","Main current","Original photo","151.6224","well",""
"0430_06102025_Day6_Wa_PFD100_P03_y1-x1_B0000376","batch1L|P03_y1-x1","06102025","Day6","batch1L","Wa","PFD100","P03_y1-x1","B0000376.jpg","141.365","Main current","Original photo","200.6896","well",""
"0431_06102025_Day7_Wa_PFD100_P03_y1-x1_B0000384","batch1L|P03_y1-x1","06102025","Day7","batch1L","Wa","PFD100","P03_y1-x1","B0000384.jpg","165.33277777777778","Main current","Original photo","169.4432","well",""
"0432_03112025_Day0_Wa_PFD100_P39_y0-x1_B0000614","batch5L|P39_y0-x1","03112025","Day0","batch5L","Wa","PFD100","P39_y0-x1","B0000614.jpg","0","Main current","Original photo","45.6256","well",""
"0433_03112025_Day1_Wa_PFD100_P39_y0-x1_B0000628","batch5L|P39_y0-x1","03112025","Day1","batch5L","Wa","PFD100","P39_y0-x1","B0000628.jpg","22.967777777777776","Main current","Original photo","53.9712","well",""
"0434_03112025_Day2_Wa_PFD100_P39_y0-x1_B0000640","batch5L|P39_y0-x1","03112025","Day2","batch5L","Wa","PFD100","P39_y0-x1","B0000640.jpg","46.9375","Main current","Original photo","56.128","well",""
"0435_03112025_Day3_Wa_PFD100_P39_y0-x1_B0000652","batch5L|P39_y0-x1","03112025","Day3","batch5L","Wa","PFD100","P39_y0-x1","B0000652.jpg","70.83638888888889","Main current","Original photo","70.7472","well",""
"0436_03112025_Day4_Wa_PFD100_P39_y0-x1_B0000664","batch5L|P39_y0-x1","03112025","Day4","batch5L","Wa","PFD100","P39_y0-x1","B0000664.jpg","94.90222222222222","Main current","Original photo","77.8912","well",""
"0437_03112025_Day5_Wa_PFD100_P39_y0-x1_B0000676","batch5L|P39_y0-x1","03112025","Day5","batch5L","Wa","PFD100","P39_y0-x1","B0000676.jpg","118.7925","Main current","Original photo","91.6176","well",""
"0438_03112025_Day6_Wa_PFD100_P39_y0-x1_B0000688","batch5L|P39_y0-x1","03112025","Day6","batch5L","Wa","PFD100","P39_y0-x1","B0000688.jpg","142.64694444444444","Main current","Original photo","108.9712","well",""
"0439_03112025_Day7_Wa_PFD100_P39_y0-x1_B0000700","batch5L|P39_y0-x1","03112025","Day7","batch5L","Wa","PFD100","P39_y0-x1","B0000700.jpg","166.83","Main current","Original photo","114.1856","well",""
"0440_03112025_Day0_Wa_PFD100_P39_y1-x0_B0000614","batch5L|P39_y1-x0","03112025","Day0","batch5L","Wa","PFD100","P39_y1-x0","B0000614.jpg","0","Main current","Original photo","44.0544","well",""
"0441_03112025_Day1_Wa_PFD100_P39_y1-x0_B0000628","batch5L|P39_y1-x0","03112025","Day1","batch5L","Wa","PFD100","P39_y1-x0","B0000628.jpg","22.967777777777776","Main current","Original photo","52.48","well",""
"0442_03112025_Day2_Wa_PFD100_P39_y1-x0_B0000640","batch5L|P39_y1-x0","03112025","Day2","batch5L","Wa","PFD100","P39_y1-x0","B0000640.jpg","46.9375","Main current","Original photo","58.1264","well",""
"0443_03112025_Day3_Wa_PFD100_P39_y1-x0_B0000652","batch5L|P39_y1-x0","03112025","Day3","batch5L","Wa","PFD100","P39_y1-x0","B0000652.jpg","70.83638888888889","Main current","Original photo","71.4752","well",""
"0444_03112025_Day4_Wa_PFD100_P39_y1-x0_B0000664","batch5L|P39_y1-x0","03112025","Day4","batch5L","Wa","PFD100","P39_y1-x0","B0000664.jpg","94.90222222222222","Main current","Original photo","85.1568","well",""
"0445_03112025_Day5_Wa_PFD100_P39_y1-x0_B0000676","batch5L|P39_y1-x0","03112025","Day5","batch5L","Wa","PFD100","P39_y1-x0","B0000676.jpg","118.7925","Main current","Original photo","100.8592","well",""
"0446_03112025_Day6_Wa_PFD100_P39_y1-x0_B0000688","batch5L|P39_y1-x0","03112025","Day6","batch5L","Wa","PFD100","P39_y1-x0","B0000688.jpg","142.64694444444444","Main current","Original photo","109.96","well",""
"0447_03112025_Day7_Wa_PFD100_P39_y1-x0_B0000700","batch5L|P39_y1-x0","03112025","Day7","batch5L","Wa","PFD100","P39_y1-x0","B0000700.jpg","166.83","Main current","Original photo","111.8336","well",""
"0448_03112025_Day0_Wa_PFD100_P39_y1-x2_B0000614","batch5L|P39_y1-x2","03112025","Day0","batch5L","Wa","PFD100","P39_y1-x2","B0000614.jpg","0","L36 + small500 + stronger reflection + root","Original photo","47.4944","image","2026-07-14T09:16:20.631Z"
"0449_03112025_Day1_Wa_PFD100_P39_y1-x2_B0000628","batch5L|P39_y1-x2","03112025","Day1","batch5L","Wa","PFD100","P39_y1-x2","B0000628.jpg","22.967777777777776","L36 + small500 + stronger reflection + root","Original photo","60.688","image","2026-07-14T09:16:26.905Z"
"0450_03112025_Day2_Wa_PFD100_P39_y1-x2_B0000640","batch5L|P39_y1-x2","03112025","Day2","batch5L","Wa","PFD100","P39_y1-x2","B0000640.jpg","46.9375","L36 only","Original photo","82.1504","well","2026-07-14T09:15:26.427Z"
"0451_03112025_Day3_Wa_PFD100_P39_y1-x2_B0000652","batch5L|P39_y1-x2","03112025","Day3","batch5L","Wa","PFD100","P39_y1-x2","B0000652.jpg","70.83638888888889","L36 only","Original photo","99.9632","image","2026-07-14T09:15:22.173Z"
"0452_03112025_Day4_Wa_PFD100_P39_y1-x2_B0000664","batch5L|P39_y1-x2","03112025","Day4","batch5L","Wa","PFD100","P39_y1-x2","B0000664.jpg","94.90222222222222","L36 only","Original photo","108.4512","well","2026-07-14T09:15:26.427Z"
"0453_03112025_Day5_Wa_PFD100_P39_y1-x2_B0000676","batch5L|P39_y1-x2","03112025","Day5","batch5L","Wa","PFD100","P39_y1-x2","B0000676.jpg","118.7925","L36 only","Original photo","135.7392","well","2026-07-14T09:15:26.427Z"
"0454_03112025_Day6_Wa_PFD100_P39_y1-x2_B0000688","batch5L|P39_y1-x2","03112025","Day6","batch5L","Wa","PFD100","P39_y1-x2","B0000688.jpg","142.64694444444444","L36 only","Original photo","142.704","well","2026-07-14T09:15:26.427Z"
"0455_03112025_Day7_Wa_PFD100_P39_y1-x2_B0000700","batch5L|P39_y1-x2","03112025","Day7","batch5L","Wa","PFD100","P39_y1-x2","B0000700.jpg","166.83","L36 only","Original photo","161.9824","well","2026-07-14T09:15:26.427Z"
"0456_03112025_Day0_Wa_PFD100_P40_y0-x1_B0000615","batch5L|P40_y0-x1","03112025","Day0","batch5L","Wa","PFD100","P40_y0-x1","B0000615.jpg","0.0069444444444444","Main current","Original photo","66.456","well",""
"0457_03112025_Day1_Wa_PFD100_P40_y0-x1_B0000629","batch5L|P40_y0-x1","03112025","Day1","batch5L","Wa","PFD100","P40_y0-x1","B0000629.jpg","22.976944444444445","Main current","Original photo","69.6128","well",""
"0458_03112025_Day2_Wa_PFD100_P40_y0-x1_B0000641","batch5L|P40_y0-x1","03112025","Day2","batch5L","Wa","PFD100","P40_y0-x1","B0000641.jpg","46.95194444444444","Main current","Original photo","95.1968","well",""
"0459_03112025_Day3_Wa_PFD100_P40_y0-x1_B0000653","batch5L|P40_y0-x1","03112025","Day3","batch5L","Wa","PFD100","P40_y0-x1","B0000653.jpg","70.84222222222222","Main current","Original photo","108.7536","well",""
"0460_03112025_Day4_Wa_PFD100_P40_y0-x1_B0000665","batch5L|P40_y0-x1","03112025","Day4","batch5L","Wa","PFD100","P40_y0-x1","B0000665.jpg","94.90666666666668","Main current","Original photo","137.7664","well",""
"0461_03112025_Day5_Wa_PFD100_P40_y0-x1_B0000677","batch5L|P40_y0-x1","03112025","Day5","batch5L","Wa","PFD100","P40_y0-x1","B0000677.jpg","118.81222222222222","Main current","Original photo","145.8144","well",""
"0462_03112025_Day6_Wa_PFD100_P40_y0-x1_B0000689","batch5L|P40_y0-x1","03112025","Day6","batch5L","Wa","PFD100","P40_y0-x1","B0000689.jpg","142.65666666666667","Main current","Original photo","177.4064","well",""
"0463_03112025_Day7_Wa_PFD100_P40_y0-x1_B0000701","batch5L|P40_y0-x1","03112025","Day7","batch5L","Wa","PFD100","P40_y0-x1","B0000701.jpg","166.84916666666666","Main current","Original photo","210.288","well",""
"0464_03112025_Day0_Wa_PFD100_P40_y1-x0_B0000615","batch5L|P40_y1-x0","03112025","Day0","batch5L","Wa","PFD100","P40_y1-x0","B0000615.jpg","0.0069444444444444","Main current","Original photo","46.056","well",""
"0465_03112025_Day1_Wa_PFD100_P40_y1-x0_B0000629","batch5L|P40_y1-x0","03112025","Day1","batch5L","Wa","PFD100","P40_y1-x0","B0000629.jpg","22.976944444444445","Main current","Original photo","47.4768","well",""
"0466_03112025_Day2_Wa_PFD100_P40_y1-x0_B0000641","batch5L|P40_y1-x0","03112025","Day2","batch5L","Wa","PFD100","P40_y1-x0","B0000641.jpg","46.95194444444444","Main current","Original photo","72.2224","well",""
"0467_03112025_Day3_Wa_PFD100_P40_y1-x0_B0000653","batch5L|P40_y1-x0","03112025","Day3","batch5L","Wa","PFD100","P40_y1-x0","B0000653.jpg","70.84222222222222","Main current","Original photo","97.7824","well",""
"0468_03112025_Day4_Wa_PFD100_P40_y1-x0_B0000665","batch5L|P40_y1-x0","03112025","Day4","batch5L","Wa","PFD100","P40_y1-x0","B0000665.jpg","94.90666666666668","Main current","Original photo","129.4368","well",""
"0469_03112025_Day5_Wa_PFD100_P40_y1-x0_B0000677","batch5L|P40_y1-x0","03112025","Day5","batch5L","Wa","PFD100","P40_y1-x0","B0000677.jpg","118.81222222222222","L36 only","Original photo","167.7328","image","2026-07-14T09:17:40.140Z"
"0470_03112025_Day6_Wa_PFD100_P40_y1-x0_B0000689","batch5L|P40_y1-x0","03112025","Day6","batch5L","Wa","PFD100","P40_y1-x0","B0000689.jpg","142.65666666666667","L36 only","Original photo","252.04","image","2026-07-14T09:18:23.615Z"
"0471_03112025_Day7_Wa_PFD100_P40_y1-x0_B0000701","batch5L|P40_y1-x0","03112025","Day7","batch5L","Wa","PFD100","P40_y1-x0","B0000701.jpg","166.84916666666666","L36 only","Original photo","274.2496","image","2026-07-14T09:18:19.338Z"
"0472_03112025_Day0_Wa_PFD100_P40_y1-x2_B0000615","batch5L|P40_y1-x2","03112025","Day0","batch5L","Wa","PFD100","P40_y1-x2","B0000615.jpg","0.0069444444444444","Main current","Original photo","55.2272","well",""
"0473_03112025_Day1_Wa_PFD100_P40_y1-x2_B0000629","batch5L|P40_y1-x2","03112025","Day1","batch5L","Wa","PFD100","P40_y1-x2","B0000629.jpg","22.976944444444445","L36 only","Original photo","90.4128","image","2026-07-14T09:18:38.222Z"
"0474_03112025_Day2_Wa_PFD100_P40_y1-x2_B0000641","batch5L|P40_y1-x2","03112025","Day2","batch5L","Wa","PFD100","P40_y1-x2","B0000641.jpg","46.95194444444444","L36 + small200 + crescent","Original photo","122.2736","image","2026-07-14T09:18:58.939Z"
"0475_03112025_Day3_Wa_PFD100_P40_y1-x2_B0000653","batch5L|P40_y1-x2","03112025","Day3","batch5L","Wa","PFD100","P40_y1-x2","B0000653.jpg","70.84222222222222","Main current","Original photo","100.5056","well",""
"0476_03112025_Day4_Wa_PFD100_P40_y1-x2_B0000665","batch5L|P40_y1-x2","03112025","Day4","batch5L","Wa","PFD100","P40_y1-x2","B0000665.jpg","94.90666666666668","Main current","Original photo","145.0528","image","2026-07-14T09:19:24.007Z"
"0477_03112025_Day5_Wa_PFD100_P40_y1-x2_B0000677","batch5L|P40_y1-x2","03112025","Day5","batch5L","Wa","PFD100","P40_y1-x2","B0000677.jpg","118.81222222222222","L36 only","Original photo","201.7408","image","2026-07-14T09:19:39.670Z"
"0478_03112025_Day6_Wa_PFD100_P40_y1-x2_B0000689","batch5L|P40_y1-x2","03112025","Day6","batch5L","Wa","PFD100","P40_y1-x2","B0000689.jpg","142.65666666666667","L36 only","Original photo","245.384","image","2026-07-14T09:19:41.436Z"
"0479_03112025_Day7_Wa_PFD100_P40_y1-x2_B0000701","batch5L|P40_y1-x2","03112025","Day7","batch5L","Wa","PFD100","P40_y1-x2","B0000701.jpg","166.84916666666666","L36 only","Original photo","317.3824","image","2026-07-14T09:19:43.182Z"
"0480_06102025_Day0_Wa_PFD1000_P05_y0-x1_C0000205","batch1L|P05_y0-x1","06102025","Day0","batch1L","Wa","PFD1000","P05_y0-x1","C0000205.jpg","0.1905555555555555","Main current","Original photo","149.6992","well",""
"0481_06102025_Day1_Wa_PFD1000_P05_y0-x1_C0000213","batch1L|P05_y0-x1","06102025","Day1","batch1L","Wa","PFD1000","P05_y0-x1","C0000213.jpg","21.421388888888888","Main current","Original photo","191.504","well",""
"0482_06102025_Day2_Wa_PFD1000_P05_y0-x1_C0000221","batch1L|P05_y0-x1","06102025","Day2","batch1L","Wa","PFD1000","P05_y0-x1","C0000221.jpg","45.50111111111111","Main current","Original photo","275.1776","well",""
"0483_06102025_Day3_Wa_PFD1000_P05_y0-x1_A0000110","batch1L|P05_y0-x1","06102025","Day3","batch1L","Wa","PFD1000","P05_y0-x1","A0000110.jpg","69.80944444444444","L36 + small200 + crescent","Original photo","340.4896","image","2026-07-14T09:22:27.001Z"
"0484_06102025_Day4_Wa_PFD1000_P05_y0-x1_B0000362","batch1L|P05_y0-x1","06102025","Day4","batch1L","Wa","PFD1000","P05_y0-x1","B0000362.jpg","93.3875","Main current","Original photo","365.8496","image","2026-07-14T09:22:09.486Z"
"0485_06102025_Day5_Wa_PFD1000_P05_y0-x1_B0000370","batch1L|P05_y0-x1","06102025","Day5","batch1L","Wa","PFD1000","P05_y0-x1","B0000370.jpg","117.51972222222224","Main current","Original photo","371.2512","image","2026-07-14T09:22:44.355Z"
"0486_06102025_Day6_Wa_PFD1000_P05_y0-x1_B0000378","batch1L|P05_y0-x1","06102025","Day6","batch1L","Wa","PFD1000","P05_y0-x1","B0000378.jpg","141.37583333333333","Main current","Original photo","412.4096","image","2026-07-14T09:22:46.323Z"
"0487_06102025_Day7_Wa_PFD1000_P05_y0-x1_B0000386","batch1L|P05_y0-x1","06102025","Day7","batch1L","Wa","PFD1000","P05_y0-x1","B0000386.jpg","165.34666666666666","Main current","Original photo","428.1008","image","2026-07-14T09:22:51.851Z"
"0488_06102025_Day0_Wa_PFD1000_P05_y1-x0_C0000205","batch1L|P05_y1-x0","06102025","Day0","batch1L","Wa","PFD1000","P05_y1-x0","C0000205.jpg","0.1905555555555555","L36 only","Original photo","193.4384","image","2026-07-14T09:23:07.979Z"
"0489_06102025_Day1_Wa_PFD1000_P05_y1-x0_C0000213","batch1L|P05_y1-x0","06102025","Day1","batch1L","Wa","PFD1000","P05_y1-x0","C0000213.jpg","21.421388888888888","L36 only","Original photo","241.7344","image","2026-07-14T09:23:09.178Z"
"0490_06102025_Day2_Wa_PFD1000_P05_y1-x0_C0000221","batch1L|P05_y1-x0","06102025","Day2","batch1L","Wa","PFD1000","P05_y1-x0","C0000221.jpg","45.50111111111111","L36 only","Original photo","315.536","image","2026-07-14T09:23:17.988Z"
"0491_06102025_Day3_Wa_PFD1000_P05_y1-x0_A0000110","batch1L|P05_y1-x0","06102025","Day3","batch1L","Wa","PFD1000","P05_y1-x0","A0000110.jpg","69.80944444444444","L36 only","Original photo","360.952","image","2026-07-14T09:23:20.204Z"
"0492_06102025_Day4_Wa_PFD1000_P05_y1-x0_B0000362","batch1L|P05_y1-x0","06102025","Day4","batch1L","Wa","PFD1000","P05_y1-x0","B0000362.jpg","93.3875","L36 only","Original photo","459.4448","image","2026-07-14T09:23:21.450Z"
"0493_06102025_Day5_Wa_PFD1000_P05_y1-x0_B0000370","batch1L|P05_y1-x0","06102025","Day5","batch1L","Wa","PFD1000","P05_y1-x0","B0000370.jpg","117.51972222222224","L36 only","Original photo","459.8096","image","2026-07-14T09:23:25.505Z"
"0494_06102025_Day6_Wa_PFD1000_P05_y1-x0_B0000378","batch1L|P05_y1-x0","06102025","Day6","batch1L","Wa","PFD1000","P05_y1-x0","B0000378.jpg","141.37583333333333","L36 only","Original photo","516.8384","image","2026-07-14T09:23:26.699Z"
"0495_06102025_Day7_Wa_PFD1000_P05_y1-x0_B0000386","batch1L|P05_y1-x0","06102025","Day7","batch1L","Wa","PFD1000","P05_y1-x0","B0000386.jpg","165.34666666666666","L36 only","Original photo","574.92","image","2026-07-14T09:23:29.498Z"
"0496_06102025_Day0_Wa_PFD1000_P05_y1-x2_C0000205","batch1L|P05_y1-x2","06102025","Day0","batch1L","Wa","PFD1000","P05_y1-x2","C0000205.jpg","0.1905555555555555","L36 only","Original photo","235.4944","image","2026-07-14T09:23:31.294Z"
"0497_06102025_Day1_Wa_PFD1000_P05_y1-x2_C0000213","batch1L|P05_y1-x2","06102025","Day1","batch1L","Wa","PFD1000","P05_y1-x2","C0000213.jpg","21.421388888888888","L36 only","Original photo","268.6752","image","2026-07-14T09:23:32.277Z"
"0498_06102025_Day2_Wa_PFD1000_P05_y1-x2_C0000221","batch1L|P05_y1-x2","06102025","Day2","batch1L","Wa","PFD1000","P05_y1-x2","C0000221.jpg","45.50111111111111","L36 only","Original photo","371.8672","image","2026-07-14T09:23:33.111Z"
"0499_06102025_Day3_Wa_PFD1000_P05_y1-x2_A0000110","batch1L|P05_y1-x2","06102025","Day3","batch1L","Wa","PFD1000","P05_y1-x2","A0000110.jpg","69.80944444444444","L36 only","Original photo","347.0736","image","2026-07-14T09:23:34.102Z"
"0500_06102025_Day4_Wa_PFD1000_P05_y1-x2_B0000362","batch1L|P05_y1-x2","06102025","Day4","batch1L","Wa","PFD1000","P05_y1-x2","B0000362.jpg","93.3875","L36 only","Original photo","463.5136","image","2026-07-14T09:23:35.229Z"
"0501_06102025_Day5_Wa_PFD1000_P05_y1-x2_B0000370","batch1L|P05_y1-x2","06102025","Day5","batch1L","Wa","PFD1000","P05_y1-x2","B0000370.jpg","117.51972222222224","L36 only","Original photo","476.1184","image","2026-07-14T09:23:36.149Z"
"0502_06102025_Day6_Wa_PFD1000_P05_y1-x2_B0000378","batch1L|P05_y1-x2","06102025","Day6","batch1L","Wa","PFD1000","P05_y1-x2","B0000378.jpg","141.37583333333333","L36 only","Original photo","550.0544","image","2026-07-14T09:23:43.249Z"
"0503_06102025_Day7_Wa_PFD1000_P05_y1-x2_B0000386","batch1L|P05_y1-x2","06102025","Day7","batch1L","Wa","PFD1000","P05_y1-x2","B0000386.jpg","165.34666666666666","L36 only","Original photo","566.1296","image","2026-07-14T09:23:43.819Z"
"0504_06102025_Day0_Wa_PFD1000_P07_y0-x0_C0000207","batch1L|P07_y0-x0","06102025","Day0","batch1L","Wa","PFD1000","P07_y0-x0","C0000207.jpg","0.2005555555555555","L36 only","Original photo","165.5472","image","2026-07-14T09:23:46.301Z"
"0505_06102025_Day1_Wa_PFD1000_P07_y0-x0_C0000215","batch1L|P07_y0-x0","06102025","Day1","batch1L","Wa","PFD1000","P07_y0-x0","C0000215.jpg","21.434444444444445","L36 only","Original photo","236.6704","image","2026-07-14T09:23:47.936Z"
"0506_06102025_Day2_Wa_PFD1000_P07_y0-x0_C0000223","batch1L|P07_y0-x0","06102025","Day2","batch1L","Wa","PFD1000","P07_y0-x0","C0000223.jpg","45.51583333333333","L36 only","Original photo","337.6528","image","2026-07-14T09:23:48.833Z"
"0507_06102025_Day3_Wa_PFD1000_P07_y0-x0_A0000112","batch1L|P07_y0-x0","06102025","Day3","batch1L","Wa","PFD1000","P07_y0-x0","A0000112.jpg","69.81861111111111","L36 only","Original photo","388.552","image","2026-07-14T09:23:49.750Z"
"0508_06102025_Day4_Wa_PFD1000_P07_y0-x0_B0000364","batch1L|P07_y0-x0","06102025","Day4","batch1L","Wa","PFD1000","P07_y0-x0","B0000364.jpg","93.40472222222222","L36 only","Original photo","497.7264","image","2026-07-14T09:23:50.689Z"
"0509_06102025_Day5_Wa_PFD1000_P07_y0-x0_B0000372","batch1L|P07_y0-x0","06102025","Day5","batch1L","Wa","PFD1000","P07_y0-x0","B0000372.jpg","117.53277777777778","L36 only","Original photo","514.2704","image","2026-07-14T09:23:51.425Z"
"0510_06102025_Day6_Wa_PFD1000_P07_y0-x0_B0000380","batch1L|P07_y0-x0","06102025","Day6","batch1L","Wa","PFD1000","P07_y0-x0","B0000380.jpg","141.38944444444445","L36 only","Original photo","593.4304","image","2026-07-14T09:23:52.257Z"
"0511_06102025_Day7_Wa_PFD1000_P07_y0-x0_B0000388","batch1L|P07_y0-x0","06102025","Day7","batch1L","Wa","PFD1000","P07_y0-x0","B0000388.jpg","165.35555555555555","L36 only","Original photo","618.7152","image","2026-07-14T09:23:53.092Z"
"0512_06102025_Day0_Wa_PFD1000_P07_y0-x2_C0000207","batch1L|P07_y0-x2","06102025","Day0","batch1L","Wa","PFD1000","P07_y0-x2","C0000207.jpg","0.2005555555555555","L36 only","Original photo","183.5648","image","2026-07-14T09:23:54.439Z"
"0513_06102025_Day1_Wa_PFD1000_P07_y0-x2_C0000215","batch1L|P07_y0-x2","06102025","Day1","batch1L","Wa","PFD1000","P07_y0-x2","C0000215.jpg","21.434444444444445","L36 only","Original photo","280.3296","image","2026-07-14T09:24:01.804Z"
"0514_06102025_Day2_Wa_PFD1000_P07_y0-x2_C0000223","batch1L|P07_y0-x2","06102025","Day2","batch1L","Wa","PFD1000","P07_y0-x2","C0000223.jpg","45.51583333333333","L36 only","Original photo","408.224","image","2026-07-14T09:24:02.726Z"
"0515_06102025_Day3_Wa_PFD1000_P07_y0-x2_A0000112","batch1L|P07_y0-x2","06102025","Day3","batch1L","Wa","PFD1000","P07_y0-x2","A0000112.jpg","69.81861111111111","L36 only","Original photo","415.7552","image","2026-07-14T09:24:03.561Z"
"0516_06102025_Day4_Wa_PFD1000_P07_y0-x2_B0000364","batch1L|P07_y0-x2","06102025","Day4","batch1L","Wa","PFD1000","P07_y0-x2","B0000364.jpg","93.40472222222222","L36 only","Original photo","541.824","image","2026-07-14T09:24:04.415Z"
"0517_06102025_Day5_Wa_PFD1000_P07_y0-x2_B0000372","batch1L|P07_y0-x2","06102025","Day5","batch1L","Wa","PFD1000","P07_y0-x2","B0000372.jpg","117.53277777777778","L36 only","Original photo","556.7248","image","2026-07-14T09:24:05.208Z"
"0518_06102025_Day6_Wa_PFD1000_P07_y0-x2_B0000380","batch1L|P07_y0-x2","06102025","Day6","batch1L","Wa","PFD1000","P07_y0-x2","B0000380.jpg","141.38944444444445","L36 + small200 + crescent","Original photo","661.0336","image","2026-07-14T09:24:27.014Z"
"0519_06102025_Day7_Wa_PFD1000_P07_y0-x2_B0000388","batch1L|P07_y0-x2","06102025","Day7","batch1L","Wa","PFD1000","P07_y0-x2","B0000388.jpg","165.35555555555555","L36 + small200 + crescent","Original photo","661.7984","image","2026-07-14T09:24:27.721Z"
"0520_06102025_Day0_Wa_PFD1000_P07_y1-x1_C0000207","batch1L|P07_y1-x1","06102025","Day0","batch1L","Wa","PFD1000","P07_y1-x1","C0000207.jpg","0.2005555555555555","L36 only","Original photo","207.0432","image","2026-07-14T09:24:33.019Z"
"0521_06102025_Day1_Wa_PFD1000_P07_y1-x1_C0000215","batch1L|P07_y1-x1","06102025","Day1","batch1L","Wa","PFD1000","P07_y1-x1","C0000215.jpg","21.434444444444445","L36 only","Original photo","266.6192","image","2026-07-14T09:24:39.392Z"
"0522_06102025_Day2_Wa_PFD1000_P07_y1-x1_C0000223","batch1L|P07_y1-x1","06102025","Day2","batch1L","Wa","PFD1000","P07_y1-x1","C0000223.jpg","45.51583333333333","L36 only","Original photo","397.3808","image","2026-07-14T09:24:40.234Z"
"0523_06102025_Day3_Wa_PFD1000_P07_y1-x1_A0000112","batch1L|P07_y1-x1","06102025","Day3","batch1L","Wa","PFD1000","P07_y1-x1","A0000112.jpg","69.81861111111111","L36 only","Original photo","437.08","image","2026-07-14T09:24:41.216Z"
"0524_06102025_Day4_Wa_PFD1000_P07_y1-x1_B0000364","batch1L|P07_y1-x1","06102025","Day4","batch1L","Wa","PFD1000","P07_y1-x1","B0000364.jpg","93.40472222222222","L36 only","Original photo","548.5632","image","2026-07-14T09:24:42.060Z"
"0525_06102025_Day5_Wa_PFD1000_P07_y1-x1_B0000372","batch1L|P07_y1-x1","06102025","Day5","batch1L","Wa","PFD1000","P07_y1-x1","B0000372.jpg","117.53277777777778","L36 only","Original photo","524.1648","image","2026-07-14T09:24:43.830Z"
"0526_06102025_Day6_Wa_PFD1000_P07_y1-x1_B0000380","batch1L|P07_y1-x1","06102025","Day6","batch1L","Wa","PFD1000","P07_y1-x1","B0000380.jpg","141.38944444444445","L36 only","Original photo","583.832","image","2026-07-14T09:24:45.982Z"
"0527_06102025_Day7_Wa_PFD1000_P07_y1-x1_B0000388","batch1L|P07_y1-x1","06102025","Day7","batch1L","Wa","PFD1000","P07_y1-x1","B0000388.jpg","165.35555555555555","L36 only","Original photo","669.824","image","2026-07-14T09:24:47.342Z"
"0528_03112025_Day0_Wa_PFD1000_P41_y0-x0_B0000618","batch5L|P41_y0-x0","03112025","Day0","batch5L","Wa","PFD1000","P41_y0-x0","B0000618.jpg","0.0238888888888888","L36 + redOR + small500 + stronger reflection + root","Original photo","70.2832","image","2026-07-14T09:25:15.875Z"
"0529_03112025_Day1_Wa_PFD1000_P41_y0-x0_B0000631","batch5L|P41_y0-x0","03112025","Day1","batch5L","Wa","PFD1000","P41_y0-x0","B0000631.jpg","23.000555555555557","L36 only","Original photo","88.4464","image","2026-07-14T09:25:09.124Z"
"0530_03112025_Day2_Wa_PFD1000_P41_y0-x0_B0000643","batch5L|P41_y0-x0","03112025","Day2","batch5L","Wa","PFD1000","P41_y0-x0","B0000643.jpg","47.00083333333333","L36 + small200 + crescent","Original photo","116.9424","image","2026-07-14T09:25:20.359Z"
"0531_03112025_Day3_Wa_PFD1000_P41_y0-x0_B0000655","batch5L|P41_y0-x0","03112025","Day3","batch5L","Wa","PFD1000","P41_y0-x0","B0000655.jpg","70.86583333333333","L36 + small200 + crescent","Original photo","163.6144","image","2026-07-14T09:25:25.047Z"
"0532_03112025_Day4_Wa_PFD1000_P41_y0-x0_B0000667","batch5L|P41_y0-x0","03112025","Day4","batch5L","Wa","PFD1000","P41_y0-x0","B0000667.jpg","94.96166666666667","L36 only","Original photo","213.5616","image","2026-07-14T09:25:29.258Z"
"0533_03112025_Day5_Wa_PFD1000_P41_y0-x0_B0000679","batch5L|P41_y0-x0","03112025","Day5","batch5L","Wa","PFD1000","P41_y0-x0","B0000679.jpg","118.82305555555556","L36 only","Original photo","309.6976","image","2026-07-14T09:25:35.482Z"
"0534_03112025_Day6_Wa_PFD1000_P41_y0-x0_B0000691","batch5L|P41_y0-x0","03112025","Day6","batch5L","Wa","PFD1000","P41_y0-x0","B0000691.jpg","142.66833333333332","L36 + small200 + crescent","Original photo","404","image","2026-07-14T09:25:41.458Z"
"0535_03112025_Day7_Wa_PFD1000_P41_y0-x0_B0000703","batch5L|P41_y0-x0","03112025","Day7","batch5L","Wa","PFD1000","P41_y0-x0","B0000703.jpg","166.87444444444444","L36 + small200 + crescent","Original photo","495.7584","image","2026-07-14T09:25:46.532Z"
"0536_03112025_Day0_Wa_PFD1000_P41_y0-x2_B0000618","batch5L|P41_y0-x2","03112025","Day0","batch5L","Wa","PFD1000","P41_y0-x2","B0000618.jpg","0.0238888888888888","L36 only","Original photo","54.2416","image","2026-07-14T09:25:58.023Z"
"0537_03112025_Day1_Wa_PFD1000_P41_y0-x2_B0000631","batch5L|P41_y0-x2","03112025","Day1","batch5L","Wa","PFD1000","P41_y0-x2","B0000631.jpg","23.000555555555557","L36 only","Original photo","66.1584","image","2026-07-14T09:25:58.959Z"
"0538_03112025_Day2_Wa_PFD1000_P41_y0-x2_B0000643","batch5L|P41_y0-x2","03112025","Day2","batch5L","Wa","PFD1000","P41_y0-x2","B0000643.jpg","47.00083333333333","L36 only","Original photo","94.3056","image","2026-07-14T09:26:02.786Z"
"0539_03112025_Day3_Wa_PFD1000_P41_y0-x2_B0000655","batch5L|P41_y0-x2","03112025","Day3","batch5L","Wa","PFD1000","P41_y0-x2","B0000655.jpg","70.86583333333333","L36 only","Original photo","104.1872","image","2026-07-14T09:26:06.375Z"
"0540_03112025_Day4_Wa_PFD1000_P41_y0-x2_B0000667","batch5L|P41_y0-x2","03112025","Day4","batch5L","Wa","PFD1000","P41_y0-x2","B0000667.jpg","94.96166666666667","L36 + small200 + crescent","Original photo","147.4256","image","2026-07-14T09:26:10.459Z"
"0541_03112025_Day5_Wa_PFD1000_P41_y0-x2_B0000679","batch5L|P41_y0-x2","03112025","Day5","batch5L","Wa","PFD1000","P41_y0-x2","B0000679.jpg","118.82305555555556","L36 + redOR + small500 + stronger reflection + root","Original photo","184.976","image","2026-07-14T09:26:28.058Z"
"0542_03112025_Day6_Wa_PFD1000_P41_y0-x2_B0000691","batch5L|P41_y0-x2","03112025","Day6","batch5L","Wa","PFD1000","P41_y0-x2","B0000691.jpg","142.66833333333332","L36 + small200 + crescent","Original photo","263.048","image","2026-07-14T09:26:30.141Z"
"0543_03112025_Day7_Wa_PFD1000_P41_y0-x2_B0000703","batch5L|P41_y0-x2","03112025","Day7","batch5L","Wa","PFD1000","P41_y0-x2","B0000703.jpg","166.87444444444444","Main current","Original photo","272.5616","image","2026-07-14T09:26:44.820Z"
"0544_03112025_Day0_Wa_PFD1000_P41_y1-x1_B0000618","batch5L|P41_y1-x1","03112025","Day0","batch5L","Wa","PFD1000","P41_y1-x1","B0000618.jpg","0.0238888888888888","L36 only","Original photo","52.5968","image","2026-07-14T09:27:14.760Z"
"0545_03112025_Day1_Wa_PFD1000_P41_y1-x1_B0000631","batch5L|P41_y1-x1","03112025","Day1","batch5L","Wa","PFD1000","P41_y1-x1","B0000631.jpg","23.000555555555557","L36 only","Original photo","67.9792","image","2026-07-14T09:27:15.735Z"
"0546_03112025_Day2_Wa_PFD1000_P41_y1-x1_B0000643","batch5L|P41_y1-x1","03112025","Day2","batch5L","Wa","PFD1000","P41_y1-x1","B0000643.jpg","47.00083333333333","L36 only","Original photo","80.7776","image","2026-07-14T09:27:16.796Z"
"0547_03112025_Day3_Wa_PFD1000_P41_y1-x1_B0000655","batch5L|P41_y1-x1","03112025","Day3","batch5L","Wa","PFD1000","P41_y1-x1","B0000655.jpg","70.86583333333333","L36 only","Original photo","108.1808","image","2026-07-14T09:27:18.334Z"
"0548_03112025_Day4_Wa_PFD1000_P41_y1-x1_B0000667","batch5L|P41_y1-x1","03112025","Day4","batch5L","Wa","PFD1000","P41_y1-x1","B0000667.jpg","94.96166666666667","L36 only","Original photo","145.1488","image","2026-07-14T09:27:19.153Z"
"0549_03112025_Day5_Wa_PFD1000_P41_y1-x1_B0000679","batch5L|P41_y1-x1","03112025","Day5","batch5L","Wa","PFD1000","P41_y1-x1","B0000679.jpg","118.82305555555556","L36 only","Original photo","203.6352","image","2026-07-14T09:27:20.199Z"
"0550_03112025_Day6_Wa_PFD1000_P41_y1-x1_B0000691","batch5L|P41_y1-x1","03112025","Day6","batch5L","Wa","PFD1000","P41_y1-x1","B0000691.jpg","142.66833333333332","L36 only","Original photo","279.4032","image","2026-07-14T09:27:21.112Z"
"0551_03112025_Day7_Wa_PFD1000_P41_y1-x1_B0000703","batch5L|P41_y1-x1","03112025","Day7","batch5L","Wa","PFD1000","P41_y1-x1","B0000703.jpg","166.87444444444444","L36 only","Original photo","412.904","image","2026-07-14T09:27:23.701Z"
"0552_03112025_Day0_Wa_PFD1000_P42_y0-x0_B0000620","batch5L|P42_y0-x0","03112025","Day0","batch5L","Wa","PFD1000","P42_y0-x0","B0000620.jpg","0.0463888888888888","L36 only","Original photo","78.8832","image","2026-07-14T09:27:33.950Z"
"0553_03112025_Day1_Wa_PFD1000_P42_y0-x0_B0000632","batch5L|P42_y0-x0","03112025","Day1","batch5L","Wa","PFD1000","P42_y0-x0","B0000632.jpg","23.006666666666668","L36 only","Original photo","101.5328","image","2026-07-14T09:27:34.520Z"
"0554_03112025_Day2_Wa_PFD1000_P42_y0-x0_B0000644","batch5L|P42_y0-x0","03112025","Day2","batch5L","Wa","PFD1000","P42_y0-x0","B0000644.jpg","47.005833333333335","L36 only","Original photo","144.5808","image","2026-07-14T09:27:35.915Z"
"0555_03112025_Day3_Wa_PFD1000_P42_y0-x0_B0000656","batch5L|P42_y0-x0","03112025","Day3","batch5L","Wa","PFD1000","P42_y0-x0","B0000656.jpg","70.87222222222222","L36 only","Original photo","195.6064","image","2026-07-14T09:27:36.755Z"
"0556_03112025_Day4_Wa_PFD1000_P42_y0-x0_B0000668","batch5L|P42_y0-x0","03112025","Day4","batch5L","Wa","PFD1000","P42_y0-x0","B0000668.jpg","94.97083333333332","L36 only","Original photo","297.8912","image","2026-07-14T09:27:37.533Z"
"0557_03112025_Day5_Wa_PFD1000_P42_y0-x0_B0000680","batch5L|P42_y0-x0","03112025","Day5","batch5L","Wa","PFD1000","P42_y0-x0","B0000680.jpg","118.83611111111112","L36 + small200 + crescent","Original photo","401.0656","image","2026-07-14T09:27:49.427Z"
"0558_03112025_Day6_Wa_PFD1000_P42_y0-x0_B0000692","batch5L|P42_y0-x0","03112025","Day6","batch5L","Wa","PFD1000","P42_y0-x0","B0000692.jpg","142.68555555555557","L36 + small200 + crescent","Original photo","499.712","image","2026-07-14T09:27:44.473Z"
"0559_03112025_Day7_Wa_PFD1000_P42_y0-x0_B0000704","batch5L|P42_y0-x0","03112025","Day7","batch5L","Wa","PFD1000","P42_y0-x0","B0000704.jpg","166.88083333333333","L36 + small200 + crescent","Original photo","622.3472","image","2026-07-14T09:27:52.679Z"
"0560_03112025_Day0_Wa_PFD1000_P42_y0-x2_B0000620","batch5L|P42_y0-x2","03112025","Day0","batch5L","Wa","PFD1000","P42_y0-x2","B0000620.jpg","0.0463888888888888","L36 + small200 + crescent","Original photo","68.0528","image","2026-07-14T09:27:58.932Z"
"0561_03112025_Day1_Wa_PFD1000_P42_y0-x2_B0000632","batch5L|P42_y0-x2","03112025","Day1","batch5L","Wa","PFD1000","P42_y0-x2","B0000632.jpg","23.006666666666668","L36 only","Original photo","97.1568","image","2026-07-14T09:28:01.020Z"
"0562_03112025_Day2_Wa_PFD1000_P42_y0-x2_B0000644","batch5L|P42_y0-x2","03112025","Day2","batch5L","Wa","PFD1000","P42_y0-x2","B0000644.jpg","47.005833333333335","L36 only","Original photo","137.9984","image","2026-07-14T09:28:03.103Z"
"0563_03112025_Day3_Wa_PFD1000_P42_y0-x2_B0000656","batch5L|P42_y0-x2","03112025","Day3","batch5L","Wa","PFD1000","P42_y0-x2","B0000656.jpg","70.87222222222222","L36 only","Original photo","195.9952","image","2026-07-14T09:28:04.235Z"
"0564_03112025_Day4_Wa_PFD1000_P42_y0-x2_B0000668","batch5L|P42_y0-x2","03112025","Day4","batch5L","Wa","PFD1000","P42_y0-x2","B0000668.jpg","94.97083333333332","L36 only","Original photo","287.5856","image","2026-07-14T09:28:06.706Z"
"0565_03112025_Day5_Wa_PFD1000_P42_y0-x2_B0000680","batch5L|P42_y0-x2","03112025","Day5","batch5L","Wa","PFD1000","P42_y0-x2","B0000680.jpg","118.83611111111112","L36 only","Original photo","423.0016","image","2026-07-14T09:28:16.394Z"
"0566_03112025_Day6_Wa_PFD1000_P42_y0-x2_B0000692","batch5L|P42_y0-x2","03112025","Day6","batch5L","Wa","PFD1000","P42_y0-x2","B0000692.jpg","142.68555555555557","L36 only","Original photo","497.496","image","2026-07-14T09:28:19.676Z"
"0567_03112025_Day7_Wa_PFD1000_P42_y0-x2_B0000704","batch5L|P42_y0-x2","03112025","Day7","batch5L","Wa","PFD1000","P42_y0-x2","B0000704.jpg","166.88083333333333","L36 only","Original photo","681.504","image","2026-07-14T09:28:21.015Z"
"0568_03112025_Day0_Wa_PFD1000_P42_y1-x1_B0000620","batch5L|P42_y1-x1","03112025","Day0","batch5L","Wa","PFD1000","P42_y1-x1","B0000620.jpg","0.0463888888888888","L36 only","Original photo","76.7088","image","2026-07-14T09:28:24.047Z"
"0569_03112025_Day1_Wa_PFD1000_P42_y1-x1_B0000632","batch5L|P42_y1-x1","03112025","Day1","batch5L","Wa","PFD1000","P42_y1-x1","B0000632.jpg","23.006666666666668","L36 only","Original photo","106.0928","image","2026-07-14T09:28:28.291Z"
"0570_03112025_Day2_Wa_PFD1000_P42_y1-x1_B0000644","batch5L|P42_y1-x1","03112025","Day2","batch5L","Wa","PFD1000","P42_y1-x1","B0000644.jpg","47.005833333333335","L36 only","Original photo","154.6848","image","2026-07-14T09:28:29.102Z"
"0571_03112025_Day3_Wa_PFD1000_P42_y1-x1_B0000656","batch5L|P42_y1-x1","03112025","Day3","batch5L","Wa","PFD1000","P42_y1-x1","B0000656.jpg","70.87222222222222","L36 only","Original photo","221.5232","image","2026-07-14T09:28:30.079Z"
"0572_03112025_Day4_Wa_PFD1000_P42_y1-x1_B0000668","batch5L|P42_y1-x1","03112025","Day4","batch5L","Wa","PFD1000","P42_y1-x1","B0000668.jpg","94.97083333333332","L36 only","Original photo","322.4896","image","2026-07-14T09:28:31.070Z"
"0573_03112025_Day5_Wa_PFD1000_P42_y1-x1_B0000680","batch5L|P42_y1-x1","03112025","Day5","batch5L","Wa","PFD1000","P42_y1-x1","B0000680.jpg","118.83611111111112","L36 only","Original photo","441.224","image","2026-07-14T09:28:33.183Z"
"0574_03112025_Day6_Wa_PFD1000_P42_y1-x1_B0000692","batch5L|P42_y1-x1","03112025","Day6","batch5L","Wa","PFD1000","P42_y1-x1","B0000692.jpg","142.68555555555557","L36 only","Original photo","535.8352","image","2026-07-14T09:28:35.860Z"
"0575_03112025_Day7_Wa_PFD1000_P42_y1-x1_B0000704","batch5L|P42_y1-x1","03112025","Day7","batch5L","Wa","PFD1000","P42_y1-x1","B0000704.jpg","166.88083333333333","L36 only","Original photo","663.6976","image","2026-07-14T09:28:36.793Z"
"0576_13102025_Day0_Wh_PFD100_P09_y0-x2_B0000398","batch2L|P09_y0-x2","13102025","Day0","batch2L","Wh","PFD100","P09_y0-x2","B0000398.jpg","0","L36 only","Original photo","89.512","image","2026-07-14T08:11:53.385Z"
"0577_13102025_Day1_Wh_PFD100_P09_y0-x2_B0000421","batch2L|P09_y0-x2","13102025","Day1","batch2L","Wh","PFD100","P09_y0-x2","B0000421.jpg","26.125833333333333","Main current","Original photo","97.1248","image","2026-07-14T08:11:56.189Z"
"0578_13102025_Day2_Wh_PFD100_P09_y0-x2_B0000425","batch2L|P09_y0-x2","13102025","Day2","batch2L","Wh","PFD100","P09_y0-x2","B0000425.jpg","46.81583333333333","L36 only","Original photo","159.4448","image","2026-07-14T08:11:59.475Z"
"0579_13102025_Day3_Wh_PFD100_P09_y0-x2_B0000433","batch2L|P09_y0-x2","13102025","Day3","batch2L","Wh","PFD100","P09_y0-x2","B0000433.jpg","70.7425","L36 only","Original photo","175.9248","image","2026-07-14T08:12:04.011Z"
"0580_13102025_Day4_Wh_PFD100_P09_y0-x2_B0000441","batch2L|P09_y0-x2","13102025","Day4","batch2L","Wh","PFD100","P09_y0-x2","B0000441.jpg","94.71305555555556","L36 only","Original photo","226.5872","image","2026-07-14T08:12:11.800Z"
"0581_13102025_Day5_Wh_PFD100_P09_y0-x2_B0000449","batch2L|P09_y0-x2","13102025","Day5","batch2L","Wh","PFD100","P09_y0-x2","B0000449.jpg","118.72111111111111","L36 only","Original photo","263.576","image","2026-07-14T08:12:13.750Z"
"0582_13102025_Day6_Wh_PFD100_P09_y0-x2_B0000453","batch2L|P09_y0-x2","13102025","Day6","batch2L","Wh","PFD100","P09_y0-x2","B0000453.jpg","142.80777777777777","L36 only","Original photo","380.5984","image","2026-07-14T08:12:14.319Z"
"0583_13102025_Day7_Wh_PFD100_P09_y0-x2_B0000457","batch2L|P09_y0-x2","13102025","Day7","batch2L","Wh","PFD100","P09_y0-x2","B0000457.jpg","166.6725","L36 only","Original photo","384.416","image","2026-07-14T08:12:16.004Z"
"0584_13102025_Day0_Wh_PFD100_P09_y1-x0_B0000398","batch2L|P09_y1-x0","13102025","Day0","batch2L","Wh","PFD100","P09_y1-x0","B0000398.jpg","0","L36 + small200 + crescent","Original photo","84.7248","well","2026-07-14T08:12:36.987Z"
"0585_13102025_Day1_Wh_PFD100_P09_y1-x0_B0000421","batch2L|P09_y1-x0","13102025","Day1","batch2L","Wh","PFD100","P09_y1-x0","B0000421.jpg","26.125833333333333","L36 + small200 + crescent","Original photo","154.3232","well","2026-07-14T08:12:36.987Z"
"0586_13102025_Day2_Wh_PFD100_P09_y1-x0_B0000425","batch2L|P09_y1-x0","13102025","Day2","batch2L","Wh","PFD100","P09_y1-x0","B0000425.jpg","46.81583333333333","L36 + small200 + crescent","Original photo","157.8704","well","2026-07-14T08:12:36.987Z"
"0587_13102025_Day3_Wh_PFD100_P09_y1-x0_B0000433","batch2L|P09_y1-x0","13102025","Day3","batch2L","Wh","PFD100","P09_y1-x0","B0000433.jpg","70.7425","L36 + small200 + crescent","Original photo","185.3232","well","2026-07-14T08:12:36.987Z"
"0588_13102025_Day4_Wh_PFD100_P09_y1-x0_B0000441","batch2L|P09_y1-x0","13102025","Day4","batch2L","Wh","PFD100","P09_y1-x0","B0000441.jpg","94.71305555555556","L36 only","Original photo","258.6464","image","2026-07-14T08:12:42.124Z"
"0589_13102025_Day5_Wh_PFD100_P09_y1-x0_B0000449","batch2L|P09_y1-x0","13102025","Day5","batch2L","Wh","PFD100","P09_y1-x0","B0000449.jpg","118.72111111111111","L36 + small200 + crescent","Original photo","294.2992","well","2026-07-14T08:12:36.987Z"
"0590_13102025_Day6_Wh_PFD100_P09_y1-x0_B0000453","batch2L|P09_y1-x0","13102025","Day6","batch2L","Wh","PFD100","P09_y1-x0","B0000453.jpg","142.80777777777777","L36 + redOR + small500 + stronger reflection + root","Original photo","384.352","image","2026-07-14T08:12:52.196Z"
"0591_13102025_Day7_Wh_PFD100_P09_y1-x0_B0000457","batch2L|P09_y1-x0","13102025","Day7","batch2L","Wh","PFD100","P09_y1-x0","B0000457.jpg","166.6725","L36 + small200 + crescent","Original photo","406.6208","well","2026-07-14T08:12:36.987Z"
"0592_13102025_Day0_Wh_PFD100_P10_y0-x1_B0000399","batch2L|P10_y0-x1","13102025","Day0","batch2L","Wh","PFD100","P10_y0-x1","B0000399.jpg","0.0047222222222222","Main current","Original photo","84.3872","well",""
"0593_13102025_Day1_Wh_PFD100_P10_y0-x1_B0000422","batch2L|P10_y0-x1","13102025","Day1","batch2L","Wh","PFD100","P10_y0-x1","B0000422.jpg","26.156388888888888","Main current","Original photo","104.1664","well",""
"0594_13102025_Day2_Wh_PFD100_P10_y0-x1_B0000426","batch2L|P10_y0-x1","13102025","Day2","batch2L","Wh","PFD100","P10_y0-x1","B0000426.jpg","46.84444444444444","Main current","Original photo","115.6992","well",""
"0595_13102025_Day3_Wh_PFD100_P10_y0-x1_B0000434","batch2L|P10_y0-x1","13102025","Day3","batch2L","Wh","PFD100","P10_y0-x1","B0000434.jpg","70.76166666666667","Main current","Original photo","158.2096","well",""
"0596_13102025_Day4_Wh_PFD100_P10_y0-x1_B0000442","batch2L|P10_y0-x1","13102025","Day4","batch2L","Wh","PFD100","P10_y0-x1","B0000442.jpg","94.72527777777778","Main current","Original photo","172.592","well",""
"0597_13102025_Day5_Wh_PFD100_P10_y0-x1_B0000450","batch2L|P10_y0-x1","13102025","Day5","batch2L","Wh","PFD100","P10_y0-x1","B0000450.jpg","118.72666666666667","Main current","Original photo","214.4512","well",""
"0598_13102025_Day6_Wh_PFD100_P10_y0-x1_B0000454","batch2L|P10_y0-x1","13102025","Day6","batch2L","Wh","PFD100","P10_y0-x1","B0000454.jpg","142.83694444444444","Main current","Original photo","262.3616","well",""
"0599_13102025_Day7_Wh_PFD100_P10_y0-x1_B0000458","batch2L|P10_y0-x1","13102025","Day7","batch2L","Wh","PFD100","P10_y0-x1","B0000458.jpg","166.6925","Main current","Original photo","419.4288","well",""
"0600_13102025_Day0_Wh_PFD100_P10_y1-x2_B0000399","batch2L|P10_y1-x2","13102025","Day0","batch2L","Wh","PFD100","P10_y1-x2","B0000399.jpg","0.0047222222222222","L36 only","Original photo","127.7792","well","2026-07-14T08:13:21.324Z"
"0601_13102025_Day1_Wh_PFD100_P10_y1-x2_B0000422","batch2L|P10_y1-x2","13102025","Day1","batch2L","Wh","PFD100","P10_y1-x2","B0000422.jpg","26.156388888888888","L36 only","Original photo","136.5984","well","2026-07-14T08:13:21.324Z"
"0602_13102025_Day2_Wh_PFD100_P10_y1-x2_B0000426","batch2L|P10_y1-x2","13102025","Day2","batch2L","Wh","PFD100","P10_y1-x2","B0000426.jpg","46.84444444444444","L36 only","Original photo","162.5056","well","2026-07-14T08:13:21.324Z"
"0603_13102025_Day3_Wh_PFD100_P10_y1-x2_B0000434","batch2L|P10_y1-x2","13102025","Day3","batch2L","Wh","PFD100","P10_y1-x2","B0000434.jpg","70.76166666666667","L36 only","Original photo","196.9184","well","2026-07-14T08:13:21.324Z"
"0604_13102025_Day4_Wh_PFD100_P10_y1-x2_B0000442","batch2L|P10_y1-x2","13102025","Day4","batch2L","Wh","PFD100","P10_y1-x2","B0000442.jpg","94.72527777777778","L36 only","Original photo","225.6448","well","2026-07-14T08:13:21.324Z"
"0605_13102025_Day5_Wh_PFD100_P10_y1-x2_B0000450","batch2L|P10_y1-x2","13102025","Day5","batch2L","Wh","PFD100","P10_y1-x2","B0000450.jpg","118.72666666666667","L36 only","Original photo","273.9904","well","2026-07-14T08:13:21.324Z"
"0606_13102025_Day6_Wh_PFD100_P10_y1-x2_B0000454","batch2L|P10_y1-x2","13102025","Day6","batch2L","Wh","PFD100","P10_y1-x2","B0000454.jpg","142.83694444444444","L36 only","Original photo","328.3376","well","2026-07-14T08:13:21.324Z"
"0607_13102025_Day7_Wh_PFD100_P10_y1-x2_B0000458","batch2L|P10_y1-x2","13102025","Day7","batch2L","Wh","PFD100","P10_y1-x2","B0000458.jpg","166.6925","Main current","Original photo","279.2944","image","2026-07-14T08:13:32.850Z"
"0608_27102025_Day0_Wh_PFD100_P31_y0-x0_B0000549","batch4L|P31_y0-x0","27102025","Day0","batch4L","Wh","PFD100","P31_y0-x0","B0000549.jpg","0","L36 + redOR + small500 + stronger reflection + root","Original photo","147.792","image","2026-07-14T08:14:10.465Z"
"0609_27102025_Day1_Wh_PFD100_P31_y0-x0_B0000557","batch4L|P31_y0-x0","27102025","Day1","batch4L","Wh","PFD100","P31_y0-x0","B0000557.jpg","23.05027777777778","L36 + redOR + small500 + stronger reflection + root","Original photo","189.464","image","2026-07-14T08:14:11.015Z"
"0610_27102025_Day2_Wh_PFD100_P31_y0-x0_B0000565","batch4L|P31_y0-x0","27102025","Day2","batch4L","Wh","PFD100","P31_y0-x0","B0000565.jpg","46.95555555555556","L36 + small200 + crescent","Original photo","206.0304","well","2026-07-14T08:13:58.571Z"
"0611_27102025_Day3_Wh_PFD100_P31_y0-x0_B0000573","batch4L|P31_y0-x0","27102025","Day3","batch4L","Wh","PFD100","P31_y0-x0","B0000573.jpg","71.5375","L36 + redOR + small500 + stronger reflection + root","Original photo","259.288","image","2026-07-14T08:14:17.419Z"
"0612_27102025_Day4_Wh_PFD100_P31_y0-x0_B0000581","batch4L|P31_y0-x0","27102025","Day4","batch4L","Wh","PFD100","P31_y0-x0","B0000581.jpg","94.87611111111111","L36 + redOR + small500 + stronger reflection + root","Original photo","300.68","image","2026-07-14T08:14:19.124Z"
"0613_27102025_Day5_Wh_PFD100_P31_y0-x0_B0000589","batch4L|P31_y0-x0","27102025","Day5","batch4L","Wh","PFD100","P31_y0-x0","B0000589.jpg","119.06083333333332","L36 + small200 + crescent","Original photo","401.2096","well","2026-07-14T08:13:58.571Z"
"0614_27102025_Day6_Wh_PFD100_P31_y0-x0_B0000597","batch4L|P31_y0-x0","27102025","Day6","batch4L","Wh","PFD100","P31_y0-x0","B0000597.jpg","142.8108333333333","L36 + small200 + crescent","Original photo","440.8096","well","2026-07-14T08:13:58.571Z"
"0615_27102025_Day7_Wh_PFD100_P31_y0-x0_B0000605","batch4L|P31_y0-x0","27102025","Day7","batch4L","Wh","PFD100","P31_y0-x0","B0000605.jpg","166.9036111111111","L36 + small200 + crescent","Original photo","517.4368","well","2026-07-14T08:13:58.571Z"
"0616_27102025_Day0_Wh_PFD100_P31_y1-x1_B0000549","batch4L|P31_y1-x1","27102025","Day0","batch4L","Wh","PFD100","P31_y1-x1","B0000549.jpg","0","L36 + redOR + small500 + stronger reflection + root","Original photo","143.8128","well","2026-07-14T08:14:30.749Z"
"0617_27102025_Day1_Wh_PFD100_P31_y1-x1_B0000557","batch4L|P31_y1-x1","27102025","Day1","batch4L","Wh","PFD100","P31_y1-x1","B0000557.jpg","23.05027777777778","L36 + redOR + small500 + stronger reflection + root","Original photo","197.8608","well","2026-07-14T08:14:30.749Z"
"0618_27102025_Day2_Wh_PFD100_P31_y1-x1_B0000565","batch4L|P31_y1-x1","27102025","Day2","batch4L","Wh","PFD100","P31_y1-x1","B0000565.jpg","46.95555555555556","L36 + redOR + small500 + stronger reflection + root","Original photo","212.0512","image","2026-07-14T08:14:38.823Z"
"0619_27102025_Day3_Wh_PFD100_P31_y1-x1_B0000573","batch4L|P31_y1-x1","27102025","Day3","batch4L","Wh","PFD100","P31_y1-x1","B0000573.jpg","71.5375","L36 + redOR + small500 + stronger reflection + root","Original photo","262.0784","well","2026-07-14T08:14:30.749Z"
"0620_27102025_Day4_Wh_PFD100_P31_y1-x1_B0000581","batch4L|P31_y1-x1","27102025","Day4","batch4L","Wh","PFD100","P31_y1-x1","B0000581.jpg","94.87611111111111","L36 + redOR + small500 + stronger reflection + root","Original photo","317.984","well","2026-07-14T08:14:30.749Z"
"0621_27102025_Day5_Wh_PFD100_P31_y1-x1_B0000589","batch4L|P31_y1-x1","27102025","Day5","batch4L","Wh","PFD100","P31_y1-x1","B0000589.jpg","119.06083333333332","L36 + redOR + small500 + stronger reflection + root","Original photo","386.448","well","2026-07-14T08:14:30.749Z"
"0622_27102025_Day6_Wh_PFD100_P31_y1-x1_B0000597","batch4L|P31_y1-x1","27102025","Day6","batch4L","Wh","PFD100","P31_y1-x1","B0000597.jpg","142.8108333333333","L36 + redOR + small500 + stronger reflection + root","Original photo","446.8768","well","2026-07-14T08:14:30.749Z"
"0623_27102025_Day7_Wh_PFD100_P31_y1-x1_B0000605","batch4L|P31_y1-x1","27102025","Day7","batch4L","Wh","PFD100","P31_y1-x1","B0000605.jpg","166.9036111111111","L36 + small200 + crescent","Original photo","500.0496","image","2026-07-14T08:15:01.375Z"
"0624_03112025_Day0_Wh_PFD100_P43_y0-x0_B0000616","batch5L|P43_y0-x0","03112025","Day0","batch5L","Wh","PFD100","P43_y0-x0","B0000616.jpg","0.0130555555555555","L36 + small500 + stronger reflection + root","Original photo","169.672","image","2026-07-14T08:15:26.675Z"
"0625_03112025_Day1_Wh_PFD100_P43_y0-x0_B0000630","batch5L|P43_y0-x0","03112025","Day1","batch5L","Wh","PFD100","P43_y0-x0","B0000630.jpg","22.995555555555555","Main current","Original photo","187.7088","image","2026-07-14T08:15:37.272Z"
"0626_03112025_Day2_Wh_PFD100_P43_y0-x0_B0000642","batch5L|P43_y0-x0","03112025","Day2","batch5L","Wh","PFD100","P43_y0-x0","B0000642.jpg","46.969722222222224","Main current","Original photo","238.4368","well",""
"0627_03112025_Day3_Wh_PFD100_P43_y0-x0_B0000654","batch5L|P43_y0-x0","03112025","Day3","batch5L","Wh","PFD100","P43_y0-x0","B0000654.jpg","70.85888888888888","Main current","Original photo","292.2224","well",""
"0628_03112025_Day4_Wh_PFD100_P43_y0-x0_B0000666","batch5L|P43_y0-x0","03112025","Day4","batch5L","Wh","PFD100","P43_y0-x0","B0000666.jpg","94.91111111111113","Main current","Original photo","338.8016","well",""
"0629_03112025_Day5_Wh_PFD100_P43_y0-x0_B0000678","batch5L|P43_y0-x0","03112025","Day5","batch5L","Wh","PFD100","P43_y0-x0","B0000678.jpg","118.81777777777778","Main current","Original photo","378.1616","well",""
"0630_03112025_Day6_Wh_PFD100_P43_y0-x0_B0000690","batch5L|P43_y0-x0","03112025","Day6","batch5L","Wh","PFD100","P43_y0-x0","B0000690.jpg","142.66361111111112","Main current","Original photo","437.1616","well",""
"0631_03112025_Day7_Wh_PFD100_P43_y0-x0_B0000702","batch5L|P43_y0-x0","03112025","Day7","batch5L","Wh","PFD100","P43_y0-x0","B0000702.jpg","166.85472222222222","Main current","Original photo","567.0128","well",""
"0632_03112025_Day0_Wh_PFD100_P43_y0-x2_B0000616","batch5L|P43_y0-x2","03112025","Day0","batch5L","Wh","PFD100","P43_y0-x2","B0000616.jpg","0.0130555555555555","L36 only","Original photo","140.112","image","2026-07-14T08:16:11.201Z"
"0633_03112025_Day1_Wh_PFD100_P43_y0-x2_B0000630","batch5L|P43_y0-x2","03112025","Day1","batch5L","Wh","PFD100","P43_y0-x2","B0000630.jpg","22.995555555555555","Main current","Original photo","151.8784","image","2026-07-14T08:16:13.653Z"
"0634_03112025_Day2_Wh_PFD100_P43_y0-x2_B0000642","batch5L|P43_y0-x2","03112025","Day2","batch5L","Wh","PFD100","P43_y0-x2","B0000642.jpg","46.969722222222224","Main current","Original photo","181.5104","image","2026-07-14T08:16:19.124Z"
"0635_03112025_Day3_Wh_PFD100_P43_y0-x2_B0000654","batch5L|P43_y0-x2","03112025","Day3","batch5L","Wh","PFD100","P43_y0-x2","B0000654.jpg","70.85888888888888","L36 + redOR + small500 + stronger reflection + root","Original photo","269.8416","image","2026-07-14T08:16:26.345Z"
"0636_03112025_Day4_Wh_PFD100_P43_y0-x2_B0000666","batch5L|P43_y0-x2","03112025","Day4","batch5L","Wh","PFD100","P43_y0-x2","B0000666.jpg","94.91111111111113","L36 + small200 + crescent","Original photo","320.6768","image","2026-07-14T08:16:33.770Z"
"0637_03112025_Day5_Wh_PFD100_P43_y0-x2_B0000678","batch5L|P43_y0-x2","03112025","Day5","batch5L","Wh","PFD100","P43_y0-x2","B0000678.jpg","118.81777777777778","L36 + small200 + crescent","Original photo","392.008","image","2026-07-14T08:16:40.594Z"
"0638_03112025_Day6_Wh_PFD100_P43_y0-x2_B0000690","batch5L|P43_y0-x2","03112025","Day6","batch5L","Wh","PFD100","P43_y0-x2","B0000690.jpg","142.66361111111112","L36 + redOR + small500 + stronger reflection + root","Original photo","431.4576","image","2026-07-14T08:16:48.531Z"
"0639_03112025_Day7_Wh_PFD100_P43_y0-x2_B0000702","batch5L|P43_y0-x2","03112025","Day7","batch5L","Wh","PFD100","P43_y0-x2","B0000702.jpg","166.85472222222222","L36 + redOR + small500 + stronger reflection + root","Original photo","559.936","image","2026-07-14T08:16:58.121Z"
"0640_03112025_Day0_Wh_PFD100_P43_y1-x1_B0000616","batch5L|P43_y1-x1","03112025","Day0","batch5L","Wh","PFD100","P43_y1-x1","B0000616.jpg","0.0130555555555555","L36 + small200 + crescent","Original photo","145.6496","image","2026-07-14T08:17:06.848Z"
"0641_03112025_Day1_Wh_PFD100_P43_y1-x1_B0000630","batch5L|P43_y1-x1","03112025","Day1","batch5L","Wh","PFD100","P43_y1-x1","B0000630.jpg","22.995555555555555","L36 + small200 + crescent","Original photo","232.4368","image","2026-07-14T08:17:21.758Z"
"0642_03112025_Day2_Wh_PFD100_P43_y1-x1_B0000642","batch5L|P43_y1-x1","03112025","Day2","batch5L","Wh","PFD100","P43_y1-x1","B0000642.jpg","46.969722222222224","L36 + redOR + small500 + stronger reflection + root","Original photo","260.9248","image","2026-07-14T08:17:34.118Z"
"0643_03112025_Day3_Wh_PFD100_P43_y1-x1_B0000654","batch5L|P43_y1-x1","03112025","Day3","batch5L","Wh","PFD100","P43_y1-x1","B0000654.jpg","70.85888888888888","L36 + small200 + crescent","Original photo","306.5696","image","2026-07-14T08:17:41.359Z"
"0644_03112025_Day4_Wh_PFD100_P43_y1-x1_B0000666","batch5L|P43_y1-x1","03112025","Day4","batch5L","Wh","PFD100","P43_y1-x1","B0000666.jpg","94.91111111111113","L36 + small500 + stronger reflection + root","Original photo","346.0832","image","2026-07-14T08:17:52.201Z"
"0645_03112025_Day5_Wh_PFD100_P43_y1-x1_B0000678","batch5L|P43_y1-x1","03112025","Day5","batch5L","Wh","PFD100","P43_y1-x1","B0000678.jpg","118.81777777777778","L36 + small500 + stronger reflection + root","Original photo","398.7648","image","2026-07-14T08:18:03.528Z"
"0646_03112025_Day6_Wh_PFD100_P43_y1-x1_B0000690","batch5L|P43_y1-x1","03112025","Day6","batch5L","Wh","PFD100","P43_y1-x1","B0000690.jpg","142.66361111111112","L36 + small500 + stronger reflection + root","Original photo","491.3824","image","2026-07-14T08:18:05.048Z"
"0647_03112025_Day7_Wh_PFD100_P43_y1-x1_B0000702","batch5L|P43_y1-x1","03112025","Day7","batch5L","Wh","PFD100","P43_y1-x1","B0000702.jpg","166.85472222222222","L36 + small500 + stronger reflection + root","Original photo","596.6272","image","2026-07-14T08:18:20.158Z"
"0648_13102025_Day0_Wh_PFD1000_P11_y0-x2_B0000400","batch2L|P11_y0-x2","13102025","Day0","batch2L","Wh","PFD1000","P11_y0-x2","B0000400.jpg","0.0169444444444444","L36 + small200 + crescent","Original photo","71.7904","image","2026-07-14T08:19:02.144Z"
"0649_13102025_Day1_Wh_PFD1000_P11_y0-x2_B0000423","batch2L|P11_y0-x2","13102025","Day1","batch2L","Wh","PFD1000","P11_y0-x2","B0000423.jpg","26.182777777777776","L36 + redOR + small500 + stronger reflection + root","Original photo","127.8832","image","2026-07-14T08:19:12.468Z"
"0650_13102025_Day2_Wh_PFD1000_P11_y0-x2_B0000427","batch2L|P11_y0-x2","13102025","Day2","batch2L","Wh","PFD1000","P11_y0-x2","B0000427.jpg","46.85472222222222","L36 only","Original photo","185.712","image","2026-07-14T08:19:16.990Z"
"0651_13102025_Day3_Wh_PFD1000_P11_y0-x2_B0000435","batch2L|P11_y0-x2","13102025","Day3","batch2L","Wh","PFD1000","P11_y0-x2","B0000435.jpg","70.77916666666667","L36 + small200 + crescent","Original photo","265.6832","image","2026-07-14T08:19:23.479Z"
"0652_13102025_Day4_Wh_PFD1000_P11_y0-x2_B0000443","batch2L|P11_y0-x2","13102025","Day4","batch2L","Wh","PFD1000","P11_y0-x2","B0000443.jpg","94.75777777777778","L36 + small200 + crescent","Original photo","372.6848","image","2026-07-14T08:19:28.350Z"
"0653_13102025_Day5_Wh_PFD1000_P11_y0-x2_B0000451","batch2L|P11_y0-x2","13102025","Day5","batch2L","Wh","PFD1000","P11_y0-x2","B0000451.jpg","118.73305555555557","L36 + small500 + stronger reflection + root","Original photo","549.7728","image","2026-07-14T08:19:36.902Z"
"0654_13102025_Day6_Wh_PFD1000_P11_y0-x2_B0000455","batch2L|P11_y0-x2","13102025","Day6","batch2L","Wh","PFD1000","P11_y0-x2","B0000455.jpg","142.84305555555557","L36 + redOR + small500 + stronger reflection + root","Original photo","717.4352","image","2026-07-14T08:19:41.973Z"
"0655_13102025_Day7_Wh_PFD1000_P11_y0-x2_B0000459","batch2L|P11_y0-x2","13102025","Day7","batch2L","Wh","PFD1000","P11_y0-x2","B0000459.jpg","166.69972222222222","L36 + small500 + stronger reflection + root","Original photo","831.6832","image","2026-07-14T08:19:53.218Z"
"0656_13102025_Day0_Wh_PFD1000_P11_y1-x0_B0000400","batch2L|P11_y1-x0","13102025","Day0","batch2L","Wh","PFD1000","P11_y1-x0","B0000400.jpg","0.0169444444444444","L36 only","Original photo","71.6096","image","2026-07-14T08:20:33.696Z"
"0657_13102025_Day1_Wh_PFD1000_P11_y1-x0_B0000423","batch2L|P11_y1-x0","13102025","Day1","batch2L","Wh","PFD1000","P11_y1-x0","B0000423.jpg","26.182777777777776","L36 only","Original photo","103.9632","image","2026-07-14T08:20:44.212Z"
"0658_13102025_Day2_Wh_PFD1000_P11_y1-x0_B0000427","batch2L|P11_y1-x0","13102025","Day2","batch2L","Wh","PFD1000","P11_y1-x0","B0000427.jpg","46.85472222222222","L36 only","Original photo","130.4128","image","2026-07-14T08:20:46.730Z"
"0659_13102025_Day3_Wh_PFD1000_P11_y1-x0_B0000435","batch2L|P11_y1-x0","13102025","Day3","batch2L","Wh","PFD1000","P11_y1-x0","B0000435.jpg","70.77916666666667","L36 + small200 + crescent","Original photo","195.8464","image","2026-07-14T08:21:02.562Z"
"0660_13102025_Day4_Wh_PFD1000_P11_y1-x0_B0000443","batch2L|P11_y1-x0","13102025","Day4","batch2L","Wh","PFD1000","P11_y1-x0","B0000443.jpg","94.75777777777778","L36 + small200 + crescent","Original photo","310.136","image","2026-07-14T08:21:04.830Z"
"0661_13102025_Day5_Wh_PFD1000_P11_y1-x0_B0000451","batch2L|P11_y1-x0","13102025","Day5","batch2L","Wh","PFD1000","P11_y1-x0","B0000451.jpg","118.73305555555557","L36 + small200 + crescent","Original photo","430.9776","image","2026-07-14T08:21:11.503Z"
"0662_13102025_Day6_Wh_PFD1000_P11_y1-x0_B0000455","batch2L|P11_y1-x0","13102025","Day6","batch2L","Wh","PFD1000","P11_y1-x0","B0000455.jpg","142.84305555555557","L36 + small200 + crescent","Original photo","641.5664","image","2026-07-14T08:21:13.238Z"
"0663_13102025_Day7_Wh_PFD1000_P11_y1-x0_B0000459","batch2L|P11_y1-x0","13102025","Day7","batch2L","Wh","PFD1000","P11_y1-x0","B0000459.jpg","166.69972222222222","L36 + small200 + crescent","Original photo","764.7552","image","2026-07-14T08:21:18.356Z"
"0664_13102025_Day0_Wh_PFD1000_P12_y0-x1_B0000401","batch2L|P12_y0-x1","13102025","Day0","batch2L","Wh","PFD1000","P12_y0-x1","B0000401.jpg","0.0222222222222222","L36 + redOR + small500 + stronger reflection + root","Original photo","94.7168","well","2026-07-14T08:21:41.208Z"
"0665_13102025_Day1_Wh_PFD1000_P12_y0-x1_B0000424","batch2L|P12_y0-x1","13102025","Day1","batch2L","Wh","PFD1000","P12_y0-x1","B0000424.jpg","26.189722222222223","L36 + redOR + small500 + stronger reflection + root","Original photo","176.7936","well","2026-07-14T08:21:41.208Z"
"0666_13102025_Day2_Wh_PFD1000_P12_y0-x1_B0000428","batch2L|P12_y0-x1","13102025","Day2","batch2L","Wh","PFD1000","P12_y0-x1","B0000428.jpg","46.86","L36 + redOR + small500 + stronger reflection + root","Original photo","229.1248","well","2026-07-14T08:21:41.208Z"
"0667_13102025_Day3_Wh_PFD1000_P12_y0-x1_B0000436","batch2L|P12_y0-x1","13102025","Day3","batch2L","Wh","PFD1000","P12_y0-x1","B0000436.jpg","70.7911111111111","L36 + redOR + small500 + stronger reflection + root","Original photo","368.8896","well","2026-07-14T08:21:41.208Z"
"0668_13102025_Day4_Wh_PFD1000_P12_y0-x1_B0000444","batch2L|P12_y0-x1","13102025","Day4","batch2L","Wh","PFD1000","P12_y0-x1","B0000444.jpg","94.76444444444444","L36 + redOR + small500 + stronger reflection + root","Original photo","531.5408","well","2026-07-14T08:21:41.208Z"
"0669_13102025_Day5_Wh_PFD1000_P12_y0-x1_B0000452","batch2L|P12_y0-x1","13102025","Day5","batch2L","Wh","PFD1000","P12_y0-x1","B0000452.jpg","118.74666666666668","L36 + redOR + small500 + stronger reflection + root","Original photo","735.1776","well","2026-07-14T08:21:41.208Z"
"0670_13102025_Day6_Wh_PFD1000_P12_y0-x1_B0000456","batch2L|P12_y0-x1","13102025","Day6","batch2L","Wh","PFD1000","P12_y0-x1","B0000456.jpg","142.84777777777776","L36 + redOR + small500 + stronger reflection + root","Original photo","862.3616","well","2026-07-14T08:21:41.208Z"
"0671_13102025_Day7_Wh_PFD1000_P12_y0-x1_B0000460","batch2L|P12_y0-x1","13102025","Day7","batch2L","Wh","PFD1000","P12_y0-x1","B0000460.jpg","166.71305555555554","L36 + redOR + small500 + stronger reflection + root","Original photo","959.064","well","2026-07-14T08:21:41.208Z"
"0672_13102025_Day0_Wh_PFD1000_P12_y1-x2_B0000401","batch2L|P12_y1-x2","13102025","Day0","batch2L","Wh","PFD1000","P12_y1-x2","B0000401.jpg","0.0222222222222222","L36 + small200 + crescent","Original photo","86.624","well","2026-07-14T08:22:08.180Z"
"0673_13102025_Day1_Wh_PFD1000_P12_y1-x2_B0000424","batch2L|P12_y1-x2","13102025","Day1","batch2L","Wh","PFD1000","P12_y1-x2","B0000424.jpg","26.189722222222223","L36 + small200 + crescent","Original photo","152.68","well","2026-07-14T08:22:08.180Z"
"0674_13102025_Day2_Wh_PFD1000_P12_y1-x2_B0000428","batch2L|P12_y1-x2","13102025","Day2","batch2L","Wh","PFD1000","P12_y1-x2","B0000428.jpg","46.86","L36 + small200 + crescent","Original photo","203.8752","well","2026-07-14T08:22:08.180Z"
"0675_13102025_Day3_Wh_PFD1000_P12_y1-x2_B0000436","batch2L|P12_y1-x2","13102025","Day3","batch2L","Wh","PFD1000","P12_y1-x2","B0000436.jpg","70.7911111111111","L36 + small200 + crescent","Original photo","308.8096","well","2026-07-14T08:22:08.180Z"
"0676_13102025_Day4_Wh_PFD1000_P12_y1-x2_B0000444","batch2L|P12_y1-x2","13102025","Day4","batch2L","Wh","PFD1000","P12_y1-x2","B0000444.jpg","94.76444444444444","L36 + small200 + crescent","Original photo","449.3392","well","2026-07-14T08:22:08.180Z"
"0677_13102025_Day5_Wh_PFD1000_P12_y1-x2_B0000452","batch2L|P12_y1-x2","13102025","Day5","batch2L","Wh","PFD1000","P12_y1-x2","B0000452.jpg","118.74666666666668","L36 + small200 + crescent","Original photo","634.6912","well","2026-07-14T08:22:08.180Z"
"0678_13102025_Day6_Wh_PFD1000_P12_y1-x2_B0000456","batch2L|P12_y1-x2","13102025","Day6","batch2L","Wh","PFD1000","P12_y1-x2","B0000456.jpg","142.84777777777776","L36 + small200 + crescent","Original photo","808.2256","well","2026-07-14T08:22:08.180Z"
"0679_13102025_Day7_Wh_PFD1000_P12_y1-x2_B0000460","batch2L|P12_y1-x2","13102025","Day7","batch2L","Wh","PFD1000","P12_y1-x2","B0000460.jpg","166.71305555555554","L36 + small200 + crescent","Original photo","915.8992","well","2026-07-14T08:22:08.180Z"
"0680_27102025_Day0_Wh_PFD1000_P32_y0-x0_B0000550","batch4L|P32_y0-x0","27102025","Day0","batch4L","Wh","PFD1000","P32_y0-x0","B0000550.jpg","0.0138888888888888","L36 + small200 + crescent","Original photo","133.8464","well","2026-07-14T08:22:28.713Z"
"0681_27102025_Day1_Wh_PFD1000_P32_y0-x0_B0000558","batch4L|P32_y0-x0","27102025","Day1","batch4L","Wh","PFD1000","P32_y0-x0","B0000558.jpg","23.065277777777776","L36 + small200 + crescent","Original photo","215.7632","well","2026-07-14T08:22:28.713Z"
"0682_27102025_Day2_Wh_PFD1000_P32_y0-x0_B0000566","batch4L|P32_y0-x0","27102025","Day2","batch4L","Wh","PFD1000","P32_y0-x0","B0000566.jpg","46.96305555555556","L36 + small200 + crescent","Original photo","305.04","well","2026-07-14T08:22:28.713Z"
"0683_27102025_Day3_Wh_PFD1000_P32_y0-x0_B0000574","batch4L|P32_y0-x0","27102025","Day3","batch4L","Wh","PFD1000","P32_y0-x0","B0000574.jpg","71.55166666666666","L36 + small200 + crescent","Original photo","434.4144","well","2026-07-14T08:22:28.713Z"
"0684_27102025_Day4_Wh_PFD1000_P32_y0-x0_B0000582","batch4L|P32_y0-x0","27102025","Day4","batch4L","Wh","PFD1000","P32_y0-x0","B0000582.jpg","94.88305555555556","L36 + small200 + crescent","Original photo","592.5216","well","2026-07-14T08:22:28.713Z"
"0685_27102025_Day5_Wh_PFD1000_P32_y0-x0_B0000590","batch4L|P32_y0-x0","27102025","Day5","batch4L","Wh","PFD1000","P32_y0-x0","B0000590.jpg","119.07888888888888","L36 + small200 + crescent","Original photo","806.7312","well","2026-07-14T08:22:28.713Z"
"0686_27102025_Day6_Wh_PFD1000_P32_y0-x0_B0000598","batch4L|P32_y0-x0","27102025","Day6","batch4L","Wh","PFD1000","P32_y0-x0","B0000598.jpg","142.82111111111112","L36 + small200 + crescent","Original photo","821.64","image","2026-07-14T08:24:02.244Z"
"0687_27102025_Day7_Wh_PFD1000_P32_y0-x0_B0000606","batch4L|P32_y0-x0","27102025","Day7","batch4L","Wh","PFD1000","P32_y0-x0","B0000606.jpg","166.90944444444443","Main current","Original photo","804.0352","image","2026-07-14T08:24:12.503Z"
"0688_27102025_Day0_Wh_PFD1000_P32_y1-x1_B0000550","batch4L|P32_y1-x1","27102025","Day0","batch4L","Wh","PFD1000","P32_y1-x1","B0000550.jpg","0.0138888888888888","L36 only","Original photo","124.2592","well","2026-07-14T08:24:22.893Z"
"0689_27102025_Day1_Wh_PFD1000_P32_y1-x1_B0000558","batch4L|P32_y1-x1","27102025","Day1","batch4L","Wh","PFD1000","P32_y1-x1","B0000558.jpg","23.065277777777776","L36 only","Original photo","176.56","well","2026-07-14T08:24:22.893Z"
"0690_27102025_Day2_Wh_PFD1000_P32_y1-x1_B0000566","batch4L|P32_y1-x1","27102025","Day2","batch4L","Wh","PFD1000","P32_y1-x1","B0000566.jpg","46.96305555555556","L36 only","Original photo","262.5136","well","2026-07-14T08:24:22.893Z"
"0691_27102025_Day3_Wh_PFD1000_P32_y1-x1_B0000574","batch4L|P32_y1-x1","27102025","Day3","batch4L","Wh","PFD1000","P32_y1-x1","B0000574.jpg","71.55166666666666","L36 only","Original photo","359.0448","well","2026-07-14T08:24:22.893Z"
"0692_27102025_Day4_Wh_PFD1000_P32_y1-x1_B0000582","batch4L|P32_y1-x1","27102025","Day4","batch4L","Wh","PFD1000","P32_y1-x1","B0000582.jpg","94.88305555555556","L36 only","Original photo","494.5696","well","2026-07-14T08:24:22.893Z"
"0693_27102025_Day5_Wh_PFD1000_P32_y1-x1_B0000590","batch4L|P32_y1-x1","27102025","Day5","batch4L","Wh","PFD1000","P32_y1-x1","B0000590.jpg","119.07888888888888","L36 only","Original photo","668.4832","well","2026-07-14T08:24:22.893Z"
"0694_27102025_Day6_Wh_PFD1000_P32_y1-x1_B0000598","batch4L|P32_y1-x1","27102025","Day6","batch4L","Wh","PFD1000","P32_y1-x1","B0000598.jpg","142.82111111111112","L36 only","Original photo","787.1904","well","2026-07-14T08:24:22.893Z"
"0695_27102025_Day7_Wh_PFD1000_P32_y1-x1_B0000606","batch4L|P32_y1-x1","27102025","Day7","batch4L","Wh","PFD1000","P32_y1-x1","B0000606.jpg","166.90944444444443","Main current","Original photo","801.568","image","2026-07-14T08:25:08.367Z"
"0696_03112025_Day0_Wh_PFD1000_P44_y0-x0_B0000621","batch5L|P44_y0-x0","03112025","Day0","batch5L","Wh","PFD1000","P44_y0-x0","B0000621.jpg","0.0563888888888888","L36 only","Original photo","144.7568","well","2026-07-14T08:25:12.785Z"
"0697_03112025_Day1_Wh_PFD1000_P44_y0-x0_B0000633","batch5L|P44_y0-x0","03112025","Day1","batch5L","Wh","PFD1000","P44_y0-x0","B0000633.jpg","23.029444444444444","L36 only","Original photo","232.064","well","2026-07-14T08:25:12.785Z"
"0698_03112025_Day2_Wh_PFD1000_P44_y0-x0_B0000645","batch5L|P44_y0-x0","03112025","Day2","batch5L","Wh","PFD1000","P44_y0-x0","B0000645.jpg","47.02222222222223","L36 only","Original photo","318.8864","well","2026-07-14T08:25:12.785Z"
"0699_03112025_Day3_Wh_PFD1000_P44_y0-x0_B0000657","batch5L|P44_y0-x0","03112025","Day3","batch5L","Wh","PFD1000","P44_y0-x0","B0000657.jpg","70.88833333333334","L36 only","Original photo","414.4752","well","2026-07-14T08:25:12.785Z"
"0700_03112025_Day4_Wh_PFD1000_P44_y0-x0_B0000669","batch5L|P44_y0-x0","03112025","Day4","batch5L","Wh","PFD1000","P44_y0-x0","B0000669.jpg","94.99416666666669","L36 only","Original photo","556.1072","well","2026-07-14T08:25:12.785Z"
"0701_03112025_Day5_Wh_PFD1000_P44_y0-x0_B0000681","batch5L|P44_y0-x0","03112025","Day5","batch5L","Wh","PFD1000","P44_y0-x0","B0000681.jpg","118.84027777777776","L36 only","Original photo","746.6816","well","2026-07-14T08:25:12.785Z"
"0702_03112025_Day6_Wh_PFD1000_P44_y0-x0_B0000693","batch5L|P44_y0-x0","03112025","Day6","batch5L","Wh","PFD1000","P44_y0-x0","B0000693.jpg","142.68972222222223","L36 only","Original photo","858.8912","well","2026-07-14T08:25:12.785Z"
"0703_03112025_Day7_Wh_PFD1000_P44_y0-x0_B0000705","batch5L|P44_y0-x0","03112025","Day7","batch5L","Wh","PFD1000","P44_y0-x0","B0000705.jpg","166.88583333333332","L36 only","Original photo","867.2624","well","2026-07-14T08:25:12.785Z"
"0704_03112025_Day0_Wh_PFD1000_P44_y0-x2_B0000621","batch5L|P44_y0-x2","03112025","Day0","batch5L","Wh","PFD1000","P44_y0-x2","B0000621.jpg","0.0563888888888888","L36 only","Original photo","113.5248","well","2026-07-14T08:25:34.152Z"
"0705_03112025_Day1_Wh_PFD1000_P44_y0-x2_B0000633","batch5L|P44_y0-x2","03112025","Day1","batch5L","Wh","PFD1000","P44_y0-x2","B0000633.jpg","23.029444444444444","L36 only","Original photo","197.424","well","2026-07-14T08:25:34.152Z"
"0706_03112025_Day2_Wh_PFD1000_P44_y0-x2_B0000645","batch5L|P44_y0-x2","03112025","Day2","batch5L","Wh","PFD1000","P44_y0-x2","B0000645.jpg","47.02222222222223","L36 only","Original photo","246.2944","well","2026-07-14T08:25:34.152Z"
"0707_03112025_Day3_Wh_PFD1000_P44_y0-x2_B0000657","batch5L|P44_y0-x2","03112025","Day3","batch5L","Wh","PFD1000","P44_y0-x2","B0000657.jpg","70.88833333333334","L36 only","Original photo","303.0192","well","2026-07-14T08:25:34.152Z"
"0708_03112025_Day4_Wh_PFD1000_P44_y0-x2_B0000669","batch5L|P44_y0-x2","03112025","Day4","batch5L","Wh","PFD1000","P44_y0-x2","B0000669.jpg","94.99416666666669","L36 only","Original photo","410.9136","well","2026-07-14T08:25:34.152Z"
"0709_03112025_Day5_Wh_PFD1000_P44_y0-x2_B0000681","batch5L|P44_y0-x2","03112025","Day5","batch5L","Wh","PFD1000","P44_y0-x2","B0000681.jpg","118.84027777777776","L36 only","Original photo","520.9008","well","2026-07-14T08:25:34.152Z"
"0710_03112025_Day6_Wh_PFD1000_P44_y0-x2_B0000693","batch5L|P44_y0-x2","03112025","Day6","batch5L","Wh","PFD1000","P44_y0-x2","B0000693.jpg","142.68972222222223","L36 only","Original photo","655.4864","well","2026-07-14T08:25:34.152Z"
"0711_03112025_Day7_Wh_PFD1000_P44_y0-x2_B0000705","batch5L|P44_y0-x2","03112025","Day7","batch5L","Wh","PFD1000","P44_y0-x2","B0000705.jpg","166.88583333333332","L36 + small500 + stronger reflection + root","Original photo","739.2544","image","2026-07-14T08:26:10.233Z"
"0712_03112025_Day0_Wh_PFD1000_P44_y1-x1_B0000621","batch5L|P44_y1-x1","03112025","Day0","batch5L","Wh","PFD1000","P44_y1-x1","B0000621.jpg","0.0563888888888888","L36 only","Original photo","144.56","well","2026-07-14T08:26:19.856Z"
"0713_03112025_Day1_Wh_PFD1000_P44_y1-x1_B0000633","batch5L|P44_y1-x1","03112025","Day1","batch5L","Wh","PFD1000","P44_y1-x1","B0000633.jpg","23.029444444444444","L36 only","Original photo","215.3248","well","2026-07-14T08:26:19.856Z"
"0714_03112025_Day2_Wh_PFD1000_P44_y1-x1_B0000645","batch5L|P44_y1-x1","03112025","Day2","batch5L","Wh","PFD1000","P44_y1-x1","B0000645.jpg","47.02222222222223","L36 only","Original photo","306.4192","well","2026-07-14T08:26:19.856Z"
"0715_03112025_Day3_Wh_PFD1000_P44_y1-x1_B0000657","batch5L|P44_y1-x1","03112025","Day3","batch5L","Wh","PFD1000","P44_y1-x1","B0000657.jpg","70.88833333333334","L36 only","Original photo","387.112","well","2026-07-14T08:26:19.856Z"
"0716_03112025_Day4_Wh_PFD1000_P44_y1-x1_B0000669","batch5L|P44_y1-x1","03112025","Day4","batch5L","Wh","PFD1000","P44_y1-x1","B0000669.jpg","94.99416666666669","L36 only","Original photo","552.2832","well","2026-07-14T08:26:19.856Z"
"0717_03112025_Day5_Wh_PFD1000_P44_y1-x1_B0000681","batch5L|P44_y1-x1","03112025","Day5","batch5L","Wh","PFD1000","P44_y1-x1","B0000681.jpg","118.84027777777776","L36 only","Original photo","719.2576","well","2026-07-14T08:26:19.856Z"
"0718_03112025_Day6_Wh_PFD1000_P44_y1-x1_B0000693","batch5L|P44_y1-x1","03112025","Day6","batch5L","Wh","PFD1000","P44_y1-x1","B0000693.jpg","142.68972222222223","L36 only","Original photo","850.0496","well","2026-07-14T08:26:19.856Z"
"0719_03112025_Day7_Wh_PFD1000_P44_y1-x1_B0000705","batch5L|P44_y1-x1","03112025","Day7","batch5L","Wh","PFD1000","P44_y1-x1","B0000705.jpg","166.88583333333332","L36 only","Original photo","932.3104","well","2026-07-14T08:26:19.856Z"