OG,Sp,La,Laeq,Lgib,Wa,Wo
OG0000552,0.188509,0.600579,1.063385,0.752746,1.056065,1.270274
OG0000590,0.620744,0.724238,1.312353,0.959131,0.965994,0.963459
OG0000711,0.232487,0.375946,0.729705,0.588539,0.693806,0.929766
OG0000939,0.787284,0.251719,0.616682,0.472376,0.982232,1.166435
OG0001023,0.185048,0.452328,0.860958,0.678291,0.974280,1.207719
OG0001035,0.175719,0.621522,0.922572,0.778243,0.917495,1.012691
OG0001158,0.535953,1.038337,1.239727,1.073020,1.263958,1.409144
OG0001164,0.142991,0.474940,0.790876,0.521691,0.661303,0.809431
OG0001259,0.128184,0.591732,0.947867,0.785502,0.923354,0.999396
OG0001270,1.199263,1.542167,1.978979,1.856225,1.723053,1.666728
OG0001340,0.162309,0.545225,0.836550,0.607696,0.801626,0.937072
OG0001412,0.143750,0.546822,1.053447,0.578594,0.726787,0.949237
OG0001415,0.429082,0.654140,0.966307,0.813638,0.948692,1.071518
OG0001493,0.293017,0.575083,1.006433,0.839069,1.074267,1.616390
OG0001568,0.217614,0.671027,1.253378,0.925196,1.608631,1.581841
OG0001572,0.165426,0.653537,0.736699,0.565218,0.827464,0.780863
OG0001657,0.084326,1.385450,1.267385,1.106624,1.212923,1.401795
OG0001658,0.312889,0.755389,1.162477,0.741044,1.009164,1.260144
OG0001815,0.145599,0.183002,0.318009,0.307493,0.273538,0.313269
OG0001848,0.225530,0.667547,0.831894,0.635100,0.724706,0.862977
OG0001850,0.140897,0.754643,1.099611,0.874467,1.049444,1.321635
OG0001858,0.294346,0.639952,0.848400,0.734920,0.853157,0.946284
OG0001863,0.062995,0.828270,1.039919,0.849507,1.133652,1.145804
OG0001905,0.316008,0.800583,1.005441,0.819907,1.045994,1.266690
OG0001910,0.197255,0.628731,1.233902,1.018885,1.233815,1.456066
OG0001911,0.309549,1.142572,1.630129,1.267602,1.452626,1.512475
OG0002076,0.139133,0.562165,0.989446,0.665110,0.980934,0.942827
OG0002081,0.212935,0.587614,0.892658,1.768014,0.920749,1.053350
OG0002086,0.269638,0.699838,1.081568,0.896676,1.013208,1.188372
OG0002091,0.451228,0.661066,0.891066,0.625188,0.711701,1.042435
OG0002125,0.214258,0.503145,1.082798,0.837010,0.963540,0.970174
OG0002131,0.245937,1.329928,1.616539,1.223882,1.199251,1.472637
OG0002164,0.551321,0.778417,0.911392,0.884964,1.020558,1.083586
OG0002168,0.221777,0.807544,1.184877,0.735401,1.125430,1.334296
OG0002176,0.225893,0.595092,0.878641,0.672149,1.066998,1.289857
OG0002194,0.169712,0.626053,0.929839,0.699615,1.064672,1.373777
OG0002207,0.204897,0.585027,1.151480,0.827794,0.908615,0.945779
OG0002290,0.161114,0.632487,0.998316,0.816006,0.893475,1.014248
OG0002296,0.216175,0.788342,0.963985,0.958949,1.073939,1.294582
OG0002323,0.385532,0.514422,0.895424,0.871299,0.872066,0.899913
OG0002328,0.084194,0.546507,0.914622,0.764828,0.892394,1.014504
OG0002329,0.729339,0.403038,0.708684,0.426713,0.773761,0.706772
OG0002339,0.235451,0.591512,0.698811,0.629286,0.767265,0.779671
OG0002354,0.277615,0.825131,1.445287,1.237637,1.740319,2.230663
OG0002357,0.210462,0.644432,0.992331,0.760159,0.941931,1.020051
OG0002360,0.184846,0.605741,1.244951,0.760183,0.971161,1.102922
OG0002371,0.299042,0.493881,0.786372,0.609866,0.573689,0.637984
OG0002377,0.370149,0.974874,1.193158,0.887852,1.291425,1.246105
OG0002380,0.179772,0.728720,1.045797,0.769452,0.943263,1.339532
OG0002387,0.209654,1.180422,1.781789,1.422183,1.424678,1.568318
OG0002391,0.641390,0.713317,0.971357,0.980729,0.985393,0.962633
OG0002408,0.307625,0.608617,1.143611,0.861932,1.272547,1.503613
OG0002420,0.220824,1.061514,1.370769,1.165069,1.520899,1.843048
OG0002424,0.118645,0.538716,0.863441,0.665040,0.728221,0.949754
OG0002426,0.210112,0.717592,1.287458,0.894410,1.309430,1.379508
OG0002431,0.124298,0.562216,1.131573,0.846899,1.086516,1.215033
OG0002436,0.106509,0.522449,0.821484,0.775625,0.728477,0.771010
OG0002442,0.079943,0.286452,0.554533,0.655979,0.560891,0.532903
OG0002445,0.128761,0.471795,0.921932,0.728244,1.088096,1.385090
OG0002446,0.216343,0.677269,0.925739,0.756480,0.903541,1.043633
OG0002464,0.233890,1.015541,1.356392,1.090019,1.454320,1.812432
OG0002487,0.301271,0.611549,0.816249,0.861323,1.233555,1.244683
OG0002490,0.345361,0.685970,0.988345,0.702400,0.985940,1.089564
OG0002513,0.129231,0.148085,0.175881,0.101831,0.211319,0.281656
OG0002533,0.363708,0.564228,0.822133,0.772951,0.952166,1.017591
OG0002577,0.177242,1.095716,1.399654,1.006021,1.309172,1.442071
OG0002601,0.341402,0.907833,1.229618,1.016704,1.323773,1.569637
OG0002603,0.358983,0.673109,0.993499,0.804902,1.150416,1.171076
OG0002614,0.226801,0.585788,1.269989,2.314892,1.076450,1.346083
OG0002622,0.785341,0.504847,1.658423,1.260957,0.891386,1.458997
OG0002625,0.344459,0.726619,1.557627,1.089399,1.766521,1.318262
OG0002631,0.148932,0.876525,1.583002,1.209154,1.311539,1.578319
OG0002728,0.360027,1.418074,1.485176,1.159965,1.224588,1.470047
OG0002737,0.678539,0.408467,0.953325,0.668319,1.310894,1.715524
OG0002743,0.173898,0.729215,1.263437,0.732606,1.108728,1.217322
OG0002798,0.291370,0.664982,0.997512,0.998153,1.186439,1.364460
OG0002802,0.270451,0.686032,1.001324,0.788920,0.857828,1.106679
OG0002820,0.162133,0.733210,1.057961,0.936837,1.069750,1.364504
OG0002834,0.147158,0.661591,0.935666,0.585476,0.904563,1.025176
OG0002840,0.102205,0.378308,0.682182,0.611172,0.712105,0.805396
OG0002847,0.259218,1.043915,1.513156,1.468512,1.371843,1.900379
OG0002860,0.103327,0.396063,0.659077,0.512895,0.834464,0.723561
OG0002866,0.236104,1.022289,1.631917,2.365034,1.511628,1.656285
OG0002892,0.189363,0.673177,1.401996,1.085862,1.023468,1.253773
OG0002909,0.140824,0.523668,0.874621,0.703708,0.823472,0.847420
OG0002917,0.149346,0.495694,0.783923,0.609566,0.792135,0.838956
OG0002918,0.167207,0.478686,0.907567,0.571179,0.857928,1.123194
OG0002940,0.299360,0.431261,0.791951,0.706342,1.003294,1.210003
OG0002942,0.227224,0.474027,0.692319,0.720829,0.764490,0.910782
OG0002945,0.165449,1.264624,1.492699,1.095174,1.214951,1.365920
OG0002947,0.166418,0.702575,0.989756,0.765005,0.896267,1.020863
OG0002951,0.200487,0.632903,0.810871,0.731491,0.978665,1.022650
OG0002952,0.227464,0.802948,1.067661,0.687629,1.011844,1.127975
OG0002960,0.584465,0.610912,0.955310,0.914426,1.173250,1.199457
OG0002965,0.235610,0.616796,1.231337,1.016994,1.156159,1.362597
OG0002972,0.567711,0.563979,0.870645,0.718918,0.732434,0.827890
OG0002980,0.251728,0.658290,1.191770,0.927973,1.158005,1.316307
OG0002991,0.329940,2.626057,1.364467,1.177440,1.305679,1.423024
OG0002993,0.136564,0.631830,0.942489,0.874335,1.140827,0.958499
OG0002995,0.098786,0.606988,0.928949,0.765305,0.832461,0.940274
OG0003008,0.683122,0.886104,1.782516,1.616128,1.534491,1.630470
OG0003013,0.091686,0.479926,0.891396,0.602118,1.163086,1.376097
OG0003042,0.228550,0.592112,0.986725,0.705483,1.346168,1.474948
OG0003052,0.107288,0.292288,0.508142,0.970709,0.799796,0.653388
OG0003058,0.202008,0.520803,1.056396,0.644690,0.955735,1.124649
OG0003064,0.175075,0.725458,1.054299,0.996688,1.016218,1.225842
OG0003070,0.725724,0.479696,1.042701,0.794522,0.571668,0.715891
OG0003091,0.055871,0.113425,0.230640,0.202968,0.250566,0.271699
OG0003093,0.520412,0.434921,0.893063,0.682061,1.097751,1.053334
OG0003099,0.156833,0.595380,1.198856,0.638049,0.879020,1.112633
OG0003101,0.286128,0.299320,0.470510,0.387457,0.440614,0.666461
OG0003134,0.232303,0.774892,1.158257,0.862370,1.073327,1.304441
OG0003211,0.616129,0.511989,1.358606,0.896883,0.992332,1.224235
OG0003238,0.184456,0.752983,1.145716,0.942962,1.164023,1.531401
OG0003242,0.210038,0.374696,0.816551,0.678845,0.865785,0.931497
OG0003270,0.325968,0.916122,1.646203,1.451810,1.943271,2.347621
OG0003299,0.197040,0.900337,1.063053,0.836645,1.086276,1.306217
OG0003305,0.079595,0.319879,0.690188,0.601568,0.557567,0.689413
OG0003308,0.260193,0.621316,1.085025,0.895784,1.137125,1.216893
OG0003309,0.343466,1.006661,1.731229,1.354185,1.477806,1.692685
OG0003325,0.175739,0.748129,1.192343,1.005324,1.103046,1.630293
OG0003329,0.141477,0.277603,0.640350,0.586149,0.701425,0.730719
OG0003334,0.143872,0.590525,0.866782,0.718490,0.744864,0.872993
OG0003353,0.270301,0.617697,1.415041,1.033604,2.202635,2.005034
OG0003354,0.157706,0.598002,0.862994,0.811601,0.826575,1.078917
OG0003359,0.238403,0.574153,0.965400,0.708293,1.235114,1.469753
OG0003360,0.201614,0.529364,0.893395,0.831723,0.761764,1.084664
OG0003362,0.083321,0.240819,0.383674,0.252190,0.394561,0.469015
OG0003381,0.342782,0.397243,1.057795,0.688182,0.799128,1.192880
OG0003386,0.119351,0.684283,0.989099,0.844158,1.046296,1.212711
OG0003402,0.156490,0.492673,0.831819,0.795891,0.957171,1.069961
OG0003409,0.244347,0.764440,1.239655,1.295834,1.256972,1.460696
OG0003414,0.460166,0.486780,0.757888,0.606406,0.700398,1.129929
OG0003419,0.298097,1.104901,1.631403,1.206770,1.312447,1.521378
OG0003429,0.562311,0.788469,1.132514,0.996123,1.152433,1.378878
OG0003435,0.620759,0.864464,0.919420,0.704882,0.871161,1.001350
OG0003437,0.241628,0.758200,1.165159,0.977148,1.167222,1.346369
OG0003441,0.114046,0.374930,0.560096,0.499186,0.644295,0.712255
OG0003445,0.193525,0.657641,1.128947,1.725246,0.816368,1.087952
OG0003446,0.229682,0.449588,0.636698,1.047072,0.641929,0.813548
OG0003447,0.623862,0.736968,1.783775,0.968283,1.022610,1.377550
OG0003448,0.400181,2.010114,1.331921,1.527262,1.173972,1.332281
OG0003456,0.253992,0.608060,0.982462,1.386109,0.839151,0.907292
OG0003458,0.252472,0.605941,0.868591,0.587117,0.755612,0.778807
OG0003472,0.311702,1.033954,1.489955,1.113262,1.632895,2.057183
OG0003477,0.198952,0.466979,0.895943,0.809586,0.754959,0.882394
OG0003480,0.234905,0.440088,0.781357,0.621459,0.799507,0.865544
OG0003487,0.213614,0.545595,1.042213,0.677563,0.769560,1.016517
OG0003491,0.182969,0.818218,1.440572,1.065506,0.997723,1.230306
OG0003493,0.340455,1.371135,1.166037,1.009113,0.878243,1.270308
OG0003499,0.167326,0.787512,1.313531,1.055897,1.018349,1.308095
OG0003500,0.236972,0.551843,0.812197,0.649754,0.683003,0.867987
OG0003507,0.339632,0.803670,0.963331,0.731137,0.786491,1.046397
OG0003533,0.271925,0.534045,0.819493,0.785355,1.021963,1.016696
OG0003541,0.136345,0.753581,1.169118,0.864632,0.893759,0.963085
OG0003552,0.160144,0.978407,1.202213,1.192893,1.277531,1.537479
OG0003553,0.344674,1.352127,2.962580,2.025733,1.988315,3.876697
OG0003554,0.368064,0.425111,0.937552,0.614483,1.201362,1.296290
OG0003566,0.287144,0.635654,1.280575,0.999015,1.282847,1.466039
OG0003575,0.118091,0.331455,0.562637,0.398177,0.497235,0.605894
OG0003577,0.190759,0.533106,1.097625,0.807120,1.078047,1.066345
OG0003588,0.341221,1.041841,1.256294,1.086662,1.303061,1.469707
OG0003596,0.482733,0.582660,0.943347,0.787016,1.339457,1.738526
OG0003597,0.635542,0.572813,1.171577,0.794024,0.952863,1.199396
OG0003625,0.484315,0.379646,0.716335,1.027094,0.257451,0.523906
OG0003631,0.285934,0.819402,0.853144,0.634570,0.806922,0.873503
OG0003634,0.155057,0.456850,0.824438,0.619564,0.808709,0.838382
OG0003649,0.237115,0.669016,1.117351,0.850718,1.113688,1.535984
OG0003652,0.342764,0.993833,1.526599,1.290385,1.552431,1.681061
OG0003667,0.340407,0.669249,1.107047,0.634915,0.942862,1.096438
OG0003688,0.408186,1.452161,0.990377,1.329443,0.767861,0.923410
OG0003710,0.401853,0.938245,1.230382,1.057437,1.450683,1.592842
OG0003712,0.193496,0.568493,0.952694,0.571685,0.956940,1.121075
OG0003717,0.162211,0.860557,1.206611,0.918281,1.066647,1.514049
OG0003719,0.123000,0.599186,0.914011,0.746969,1.027205,1.165036
OG0003720,0.259320,0.891649,1.188984,0.954962,0.982381,1.220768
OG0003785,0.289476,0.847684,1.102510,1.012921,0.869813,1.150881
OG0003835,0.478229,1.428635,2.232750,1.690023,2.415250,2.699549
OG0003841,0.372534,0.780160,1.284095,1.133562,1.752268,1.985055
OG0003847,0.148391,0.296224,0.638674,0.502181,0.514624,0.571276
OG0003862,0.127131,0.900397,1.197433,0.878040,0.750377,0.859502
OG0003866,0.347283,0.807702,1.579678,1.201115,1.179090,1.282425
OG0003868,0.936691,0.344635,0.367693,0.306977,0.472233,0.646627
OG0003913,0.349106,1.190125,2.442239,1.790105,2.084207,2.747733
OG0003917,0.194076,0.413279,0.822365,0.584600,0.826864,0.989935
OG0003938,0.176479,0.535937,0.856164,0.626102,0.951934,1.067348
OG0003940,0.171410,0.770045,0.995442,0.939234,1.035924,1.373125
OG0003943,0.185457,0.692360,0.977399,0.843719,1.007923,1.102239
OG0003948,0.212091,0.359671,0.686677,0.605366,0.980476,1.251738
OG0003961,0.212938,0.749424,1.281223,1.046138,1.058511,1.537175
OG0003971,0.194952,0.414322,0.792045,0.627250,0.909126,1.061604
OG0003975,1.075671,0.656062,1.413796,1.007765,0.794067,0.929298
OG0003983,0.264203,0.586522,1.151766,0.984513,1.122972,1.283264
OG0004001,0.083341,0.338306,0.691944,0.591627,1.329826,1.025755
OG0004013,0.462436,0.452959,1.217011,1.095017,0.853901,1.435859
OG0004015,0.690677,0.657088,1.249541,0.980641,0.914917,1.057157
OG0004025,0.212806,0.935140,1.909234,1.393377,1.211475,1.704615
OG0004027,0.278562,0.585366,1.370199,0.957238,1.119432,1.471691
OG0004034,0.789746,0.663612,1.472418,1.366553,1.055353,1.082966
OG0004037,0.269863,0.784079,1.134284,0.928204,1.241382,1.301784
OG0004057,0.644093,0.653287,1.047879,0.837499,0.919033,1.028794
OG0004063,0.249542,0.290560,0.183271,0.721653,0.730768,1.060874
OG0004069,0.228682,0.759189,1.060456,0.774888,1.134449,1.190159
OG0004070,0.488877,0.681869,1.213655,0.946104,1.386063,1.515232
OG0004081,0.281633,0.649229,1.014535,0.708681,0.962118,1.085029
OG0004087,0.237461,0.684516,1.449266,0.940021,1.174832,1.410905
OG0004089,0.448000,0.508488,0.876315,0.658619,0.839026,0.902312
OG0004090,0.305598,0.762978,1.191872,1.031319,1.086965,1.200725
OG0004118,0.249309,1.519712,1.184122,1.387413,1.009545,1.048594
OG0004127,0.317746,0.105659,0.327459,0.276476,0.355858,0.423022
OG0004139,0.215358,0.824182,1.159862,0.898269,1.147286,1.381674
OG0004142,0.247703,0.820437,1.082025,0.848232,1.036054,1.173064
OG0004153,0.291375,0.572330,0.635935,0.479360,0.818974,0.849716
OG0004155,0.270989,0.664816,1.189617,0.927801,1.208211,1.520479
OG0004164,0.024778,0.374380,0.576743,0.496323,0.534476,0.702904
OG0004165,0.199444,0.610000,0.908760,0.691306,0.968924,1.092118
OG0004181,0.414478,0.817872,1.377276,1.090504,1.184401,1.506352
OG0004182,0.061427,0.440872,0.758615,0.605871,0.785244,0.793358
OG0004185,0.129908,0.722698,1.415136,1.080625,1.121370,1.427245
OG0004186,0.166752,0.783371,1.224931,0.901255,1.285282,1.438553
OG0004214,0.297896,1.228072,1.161518,0.901520,0.806765,0.973909
OG0004215,0.453165,0.393183,0.799556,0.728083,0.840515,0.972386
OG0004221,0.353899,1.248593,1.801150,1.626038,1.813158,2.136086
OG0004228,0.245975,0.776128,1.076133,0.768226,0.947038,1.150897
OG0004230,0.371201,0.566019,0.956721,0.722685,0.871337,0.968284
OG0004238,0.353067,0.753923,0.900939,0.789380,0.961368,1.299156
OG0004240,0.247775,0.492080,1.031253,0.656474,1.172957,1.392272
OG0004247,2.036484,1.458915,2.644378,2.232656,2.449579,2.907632
OG0004250,0.461355,0.856830,1.184382,0.989665,1.142021,1.449057
OG0004255,0.193705,0.844644,1.112262,0.958485,1.265771,1.568509
OG0004260,0.370307,0.795201,1.107989,1.009502,1.439836,1.391136
OG0004261,0.401251,1.045144,1.284727,0.755816,1.350390,1.556963
OG0004269,0.197250,0.660432,1.118617,0.735825,1.055302,1.161369
OG0004272,0.125638,0.691053,0.781573,0.594372,0.803203,0.945385
OG0004273,0.194938,0.676772,1.017190,0.939867,1.117520,1.309040
OG0004278,0.339105,0.998013,1.435442,1.129208,1.288660,1.437358
OG0004285,0.247014,0.489131,0.754959,0.633392,0.695211,0.838567
OG0004286,0.474009,0.923224,1.301378,1.090288,1.144707,1.511708
OG0004301,0.357356,0.460790,0.930694,0.516339,0.758453,0.881025
OG0004304,0.169574,0.699900,1.224893,0.996765,1.186971,1.789295
OG0004328,0.258460,0.607603,1.073817,0.859297,0.912275,1.160283
OG0004337,0.267536,0.665569,1.272766,1.023182,1.215746,1.405424
OG0004338,0.178516,0.643845,1.650416,0.989368,0.890536,0.929381
OG0004343,0.147842,0.351975,0.632474,0.557055,0.527380,0.578522
OG0004346,0.277890,0.685168,1.287425,0.858717,0.978206,1.251698
OG0004354,0.177369,0.328672,0.810456,0.599409,0.779013,1.321438
OG0004380,0.436452,0.666194,1.098196,0.874058,1.030095,1.217800
OG0004383,0.160279,0.624749,1.267887,0.914265,1.084071,1.437074
OG0004393,0.074272,0.546666,1.194174,0.860260,1.012876,1.267888
OG0004402,0.407935,0.681389,1.246918,0.970787,1.036266,1.183018
OG0004405,0.160874,0.498140,0.792702,0.573629,0.830725,0.948656
OG0004406,0.186936,0.473528,0.709656,0.593773,0.856397,0.888141
OG0004411,0.271299,0.520479,0.743415,0.524963,0.642107,0.989913
OG0004415,0.568430,0.658610,1.304446,1.040038,1.273776,1.572863
OG0004421,0.268819,0.759583,1.297084,0.958470,1.009299,1.193544
OG0004422,0.142799,0.480106,0.679599,0.572028,0.785048,0.886849
OG0004423,0.242591,0.546590,1.104379,0.814036,1.868644,2.152920
OG0004436,0.233912,1.030275,2.030844,1.474911,1.442894,1.716745
OG0004437,0.239475,0.646929,1.351063,0.944446,1.128990,1.205284
OG0004462,0.166891,0.559231,0.783306,0.624276,1.015019,1.108590
OG0004469,0.149257,0.531301,0.963805,0.812142,1.259724,1.565314
OG0004473,0.230627,0.487783,1.021151,0.655201,0.835609,0.968686
OG0004477,0.267330,0.492245,0.753087,0.615718,0.673330,0.629636
OG0004483,0.298503,0.610279,0.854478,0.675261,0.775315,0.789599
OG0004494,0.186990,0.330602,0.562852,0.462316,0.644952,0.766513
OG0004501,0.188114,0.890199,1.635834,1.251486,1.425539,1.673052
OG0004505,0.285928,0.531562,0.980406,0.867421,0.936323,0.995251
OG0004511,0.336791,1.089470,1.624238,1.338201,1.461933,1.686654
OG0004512,0.799844,0.534460,0.844251,0.695268,1.012195,1.209177
OG0004517,0.254644,0.891448,1.196366,1.089985,1.276284,1.588045
OG0004518,0.323485,1.001291,1.631870,1.333437,1.909296,2.139549
OG0004527,0.265801,0.399028,0.744653,0.561825,0.704044,0.825499
OG0004533,0.359960,0.650599,1.677819,0.987229,1.132565,1.448672
OG0004542,0.398931,0.737015,1.274775,1.119734,1.490312,1.730940
OG0004550,0.176990,0.464154,0.622879,0.567842,0.877888,1.113420
OG0004601,0.247168,0.542310,1.115734,0.867376,1.085740,1.409811
OG0004604,0.254321,0.559507,1.093760,0.910743,1.201026,1.583563
OG0004612,0.127434,0.557596,0.823701,0.800041,0.987052,0.957293
OG0004642,0.228095,0.602736,0.975176,0.876530,0.946470,1.339861
OG0004654,0.473666,0.460001,2.226722,0.949921,0.896564,1.113261
OG0004660,0.332465,0.763984,1.167721,0.997070,1.470556,1.423196
OG0004668,0.172185,1.121622,1.871370,1.593610,1.811557,2.219710
OG0004670,1.188749,0.563364,1.144585,1.232956,1.110491,1.444779
OG0004673,0.264743,0.502101,0.817863,0.737719,0.702132,0.877059
OG0004684,0.424177,0.597767,1.320153,1.086297,1.278750,1.872683
OG0004692,0.709658,0.779347,1.337680,1.396675,1.297259,1.553990
OG0004698,0.306721,0.699431,1.190620,0.874658,1.118285,1.830171
OG0004710,0.943835,0.641745,1.002639,0.873369,1.291748,3.133581
OG0004734,0.224862,0.703891,1.302318,1.129951,1.444309,2.016762
OG0004739,0.143496,1.334163,1.446058,1.505311,1.506162,2.006132
OG0004750,0.091955,0.751162,0.993787,0.813176,0.913137,0.999657
OG0004754,0.122271,0.423829,0.649320,0.450162,0.654022,0.808167
OG0004757,1.065970,0.227816,0.473622,0.317795,0.291202,0.453489
OG0004761,0.145399,0.458768,1.111092,0.656405,0.854946,1.084461
OG0004762,0.330710,0.696403,1.294532,1.090292,1.244823,1.311292
OG0004763,0.813866,0.834448,0.881751,0.939566,0.965488,1.090213
OG0004764,0.297270,0.508250,0.754942,0.608011,0.698348,0.691666
OG0004787,0.202187,0.452192,0.837546,0.862055,1.019917,1.251026
OG0004788,0.223840,0.739626,0.947796,0.672690,0.991903,1.383127
OG0004794,0.509961,0.676220,1.317138,0.859858,0.927781,1.358981
OG0004796,0.312488,0.546514,0.936922,0.666846,0.866027,1.036079
OG0004810,0.246281,0.611632,1.186331,0.790046,1.014806,1.203846
OG0004811,0.409694,0.623063,1.212862,0.900222,1.115503,1.373503
OG0004817,0.261517,0.773267,1.059498,0.867585,1.193588,1.448327
OG0004820,0.105879,0.395432,0.860143,0.659861,0.974690,1.187139
OG0004825,0.253678,0.499228,0.953702,0.883818,1.086239,1.356963
OG0004826,0.138465,0.587627,1.127111,0.798206,1.006777,1.260327
OG0004832,0.302904,1.153953,2.519644,2.066802,1.912773,2.071858
OG0004839,0.282774,0.645728,0.933556,0.514259,0.853370,1.275814
OG0004846,0.263707,0.864265,1.096469,0.840159,1.377872,1.301252
OG0004848,0.775842,0.772525,2.481443,1.370331,2.021809,4.071652
OG0004849,0.316515,0.647537,1.477962,1.131336,1.173856,1.594745
OG0004851,0.483837,0.701419,1.309874,1.116944,1.351266,1.787636
OG0004858,0.224622,0.475962,0.874885,0.717688,0.896547,0.939789
OG0004863,0.511299,0.761018,1.142588,1.032531,1.038080,1.071882
OG0004869,0.293688,0.367351,0.613392,0.607148,0.628208,0.786373
OG0004874,0.256339,0.625332,1.074427,0.812625,1.017136,1.302810
OG0004876,0.447981,0.481830,0.823687,0.720418,0.925007,1.144893
OG0004887,0.215610,0.719201,1.193796,1.018287,0.985906,1.020748
OG0004895,0.170781,0.614306,1.339087,1.000070,0.958266,1.329483
OG0004898,0.221787,0.610651,0.793340,0.513774,0.821028,0.844379
OG0004913,0.391329,0.957258,1.774432,1.000344,1.526290,2.285502
OG0004916,0.184630,0.557111,1.234875,0.773916,1.494979,2.032372
OG0004920,0.258921,0.735990,0.952350,0.787643,0.887799,1.037623
OG0004921,0.381599,1.122797,1.137049,1.180646,0.843681,0.860290
OG0004922,0.172683,0.604840,1.049827,0.723546,0.904884,1.111684
OG0004923,0.251152,0.701316,1.183247,0.969772,1.005880,1.304932
OG0004926,0.147755,0.374252,0.631766,0.515532,0.514525,0.686785
OG0004931,0.256341,0.837496,1.631209,0.906158,1.451506,2.054888
OG0004937,0.579026,0.389902,0.816579,0.564369,0.910838,0.929999
OG0004939,0.199155,0.540491,0.953718,0.740649,1.001772,1.103186
OG0004941,0.189335,0.541098,0.939421,0.663308,0.924935,0.985383
OG0004950,0.264177,0.841213,1.026464,0.793601,0.976446,0.945912
OG0004952,0.334664,0.825420,1.059770,0.786296,1.169845,1.108299
OG0004953,1.154071,1.042673,1.347226,1.267596,1.262246,1.828223
OG0004956,0.138494,0.374787,0.684957,0.682301,0.832779,0.975355
OG0004959,0.331609,0.468299,0.814485,0.630348,0.875198,1.027729
OG0004962,0.254286,0.643561,1.062054,0.790121,1.020159,1.199084
OG0004963,0.231475,0.665465,1.056668,0.889510,1.078646,1.337455
OG0004970,0.320601,0.576702,1.506055,1.179837,1.393421,1.887452
OG0004971,0.293707,1.013475,1.685520,1.410562,1.432966,2.468443
OG0004985,0.235437,0.541053,0.761362,0.688820,0.845536,0.957004
OG0004986,0.400549,0.935500,1.541707,1.097906,1.204860,1.644381
OG0004994,0.197402,0.484056,0.813667,0.636655,0.986309,1.005660
OG0004999,0.082078,0.631845,1.077001,0.681606,1.037716,1.238559
OG0005009,0.667960,0.680525,1.060643,0.928122,0.807651,1.226325
OG0005015,0.166523,0.668885,1.285554,1.143782,1.458248,2.171231
OG0005025,0.362547,0.722868,1.287605,1.180478,1.225212,1.431113
OG0005030,0.239919,0.397241,0.693024,0.550203,1.048734,1.501665
OG0005036,0.257325,0.396798,1.191545,0.855561,1.478802,1.705360
OG0005045,0.080574,0.818082,1.288912,0.790161,1.418225,1.676718
OG0005048,0.189957,1.088621,1.673941,1.240022,1.589973,1.575856
OG0005062,0.269826,0.661877,1.205365,0.931903,1.609972,2.195247
OG0005067,0.243742,0.501241,1.191075,0.673564,1.760908,1.852256
OG0005068,0.220393,0.802754,1.262308,0.878019,1.137604,1.446519
OG0005075,0.751629,0.730366,1.196024,0.925128,1.166151,1.313514
OG0005078,0.249009,0.934840,1.959624,1.068278,1.281568,1.523690
OG0005081,0.239662,0.437116,0.757130,0.454207,0.706737,0.928033
OG0005097,0.081070,0.377252,0.534980,0.438851,0.609128,0.640198
OG0005100,0.130710,0.363239,0.644032,0.502667,0.629605,0.719774
OG0005113,0.135722,0.697550,1.174313,1.005056,1.126128,1.364983
OG0005115,0.128584,0.893166,1.276811,0.996191,1.237765,1.388911
OG0005118,0.198637,0.504919,0.801585,0.672515,0.987872,1.129498
OG0005129,0.267244,0.950479,1.147613,0.934937,0.999023,1.129089
OG0005131,0.369750,0.857056,1.691617,1.099206,0.993663,1.321159
OG0005135,0.214930,0.557066,0.969590,0.824875,1.217838,1.507409
OG0005142,0.273662,1.080574,1.865449,1.535832,1.531453,1.816711
OG0005146,0.107238,0.586647,0.904687,0.708465,0.886773,1.158632
OG0005148,0.103271,0.438577,0.819728,0.782961,0.650017,0.765015
OG0005152,0.106878,0.499377,1.191107,0.832690,0.989884,1.281883
OG0005157,0.253480,0.705592,1.265829,0.984486,1.116504,1.370637
OG0005167,0.857888,0.265574,0.632069,0.447234,0.625775,0.989277
OG0005173,0.165234,0.921950,1.543478,1.090974,1.083714,1.294596
OG0005177,0.175598,1.191892,1.302130,0.969503,1.303043,1.508828
OG0005184,0.269660,0.841362,1.207002,1.046423,1.136232,1.417529
OG0005185,0.310398,0.969676,1.355926,0.838468,1.073506,1.437335
OG0005187,0.055795,0.506054,0.522278,0.451366,0.559254,0.734131
OG0005189,0.156549,0.438545,0.935826,0.777056,0.873748,0.851366
OG0005198,0.307303,0.676600,0.847108,0.707119,0.886812,1.051286
OG0005202,0.205206,0.600974,0.963014,0.778611,1.007780,1.204926
OG0005203,0.281539,0.686236,1.081987,0.833037,1.433072,1.381157
OG0005206,0.380602,1.882654,1.535438,1.195555,1.194981,1.842971
OG0005210,0.198679,0.616768,1.659499,1.045836,0.915603,1.246522
OG0005215,0.187821,0.814428,0.888056,0.770921,0.858283,0.883166
OG0005223,0.341277,0.810268,1.377404,0.965267,1.048752,1.225181
OG0005227,0.408286,0.837704,1.273968,1.197925,1.098202,1.517117
OG0005228,0.280721,0.853367,1.228472,1.024572,1.047734,1.431001
OG0005230,0.151615,0.317353,0.707084,0.547897,0.666310,0.961828
OG0005241,0.260618,0.749490,1.311577,1.021156,1.440015,1.743233
OG0005257,0.700490,0.956905,1.179126,0.923741,1.225774,1.338886
OG0005258,0.246221,0.700374,1.336357,0.799675,1.467309,1.421892
OG0005261,0.319111,0.694746,1.253390,1.119415,1.452457,1.893918
OG0005267,0.372618,0.656688,1.218382,1.077220,1.130238,1.441373
OG0005268,0.290509,0.727956,1.070164,1.047487,1.200024,1.217227
OG0005273,0.151247,0.652747,1.202920,1.031359,0.992688,1.195231
OG0005275,0.209937,0.651842,0.880542,0.708366,0.915169,1.010200
OG0005276,1.062849,0.704728,1.189973,1.435644,1.309188,1.532410
OG0005278,0.197778,0.699078,1.273774,1.076174,1.255348,1.306410
OG0005288,0.291886,0.476294,0.943905,0.676292,0.581543,0.679591
OG0005296,0.208289,0.595160,0.978209,0.867285,0.743877,1.011631
OG0005300,0.186561,0.642019,0.762912,0.529382,0.877307,0.957226
OG0005302,0.201753,0.580647,1.080698,0.873327,0.983994,1.226262
OG0005303,0.138327,0.379184,0.683794,0.543357,0.812097,1.059300
OG0005314,0.132996,0.551047,0.733215,0.628632,0.916510,0.943610
OG0005315,0.335441,0.808097,1.517579,0.996850,1.092932,1.241397
OG0005326,0.225571,0.679132,1.033470,0.817662,1.237156,1.311266
OG0005327,0.190714,0.574116,0.955381,0.558129,0.917906,1.061841
OG0005328,0.166555,0.475190,0.797031,0.658906,0.746790,0.908797
OG0005331,0.391279,0.604008,0.995747,0.786255,1.101440,1.304536
OG0005335,0.202099,0.594258,1.282839,1.448934,1.368623,1.839831
OG0005344,0.380613,0.413060,0.818320,0.608327,1.026824,1.195227
OG0005348,0.275464,0.933426,1.267347,1.095249,1.091325,1.262224
OG0005349,0.136140,0.481229,0.819336,0.695438,0.641095,0.814161
OG0005352,0.227159,0.672828,1.347097,0.966731,1.058525,1.329135
OG0005357,0.163459,0.872328,1.357853,0.825873,1.058491,1.132434
OG0005361,0.249469,0.894433,1.145141,0.823310,1.134555,1.437660
OG0005372,0.282108,0.648334,1.162333,0.937611,1.323954,1.706178
OG0005378,0.238998,0.425462,1.225721,0.725903,1.456687,1.053685
OG0005380,0.230356,0.858833,1.145265,0.919506,1.227785,1.162328
OG0005382,0.216225,0.627219,1.321441,1.078256,1.384593,1.377868
OG0005392,0.407006,0.822006,0.968144,0.787365,1.081311,1.320812
OG0005393,0.217035,0.564220,1.087089,1.078975,1.175396,1.260612
OG0005394,0.257802,0.798194,1.054635,1.053217,1.102681,1.190133
OG0005407,0.182899,0.523049,0.887691,0.761467,0.924226,1.050154
OG0005411,0.302585,0.657695,1.656717,0.912793,1.510027,1.677234
OG0005417,0.283951,1.188313,1.417588,1.185144,1.253489,1.320426
OG0005418,0.164766,0.477175,1.086060,1.016093,1.106356,1.505115
OG0005427,0.412413,0.861031,1.643809,1.285488,1.052523,1.444692
OG0005431,0.260936,0.554176,1.176489,0.803353,0.957850,1.074103
OG0005436,0.094588,0.338344,0.605652,0.531102,0.760966,0.780443
OG0005440,0.337499,0.627668,1.061440,0.886364,1.010083,1.447158
OG0005441,0.541608,0.378669,0.163501,0.396522,0.553029,0.622060
OG0005443,0.182704,0.461585,0.819958,1.081490,0.774901,1.029353
OG0005444,0.366564,1.058526,1.686621,1.368667,1.742735,1.961389
OG0005447,0.300302,0.538074,0.723951,0.531589,0.523443,0.966669
OG0005464,0.426864,0.749657,0.880625,0.700025,0.938255,1.013744
OG0005468,0.231300,0.592249,0.876096,0.730531,0.943199,1.105985
OG0005471,0.242573,1.103795,1.788061,1.431314,1.535691,1.836105
OG0005476,0.328850,0.799850,1.136995,1.056395,0.935264,1.153617
OG0005482,0.627823,0.783645,1.163664,0.838857,1.818033,1.429722
OG0005486,0.428163,1.077038,1.709647,1.353750,1.122995,1.274388
OG0005487,0.419301,1.443338,1.344843,1.238868,1.018896,1.217052
OG0005488,0.232340,0.655853,1.099936,0.967786,1.069699,1.192117
OG0005495,0.166823,0.885905,0.634185,0.483798,0.839955,1.036520
OG0005497,0.179025,0.726241,0.906168,0.766910,1.016651,1.089352
OG0005501,0.703454,1.041935,0.921107,0.548542,1.832737,1.861196
OG0005505,0.107894,0.498192,0.701081,0.555278,0.787604,0.830221
OG0005507,0.221384,0.419118,0.707042,0.574582,0.840868,0.863946
OG0005515,0.351760,0.676884,1.535940,1.218223,1.044698,1.267925
OG0005520,0.178183,0.793297,1.131103,0.820563,0.897772,1.167438
OG0005530,0.266487,0.749233,1.169735,0.916789,1.362259,1.641738
OG0005533,0.153668,0.663201,1.302175,0.896859,1.344267,1.873017
OG0005535,0.167813,0.472049,0.914664,0.725109,0.866324,1.077887
OG0005539,0.239950,0.721476,1.245696,0.998641,1.270765,1.348091
OG0005557,0.199098,0.706284,1.447192,1.097049,1.254325,1.316436
OG0005564,1.355819,0.198841,0.716504,0.392321,0.693051,0.771119
OG0005567,0.203577,0.628064,0.951299,0.830675,0.923549,0.947319
OG0005573,0.210671,0.376213,0.671476,0.421619,0.598571,1.294670
OG0005574,0.161319,0.538239,0.784130,0.617696,0.841682,1.013316
OG0005580,0.212398,0.432410,0.856807,0.668689,0.852707,1.044112
OG0005581,0.189033,0.676977,1.203860,1.004134,1.226211,1.754682
OG0005584,0.224238,0.447511,0.905457,0.586228,0.677539,0.894229
OG0005593,0.289193,0.746784,1.668278,0.927357,1.241552,1.473802
OG0005595,0.239395,0.509855,0.759946,0.641905,1.343830,1.039285
OG0005608,0.284441,0.679333,0.976885,1.068009,0.914868,1.176849
OG0005610,0.110854,0.520172,0.943608,0.836770,0.882158,1.028831
OG0005616,0.216426,1.145261,1.009805,0.824433,1.082494,1.261676
OG0005618,0.183691,0.575506,0.825145,0.544855,0.805588,1.130802
OG0005619,1.204445,25.412250,2.423278,2.123114,2.643838,2.859535
OG0005621,0.139798,0.770087,0.874553,0.846208,0.922609,1.093890
OG0005622,0.233897,1.062484,1.278951,1.132790,1.425703,1.522846
OG0005627,0.306522,0.695087,1.048467,0.830971,0.960369,1.353336
OG0005629,0.180597,0.585280,0.851721,0.815765,0.956478,1.457762
OG0005633,0.278880,0.841028,1.343307,1.175960,1.200298,1.501731
OG0005636,0.241091,0.571923,0.927786,0.807942,0.788544,1.145246
OG0005637,0.199565,0.733431,1.443790,0.944803,1.225562,1.558916
OG0005638,0.209110,0.723660,1.026703,0.974581,1.124200,1.356892
OG0005660,0.494343,0.390880,0.826105,0.698292,0.987426,1.075047
OG0005664,0.090149,0.771821,1.455811,1.240679,0.975974,1.148594
OG0005667,0.187370,0.606207,0.992541,0.702547,1.057870,1.410085
OG0005740,0.126327,0.358524,0.796503,0.442867,0.512635,0.874775
OG0005749,1.645032,0.854731,1.464504,1.118148,1.088706,1.374475
OG0005751,1.233433,0.552072,0.751855,0.502057,0.471229,0.833028
OG0005753,0.154396,0.408322,0.605602,0.538203,0.791869,0.977562
OG0005757,0.149347,0.309449,0.285552,0.220666,0.193186,0.273619
OG0005766,0.313102,0.491295,0.943772,0.636861,0.910617,0.987010
OG0005772,1.038027,1.408229,2.613701,2.128439,2.530899,2.892723
OG0005781,0.180976,0.549662,0.990028,0.735511,1.007535,1.051354
OG0005793,0.153444,0.624212,1.248119,0.875287,1.597734,1.794623
OG0005795,1.108258,1.296262,1.406022,1.019676,0.803115,0.948966
OG0005796,0.180420,1.107510,1.351862,1.197584,1.343957,1.708918
OG0005800,0.334854,0.554994,2.778248,0.860524,0.871055,1.233622
OG0005803,4.093298,5.458004,7.542139,6.327877,7.104391,20.871311
OG0005804,0.427141,0.554195,0.995451,0.949948,1.459810,2.326657
OG0005806,0.138691,0.978302,1.069207,1.024461,1.092700,1.161733
OG0005807,0.386363,0.784712,1.741047,1.227135,1.130829,1.261249
OG0005809,0.642998,1.174233,1.934134,1.660012,1.362101,1.919348
OG0005813,0.415641,0.712804,1.150312,0.793319,1.771406,3.387310
OG0005817,0.277171,0.832596,0.843230,1.489596,1.011838,1.262487
OG0005820,0.151519,0.377761,1.083560,0.693585,0.719807,0.915755
OG0005821,0.507389,0.834975,1.681615,1.392819,1.547742,2.205562
OG0005823,0.361277,0.681151,1.039898,0.818452,0.810665,0.905514
OG0005833,0.154516,0.937916,1.157905,0.876941,0.928853,1.167016
OG0005839,0.172528,0.214205,0.328428,0.346536,0.325647,0.362869
OG0005841,0.357620,0.858502,1.483335,1.084582,1.236840,1.803933
OG0005845,0.226089,0.443371,0.778368,0.617202,0.840313,0.935403
OG0005850,0.223346,0.790278,1.593600,1.173429,1.197843,1.654493
OG0005853,0.327672,0.570928,0.900602,0.732979,1.269643,1.652282
OG0005859,0.190399,0.647064,1.124700,0.810158,1.031141,1.269314
OG0005864,1.017185,0.883981,1.391600,1.190688,1.117716,1.252849
OG0005874,0.261602,0.735075,1.383006,1.096581,1.372629,1.564844
OG0005876,0.216283,0.634284,1.009021,0.797214,1.065561,1.214470
OG0005886,0.257088,0.745996,1.112693,0.857143,1.136607,1.358990
OG0005888,0.390056,1.053605,0.778886,0.602548,0.797133,0.864415
OG0005893,0.257499,0.959336,1.530091,1.049175,1.152637,1.384426
OG0005897,0.504995,0.261257,0.597326,0.541298,0.756898,0.977793
OG0005898,0.204505,0.579873,0.931717,0.666105,0.899799,0.980591
OG0005904,0.292852,0.381523,0.730107,0.578558,0.761672,0.996638
OG0005907,0.360785,0.679826,1.047580,0.897677,1.049842,1.278666
OG0005910,0.199407,0.426421,0.737302,0.590940,0.945834,0.929196
OG0005915,0.351803,0.860225,1.364747,1.056470,1.354188,1.615347
OG0005916,0.182065,0.320120,0.927238,0.695636,0.686261,0.871690
OG0005918,0.257349,0.795620,1.364318,1.140471,1.004194,1.136674
OG0005922,0.516451,0.953545,2.082985,1.352722,1.299035,4.916479
OG0005927,0.173061,0.411801,1.057331,0.854472,0.855615,1.355063
OG0005929,0.166363,0.628945,1.002497,0.941189,0.999416,1.204897
OG0005930,0.190068,0.459392,0.878677,0.669937,0.901053,1.252541
OG0005932,0.069582,0.800596,1.076059,0.601455,0.993962,1.315317
OG0005934,0.174456,0.695824,1.257664,1.037294,0.988876,1.313097
OG0005935,0.397559,0.438562,0.848765,0.766009,0.835297,1.032176
OG0005938,0.384137,1.030648,1.444242,1.488348,1.382614,1.979303
OG0005939,0.189039,0.805788,1.091509,0.894630,1.400813,1.510125
OG0005945,0.554706,0.537224,2.115430,1.013320,2.266262,3.145716
OG0005954,0.195717,0.449692,0.883207,0.672265,0.949315,1.189494
OG0005955,0.143474,0.574362,1.349386,1.000577,0.753359,0.992041
OG0005963,0.300379,0.330095,0.442836,0.358416,0.228164,0.332354
OG0005965,0.314232,0.545766,1.131056,0.819497,1.021016,1.240935
OG0005972,0.313502,0.881629,1.287256,1.124850,1.413422,1.593197
OG0005973,0.279284,0.563750,0.904667,0.799487,0.879557,0.963499
OG0005977,0.266817,0.632246,1.411279,0.973291,1.786166,1.972717
OG0005982,0.473861,0.474392,1.288239,0.619403,1.086952,1.572184
OG0005993,0.809412,0.667317,1.210220,0.964939,1.474639,2.041573
OG0005997,0.308051,0.371194,0.651353,0.532644,0.638177,1.215620
OG0005998,0.521899,1.571070,1.451950,1.329801,1.680747,1.785791
OG0006000,1.667267,1.128117,2.072626,1.396604,1.339511,1.704410
OG0006001,0.744238,1.320528,1.819464,1.573110,1.410608,1.667485
OG0006002,0.196278,0.516945,0.770291,0.598754,0.832101,0.944956
OG0006019,0.167349,0.436465,0.790430,0.827166,0.752136,0.748620
OG0006025,0.354243,0.774836,1.029899,0.879824,1.115339,1.282430
OG0006026,0.473991,0.949407,1.244761,1.030196,1.462256,1.917068
OG0006029,0.188833,1.468456,1.414450,1.276838,1.662934,2.042420
OG0006030,0.250171,0.706382,1.198362,0.944959,1.349457,1.548142
OG0006033,0.263477,0.878773,1.420575,1.363849,1.394087,1.432011
OG0006035,0.170017,0.736598,1.024265,0.896218,1.059881,1.280930
OG0006042,0.578236,0.794977,1.169083,0.858189,1.338839,1.465473
OG0006043,0.295454,0.559435,0.998516,0.651126,1.334161,1.727061
OG0006046,0.248630,0.739157,1.731419,1.501163,1.320773,1.542367
OG0006051,0.199190,0.466474,0.951873,0.723093,0.866041,1.288184
OG0006056,0.114567,0.483235,1.197720,0.801098,0.945750,1.077851
OG0006065,0.260889,0.647305,1.235078,0.878405,1.146769,1.293559
OG0006066,0.288322,0.392185,0.762490,0.543239,0.562931,0.659043
OG0006067,0.409546,0.550055,1.117028,1.182166,0.952632,1.336428
OG0006072,0.213942,0.690292,0.990486,0.691386,0.942253,1.153438
OG0006084,0.297427,0.815766,1.073633,0.851095,1.161867,1.200186
OG0006094,0.174977,0.440059,0.673977,0.618962,0.769808,1.420237
OG0006096,0.157089,0.947074,1.684491,1.219858,1.470447,1.957690
OG0006097,0.280109,0.899503,1.588972,1.123299,1.197275,1.425265
OG0006098,0.058451,0.323526,0.477457,0.387674,0.527761,0.706867
OG0006100,0.206296,0.502223,0.795538,0.685134,0.807819,0.918255
OG0006101,0.328439,1.057826,1.311108,0.966700,1.107485,1.457406
OG0006105,0.095351,0.569389,1.007102,0.738639,1.074529,1.290146
OG0006108,0.088914,0.528993,0.870306,0.592527,0.882111,0.963436
OG0006114,0.334415,0.787149,1.152666,0.934108,1.155642,1.482351
OG0006118,0.203988,0.592507,1.005577,0.701259,0.744710,0.874415
OG0006122,0.944480,0.880229,2.032586,1.462058,1.879109,1.944134
OG0006125,0.209126,0.629846,0.933859,0.582983,1.041601,1.208757
OG0006128,0.239512,0.942211,1.252764,1.163417,2.064958,1.291541
OG0006130,0.338099,0.675135,1.649946,1.156102,1.140100,2.741981
OG0006136,0.125221,0.583475,1.025858,0.953575,0.929961,1.083538
OG0006142,0.244903,0.853155,1.607823,1.136013,1.046696,1.224211
OG0006143,0.172173,0.531421,0.611801,0.444501,0.682326,0.839121
OG0006159,0.041935,0.285825,0.491598,0.434214,0.467125,0.568292
OG0006169,0.198982,0.770795,2.102986,1.129555,1.253926,1.979310
OG0006170,0.293605,0.738972,1.601337,1.486340,1.196500,1.874584
OG0006171,0.343410,0.679462,1.093509,0.812740,0.875192,9.625729
OG0006177,0.421449,0.617909,1.059429,0.791917,0.894365,0.944456
OG0006178,0.194504,0.606520,0.945717,0.951227,1.069117,1.394116
OG0006179,0.301277,0.596399,0.875789,0.840677,1.234406,2.006595
OG0006182,0.255538,0.702297,1.119335,0.946250,1.363891,1.706303
OG0006183,0.192539,0.784185,1.221392,0.919732,1.131497,1.219919
OG0006184,0.229563,0.773020,1.522124,1.011814,0.968236,1.347080
OG0006192,0.363880,0.486796,1.229472,1.103125,1.137277,1.327702
OG0006193,0.196191,0.415830,0.798032,0.727490,0.525926,0.619055
OG0006202,0.088064,0.764300,1.105512,0.754784,1.269780,1.405061
OG0006203,0.233756,0.676190,1.156780,0.943479,1.163969,1.411509
OG0006213,0.216740,0.639495,1.030051,0.772144,0.966186,1.119856
OG0006216,0.127794,0.717216,1.189033,0.931568,1.208633,1.603281
OG0006217,0.524838,0.416042,1.029658,0.692150,1.147340,1.514128
OG0006221,0.203517,0.551411,0.945225,0.672376,0.826937,0.962031
OG0006229,0.170101,0.799644,1.183551,0.826027,1.022786,1.342945
OG0006231,0.210470,0.307570,0.702980,0.476927,0.667094,0.898694
OG0006234,0.262652,0.441697,1.202808,0.541063,0.731642,0.784509
OG0006241,0.258831,0.780258,1.417005,1.070906,0.995486,1.337340
OG0006249,0.096906,0.629257,0.991252,1.398482,0.874302,0.928982
OG0006252,0.300064,0.525735,1.234221,0.883363,0.858910,1.064522
OG0006255,1.845034,1.679842,3.730033,3.006988,3.325286,4.670298
OG0006256,0.157334,0.600903,1.059732,0.984464,1.201001,1.520472
OG0006258,0.248748,0.630056,1.039577,0.745654,1.050793,1.171549
OG0006263,0.209178,0.619795,1.140319,0.895965,0.954114,1.138332
OG0006264,0.183882,0.825060,0.939439,0.707275,0.944240,1.038001
OG0006266,0.356173,0.495638,0.815805,0.635992,1.004692,1.151341
OG0006269,0.217900,0.790634,1.273037,1.006535,1.181161,1.371911
OG0006274,0.284684,0.636236,0.973811,0.759349,1.201426,1.507929
OG0006278,0.206286,0.733220,1.015864,0.869365,0.865455,1.060476
OG0006280,0.336000,0.605773,1.028517,0.882133,1.063523,1.102067
OG0006283,0.389087,0.701882,1.262826,1.021468,1.841295,2.359926
OG0006289,0.470510,0.657629,1.226366,0.839111,0.970700,1.228963
OG0006303,0.362942,10.443656,1.605088,1.121081,1.529011,1.542707
OG0006304,0.150011,0.848349,0.987658,0.963538,1.080127,1.195044
OG0006309,0.178636,0.650362,1.434615,1.237180,1.767634,2.004869
OG0006322,0.228045,0.530874,0.861492,0.748751,1.180841,1.300658
OG0006323,0.289752,0.498288,0.892560,0.596848,0.975151,1.108570
OG0006324,0.683478,0.682653,1.203403,1.120046,1.141523,1.340631
OG0006327,0.288198,1.899224,1.052015,0.931890,1.025682,1.286108
OG0006330,0.163986,0.914961,0.964186,0.954671,0.914753,1.211571
OG0006332,0.193927,0.693211,1.349448,1.035465,1.176952,1.431222
OG0006336,0.188673,0.599638,0.936665,0.618450,1.061337,1.104840
OG0006337,0.209890,0.452997,1.032298,0.787411,0.880469,1.165398
OG0006338,0.258870,0.493282,1.897997,1.100545,2.158786,3.751212
OG0006341,1.014101,0.800684,1.288275,0.928390,0.855165,1.355245
OG0006342,0.215476,0.549872,0.906453,0.776849,0.971275,1.114058
OG0006343,0.312596,0.970939,1.237593,1.381760,1.302549,1.540853
OG0006353,0.711555,0.679640,1.287178,0.911508,0.815731,0.996074
OG0006356,0.071320,0.434998,0.820257,0.721050,0.676792,0.814617
OG0006357,0.318203,0.656902,0.906486,0.752825,1.063879,1.120505
OG0006358,0.245533,0.458069,0.843771,0.755877,0.908639,1.264541
OG0006364,0.157041,0.856324,1.192032,1.035393,1.084982,1.367134
OG0006365,0.256570,0.478665,1.308420,0.864606,1.006139,1.218359
OG0006372,0.276103,0.890940,1.264187,1.128035,1.300853,1.544870
OG0006378,0.207295,0.983997,1.558142,1.293712,1.172264,1.454499
OG0006379,0.200154,0.548566,0.697883,0.577584,0.750479,0.878621
OG0006380,0.301463,0.739157,1.364061,1.031442,0.969535,1.198591
OG0006382,0.350673,0.647941,1.484929,0.963232,0.981194,1.305869
OG0006387,1.590431,0.885116,2.030525,1.468883,1.765626,3.257250
OG0006389,0.379176,0.305022,0.840180,0.683542,0.835703,1.465881
OG0006390,0.280289,0.841719,1.024396,0.991818,1.167728,1.450456
OG0006392,0.321246,0.665926,1.079719,0.831463,1.139827,1.152488
OG0006395,0.282689,0.451620,0.546906,0.504146,0.754910,0.619403
OG0006396,0.347693,0.661996,1.786238,1.057858,1.141892,1.311762
OG0006398,0.231324,0.646292,1.026604,1.399353,1.980404,1.296113
OG0006401,0.267149,0.713806,1.107514,0.844706,1.001374,1.309089
OG0006404,0.205179,1.046387,1.754723,1.432730,1.531661,1.755695
OG0006405,0.224392,0.459336,0.995044,0.957670,0.748930,0.951286
OG0006411,0.283470,0.410838,0.737282,0.504983,0.731765,1.024178
OG0006413,0.274288,0.385576,0.808922,0.702681,1.003404,1.028281
OG0006418,0.205435,0.416795,0.833850,0.597690,0.783553,0.885554
OG0006419,0.257945,0.730649,1.315003,1.360422,1.165447,1.294600
OG0006422,0.242977,0.670135,0.952291,0.752951,0.761602,0.764114
OG0006423,0.148026,0.581950,0.855170,0.638206,0.669209,0.897003
OG0006432,0.292107,1.222455,1.760218,1.350899,1.786318,2.000176
OG0006439,0.535382,0.313182,0.775520,0.577649,0.593748,0.952876
OG0006443,0.336662,0.325001,0.789922,0.586084,0.975460,1.184655
OG0006445,0.233404,0.874036,1.127081,0.754840,1.131385,1.390173
OG0006455,0.809354,1.029786,1.826313,1.041237,2.263630,3.619574
OG0006461,0.489953,1.166707,2.041387,1.690905,1.820106,2.214698
OG0006470,0.137016,0.400054,0.809327,0.609576,0.804374,0.846267
OG0006474,0.145617,0.398240,0.811136,0.808107,0.729167,0.719001
OG0006475,0.154815,0.472421,0.827112,0.754855,0.944991,0.967046
OG0006480,0.230732,0.636676,1.162074,0.952230,0.933920,1.179803
OG0006482,0.251911,0.491865,1.031491,0.660069,1.049695,1.075716
OG0006495,0.236154,0.344842,0.469800,0.315664,0.287910,0.449860
OG0006498,0.381050,0.618375,1.063150,0.811725,1.299824,1.344420
OG0006499,0.177495,0.946173,1.363581,0.961088,1.097055,1.669909
OG0006510,0.320870,0.483173,0.796232,0.492494,0.681344,0.810778
OG0006511,0.273443,0.626919,1.010745,0.685176,0.884279,0.952101
OG0006512,0.170566,0.823786,1.192656,1.098427,1.111667,1.411111
OG0006513,0.413332,0.660367,0.960881,0.838822,0.984604,1.023553
OG0006514,0.702602,0.275559,0.845565,0.567909,0.976545,1.229290
OG0006521,0.134984,0.805471,1.224090,1.128129,1.641564,2.166129
OG0006526,0.209336,0.394238,0.767299,0.612468,0.976465,1.190657
OG0006528,0.212659,0.776541,1.082463,0.912095,1.102415,1.206741
OG0006533,0.251643,0.718763,1.040911,0.904854,1.088531,1.424125
OG0006536,0.271025,1.644954,1.251447,0.950374,0.932055,1.220512
OG0006538,0.178638,0.570500,0.921692,0.593018,0.911694,1.084345
OG0006539,0.156526,0.486089,0.873640,0.703256,0.720446,0.742930
OG0006544,0.305080,1.442121,1.610163,1.335592,1.618120,1.789219
OG0006546,0.272028,0.554002,1.435293,1.114534,1.257722,1.744797
OG0006550,0.456453,0.661365,1.249102,0.992160,1.085066,1.206399
OG0006554,0.317945,0.556097,1.247778,1.157793,1.024183,1.025366
OG0006558,0.282758,0.689801,1.226903,1.042609,1.199387,1.646752
OG0006559,0.425158,0.766772,1.093248,0.910912,1.052862,1.281562
OG0006566,0.239821,0.681435,1.026118,0.821036,0.936827,1.073615
OG0006574,0.256567,0.737347,1.490705,0.863425,1.075361,1.791434
OG0006576,0.375157,0.658864,1.090171,0.828558,1.112254,1.455579
OG0006582,0.261671,0.938091,1.699438,1.507513,1.619962,1.967539
OG0006583,0.191699,0.497274,0.938672,0.893623,1.489297,1.188093
OG0006587,0.228242,0.408275,1.059412,0.647930,0.856859,1.174962
OG0006590,0.204481,0.549498,0.742982,0.626323,0.841176,0.983713
OG0006591,0.628396,0.819161,1.279408,1.119444,1.328249,1.617151
OG0006593,0.234985,0.675130,0.775814,0.611408,0.758355,0.821732
OG0006595,0.250415,0.417949,1.123404,0.877880,1.014668,0.989055
OG0006597,0.996703,0.795843,1.572741,1.078886,1.182430,1.511107
OG0006603,0.268158,0.323373,0.965822,0.905141,0.808327,1.110802
OG0006609,0.251233,0.598004,1.153694,0.909169,1.032719,1.243018
OG0006611,0.134446,0.464018,1.064799,0.534186,0.794596,0.825195
OG0006614,0.342108,0.772345,1.093509,0.763689,0.931596,1.480545
OG0006618,0.646549,1.281384,1.907263,1.882939,1.902219,2.155931
OG0006621,0.175567,0.634051,1.001379,0.850011,1.001675,1.269998
OG0006623,0.081990,0.506402,1.196319,0.907265,0.755383,0.932321
OG0006625,0.225759,0.629330,1.047468,0.842397,1.212529,1.411261
OG0006626,0.311610,0.822869,1.078462,1.072982,1.121499,1.236947
OG0006627,0.195712,0.777721,1.200071,1.018920,1.193304,1.329257
OG0006629,0.242553,0.868590,1.102379,0.860439,1.143312,1.306591
OG0006630,0.256568,0.642021,1.108523,0.843975,1.237583,1.405846
OG0006632,0.305324,0.470954,1.038210,0.736370,0.865270,1.534348
OG0006634,0.290545,0.741895,1.359778,1.018731,1.369100,1.513907
OG0006637,0.576143,0.876605,1.215876,0.851295,1.159614,1.290392
OG0006644,0.291464,0.859499,1.096048,0.962475,1.373257,1.522724
OG0006647,0.189123,1.106880,1.682522,1.371090,1.737571,2.406535
OG0006648,0.134401,0.439407,0.620597,0.480413,0.678342,0.913924
OG0006650,0.202812,0.733925,1.067399,1.066753,0.997594,1.049095
OG0006657,1.159491,0.727786,1.316189,1.011856,1.133489,1.840945
OG0006659,0.225505,0.783529,1.131825,0.918809,1.185823,1.344547
OG0006662,0.214212,0.749034,1.223969,0.898090,1.153275,1.349709
OG0006664,0.181144,0.600551,1.126242,0.862752,1.008971,1.380388
OG0006666,2.931499,0.705247,1.784492,0.946654,1.214852,1.732923
OG0006675,0.212738,0.697113,1.197232,0.891484,1.106012,1.272371
OG0006676,0.205853,0.557015,0.822585,0.540202,0.902033,0.980511
OG0006679,0.332360,0.655823,0.820171,0.711018,0.705040,0.960854
OG0006681,0.132959,0.741975,0.978984,0.950516,1.456502,1.255282
OG0006682,0.371228,0.773445,1.323976,1.119223,1.350409,1.531544
OG0006686,0.380439,0.695994,1.450371,1.092903,1.120298,1.376796
OG0006688,0.137163,0.500499,0.850175,0.753817,0.925860,1.152667
OG0006689,0.126963,0.244741,0.450385,0.326082,0.358934,0.441606
OG0006690,0.136090,0.855039,0.970837,0.695174,0.916644,1.132750
OG0006693,0.200521,0.803556,1.265181,0.944685,1.165982,1.401076
OG0006705,0.270048,0.709955,0.996491,0.886885,1.198897,1.611049
OG0006707,0.265981,0.975607,0.923283,0.686127,0.976861,1.168467
OG0006710,0.364310,0.111656,0.511927,0.290217,0.480343,0.504589
OG0006715,0.204578,0.910631,1.459508,1.008206,1.322553,1.395370
OG0006718,1.872320,1.832381,2.768416,0.852778,3.087733,5.299131
OG0006719,0.161538,0.655827,1.004196,0.807688,1.053264,1.150064
OG0006722,0.164889,0.759129,1.061496,0.766629,0.958474,1.164089
OG0006723,0.088228,0.941314,1.171883,1.169354,0.779729,1.284450
OG0006727,0.363262,0.676728,1.040655,0.835379,1.108020,1.267966
OG0006729,0.241672,0.442881,0.977137,0.695949,0.830279,0.964472
OG0006733,0.265768,0.547912,1.172089,1.037912,1.176535,1.257293
OG0006746,0.182621,0.468198,0.665097,0.593194,0.574184,0.830376
OG0006747,0.294271,0.750049,1.225868,0.754086,0.865492,1.441639
OG0006754,0.081429,0.274553,0.383569,0.323159,0.360266,0.364279
OG0006758,0.162630,0.668169,1.009137,0.789700,1.005899,1.123238
OG0006759,0.224004,0.978286,1.302619,0.904451,1.007934,1.141949
OG0006764,0.225575,0.728890,1.217156,0.983181,1.150382,1.263662
OG0006766,0.372191,0.599764,0.940942,0.750853,0.914024,0.964186
OG0006770,0.412203,0.633185,1.436041,0.989866,1.158639,1.337363
OG0006772,0.217274,0.904647,0.986429,0.821360,1.128955,1.558486
OG0006776,0.378800,0.653862,1.070217,0.852695,1.259016,1.318557
OG0006778,0.223721,0.617736,1.345573,0.872906,1.132287,1.263194
OG0006785,0.406620,0.700965,1.003429,0.878562,0.879883,1.053959
OG0006787,0.148516,0.926941,1.164083,0.977141,1.113000,1.357358
OG0006791,0.445630,0.281031,1.047394,0.856464,0.786201,1.066381
OG0006795,0.138566,0.464213,0.632014,0.506299,0.789601,0.897626
OG0006797,0.345387,0.414775,0.762098,0.546105,0.982045,1.128899
OG0006799,0.128944,0.502577,0.866324,0.776134,0.591722,0.746829
OG0006802,0.317197,0.566818,1.486899,1.343108,2.213807,2.653087
OG0006810,0.235549,0.796462,1.382934,1.146883,1.265272,1.509417
OG0006814,0.292365,0.799234,1.233187,0.933220,1.066107,1.268649
OG0006815,0.171061,0.661150,1.042148,1.012616,1.152175,1.086467
OG0006821,0.224889,0.731813,1.519981,1.140613,1.120051,1.166375
OG0006827,0.185925,0.773396,1.237150,1.003159,1.157914,1.319251
OG0006835,0.234927,0.624245,1.099938,0.962522,1.153884,1.260898
OG0006836,0.149767,0.700585,0.837442,0.678905,0.975685,1.106650
OG0006844,0.228895,0.937329,1.430685,1.213482,1.070495,1.210525
OG0006848,0.193911,0.551001,0.989813,0.744590,1.032654,1.172933
OG0006853,0.125639,0.913342,1.494234,1.093577,1.100850,1.309227
OG0006854,0.298850,0.717549,1.157942,0.846839,1.108559,1.462097
OG0006862,0.138879,0.689834,0.994732,0.923444,1.006625,1.217084
OG0006865,0.139173,0.621464,0.802847,0.558596,0.798443,0.976739
OG0006868,0.322510,0.420729,1.165567,1.200434,2.015235,2.757108
OG0006875,0.276482,0.852966,1.556236,1.273538,1.663986,2.037838
OG0006877,0.362038,0.837962,1.258192,0.964623,0.956207,1.093030
OG0006882,0.199556,0.589227,0.966434,0.655278,1.034025,1.068924
OG0006887,0.086700,0.622626,0.969979,0.834928,1.111653,1.432442
OG0006890,0.194855,0.368152,0.452217,0.466132,0.715104,0.813963
OG0006903,0.144599,0.287695,0.513828,0.524291,0.680034,0.845490
OG0006908,0.143558,0.553853,1.025982,0.800609,0.994470,1.206152
OG0006912,0.145858,0.301107,0.676768,0.534447,1.055979,0.691201
OG0006913,0.342705,0.512085,1.176791,0.876335,0.913555,1.303197
OG0006914,0.228838,1.219396,1.662697,1.468793,1.454099,1.669913
OG0006915,0.406422,0.873986,1.706113,1.334446,2.137827,2.668912
OG0006923,0.266586,0.473741,0.840479,0.704488,1.013947,1.005291
OG0006926,0.271822,1.058928,1.636386,1.204625,1.009626,1.302046
OG0006927,0.315693,0.624532,0.981492,0.861996,0.808150,1.067380
OG0006934,0.211856,0.380959,0.696962,0.740245,0.859410,0.950650
OG0006938,0.593236,0.639524,1.086263,0.951678,0.961580,1.117218
OG0006940,0.170705,0.572868,1.126762,0.830346,1.032137,1.220160
OG0006951,0.461176,0.447989,0.775328,0.691253,0.957974,1.422844
OG0006961,0.207761,0.723845,1.178859,0.853764,0.919741,1.227400
OG0006963,0.268939,0.887984,1.233688,0.960279,1.309998,1.674845
OG0006969,0.297986,1.077638,1.355792,1.177696,1.486902,1.567625
OG0006970,0.138776,1.054529,1.442687,1.311746,1.221490,13.418295
OG0006973,0.150315,0.896023,1.156061,0.840938,1.221939,1.414325
OG0006978,0.598055,0.429587,0.950738,0.629160,0.689749,0.795082
OG0006979,0.781904,0.323676,0.946736,0.863366,0.726937,0.729821
OG0006983,0.200296,0.490946,0.759496,0.891656,0.836691,1.071286
OG0006988,0.259792,0.640745,0.982484,0.855807,1.174381,1.324522
OG0006989,0.124830,0.633609,0.972589,0.740131,0.630784,0.742313
OG0006993,0.249189,1.434217,2.260941,1.640723,1.535634,1.864020
OG0006994,0.355623,0.447964,0.889023,0.805192,0.678417,0.847275
OG0006995,0.222487,0.492830,0.903355,0.526853,0.764873,0.909818
OG0006996,0.431927,0.788766,1.380654,0.892603,1.215056,1.375444
OG0006997,0.369876,2.478413,2.273822,2.065062,3.458868,3.819933
OG0007002,0.453301,0.863909,1.054188,1.016549,1.098662,1.601154
OG0007017,0.191866,0.587775,1.004591,0.580138,0.874700,1.114156
OG0007021,0.138472,0.929794,1.129456,0.878783,1.056837,1.207372
OG0007026,0.255652,0.860870,1.132493,0.959414,1.104833,1.278371
OG0007030,0.385138,0.496671,0.777758,0.462217,0.764052,0.884144
OG0007032,0.168405,0.769876,1.152165,0.884694,1.037389,1.309905
OG0007035,0.508373,0.505673,0.847002,0.588668,0.847709,1.041276
OG0007038,0.212063,0.730940,1.040836,0.974215,1.002353,1.129223
OG0007044,0.047865,0.624536,1.657498,1.380985,1.524884,1.789887
OG0007047,0.249638,0.554884,1.385446,1.032629,0.971973,1.134983
OG0007048,0.206560,0.771770,1.072843,0.974343,1.078869,1.310741
OG0007050,0.194222,0.574444,0.816494,0.646464,0.846703,1.042168
OG0007058,0.144378,0.823665,1.064866,0.933900,0.747117,1.013174
OG0007059,0.218895,0.813003,1.387657,1.137453,1.127723,1.263799
OG0007061,0.182345,0.702351,0.819246,0.776532,0.914390,1.208018
OG0007069,0.361898,0.747895,1.237076,0.874777,0.853012,1.112871
OG0007071,0.231067,0.699729,1.250256,0.960725,1.823017,1.618595
OG0007073,0.226908,1.134997,1.966740,1.438553,1.556807,1.986156
OG0007079,0.240285,0.716900,1.359722,1.252078,1.036255,1.219671
OG0007084,0.308043,0.715414,1.116728,0.806869,1.327762,1.306369
OG0007095,0.198787,0.646208,0.986415,0.715636,1.020146,1.187915
OG0007097,0.389955,0.933654,1.668694,1.383180,1.608614,1.898026
OG0007099,0.275479,0.740725,0.948766,0.782395,1.265089,1.154452
OG0007107,0.256158,0.685759,1.147004,0.944162,1.199891,1.376809
OG0007113,0.126600,0.717506,0.908509,0.798761,0.994245,1.092256
OG0007114,0.144721,0.536647,0.876670,0.667055,0.801051,0.841164
OG0007115,0.293498,0.472140,0.724424,0.736909,0.924258,1.175625
OG0007118,0.469222,1.138384,0.755447,0.785147,1.121287,1.445521
OG0007119,0.142212,0.560439,0.897356,0.828923,0.682341,0.783327
OG0007120,0.276037,0.684810,1.296717,1.287623,1.012687,1.566907
OG0007124,0.277141,0.785923,1.580144,1.157371,1.141936,1.305099
OG0007133,0.197120,0.639775,0.941280,0.708596,0.919061,1.075098
OG0007136,0.200287,0.514849,1.020085,0.775567,1.021993,1.190848
OG0007138,0.228643,0.565416,0.995166,0.695454,1.060058,1.104248
OG0007143,0.244471,0.938419,1.324150,1.125304,1.365543,1.449784
OG0007147,0.192482,0.645558,1.116992,0.845988,1.046924,1.219530
OG0007148,0.158421,0.883717,0.973700,0.870310,1.584320,1.723104
OG0007149,0.099470,0.879827,1.380356,1.116717,1.110631,1.348810
OG0007153,0.339766,0.745873,1.302988,1.008742,1.161744,1.220265
OG0007157,0.219296,0.871986,1.309964,1.005256,1.334122,1.442877
OG0007159,0.172825,0.501808,0.903773,0.641301,0.969326,1.093578
OG0007164,0.227820,0.469364,0.939825,0.573766,0.643466,0.984093
OG0007169,0.266640,0.813934,0.920249,0.727625,0.984242,1.192671
OG0007170,0.229295,0.453121,1.078168,0.673122,0.838455,1.064388
OG0007172,0.200699,0.653195,0.866994,0.876541,1.014172,1.144676
OG0007180,0.191272,0.697701,0.930223,0.767835,0.938911,0.991494
OG0007181,0.223653,0.620301,1.140794,1.001903,0.970143,1.102367
OG0007182,0.626048,0.649254,1.362748,1.085981,0.964722,1.387074
OG0007183,0.197663,0.791690,1.210785,0.926512,1.189687,1.394533
OG0007184,0.234117,0.653316,1.252703,0.949016,1.211982,1.290544
OG0007259,0.354254,1.341876,1.580065,1.422104,1.455555,1.745142
OG0007262,0.336972,0.538635,1.448338,0.895575,1.569264,1.809139
OG0007263,0.144765,0.555305,1.218352,0.904971,1.193825,1.371100
OG0007273,0.292576,0.478723,0.808520,0.509702,0.878870,1.230341
OG0007279,0.635884,1.016995,1.857315,1.809173,2.023396,2.695575
OG0007292,0.450109,0.586082,1.336055,1.005257,1.128793,1.489103
OG0007295,0.389887,0.777326,1.161936,0.992397,1.076466,1.254958
OG0007302,0.139959,0.471842,0.833686,0.925971,0.952051,1.207245
OG0007303,0.274696,0.579075,1.018184,0.675911,0.755853,0.910253
OG0007306,0.428546,0.733788,1.757882,1.086969,1.539874,1.870642
OG0007311,0.136727,0.484063,1.080960,0.852526,0.795880,1.052546
OG0007312,0.314183,0.362033,0.636049,0.454240,0.571313,0.761770
OG0007313,0.284374,0.928552,1.602753,1.409621,1.602272,2.101097
OG0007320,0.079189,0.454235,0.788261,0.499576,1.092992,1.113403
OG0007322,0.281368,0.595060,1.268485,0.877621,1.370295,1.533431
OG0007330,0.073338,0.446824,0.782701,1.141462,0.978141,1.205966
OG0007331,0.615920,0.511420,1.299128,0.402038,0.837861,0.916378
OG0007332,0.297090,0.812373,1.071625,0.863561,0.979100,1.230901
OG0007337,0.317308,0.424309,0.805258,0.656913,0.979508,1.222376
OG0007339,0.214570,1.071853,1.497342,1.619696,1.055215,1.332788
OG0007344,0.175778,1.109092,1.764108,1.386846,1.725287,1.889269
OG0007346,0.336335,0.739487,1.142687,0.909939,1.211489,1.308281
OG0007353,0.357365,0.653081,1.199891,0.829497,0.925647,1.473412
OG0007357,0.284104,0.757438,1.441143,1.127828,1.261388,1.869971
OG0007361,0.233303,0.350205,0.957840,0.780028,0.878574,1.320541
OG0007363,0.252908,0.712218,1.046074,0.894628,1.079690,1.661762
OG0007364,0.246866,0.613147,1.075268,1.028626,0.935327,1.128719
OG0007367,0.364914,0.561879,1.085471,0.969660,1.097195,1.563667
OG0007368,0.696749,0.345284,0.678366,0.542157,0.641610,0.823516
OG0007369,0.362397,0.574062,1.215683,0.982312,1.262797,1.990509
OG0007371,0.348222,0.878025,1.074518,0.885826,1.195418,1.378678
OG0007377,0.624857,1.966412,1.034331,0.859705,1.063932,1.078112
OG0007381,0.671214,0.679856,1.313862,0.998859,1.348058,1.660331
OG0007382,0.099416,0.663810,0.972733,0.960537,0.965229,1.149816
OG0007384,0.816653,0.473076,1.331557,1.165669,1.100219,1.681881
OG0007388,0.305636,0.656944,0.900860,0.666275,1.053102,1.135036
OG0007389,1.949315,2.625881,3.585318,2.630088,3.100928,3.471497
OG0007392,0.204562,0.476860,0.862253,0.574844,0.869659,0.985752
OG0007393,0.303099,0.913472,1.458406,1.220921,1.244068,1.496996
OG0007396,0.071291,0.882916,1.399288,0.959864,0.862758,1.020501
OG0007397,0.233370,0.839042,1.042339,0.817123,1.097873,1.272463
OG0007398,0.319791,1.132326,1.359248,1.046028,1.361766,1.724243
OG0007410,0.286469,0.532954,1.074983,0.912348,1.001426,1.265654
OG0007411,0.603167,0.545699,1.010572,0.763412,0.959802,1.273947
OG0007412,0.209553,0.822528,1.256578,1.036703,1.207111,1.492150
OG0007416,0.408558,0.539912,0.887498,0.810383,0.838882,0.963411
OG0007420,0.254388,0.686908,1.240244,1.030400,0.927083,1.111009
OG0007422,0.600037,0.699883,1.156504,0.884157,1.050583,1.326659
OG0007423,0.300581,0.699648,1.103302,0.765815,1.171319,1.843301
OG0007426,0.563032,1.028214,1.654288,1.377090,1.761149,2.098643
OG0007428,0.193166,0.398085,1.286740,0.503180,0.692828,1.110545
OG0007430,0.357330,0.807680,1.252831,1.063233,1.261690,1.558934
OG0007432,0.243348,0.538091,1.375557,1.115906,1.024894,1.440846
OG0007436,0.198296,0.457115,0.878286,0.734129,0.899841,1.093070
OG0007442,0.112264,0.390013,0.645029,0.542542,0.744016,0.995316
OG0007444,0.350572,0.645923,1.686335,1.156444,1.564749,2.340494
OG0007448,0.194292,0.569299,1.108579,0.854269,1.299441,1.486646
OG0007449,0.232507,0.570291,1.032314,0.826745,1.051680,1.233251
OG0007453,0.382121,0.717360,1.365896,1.311951,1.146729,1.488758
OG0007459,0.179282,0.435296,0.554062,0.387600,0.521292,0.683760
OG0007461,0.210662,0.376532,0.629139,0.573840,0.730324,0.755346
OG0007463,0.236485,0.946296,1.091342,0.934543,1.260282,1.412580
OG0007465,0.265113,0.839360,1.236555,1.037010,1.137855,1.471576
OG0007466,0.206123,0.929309,1.418568,1.268544,1.082100,1.282210
OG0007467,0.688703,0.650272,1.125794,0.670734,0.670689,0.921524
OG0007476,0.191682,0.807623,1.035181,0.602506,1.078641,1.350395
OG0007478,0.143879,0.362236,0.681171,0.465316,0.672124,0.755356
OG0007484,0.257796,0.825963,1.049148,1.001528,1.072842,1.215778
OG0007485,0.490787,0.356616,0.688530,0.507510,0.459683,0.584427
OG0007486,0.274065,0.716734,1.222549,1.058265,1.049389,1.327761
OG0007489,1.001382,0.485071,1.166673,1.012900,0.689043,0.838492
OG0007492,0.230919,0.786122,1.033275,0.947288,1.183282,1.354888
OG0007499,0.261014,0.753439,1.067131,0.919306,0.886592,1.034217
OG0007501,0.269606,0.850525,1.315291,1.051099,1.233774,1.499319
OG0007502,0.253788,0.665780,1.239017,0.975559,1.534316,1.424658
OG0007504,0.206110,0.517759,1.102263,0.767675,0.863818,1.050175
OG0007506,0.219358,0.778587,1.064804,0.841003,1.194073,1.319714
OG0007507,0.256146,0.613365,0.980161,0.823350,1.084338,1.278760
OG0007508,0.244653,0.471628,0.987769,0.728538,1.089735,1.207848
OG0007515,0.199126,0.507101,0.925159,0.748866,0.907823,1.014214
OG0007517,0.115431,0.563120,1.143740,0.962622,1.006784,1.352298
OG0007521,0.347214,0.610215,1.272166,1.131818,1.293006,1.917977
OG0007522,0.489096,0.388660,0.871548,0.589750,0.857288,1.178508
OG0007523,0.341356,0.666107,3.939992,1.107554,1.229291,1.830378
OG0007528,0.230183,0.925229,1.322801,1.034779,1.205185,1.377188
OG0007541,0.725190,0.699053,0.623959,0.538544,1.106455,0.926196
OG0007545,0.443539,1.231765,2.375879,1.862510,2.162259,2.842264
OG0007546,1.221353,1.202287,1.974638,1.781231,1.663817,1.494996
OG0007547,0.169260,0.448827,0.643718,0.519551,0.549631,0.592775
OG0007553,0.317799,0.613062,1.018094,0.829960,1.009841,1.199589
OG0007554,0.354489,0.723062,1.373716,1.129592,1.083474,1.121059
OG0007555,0.250351,0.658875,1.298877,1.155689,1.230398,1.824484
OG0007557,0.255395,0.589798,0.820545,0.639061,0.921785,1.384950
OG0007561,0.154591,0.588608,1.011574,0.713772,1.002662,1.227298
OG0007562,0.781938,0.873949,2.021512,1.144308,2.088071,3.416983
OG0007564,0.143798,0.461736,0.847453,0.618366,0.906492,1.144726
OG0007565,0.450494,0.767698,1.246736,1.019690,1.281400,1.431215
OG0007567,0.380509,0.530202,0.770790,0.521885,0.822423,1.016664
OG0007569,0.229540,0.600687,1.167415,1.102148,1.315171,1.737677
OG0007570,0.156831,0.455202,0.803926,0.721683,0.885157,1.249858
OG0007571,0.313192,0.670223,0.982958,0.856187,0.897755,1.193908
OG0007572,0.225189,0.848433,1.053238,0.839858,0.936950,0.998873
OG0007574,0.123636,0.634620,0.857843,0.726226,0.807141,1.059914
OG0007575,0.224833,0.406604,1.062308,0.921325,0.801699,1.240749
OG0007580,0.228672,0.620521,1.191941,0.939790,1.111096,1.547526
OG0007581,0.425181,0.707162,1.342476,0.794895,0.945669,7.334959
OG0007583,0.183048,0.542852,0.924499,0.666828,1.138604,1.555456
OG0007586,0.078549,0.309186,0.490097,0.387673,0.470499,0.652131
OG0007588,0.224861,0.575180,0.794726,0.764578,0.969971,1.242255
OG0007589,0.201310,1.082922,1.373657,1.116034,1.549738,2.016836
OG0007592,0.217981,0.745177,0.958298,0.903446,1.139544,1.285510
OG0007593,0.341736,0.718765,1.074406,0.902908,1.191627,1.435874
OG0007603,0.179171,0.652276,0.975726,0.865496,0.826564,1.066396
OG0007604,0.119137,0.446107,1.228429,1.011477,0.962563,1.237789
OG0007605,0.197674,0.469876,1.039481,0.744295,1.047500,1.419893
OG0007608,0.249919,0.650096,1.138999,1.034360,1.098317,17.071263
OG0007609,0.282447,0.671340,0.835881,0.634653,1.080540,1.180993
OG0007610,0.224732,0.872769,1.175054,0.928094,1.216047,1.220032
OG0007612,0.218510,0.726903,1.079544,0.858311,1.190474,1.407758
OG0007613,0.218190,0.662872,0.890009,0.794584,0.721048,0.725508
OG0007614,0.248008,0.685651,1.206228,0.942272,0.822117,1.087618
OG0007617,0.314170,0.790751,1.429126,1.030416,1.074704,1.255557
OG0007618,0.254675,0.565833,1.088375,1.126351,1.203247,1.357685
OG0007620,0.295175,0.775998,1.158109,0.736742,1.050918,1.443534
OG0007623,0.238598,0.546411,1.473810,0.751429,0.997833,1.086416
OG0007624,0.243765,0.794248,1.064758,0.882895,1.067191,1.335280
OG0007625,0.235480,0.573693,0.833109,0.617809,0.863141,1.086013
OG0007626,0.152656,1.047904,1.692508,1.222166,1.234535,1.542858
OG0007630,0.488248,0.973115,1.261601,1.101037,1.019045,1.206857
OG0007633,0.183343,0.559012,0.728163,0.586952,0.649973,0.730749
OG0007637,0.167592,0.659922,0.929115,0.656703,0.982047,1.152456
OG0007642,0.227696,0.589562,0.740720,0.735635,1.122606,1.369052
OG0007649,0.210605,0.591119,0.789838,0.632081,0.642820,0.947693
OG0007650,0.445530,0.925618,1.743154,1.369923,1.726780,1.973992
OG0007652,0.201250,0.942115,0.973767,0.880421,1.030112,1.419165
OG0007655,0.310200,0.554758,1.165373,0.713466,0.987322,1.123227
OG0007661,0.168228,0.488613,1.260567,1.205350,1.155965,1.765796
OG0007663,0.160486,0.643282,0.966030,0.742139,0.909799,1.282791
OG0007675,0.309179,1.122251,1.811684,1.712437,2.317736,2.811200
OG0007679,0.208167,0.882910,1.020129,0.912781,0.782179,0.846156
OG0007680,0.121188,0.623630,0.794330,0.646027,1.195892,0.920213
OG0007681,0.154324,0.586654,1.013023,0.807620,0.928472,1.166280
OG0007685,0.071817,0.742317,1.116054,0.862218,0.848532,1.046703
OG0007686,0.264462,0.749873,1.447775,0.964042,1.482831,1.720361
OG0007690,0.266781,0.730166,1.009119,0.801957,1.076725,1.388712
OG0007693,0.305688,1.092073,1.615472,1.295824,1.984354,1.950391
OG0007695,0.155071,0.592027,0.745099,0.994953,1.199520,1.109778
OG0007698,0.291878,0.470537,0.978035,0.866331,1.005821,1.644228
OG0007700,0.353337,0.564970,0.767097,0.535452,0.695540,0.797939
OG0007702,0.317352,0.416311,0.608164,0.597770,0.815991,0.869782
OG0007703,0.459721,0.952267,1.703455,1.327954,1.561929,1.592726
OG0007704,0.850299,1.143288,2.740117,1.397899,1.521846,2.180114
OG0007706,0.200892,0.666461,1.423056,0.891407,0.900952,1.105659
OG0007707,0.514661,0.985588,1.204776,0.924349,1.324773,1.090791
OG0007709,1.642694,1.097485,0.873523,0.838844,0.477019,0.649537
OG0007712,0.208432,0.978445,1.260392,0.817897,1.247829,1.291801
OG0007716,0.190928,1.197084,1.500308,1.358515,1.446563,1.700735
OG0007724,0.227290,0.527011,0.853212,1.767150,0.958886,1.179627
OG0007726,0.190530,1.056737,1.342830,0.905703,1.177579,1.324942
OG0007731,0.521950,0.442844,0.585541,0.274381,0.876809,1.092422
OG0007735,0.177997,0.568033,0.997270,0.742217,0.909264,1.258524
OG0007736,0.261274,0.652894,0.942528,0.694670,1.089961,1.534757
OG0007737,0.130285,0.281209,0.565592,0.504027,0.829440,0.835739
OG0007738,0.202589,0.450335,1.112273,0.685548,1.030088,1.378678
OG0007740,0.775721,0.845504,1.150466,1.065159,1.107598,1.241799
OG0007743,0.717440,0.467819,1.242809,0.886126,1.104688,1.233589
OG0007744,0.268135,0.715208,1.094004,0.908200,1.069354,1.130639
OG0007747,0.134662,0.425523,0.675485,0.515436,0.658062,0.724549
OG0007748,0.098635,0.994288,1.171729,0.913283,1.268192,1.525308
OG0007750,0.299528,0.836728,0.929890,0.793067,1.157692,1.205439
OG0007751,0.104916,0.458507,0.915024,0.674434,0.759992,1.101751
OG0007752,0.717270,0.880348,1.923669,1.393777,1.788280,2.144051
OG0007754,0.219298,0.758188,1.199608,1.011839,1.124696,1.564921
OG0007755,0.209321,0.411404,0.603849,0.493603,0.609307,0.717234
OG0007759,0.133809,0.332109,0.814790,0.603996,0.720341,1.136676
OG0007761,0.367714,1.085545,1.610635,1.195955,1.443403,2.036917
OG0007762,0.144864,0.329265,0.549370,0.384831,0.550959,0.573706
OG0007765,0.190104,0.542040,1.364861,0.940785,0.951363,1.069127
OG0007766,0.259676,0.579068,1.282410,0.890807,1.445044,1.734421
OG0007769,0.304212,1.813545,1.181054,0.993095,1.486180,1.435963
OG0007770,0.295308,0.746676,1.198048,1.117149,1.218316,1.396256
OG0007778,0.232149,0.700088,1.432675,1.320540,1.224724,1.520718
OG0007780,0.225155,0.493035,0.984949,0.848998,0.926688,1.155826
OG0007781,1.202273,0.531023,0.793992,0.524300,1.112569,1.374878
OG0007783,0.597000,0.351977,1.239971,1.125024,1.920960,1.250346
OG0007786,0.332994,0.812508,1.192692,0.876663,1.252845,1.304004
OG0007789,0.193473,0.626011,0.943146,0.854940,0.979873,1.194187
OG0007790,0.289669,0.834392,1.747411,1.293132,1.379176,2.067995
OG0007793,0.160816,0.745497,1.015654,0.772078,1.202538,1.415726
OG0007795,3.463330,1.037699,2.279408,1.707229,1.048631,1.542194
OG0007796,0.195473,0.582064,0.845547,0.747177,1.449975,1.335675
OG0007798,0.154264,0.454930,0.891870,0.745256,1.270233,1.309337
OG0007802,0.333474,0.475743,0.984304,0.918398,1.059172,1.435135
OG0007803,0.227807,0.829147,1.087918,1.069959,1.209659,1.424475
OG0007804,0.212783,0.588024,0.873455,0.703242,1.020891,1.184862
OG0007805,0.582266,1.293448,1.822989,0.988068,1.575961,2.603131
OG0007806,0.275315,0.932981,1.387579,1.118561,1.362080,1.624323
OG0007807,0.267458,0.819451,1.806554,1.498097,1.446923,2.070779
OG0007822,0.229182,0.604313,0.917953,0.696680,0.755718,0.832458
OG0007827,0.109544,0.394227,0.814734,0.643414,0.796421,0.853087
OG0007828,0.315670,1.105710,1.879026,1.825478,1.918652,2.461206
OG0007831,0.261009,0.520938,1.175486,0.798589,0.853276,1.060081
OG0007832,0.210238,0.474286,0.640543,0.812167,0.758037,1.021062
OG0007835,0.615938,0.857503,1.419454,1.104473,0.837248,1.085955
OG0007836,0.000003,0.576528,1.066741,0.581045,0.558882,0.700666
OG0007838,0.303149,0.775251,1.349085,0.874071,1.128415,1.170449
OG0007840,0.293083,0.681588,0.997035,0.778065,0.928838,1.002110
OG0007842,0.423588,0.492964,0.870481,0.852970,0.880589,1.062246
OG0007847,0.324760,0.897318,1.329377,1.215998,1.982975,2.693396
OG0007849,0.184458,0.526155,0.720364,0.548974,0.732596,0.945759
OG0007852,0.262600,0.651368,1.654340,1.323988,1.030364,1.491086
OG0007855,0.205259,0.740972,1.276981,1.126742,0.860802,1.121114
OG0007859,0.246709,0.669320,1.196431,0.900775,1.183584,1.441766
OG0007866,0.329276,0.597072,1.380933,0.833094,1.060445,1.429473
OG0007867,0.258594,0.560398,1.463017,1.036179,3.010999,3.349624
OG0007868,0.565560,0.963960,2.199913,1.223047,1.703818,2.188834
OG0007869,0.268055,0.774416,1.083950,0.974507,1.157768,1.591478
OG0007873,0.366151,0.650093,1.366845,1.201958,1.251805,1.381359
OG0007874,0.315756,0.610092,1.515221,1.138570,1.105350,1.561138
OG0007876,0.174280,0.347260,0.703901,0.625596,0.789720,1.242402
OG0007881,0.411732,0.728139,0.800631,0.730529,0.911232,1.258041
OG0007882,0.181075,0.616793,0.894192,0.766643,0.839141,1.024010
OG0007883,0.480915,0.590744,0.834302,0.712101,0.828740,1.052819
OG0007884,0.269948,0.242214,0.650378,0.567769,0.766405,0.925171
OG0007886,0.240643,0.901404,1.084337,1.038132,1.042774,1.097489
OG0007887,0.310957,0.528390,0.897883,0.701634,0.777251,1.005514
OG0007888,0.138935,0.426200,0.596728,0.523585,0.573328,0.654057
OG0007890,0.159143,0.850713,1.174019,0.968957,1.053596,1.301326
OG0007891,0.452667,0.488640,0.842482,0.639797,0.872889,0.814278
OG0007893,0.192270,0.645370,1.113284,0.930274,1.209728,1.424440
OG0007894,0.209806,0.884594,1.031279,0.853679,1.142880,1.252442
OG0007895,0.258988,0.551864,0.928389,0.730061,0.817227,0.795982
OG0007899,0.411998,0.327991,0.794369,0.572590,0.706664,0.852445
OG0007904,0.861959,3.857309,1.477146,1.278974,1.374223,1.752061
OG0007905,0.418031,0.564147,1.128648,0.700149,1.049898,1.312480
OG0007906,0.320925,0.932768,1.391322,1.066242,1.124605,1.258544
OG0007908,0.121643,0.619218,1.686626,0.752041,0.970685,1.430810
OG0007910,0.363422,1.092279,1.464226,1.320599,1.491646,2.015433
OG0007912,0.239755,0.851163,1.191090,0.972216,1.167528,1.541007
OG0007915,0.227766,1.169019,1.279213,0.937628,0.999173,1.209104
OG0007917,0.110958,0.607679,0.863952,0.723827,0.725561,1.091451
OG0007918,0.868843,0.365949,0.872373,0.705854,1.151444,1.403987
OG0007920,0.252951,0.534616,1.034624,0.846286,1.182965,1.472603
OG0007921,0.365583,0.585159,1.000960,0.808482,1.034136,1.361577
OG0007922,0.211963,0.494102,0.788742,0.672538,0.760601,0.850127
OG0007927,0.158821,0.429875,0.822104,0.632190,0.953284,1.279591
OG0007930,0.297817,0.826838,1.274918,1.035708,1.390810,1.632047
OG0007931,0.116956,0.614997,1.122392,0.751365,0.736495,0.932156
OG0007934,0.228413,0.606013,1.154080,0.977523,1.279791,1.443212
OG0007935,0.246523,0.538295,1.060433,0.959301,0.972140,1.325228
OG0007937,0.247068,0.827818,1.429458,1.189069,1.240528,1.279159
OG0007939,1.250822,0.467307,0.666455,0.394907,0.765057,0.683975
OG0007941,1.203974,0.106650,0.593326,0.392704,0.355193,0.534633
OG0007949,0.713854,0.812445,1.401909,1.137854,1.614906,2.220485
OG0007950,0.479955,0.672874,1.137086,0.888018,0.962932,1.083986
OG0007953,0.222497,1.032293,1.956389,1.445134,1.629413,2.048736
OG0007954,0.246720,0.854655,1.272737,1.109493,1.539293,1.825830
OG0007957,0.259509,0.630852,1.360109,1.071340,1.100090,1.390108
OG0007958,0.138184,0.568774,1.011192,1.205198,1.182247,1.512801
OG0007962,0.097751,0.446570,0.796660,0.672663,0.810705,0.928472
OG0007964,0.260551,0.546313,0.955352,0.750915,1.054801,1.226165
OG0007968,0.281554,0.675739,1.072403,0.965174,0.907416,0.960209
OG0007972,0.259428,0.572470,1.060877,0.916858,0.805126,1.162179
OG0007975,0.191365,0.527751,1.382105,1.068995,1.184173,1.698360
OG0007976,0.097182,0.294471,0.433332,0.316442,0.429012,0.452768
OG0007977,0.169792,0.525075,0.729119,0.620100,0.814858,0.901372
OG0007978,0.342583,0.405311,1.088651,0.628674,0.733490,0.890488
OG0007979,0.107509,0.333600,0.587497,0.502709,0.476506,0.568932
OG0007980,0.126754,0.437360,0.747316,0.590969,0.745433,1.014230
OG0007982,0.349667,1.033222,1.189895,1.002912,1.197523,1.524748
OG0007985,0.706909,0.642881,1.612243,1.395869,1.394855,1.664909
OG0007990,0.202465,0.781691,1.371656,1.063894,1.279079,1.400909
OG0007991,0.258889,0.546057,1.036578,0.888106,1.010841,1.207894
OG0007992,0.551670,0.351232,1.003787,0.568475,0.755539,1.333898
OG0007993,0.069762,0.536985,0.749117,0.589641,0.824147,1.183797
OG0007996,0.164805,0.085661,0.358057,0.335989,0.445993,0.553481
OG0007997,0.404676,0.826738,1.530819,1.206912,1.192150,1.444433
OG0008000,0.205342,0.518099,0.866010,0.630640,0.839467,0.940058
OG0008002,0.707686,1.070898,1.198302,1.160341,1.266165,1.462952
OG0008003,0.275476,6.270678,1.110247,0.763530,0.990958,1.892786
OG0008006,0.321869,0.686421,2.171609,1.413979,2.480422,3.791962
OG0008008,0.182561,0.550047,1.048018,0.762536,1.004052,1.082017
OG0008011,0.375930,0.721708,1.043596,0.927787,0.961370,1.248725
OG0008017,0.825155,0.739206,0.675740,0.626299,1.257102,1.417419
OG0008019,0.359266,0.860457,1.251685,1.132351,1.292865,1.413060
OG0008021,0.279638,0.960222,1.624830,1.231714,1.226425,1.373909
OG0008025,0.214336,0.645504,0.934616,0.838047,1.095246,1.210547
OG0008026,0.115393,0.382064,0.809103,0.519682,0.794891,1.323641
OG0008029,0.167280,0.675076,1.186725,0.932230,1.087479,1.282330
OG0008030,0.191895,0.738979,1.110479,0.951401,0.989434,1.273101
OG0008032,0.213166,0.705293,1.162874,0.893837,0.887015,1.002075
OG0008033,0.127917,0.458291,0.891539,0.740208,0.930136,1.243858
OG0008036,0.298231,0.846090,1.137163,0.860719,1.216955,1.349804
OG0008038,0.277990,0.519268,0.803859,0.694078,0.932236,1.027419
OG0008040,0.209804,0.695373,0.854945,0.734446,0.802411,1.039607
OG0008043,1.443850,0.491708,0.669946,0.421539,0.978160,1.364331
OG0008048,0.146538,0.957444,1.832411,1.077717,1.426490,2.302902
OG0008049,0.241320,0.706031,1.211319,0.712943,0.968947,1.180590
OG0008050,0.259761,0.675813,1.284928,0.897259,1.204370,1.494684
OG0008056,0.345609,0.580327,1.010005,0.684795,1.067380,1.284974
OG0008057,0.244816,0.886954,1.117767,0.985773,1.182449,1.400516
OG0008062,0.343162,0.525658,0.877081,0.440429,0.733604,0.861155
OG0008068,0.178120,0.614005,0.907800,0.769251,0.812698,0.948549
OG0008069,0.128192,0.506755,0.826936,0.851799,0.646950,0.759509
OG0008071,0.349354,1.128875,1.773883,1.626739,1.476332,1.702922
OG0008075,0.551580,0.701352,1.291889,1.162735,1.839241,2.222782
OG0008077,0.288974,1.018651,1.333654,1.116456,0.844198,1.269482
OG0008078,0.241045,0.720796,1.114864,0.970195,1.171126,1.347143
OG0008079,0.670433,0.665616,1.745097,1.756556,1.188230,1.644271
OG0008081,0.174731,0.609035,1.017020,0.778705,0.912254,1.048526
OG0008082,0.159611,0.555624,1.011379,0.913702,1.112863,1.480220
OG0008095,0.288095,0.517426,1.087638,0.964769,1.337782,2.441847
OG0008101,0.316685,0.533443,1.133872,1.001150,1.039587,1.364750
OG0008103,0.188563,0.671431,0.947866,0.756910,1.140441,1.660972
OG0008106,0.220406,0.974853,1.125452,1.226947,1.209818,1.226785
OG0008107,0.179806,0.695213,1.149752,0.840112,0.836584,1.032807
OG0008108,0.328876,0.842608,1.398181,1.300990,1.782571,1.868571
OG0008110,0.713342,0.960336,1.426180,0.906528,1.737351,2.063807
OG0008112,0.145353,0.654901,1.124027,0.850199,1.000917,1.076222
OG0008113,0.227207,0.871720,1.173408,1.013077,1.186360,1.664850
OG0008115,0.102767,0.872854,0.995933,0.824850,0.974320,1.039869
OG0008116,0.242089,0.776821,1.484181,1.133348,1.205959,1.487149
OG0008119,0.230904,0.639183,1.441061,0.817289,1.061620,1.613993
OG0008120,0.191931,0.453942,0.858333,0.918393,0.800161,0.918837
OG0008121,0.320939,0.705303,1.189880,0.851864,0.966860,1.456097
OG0008122,0.790934,0.635903,2.764799,1.765088,1.354464,2.425530
OG0008123,0.356130,0.244490,0.625336,0.442274,0.844974,0.848880
OG0008124,0.193410,0.618450,0.819253,0.690996,0.784908,0.878221
OG0008127,0.205598,0.714169,1.101685,1.011027,1.171562,1.249410
OG0008133,0.409011,0.492461,0.791331,0.914467,0.902796,0.951169
OG0008137,0.273410,0.888162,1.044626,0.767702,1.929511,1.125296
OG0008140,0.118429,0.470922,0.854243,0.688434,0.797216,0.902558
OG0008142,0.417766,0.786405,1.243722,1.875865,1.112996,1.418011
OG0008144,0.281912,0.628355,1.159297,0.790464,1.082841,1.394185
OG0008146,0.273533,0.559488,1.023812,0.781565,0.881956,1.523578
OG0008147,0.317701,0.669613,1.413214,1.816096,1.430609,1.988523
OG0008150,0.163886,0.734091,1.204016,1.599629,0.917083,1.217332
OG0008152,0.176724,0.560853,0.964531,0.692572,1.083260,1.086249
OG0008153,0.169729,0.689039,1.313296,0.973257,0.991160,1.236243
OG0008154,0.391917,0.889845,1.784410,1.528694,1.834217,1.819629
OG0008156,0.302753,0.605893,0.965232,0.761554,1.148948,1.264336
OG0008163,0.374597,0.859816,1.339778,1.214863,1.090622,1.311967
OG0008164,0.351743,0.546768,0.941080,0.731112,1.276381,1.284834
OG0008165,0.264954,0.714877,1.401636,1.055110,1.018739,1.137830
OG0008166,0.170247,0.662192,0.821771,0.690743,0.828977,1.042886
OG0008168,0.340906,0.557621,1.125546,0.942172,1.522656,1.701526
OG0008170,0.198560,0.839313,1.111083,0.888752,0.945618,1.334076
OG0008172,0.194822,0.740456,1.017120,0.808021,0.965567,1.163447
OG0008175,0.135499,0.505750,0.929626,0.665957,0.912824,1.333430
OG0008176,0.317050,0.861130,1.135339,0.929858,1.143778,1.192784
OG0008183,0.312773,0.558804,0.937252,0.830620,0.719330,0.842806
OG0008187,0.255245,0.789562,1.153367,0.988147,1.191892,1.393917
OG0008191,0.120941,0.639096,0.858655,0.676832,1.002784,1.168441
OG0008196,0.194598,0.744256,0.860077,0.669560,0.889739,1.097733
OG0008197,0.294593,0.815041,1.156852,0.911326,1.134252,1.232354
OG0008198,0.223769,0.988768,1.625204,1.257777,1.389651,1.646167
OG0008199,0.169821,0.645705,1.521664,0.857297,1.638372,1.196656
OG0008205,0.180456,0.339172,0.572407,0.408277,0.527490,0.555516
OG0008206,0.209840,0.459826,0.772079,0.685357,1.586630,0.941782
OG0008210,0.502584,0.691433,1.385988,0.731913,0.594173,0.892833
OG0008211,0.167611,0.411968,0.779847,0.583154,0.771198,1.106240
OG0008214,0.160931,0.474065,0.782496,0.718693,0.865498,1.018700
OG0008217,0.263534,0.637303,1.065981,0.842884,1.141727,1.208047
OG0008219,1.562724,0.559219,0.991550,0.794374,0.843279,0.953574
OG0008220,2.352824,0.717819,1.633464,1.115067,1.137681,1.907840
OG0008227,0.005357,0.433852,0.795065,0.785269,0.910849,1.006247
OG0008228,0.327500,1.036505,1.438848,1.362159,1.366167,1.465828
OG0008232,0.157312,0.499224,0.962058,0.661873,0.786357,0.765062
OG0008233,0.294930,0.602165,1.400049,1.002927,1.589388,1.557011
OG0008235,0.405545,0.670365,1.296075,0.896796,1.371194,2.189127
OG0008237,0.110174,0.212633,0.425007,0.282140,0.333439,0.472797
OG0008238,0.155165,0.533155,1.014788,0.654257,1.024600,5.983780
OG0008241,0.075690,0.182245,0.306428,0.249717,0.332776,0.394464
OG0008243,0.249543,0.630587,0.792805,0.713003,1.001413,1.524735
OG0008247,0.254789,0.658882,1.051408,0.798976,1.220303,1.661635
OG0008251,0.215114,0.647007,1.251259,0.968118,1.053656,1.230684
OG0008254,0.202023,0.565325,0.834809,0.526122,0.711069,1.008718
OG0008258,0.638744,0.635324,1.185896,0.965292,1.201759,1.800176
OG0008259,0.300488,0.702972,1.214422,1.168284,1.389233,1.737414
OG0008262,0.174276,0.514940,0.987806,0.677583,0.896665,1.127687
OG0008270,0.256278,0.762113,1.454189,1.064678,1.021634,1.547297
OG0008271,0.275928,0.764453,1.671257,1.091424,1.605555,1.809551
OG0008272,0.190797,0.761959,1.269493,1.047796,1.209238,1.440498
OG0008274,0.483365,0.558237,0.933937,0.723893,0.840679,1.111898
OG0008277,0.186735,0.605086,1.085648,0.794596,1.042683,1.303075
OG0008278,0.169112,0.791317,1.474215,1.235725,1.238611,1.506748
OG0008281,0.260330,0.796592,1.250429,0.881645,1.123721,1.391482
OG0008283,0.201230,0.587574,1.014733,0.696768,0.964680,1.236137
OG0008287,0.540902,0.787969,1.203514,1.092634,1.316561,1.752256
OG0008289,0.194256,0.591638,1.029072,0.767478,0.666101,0.978494
OG0008291,0.251374,0.749188,1.291755,1.089463,1.242189,1.335282
OG0008292,0.159634,0.513372,0.857814,0.607374,0.748852,0.974606
OG0008294,0.221044,0.446510,0.757114,0.826675,1.695665,1.319987
OG0008296,0.345858,0.639358,0.773219,0.553283,0.805952,1.109828
OG0008301,0.272192,0.801594,1.341288,0.957288,1.201529,1.384773
OG0008302,0.167512,1.785117,1.466019,1.464506,1.102740,1.349778
OG0008304,0.128148,1.344832,1.969643,1.694873,1.662836,1.840524
OG0008308,0.496216,0.660244,1.297486,1.036480,1.363701,1.912810
OG0008309,0.482663,0.842769,1.041245,0.847286,1.204652,1.252686
OG0008311,0.317707,0.476574,0.906794,0.663051,0.775248,0.937051
OG0008312,0.236651,0.976200,1.795843,1.515831,1.874920,2.102413
OG0008313,0.164306,0.671883,1.057070,0.701040,1.014010,1.111457
OG0008314,0.214397,4.770151,0.919498,0.644913,0.576148,0.636849
OG0008318,0.302411,0.728341,1.266643,0.874807,0.965508,1.119227
OG0008319,0.828134,0.641330,0.194722,0.584935,0.826066,1.196727
OG0008320,0.219667,0.840692,1.254872,0.979588,1.096078,1.273849
OG0008326,0.423391,0.561977,0.939362,0.691265,1.001280,1.985302
OG0008328,0.241691,0.857863,1.114439,0.760895,0.980452,1.405102
OG0008329,0.242189,0.643056,1.335396,0.831644,0.990497,1.615923
OG0008331,0.278084,0.405382,0.954476,0.874937,0.872446,1.458636
OG0008334,0.126294,0.506001,0.880374,0.636546,0.891515,1.061901
OG0008336,0.226603,0.605320,0.939424,0.762399,1.018408,1.127718
OG0008337,0.206117,0.417009,0.704716,0.522119,0.689616,1.004662
OG0008338,0.192485,0.505345,0.861791,0.736500,0.783608,0.801731
OG0008340,0.134554,0.629325,0.775026,0.660647,0.669495,0.846214
OG0008342,0.306125,0.692614,1.080856,0.934340,1.186842,1.419853
OG0008345,0.881917,0.678291,1.657963,1.564579,1.405230,1.716348
OG0008346,0.131820,0.986219,1.428214,1.111046,1.560733,1.863482
OG0008347,0.163975,0.501933,0.963792,0.862019,0.977740,1.230781
OG0008348,0.205553,0.511636,0.804009,0.850919,0.872557,1.260889
OG0008349,0.224984,0.821082,1.147555,1.033011,1.185385,1.314903
OG0008351,0.304223,1.124310,1.664991,1.277516,1.482074,1.703008
OG0008352,0.161501,0.430145,1.045440,0.690947,0.945042,1.091885
OG0008354,0.281638,0.800280,1.344804,1.036504,1.627729,1.401809
OG0008362,0.198718,0.704069,1.277921,0.995139,1.168848,1.623354
OG0008363,0.182097,0.530221,0.747487,0.579525,0.827618,1.084351
OG0008364,0.207267,0.613962,0.945897,0.852757,1.024542,1.289553
OG0008367,0.260403,0.834477,1.609965,1.392995,1.516767,1.958226
OG0008369,0.234002,0.682689,1.116156,0.941785,1.150935,1.334215
OG0008374,0.231883,0.685252,1.237707,1.018650,1.608538,2.198015
OG0008375,0.141561,0.527151,0.919873,0.767098,0.924988,0.940638
OG0008376,0.284359,0.767083,1.545371,1.271052,1.372750,1.374362
OG0008378,1.165975,0.540642,0.585663,0.249950,0.556831,0.809649
OG0008379,0.430835,0.802056,1.237476,0.958835,1.274930,1.391217
OG0008380,0.189807,0.534131,1.012815,0.710721,0.817879,0.961417
OG0008381,0.339785,0.702809,1.084521,0.928552,1.635080,1.606693
OG0008382,0.153255,0.852196,1.047761,0.830104,1.046326,1.167738
OG0008386,0.269829,0.927683,1.228216,0.968926,1.058213,1.519845
OG0008388,0.254058,0.751375,1.174592,0.983829,1.246968,1.418671
OG0008389,0.213918,0.379000,0.615941,0.583047,0.637489,0.637308
OG0008394,0.226187,0.830963,1.280026,1.028268,1.345858,1.466928
OG0008396,0.272554,0.750067,1.264864,1.040332,1.162119,1.325415
OG0008397,0.230601,0.717377,1.228059,0.989343,1.306660,1.592387
OG0008401,0.234313,0.695629,1.180223,0.988940,1.319599,2.070306
OG0008403,0.243011,0.896571,1.359173,0.915163,1.052253,1.241138
OG0008406,0.164253,0.602643,1.033746,0.894462,0.998613,1.326329
OG0008409,0.158829,0.579307,0.794652,0.442861,0.681045,1.135524
OG0008413,0.145552,0.461555,0.770955,0.671726,0.639225,3.064233
OG0008415,0.145054,1.197872,1.682254,1.256741,1.460121,1.577599
OG0008427,0.226941,0.667252,1.005334,1.001820,1.090613,1.359032
OG0008428,0.168886,0.630681,1.152500,0.828753,1.100695,1.246641
OG0008435,0.143603,0.674382,0.893639,0.777509,0.826189,1.075659
OG0008436,0.369332,0.854569,1.515158,1.310057,1.616524,2.229293
OG0008437,0.271746,0.582628,0.912966,0.710287,0.748556,0.821756
OG0008439,0.529827,0.626795,0.944175,0.813033,1.383590,1.800591
OG0008440,0.247339,0.550214,0.857885,0.677263,0.789747,0.865912
OG0008441,0.242367,0.650278,1.505533,1.026337,1.122542,1.110685
OG0008442,0.190302,1.101475,1.678361,1.326173,1.508642,1.642462
OG0008444,0.208545,0.410940,0.766141,0.652249,0.772702,0.988742
OG0008445,0.113346,0.382846,0.760147,0.558452,0.750900,0.781134
OG0008451,0.163977,0.463710,0.823166,0.745613,0.699579,1.048792
OG0008454,0.211809,0.718240,1.945509,1.818551,1.053362,1.542197
OG0008458,0.213685,0.522962,0.842346,0.764704,0.917952,1.144354
OG0008463,0.740643,1.364134,2.110970,1.666244,2.354615,2.886889
OG0008464,0.102282,0.427660,0.835938,0.680883,0.727880,0.856505
OG0008465,0.167149,0.717492,0.697394,0.678742,0.892467,0.939495
OG0008470,0.161030,0.643150,0.862513,0.801114,1.145581,1.169359
OG0008473,0.975203,0.766893,1.747045,1.311682,2.929473,3.415608
OG0008474,0.210590,0.583963,1.035429,0.887956,0.872171,1.055697
OG0008475,0.318251,0.676646,1.531356,1.152033,1.268607,1.331328
OG0008476,0.203053,0.380743,0.701911,0.518219,0.609263,0.660275
OG0008479,0.087083,0.512318,0.673940,0.607551,0.782008,0.931210
OG0008481,0.470208,0.506117,0.972122,0.819891,1.221989,1.557799
OG0008489,0.352546,0.968639,1.535781,1.317767,1.605710,1.883243
OG0008490,0.530437,1.301915,1.942958,1.504126,1.965672,2.573460
OG0008491,0.057357,0.481664,1.019129,0.969974,0.639598,0.739481
OG0008494,0.232503,0.784793,0.815099,0.866372,0.836569,1.133295
OG0008495,0.121916,0.660883,1.256445,1.097290,1.095185,1.324184
OG0008497,0.828554,0.773767,1.578070,0.834378,1.097429,1.681084
OG0008498,0.214838,1.009060,0.977141,0.814875,0.998230,1.381654
OG0008499,0.240884,0.713800,1.206080,0.917170,1.038041,1.148988
OG0008501,0.268663,0.486939,0.850458,0.668799,0.716067,0.892692
OG0008502,0.235733,0.814548,1.481341,1.400617,1.296300,1.464261
OG0008503,0.208423,0.584264,1.390260,0.957074,1.392819,2.341008
OG0008516,0.162185,0.491753,0.915156,0.655814,0.824175,0.960089
OG0008519,0.338069,0.666502,0.842996,0.619177,0.886173,0.992156
OG0008523,0.292114,0.764661,1.086173,0.944026,1.176155,1.389534
OG0008526,0.839180,1.071131,0.756522,0.666020,0.845076,1.047575
OG0008527,0.849806,1.145981,1.740681,1.424030,2.565109,3.532500
OG0008529,0.314373,0.877064,1.178861,0.824512,0.827984,0.977683
OG0008531,0.250766,0.655767,1.123573,0.826170,1.691492,1.816482
OG0008534,0.371557,0.863181,1.185496,1.016996,1.183050,1.320156
OG0008535,0.380065,0.647849,0.871831,0.800926,0.948565,1.193157
OG0008536,0.366935,0.756078,1.398525,0.912714,1.295400,1.622200
OG0008539,0.201709,0.714919,1.237762,0.744911,0.850845,0.947508
OG0008542,0.181417,0.617027,1.390533,0.969324,1.136852,1.373150
OG0008544,0.190758,0.287902,0.657222,0.491005,0.571514,0.943549
OG0008551,0.154258,0.493568,0.749598,0.651845,0.716853,0.879565
OG0008554,0.282932,0.799650,1.044709,0.800646,0.882951,1.141740
OG0008556,0.192859,0.515771,0.948079,0.720350,1.072756,1.233581
OG0008557,0.405064,0.599333,1.071287,0.766884,0.962494,1.109196
OG0008558,0.068316,0.393706,0.768297,0.638016,0.748688,1.072702
OG0008559,0.288438,0.878072,1.396806,1.027980,1.190665,1.600226
OG0008560,0.203825,0.779771,1.185000,0.813260,0.964646,1.164527
OG0008564,0.229036,0.659073,0.980388,0.818801,1.047468,1.157632
OG0008566,0.231950,0.753030,1.013774,0.863061,1.093245,1.259596
OG0008567,0.270878,0.850100,1.170490,0.920699,1.150160,1.771953
OG0008570,0.666439,0.369622,0.712563,0.517116,0.770265,0.915699
OG0008571,0.355515,1.018026,1.722667,1.538999,1.578043,1.991785
OG0008573,0.255100,0.468081,0.943748,1.075975,0.920268,1.259598
OG0008574,0.332868,0.560848,1.385908,1.002566,1.823409,1.817669
OG0008576,0.389422,0.726367,1.420051,0.762493,0.649715,0.967653
OG0008577,0.199137,0.634555,1.009577,0.943815,0.862846,0.907215
OG0008578,0.196740,0.759889,1.164761,0.894073,0.912134,1.069974
OG0008579,0.228500,0.983089,1.085684,0.812222,1.206098,1.224800
OG0008580,0.806035,0.527897,0.676793,0.374116,0.663832,0.782286
OG0008581,0.225318,0.846908,1.302961,1.059433,1.264087,1.421490
OG0008585,0.336346,0.626651,0.877368,0.691257,0.867697,1.009835
OG0008589,0.310057,1.269535,1.530390,1.535335,1.381489,1.453644
OG0008591,0.077150,0.911171,1.343265,1.274746,1.140350,1.310330
OG0008594,0.225361,0.872310,1.337347,1.172469,1.224548,1.559454
OG0008595,0.252094,0.627954,0.988631,0.795074,1.176698,1.478109
OG0008597,0.431459,0.531042,0.802800,0.556937,0.697877,0.918050
OG0008604,0.350327,0.500969,1.131190,1.178143,1.421040,1.959771
OG0008608,0.344310,0.802358,1.141161,1.068774,1.033835,1.223246
OG0008610,1.431298,1.141393,3.473354,1.509197,1.707490,2.390441
OG0008612,0.196555,0.577581,1.025501,0.878700,0.915051,1.081240
OG0008613,0.286738,0.668274,0.980471,1.151751,0.979005,1.148568
OG0008616,0.340485,0.567607,0.951665,0.975611,0.885445,1.218155
OG0008617,0.312307,1.302535,1.487167,1.224461,1.696768,1.815007
OG0008620,0.213216,0.725505,1.244725,0.939031,1.274550,2.027203
OG0008624,0.302224,0.665359,0.665480,0.966279,0.881845,1.093226
OG0008627,0.180805,0.675092,0.964925,0.799125,0.931224,0.955052
OG0008630,0.208422,0.775377,1.149911,0.950024,1.309222,1.443872
OG0008631,0.211231,0.540504,0.990598,0.536519,1.276260,1.572509
OG0008634,0.300735,0.446226,0.906709,0.609120,0.772344,0.961812
OG0008636,0.985678,0.963737,1.064832,0.944853,1.302835,1.625715
OG0008641,0.243927,0.504943,1.080392,0.731422,0.825249,1.157627
OG0008643,0.386198,0.876087,1.337213,1.012936,1.184760,1.510113
OG0008646,0.315866,1.863895,1.523551,0.960608,1.017385,0.977545
OG0008648,0.246485,0.533922,1.333343,0.948982,1.365261,1.734801
OG0008649,0.199833,1.088403,2.118883,1.620921,3.035704,3.723390
OG0008650,0.223242,0.727404,0.908523,0.895725,0.925170,1.024851
OG0008653,0.237643,0.544626,1.023023,0.661399,0.726972,0.968570
OG0008657,0.236447,0.499294,1.086907,0.986914,1.313116,2.020108
OG0008663,0.258284,0.704787,1.258389,0.955010,1.284250,1.536429
OG0008667,0.243907,0.351151,1.248662,0.675181,0.715323,1.095212
OG0008671,0.200898,0.511276,0.853534,0.784446,0.883633,1.065128
OG0008674,0.286753,0.496330,0.957722,0.736721,1.178717,1.446526
OG0008675,0.103640,0.619697,1.133372,0.798743,1.066811,1.118652
OG0008677,0.171118,5.646492,0.654660,0.604807,1.046609,5.638007
OG0008678,0.240373,0.433779,0.719851,0.614371,0.778111,0.986307
OG0008680,0.231347,0.567012,0.912863,0.719106,0.936889,1.289641
OG0008681,0.305206,0.274007,0.404941,0.303806,0.189985,0.248562
OG0008684,0.232792,0.680542,0.970152,0.711574,1.011529,1.211136
OG0008687,0.252505,0.925575,1.390210,1.114555,1.332065,2.125692
OG0008689,0.589368,0.476227,0.931119,0.809308,0.996487,1.013659
OG0008690,3.155175,0.866558,1.381196,1.170148,2.114121,2.722233
OG0008692,0.217816,0.489508,1.131004,0.773614,1.201015,1.667742
OG0008695,0.296082,1.266155,1.474761,1.275261,1.277215,1.551146
OG0008696,0.312279,0.658603,1.075902,0.860398,1.085314,1.463325
OG0008698,0.261102,1.184063,1.751733,1.816494,1.121018,1.583470
OG0008699,0.411144,0.401360,1.245724,1.144828,1.373384,1.580777
OG0008700,0.267558,0.700938,1.042964,0.792628,1.124491,2.323647
OG0008701,0.252376,0.556437,1.120260,0.721878,0.974744,1.025561
OG0008702,0.182968,0.705895,0.851859,0.753079,1.063145,1.142408
OG0008707,0.066745,0.416391,0.837707,0.584241,0.614396,0.864528
OG0008708,0.321235,0.787314,1.535594,1.014778,0.972605,1.089231
OG0008709,0.195289,0.600332,1.046697,0.856432,1.219929,1.349463
OG0008710,0.144254,0.531985,0.501193,0.322802,0.582125,0.705488
OG0008713,0.497575,0.778304,0.989157,0.797417,0.816806,0.976805
OG0008714,0.359141,0.667458,0.985477,0.651974,0.803391,0.948523
OG0008718,0.333414,0.853914,1.458358,1.188626,1.451535,1.758597
OG0008724,0.465476,0.511074,0.890089,0.618733,0.897446,0.927553
OG0008728,0.566579,0.620606,1.040374,0.870732,1.286281,1.503999
OG0008733,0.435069,0.848563,1.344876,1.044623,1.216145,1.710199
OG0008738,0.487961,1.131259,2.355245,2.054803,1.829102,2.257140
OG0008741,0.170378,0.584200,1.604909,1.030615,1.310651,1.681799
OG0008744,0.359230,0.574148,0.845057,0.803622,0.878404,1.011930
OG0008745,0.678128,0.461781,0.279639,0.459212,0.704835,0.942791
OG0008746,0.253810,0.618958,1.038944,0.916054,1.382881,2.148139
OG0008748,0.320896,0.665493,0.966701,0.804482,0.990083,1.072540
OG0008749,0.382540,0.507624,0.886869,0.604001,0.942216,1.067606
OG0008751,0.260421,0.947686,1.242965,0.999925,1.446746,1.879015
OG0008758,0.269221,0.321665,0.937020,0.693151,1.064536,0.993946
OG0008759,0.384784,0.917001,1.517330,1.067405,1.299527,1.468814
OG0008763,0.300853,0.758223,1.506634,1.087736,1.083064,1.500998
OG0008769,0.125355,0.617289,0.619211,0.862850,0.791043,1.080908
OG0008771,0.332739,0.556574,0.784315,0.612059,0.865639,0.958365
OG0008773,0.297740,1.080521,1.470912,1.170444,1.260092,1.397675
OG0008775,0.163864,0.749945,1.017716,0.936282,1.045550,1.217824
OG0008776,0.212424,0.779802,1.162021,0.866608,2.529932,1.846588
OG0008777,0.360314,0.841611,1.618321,1.199156,1.289838,1.808891
OG0008778,0.346544,0.699662,1.064893,0.873185,0.934649,1.176815
OG0008779,0.369922,0.605696,0.834759,0.861624,0.937712,1.127388
OG0008781,0.177918,0.930362,1.350284,1.186029,0.987467,1.275016
OG0008782,0.061157,0.699496,0.968846,1.044924,0.757685,0.995092
OG0008783,0.198820,0.592688,0.895629,1.552422,1.028925,1.609897
OG0008786,0.307439,0.806739,1.484289,1.474435,1.520717,1.636325
OG0008789,0.142930,0.747373,1.307634,0.986066,1.268654,1.413687
OG0008795,0.635059,0.611705,0.802338,0.612922,0.687970,0.831759
OG0008799,0.196870,0.501168,0.852644,0.601472,0.781272,0.789053
OG0008800,0.204359,0.492225,1.076848,0.749653,1.049804,0.991578
OG0008803,0.177589,0.687467,0.938263,0.862522,1.095432,1.179087
OG0008805,0.250895,0.802718,1.312585,1.131541,1.399615,1.633393
OG0008806,0.149673,0.308283,0.546432,0.489967,0.688201,0.950338
OG0008809,0.328921,0.785564,1.042557,0.935796,1.071280,1.229906
OG0008810,0.198216,0.679364,1.444864,1.133861,1.184435,1.343900
OG0008812,0.293219,0.805860,1.439855,0.986073,1.238711,1.576129
OG0008814,0.458573,0.471723,0.689587,0.553316,0.620816,0.822063
OG0008816,0.679502,0.637595,0.951186,0.916676,1.118604,1.138597
OG0008825,0.234546,0.693610,1.288766,1.103295,1.148012,1.227730
OG0008826,0.392322,0.639648,0.963339,0.692920,1.078472,1.350881
OG0008827,0.532130,0.720333,1.247089,0.969607,1.429871,1.457919
OG0008832,0.251876,0.746164,1.325299,0.964962,1.151276,1.253506
OG0008834,0.299903,0.417023,0.784173,0.726797,0.927441,1.085328
OG0008835,0.195145,0.416774,0.861008,0.701761,1.172362,1.228063
OG0008837,0.382447,0.820954,1.388760,1.104168,1.214612,1.578856
OG0008845,0.173355,0.520725,1.289607,1.176067,1.009355,1.346156
OG0008847,0.076029,0.625353,1.368671,1.268702,1.449984,1.418274
OG0008851,0.786900,0.621313,0.874393,0.583620,1.331944,1.230776
OG0008855,0.335428,0.779615,1.215345,0.918282,1.067793,1.572876
OG0008857,0.170868,0.589058,0.907570,0.702877,0.803594,0.991227
OG0008860,0.258512,0.795702,1.181614,0.943489,1.119860,1.302587
OG0008861,0.211199,0.768180,1.050386,0.952940,0.920923,1.122493
OG0008862,0.240497,0.868234,1.811279,1.246528,1.022034,1.072350
OG0008863,0.069713,0.628481,0.943654,0.770872,1.041061,1.103398
OG0008864,0.861602,0.666682,0.791781,0.864618,0.499945,0.568366
OG0008865,0.331927,0.849316,1.393273,1.129054,1.544214,1.509316
OG0008868,0.118387,0.637247,1.033933,0.817225,0.950400,1.146841
OG0008870,0.074633,0.571038,1.063615,0.736720,1.001169,1.097099
OG0008873,0.281832,0.769062,1.341877,1.201745,0.940906,1.220353
OG0008874,0.159781,0.522458,0.942208,0.611586,0.975759,1.200072
OG0008875,0.301171,0.710556,1.276926,0.740459,1.357532,1.554030
OG0008880,0.253914,0.640898,0.891696,0.776762,1.073623,1.126784
OG0008882,0.187964,0.457018,0.771713,0.610626,1.000676,1.049087
OG0008884,0.365579,0.918555,1.683682,1.486448,1.875709,2.479026
OG0008885,0.094969,0.562969,0.667652,0.534444,0.639722,0.743074
OG0008887,0.156422,0.558105,2.076777,1.555333,1.056330,1.584663
OG0008889,0.218137,0.689292,0.948624,0.942207,1.034878,1.193698
OG0008892,0.225746,1.010837,1.257382,0.904643,1.039941,1.047171
OG0008893,0.264259,0.484222,0.849380,0.708867,0.763015,0.875109
OG0008894,0.567259,0.513839,0.935305,0.679015,0.828904,1.022535
OG0008895,0.333007,0.535941,0.888178,0.697736,0.828128,0.987121
OG0008896,0.268524,1.130338,1.909554,1.552009,1.589481,1.655516
OG0008897,0.201590,0.777179,1.107726,0.794388,1.148769,1.404890
OG0008899,0.074227,0.608393,1.022676,0.672999,1.096705,0.967704
OG0008900,0.395785,0.425087,0.850038,0.555287,0.770355,0.961822
OG0008901,0.481042,0.536571,0.970835,0.706568,0.819655,0.853253
OG0008905,0.214683,0.808291,1.050778,0.745278,0.802871,1.005782
OG0008906,0.196053,0.450549,0.985497,0.835683,1.022265,1.812547
OG0008908,0.527823,0.838693,0.871697,0.712019,1.088508,1.202239
OG0008909,0.306336,0.388880,1.232817,0.868303,1.673055,0.978739
OG0008911,0.246997,1.081017,1.744484,1.224724,1.250661,1.555185
OG0008916,0.144650,0.663621,0.997719,0.710237,1.081558,1.165521
OG0008919,0.123043,1.009110,1.775627,1.328841,1.168891,1.409429
OG0008920,0.207238,0.561890,1.009359,0.750606,0.933324,1.197062
OG0008922,0.436529,0.604634,0.929366,0.751405,1.039557,1.140953
OG0008925,0.470446,0.549975,0.514515,0.508817,0.937150,0.861036
OG0008926,0.430025,0.806348,1.421281,1.230839,1.314620,1.721218
OG0008928,0.160212,0.710511,1.307957,1.563046,2.037436,1.351384
OG0008930,0.168179,0.853938,1.084541,0.907064,1.172464,1.052838
OG0008931,0.209358,0.505107,0.848489,0.634867,0.885067,0.997639
OG0008935,0.272124,0.505162,0.976657,0.741084,0.650572,0.799359
OG0008940,0.070995,0.196735,0.267548,0.232825,0.313016,0.330280
OG0008941,0.527072,0.807194,1.327110,1.221216,1.814254,2.249497
OG0008942,0.242916,0.556147,0.961672,0.796754,1.111708,1.330695
OG0008943,1.718436,1.899517,3.533597,2.851203,2.934100,3.851792
OG0008947,0.552285,0.704727,0.895975,0.554404,0.744194,0.881050
OG0008948,0.162609,0.349822,0.840940,0.694517,0.686197,0.911358
OG0008952,0.326191,0.521017,1.519724,0.925834,1.240392,2.174070
OG0008954,0.435233,0.949920,1.502361,1.465856,1.593157,1.789609
OG0008955,0.287097,0.518868,0.764794,0.573090,0.835647,1.046905
OG0008958,0.188630,0.628422,1.065503,0.818919,0.751264,1.021824
OG0008965,0.112888,0.599525,1.052649,0.751176,0.727481,0.875774
OG0008966,0.259619,0.717556,0.989629,0.787318,1.053127,1.169425
OG0008968,0.354766,0.771242,1.307836,1.323826,1.146215,1.639275
OG0008969,0.151884,0.388656,0.566547,0.442732,0.575092,0.724287
OG0008970,0.226000,0.703544,1.250610,0.905506,0.931589,1.222899
OG0008971,0.343939,1.138854,1.833298,1.472572,1.277184,1.449530
OG0008972,0.186895,0.600915,0.651941,0.505410,0.712890,0.724506
OG0008973,0.259239,0.752398,1.854785,1.049822,0.976391,1.223333
OG0008975,0.157580,0.505417,0.853425,0.642848,0.944460,1.107649
OG0008979,0.264435,0.684135,1.348904,0.962691,0.968635,1.251083
OG0008981,0.322188,0.512001,1.066394,0.917275,1.261624,1.675395
OG0008989,0.235555,0.964097,1.257504,1.030187,1.411634,1.524630
OG0009002,0.489504,0.759902,0.680285,0.436140,0.457069,0.711899
OG0009005,0.219362,0.662967,1.018791,0.876022,1.010635,1.261446
OG0009006,0.294892,0.739757,1.348764,0.832166,1.451804,1.441460
OG0009007,0.114360,0.380858,0.847766,0.501650,0.708605,0.770199
OG0009008,0.181618,0.698924,0.917643,0.602018,0.847223,0.988756
OG0009009,0.109136,0.800349,1.361633,1.027782,0.877620,1.514131
OG0009010,1.723380,0.532748,1.407486,1.074103,1.059070,1.435118
OG0009013,0.332989,0.689265,1.121598,1.100622,1.062125,1.440258
OG0009014,0.295919,0.599222,0.975925,0.884854,1.099974,1.244334
OG0009017,0.215652,0.630788,1.151142,0.902676,0.976997,1.179117
OG0009018,0.238809,0.731133,0.841166,0.621870,0.980624,1.082833
OG0009022,0.206244,0.595980,1.195827,0.866736,1.030852,1.276077
OG0009024,0.557111,0.535354,0.756372,0.583816,0.394545,0.535147
OG0009027,0.206090,0.521583,0.754115,0.734043,0.749683,0.992296
OG0009029,0.564596,0.719596,0.941889,0.669489,1.086303,1.452948
OG0009030,0.214552,0.639805,1.037819,0.891563,1.069171,1.183989
OG0009033,0.298459,0.936662,1.316128,1.028645,1.461572,1.811839
OG0009039,0.247550,0.977207,1.764719,1.251313,1.791279,2.266762
OG0009040,0.351026,0.652194,1.042161,0.682909,1.334850,2.040365
OG0009041,0.326448,1.090595,1.651663,1.608580,2.159996,2.130240
OG0009048,0.221676,0.685636,1.013852,0.771007,1.059484,1.256671
OG0009049,0.196255,0.675522,1.136775,0.844517,0.939142,0.990324
OG0009050,0.247154,0.533120,0.854230,0.714446,0.947177,0.937126
OG0009052,0.150007,0.359687,1.307082,0.792793,1.198507,1.051896
OG0009057,0.482347,0.559162,1.380883,1.398481,1.326762,1.602954
OG0009062,0.159834,0.856169,1.363294,1.037273,1.119637,1.297962
OG0009063,0.171111,0.590398,0.841419,0.677261,1.039718,1.273002
OG0009064,0.231422,0.750535,1.377616,1.115208,1.469748,1.612214
OG0009066,0.194889,0.443044,0.798831,0.601608,0.683827,0.804624
OG0009074,0.328513,0.685763,1.321508,0.986874,1.267954,1.542111
OG0009076,0.327848,0.864354,1.847583,1.313881,1.484149,1.922758
OG0009079,0.156277,0.625726,0.913217,0.782621,0.790659,0.860625
OG0009081,0.249604,0.859561,1.411807,1.125157,1.115562,1.317907
OG0009083,0.883743,0.762850,1.574016,1.025380,1.361733,2.545597
OG0009084,0.189523,0.495995,0.794448,0.772178,0.870200,1.228598
OG0009087,0.331389,0.572825,1.020610,0.722132,0.957166,1.094295
OG0009093,0.275722,0.601751,1.031214,0.924264,1.190546,1.428121
OG0009094,0.367680,0.263958,0.574531,0.386636,0.768275,0.717276
OG0009100,0.219657,0.512577,0.893948,0.685084,1.268169,1.438370
OG0009101,0.215753,0.443560,1.024521,0.634083,1.039456,1.222933
OG0009102,0.172614,0.652270,1.125089,0.987855,1.109725,1.206771
OG0009110,0.208443,0.871548,1.103536,0.952411,1.039843,1.344461
OG0009192,0.238579,0.647058,0.954234,0.877919,1.211388,1.204541
OG0009196,1.784953,0.556678,1.177909,1.030458,1.286213,1.482445
OG0009197,1.677683,0.607555,1.330527,0.975857,1.439693,1.860459
OG0009198,0.108869,0.986031,1.315441,1.138500,1.333391,1.597738
OG0009199,0.225513,0.528787,0.947945,0.746948,1.068052,1.400901
OG0009202,0.330890,1.113015,1.516249,1.391647,1.582839,1.942228
OG0009207,0.266029,0.714882,1.180247,0.887350,1.367853,1.647344
OG0009215,0.187294,0.648587,1.272846,1.120338,1.443621,1.911684
OG0009221,0.185471,0.394494,0.824388,0.629545,0.953592,1.634066
OG0009223,0.237058,0.640071,1.041145,0.902763,0.972423,1.399530
OG0009230,0.474565,0.813132,1.808059,1.747674,1.278242,2.377965
OG0009235,0.221241,0.710536,1.249586,1.064234,1.187782,1.479683
OG0009236,0.215849,0.475318,0.746856,0.550974,0.838543,1.042063
OG0009240,3.224770,1.537543,2.778597,2.291262,3.493942,3.223953
OG0009244,0.667562,0.355626,0.749719,0.585316,0.814243,1.039667
OG0009245,1.336784,0.815283,1.485487,1.099543,1.217214,2.441746
OG0009246,1.585380,1.123538,2.145456,1.520056,2.681193,3.078446
OG0009247,1.051248,0.720851,1.741521,1.829098,1.507580,2.094085
OG0009258,0.703972,1.740877,1.917415,1.834439,1.927905,2.117007
OG0009259,0.753508,0.618938,1.630149,1.246442,1.875825,1.908698
OG0009260,0.186079,0.665498,1.244052,0.757460,1.195834,1.460502
OG0009261,0.081025,0.529871,0.848418,0.697434,0.931529,1.175443
OG0009263,0.351410,0.695831,1.233980,0.994226,1.245509,1.357270
OG0009265,0.289378,0.895250,1.290991,1.220508,1.222912,1.315283
OG0009266,0.234150,0.676384,1.863679,1.113747,1.370679,1.958837
OG0009267,0.924896,1.350313,2.172545,1.741850,1.803009,4.096160
OG0009268,0.489725,1.007624,2.187075,0.970922,0.764437,1.686677
OG0009273,0.334291,0.837043,1.230545,1.027893,1.004903,1.254590
OG0009278,0.332337,0.696015,1.262855,1.082375,1.490175,2.307137
OG0009280,0.458950,0.534493,0.883778,0.737137,0.977052,1.235277
OG0009281,0.136092,0.686488,1.214647,1.068949,1.141781,1.135524
OG0009283,0.571606,0.500559,0.854159,0.670852,1.135121,1.246627
OG0009286,0.098992,0.576023,0.866660,0.688552,1.079094,1.121407
OG0009287,0.120156,0.557731,0.895804,0.676416,0.825616,1.361186
OG0009288,0.102675,0.394418,0.883270,0.685499,0.771194,0.920150
OG0009292,0.122402,0.865794,1.277930,1.165748,1.005166,1.205391
OG0009297,0.361591,0.431593,1.034014,0.595077,1.246905,1.174777
OG0009299,0.223381,0.490456,1.225930,0.690265,0.936711,1.094599
OG0009301,0.256649,0.555758,0.891212,0.729099,0.744306,0.981509
OG0009304,0.534801,1.005342,1.215829,0.935597,1.390126,2.436106
OG0009305,0.146214,0.435570,0.687086,0.509123,0.679997,0.936851
OG0009315,0.283125,0.431024,0.897645,0.718069,0.782812,1.051067
OG0009323,0.237286,0.428918,0.638394,0.420487,0.647899,0.598371
OG0009329,0.492231,0.753998,1.315934,0.953698,1.214080,1.366480
OG0009330,0.189688,0.412962,0.822243,0.754568,0.948434,1.295108
OG0009331,0.989367,0.493511,1.017892,1.070339,0.995179,1.379051
OG0009333,0.159712,0.347376,0.757800,0.613987,0.878588,1.121114
OG0009334,0.330133,0.757730,1.379416,1.070003,1.212312,1.556108
OG0009336,0.356714,1.100626,1.764330,1.256149,1.198265,2.165702
OG0009337,1.048018,1.076387,1.615017,0.996287,1.102213,1.197408
OG0009338,0.252045,0.989013,2.120584,1.381544,2.080769,2.392022
OG0009339,0.286937,0.706652,1.215683,0.932164,1.619127,2.106830
OG0009340,0.844808,0.609135,1.497502,1.152134,1.557423,1.925099
OG0009341,0.223388,0.316566,0.548734,0.685311,0.592198,0.644321
OG0009343,0.267334,0.603661,0.849065,0.714995,0.914066,0.993578
OG0009344,0.211710,1.209760,0.850376,1.175049,0.899905,1.022678
OG0009346,0.304075,0.594822,1.048833,0.797834,1.072603,1.132973
OG0009347,0.311928,0.615784,1.044791,0.808471,0.897665,1.281443
OG0009349,0.525592,0.548109,0.859035,0.769910,0.970603,1.152431
OG0009350,0.410489,0.714232,1.165023,0.773663,1.224654,1.473338
OG0009351,0.139572,0.807682,0.903016,0.796716,0.925701,1.092695
OG0009353,0.107813,0.462523,0.762703,0.675551,0.851334,1.047429
OG0009354,0.163488,0.686008,1.000527,0.755372,0.945036,0.954900
OG0009355,0.116673,0.382745,0.680438,0.431891,0.945442,1.364078
OG0009356,0.106610,0.096919,0.179849,0.221412,0.159585,0.216982
OG0009357,0.364508,0.744028,1.170999,0.800434,1.105124,1.535699
OG0009358,0.199093,0.813575,0.996279,0.924230,0.992125,1.154968
OG0009365,0.415910,0.822468,1.311279,0.992448,1.505639,1.895263
OG0009366,0.142236,1.164496,1.579869,1.335408,1.411858,1.548545
OG0009367,0.192432,0.491891,1.042544,1.243510,0.737890,0.949739
OG0009368,0.294465,0.695592,1.298623,1.009405,1.582479,1.687122
OG0009371,0.415126,0.634626,1.969224,1.037114,1.102987,1.679680
OG0009372,0.123455,0.602018,0.868490,0.622083,0.737165,1.096067
OG0009373,0.428343,0.736478,1.512674,1.265390,1.293704,1.484009
OG0009374,0.351155,0.823427,1.585007,0.956364,1.428373,1.789530
OG0009378,0.006218,0.810637,1.045554,0.908460,1.065934,1.525271
OG0009379,0.233213,0.677567,1.136798,0.965994,1.302402,1.528254
OG0009380,0.303113,0.519979,0.979535,0.765064,0.846998,0.955661
OG0009383,0.826296,0.401408,0.871991,0.518595,1.344241,1.646789
OG0009384,0.177298,0.496975,0.828491,0.715358,0.805844,1.017626
OG0009385,0.238269,0.463981,1.175334,0.684719,0.956181,1.394262
OG0009388,0.335009,1.172652,1.577316,1.263577,1.119709,2.367847
OG0009391,0.662698,0.766338,0.992630,0.931407,1.107593,1.219823
OG0009393,0.269328,0.775645,1.513119,1.777619,1.208459,1.490033
OG0009394,0.414481,0.454506,0.996574,0.741882,1.028845,1.302023
OG0009398,0.282833,1.072013,0.967931,0.822624,1.064480,1.280411
OG0009400,0.082336,0.604884,0.991240,0.684973,0.887248,0.904055
OG0009401,0.294883,0.519435,0.938167,0.863750,1.033506,1.203289
OG0009402,0.324332,0.657142,1.525950,1.247768,1.182871,1.457602
OG0009403,2.854042,1.567491,2.671495,1.728847,1.965894,3.091588
OG0009404,0.604106,0.199219,0.829381,0.542486,1.231205,1.271249
OG0009405,0.313497,0.368721,0.727813,0.550642,0.736556,1.066428
OG0009406,0.189224,0.529311,0.813474,0.637898,0.828238,0.890653
OG0009408,0.331164,1.061803,1.475187,1.274119,1.306724,1.584131
OG0009410,0.195251,0.563961,1.207759,0.974997,1.429946,2.216053
OG0009412,0.201256,0.645833,1.005907,0.824077,1.170448,1.226221
OG0009413,0.346220,0.508663,1.109572,0.588759,1.129537,1.733190
OG0009415,0.392544,0.703741,1.234352,1.028846,0.887474,1.079486
OG0009416,0.466924,0.805338,1.338850,1.245070,1.322806,1.371053
OG0009417,0.331224,0.679470,0.657221,0.576365,0.783493,0.868132
OG0009418,0.447365,0.630940,0.945587,0.757996,0.962331,1.190536
OG0009420,0.253796,0.655673,1.093081,1.033786,1.266442,1.644347
OG0009421,0.357787,0.849367,1.317450,1.118891,1.420336,1.632848
OG0009424,0.245044,0.088506,0.419582,0.320278,0.458159,0.673842
OG0009428,0.276790,0.961882,1.071647,0.890651,1.056777,1.249568
OG0009430,0.155734,0.704711,0.955452,0.877755,1.163423,1.537316
OG0009431,0.353428,0.599997,1.343691,1.106328,1.575381,2.252797
OG0009432,0.168894,0.301069,0.501946,0.435641,0.460680,0.531951
OG0009433,0.260819,0.887568,1.300322,1.196349,1.231690,1.448807
OG0009434,0.199825,0.567333,1.232772,1.031847,1.494280,1.959188
OG0009435,0.246372,0.810649,1.192160,0.981814,1.352057,1.545252
OG0009436,0.271861,0.646733,0.856357,0.700144,0.769988,0.836787
OG0009437,0.000007,0.762002,1.203528,1.166018,1.123538,1.353876
OG0009441,0.304375,0.602854,1.332917,1.112201,1.550177,3.483901
OG0009445,0.275597,0.588079,1.037821,0.766213,0.887079,1.159307
OG0009446,0.299343,1.050276,1.244313,1.079069,0.894284,1.112426
OG0009448,0.133010,0.507637,0.907217,0.640709,0.827214,1.034922
OG0009451,0.274492,0.574025,1.514451,1.558560,1.376288,1.442295
OG0009453,0.151918,0.529515,1.136302,0.634844,0.738862,0.830633
OG0009456,0.041032,0.284604,0.430731,0.405628,0.392695,0.351783
OG0009457,0.082832,0.750937,1.099710,0.841000,1.155808,1.380354
OG0009460,0.343175,0.553346,0.697846,0.661324,0.931802,0.794637
OG0009464,0.242052,0.914152,1.043725,0.974769,1.524509,1.899210
OG0009467,0.258374,0.506088,1.104867,0.885252,1.275956,2.146465
OG0009472,0.428229,0.656951,0.811189,0.753723,0.852755,1.519854
OG0009473,0.156162,0.362464,0.543591,0.465306,0.384804,0.502932
OG0009475,0.245454,0.680021,1.159224,0.920033,0.930379,1.150250
OG0009476,0.170329,0.564476,1.063369,0.921240,0.907611,1.135282
OG0009477,0.343086,0.147256,0.668947,0.370769,0.558727,0.680970
OG0009478,0.249114,1.101729,1.544085,2.203893,1.408379,1.600585
OG0009479,0.156187,0.421415,0.677139,0.564882,0.687933,0.971700
OG0009480,0.175802,0.490863,0.738876,0.563741,1.066028,0.940337
OG0009482,0.317004,0.425758,1.200164,0.851281,0.672366,0.891951
OG0009485,0.204775,0.781738,1.559666,0.778362,1.256069,1.312704
OG0009486,0.320236,0.605259,0.956908,0.704641,0.753764,1.042494
OG0009487,0.390441,0.854916,1.293103,0.937323,1.016593,1.352124
OG0009489,0.503846,0.874861,1.400119,1.073483,1.438284,1.658383
OG0009490,0.134901,0.460669,1.054459,0.748909,0.934696,1.161361
OG0009492,0.180844,0.717677,1.067791,0.814371,1.161198,1.320453
OG0009494,0.879581,0.509843,0.884498,1.028348,0.668112,0.869524
OG0009497,0.186186,0.573838,1.018754,0.724512,0.980688,1.310541
OG0009498,0.278857,0.735017,1.094808,0.801902,0.920056,1.145243
OG0009499,0.246317,0.443793,0.829565,0.674965,0.730697,0.903865
OG0009500,0.407951,0.522408,1.078177,0.856268,0.891579,1.094613
OG0009502,0.294087,0.978085,1.339264,1.019976,1.443789,1.583259
OG0009504,1.247178,0.272276,0.649445,0.547669,1.702984,1.950604
OG0009505,0.357041,0.761872,1.227017,0.936503,1.378200,1.590019
OG0009506,1.952900,0.529237,0.963333,0.521726,0.524717,0.867842
OG0009507,0.330737,0.558298,1.115312,0.939732,1.022888,1.279931
OG0009512,2.423608,0.905615,1.991864,0.998553,1.604699,2.030194
OG0009513,0.136488,0.284074,0.543218,0.515243,0.521069,0.982974
OG0009514,0.118723,0.404026,0.877549,0.642011,0.492011,0.720332
OG0009515,0.261149,0.839483,0.920284,0.687421,1.077006,1.319307
OG0009516,0.522642,0.540097,0.989173,0.740840,0.937689,1.087474
OG0009517,0.508314,0.752574,1.285943,1.191568,1.129904,1.233729
OG0009520,0.289439,0.783647,1.718247,1.390733,1.217407,1.388999
OG0009521,0.138392,0.662915,1.228878,0.782383,1.124165,1.268911
OG0009524,0.093667,0.330746,1.247009,0.894388,0.930075,1.176731
OG0009526,0.113465,0.356332,0.597605,0.520742,0.584670,0.690261
OG0009527,0.190921,0.573661,1.134368,1.248162,0.817450,0.889810
OG0009528,0.194675,0.873598,1.140608,0.951042,0.983207,1.204252
OG0009529,0.299529,0.443613,0.848089,0.663339,0.670709,1.021119
OG0009532,0.183279,0.593106,0.932752,0.671864,0.792629,0.894849
OG0009533,0.226620,0.959101,1.044318,0.885204,1.370735,1.651120
OG0009535,0.164539,0.341501,0.862416,0.563373,0.751704,0.925549
OG0009536,0.225767,0.705060,1.206480,0.924017,1.092180,1.126304
OG0009537,0.130563,0.156860,0.449672,0.310555,0.340641,0.525248
OG0009538,0.200565,0.881552,1.296746,0.943445,1.134345,1.375757
OG0009540,0.259980,0.655237,0.964222,0.762391,1.123762,1.037220
OG0009541,0.271676,0.625913,0.968769,0.752460,1.103733,1.251662
OG0009543,0.445977,0.715653,0.850460,0.680043,0.899023,1.018435
OG0009545,0.586335,0.442087,0.965399,0.675141,1.106386,1.308392
OG0009548,0.561662,0.488732,0.579681,0.508630,0.552871,0.656011
OG0009549,0.273570,0.909018,1.336838,0.945537,0.981366,1.089072
OG0009552,0.223076,0.784727,1.011669,0.913198,1.442402,1.742954
OG0009553,0.012853,1.131221,1.578872,1.074745,1.776128,7.357702
OG0009555,0.144627,0.391346,0.651923,0.605654,0.583288,0.672354
OG0009559,0.085235,0.388482,0.861002,0.554447,0.743938,0.828010
OG0009560,1.284695,2.256011,3.217220,3.467654,2.441482,2.972822
OG0009561,0.628197,0.635175,1.299618,1.069194,1.209238,1.612617
OG0009562,0.364537,0.843507,1.690210,1.681938,2.310344,2.885266
OG0009563,0.293340,0.575422,1.166988,0.979223,1.222122,1.865660
OG0009564,0.363033,0.538144,1.468526,0.977814,1.166942,1.539639
OG0009566,0.310946,1.258838,1.727276,1.829805,1.358243,1.521528
OG0009568,0.259766,0.918967,1.244847,0.984153,1.203533,1.304780
OG0009569,0.392377,0.828949,1.312973,1.287703,1.160586,1.399041
OG0009570,0.254593,0.711512,1.001196,0.896269,0.781535,0.936157
OG0009575,0.241847,0.515857,0.900014,0.803522,1.008413,1.041139
OG0009576,0.252449,0.445935,1.361601,0.709601,1.420590,2.200438
OG0009581,0.288421,0.671493,1.767178,1.122820,1.100905,1.687435
OG0009583,0.462303,0.695750,1.081112,0.939787,1.031025,1.221019
OG0009584,0.159827,0.670153,1.120048,1.053950,1.131737,1.234847
OG0009585,0.148040,0.449448,0.844031,0.623813,0.834054,1.249439
OG0009586,1.360336,0.815180,1.203936,0.859494,1.290954,1.435304
OG0009587,0.710147,1.288713,2.058963,1.437803,1.871120,2.327621
OG0009589,0.164522,0.801088,1.363829,1.109880,1.000384,1.367425
OG0009593,0.493712,1.315762,2.018028,1.552021,1.167667,1.494476
OG0009599,0.238742,0.567191,1.109456,0.861254,0.956323,1.168100
OG0009600,0.254421,0.409705,1.021969,0.884175,0.749883,0.761074
OG0009601,0.544316,1.092090,2.136836,1.951678,1.208427,1.620029
OG0009603,0.528822,0.447620,1.233680,0.889760,1.013609,0.897365
OG0009604,0.191751,0.683432,0.977289,1.033940,0.980022,1.233755
OG0009605,0.261134,0.868662,1.521689,1.005963,1.366260,1.654072
OG0009606,0.613353,0.583541,1.161703,0.891311,1.044014,1.247704
OG0009607,0.138111,0.540642,1.255024,0.805839,1.027463,1.262777
OG0009610,0.238440,0.634363,1.384721,1.017504,1.179817,1.600609
OG0009613,0.295478,0.482335,1.840813,1.466926,1.587685,2.183961
OG0009615,0.290625,0.951642,1.585170,1.375751,1.355088,1.408549
OG0009618,0.240988,0.823555,1.331196,0.962558,0.944352,1.452896
OG0009619,0.335358,0.664219,1.035032,0.922721,1.250260,1.250892
OG0009620,0.188087,0.467576,0.840259,0.494094,0.577415,1.133873
OG0009622,0.218632,0.776143,0.983055,0.735795,1.036336,1.187087
OG0009625,0.281781,0.761155,1.535543,1.024296,0.975891,1.181373
OG0009626,0.294118,0.933030,1.801733,1.339061,1.134153,1.351020
OG0009627,0.116284,0.389156,0.660482,0.551512,0.712295,0.765653
OG0009628,1.078085,0.299955,0.377895,0.355322,0.337305,0.429864
OG0009632,0.316111,0.650558,1.151535,0.808257,1.347164,1.446742
OG0009633,0.471652,1.112458,1.884332,1.238607,1.755436,2.292765
OG0009635,0.254089,0.738209,0.979956,0.796772,1.241026,1.466821
OG0009636,0.289821,1.451214,1.941932,1.562354,1.178213,1.392408
OG0009639,0.247484,0.520017,1.179683,1.127947,0.982953,1.036008
OG0009642,0.246339,0.605304,1.042617,0.768654,1.017694,1.515761
OG0009643,0.275085,0.721449,1.480607,0.990270,1.282812,2.367354
OG0009645,1.564514,0.456560,0.977983,0.601800,0.725947,1.462329
OG0009649,0.124367,0.655996,0.842431,0.683873,0.950649,1.044802
OG0009650,0.158835,0.661669,0.965077,0.766631,1.009246,1.124777
OG0009651,0.000003,0.200890,0.704516,0.342637,0.438776,0.476415
OG0009653,0.268981,0.703252,0.949489,0.778186,1.023489,1.228012
OG0009654,0.181487,0.620817,1.075410,0.805593,1.073365,1.240142
OG0009655,0.296882,1.252465,0.984557,0.707144,1.103972,1.255580
OG0009656,0.210910,0.650355,0.905948,0.722883,0.844616,1.036889
OG0009658,0.210210,0.528162,0.660905,0.619674,1.014983,1.459217
OG0009659,0.142676,0.517310,0.946465,0.713967,0.954447,1.064029
OG0009661,0.271134,0.614740,1.034548,0.888691,0.887081,0.946698
OG0009662,0.251150,0.861927,1.450854,1.061187,1.302561,1.427605
OG0009664,0.239633,0.736393,1.188912,0.934912,1.049786,1.429693
OG0009666,0.194236,0.490368,0.918439,0.881997,0.840647,1.916026
OG0009669,0.173681,0.641899,1.033935,1.382355,1.169589,1.459323
OG0009672,0.866147,0.670816,1.685649,1.271952,2.047290,2.361747
OG0009673,1.396648,1.099699,2.088502,1.996960,2.139107,3.107441
OG0009674,0.046786,0.772705,1.266460,0.841321,0.881448,1.111063
OG0009675,0.228782,0.639543,0.960663,0.758939,0.978371,0.997505
OG0009676,0.329180,0.690960,1.187747,0.823025,1.249689,1.388262
OG0009677,0.249126,0.560255,1.111238,0.990520,1.285676,1.469595
OG0009678,0.351708,0.546079,0.825444,0.788061,0.773441,0.914032
OG0009679,0.918257,0.526365,1.236068,0.779346,1.564316,1.970389
OG0009680,0.245237,0.639865,0.864027,0.728241,0.836618,0.935613
OG0009681,0.253632,1.057574,1.718221,1.104190,1.327906,1.462125
OG0009682,0.094077,0.703939,1.295601,0.890289,0.774659,0.929992
OG0009685,0.190122,0.565870,1.052778,0.725772,0.854401,1.011589
OG0009687,0.158563,0.581915,1.006163,0.763232,0.803285,0.978190
OG0009688,0.475018,0.870713,1.962827,1.104645,2.235500,2.597921
OG0009689,0.237864,0.870540,1.186915,1.028290,1.085701,1.595765
OG0009690,0.269890,0.796203,1.840409,1.165936,1.699710,2.342723
OG0009692,0.232164,0.848735,1.432284,1.048786,1.226922,1.390049
OG0009693,0.388568,0.506260,0.782307,0.572449,0.815547,1.018503
OG0009696,0.225254,0.729320,1.051061,0.944730,1.035499,0.990190
OG0009697,0.410803,0.431797,0.793238,0.608599,0.663703,0.835425
OG0009698,0.595437,0.363618,1.303180,0.866860,0.510298,0.587914
OG0009699,0.806892,0.497376,1.117432,0.925227,1.225243,1.461368
OG0009700,0.751274,0.752018,1.517869,0.816681,1.163740,1.767815
OG0009701,0.320747,0.814387,1.429750,1.216751,1.504043,1.637816
OG0009702,0.151870,0.457884,0.657133,0.610008,0.598758,0.795581
OG0009703,0.382735,0.878247,1.847623,1.329904,2.104801,3.159977
OG0009704,0.337893,0.683183,1.410783,1.084725,0.908360,1.203687
OG0009705,0.237458,0.660707,1.174192,0.938969,1.383780,1.490888
OG0009706,0.203058,0.587198,1.131549,0.675042,0.770241,1.052266
OG0009709,0.259563,1.029281,1.590409,1.344073,1.617562,1.580826
OG0009711,0.160084,0.596183,1.006837,0.966104,1.062562,1.299142
OG0009713,0.207476,0.543916,0.734685,0.766556,0.954937,0.959223
OG0009714,0.252590,0.663027,1.125210,0.837641,1.145782,1.384090
OG0009715,0.336953,0.634198,0.898695,0.742718,0.986208,1.136283
OG0009717,0.188748,0.737649,1.337819,1.029852,1.037115,1.102514
OG0009718,0.250524,0.492471,0.870997,0.605763,0.866313,1.047858
OG0009719,0.343910,0.740859,1.511866,1.172166,1.240475,1.565714
OG0009720,2.458498,0.800895,1.467114,0.841300,1.000083,1.239624
OG0009721,1.882325,1.048112,1.567142,1.203080,1.567511,2.425304
OG0009725,0.277911,0.858472,1.708319,0.999617,1.373505,1.679767
OG0009726,0.246012,0.876400,1.347221,1.240879,1.407121,1.597512
OG0009728,0.034297,0.436623,0.799550,0.603730,0.971861,0.645948
OG0009730,0.093287,0.488698,1.124646,0.803609,1.276101,1.471717
OG0009731,0.264183,0.654082,1.024312,1.131871,0.995626,1.134073
OG0009733,0.179062,0.788743,1.239265,1.092622,1.361898,1.374622
OG0009734,0.317247,0.715440,1.235560,0.850770,1.251436,1.644968
OG0009735,0.205441,0.502893,0.907285,0.803898,1.271474,1.830602
OG0009736,0.544085,1.037632,1.523328,1.029963,1.478748,1.651713
OG0009738,0.784403,0.755988,1.258982,1.194774,1.074122,1.009161
OG0009740,0.142958,0.724418,1.079381,0.928110,0.947460,1.180106
OG0009741,0.235337,0.760738,0.802310,0.689933,0.843169,0.949180
OG0009743,0.246620,1.036035,1.971258,1.783450,1.269007,1.598184
OG0009744,0.124810,0.847575,1.243565,1.095220,1.478725,1.548782
OG0009745,0.142011,0.742379,0.983677,0.901353,0.969933,1.139131
OG0009748,0.229459,0.495700,1.007575,0.676450,1.079030,1.876756
OG0009749,0.229718,0.725985,1.006963,0.973959,1.120273,1.285048
OG0009750,0.140178,0.288895,1.060336,0.687170,0.860125,1.669099
OG0009751,0.221325,0.798945,1.428223,1.061572,1.332047,1.756156
OG0009753,0.138336,0.393402,0.826081,0.687325,0.787906,1.051222
OG0009755,0.519441,0.830281,1.322485,0.911903,1.227492,1.397451
OG0009756,0.303452,0.366353,0.712702,1.123839,0.654032,0.762301
OG0009757,0.192628,0.675978,1.040152,0.854305,1.102073,1.376477
OG0009764,0.247475,0.403330,0.710522,0.548781,0.700462,0.785842
OG0009765,0.152220,0.550741,1.057690,0.836834,0.854976,1.188759
OG0009766,0.479568,1.237950,1.961746,1.383885,1.926821,2.358138
OG0009768,0.196243,0.575801,1.126705,0.940355,1.022673,1.285756
OG0009771,0.171952,0.422573,0.680349,0.532128,0.793434,0.807675
OG0009776,0.257389,0.460428,0.796097,0.630589,0.887101,0.913017
OG0009779,0.396479,0.475481,1.020426,0.730937,0.721423,0.972130
OG0009781,0.475030,0.585825,0.957970,0.797657,1.089497,1.198365
OG0009782,0.296976,0.629991,1.720154,1.290924,1.077664,1.383633
OG0009785,0.520878,1.022335,0.754657,0.676258,2.233224,4.014139
OG0009786,0.351974,0.544123,1.222270,0.775804,1.246317,2.160555
OG0009787,0.154958,0.634689,0.977003,0.898797,0.904166,1.118641
OG0009788,0.068835,0.868444,1.094018,1.091226,1.100688,1.320438
OG0009791,0.479033,0.837589,1.457450,1.043474,1.161032,1.467627
OG0009792,0.113245,0.885813,1.054864,0.901470,0.910350,1.099839
OG0009793,0.258000,0.556709,0.997813,0.747145,1.033874,1.097993
OG0009794,0.312738,0.720596,1.056641,0.902170,0.985834,1.195461
OG0009800,0.169929,0.901281,1.199938,1.497989,0.898270,1.034476
OG0009801,0.190056,0.796635,1.344375,1.071820,1.234337,1.450645
OG0009802,0.184293,0.758189,1.202451,0.846339,1.138104,1.220488
OG0009803,0.180286,0.574836,1.036705,0.719142,0.848493,1.062449
OG0009804,0.268920,0.898104,1.529521,1.251959,1.273952,1.340718
OG0009805,0.261115,0.678281,1.227910,1.047740,1.057098,1.266594
OG0009806,0.264304,0.742695,0.967174,0.781432,0.934343,1.158314
OG0009807,0.336734,0.662766,0.960577,0.775917,0.804968,0.991756
OG0009808,0.362781,0.510696,0.791355,0.599398,0.726879,0.907268
OG0009810,0.392772,0.292602,0.765657,0.506982,0.518841,0.736435
OG0009812,0.344186,0.764431,1.325737,1.099293,1.156021,1.420674
OG0009813,1.118662,0.578752,1.337451,1.231067,1.230388,1.627000
OG0009814,0.196205,0.777404,1.230317,1.026740,0.924512,1.223460
OG0009815,0.235157,0.599236,0.837303,0.717087,1.063838,1.117701
OG0009816,0.200351,0.462577,0.945159,0.770755,0.540675,1.048101
OG0009818,0.242751,0.782410,1.399087,1.001502,1.276383,1.740253
OG0009819,0.153811,0.579751,0.723204,0.763700,0.953319,1.029348
OG0009822,0.604629,1.131698,1.997148,2.146842,1.851139,2.258392
OG0009823,0.219230,0.776425,1.623567,1.040382,1.236706,1.277324
OG0009825,0.740342,0.857635,1.059678,0.912681,1.017633,1.485768
OG0009826,0.388111,0.984533,1.436270,1.208904,1.184770,1.391727
OG0009827,0.036716,0.414776,0.510024,0.445073,0.526658,0.640893
OG0009828,0.160764,0.535586,1.280137,0.900235,0.994376,1.525336
OG0009830,0.244523,0.276960,0.812901,0.506972,0.786461,1.002163
OG0009832,0.215571,0.471427,0.867493,0.717967,1.086356,1.032598
OG0009833,0.312052,0.670109,1.266873,0.818217,1.011021,1.212232
OG0009835,0.324583,0.675588,1.248243,0.924225,1.304624,1.605591
OG0009836,0.189263,0.734669,0.735120,0.587872,0.864685,0.865283
OG0009839,0.341933,0.537848,1.009580,0.844179,1.132907,1.325864
OG0009840,0.245363,0.928501,1.549708,1.232804,1.050985,1.344220
OG0009841,0.273428,0.581134,1.201916,0.889030,1.543017,1.742578
OG0009842,0.219735,0.764646,1.247455,1.158162,1.171320,1.449720
OG0009844,0.137928,0.524178,0.876362,0.700598,0.887356,1.329919
OG0009845,0.411984,0.269928,0.652953,0.487484,0.701963,0.864928
OG0009846,0.387803,0.434262,0.838709,0.758704,0.902633,0.954666
OG0009847,0.218448,0.532951,1.149274,0.747890,0.850892,1.079726
OG0009848,0.267905,0.726197,1.305345,1.114233,1.557907,2.013435
OG0009850,0.207023,0.916177,1.276768,1.188995,1.381916,1.854243
OG0009851,0.234125,0.909760,1.348968,1.114470,1.231110,1.700557
OG0009855,0.251697,0.601050,1.167058,0.926173,1.144405,1.581062
OG0009857,0.198754,0.667833,1.403489,1.033855,1.081282,1.265108
OG0009860,0.129661,0.377463,0.760706,0.693617,0.716929,0.899333
OG0009861,0.390565,0.855628,1.206612,1.130414,1.374678,1.273517
OG0009862,0.800079,0.443137,0.853507,0.541730,1.151657,1.829293
OG0009864,0.336488,0.608595,1.199841,0.978681,1.355989,1.653076
OG0009865,0.394491,1.293623,1.654791,1.206492,1.462767,1.607406
OG0009868,0.202346,0.421446,1.140342,0.795575,0.726986,0.904332
OG0009869,0.158255,0.590148,1.010197,0.657721,0.745564,0.853725
OG0009870,0.276466,0.558359,1.092618,0.724548,0.908410,0.993993
OG0009872,0.208276,0.504356,0.926893,0.756912,0.660147,0.671476
OG0009873,0.287723,0.552916,1.205089,1.110135,1.145771,1.589218
OG0009874,0.386944,1.353844,2.949924,1.955710,1.810311,2.056628
OG0009875,0.147362,0.509188,1.086869,0.798047,0.961639,1.087623
OG0009876,0.184615,0.396965,0.684451,0.628811,0.626356,0.724826
OG0009877,0.255934,0.637704,0.990610,0.875823,0.858124,1.132545
OG0009878,0.493106,0.353912,0.844848,0.699655,0.893004,1.115028
OG0009879,0.362292,0.448324,0.684984,0.588318,0.675122,0.793038
OG0009880,0.737438,0.624276,0.773446,0.524897,0.858185,1.058834
OG0009881,0.247512,0.443352,1.162473,0.874164,1.084315,1.380973
OG0009885,0.096508,0.844507,0.970946,0.873184,0.945214,1.288970
OG0009886,0.168324,0.527157,0.706866,0.452230,0.861798,1.167975
OG0009888,0.318433,1.214271,1.328047,1.075080,1.630679,1.301423
OG0009889,0.362906,0.888753,1.389228,1.200093,1.303099,1.634543
OG0009890,0.248842,0.527154,1.057465,0.856735,0.908855,1.169720
OG0009891,0.262251,0.680253,1.204379,0.956971,1.070239,1.286479
OG0009892,0.334496,0.821119,1.343255,1.132355,1.167347,1.344883
OG0009893,0.285622,0.703376,0.989578,0.811431,1.038079,1.223879
OG0009894,0.278647,0.601853,1.122047,0.798329,1.219890,1.288289
OG0009897,0.203764,0.574277,0.861434,0.747670,1.412406,1.518674
OG0009899,0.254328,0.437867,0.945774,0.626411,0.910741,0.932796
OG0009901,0.274355,0.787585,1.371246,0.996985,1.503351,1.807072
OG0009903,0.612346,0.567379,1.125301,1.016001,1.307357,1.741170
OG0009904,0.407384,0.529917,1.241470,0.887297,0.959537,1.500348
OG0009905,0.312665,0.781448,1.017125,0.815120,0.778169,1.141127
OG0009906,0.329953,0.209438,0.579298,0.402306,0.507947,0.542433
OG0009907,0.186958,0.619386,0.951433,0.913996,1.095267,1.402196
OG0009908,1.521832,2.286320,4.101858,3.154337,4.537454,3.433082
OG0009909,0.083822,0.520324,0.644941,0.514966,0.689102,1.175029
OG0009910,0.441475,0.368914,0.863731,0.709873,0.924122,1.264732
OG0009911,0.131457,0.751707,1.276492,1.105082,1.278885,1.444429
OG0009912,0.191346,0.610819,1.174389,1.050891,0.875375,0.993897
OG0009913,0.253859,0.342378,0.577270,0.526349,0.753203,0.944834
OG0009914,0.215317,0.645042,0.991434,0.798522,0.790838,0.930789
OG0009916,0.237807,0.642371,0.800077,0.700720,0.714118,0.874335
OG0009919,0.225316,0.335088,0.676697,0.598990,0.818259,1.294157
OG0009920,0.292270,0.632691,1.107603,1.022542,1.258156,1.543169
OG0009921,0.170211,0.642786,1.153962,0.948939,0.904909,1.195357
OG0009922,1.037597,0.919265,1.252021,1.111484,1.019053,1.270138
OG0009923,0.422321,0.767678,1.463876,1.090630,0.995393,1.192619
OG0009924,0.343417,0.542661,1.106077,0.933973,1.435720,2.189181
OG0009925,0.260018,1.613282,0.840369,0.648358,0.973861,0.998390
OG0009926,0.142424,0.684645,0.922996,0.679206,0.752181,0.873854
OG0009927,0.223391,0.578517,0.926313,0.730115,0.866481,1.002758
OG0009928,0.382134,0.966372,1.079441,0.971153,0.947639,1.145942
OG0009929,0.298103,1.097840,1.484371,1.191579,1.476908,2.063234
OG0009931,0.287991,1.007139,1.008335,0.868195,0.859049,1.040960
OG0009932,0.124372,0.469535,0.767710,0.667794,0.652368,0.791347
OG0009934,0.539270,0.941142,1.051746,0.952748,1.003059,1.326620
OG0009936,0.219219,0.776593,0.924458,0.731931,0.801250,1.030172
OG0009938,0.234087,0.372351,1.071337,0.890764,0.701444,0.858009
OG0009942,0.160567,0.690718,1.005330,0.708838,1.027422,1.296896
OG0009943,0.120049,0.406766,0.699939,0.629952,0.662414,0.861238
OG0009944,0.220990,0.884478,1.286942,1.124114,1.293156,1.682033
OG0009945,0.358862,0.733843,1.342852,1.037001,1.248237,1.425752
OG0009946,0.035424,0.346050,0.477305,0.381136,0.585816,0.880395
OG0009948,0.296638,0.684498,0.932588,0.740934,1.009609,1.204278
OG0009950,0.116994,0.597386,1.064287,0.734909,1.011518,1.100825
OG0009951,0.161081,0.418123,0.722838,0.546497,0.778454,0.785364
OG0009952,0.272261,0.573727,1.706599,1.657090,1.295111,2.050769
OG0009953,0.189710,0.724324,1.131266,1.044711,1.285373,1.412787
OG0009954,0.312901,0.631399,0.994673,0.812301,0.854278,1.021602
OG0009955,0.283889,0.624506,0.997951,0.941716,1.225726,1.325582
OG0009956,0.189058,0.973554,1.237039,1.186497,1.237865,1.415762
OG0009958,0.468609,0.615014,1.083562,0.689344,0.766344,0.909023
OG0009959,0.848702,0.838587,1.071858,0.830739,0.771333,0.927718
OG0009960,0.155920,0.553956,1.005296,0.607529,1.109027,1.181338
OG0009961,0.365041,0.720646,1.345695,1.083280,1.575272,2.138442
OG0009962,0.332350,0.649645,1.016190,0.803159,1.069942,1.181023
OG0009963,0.408005,0.497618,0.711448,0.283961,1.519444,2.030123
OG0009964,0.222411,0.627241,0.941484,0.791304,0.975712,1.107569
OG0009965,0.162494,0.408346,0.792449,0.647591,0.689601,1.023837
OG0009966,0.171648,0.813067,1.046790,0.976835,1.266497,1.467103
OG0009968,0.333163,0.795861,1.216353,0.950644,1.212337,1.323117
OG0009969,0.182751,0.587757,1.006344,0.810883,0.859359,0.885519
OG0009971,0.242367,0.294607,0.778653,0.530322,0.991499,0.719754
OG0009973,0.312381,0.695920,1.297333,0.939282,1.197419,1.838709
OG0009974,0.528465,0.220612,0.661844,0.350473,0.623732,0.712448
OG0009975,0.338369,1.052181,1.578289,1.225494,1.202026,1.482524
OG0009981,0.281965,1.090423,1.522001,1.107378,1.620227,1.491940
OG0009982,0.209585,0.838114,1.168013,0.950876,1.193150,1.351795
OG0009983,0.346274,0.697104,1.674643,1.307228,1.479581,1.986858
OG0009984,0.254477,0.391860,0.893216,0.726503,1.313043,1.313965
OG0009985,0.437741,0.563172,0.874067,0.680430,0.906483,1.284534
OG0009986,0.554820,0.375995,0.573502,0.478973,0.518212,0.650888
OG0009987,0.218141,0.436984,0.796862,0.702891,0.693857,0.876423
OG0009988,0.217190,0.629591,0.840670,0.848142,0.977598,0.983443
OG0009991,0.186240,0.384851,1.138142,0.803451,0.880423,1.314184
OG0009992,0.305124,0.770900,0.860082,0.788860,0.992056,1.246715
OG0009993,0.145092,0.331630,0.616359,0.587082,0.871267,1.828189
OG0009994,0.186532,0.797553,1.002719,0.833194,1.112801,1.261546
OG0009995,0.173024,0.604111,1.276337,1.140305,1.611544,1.512805
OG0009996,2.219968,0.629759,1.053434,0.811001,0.843473,1.063610
OG0009998,0.267528,0.700353,1.014324,0.976099,1.177621,1.346258
OG0009999,0.281147,0.687151,1.116705,0.782399,0.827998,0.930764
OG0010000,0.210565,0.755797,1.084072,0.866379,1.176814,1.450546
OG0010001,0.316641,1.195584,1.714322,1.451065,1.632568,2.018461
OG0010002,0.250386,0.760444,1.103515,0.765380,1.291937,1.547788
OG0010003,0.248267,1.043053,1.495511,1.401286,1.331547,1.500129
OG0010004,0.202140,0.770048,0.943827,0.645430,0.758648,0.878826
OG0010005,0.322523,0.763600,1.169020,0.965721,0.990666,1.482325
OG0010006,0.240735,0.784191,1.008779,0.770837,1.123453,1.414177
OG0010009,0.238530,0.749326,1.177099,0.929086,0.984293,1.177011
OG0010010,0.256416,0.527332,1.018013,0.807960,0.992773,1.257229
OG0010014,0.388736,0.732771,1.252709,0.948160,1.369678,1.672556
OG0010016,0.213282,0.515138,1.483630,1.198282,1.191192,1.612969
OG0010018,0.178420,0.985969,1.212034,1.056673,1.181090,1.426915
OG0010023,0.143275,0.857587,1.311182,1.126288,0.972858,1.475415
OG0010024,0.168387,0.425098,1.211677,0.650021,0.839612,1.174386
OG0010026,0.202862,0.497698,1.130763,0.940006,1.120376,1.472528
OG0010027,0.162580,0.241702,0.457566,0.383864,0.735983,0.876746
OG0010028,1.906621,0.977010,1.251902,0.681095,0.573608,0.927147
OG0010029,0.226214,0.689935,1.686930,0.903962,1.075593,1.469474
OG0010032,0.151199,0.786506,1.118077,0.979751,1.005279,1.082963
OG0010033,0.256996,0.740061,1.108792,0.877488,1.241875,1.469971
OG0010034,0.183388,0.580760,0.765336,0.532963,0.723207,0.965288
OG0010036,0.211511,0.754969,1.031173,0.872277,0.916567,1.222386
OG0010038,0.350267,0.594090,1.193590,0.869645,1.003727,1.702245
OG0010040,0.183144,0.806402,0.997920,0.809209,1.258482,1.517688
OG0010041,0.307908,1.007869,1.918434,1.360143,1.717860,2.187883
OG0010042,0.188023,0.520781,1.049161,0.704755,0.897252,1.133193
OG0010044,0.220624,0.655182,1.142948,0.814699,0.982175,1.533471
OG0010045,0.183209,0.606401,1.041308,0.853044,0.923275,1.133912
OG0010046,0.398099,2.771768,1.424555,0.769662,3.164719,1.791544
OG0010047,0.227260,0.646295,1.022086,0.974704,1.001908,1.173651
OG0010049,0.312326,0.895581,1.661041,1.277357,1.449441,1.845890
OG0010050,0.337056,0.964748,1.402167,1.221925,1.400204,1.563946
OG0010051,0.290385,0.492371,0.863098,0.614486,1.008510,1.250132
OG0010052,0.264127,0.392870,0.602251,0.491794,0.669899,1.040399
OG0010053,0.134331,0.442912,0.631355,0.570633,0.757708,1.040055
OG0010055,0.285920,0.517745,1.146042,0.888296,1.021057,1.516991
OG0010056,0.313658,0.703404,1.275000,0.843515,1.145534,1.359226
OG0010058,0.180531,0.574310,0.916449,0.695242,1.011592,1.066708
OG0010059,0.163064,0.619804,1.127440,0.990739,0.982108,1.563500
OG0010060,0.614578,0.840535,1.112760,0.612565,0.875149,1.796021
OG0010062,0.218255,0.721866,1.034787,0.612233,0.935681,1.167152
OG0010063,3.116470,1.239974,1.410855,1.166708,1.446528,1.683490
OG0010064,0.166606,0.850588,1.077976,0.988862,0.979885,1.096517
OG0010065,0.178949,0.368124,0.743045,0.480940,0.450647,0.588782
OG0010066,0.232080,0.641563,1.043559,0.855734,1.105313,1.280431
OG0010067,0.529563,0.576579,0.887889,0.728583,0.808880,0.999914
OG0010068,0.287827,0.890708,1.240707,0.870149,1.148342,1.246559
OG0010069,0.258899,0.605729,0.987982,0.772404,0.890706,0.965184
OG0010072,0.370414,1.396140,1.332764,1.165310,1.276633,1.296544
OG0010073,0.384481,0.374365,0.948045,0.773541,0.730039,0.842719
OG0010075,0.218483,0.698768,0.970533,0.805736,0.996991,1.205704
OG0010076,0.135182,0.523721,0.843670,0.673316,1.037619,1.007918
OG0010077,0.297818,0.755264,0.871342,0.657877,0.759762,0.976757
OG0010078,0.204834,0.536307,0.939086,0.794654,0.986169,1.193706
OG0010080,0.016482,0.197967,0.290620,0.215588,0.223378,0.256165
OG0010081,0.476298,0.829849,1.191393,1.035896,1.183988,1.338217
OG0010082,0.189180,0.579690,1.144729,0.909269,1.090690,1.813367
OG0010083,0.161602,0.476778,1.077640,0.956484,1.011517,1.356184
OG0010085,0.390613,0.519916,0.676796,0.569763,0.779960,0.920082
OG0010086,0.295037,0.583975,0.876475,0.670824,0.862331,0.894402
OG0010088,0.104727,0.441490,0.550701,0.467853,0.696718,0.720707
OG0010090,0.253321,0.643916,1.151602,0.916528,1.152836,1.370019
OG0010092,0.295500,0.576367,1.257446,0.885650,1.368915,1.607261
OG0010094,0.347426,1.596367,3.166990,2.450161,2.427316,3.361273
OG0010095,0.210539,0.775178,1.467677,1.541868,1.081882,1.265399
OG0010096,0.092696,0.588836,0.955089,0.826857,0.964564,1.088199
OG0010097,0.146225,0.557048,1.168332,0.782088,1.091193,1.240331
OG0010098,0.113866,0.465805,0.834960,0.649317,0.925682,1.117542
OG0010100,0.138899,0.421798,0.674845,0.464644,0.637553,0.780206
OG0010101,0.165172,0.638039,1.177157,1.028097,1.159357,1.287940
OG0010103,0.395849,0.867608,1.903976,1.437814,1.668890,2.103606
OG0010104,0.200933,0.561122,1.315288,0.914978,1.390549,1.555741
OG0010105,0.218533,0.218356,0.295870,0.238496,0.294846,0.458823
OG0010106,0.277081,0.594867,1.262474,1.130986,1.913681,2.292188
OG0010110,0.214764,0.669134,1.425745,1.035031,1.459854,1.484194
OG0010111,0.866476,0.243750,0.488069,0.538443,0.513662,0.540622
OG0010112,0.302581,0.677093,0.930200,1.006360,1.016963,1.243168
OG0010113,1.637670,0.721757,1.466683,0.888368,1.345236,1.254274
OG0010114,0.209283,0.547736,1.208276,0.834860,1.176448,1.470084
OG0010116,0.506140,1.007147,1.648815,1.162481,1.285575,1.739802
OG0010117,0.289146,0.750664,2.370954,1.206754,1.237394,1.705063
OG0010119,1.804116,0.676316,1.019890,1.032547,1.495925,1.688373
OG0010120,0.121713,0.544033,0.904983,0.802626,0.630905,0.767710
OG0010121,0.311463,0.426452,0.553993,0.563809,0.987400,0.965425
OG0010122,0.621034,0.824188,1.322986,0.982838,1.472138,1.832421
OG0010124,0.285377,0.810664,0.894481,0.736021,0.978330,1.120805
OG0010125,0.847307,0.738123,1.166614,0.928522,0.921490,1.201340
OG0010127,0.109410,0.376326,0.782876,0.582731,0.873744,0.988083
OG0010128,0.270669,0.553021,1.193063,0.860109,0.869743,1.101362
OG0010129,0.148394,0.561097,0.857431,0.698168,0.792775,1.019165
OG0010131,0.387266,0.754447,1.437870,1.210285,1.325877,1.465378
OG0010132,0.582384,0.466724,0.944318,0.715355,0.950663,0.894363
OG0010133,0.163544,0.728588,0.821281,0.740388,1.121543,1.124413
OG0010134,0.754399,0.397327,0.712549,0.499608,0.922314,1.022681
OG0010135,0.179368,0.605373,1.079569,0.907930,1.153216,1.400883
OG0010136,0.355232,0.617619,1.341332,0.849693,1.062059,1.304458
OG0010140,0.417666,0.654277,1.127794,0.690873,0.932452,1.316745
OG0010141,0.250753,0.575239,1.100541,0.942119,1.274262,1.365878
OG0010143,0.258468,0.435066,0.958339,0.700923,1.055422,1.394658
OG0010145,0.201614,0.512313,0.776903,0.625623,0.779494,0.999217
OG0010149,0.405505,0.750569,1.028169,0.747081,0.907114,1.228035
OG0010150,0.352729,0.577290,0.921156,0.762914,1.240638,1.619230
OG0010151,0.276523,1.208317,1.625927,1.352130,1.741521,1.850158
OG0010152,0.224825,0.911803,1.166357,0.961236,1.363575,1.618128
OG0010153,0.262475,0.580094,1.035310,0.877065,0.893850,1.113031
OG0010154,0.165765,0.836351,1.239179,0.935117,1.106974,1.118155
OG0010156,0.164908,0.484352,0.944872,0.626311,0.837821,1.003540
OG0010157,0.310154,0.570557,1.043321,0.720934,0.759427,0.954020
OG0010159,0.205499,0.716806,0.982614,0.833016,1.168650,1.717029
OG0010160,0.198809,0.477422,0.701659,0.606120,0.846007,0.913987
OG0010161,0.224753,0.624872,0.952258,0.709959,1.003253,1.151316
OG0010162,0.191052,0.363320,0.666140,0.618860,0.801053,1.078359
OG0010164,0.523164,0.418470,0.701163,0.355458,0.854360,1.325506
OG0010165,0.199029,0.650254,1.069850,1.183276,0.982101,1.163297
OG0010167,0.146617,0.390035,0.505475,0.433294,0.497878,0.840394
OG0010168,0.161784,0.540973,1.009093,0.737982,0.967766,1.094850
OG0010169,0.233616,0.437346,0.827920,0.609870,0.946837,1.244393
OG0010170,0.446693,0.953470,1.735864,1.179042,1.518007,1.976511
OG0010172,0.176502,0.579299,0.976948,0.806786,0.938407,1.186901
OG0010174,0.220498,0.611209,1.075416,0.736552,0.988923,1.155891
OG0010176,0.189150,0.848506,1.096870,0.906048,1.227549,1.295862
OG0010177,0.186271,0.531753,1.094307,0.745940,1.145762,1.189176
OG0010178,0.250582,0.612495,1.091592,0.786242,0.914514,1.047109
OG0010179,0.254695,0.430385,0.708517,0.611411,0.700247,0.848300
OG0010182,0.414336,0.875029,1.259241,1.059655,1.207435,1.227142
OG0010183,0.149683,0.457683,0.981715,0.771367,0.670829,1.343830
OG0010184,0.252883,0.718549,1.230903,0.876679,1.202829,1.623755
OG0010185,0.680916,0.683155,1.416404,1.113410,1.072006,1.449904
OG0010186,0.379524,0.751777,1.585059,1.100589,1.518192,2.226167
OG0010190,0.424097,0.800378,1.642398,1.304868,1.336324,1.632497
OG0010191,0.212368,0.369460,0.831207,0.861931,0.764621,1.003724
OG0010192,0.327793,0.975702,1.483307,1.117858,1.126126,1.938141
OG0010193,0.277670,0.674418,1.228140,1.092361,1.065053,1.271145
OG0010194,0.501765,0.787148,1.169414,0.814715,1.189071,1.431202
OG0010195,0.237431,0.775162,1.259462,1.057333,1.159059,1.257782
OG0010197,0.243096,0.628711,1.067090,0.839764,1.069592,1.159423
OG0010198,0.276253,0.657170,1.345370,0.779624,0.978714,1.404524
OG0010199,0.228337,1.047834,1.241436,1.114485,1.605265,1.671124
OG0010200,0.210374,0.796591,1.221446,0.915915,0.956670,1.127251
OG0010201,0.433788,0.743459,1.668452,1.332697,1.221389,1.514410
OG0010203,0.272227,0.957501,1.053375,1.018625,1.148317,1.407439
OG0010204,0.138554,0.623663,0.940909,0.959092,0.925970,1.149468
OG0010205,0.203825,0.467897,1.074342,0.804543,1.163161,1.109560
OG0010206,0.216387,0.807778,1.175765,1.019589,1.401973,1.573866
OG0010207,0.268125,0.943462,1.476434,1.286246,1.540907,1.814392
OG0010208,0.220026,0.578674,0.912593,0.672696,0.821502,0.961908
OG0010210,0.424229,1.287693,2.051633,1.321561,1.731437,2.269224
OG0010212,1.019552,0.412924,0.691085,0.543246,0.915582,1.008619
OG0010214,0.415632,0.806555,1.556476,1.025759,1.193732,1.102754
OG0010215,0.146303,0.525570,1.092162,0.953490,1.145644,1.267993
OG0010216,0.765423,0.728163,1.206444,0.850417,1.244846,1.451597
OG0010217,0.126141,0.661572,1.016756,0.776169,1.118740,1.421391
OG0010221,0.344134,0.518945,0.891777,0.661185,0.783266,0.955268
OG0010223,0.197112,0.700584,0.968985,0.745258,0.903826,1.012173
OG0010224,0.289080,0.892325,1.253038,1.023206,1.443113,1.287982
OG0010226,0.134289,0.678049,0.963288,0.815397,0.791916,1.026889
OG0010227,0.400051,0.778047,1.364618,0.935371,1.102030,1.375584
OG0010229,0.210564,0.517328,0.879230,0.949611,0.833052,1.015814
OG0010230,0.234983,0.552196,0.956967,0.659345,1.028091,1.211445
OG0010232,0.223951,0.551529,0.902853,0.788628,0.947256,1.192816
OG0010233,0.158850,0.656108,0.929507,0.792484,0.976469,1.162107
OG0010234,0.015847,0.288517,0.360723,0.288335,0.398124,0.479927
OG0010237,0.394128,0.563886,1.481602,0.900460,1.403591,1.707531
OG0010238,1.603347,0.480106,0.736658,1.171704,1.656971,0.759430
OG0010240,0.283167,0.685048,1.241504,0.982517,1.275897,1.614091
OG0010241,0.225928,0.712343,1.056634,0.795276,1.081752,1.354256
OG0010244,0.251250,0.398485,0.802425,0.583323,0.733738,1.020624
OG0010245,0.083085,0.472010,0.673894,0.548319,0.698359,0.831712
OG0010246,0.092408,0.909092,1.017168,1.104356,0.944010,1.001717
OG0010247,0.175269,0.515067,1.066376,0.833412,1.058146,1.054511
OG0010248,0.296543,0.951888,1.458341,1.196440,1.345177,1.334503
OG0010249,0.149197,0.421791,0.981715,1.324880,0.927495,1.067227
OG0010254,0.222160,0.714646,0.953921,0.880196,1.068101,1.141938
OG0010256,0.184002,0.824334,1.326305,1.010073,1.068328,1.309519
OG0010257,0.189699,0.854309,1.462830,1.271054,1.297963,1.434179
OG0010258,0.295735,0.209502,0.239716,0.029903,0.293479,0.412365
OG0010259,0.219058,0.697589,0.878442,0.679048,0.863548,0.991982
OG0010264,0.113773,0.613986,1.014881,0.800189,0.876805,0.930188
OG0010265,0.201482,0.743410,1.150050,0.880291,1.168040,1.219480
OG0010266,0.224599,0.765995,1.156249,0.902754,1.037977,1.181020
OG0010267,0.250248,0.726500,1.090666,0.717812,1.086757,1.400083
OG0010268,0.173586,0.322839,0.797860,0.502250,0.604542,0.831385
OG0010270,0.109689,0.440878,0.514599,0.497236,0.604860,0.813652
OG0010271,0.221137,0.513711,0.814654,0.581439,0.795599,1.025575
OG0010272,0.363324,0.969624,1.584765,1.130814,1.679390,1.901391
OG0010273,0.288445,0.678306,1.266013,0.899658,1.091440,1.240925
OG0010274,0.711154,0.752138,1.299863,1.180875,1.811313,2.433402
OG0010275,0.414519,0.824165,1.442807,1.261988,1.450520,1.691896
OG0010276,0.124332,0.783450,0.970781,0.807740,1.108539,1.224193
OG0010277,0.192364,0.536119,1.475099,1.259247,1.129866,1.771132
OG0010279,0.302786,0.539577,1.246347,0.936506,1.013982,1.398584
OG0010280,0.236809,0.688048,1.035393,0.765342,0.986858,1.181374
OG0010281,0.057835,0.615103,1.216411,0.837340,0.928011,1.549884
OG0010282,0.083138,1.258318,1.541503,1.511027,1.601377,1.990319
OG0010285,0.188223,0.598587,1.077323,0.988794,0.880925,1.042612
OG0010286,0.365081,0.616388,1.756260,0.925158,1.161184,1.698857
OG0010287,0.858233,0.605476,0.964509,0.690617,0.893263,1.176098
OG0010288,0.546790,0.826110,1.506678,1.187204,1.435467,1.586465
OG0010289,0.797538,0.674824,1.360193,1.273417,1.291802,1.429660
OG0010290,0.232315,0.818117,1.302246,1.193705,1.078179,1.316470
OG0010291,0.302945,0.917169,1.448123,1.324745,1.404961,1.436896
OG0010292,0.317504,0.847238,1.594175,1.167278,1.398693,1.541357
OG0010293,0.256667,0.719356,1.017418,0.905170,0.769236,0.981653
OG0010295,0.253114,0.567006,1.024314,0.773703,1.139424,1.336592
OG0010296,0.196510,0.582805,0.867980,0.854053,0.922113,1.002993
OG0010300,0.392969,0.943406,1.433049,1.316194,1.359647,1.279692
OG0010302,0.295195,0.713801,0.953546,0.811007,0.936072,1.234144
OG0010303,0.164449,0.553974,0.848282,0.721563,0.691476,0.832666
OG0010304,0.212999,0.605822,1.162532,0.756690,0.938810,1.288137
OG0010305,0.156014,0.569696,0.724298,0.529691,0.822974,0.851707
OG0010306,0.115698,0.508981,1.091776,0.894239,1.231378,1.477686
OG0010307,0.159667,0.726758,1.009446,0.930555,0.821673,0.896762
OG0010308,0.211121,0.590884,1.205576,0.859257,0.950943,1.182057
OG0010309,0.230489,0.587700,1.108847,0.789866,0.986977,1.068997
OG0010310,0.338149,0.820259,1.911756,1.376164,1.446972,2.175121
OG0010311,0.344106,0.491385,1.323510,1.036861,0.998002,2.013757
OG0010312,0.182404,0.853936,1.244392,1.057675,1.067404,1.264948
OG0010315,0.280694,1.281524,1.869531,1.515304,1.477766,1.898311
OG0010316,0.111133,0.466014,0.774943,0.576991,0.818046,1.081207
OG0010319,0.181002,1.191108,1.889745,1.519711,1.396613,1.670254
OG0010321,0.249614,0.890766,1.426595,1.186662,1.162363,1.351848
OG0010322,0.153876,0.835009,1.259938,1.128509,1.127238,1.253791
OG0010324,0.193836,0.511648,0.874866,0.746123,0.872913,0.959292
OG0010325,0.629658,0.653328,0.985593,1.085423,0.907284,1.154474
OG0010327,0.403835,0.713537,0.933131,0.648758,0.843023,0.860786
OG0010328,0.275627,0.830834,1.453124,1.003003,1.165659,1.745772
OG0010329,0.304502,0.967249,1.452820,1.031127,1.104619,1.601362
OG0010331,0.360687,0.639185,1.165870,0.732355,1.006807,1.823141
OG0010333,1.631572,0.443854,1.043859,0.789028,1.128783,1.384888
OG0010336,0.189885,0.623763,0.971535,0.689089,0.874354,1.125325
OG0010338,0.229562,0.579277,1.235349,0.997588,1.234029,1.350392
OG0010339,0.188720,0.372410,0.776649,0.654805,0.819457,1.113626
OG0010340,0.240453,0.692310,1.387332,1.288491,1.281733,1.507073
OG0010341,0.170528,0.435746,0.824109,0.594223,0.665463,0.757221
OG0010342,0.250987,0.653720,0.855010,0.813078,0.933916,1.042165
OG0010344,0.165506,0.393692,0.746888,0.385945,0.733734,1.104146
OG0010345,0.207844,0.657994,1.042246,0.785536,0.876614,0.988188
OG0010346,0.517339,0.672816,1.297086,0.996282,1.037864,1.088568
OG0010350,0.166201,0.450843,0.765788,0.635695,0.829442,1.072987
OG0010352,0.221311,0.643347,1.093515,0.913819,1.119633,1.143289
OG0010353,0.272983,0.933333,1.364571,1.371676,1.235742,1.439493
OG0010356,0.190357,0.297809,0.889807,0.451295,0.592126,0.829302
OG0010357,0.784853,0.986290,1.564473,1.478975,1.830023,2.222794
OG0010358,0.724123,0.805625,1.423195,1.115093,1.206423,1.733066
OG0010359,0.721744,0.299778,0.879502,0.509639,0.693116,1.079631
OG0010362,0.285595,0.580890,0.897290,0.876638,0.991758,1.104912
OG0010363,1.019008,1.106448,1.394600,1.309355,1.206014,1.333898
OG0010364,0.226499,0.404881,0.827806,0.531706,0.782208,1.050747
OG0010365,0.192623,0.605874,1.094633,1.002111,1.174821,1.473722
OG0010366,0.045311,0.487516,0.852510,0.631258,0.684668,0.850814
OG0010367,0.292994,1.089677,1.725937,1.280428,1.243102,1.353154
OG0010368,0.207156,0.734171,1.127048,0.898146,1.142067,1.168687
OG0010372,0.349141,0.586031,0.917172,0.892134,1.136653,1.308565
OG0010373,0.141087,0.768056,1.260257,1.049918,1.291764,1.575034
OG0010377,0.697765,0.780707,1.685781,1.089973,1.097250,1.294576
OG0010379,0.442681,0.688793,1.132883,0.795201,1.046509,1.220253
OG0010380,0.131576,0.743982,0.956977,0.859715,0.969581,1.208446
OG0010383,0.198650,0.583964,1.190887,0.747234,1.131056,1.582296
OG0010385,0.140814,0.628442,1.494481,0.876337,1.140650,1.443408
OG0010386,0.308865,1.092870,1.796251,1.583962,1.467350,1.628333
OG0010387,0.263632,0.392099,1.128838,0.729416,1.748831,2.242011
OG0010389,0.619766,0.977512,1.652010,1.255257,1.757941,2.090957
OG0010390,0.848631,0.659040,0.966522,0.622125,0.904785,1.109555
OG0010391,0.167082,0.811267,1.123163,0.893795,0.816549,1.065619
OG0010392,0.341260,1.019601,1.715609,1.578317,1.528540,1.729225
OG0010393,0.244084,0.619842,1.399084,1.101046,1.241787,1.626424
OG0010396,0.758111,0.681665,1.095980,0.938202,0.623115,0.901777
OG0010397,0.299138,0.890558,1.062847,0.909169,1.554375,1.422621
OG0010398,0.173402,0.638904,0.951356,0.844908,1.005990,1.092700
OG0010399,0.300163,0.721377,0.999984,0.839288,1.001845,1.322697
OG0010400,0.151668,0.469895,0.722343,0.584028,0.836745,1.014891
OG0010401,0.250460,0.512508,1.123746,0.815825,0.892353,1.302497
OG0010402,0.485811,0.773161,1.666110,1.318484,1.588510,2.660983
OG0010403,0.391695,0.774289,1.398000,1.081055,1.270444,1.566167
OG0010404,0.270707,0.793144,1.258261,1.036934,1.294330,1.278253
OG0010405,0.359833,0.409462,0.573203,0.455749,0.624569,0.817049
OG0010406,0.738298,0.581132,1.612434,1.265701,1.851329,2.149816
OG0010407,0.272638,0.678477,1.063775,0.874287,1.126083,1.446636
OG0010409,0.201006,0.630539,0.987674,0.817224,1.030414,1.297109
OG0010410,0.197048,0.912860,1.134278,0.975225,1.337871,1.558333
OG0010411,0.178982,0.398867,0.741533,0.742182,1.079717,1.286714
OG0010413,0.328996,0.742309,1.397135,1.068499,1.651716,2.038552
OG0010415,0.174724,0.696299,1.080692,1.019532,1.238124,1.434296
OG0010416,0.165040,0.415687,0.962916,0.633896,0.815489,0.977230
OG0010418,0.918156,0.851084,1.416505,1.288727,1.355734,1.884185
OG0010419,0.202636,0.600371,0.876871,0.619484,1.096355,1.066787
OG0010421,0.361653,0.666577,1.228105,0.955587,1.197776,1.551497
OG0010423,0.083926,0.439170,1.221215,0.547123,0.999607,1.289108
OG0010424,0.209905,0.745301,1.080158,0.877477,1.096833,1.126206
OG0010425,0.471094,1.002254,1.595381,1.162098,1.640092,2.099813
OG0010427,1.595121,0.841198,1.455724,1.108702,1.463550,1.990443
OG0010428,0.241245,0.576064,1.143432,0.980722,1.507215,1.852953
OG0010430,0.224849,0.558081,0.962277,0.881129,1.048005,1.512696
OG0010431,0.174373,0.658206,1.163054,1.068128,0.981220,1.131010
OG0010433,0.183581,0.429475,1.277067,0.649267,1.194066,1.743530
OG0010434,0.072638,0.520404,0.867150,0.822665,1.254479,0.867315
OG0010436,0.410717,0.683151,1.333994,1.204197,1.566992,1.791012
OG0010438,0.193181,0.656595,1.061707,0.838658,0.933350,0.985424
OG0010439,0.292747,0.463203,0.936895,0.812543,1.087502,1.315773
OG0010440,0.310354,0.715837,1.197219,0.944459,1.260533,1.572461
OG0010441,0.288182,48.841655,1.188167,0.938251,0.964995,0.978328
OG0010444,0.248462,0.617026,0.996451,0.750074,1.025906,1.168004
OG0010445,0.032209,0.567588,0.790446,1.171779,0.739085,0.876556
OG0010446,0.160722,0.664180,1.299079,1.264133,1.463624,2.297994
OG0010450,0.240577,0.714827,0.989498,0.917065,0.929476,0.947744
OG0010452,0.245631,0.732607,1.135754,0.906571,1.368330,1.789407
OG0010453,0.288731,0.626327,1.186129,1.221263,1.365484,1.728943
OG0010454,0.410940,0.659031,1.898470,1.607146,1.600391,2.194170
OG0010455,0.315001,0.631958,0.968090,0.710669,0.789677,1.038329
OG0010456,0.245307,0.658509,1.181017,0.779707,1.179435,1.543146
OG0010457,0.474414,0.605608,1.034670,0.858929,0.941928,1.001611
OG0010458,0.245602,0.559361,1.236702,0.736021,1.231527,1.430106
OG0010459,0.279664,0.606573,0.988813,0.864978,0.880305,1.214147
OG0010460,0.253739,0.680817,1.053297,0.814233,1.137611,1.586660
OG0010461,0.246569,0.590211,1.009448,0.977020,1.095050,1.229658
OG0010462,0.215755,0.528998,1.432884,0.797006,1.118733,1.234524
OG0010463,0.286500,0.612676,1.514272,1.219566,1.143439,1.529768
OG0010464,0.193687,0.359512,0.913208,0.483581,0.838940,1.502280
OG0010467,0.344741,0.401596,0.438720,0.409743,0.491255,0.634443
OG0010468,0.146758,0.471097,0.646673,0.520041,0.549786,0.663770
OG0010469,0.188573,0.539985,1.440572,0.940247,0.709317,0.993946
OG0010470,0.208312,0.809041,1.258264,0.903631,1.107754,1.278582
OG0010471,0.297934,0.417144,1.281502,0.915017,1.124759,1.853773
OG0010473,0.365239,0.544681,0.843830,0.641890,0.885773,1.522688
OG0010475,0.231491,0.650443,1.054252,0.793516,0.759455,0.863366
OG0010476,0.243225,0.551035,1.031683,0.705059,1.033500,1.123895
OG0010477,0.872722,0.957619,1.165659,1.055542,1.302799,1.996844
OG0010478,0.291390,0.551326,1.227706,0.826400,1.228944,1.769727
OG0010479,0.290877,0.821311,1.294187,1.031501,1.041183,1.357097
OG0010480,0.179334,0.525374,0.593810,0.571439,0.640268,0.692794
OG0010481,0.101508,0.607855,1.089939,0.821746,1.338850,1.748003
OG0010482,0.169249,0.748249,1.026612,0.855342,1.114641,1.422030
OG0010485,0.061674,0.281114,0.686200,0.598309,0.446781,0.571377
OG0010486,0.391022,0.613563,0.872205,0.709175,0.830887,1.183545
OG0010487,0.410690,0.707529,1.275438,1.049381,1.084670,1.401536
OG0010488,0.286527,0.545284,0.842627,0.621593,0.973419,0.982944
OG0010489,0.169511,0.747299,1.066104,0.851099,1.058536,1.304357
OG0010490,0.289857,0.627475,1.047940,0.768829,0.965008,1.588167
OG0010491,0.271494,0.847538,1.469152,1.352240,1.052421,1.366037
OG0010492,0.433543,0.213573,0.919409,0.603071,0.724674,0.840435
OG0010496,1.059607,1.184584,2.742909,1.691089,2.305879,2.557021
OG0010498,0.128067,0.485467,0.768340,0.609036,0.729548,0.778601
OG0010499,0.255466,1.076591,1.568092,1.313933,1.342537,1.538540
OG0010500,0.360683,0.630204,0.999551,0.772717,1.043819,1.276001
OG0010501,0.726892,0.697053,1.341072,0.764979,1.360852,1.929361
OG0010502,0.213992,1.087384,1.429620,1.264996,1.242881,1.534877
OG0010503,0.275635,0.698467,1.145236,0.925279,1.089961,1.207492
OG0010504,0.314002,0.572300,1.094367,1.011187,1.481553,1.405548
OG0010505,0.246655,0.590831,0.999409,0.656132,0.885170,1.088545
OG0010506,0.782782,0.610619,1.143769,0.817286,1.071971,1.968146
OG0010507,0.071198,0.920928,1.257235,0.904254,1.400783,1.638418
OG0010509,0.194335,0.713744,0.806099,0.726422,0.884575,0.871848
OG0010510,0.287945,0.668311,1.024306,0.977325,0.977205,1.065462
OG0010511,0.275669,0.574658,1.138932,0.725782,0.967585,0.912018
OG0010513,0.798981,0.643815,1.300494,1.523674,1.049840,1.373567
OG0010514,0.790687,0.444572,0.523209,0.461893,0.950592,1.154509
OG0010515,0.204842,0.599147,1.196548,0.807589,1.079417,1.327638
OG0010516,0.214335,0.717498,1.092969,0.839348,1.006142,1.129927
OG0010517,0.282497,0.965378,1.565211,1.271507,1.448427,1.767532
OG0010520,0.161931,0.463716,1.112483,0.747451,1.036600,1.463499
OG0010522,0.195660,0.444325,1.080835,0.816260,1.064232,1.309878
OG0010523,0.364235,1.372299,1.622833,1.328767,1.149372,1.217414
OG0010524,0.293702,0.597782,0.982278,0.834607,0.956224,1.170282
OG0010525,0.223734,0.552409,0.820830,0.628142,0.695472,0.795450
OG0010527,0.231586,0.515169,0.875609,0.738119,1.014766,1.121880
OG0010529,0.600165,0.290684,0.499592,0.412448,0.327514,0.635070
OG0010530,0.263971,0.893474,1.480349,1.070101,1.322123,1.758332
OG0010531,0.127826,1.607487,1.259865,0.992504,1.158373,1.409470
OG0010532,0.228323,0.534358,1.211335,1.037767,0.952094,1.121512
OG0010533,0.777081,0.839142,1.268967,0.911291,0.489648,0.217235
OG0010535,0.380975,1.119905,2.241780,1.331615,1.465842,2.009614
OG0010536,0.449022,0.710849,1.334591,0.997507,1.089787,1.664585
OG0010539,0.327222,0.714501,1.124016,0.840211,1.232747,1.499840
OG0010540,0.183497,0.506389,0.959978,0.762948,0.805143,1.100734
OG0010541,0.374638,0.682889,1.082817,0.898146,1.161944,1.424296
OG0010543,0.259651,0.627959,1.212567,0.910312,1.169591,1.430234
OG0010544,0.248431,0.640965,1.410679,1.114887,1.269932,1.394440
OG0010546,1.452258,0.695070,0.995784,0.918780,1.193492,1.541768
OG0010547,0.249205,0.859866,1.185633,0.999985,1.356210,1.434165
OG0010549,0.283591,0.782421,1.041491,0.876858,1.204553,1.324484
OG0010551,0.398659,0.717178,1.060331,0.996235,0.966900,1.009309
OG0010553,0.801851,0.882106,1.132587,0.857468,0.947585,0.853282
OG0010554,0.159787,0.565163,0.720336,0.670972,0.573229,0.723419
OG0010555,0.279948,0.526717,1.262474,0.858268,0.869852,1.125280
OG0010557,0.138497,0.542740,0.906934,0.797900,0.759273,0.829089
OG0010558,0.077855,0.661168,1.043814,0.823187,1.088210,1.565436
OG0010560,0.362481,0.613981,1.155054,0.882611,0.982912,1.317045
OG0010561,0.429580,0.433589,1.094969,0.862558,0.796472,1.136856
OG0010562,0.321721,0.529866,0.890711,0.855330,0.798375,1.028345
OG0010564,0.136585,0.649559,0.933888,0.716264,1.007546,1.064774
OG0010566,0.153945,0.811703,1.059231,0.811439,1.296562,1.242686
OG0010567,0.277307,0.572748,0.822028,0.747842,0.893390,1.263663
OG0010570,0.350136,0.867398,1.391820,1.111265,1.102196,1.333981
OG0010572,0.315213,0.669948,1.002007,0.765473,1.125259,1.225569
OG0010573,0.176169,0.614184,0.906044,0.787055,0.910509,1.120479
OG0010574,0.210650,0.805027,1.094876,0.910454,1.168893,1.248718
OG0010575,0.262339,0.689905,1.115952,0.809421,0.974071,1.228151
OG0010576,0.314915,0.402979,0.966392,0.728189,0.852699,1.004471
OG0010577,0.194076,0.518888,0.865360,0.641368,0.878581,0.951177
OG0010578,0.182116,0.614207,0.744659,0.607138,0.649699,0.872598
OG0010579,0.024367,0.719621,1.145336,0.989926,0.992535,1.169128
OG0010581,0.234815,0.884766,1.317151,1.001499,1.387565,1.782582
OG0010583,0.246706,0.552594,0.992301,0.743246,1.112053,1.992139
OG0010584,0.791997,1.224405,1.829269,1.356889,1.899754,3.105933
OG0010587,0.342062,0.737256,1.031545,1.335883,0.876928,1.021526
OG0010589,0.294582,1.072899,1.002893,1.112158,1.304095,1.381957
OG0010590,0.220507,0.622650,1.036336,0.932644,0.917741,1.094022
OG0010591,0.324456,0.704255,1.202751,0.933886,0.956279,1.216570
OG0010593,0.259931,0.634637,1.377767,0.938257,1.191358,1.347003
OG0010594,0.232776,0.882929,1.195513,0.909796,1.215628,1.541725
OG0010595,0.258463,0.894174,1.368047,0.951173,1.359662,1.480059
OG0010597,0.221140,0.335157,0.598186,0.494958,0.676636,0.677316
OG0010599,0.467491,0.841774,1.226542,0.735676,1.042931,1.395342
OG0010600,0.166739,0.480356,0.759674,0.595912,0.750260,1.020293
OG0010601,0.205700,0.700674,1.182941,0.939645,1.203135,1.372493
OG0010603,0.091762,0.587024,1.582297,0.866769,0.922543,1.416629
OG0010605,0.174910,0.445794,0.762139,0.651339,1.021655,1.096341
OG0010606,0.219245,0.450259,0.793254,0.624256,0.814557,1.175564
OG0010608,0.178536,0.866208,1.283872,1.057246,1.221172,1.621823
OG0010610,0.907700,0.504551,1.020356,0.650316,0.908610,1.385319
OG0010611,0.116165,0.558974,0.841995,0.797799,0.997784,1.058878
OG0010614,0.382952,0.466495,0.970817,0.559671,0.883790,1.311049
OG0010617,0.181930,0.600819,1.024695,0.669817,0.856661,1.106631
OG0010618,0.227191,0.567986,1.002590,0.885654,1.015544,1.258143
OG0010619,0.168457,0.646996,1.095788,0.876013,1.057393,1.207710
OG0010620,0.143273,0.468010,1.024522,0.604207,1.107009,1.795511
OG0010621,0.227503,0.491277,0.719297,0.713440,0.845154,1.058521
OG0010622,0.177817,0.636975,1.121042,0.819588,1.065747,1.233484
OG0010624,0.184987,0.542159,1.040356,0.682037,1.571631,1.176362
OG0010625,0.192065,0.706213,1.120669,0.944023,1.000508,1.128011
OG0010627,0.421943,0.951627,1.519127,1.192528,1.194413,1.610092
OG0010628,0.356677,0.905517,0.947693,0.875315,0.974275,1.294982
OG0010629,0.243607,0.444532,1.020187,0.865779,0.857678,1.021760
OG0010631,0.154180,0.336738,0.652872,0.451321,0.640669,0.712932
OG0010633,0.224871,0.734845,1.472215,1.131879,1.219653,1.546657
OG0010634,0.179238,0.502690,0.976591,0.779829,0.776794,0.927640
OG0010635,0.197069,0.760842,1.527452,1.165299,1.360354,1.673663
OG0010637,0.298385,0.997961,1.132688,1.043862,1.293715,1.535802
OG0010638,0.307809,0.697196,0.974968,0.743721,1.013160,1.039591
OG0010640,0.276171,0.488169,0.924671,0.826285,0.746633,1.173903
OG0010642,0.559082,0.451590,0.905130,0.763640,0.905709,0.988416
OG0010646,0.388014,0.869813,1.058764,0.827492,1.248195,1.478306
OG0010647,0.398215,0.748599,1.255941,0.728942,0.879484,1.058897
OG0010648,0.213217,0.470564,0.968008,0.889195,0.614413,1.214469
OG0010649,0.338297,0.882747,1.189586,0.929052,1.189950,1.350098
OG0010650,0.383053,0.913701,1.204721,1.001830,1.029663,1.283628
OG0010651,0.364309,0.512414,1.325357,1.028417,1.268373,1.940013
OG0010652,0.470595,0.768290,1.199830,0.832283,1.267178,1.667429
OG0010653,0.280021,0.647237,0.975445,0.906786,0.947054,1.026647
OG0010655,0.223077,0.718751,1.021846,0.878416,1.001389,1.158866
OG0010656,0.196988,0.837821,1.556590,1.055171,0.797682,1.385524
OG0010657,0.185595,0.602922,1.005449,0.697779,0.816584,0.941779
OG0010662,0.729477,0.461247,0.735999,0.616345,0.994460,1.068975
OG0010664,0.786815,0.339104,1.686777,0.994155,1.007456,1.157201
OG0010666,0.188102,0.811397,1.216678,0.966830,1.252574,1.429892
OG0010667,0.201308,0.443729,1.003027,0.795434,0.964827,1.139904
OG0010672,0.448393,0.546595,1.368122,0.804901,0.950607,1.077333
OG0010673,0.203154,0.731352,1.257097,0.993420,1.411283,1.663316
OG0010674,0.255123,0.519973,0.857607,0.686480,0.765772,1.035627
OG0010675,0.247609,0.560367,0.874542,0.674402,0.961955,1.066078
OG0010678,0.205493,0.624984,1.226214,1.081273,1.289337,1.397498
OG0010679,0.375173,0.287599,0.789821,0.643534,0.910052,1.011418
OG0010682,0.287457,0.875366,1.188880,0.969170,0.845036,0.950073
OG0010683,0.313573,0.895022,1.154786,1.007621,1.243350,1.491933
OG0010684,0.214059,0.613168,0.654918,0.560592,1.238802,1.490755
OG0010685,0.248870,0.631029,0.947723,0.813647,1.311331,1.455485
OG0010687,0.197260,0.752040,0.951317,0.748157,1.089242,1.139107
OG0010688,0.115023,0.733030,1.484087,1.504262,1.494252,2.390820
OG0010689,0.027940,0.577384,0.986395,0.776208,0.908984,1.133718
OG0010690,0.345148,1.230215,1.793731,0.917203,1.388856,1.480642
OG0010691,0.294525,0.834320,1.444752,0.992924,1.215031,1.542280
OG0010692,0.418749,0.479705,0.966429,0.939517,1.066196,1.278700
OG0010693,0.282067,0.652446,1.234483,1.026381,1.107193,1.313142
OG0010694,0.276674,0.733349,1.481887,1.112499,1.031068,1.253832
OG0010696,0.232861,0.937571,1.314498,1.075836,1.072681,1.368238
OG0010697,0.180877,0.683911,1.229139,0.896987,1.047041,1.025251
OG0010698,0.226584,0.506303,0.870312,0.745273,0.860800,0.993418
OG0010699,0.198148,0.498633,0.902098,0.663791,0.815146,0.967218
OG0010700,0.227297,0.532619,0.733803,0.712698,0.714553,0.863452
OG0010701,0.306977,0.554271,1.119949,0.749623,1.556351,1.634338
OG0010702,0.216117,0.665245,1.331510,0.950456,1.278966,1.507714
OG0010704,0.113503,1.075216,1.766318,1.135895,1.155716,1.792160
OG0010705,0.199374,0.642485,1.138929,0.863167,0.969786,1.040408
OG0010707,0.267214,1.187024,1.259920,1.193128,1.217786,1.382817
OG0010708,0.292982,0.760641,0.973534,0.760923,0.952792,1.029703
OG0010709,0.214024,0.596342,0.762188,0.594319,0.679201,0.710452
OG0010710,0.185487,0.395208,1.036687,0.706864,0.886251,1.207213
OG0010711,0.276059,0.539361,0.972415,0.722431,0.895664,0.979289
OG0010713,0.224386,0.681554,1.222298,1.041319,1.039063,1.245850
OG0010714,0.188368,0.787102,1.220644,0.795607,1.137061,1.364431
OG0010715,0.160606,0.538711,0.985611,0.753229,0.787747,1.047243
OG0010716,0.203436,0.738970,1.027467,0.796012,0.845010,1.134252
OG0010717,0.247791,12.692694,1.415604,1.072940,1.220924,1.270559
OG0010718,0.275156,0.507285,0.857369,0.769051,0.988480,1.098636
OG0010722,0.181189,0.767384,1.304515,1.080115,1.091979,1.349551
OG0010723,0.189683,0.487541,0.897978,0.663073,0.912751,1.027305
OG0010724,0.170510,0.549588,0.830600,0.717714,0.788893,0.934184
OG0010726,0.425866,0.886055,1.864417,1.130364,1.895798,2.489854
OG0010731,0.480928,0.886090,1.204725,0.910012,1.009678,1.201529
OG0010732,0.271117,0.923876,1.221474,1.007469,1.371723,1.749674
OG0010734,0.090056,0.366474,0.733386,0.467852,0.553743,0.600848
OG0010735,0.062979,0.287842,0.558988,0.433125,0.482480,0.599138
OG0010736,0.267851,0.761518,0.979041,0.822000,1.047608,1.293920
OG0010737,0.227137,0.776900,1.287166,1.556749,1.191861,1.393029
OG0010738,0.394727,0.804808,1.515458,1.167651,1.195956,1.409846
OG0010739,0.229504,0.576286,1.083838,1.022156,1.155204,2.287419
OG0010742,0.358192,0.760613,1.366298,1.175729,0.976207,1.386328
OG0010743,0.200442,0.692585,0.966341,0.644271,1.090904,1.106865
OG0010746,0.206884,0.923995,1.344693,1.130244,0.901867,1.048992
OG0010747,0.262122,0.537220,0.939201,0.737912,1.216782,1.402957
OG0010748,0.082692,0.635500,0.902166,0.734771,0.714943,0.892551
OG0010749,0.318863,0.615691,1.092154,0.731017,1.489429,1.714273
OG0010750,0.166627,0.905675,1.118010,0.938709,0.958249,1.136948
OG0010751,0.200843,0.561989,1.193811,0.925943,0.976394,1.433762
OG0010753,0.114493,0.825147,0.912507,0.631668,0.914068,1.027519
OG0010754,0.290874,0.573461,1.269324,0.724168,1.208801,1.431146
OG0010758,0.082216,0.223449,0.516928,0.477657,0.468861,0.699077
OG0010760,0.209474,0.794373,1.183296,1.085050,1.294735,1.307860
OG0010761,0.404708,0.878764,1.385589,0.926533,0.882469,1.086762
OG0010762,0.251352,0.710169,0.909690,0.811985,1.078519,1.210819
OG0010763,0.183079,0.758382,1.509093,1.175177,1.202154,1.440902
OG0010764,0.159801,0.555495,0.878957,0.627615,0.812692,0.997783
OG0010766,0.129621,0.656306,0.936671,0.706300,0.863937,1.038561
OG0010767,0.184732,0.532666,0.796578,0.815041,0.944129,1.168076
OG0010768,0.297493,0.600467,0.761730,0.748602,0.896606,1.237884
OG0010770,0.142093,0.658327,1.014976,0.743634,0.832960,0.978967
OG0010775,0.275192,0.530789,0.926184,0.689392,1.027837,1.257055
OG0010776,0.515495,0.827637,1.018530,0.761944,1.139160,1.446321
OG0010777,0.308211,0.773123,1.323806,1.139422,1.120429,1.344849
OG0010778,0.212859,0.637729,1.355601,0.929244,1.110193,1.376543
OG0010779,2.110554,1.837102,2.650179,2.322949,2.841477,3.186839
OG0010780,0.159689,1.155428,1.626586,1.415665,1.651786,2.306707
OG0010781,0.374275,0.310702,0.619009,0.355208,0.165144,0.405948
OG0010782,0.372772,0.772017,1.318847,1.101732,1.266417,1.517820
OG0010784,0.271036,0.671383,1.051651,0.928267,1.238246,1.523829
OG0010785,0.277889,0.469267,2.314007,0.475206,0.780377,2.248670
OG0010787,0.669584,0.488575,0.868238,0.683147,0.988279,0.942210
OG0010790,0.775931,0.634578,1.089845,0.663454,0.559860,0.812724
OG0010791,0.181278,0.481832,0.852506,0.816794,1.013491,1.361328
OG0010792,0.348089,1.129801,1.547506,1.119315,1.302450,1.632023
OG0010793,0.197499,0.495584,0.831191,0.775302,0.845983,1.153460
OG0010795,0.199220,0.820393,1.239423,0.987489,1.309706,1.510087
OG0010796,0.164844,0.237883,0.382485,0.194048,0.242081,0.536386
OG0010799,0.227650,0.601384,0.849278,0.725435,0.995552,1.264478
OG0010800,0.183379,0.687080,0.823631,0.627367,1.045276,1.075208
OG0010801,0.538790,0.703815,1.955806,1.605104,1.228755,1.352230
OG0010804,0.455550,0.662060,1.482079,1.107205,1.146417,1.449848
OG0010805,0.383568,0.328350,0.741987,0.505029,0.616991,0.906312
OG0010806,0.319309,0.760764,1.138295,0.938044,1.324320,1.583434
OG0010807,0.271449,0.621130,1.121495,0.966819,1.120928,1.239360
OG0010808,0.357189,0.541392,1.138405,1.011274,1.154285,1.680107
OG0010809,0.152982,0.773049,0.948985,0.819790,1.271938,1.413390
OG0010810,0.149837,0.829379,1.179073,1.054146,1.213957,1.448620
OG0010812,1.255342,0.769455,1.252417,1.230074,1.096847,1.441278
OG0010813,0.315370,0.435437,1.361873,0.869010,0.881527,1.238041
OG0010816,0.295036,0.506461,0.735651,0.609255,0.778905,1.103906
OG0010822,0.070078,0.705238,1.151885,0.995943,0.879149,1.050536
OG0010824,0.197813,0.782178,1.284451,1.130876,1.076745,1.357192
OG0010825,1.172564,0.878722,1.197767,0.864554,0.683957,1.178225
OG0010826,0.222274,0.860232,1.366491,1.125723,1.194941,1.391401
OG0010827,0.859778,1.191404,1.247097,1.062964,1.114537,1.346760
OG0010828,0.139527,0.608409,1.322195,0.821604,1.002424,1.367927
OG0010829,0.160617,0.399640,0.573950,0.547469,0.676045,0.748798
OG0010831,0.218804,0.671714,0.992425,0.744561,0.862705,0.909167
OG0010832,0.175714,0.531346,0.823808,0.607862,0.822575,1.000186
OG0010833,0.209192,0.919843,1.294009,1.062613,1.526966,1.662688
OG0010834,0.288156,0.738794,1.975182,1.254975,1.653651,2.323635
OG0010835,0.123990,0.497129,0.909712,0.685931,1.013624,1.022392
OG0010836,0.386883,0.787916,1.329337,1.153011,1.054463,1.347907
OG0010837,0.367571,0.124325,0.569753,0.513616,0.565558,0.631248
OG0010839,0.330941,0.959372,1.608835,1.331924,1.508785,1.917776
OG0010840,0.452138,0.656517,1.024601,0.928853,1.240261,1.500126
OG0010842,0.187257,0.929817,1.294106,0.995156,0.941051,1.073347
OG0010843,0.811037,0.877206,2.258590,1.817891,1.836465,2.157122
OG0010846,1.014861,0.498533,0.783447,0.588387,0.798943,1.055832
OG0010847,0.213058,0.765323,1.245045,0.874426,0.935122,1.121012
OG0010848,1.800708,2.779303,4.617807,3.658852,3.695790,4.161842
OG0010850,0.606796,0.755509,1.171986,0.921344,1.201190,1.484965
OG0010851,0.383711,0.814604,1.172871,0.881288,1.166697,1.401484
OG0010852,0.952932,0.972048,1.656590,1.309959,1.619837,1.565361
OG0010853,0.368997,0.696259,1.378768,0.953783,1.133918,1.519902
OG0010854,0.097476,0.674030,1.027076,0.763686,0.857651,0.931340
OG0010855,0.467000,0.571798,0.981892,0.709520,0.893989,1.186016
OG0010856,0.153858,0.601491,0.798576,0.707138,0.846481,0.960155
OG0010857,0.192806,0.587858,1.357930,0.958504,1.028803,1.407928
OG0010860,0.252834,0.882976,1.301604,0.888664,0.978255,1.329860
OG0010861,0.209834,0.410376,0.656582,0.500900,0.468472,0.521487
OG0010863,0.837669,0.215663,0.684606,0.505546,0.711619,0.908035
OG0010865,0.334067,0.667641,1.132349,0.897622,0.918002,1.193254
OG0010866,0.206626,0.629348,1.008564,0.909334,1.029273,1.628351
OG0010867,0.335411,0.837735,1.642552,1.226903,1.864737,2.071872
OG0010869,0.258848,0.634328,1.000880,0.864703,1.033739,1.102307
OG0010871,0.165044,0.304885,1.024045,0.788079,1.012204,1.264129
OG0010873,0.309118,0.535421,1.071366,0.851269,1.027862,1.727832
OG0010875,0.290393,0.796564,1.465824,1.197081,1.202335,1.618249
OG0010877,0.162344,0.668066,0.502824,0.393938,0.484917,0.691103
OG0010878,0.261674,0.628753,1.310980,1.021772,0.968292,1.326146
OG0010880,0.228481,1.461328,1.277433,0.738175,1.231971,2.032617
OG0010881,0.194233,0.542468,0.937003,0.658738,0.975253,0.914996
OG0010882,0.328204,1.608309,2.562095,2.346867,2.388870,3.056946
OG0010883,0.193990,0.503551,1.259878,0.803439,1.049201,1.399663
OG0010884,0.382677,0.610636,1.472152,0.870207,1.596451,2.323034
OG0010885,0.245105,0.768125,1.100018,0.892361,1.150776,1.241774
OG0010886,0.144046,0.623295,1.251056,0.923170,1.494204,1.528130
OG0010887,0.198396,0.584338,0.902398,0.691411,0.678395,0.883125
OG0010888,0.214500,0.541711,0.931957,0.779999,0.985527,1.240882
OG0010889,0.434823,0.766713,0.922397,0.705723,0.870496,1.253051
OG0010891,0.216735,0.633676,0.988515,0.856405,1.472471,1.650150
OG0010892,0.281676,0.658114,1.029946,0.757862,1.022927,1.143514
OG0010893,0.130443,0.641914,1.039717,0.865173,0.901252,0.967880
OG0010894,0.283094,0.716313,0.997611,0.875079,0.939801,1.024145
OG0010895,0.277046,0.815888,1.238635,1.042111,1.121815,1.474028
OG0010896,0.457435,1.069454,1.169116,0.892549,1.519516,1.577986
OG0010897,0.981600,0.676398,1.090263,0.834701,0.986747,1.122744
OG0010898,0.234664,0.515663,1.121279,0.718998,0.872169,1.027849
OG0010900,0.474268,1.076120,1.264848,1.252957,1.438162,1.689677
OG0010901,0.177057,0.716993,1.160794,1.075574,1.236993,1.474127
OG0010902,0.196932,0.586804,1.010027,0.737239,0.860246,0.991369
OG0010903,0.576376,0.862484,1.265014,0.955970,1.388256,2.041653
OG0010904,0.047794,0.494347,0.759676,0.629851,0.912132,0.959372
OG0010905,0.382699,0.772693,1.237632,0.907993,1.116374,1.628652
OG0010906,0.230090,0.633063,0.933252,0.768246,0.873490,0.952421
OG0010907,0.452122,1.241369,1.850096,1.329865,1.322632,1.641737
OG0010908,0.272833,0.669968,1.087117,0.809543,1.026849,1.101911
OG0010909,0.125753,0.928692,1.040789,0.850969,1.226437,1.615295
OG0010910,0.395703,0.512078,1.207995,1.042032,1.626376,2.033524
OG0010911,0.268834,1.426621,1.511909,1.166761,1.880581,2.197546
OG0010912,0.273046,0.538540,0.852653,0.882834,0.824584,1.087133
OG0010913,0.234025,0.292084,0.805297,0.666389,0.895707,1.090236
OG0010915,0.172648,0.528059,1.086834,0.881763,0.978245,1.094815
OG0010919,0.228433,0.372145,0.822774,0.504702,0.741624,0.922269
OG0010920,0.231253,0.771626,1.246727,1.078365,1.315047,1.617411
OG0010921,0.194235,0.678368,1.024394,0.756041,1.124323,1.320857
OG0010922,0.263380,0.804348,1.198894,0.906824,0.883937,0.949423
OG0010925,0.423129,0.795559,1.702697,1.508562,2.173529,2.440475
OG0010926,0.245211,0.519968,0.778822,0.826574,1.035369,1.285126
OG0010929,0.280143,0.497967,1.040479,0.813081,1.297464,1.297119
OG0010930,0.357194,0.793208,1.064506,0.979088,1.980269,1.209964
OG0010931,0.201230,0.674430,0.945633,0.726503,1.073778,1.321691
OG0010932,0.226743,0.296161,0.693349,0.458740,0.582789,0.740750
OG0010933,0.261651,0.604146,0.874999,0.775216,0.796146,0.857880
OG0010934,0.000930,0.362019,0.550622,0.538608,0.395825,0.485817
OG0010936,0.274723,0.657697,1.116455,1.025666,1.058758,1.096579
OG0010938,0.115669,0.214441,0.388986,0.291593,0.346980,0.459324
OG0010939,0.285360,0.888112,1.082552,0.838109,0.951021,1.170061
OG0010941,0.260075,0.557757,1.237495,0.999737,0.956480,1.827925
OG0010942,0.269628,0.687235,1.066725,0.790290,1.077132,1.254491
OG0010944,0.757688,0.587282,1.486535,1.017353,1.224420,1.621568
OG0010946,0.373336,0.735652,1.325684,1.151170,1.255005,1.635043
OG0010947,0.177294,0.568971,1.004428,0.847443,1.176606,1.322083
OG0010948,0.288892,0.546680,1.189534,0.750888,1.101382,1.298534
OG0010949,0.508739,0.541566,1.044198,0.766977,0.848949,0.940260
OG0010950,1.680513,0.658849,1.165420,1.170108,1.245023,1.889708
OG0010951,0.316570,0.691384,1.104144,0.992793,0.887135,1.052544
OG0010952,0.318962,0.584108,0.894191,0.902057,0.917930,1.398470
OG0010953,1.406348,0.876535,1.644787,1.224301,1.736909,2.196458
OG0010954,0.171736,0.506281,0.809884,0.606812,1.070080,1.424688
OG0010955,0.236084,0.836763,1.110324,0.883582,1.065434,1.300021
OG0010956,0.147775,0.376374,0.882936,0.637881,0.890986,0.849853
OG0010957,0.203417,0.310364,0.668123,0.460804,0.899191,0.843173
OG0010958,0.543264,0.677427,1.680950,1.130110,1.146378,1.693572
OG0010959,1.353153,0.864068,1.683661,1.305001,1.841983,3.678748
OG0010960,0.278741,0.811782,1.060350,0.826397,0.987634,1.094120
OG0010962,0.293898,1.277802,1.363233,1.126547,1.261955,1.404737
OG0010963,0.273754,0.772051,1.607772,1.247990,1.676756,2.225177
OG0010964,0.457891,0.455081,0.998902,0.647153,0.749582,1.482649
OG0010965,0.215624,0.759118,1.095825,1.034037,0.847781,0.998844
OG0010967,0.241249,0.729608,1.081061,0.887541,0.992129,1.285856
OG0011080,0.396599,1.010977,1.373694,1.307229,1.504404,2.444275
OG0011088,0.157698,0.547569,1.212112,0.932822,1.108410,1.384472
OG0011116,0.126794,0.423354,0.780630,0.519676,0.807348,0.985959
OG0011117,0.346564,0.367675,0.796600,0.600059,0.944981,1.244162
OG0011120,0.620591,0.605034,1.218514,0.898650,1.333867,1.724039
OG0011127,0.414461,0.866863,1.430834,1.112886,1.189081,2.733114
OG0011144,1.345303,0.781737,0.866684,0.489079,0.588417,0.853476
OG0011146,0.558891,0.556008,0.893810,0.393329,0.993475,2.802736
OG0011158,0.228461,0.731747,1.268495,0.961293,1.764863,1.498625
OG0011182,0.324948,0.468311,0.799778,0.772804,0.873450,1.514293
OG0011190,0.147551,0.591771,0.863462,0.917171,1.263335,1.343573
OG0011844,0.359484,0.492140,0.890560,0.702037,1.016411,1.501809
OG0011847,2.348700,0.716222,1.236482,0.816941,0.831671,0.698517
OG0011848,0.197198,0.679786,1.060449,0.728224,1.065445,1.420783
OG0011849,0.188231,0.659089,0.975720,0.883119,1.160729,1.314172
OG0011852,0.221281,0.548945,1.034769,0.963774,1.167583,1.480253
OG0011861,0.266311,0.481518,1.355821,1.118542,0.913552,1.327636
OG0011863,0.183613,0.489925,0.953713,0.819171,0.812182,1.112906
OG0011864,0.200844,0.651721,1.157169,0.889165,1.230094,1.546220
OG0011865,0.257353,0.890905,1.302714,0.974856,1.404342,1.612213
OG0011866,0.268426,0.789173,1.247563,0.839006,1.182064,1.488257
OG0011867,0.185290,0.433270,0.897437,0.722057,1.083316,1.384915
OG0011868,0.213986,0.447216,0.782972,0.636574,0.787699,1.150979
OG0011869,0.269995,0.833873,1.243647,1.019778,1.968926,2.458613
OG0011872,0.212105,0.849730,1.245630,1.023338,1.134002,1.349724
OG0011873,2.317268,0.578407,1.152306,0.821772,0.820591,1.423312
OG0011874,0.344075,0.589663,0.939370,0.746882,1.002911,1.336382
OG0011875,0.185056,0.612473,0.859655,0.604773,1.007522,1.146557
OG0011878,0.245641,0.521069,1.148941,0.844637,0.803496,1.184991
OG0011879,0.219781,0.671293,1.334285,1.037619,1.219978,1.648958
OG0011880,0.405187,0.898833,1.871234,1.524503,1.941045,3.590064
OG0011882,0.163101,0.535115,1.008208,0.652001,0.811208,1.075734
OG0011883,0.377903,1.070428,1.298635,1.045021,1.389925,1.716539
OG0011884,0.539181,0.694277,1.328652,1.137503,1.008776,1.330837
OG0011885,0.342214,0.669165,1.045466,0.874636,0.721841,1.001084
OG0011887,0.209789,0.551985,0.978877,0.675401,0.666769,0.976424
OG0011888,0.129705,0.508750,0.865717,0.796531,0.827876,1.033026
OG0011889,0.199780,0.492573,1.116305,0.985994,0.960910,1.285965
OG0011890,0.255185,0.567246,0.856069,0.710508,0.680685,0.882775
OG0011892,0.217257,0.632367,0.849324,0.720914,0.960852,1.075839
OG0011893,0.200713,0.669057,1.075183,0.820534,1.108017,1.317168
OG0011894,0.156532,0.490474,0.836396,0.798588,0.993005,1.470487
OG0011896,0.629903,0.733397,1.144343,0.801463,0.966217,1.161503
OG0011898,0.245123,0.703647,0.991811,0.799100,1.172693,1.470235
OG0011899,0.319244,0.904271,1.885614,1.246254,1.634387,1.826362
OG0011901,0.305244,0.786874,1.002849,1.084585,1.011818,1.224342
OG0011902,0.221896,0.709834,1.482338,1.119914,1.312941,1.476367
OG0011903,0.500410,0.956449,0.620363,0.557221,1.122654,1.113266
OG0011904,0.168593,0.716406,1.054983,0.796350,1.192056,1.466569
OG0011907,0.247512,0.449572,0.743909,0.665181,0.754022,0.995099
OG0011910,0.207431,0.545207,1.047201,0.873094,1.380994,1.528258
OG0011912,0.322151,0.552247,1.174802,0.635673,0.890749,1.253888
OG0011915,0.487108,0.668938,1.853885,1.086282,1.532777,1.683059
OG0011916,0.319706,0.831955,1.366615,0.925400,1.298246,1.600329
OG0011918,0.211853,0.445458,0.932289,0.662426,0.676534,0.852316
OG0011919,0.229541,0.659822,1.473025,0.572165,1.139639,1.475807
OG0011921,0.187515,0.705136,1.061788,0.992135,1.060621,1.245198
OG0011922,0.357908,0.577532,0.942847,0.729841,1.063057,1.069888
OG0011924,0.472491,0.637012,1.045206,0.785858,0.827293,0.935184
OG0011925,0.242697,0.650746,1.154261,0.839216,2.287804,1.958300
OG0011927,0.429543,1.138279,1.367291,1.169999,1.401758,1.626083
OG0011929,0.248545,0.519758,1.083052,1.065420,0.830093,0.963329
OG0011930,0.476493,0.650877,1.047181,0.916364,0.950730,1.142659
OG0011931,0.351774,1.011660,1.876181,1.497063,1.307448,1.631224
OG0011932,0.117952,0.771966,1.432853,1.173206,1.226146,1.494628
OG0011934,0.164933,0.738007,1.211852,0.911846,1.166687,1.945791
OG0011935,0.180949,0.642723,0.755661,0.583587,1.177148,1.546643
OG0011936,0.303420,0.630851,1.063942,0.810761,1.036718,1.224937
OG0011937,0.300369,0.482550,1.257090,0.895271,0.810065,1.041565
OG0011938,0.162333,0.723082,1.694006,1.076106,1.124996,1.897299
OG0011939,0.234387,0.750137,1.172961,0.850064,0.999632,1.087702
OG0011941,0.211551,0.712432,1.408487,1.036733,1.128896,1.268658
OG0011942,0.534861,0.646012,0.672836,0.568238,0.941440,1.256703
OG0011943,0.237851,0.830875,1.506427,1.214459,1.350522,1.702793
OG0011945,0.263280,0.640938,1.256676,0.943970,1.025822,1.360201
OG0011946,0.269204,0.623633,1.188888,0.908355,1.062055,1.238998
OG0011947,0.348680,0.567695,1.181211,0.890695,0.907580,1.160003
OG0011951,0.167883,0.814332,0.915233,1.005955,1.078751,1.312786
OG0011952,0.342496,0.491991,0.982575,0.661925,1.610611,1.649330
OG0011954,0.227471,0.453183,1.076646,0.955818,0.936894,1.283587
OG0011956,0.234789,0.653833,1.046382,0.778897,1.069470,1.319580
OG0011957,0.279744,0.477805,1.004491,1.142856,1.273162,1.471012
OG0011958,0.549909,0.519666,0.977922,0.610690,0.825116,1.351008
OG0011959,0.258216,0.979416,1.734039,1.186314,1.456032,1.800638
OG0011960,0.241565,0.604408,1.333908,0.899493,0.981836,1.797381
OG0011961,0.277387,0.538734,1.439755,1.072041,1.087961,1.165551
OG0011962,0.279641,0.623954,1.056420,0.871023,1.127494,1.458929
OG0011963,0.172458,0.521749,0.792645,0.600236,0.576792,0.865418
OG0011964,0.182298,0.496850,0.827236,0.598302,1.110061,1.255182
OG0011965,0.323336,0.537882,1.066718,0.841263,1.091732,1.249949
OG0011966,0.231500,0.668349,0.935031,0.776234,1.107407,1.266751
OG0011967,0.188303,0.573339,0.824649,0.663160,1.088410,1.026733
OG0011968,0.134300,0.396703,0.904343,0.674568,0.803983,1.031750
OG0011969,0.826535,0.562064,1.576522,1.002262,1.189844,1.959216
OG0011970,0.411306,0.560507,0.906820,0.666304,1.335555,1.325248
OG0011972,0.367853,0.503039,0.895690,0.732143,0.919082,0.935200
OG0011973,0.267065,0.502046,0.983363,0.638526,0.813434,0.915214
OG0011974,0.483659,0.823806,1.405319,1.000796,1.291461,1.469177
OG0011975,0.193902,0.720731,0.947018,0.828091,0.999288,1.190878
OG0011977,0.253661,0.627893,1.248078,1.218877,1.191003,1.741488
