Orthogroup	Araport11_pep_20250214	Colocasia_esculenta	La_longest.isoform	Laeq_longest.isoform	Lgib	Sp_withorga	Wa_withorga	Wo_longest.isoform	Total
OG0000000	0	5	23	84	37	16	11	236	412
OG0000001	2	0	21	42	107	4	18	202	396
OG0000002	0	2	10	36	175	1	115	54	393
OG0000003	4	1	166	93	3	5	1	118	391
OG0000004	78	19	34	89	26	56	20	15	337
OG0000005	1	0	6	20	231	2	5	39	304
OG0000006	0	1	8	67	45	1	13	164	299
OG0000007	1	1	15	60	45	0	40	124	286
OG0000008	1	25	16	48	24	2	19	131	266
OG0000009	0	1	94	33	16	12	10	80	246
OG0000010	1	77	8	0	58	6	60	32	242
OG0000011	1	20	8	15	51	14	36	81	226
OG0000012	3	2	7	17	68	1	48	62	208
OG0000013	1	1	9	16	20	1	16	131	195
OG0000014	1	82	3	10	19	11	20	47	193
OG0000015	2	13	2	20	28	1	30	89	185
OG0000016	3	141	10	3	0	20	0	0	177
OG0000017	1	3	44	23	3	0	1	89	164
OG0000018	162	0	0	0	0	0	0	0	162
OG0000019	50	25	8	29	9	36	1	0	158
OG0000020	0	0	4	15	31	11	26	67	154
OG0000021	0	5	0	25	0	0	53	69	152
OG0000022	0	1	11	27	11	0	11	90	151
OG0000023	0	45	11	28	40	14	1	3	142
OG0000024	0	113	0	0	16	3	1	6	139
OG0000025	133	0	0	0	0	0	0	0	133
OG0000026	9	13	25	16	14	39	6	8	130
OG0000027	0	2	10	10	23	50	30	4	129
OG0000028	0	0	0	2	47	9	63	5	126
OG0000029	57	10	9	9	11	6	6	11	119
OG0000030	25	2	6	10	13	7	21	30	114
OG0000031	1	4	1	8	45	10	19	17	105
OG0000032	9	21	8	10	15	22	4	14	103
OG0000033	5	22	17	13	12	11	11	12	103
OG0000034	4	42	18	4	7	12	4	10	101
OG0000035	1	2	1	0	1	2	1	92	100
OG0000036	98	0	0	0	0	0	0	0	98
OG0000037	0	0	4	24	47	0	1	22	98
OG0000038	0	1	2	2	3	2	17	68	95
OG0000039	0	39	10	28	11	6	0	1	95
OG0000040	89	2	0	0	0	0	0	0	91
OG0000041	3	10	19	9	11	25	5	8	90
OG0000042	1	1	1	0	1	2	1	83	90
OG0000043	9	14	5	20	16	16	4	3	87
OG0000044	12	15	12	12	13	11	6	6	87
OG0000045	5	17	19	16	4	18	0	8	87
OG0000046	6	5	14	3	14	22	13	9	86
OG0000047	2	20	1	13	1	7	5	36	85
OG0000048	85	0	0	0	0	0	0	0	85
OG0000049	49	14	3	3	4	3	3	5	84
OG0000050	84	0	0	0	0	0	0	0	84
OG0000051	0	0	0	0	0	0	0	83	83
OG0000052	81	0	0	0	0	0	0	0	81
OG0000053	3	6	14	2	6	41	4	4	80
OG0000054	3	16	7	3	19	10	9	12	79
OG0000055	1	6	11	12	17	10	11	11	79
OG0000056	78	0	0	0	0	0	0	0	78
OG0000057	77	0	0	0	0	0	0	0	77
OG0000058	5	5	13	14	12	3	9	16	77
OG0000059	0	0	0	0	0	0	0	77	77
OG0000060	5	8	2	28	9	10	8	6	76
OG0000061	26	3	10	9	25	1	1	1	76
OG0000062	2	3	9	9	20	17	11	5	76
OG0000063	1	23	9	5	10	6	10	12	76
OG0000064	0	3	4	14	14	10	15	16	76
OG0000065	0	0	3	9	10	12	32	10	76
OG0000066	2	9	5	14	21	10	9	5	75
OG0000067	1	10	6	13	17	7	12	9	75
OG0000068	0	0	0	6	14	2	9	44	75
OG0000069	2	9	10	12	10	11	6	13	73
OG0000070	1	9	5	11	10	9	13	15	73
OG0000071	0	0	10	11	0	0	0	52	73
OG0000072	2	1	7	7	7	18	25	5	72
OG0000073	1	9	5	12	7	13	13	11	71
OG0000074	4	2	5	17	7	2	14	20	71
OG0000075	1	6	7	14	7	16	7	12	70
OG0000076	1	3	8	16	13	0	10	19	70
OG0000077	27	9	1	7	18	8	0	0	70
OG0000078	1	0	7	2	24	7	18	11	70
OG0000079	0	0	0	0	0	0	70	0	70
OG0000080	5	12	2	1	16	8	14	11	69
OG0000081	13	17	4	3	14	10	3	5	69
OG0000082	1	3	11	9	15	13	7	10	69
OG0000083	3	16	8	2	19	10	9	2	69
OG0000084	6	12	4	5	9	15	14	3	68
OG0000085	66	0	0	0	0	0	0	0	66
OG0000086	52	5	1	1	2	3	1	1	66
OG0000087	7	32	3	2	3	14	3	2	66
OG0000088	0	16	8	16	13	9	1	3	66
OG0000089	19	1	8	11	8	3	6	9	65
OG0000090	6	1	22	12	11	1	6	6	65
OG0000091	62	0	0	0	0	0	0	1	63
OG0000092	63	0	0	0	0	0	0	0	63
OG0000093	2	13	0	3	9	2	26	7	62
OG0000094	0	1	2	32	9	5	2	10	61
OG0000095	5	2	6	3	18	5	18	4	61
OG0000096	0	0	21	3	0	0	0	37	61
OG0000097	13	13	5	3	10	7	3	6	60
OG0000098	60	0	0	0	0	0	0	0	60
OG0000099	38	9	1	2	4	2	1	2	59
OG0000100	3	2	3	1	11	10	27	2	59
OG0000101	59	0	0	0	0	0	0	0	59
OG0000102	0	1	2	3	16	11	8	18	59
OG0000103	9	10	7	13	6	2	4	7	58
OG0000104	3	5	1	1	16	10	21	1	58
OG0000105	18	22	1	3	5	9	0	0	58
OG0000106	0	6	3	3	11	13	16	6	58
OG0000107	0	1	0	1	23	23	10	0	58
OG0000108	0	0	6	7	6	13	21	5	58
OG0000109	0	0	0	58	0	0	0	0	58
OG0000110	5	12	5	5	9	13	4	4	57
OG0000111	3	8	2	3	15	16	8	2	57
OG0000112	1	2	1	0	24	18	11	0	57
OG0000113	10	9	4	4	9	9	8	3	56
OG0000114	2	5	1	4	12	10	21	1	56
OG0000115	1	3	8	10	9	13	6	6	56
OG0000116	0	1	8	10	15	22	0	0	56
OG0000117	0	0	5	9	15	13	10	4	56
OG0000118	22	3	3	4	2	4	3	14	55
OG0000119	15	5	3	5	7	5	7	8	55
OG0000120	0	0	9	12	2	0	5	27	55
OG0000121	0	1	1	10	6	2	1	33	54
OG0000122	3	4	2	8	14	12	9	2	54
OG0000123	1	0	6	13	11	9	3	10	53
OG0000124	3	2	7	7	16	7	5	6	53
OG0000125	5	4	5	16	9	7	3	4	53
OG0000126	0	7	8	19	5	10	1	3	53
OG0000127	0	0	2	4	8	11	22	6	53
OG0000128	1	2	5	2	19	3	15	5	52
OG0000129	14	3	10	6	9	6	2	2	52
OG0000130	16	8	8	2	4	4	3	7	52
OG0000131	6	5	6	9	3	16	2	5	52
OG0000132	10	5	2	4	13	8	6	4	52
OG0000133	2	1	11	6	10	3	5	13	51
OG0000134	7	7	9	9	10	5	2	2	51
OG0000135	10	8	3	5	9	7	6	3	51
OG0000136	51	0	0	0	0	0	0	0	51
OG0000137	51	0	0	0	0	0	0	0	51
OG0000138	51	0	0	0	0	0	0	0	51
OG0000139	51	0	0	0	0	0	0	0	51
OG0000140	1	1	3	1	8	4	27	6	51
OG0000141	1	4	7	6	2	2	1	27	50
OG0000142	7	8	2	1	26	5	0	1	50
OG0000143	23	11	2	0	5	4	5	0	50
OG0000144	50	0	0	0	0	0	0	0	50
OG0000145	8	1	2	5	13	6	8	7	50
OG0000146	5	1	17	3	0	0	0	24	50
OG0000147	0	2	6	13	1	1	1	26	50
OG0000148	19	3	1	0	9	10	4	3	49
OG0000149	10	9	9	2	6	5	6	2	49
OG0000150	0	1	0	0	24	15	9	0	49
OG0000151	9	6	13	5	3	3	3	6	48
OG0000152	2	15	2	0	13	3	13	0	48
OG0000153	7	4	1	2	3	4	22	5	48
OG0000154	6	2	4	5	7	9	9	6	48
OG0000155	4	0	0	7	5	2	7	23	48
OG0000156	47	1	0	0	0	0	0	0	48
OG0000157	2	4	4	6	12	5	10	5	48
OG0000158	0	0	3	17	14	0	1	13	48
OG0000159	3	6	4	5	9	7	8	5	47
OG0000160	1	1	4	4	14	1	12	10	47
OG0000161	2	0	2	5	12	5	17	4	47
OG0000162	2	30	3	1	3	5	1	1	46
OG0000163	6	9	4	9	6	9	2	1	46
OG0000164	46	0	0	0	0	0	0	0	46
OG0000165	3	6	4	2	9	6	10	6	46
OG0000166	3	4	28	3	1	2	1	4	46
OG0000167	0	0	6	0	0	0	0	40	46
OG0000168	5	3	7	8	5	5	5	7	45
OG0000169	6	4	5	6	5	4	10	5	45
OG0000170	45	0	0	0	0	0	0	0	45
OG0000171	3	3	5	4	10	13	4	3	45
OG0000172	3	12	4	2	4	5	11	4	45
OG0000173	1	0	1	6	13	2	3	18	44
OG0000174	1	1	2	0	5	5	14	16	44
OG0000175	1	6	9	6	4	14	2	2	44
OG0000176	1	0	1	1	9	2	27	3	44
OG0000177	0	12	14	2	4	10	1	0	43
OG0000178	6	3	2	18	7	2	1	4	43
OG0000179	15	20	0	0	0	8	0	0	43
OG0000180	13	3	7	7	6	3	2	2	43
OG0000181	3	1	1	8	1	1	6	22	43
OG0000182	43	0	0	0	0	0	0	0	43
OG0000183	7	5	3	5	2	4	2	15	43
OG0000184	4	1	2	3	12	2	13	6	43
OG0000185	4	16	5	5	6	6	1	0	43
OG0000186	0	3	1	0	17	16	6	0	43
OG0000187	0	0	17	4	0	0	0	22	43
OG0000188	0	13	2	3	10	7	5	2	42
OG0000189	3	8	2	2	13	3	6	5	42
OG0000190	1	13	3	4	6	4	7	4	42
OG0000191	42	0	0	0	0	0	0	0	42
OG0000192	40	1	0	0	0	1	0	0	42
OG0000193	5	5	11	8	2	4	3	4	42
OG0000194	4	3	1	0	11	4	15	4	42
OG0000195	6	4	5	6	4	8	2	7	42
OG0000196	0	42	0	0	0	0	0	0	42
OG0000197	0	0	0	0	0	0	0	42	42
OG0000198	10	4	6	6	4	4	3	4	41
OG0000199	5	8	7	5	6	7	2	1	41
OG0000200	41	0	0	0	0	0	0	0	41
OG0000201	41	0	0	0	0	0	0	0	41
OG0000202	0	7	0	4	6	2	16	6	41
OG0000203	22	2	2	3	2	2	3	4	40
OG0000204	5	3	7	6	7	5	1	6	40
OG0000205	1	1	1	1	7	1	28	0	40
OG0000206	8	4	8	2	3	2	1	12	40
OG0000207	34	0	0	0	3	3	0	0	40
OG0000208	1	5	3	5	13	10	2	1	40
OG0000209	16	7	2	2	3	6	2	2	40
OG0000210	1	3	8	6	5	7	4	6	40
OG0000211	0	1	0	4	7	6	5	17	40
OG0000212	0	0	23	2	3	3	0	9	40
OG0000213	0	0	2	0	0	3	35	0	40
OG0000214	1	11	7	1	6	6	4	3	39
OG0000215	25	1	1	7	3	2	0	0	39
OG0000216	1	29	2	1	1	2	2	1	39
OG0000217	2	8	6	6	5	4	4	4	39
OG0000218	18	2	1	4	7	3	2	2	39
OG0000219	39	0	0	0	0	0	0	0	39
OG0000220	3	4	9	7	6	2	3	5	39
OG0000221	7	2	6	5	3	5	6	5	39
OG0000222	1	3	6	8	6	2	2	11	39
OG0000223	39	0	0	0	0	0	0	0	39
OG0000224	9	2	4	5	9	6	3	1	39
OG0000225	11	1	2	5	6	3	8	3	39
OG0000226	39	0	0	0	0	0	0	0	39
OG0000227	2	1	6	1	5	3	14	7	39
OG0000228	39	0	0	0	0	0	0	0	39
OG0000229	39	0	0	0	0	0	0	0	39
OG0000230	7	2	7	5	8	3	1	6	39
OG0000231	3	9	2	6	10	5	2	2	39
OG0000232	5	6	1	8	5	4	6	4	39
OG0000233	1	2	28	1	2	1	3	1	39
OG0000234	2	1	1	0	10	3	20	2	39
OG0000235	7	3	2	2	9	2	8	5	38
OG0000236	2	7	5	3	8	6	4	3	38
OG0000237	8	6	7	5	4	5	1	2	38
OG0000238	6	3	4	7	6	5	4	3	38
OG0000239	3	7	7	6	5	4	3	3	38
OG0000240	4	3	1	1	15	2	11	1	38
OG0000241	26	3	1	2	3	1	1	1	38
OG0000242	38	0	0	0	0	0	0	0	38
OG0000243	2	2	1	26	1	1	1	4	38
OG0000244	15	3	5	3	3	3	3	3	38
OG0000245	11	11	0	4	0	0	9	3	38
OG0000246	27	1	1	2	2	2	1	2	38
OG0000247	5	0	4	4	8	4	12	1	38
OG0000248	17	5	3	4	2	2	2	3	38
OG0000249	4	4	7	1	7	4	10	1	38
OG0000250	2	6	5	4	7	6	4	3	37
OG0000251	7	8	3	5	5	3	3	3	37
OG0000252	1	5	5	5	5	5	4	7	37
OG0000253	14	4	2	2	6	5	2	2	37
OG0000254	3	1	1	1	1	2	1	27	37
OG0000255	6	4	6	2	8	2	5	4	37
OG0000256	9	7	4	5	3	5	2	2	37
OG0000257	4	9	5	5	4	6	2	2	37
OG0000258	36	1	0	0	0	0	0	0	37
OG0000259	37	0	0	0	0	0	0	0	37
OG0000260	23	4	1	1	4	3	1	0	37
OG0000261	37	0	0	0	0	0	0	0	37
OG0000262	12	3	1	2	11	8	0	0	37
OG0000263	1	5	5	3	9	6	6	2	37
OG0000264	28	2	0	0	2	2	2	1	37
OG0000265	18	3	3	3	2	3	2	2	36
OG0000266	4	2	3	3	8	2	9	5	36
OG0000267	0	5	8	6	3	4	4	6	36
OG0000268	22	1	2	2	3	3	2	1	36
OG0000269	9	13	2	3	4	3	1	1	36
OG0000270	2	1	5	5	10	3	4	6	36
OG0000271	36	0	0	0	0	0	0	0	36
OG0000272	16	3	3	6	2	2	2	2	36
OG0000273	2	34	0	0	0	0	0	0	36
OG0000274	6	2	5	5	5	5	3	5	36
OG0000275	0	1	3	16	3	1	0	12	36
OG0000276	2	8	7	2	5	5	1	5	35
OG0000277	1	1	20	1	1	1	1	9	35
OG0000278	2	6	4	3	8	6	3	3	35
OG0000279	2	7	7	4	5	5	4	1	35
OG0000280	3	14	2	2	5	5	2	2	35
OG0000281	4	3	5	4	5	5	5	4	35
OG0000282	35	0	0	0	0	0	0	0	35
OG0000283	2	3	5	8	4	3	5	5	35
OG0000284	21	4	2	1	2	3	2	0	35
OG0000285	0	0	2	1	13	8	8	3	35
OG0000286	0	6	2	4	4	6	11	1	34
OG0000287	9	5	4	4	2	2	2	6	34
OG0000288	4	3	5	5	5	2	6	4	34
OG0000289	2	3	6	5	4	4	4	6	34
OG0000290	1	2	3	5	9	8	3	3	34
OG0000291	1	6	6	3	3	8	4	3	34
OG0000292	5	3	1	1	19	2	2	1	34
OG0000293	2	4	6	6	6	7	2	1	34
OG0000294	13	2	2	4	7	2	2	2	34
OG0000295	1	2	2	6	10	7	3	3	34
OG0000296	7	3	6	4	3	3	3	5	34
OG0000297	14	5	2	2	2	2	4	3	34
OG0000298	5	6	6	3	8	3	2	1	34
OG0000299	0	18	4	4	2	6	0	0	34
OG0000300	0	1	1	1	5	2	22	2	34
OG0000301	0	0	28	0	0	0	0	6	34
OG0000302	0	0	31	1	0	0	0	2	34
OG0000303	0	0	3	0	0	0	0	31	34
OG0000304	1	1	2	1	3	2	22	1	33
OG0000305	2	2	1	3	9	2	10	4	33
OG0000306	18	3	1	2	2	2	2	3	33
OG0000307	1	1	1	25	2	1	1	1	33
OG0000308	16	3	2	3	2	2	2	3	33
OG0000309	7	7	3	3	3	3	3	4	33
OG0000310	13	4	3	2	3	3	3	2	33
OG0000311	5	4	4	3	5	5	4	3	33
OG0000312	1	3	3	1	7	9	7	2	33
OG0000313	32	1	0	0	0	0	0	0	33
OG0000314	12	4	3	3	3	3	3	2	33
OG0000315	27	1	0	1	1	1	1	1	33
OG0000316	1	4	6	3	5	4	5	5	33
OG0000317	0	0	0	4	2	0	0	26	32
OG0000318	0	3	3	5	0	0	7	14	32
OG0000319	0	1	2	5	13	1	1	9	32
OG0000320	12	2	3	2	3	4	3	3	32
OG0000321	8	3	3	2	4	5	3	4	32
OG0000322	16	4	2	0	3	4	2	1	32
OG0000323	6	6	2	7	3	4	2	2	32
OG0000324	3	5	2	5	3	6	3	5	32
OG0000325	12	2	3	4	3	2	3	3	32
OG0000326	3	11	3	3	4	3	3	2	32
OG0000327	22	1	1	1	1	3	1	2	32
OG0000328	9	12	2	1	4	1	2	1	32
OG0000329	3	3	3	8	5	2	3	5	32
OG0000330	8	6	2	3	2	2	4	5	32
OG0000331	2	3	2	18	3	1	2	1	32
OG0000332	32	0	0	0	0	0	0	0	32
OG0000333	1	8	2	2	8	4	5	2	32
OG0000334	12	3	3	3	3	3	2	3	32
OG0000335	13	6	2	2	2	2	2	3	32
OG0000336	32	0	0	0	0	0	0	0	32
OG0000337	1	4	1	6	7	10	2	1	32
OG0000338	32	0	0	0	0	0	0	0	32
OG0000339	4	8	6	2	4	4	3	1	32
OG0000340	18	2	2	2	2	2	2	2	32
OG0000341	6	2	2	2	7	2	10	1	32
OG0000342	1	3	2	2	7	6	8	3	32
OG0000343	1	1	2	2	4	2	17	3	32
OG0000344	0	1	2	1	7	14	7	0	32
OG0000345	0	0	13	6	1	1	0	11	32
OG0000346	0	0	5	0	0	0	0	27	32
OG0000347	0	0	0	0	32	0	0	0	32
OG0000348	0	0	0	0	5	14	12	1	32
OG0000349	4	3	10	4	4	3	2	1	31
OG0000350	1	7	4	4	5	4	2	4	31
OG0000351	18	1	2	2	2	2	2	2	31
OG0000352	1	30	0	0	0	0	0	0	31
OG0000353	0	3	0	1	6	3	16	2	31
OG0000354	1	9	7	0	8	6	0	0	31
OG0000355	10	3	3	4	3	3	3	2	31
OG0000356	9	5	1	3	6	5	1	1	31
OG0000357	7	3	3	4	5	2	5	2	31
OG0000358	3	14	5	1	4	1	1	2	31
OG0000359	2	5	3	4	8	3	3	3	31
OG0000360	1	2	2	2	2	2	19	1	31
OG0000361	6	9	1	1	8	2	2	2	31
OG0000362	26	0	0	0	2	3	0	0	31
OG0000363	1	1	8	1	1	1	1	17	31
OG0000364	11	4	2	3	2	3	3	3	31
OG0000365	8	7	4	2	3	4	2	1	31
OG0000366	18	1	3	1	2	3	1	2	31
OG0000367	3	4	3	10	2	5	1	3	31
OG0000368	3	2	1	5	6	8	5	1	31
OG0000369	5	5	4	3	4	2	5	3	31
OG0000370	21	2	0	0	4	3	1	0	31
OG0000371	2	16	2	3	2	4	1	1	31
OG0000372	11	2	4	2	6	3	2	1	31
OG0000373	1	11	2	4	8	4	0	1	31
OG0000374	2	6	0	0	7	4	10	2	31
OG0000375	0	0	12	1	0	0	0	18	31
OG0000376	0	0	3	0	0	0	0	28	31
OG0000377	0	0	0	0	7	12	12	0	31
OG0000378	2	6	4	1	6	6	3	2	30
OG0000379	6	3	3	2	2	7	3	4	30
OG0000380	8	3	4	5	3	3	2	2	30
OG0000381	8	4	4	2	3	3	3	3	30
OG0000382	12	2	4	4	2	2	2	2	30
OG0000383	8	4	3	3	3	3	3	3	30
OG0000384	14	2	2	2	3	1	3	3	30
OG0000385	0	8	3	7	3	3	5	1	30
OG0000386	3	2	4	2	3	4	9	3	30
OG0000387	17	5	0	1	1	2	1	3	30
OG0000388	6	9	1	1	5	1	3	4	30
OG0000389	30	0	0	0	0	0	0	0	30
OG0000390	14	4	2	2	2	1	3	2	30
OG0000391	24	1	0	1	1	1	1	1	30
OG0000392	30	0	0	0	0	0	0	0	30
OG0000393	15	12	0	0	0	2	1	0	30
OG0000394	4	4	6	3	9	2	2	0	30
OG0000395	3	2	1	1	1	1	1	20	30
OG0000396	30	0	0	0	0	0	0	0	30
OG0000397	30	0	0	0	0	0	0	0	30
OG0000398	2	3	3	4	3	3	5	7	30
OG0000399	1	23	1	1	3	1	0	0	30
OG0000400	7	9	2	2	4	3	2	1	30
OG0000401	4	5	5	5	3	4	2	2	30
OG0000402	6	4	3	4	3	4	2	4	30
OG0000403	1	1	2	0	1	1	1	23	30
OG0000404	7	3	5	3	3	3	3	3	30
OG0000405	2	5	1	7	2	2	9	2	30
OG0000406	7	8	3	3	4	5	0	0	30
OG0000407	2	3	6	3	5	4	4	3	30
OG0000408	0	1	0	0	16	8	5	0	30
OG0000409	0	0	15	2	0	0	0	13	30
OG0000410	0	0	0	0	30	0	0	0	30
OG0000411	2	4	3	5	4	4	4	3	29
OG0000412	4	3	4	4	5	4	3	2	29
OG0000413	17	2	1	1	2	2	2	2	29
OG0000414	5	8	4	2	3	4	2	1	29
OG0000415	1	3	7	3	4	5	3	3	29
OG0000416	3	11	2	3	3	3	3	1	29
OG0000417	15	2	2	1	2	2	2	3	29
OG0000418	5	6	2	3	3	2	5	3	29
OG0000419	3	6	6	2	2	3	2	5	29
OG0000420	4	8	4	2	3	4	3	1	29
OG0000421	9	7	3	3	1	2	2	2	29
OG0000422	5	4	2	3	5	2	3	5	29
OG0000423	5	7	2	2	4	4	3	2	29
OG0000424	11	3	2	2	2	2	2	5	29
OG0000425	5	6	4	3	3	3	3	2	29
OG0000426	12	2	1	1	2	2	5	4	29
OG0000427	7	0	1	10	7	1	1	2	29
OG0000428	1	5	4	1	6	6	4	2	29
OG0000429	3	4	3	3	5	4	4	3	29
OG0000430	3	4	5	3	2	3	2	7	29
OG0000431	7	5	3	3	3	3	3	2	29
OG0000432	1	3	5	13	2	3	1	1	29
OG0000433	14	2	2	3	2	2	2	2	29
OG0000434	12	2	3	3	2	2	2	3	29
OG0000435	5	4	4	3	3	3	4	3	29
OG0000436	29	0	0	0	0	0	0	0	29
OG0000437	3	7	5	3	3	5	2	1	29
OG0000438	3	4	5	3	4	4	3	3	29
OG0000439	2	7	3	4	6	4	2	1	29
OG0000440	2	2	4	4	2	2	8	5	29
OG0000441	14	3	2	1	2	3	2	2	29
OG0000442	1	3	7	3	5	2	3	5	29
OG0000443	1	10	3	3	3	3	3	3	29
OG0000444	1	2	2	4	14	2	2	2	29
OG0000445	3	1	0	16	1	1	1	6	29
OG0000446	2	6	5	2	4	4	3	3	29
OG0000447	0	2	3	6	3	15	0	0	29
OG0000448	0	1	3	6	8	1	6	4	29
OG0000449	9	3	5	3	2	1	2	3	28
OG0000450	9	6	2	2	2	2	2	3	28
OG0000451	17	1	3	1	2	2	2	0	28
OG0000452	0	28	0	0	0	0	0	0	28
OG0000453	3	3	5	4	3	4	5	1	28
OG0000454	4	2	3	10	3	3	2	1	28
OG0000455	6	3	5	4	3	3	2	2	28
OG0000456	19	3	1	2	1	1	1	0	28
OG0000457	1	5	5	3	5	4	2	3	28
OG0000458	4	0	4	4	3	1	6	6	28
OG0000459	1	4	4	5	6	4	2	2	28
OG0000460	3	7	3	3	3	3	3	3	28
OG0000461	2	3	4	4	7	5	1	2	28
OG0000462	1	1	0	0	9	6	11	0	28
OG0000463	6	5	4	2	3	3	3	2	28
OG0000464	1	5	2	4	7	2	5	2	28
OG0000465	4	3	3	6	2	2	4	4	28
OG0000466	28	0	0	0	0	0	0	0	28
OG0000467	28	0	0	0	0	0	0	0	28
OG0000468	12	0	3	4	2	3	2	2	28
OG0000469	12	2	2	3	2	2	2	3	28
OG0000470	5	1	1	3	3	1	11	3	28
OG0000471	1	6	2	3	5	4	2	5	28
OG0000472	2	2	1	11	4	1	3	4	28
OG0000473	5	4	3	1	3	5	4	3	28
OG0000474	2	8	1	3	6	4	3	1	28
OG0000475	4	1	2	6	4	9	1	1	28
OG0000476	1	2	2	0	6	3	14	0	28
OG0000477	0	11	4	4	3	1	2	3	28
OG0000478	0	2	0	0	4	9	13	0	28
OG0000479	0	2	5	3	7	5	3	3	28
OG0000480	0	0	0	0	14	8	6	0	28
OG0000481	0	0	0	0	0	0	0	28	28
OG0000482	5	2	5	4	3	3	2	3	27
OG0000483	3	3	5	2	3	3	3	5	27
OG0000484	1	6	3	1	10	3	2	1	27
OG0000485	1	15	2	4	2	1	1	1	27
OG0000486	12	3	2	2	3	3	1	1	27
OG0000487	4	4	3	3	4	3	3	3	27
OG0000488	4	7	3	3	2	3	2	3	27
OG0000489	5	4	3	3	3	4	2	3	27
OG0000490	8	1	7	0	0	1	1	9	27
OG0000491	3	6	5	4	3	4	1	1	27
OG0000492	5	1	2	9	5	2	1	2	27
OG0000493	4	3	2	4	5	4	2	3	27
OG0000494	4	5	3	3	6	2	2	2	27
OG0000495	11	2	3	2	2	2	2	3	27
OG0000496	1	4	2	5	3	1	1	10	27
OG0000497	12	3	1	2	2	3	2	2	27
OG0000498	1	7	1	1	3	3	7	4	27
OG0000499	8	2	3	2	3	3	2	4	27
OG0000500	4	5	2	3	4	3	3	3	27
OG0000501	8	4	2	3	3	3	2	2	27
OG0000502	1	7	3	4	7	1	3	1	27
OG0000503	1	1	1	1	1	1	20	1	27
OG0000504	27	0	0	0	0	0	0	0	27
OG0000505	10	3	6	1	2	2	2	1	27
OG0000506	19	2	1	1	1	1	1	1	27
OG0000507	17	10	0	0	0	0	0	0	27
OG0000508	4	3	3	2	3	3	7	2	27
OG0000509	27	0	0	0	0	0	0	0	27
OG0000510	10	5	2	1	2	3	2	2	27
OG0000511	3	4	4	2	4	4	4	2	27
OG0000512	1	3	6	2	4	4	4	3	27
OG0000513	9	4	4	3	2	3	1	1	27
OG0000514	2	10	4	0	7	4	0	0	27
OG0000515	3	5	4	3	2	3	2	5	27
OG0000516	1	2	2	2	3	2	3	12	27
OG0000517	11	2	2	2	2	3	2	3	27
OG0000518	2	4	4	1	8	2	1	5	27
OG0000519	3	2	3	4	3	2	8	2	27
OG0000520	1	2	3	0	6	6	4	5	27
OG0000521	4	7	1	1	7	4	1	2	27
OG0000522	5	2	3	7	3	3	2	2	27
OG0000523	10	1	2	3	3	3	3	2	27
OG0000524	3	7	3	2	4	6	1	1	27
OG0000525	4	5	3	2	4	3	5	1	27
OG0000526	1	3	4	4	4	5	3	3	27
OG0000527	7	6	4	2	3	2	2	1	27
OG0000528	4	6	3	3	3	3	3	2	27
OG0000529	0	2	2	0	11	7	3	2	27
OG0000530	0	1	5	6	2	2	4	7	27
OG0000531	0	0	0	0	15	2	8	2	27
OG0000532	4	2	4	4	2	1	1	8	26
OG0000533	1	3	5	3	3	2	5	4	26
OG0000534	17	2	1	2	1	1	1	1	26
OG0000535	25	1	0	0	0	0	0	0	26
OG0000536	4	0	0	1	1	7	9	4	26
OG0000537	16	3	1	2	1	1	1	1	26
OG0000538	2	3	7	3	2	1	3	5	26
OG0000539	1	6	3	4	3	3	3	3	26
OG0000540	6	0	2	2	2	2	8	4	26
OG0000541	7	2	5	1	2	2	5	2	26
OG0000542	4	6	2	2	3	4	3	2	26
OG0000543	5	11	3	1	1	1	1	3	26
OG0000544	2	3	5	5	3	3	2	3	26
OG0000545	1	4	4	4	4	3	3	3	26
OG0000546	4	1	2	2	1	0	13	3	26
OG0000547	5	4	3	2	3	4	2	3	26
OG0000548	16	3	1	1	1	2	1	1	26
OG0000549	8	6	2	2	2	3	1	2	26
OG0000550	6	2	4	3	4	3	2	2	26
OG0000551	2	2	6	6	3	3	2	2	26
OG0000552	19	1	1	1	1	1	1	1	26
OG0000553	14	3	1	1	2	2	2	1	26
OG0000554	3	2	7	1	1	2	2	8	26
OG0000555	2	6	3	3	3	3	2	4	26
OG0000556	17	2	1	1	1	1	1	2	26
OG0000557	1	3	5	4	6	3	2	2	26
OG0000558	2	2	8	3	2	2	1	6	26
OG0000559	4	3	5	2	2	2	4	4	26
OG0000560	5	1	3	2	1	7	1	6	26
OG0000561	15	5	1	0	1	2	1	1	26
OG0000562	6	6	2	1	3	5	1	2	26
OG0000563	10	1	5	0	6	4	0	0	26
OG0000564	1	0	0	0	23	2	0	0	26
OG0000565	15	2	1	0	3	2	3	0	26
OG0000566	26	0	0	0	0	0	0	0	26
OG0000567	1	3	5	6	4	2	3	2	26
OG0000568	3	2	1	13	2	3	2	0	26
OG0000569	13	2	2	2	2	2	2	1	26
OG0000570	3	1	0	9	6	1	6	0	26
OG0000571	2	4	4	4	3	3	3	3	26
OG0000572	16	3	1	1	1	1	1	2	26
OG0000573	6	2	4	2	2	2	1	7	26
OG0000574	9	4	2	2	2	3	2	2	26
OG0000575	5	4	5	4	4	2	1	1	26
OG0000576	2	7	4	2	2	2	3	4	26
OG0000577	9	3	2	3	3	2	2	2	26
OG0000578	26	0	0	0	0	0	0	0	26
OG0000579	7	3	3	3	3	3	1	3	26
OG0000580	1	2	2	2	2	2	2	13	26
OG0000581	2	7	3	3	2	5	2	2	26
OG0000582	1	5	5	3	4	3	3	2	26
OG0000583	3	3	2	4	6	3	4	1	26
OG0000584	2	3	4	4	4	2	4	3	26
OG0000585	2	3	5	3	3	4	3	3	26
OG0000586	9	2	3	2	2	4	2	2	26
OG0000587	12	2	3	2	2	2	2	1	26
OG0000588	3	6	2	4	3	3	3	2	26
OG0000589	5	5	3	2	5	4	1	1	26
OG0000590	19	1	1	1	1	1	1	1	26
OG0000591	2	2	8	3	2	2	2	5	26
OG0000592	1	3	4	3	2	4	4	5	26
OG0000593	9	2	2	2	2	3	2	4	26
OG0000594	16	1	1	3	4	1	0	0	26
OG0000595	7	3	3	3	3	3	2	2	26
OG0000596	7	4	2	3	3	3	3	1	26
OG0000597	1	3	2	7	4	3	1	5	26
OG0000598	0	8	14	0	0	3	1	0	26
OG0000599	0	8	5	5	4	1	1	2	26
OG0000600	0	0	7	0	0	0	0	19	26
OG0000601	0	0	2	3	6	1	13	1	26
OG0000602	0	0	4	4	9	2	5	2	26
OG0000603	0	0	0	1	14	3	7	1	26
OG0000604	1	0	3	7	2	0	1	11	25
OG0000605	4	3	4	2	4	4	2	2	25
OG0000606	1	15	2	1	1	2	2	1	25
OG0000607	2	4	4	2	4	2	1	6	25
OG0000608	2	2	2	3	7	3	3	3	25
OG0000609	11	2	2	1	2	2	2	3	25
OG0000610	10	2	2	2	2	2	2	3	25
OG0000611	13	12	0	0	0	0	0	0	25
OG0000612	8	9	1	0	0	7	0	0	25
OG0000613	7	2	2	4	3	3	2	2	25
OG0000614	3	5	3	4	3	3	2	2	25
OG0000615	9	1	2	1	2	2	2	6	25
OG0000616	1	0	3	13	1	0	1	6	25
OG0000617	9	3	3	2	2	2	1	3	25
OG0000618	1	2	1	1	1	1	2	16	25
OG0000619	12	2	2	0	2	2	3	2	25
OG0000620	2	5	5	5	3	3	1	1	25
OG0000621	7	4	4	0	0	2	3	5	25
OG0000622	7	5	2	2	2	2	2	3	25
OG0000623	1	6	3	4	3	3	3	2	25
OG0000624	5	8	2	1	7	2	0	0	25
OG0000625	5	2	5	5	2	2	2	2	25
OG0000626	15	2	1	1	1	2	1	2	25
OG0000627	1	4	3	4	3	4	3	3	25
OG0000628	5	4	2	3	3	3	2	3	25
OG0000629	4	2	3	3	3	3	3	4	25
OG0000630	14	1	2	0	2	2	2	2	25
OG0000631	5	8	2	2	2	2	3	1	25
OG0000632	7	5	2	1	2	3	2	3	25
OG0000633	8	3	2	1	1	1	3	6	25
OG0000634	8	2	2	5	2	2	2	2	25
OG0000635	4	3	3	3	3	3	3	3	25
OG0000636	8	2	3	2	2	2	2	4	25
OG0000637	6	4	1	1	5	4	3	1	25
OG0000638	25	0	0	0	0	0	0	0	25
OG0000639	4	2	2	7	3	4	1	2	25
OG0000640	16	1	2	2	1	1	1	1	25
OG0000641	8	2	3	1	1	1	1	8	25
OG0000642	18	7	0	0	0	0	0	0	25
OG0000643	2	2	3	5	5	1	1	6	25
OG0000644	1	0	1	0	8	10	5	0	25
OG0000645	9	2	3	2	3	3	2	1	25
OG0000646	2	1	2	2	2	1	11	4	25
OG0000647	2	2	1	1	5	2	11	1	25
OG0000648	1	19	1	0	2	2	0	0	25
OG0000649	4	3	3	3	3	3	2	4	25
OG0000650	3	4	3	2	3	3	3	4	25
OG0000651	7	2	2	5	2	2	2	3	25
OG0000652	4	9	2	1	2	2	2	3	25
OG0000653	5	1	3	6	1	6	2	1	25
OG0000654	4	3	7	1	3	2	2	3	25
OG0000655	8	2	3	2	2	2	2	4	25
OG0000656	13	5	1	0	2	2	1	1	25
OG0000657	5	4	3	2	3	2	3	3	25
OG0000658	1	4	7	2	2	4	2	3	25
OG0000659	3	4	4	4	2	2	2	4	25
OG0000660	4	4	2	1	6	3	4	1	25
OG0000661	11	1	3	1	5	1	1	2	25
OG0000662	2	3	1	5	5	2	6	1	25
OG0000663	5	2	2	2	2	4	5	3	25
OG0000664	1	3	2	6	3	4	1	5	25
OG0000665	6	3	3	4	2	2	2	3	25
OG0000666	1	1	1	1	5	2	13	1	25
OG0000667	0	5	1	3	6	3	1	6	25
OG0000668	0	10	2	2	3	2	5	1	25
OG0000669	0	0	1	2	2	2	12	6	25
OG0000670	0	4	2	10	0	1	0	7	24
OG0000671	3	6	3	3	2	2	2	3	24
OG0000672	8	2	3	2	2	3	2	2	24
OG0000673	4	2	9	1	3	2	1	2	24
OG0000674	17	2	1	1	1	0	1	1	24
OG0000675	5	4	4	1	3	3	2	2	24
OG0000676	2	2	2	5	2	7	2	2	24
OG0000677	3	6	6	2	2	2	1	2	24
OG0000678	7	2	4	3	2	2	2	2	24
OG0000679	5	2	3	3	3	3	3	2	24
OG0000680	9	4	3	2	2	2	1	1	24
OG0000681	2	2	2	1	10	3	3	1	24
OG0000682	0	0	15	1	0	8	0	0	24
OG0000683	1	3	1	2	5	5	4	3	24
OG0000684	1	5	3	1	3	4	4	3	24
OG0000685	2	1	1	1	3	2	12	2	24
OG0000686	4	4	4	2	3	2	3	2	24
OG0000687	10	4	2	1	2	2	1	2	24
OG0000688	8	2	2	2	2	4	2	2	24
OG0000689	14	1	1	1	3	1	2	1	24
OG0000690	3	4	4	2	3	3	2	3	24
OG0000691	13	5	1	1	3	1	0	0	24
OG0000692	5	1	6	1	2	7	1	1	24
OG0000693	4	7	3	1	5	2	2	0	24
OG0000694	14	5	1	1	1	0	1	1	24
OG0000695	2	1	0	13	0	1	1	6	24
OG0000696	10	2	2	2	2	2	3	1	24
OG0000697	3	9	1	1	3	1	3	3	24
OG0000698	3	3	5	3	3	2	2	3	24
OG0000699	5	3	1	0	5	3	5	2	24
OG0000700	6	2	3	2	2	5	2	2	24
OG0000701	5	1	5	4	3	2	0	4	24
OG0000702	1	3	3	2	4	3	6	2	24
OG0000703	20	2	1	0	0	0	0	1	24
OG0000704	4	6	3	2	2	2	2	3	24
OG0000705	2	6	3	2	5	3	2	1	24
OG0000706	16	1	1	1	1	1	1	2	24
OG0000707	10	2	3	1	2	2	2	2	24
OG0000708	7	3	2	1	1	2	5	3	24
OG0000709	8	2	2	4	2	2	2	2	24
OG0000710	2	3	8	2	2	2	3	2	24
OG0000711	17	1	1	1	1	1	1	1	24
OG0000712	2	3	6	3	2	2	1	5	24
OG0000713	24	0	0	0	0	0	0	0	24
OG0000714	6	3	4	2	2	2	1	4	24
OG0000715	1	9	2	2	2	2	2	4	24
OG0000716	3	3	4	2	3	3	3	3	24
OG0000717	8	3	2	2	2	4	1	2	24
OG0000718	9	3	2	2	2	2	2	2	24
OG0000719	4	3	3	1	3	3	3	4	24
OG0000720	1	2	6	3	2	2	2	6	24
OG0000721	9	2	2	1	2	4	2	2	24
OG0000722	1	4	3	2	3	4	4	3	24
OG0000723	2	1	2	1	12	3	1	2	24
OG0000724	11	2	2	2	2	2	2	1	24
OG0000725	3	2	5	2	4	2	2	4	24
OG0000726	5	3	2	3	2	3	3	3	24
OG0000727	2	3	1	3	3	5	4	3	24
OG0000728	2	2	5	6	3	3	2	1	24
OG0000729	8	4	3	2	2	2	2	1	24
OG0000730	7	2	2	1	4	6	1	1	24
OG0000731	3	3	6	1	3	3	3	2	24
OG0000732	7	6	3	2	2	2	1	1	24
OG0000733	2	9	2	2	2	2	2	3	24
OG0000734	1	1	1	3	3	4	9	2	24
OG0000735	1	0	1	2	2	6	11	1	24
OG0000736	1	0	0	2	4	6	11	0	24
OG0000737	0	4	1	3	8	4	2	2	24
OG0000738	0	1	1	1	6	11	4	0	24
OG0000739	0	1	4	4	5	2	6	2	24
OG0000740	0	5	4	2	2	3	2	6	24
OG0000741	0	0	4	2	0	2	1	15	24
OG0000742	0	0	0	2	4	2	2	14	24
OG0000743	1	3	5	4	3	3	2	2	23
OG0000744	5	5	3	2	2	2	2	2	23
OG0000745	1	4	4	4	3	3	3	1	23
OG0000746	1	2	3	6	6	2	2	1	23
OG0000747	2	7	2	7	3	2	0	0	23
OG0000748	6	4	2	2	3	2	2	2	23
OG0000749	1	4	1	1	5	2	7	2	23
OG0000750	5	2	4	3	2	2	2	3	23
OG0000751	5	2	2	4	3	3	2	2	23
OG0000752	12	1	2	2	2	2	1	1	23
OG0000753	13	3	1	1	1	2	1	1	23
OG0000754	0	9	0	1	7	2	3	1	23
OG0000755	2	4	3	3	3	3	3	2	23
OG0000756	7	2	3	3	2	2	2	2	23
OG0000757	5	3	2	6	1	2	1	3	23
OG0000758	4	3	4	3	2	3	2	2	23
OG0000759	9	1	1	0	10	1	1	0	23
OG0000760	2	3	3	3	3	6	0	3	23
OG0000761	2	3	5	2	3	3	3	2	23
OG0000762	2	4	5	2	3	5	1	1	23
OG0000763	0	4	3	4	4	4	3	1	23
OG0000764	10	4	1	1	3	2	1	1	23
OG0000765	6	4	2	2	2	3	2	2	23
OG0000766	2	2	1	8	1	1	1	7	23
OG0000767	12	3	0	0	2	2	4	0	23
OG0000768	3	1	5	5	2	2	1	4	23
OG0000769	2	8	3	1	2	3	2	2	23
OG0000770	6	3	1	0	9	3	1	0	23
OG0000771	2	4	3	1	5	3	4	1	23
OG0000772	10	1	2	2	2	2	2	2	23
OG0000773	1	4	3	2	3	4	3	3	23
OG0000774	9	4	1	1	4	2	1	1	23
OG0000775	12	2	1	2	2	2	1	1	23
OG0000776	11	1	2	2	2	2	1	2	23
OG0000777	4	3	3	3	3	3	2	2	23
OG0000778	1	3	2	2	1	2	1	11	23
OG0000779	1	1	2	2	7	3	2	5	23
OG0000780	8	8	2	1	1	1	1	1	23
OG0000781	1	2	3	4	2	4	4	3	23
OG0000782	9	3	2	2	2	1	2	2	23
OG0000783	2	2	3	4	3	2	3	4	23
OG0000784	4	2	2	5	3	2	2	3	23
OG0000785	4	5	4	1	3	3	2	1	23
OG0000786	3	2	5	2	2	2	3	4	23
OG0000787	14	1	3	3	0	0	0	2	23
OG0000788	8	2	2	1	3	3	2	2	23
OG0000789	17	1	1	1	1	1	0	1	23
OG0000790	6	3	2	2	3	3	2	2	23
OG0000791	4	1	5	3	2	2	3	3	23
OG0000792	10	2	2	4	1	2	1	1	23
OG0000793	2	1	2	4	2	7	1	4	23
OG0000794	4	5	2	1	2	3	2	4	23
OG0000795	1	3	5	2	2	3	3	4	23
OG0000796	17	2	1	0	1	1	1	0	23
OG0000797	8	2	3	2	2	2	2	2	23
OG0000798	5	18	0	0	0	0	0	0	23
OG0000799	2	3	3	3	4	4	2	2	23
OG0000800	3	4	3	2	3	4	2	2	23
OG0000801	8	3	2	2	2	2	2	2	23
OG0000802	9	3	2	2	2	2	2	1	23
OG0000803	9	3	1	2	2	3	1	2	23
OG0000804	2	2	3	6	6	4	0	0	23
OG0000805	4	4	2	2	3	3	2	3	23
OG0000806	1	17	1	0	1	1	1	1	23
OG0000807	4	10	1	2	1	2	1	2	23
OG0000808	1	1	4	9	2	2	2	2	23
OG0000809	6	6	3	1	2	2	2	1	23
OG0000810	17	1	1	1	1	1	1	0	23
OG0000811	1	4	3	4	3	4	1	3	23
OG0000812	5	2	3	2	4	2	2	3	23
OG0000813	10	3	3	1	1	1	1	3	23
OG0000814	10	2	2	1	2	2	2	2	23
OG0000815	5	1	4	3	3	3	2	2	23
OG0000816	6	3	2	2	3	2	3	2	23
OG0000817	1	3	4	5	4	4	1	1	23
OG0000818	8	4	1	2	2	2	2	2	23
OG0000819	3	2	3	3	4	3	3	2	23
OG0000820	5	5	3	3	2	2	2	1	23
OG0000821	1	6	3	2	3	2	3	3	23
OG0000822	1	3	1	1	2	2	11	2	23
OG0000823	6	2	5	2	2	2	2	2	23
OG0000824	2	1	3	3	9	2	3	0	23
OG0000825	4	1	2	3	1	1	1	10	23
OG0000826	5	4	2	3	3	3	2	1	23
OG0000827	1	0	0	0	7	2	9	4	23
OG0000828	1	5	4	3	3	3	2	2	23
OG0000829	3	2	4	4	3	3	2	2	23
OG0000830	11	2	2	2	1	1	1	3	23
OG0000831	1	0	0	0	4	3	12	3	23
OG0000832	1	2	2	0	2	2	11	3	23
OG0000833	1	1	2	1	3	1	11	3	23
OG0000834	0	1	0	1	18	0	1	2	23
OG0000835	0	0	20	1	0	0	0	2	23
OG0000836	0	0	10	0	0	0	0	13	23
OG0000837	0	0	5	1	0	0	0	17	23
OG0000838	0	0	0	0	22	1	0	0	23
OG0000839	0	0	1	0	6	0	7	8	22
OG0000840	0	6	11	1	1	3	0	0	22
OG0000841	3	2	3	4	3	2	2	3	22
OG0000842	5	7	2	1	2	2	2	1	22
OG0000843	15	2	1	1	1	2	0	0	22
OG0000844	8	1	3	2	2	2	2	2	22
OG0000845	5	3	2	2	3	4	2	1	22
OG0000846	4	3	3	4	3	2	2	1	22
OG0000847	3	3	1	0	8	4	2	1	22
OG0000848	1	2	3	9	2	1	2	2	22
OG0000849	7	2	2	2	2	3	2	2	22
OG0000850	3	5	2	2	2	2	4	2	22
OG0000851	1	5	2	2	3	3	4	2	22
OG0000852	3	4	3	2	2	4	2	2	22
OG0000853	10	3	2	1	3	1	1	1	22
OG0000854	1	2	3	2	5	2	2	5	22
OG0000855	2	3	2	5	4	2	3	1	22
OG0000856	14	1	1	1	1	2	1	1	22
OG0000857	1	3	5	4	4	2	2	1	22
OG0000858	4	6	2	2	2	2	2	2	22
OG0000859	3	5	4	2	2	4	1	1	22
OG0000860	9	1	2	2	2	2	2	2	22
OG0000861	2	1	3	2	7	2	3	2	22
OG0000862	0	13	1	1	2	1	1	3	22
OG0000863	2	2	3	1	6	4	0	4	22
OG0000864	2	3	2	3	2	3	2	5	22
OG0000865	9	3	1	1	5	0	2	1	22
OG0000866	2	6	2	2	3	2	2	3	22
OG0000867	3	5	1	1	3	2	2	5	22
OG0000868	7	4	1	2	2	3	2	1	22
OG0000869	4	1	2	2	2	4	4	3	22
OG0000870	4	2	3	3	2	5	2	1	22
OG0000871	21	1	0	0	0	0	0	0	22
OG0000872	1	3	7	1	1	2	2	5	22
OG0000873	6	3	1	1	2	2	2	5	22
OG0000874	1	11	2	3	1	2	1	1	22
OG0000875	7	4	3	1	3	2	1	1	22
OG0000876	6	3	2	2	2	2	2	3	22
OG0000877	12	2	1	1	1	2	1	2	22
OG0000878	6	4	0	1	10	0	0	1	22
OG0000879	7	1	1	0	6	4	0	3	22
OG0000880	2	2	2	1	1	2	10	2	22
OG0000881	17	4	0	0	0	1	0	0	22
OG0000882	3	3	3	3	3	3	2	2	22
OG0000883	2	1	0	0	2	0	16	1	22
OG0000884	3	3	3	2	5	2	2	2	22
OG0000885	1	3	3	5	4	2	2	2	22
OG0000886	5	2	1	0	5	2	4	3	22
OG0000887	6	3	1	0	8	4	0	0	22
OG0000888	15	2	0	1	1	1	1	1	22
OG0000889	8	2	1	2	3	3	1	2	22
OG0000890	2	2	4	2	3	2	3	4	22
OG0000891	7	2	4	2	2	1	2	2	22
OG0000892	6	2	1	3	2	4	3	1	22
OG0000893	5	4	3	3	2	4	1	0	22
OG0000894	5	5	2	1	2	2	2	3	22
OG0000895	11	2	2	1	2	2	1	1	22
OG0000896	3	2	3	8	3	1	1	1	22
OG0000897	1	2	4	1	3	4	3	4	22
OG0000898	5	3	2	2	4	2	2	2	22
OG0000899	2	2	0	0	9	0	2	7	22
OG0000900	10	2	0	2	2	2	2	2	22
OG0000901	10	12	0	0	0	0	0	0	22
OG0000902	7	1	0	10	1	1	1	1	22
OG0000903	6	2	3	3	2	2	2	2	22
OG0000904	4	5	2	2	2	2	2	3	22
OG0000905	8	2	3	1	2	1	2	3	22
OG0000906	2	1	1	1	4	1	11	1	22
OG0000907	2	0	1	1	2	6	9	1	22
OG0000908	9	4	2	1	2	2	1	1	22
OG0000909	22	0	0	0	0	0	0	0	22
OG0000910	3	2	5	2	2	2	2	4	22
OG0000911	18	2	0	0	0	2	0	0	22
OG0000912	8	2	1	2	2	2	2	3	22
OG0000913	13	2	1	0	2	2	1	1	22
OG0000914	13	3	1	1	1	1	1	1	22
OG0000915	8	2	3	1	3	1	1	3	22
OG0000916	14	1	1	1	1	1	1	2	22
OG0000917	12	2	1	1	1	2	1	2	22
OG0000918	1	2	4	5	2	2	5	1	22
OG0000919	9	1	1	3	2	2	2	2	22
OG0000920	3	3	2	3	2	2	5	2	22
OG0000921	1	1	1	15	1	1	1	1	22
OG0000922	6	2	2	3	2	3	2	2	22
OG0000923	3	6	3	1	3	3	2	1	22
OG0000924	5	2	4	2	3	4	1	1	22
OG0000925	3	5	1	2	2	3	2	4	22
OG0000926	5	6	3	1	2	3	1	1	22
OG0000927	7	2	3	3	2	2	1	2	22
OG0000928	1	4	2	4	4	3	1	3	22
OG0000929	10	11	0	0	0	0	0	1	22
OG0000930	4	3	3	2	2	3	2	3	22
OG0000931	4	2	3	3	3	3	2	2	22
OG0000932	5	2	7	0	2	2	1	3	22
OG0000933	4	2	2	3	2	2	3	4	22
OG0000934	1	2	4	1	1	1	1	11	22
OG0000935	1	7	2	3	3	3	2	1	22
OG0000936	1	10	1	2	2	2	3	1	22
OG0000937	6	3	3	2	2	2	2	2	22
OG0000938	4	3	3	3	3	3	2	1	22
OG0000939	15	1	1	1	1	1	1	1	22
OG0000940	0	22	0	0	0	0	0	0	22
OG0000941	0	1	9	3	2	1	1	5	22
OG0000942	0	0	13	0	3	2	3	1	22
OG0000943	0	0	4	1	8	2	5	2	22
OG0000944	0	0	0	0	0	0	22	0	22
OG0000945	1	0	0	1	9	8	1	1	21
OG0000946	4	8	2	2	2	1	1	1	21
OG0000947	6	6	1	3	1	2	0	2	21
OG0000948	7	2	3	2	2	1	2	2	21
OG0000949	1	4	2	4	2	2	2	4	21
OG0000950	12	3	2	1	1	1	1	0	21
OG0000951	2	1	1	9	1	1	2	4	21
OG0000952	1	4	3	3	3	3	3	1	21
OG0000953	5	1	3	2	2	2	3	3	21
OG0000954	2	3	5	2	2	3	2	2	21
OG0000955	4	4	4	1	2	3	2	1	21
OG0000956	3	2	5	2	2	3	2	2	21
OG0000957	3	4	3	3	3	3	1	1	21
OG0000958	6	2	2	2	3	2	2	2	21
OG0000959	7	1	3	2	2	2	2	2	21
OG0000960	4	2	3	4	2	2	2	2	21
OG0000961	1	2	1	1	13	3	0	0	21
OG0000962	11	1	1	3	2	1	1	1	21
OG0000963	7	2	2	0	5	2	2	1	21
OG0000964	1	2	4	2	4	4	2	2	21
OG0000965	5	1	4	2	2	3	1	3	21
OG0000966	2	1	2	1	1	2	1	11	21
OG0000967	8	5	1	2	2	1	1	1	21
OG0000968	2	2	5	3	2	3	2	2	21
OG0000969	6	5	1	1	3	2	2	1	21
OG0000970	11	3	1	0	1	3	1	1	21
OG0000971	10	2	1	2	2	2	1	1	21
OG0000972	8	3	1	1	3	2	2	1	21
OG0000973	4	6	2	3	2	2	1	1	21
OG0000974	8	1	2	2	3	3	1	1	21
OG0000975	1	1	2	2	7	2	4	2	21
OG0000976	2	2	4	1	2	2	2	6	21
OG0000977	1	5	3	2	2	3	2	3	21
OG0000978	9	2	1	1	2	2	2	2	21
OG0000979	9	1	2	3	2	2	1	1	21
OG0000980	13	1	1	1	1	1	1	2	21
OG0000981	1	4	3	2	3	3	3	2	21
OG0000982	4	2	3	2	3	3	2	2	21
OG0000983	2	4	3	1	3	2	3	3	21
OG0000984	3	3	2	1	3	3	3	3	21
OG0000985	1	3	2	3	3	4	4	1	21
OG0000986	1	0	1	1	6	1	11	0	21
OG0000987	13	2	1	1	1	1	1	1	21
OG0000988	3	2	2	3	4	2	3	2	21
OG0000989	1	4	4	2	3	2	2	3	21
OG0000990	1	2	3	4	3	3	3	2	21
OG0000991	9	2	1	2	2	2	1	2	21
OG0000992	3	2	3	1	3	3	3	3	21
OG0000993	10	2	2	1	2	2	1	1	21
OG0000994	11	2	1	2	1	1	1	2	21
OG0000995	9	2	2	2	2	2	1	1	21
OG0000996	7	3	2	2	2	2	1	2	21
OG0000997	4	4	2	3	2	2	3	1	21
OG0000998	7	2	2	2	2	2	2	2	21
OG0000999	2	3	3	2	3	3	2	3	21
OG0001000	5	5	2	1	3	2	2	1	21
OG0001001	8	3	2	2	2	2	1	1	21
OG0001002	1	3	3	2	1	1	1	9	21
OG0001003	2	5	2	3	3	3	1	2	21
OG0001004	5	3	2	2	2	2	2	3	21
OG0001005	10	3	2	1	2	2	1	0	21
OG0001006	4	2	3	2	4	3	2	1	21
OG0001007	1	4	4	2	3	3	3	1	21
OG0001008	8	2	3	2	2	2	1	1	21
OG0001009	3	5	3	1	5	2	1	1	21
OG0001010	4	2	4	4	2	2	2	1	21
OG0001011	13	1	1	1	1	1	1	2	21
OG0001012	1	0	0	0	6	3	11	0	21
OG0001013	13	3	0	0	1	2	1	1	21
OG0001014	7	3	2	1	2	2	2	2	21
OG0001015	6	4	1	3	3	2	1	1	21
OG0001016	3	3	3	0	1	10	1	0	21
OG0001017	2	1	1	1	1	1	13	1	21
OG0001018	7	2	2	2	2	2	2	2	21
OG0001019	1	3	2	3	3	3	3	3	21
OG0001020	4	2	4	2	3	2	2	2	21
OG0001021	5	2	4	1	2	2	1	4	21
OG0001022	6	0	4	3	2	2	2	2	21
OG0001023	14	1	1	1	1	1	1	1	21
OG0001024	13	2	1	0	1	1	1	2	21
OG0001025	5	5	2	2	2	2	1	2	21
OG0001026	6	1	4	2	2	2	2	2	21
OG0001027	7	4	2	1	2	3	1	1	21
OG0001028	6	2	3	2	2	2	2	2	21
OG0001029	5	2	5	1	1	1	1	5	21
OG0001030	6	3	2	2	2	3	2	1	21
OG0001031	21	0	0	0	0	0	0	0	21
OG0001032	8	3	1	2	2	2	2	1	21
OG0001033	6	2	2	3	2	2	2	2	21
OG0001034	4	2	3	1	7	2	1	1	21
OG0001035	14	1	1	1	1	1	1	1	21
OG0001036	1	0	2	5	6	2	0	5	21
OG0001037	2	8	1	1	5	2	2	0	21
OG0001038	2	6	4	4	1	1	2	1	21
OG0001039	2	5	4	1	2	2	2	3	21
OG0001040	3	5	3	2	2	2	2	2	21
OG0001041	5	3	3	1	2	2	2	3	21
OG0001042	12	1	2	1	1	1	1	2	21
OG0001043	5	4	2	1	2	1	2	4	21
OG0001044	12	3	1	1	1	1	1	1	21
OG0001045	8	6	2	1	1	1	1	1	21
OG0001046	5	5	1	2	2	2	1	3	21
OG0001047	1	9	2	2	2	3	1	1	21
OG0001048	3	2	3	2	3	3	3	2	21
OG0001049	1	4	3	2	3	3	3	2	21
OG0001050	1	3	6	1	2	5	2	1	21
OG0001051	12	2	1	2	1	0	2	1	21
OG0001052	1	3	3	2	2	1	4	5	21
OG0001053	10	2	2	3	2	2	0	0	21
OG0001054	1	1	1	0	4	2	11	1	21
OG0001055	0	21	0	0	0	0	0	0	21
OG0001056	0	10	1	1	1	4	1	3	21
OG0001057	0	4	0	14	0	0	0	3	21
OG0001058	0	5	0	0	3	3	10	0	21
OG0001059	0	0	6	1	0	0	0	14	21
OG0001060	0	0	11	0	0	0	0	10	21
OG0001061	0	0	2	0	0	0	0	19	21
OG0001062	0	0	0	21	0	0	0	0	21
OG0001063	0	0	0	0	21	0	0	0	21
OG0001064	0	0	0	0	0	0	21	0	21
OG0001065	0	0	0	0	0	0	0	21	21
OG0001066	1	1	2	4	3	3	3	3	20
OG0001067	1	4	1	1	4	1	3	5	20
OG0001068	1	2	3	3	5	2	2	2	20
OG0001069	3	4	5	3	2	3	0	0	20
OG0001070	3	3	3	2	3	2	2	2	20
OG0001071	15	1	1	0	1	1	1	0	20
OG0001072	0	0	3	5	5	2	3	2	20
OG0001073	4	3	2	2	1	3	1	4	20
OG0001074	4	2	2	2	1	2	3	4	20
OG0001075	1	0	0	1	15	0	1	2	20
OG0001076	18	0	0	0	0	0	0	2	20
OG0001077	11	2	1	1	1	2	1	1	20
OG0001078	4	1	5	2	4	2	1	1	20
OG0001079	4	3	2	2	2	2	3	2	20
OG0001080	11	2	1	2	1	1	1	1	20
OG0001081	5	1	2	2	4	2	2	2	20
OG0001082	5	2	2	2	2	2	3	2	20
OG0001083	3	4	2	3	2	2	2	2	20
OG0001084	8	2	2	1	2	2	2	1	20
OG0001085	1	4	4	2	2	2	2	3	20
OG0001086	10	4	1	1	1	1	1	1	20
OG0001087	4	5	3	1	2	2	1	2	20
OG0001088	1	2	2	2	5	3	2	3	20
OG0001089	4	3	4	3	2	2	1	1	20
OG0001090	6	1	4	2	3	3	1	0	20
OG0001091	2	2	3	3	4	2	3	1	20
OG0001092	4	4	2	1	3	3	2	1	20
OG0001093	16	0	0	0	1	1	1	1	20
OG0001094	4	3	1	6	1	1	1	3	20
OG0001095	3	3	3	0	2	3	2	4	20
OG0001096	2	5	1	1	3	3	3	2	20
OG0001097	11	1	1	1	1	1	1	3	20
OG0001098	7	1	2	2	2	2	2	2	20
OG0001099	4	2	1	1	6	2	2	2	20
OG0001100	6	0	6	4	1	1	1	1	20
OG0001101	7	2	2	1	2	2	2	2	20
OG0001102	5	3	3	1	2	3	2	1	20
OG0001103	5	2	4	1	2	2	2	2	20
OG0001104	11	4	0	1	1	1	1	1	20
OG0001105	6	3	1	2	2	2	2	2	20
OG0001106	3	3	1	1	5	3	2	2	20
OG0001107	3	5	3	3	2	2	1	1	20
OG0001108	5	4	2	2	2	3	1	1	20
OG0001109	10	5	1	0	1	1	1	1	20
OG0001110	1	0	1	16	1	0	0	1	20
OG0001111	6	6	2	1	1	1	1	2	20
OG0001112	1	0	0	2	1	1	12	3	20
OG0001113	3	2	4	3	2	2	2	2	20
OG0001114	3	2	3	2	2	2	2	4	20
OG0001115	3	3	3	3	2	1	3	2	20
OG0001116	8	2	2	1	2	2	1	2	20
OG0001117	4	5	1	1	4	2	2	1	20
OG0001118	2	2	2	2	2	2	3	5	20
OG0001119	4	5	3	1	1	1	2	3	20
OG0001120	5	2	2	2	3	2	2	2	20
OG0001121	1	3	4	2	3	2	2	3	20
OG0001122	6	2	3	2	2	1	3	1	20
OG0001123	1	2	3	5	3	4	1	1	20
OG0001124	8	1	1	2	2	2	2	2	20
OG0001125	1	3	3	2	6	2	1	2	20
OG0001126	5	5	3	2	2	1	1	1	20
OG0001127	3	2	1	2	3	3	5	1	20
OG0001128	1	0	0	2	5	1	11	0	20
OG0001129	6	1	3	3	2	1	2	2	20
OG0001130	9	3	2	1	1	2	1	1	20
OG0001131	3	5	3	2	2	2	2	1	20
OG0001132	2	1	1	1	1	11	1	2	20
OG0001133	4	4	3	1	2	3	2	1	20
OG0001134	20	0	0	0	0	0	0	0	20
OG0001135	4	2	3	3	2	2	2	2	20
OG0001136	6	2	2	2	2	2	2	2	20
OG0001137	6	3	2	1	2	2	2	2	20
OG0001138	5	3	4	1	2	1	2	2	20
OG0001139	5	2	2	1	2	4	2	2	20
OG0001140	12	2	1	1	1	1	1	1	20
OG0001141	6	2	2	2	2	2	2	2	20
OG0001142	5	4	3	2	1	2	1	2	20
OG0001143	4	4	2	2	2	2	2	2	20
OG0001144	7	3	2	1	2	1	2	2	20
OG0001145	6	3	2	3	2	2	1	1	20
OG0001146	4	3	4	4	1	1	1	2	20
OG0001147	6	2	2	2	2	2	2	2	20
OG0001148	9	3	2	1	2	2	1	0	20
OG0001149	7	2	2	1	2	2	2	2	20
OG0001150	12	2	1	1	1	1	1	1	20
OG0001151	10	0	0	0	8	1	1	0	20
OG0001152	3	2	4	2	2	2	2	3	20
OG0001153	1	3	5	2	3	3	1	2	20
OG0001154	6	2	2	2	2	2	2	2	20
OG0001155	20	0	0	0	0	0	0	0	20
OG0001156	6	2	2	2	2	2	2	2	20
OG0001157	4	4	3	1	2	1	3	2	20
OG0001158	13	1	1	1	1	1	1	1	20
OG0001159	6	1	3	0	8	1	1	0	20
OG0001160	9	3	1	2	1	1	1	2	20
OG0001161	8	2	2	1	2	2	1	2	20
OG0001162	2	4	2	2	2	3	2	3	20
OG0001163	3	1	1	4	8	1	1	1	20
OG0001164	13	1	1	1	1	1	1	1	20
OG0001165	12	2	1	1	1	1	1	1	20
OG0001166	2	3	3	2	3	2	2	3	20
OG0001167	3	0	2	0	4	1	8	2	20
OG0001168	5	3	3	1	1	3	1	3	20
OG0001169	2	4	3	2	2	2	2	3	20
OG0001170	9	3	2	1	1	2	1	1	20
OG0001171	2	2	2	2	6	2	2	2	20
OG0001172	7	4	2	2	2	1	1	1	20
OG0001173	2	2	2	2	6	2	2	2	20
OG0001174	2	6	4	2	2	2	1	1	20
OG0001175	2	9	3	2	1	1	0	2	20
OG0001176	5	2	2	3	2	2	2	2	20
OG0001177	11	1	2	1	1	2	1	1	20
OG0001178	7	2	2	1	3	2	2	1	20
OG0001179	6	2	2	1	3	2	2	2	20
OG0001180	7	2	2	2	2	3	1	1	20
OG0001181	5	2	3	2	2	2	2	2	20
OG0001182	1	5	4	1	3	2	2	2	20
OG0001183	3	6	2	0	3	2	1	3	20
OG0001184	2	1	6	1	3	1	2	4	20
OG0001185	3	10	2	1	2	1	0	1	20
OG0001186	5	4	1	4	2	4	0	0	20
OG0001187	3	2	3	3	2	3	2	2	20
OG0001188	4	2	3	1	4	2	1	3	20
OG0001189	5	4	1	0	6	2	1	1	20
OG0001190	2	4	4	4	0	2	1	3	20
OG0001191	3	3	2	3	2	3	2	2	20
OG0001192	3	5	2	2	2	1	2	3	20
OG0001193	6	2	3	3	2	2	1	1	20
OG0001194	2	3	2	3	2	2	1	5	20
OG0001195	4	2	3	2	2	2	2	3	20
OG0001196	2	3	2	2	3	3	4	1	20
OG0001197	1	2	6	2	3	2	2	2	20
OG0001198	7	4	3	1	0	2	1	2	20
OG0001199	1	4	3	3	2	2	2	3	20
OG0001200	5	3	1	1	3	2	1	4	20
OG0001201	4	3	2	2	3	3	2	1	20
OG0001202	12	1	2	1	1	1	1	1	20
OG0001203	1	2	4	4	3	4	1	1	20
OG0001204	1	3	1	1	2	10	2	0	20
OG0001205	10	1	1	3	1	1	1	2	20
OG0001206	8	4	2	1	1	1	1	2	20
OG0001207	6	3	1	2	2	2	2	2	20
OG0001208	1	1	1	1	1	1	1	13	20
OG0001209	5	3	2	2	2	2	2	2	20
OG0001210	2	3	2	10	1	2	0	0	20
OG0001211	1	4	2	1	2	8	1	1	20
OG0001212	2	2	5	1	2	2	2	4	20
OG0001213	2	3	3	2	3	3	2	2	20
OG0001214	1	1	2	1	1	1	11	2	20
OG0001215	0	6	2	2	4	3	2	1	20
OG0001216	0	2	1	1	4	2	5	5	20
OG0001217	0	10	3	0	2	2	2	1	20
OG0001218	0	2	3	4	2	6	2	1	20
OG0001219	0	1	0	0	3	12	4	0	20
OG0001220	0	1	3	0	6	10	0	0	20
OG0001221	0	0	1	0	0	0	0	19	20
OG0001222	0	0	0	0	20	0	0	0	20
OG0001223	7	2	2	3	2	3	0	0	19
OG0001224	2	2	3	3	2	3	2	2	19
OG0001225	3	3	3	4	3	2	1	0	19
OG0001226	4	1	3	2	3	2	2	2	19
OG0001227	2	5	4	0	2	2	2	2	19
OG0001228	6	3	2	2	2	2	1	1	19
OG0001229	0	0	7	0	0	0	0	12	19
OG0001230	10	2	1	1	1	2	1	1	19
OG0001231	5	2	2	2	2	2	2	2	19
OG0001232	2	5	2	2	3	2	1	2	19
OG0001233	5	2	3	2	2	1	2	2	19
OG0001234	6	2	3	1	1	2	2	2	19
OG0001235	4	1	4	6	1	1	1	1	19
OG0001236	7	1	2	1	2	3	2	1	19
OG0001237	6	4	2	2	1	2	1	1	19
OG0001238	5	2	2	2	2	2	2	2	19
OG0001239	3	6	2	1	2	2	1	2	19
OG0001240	5	2	2	2	2	2	2	2	19
OG0001241	3	4	3	1	2	2	2	2	19
OG0001242	2	3	4	2	2	2	2	2	19
OG0001243	1	2	5	4	2	3	1	1	19
OG0001244	2	3	1	0	8	3	1	1	19
OG0001245	1	2	2	5	2	2	2	3	19
OG0001246	8	4	1	1	1	1	1	2	19
OG0001247	1	3	5	2	2	2	1	3	19
OG0001248	3	2	3	2	3	2	2	2	19
OG0001249	1	3	2	3	2	3	2	3	19
OG0001250	1	4	5	2	1	1	2	3	19
OG0001251	1	3	3	3	2	2	2	3	19
OG0001252	7	2	1	1	1	1	2	4	19
OG0001253	3	3	3	2	2	2	2	2	19
OG0001254	6	3	3	1	1	1	2	2	19
OG0001255	6	4	1	0	0	7	1	0	19
OG0001256	3	2	2	2	2	2	2	4	19
OG0001257	5	2	2	2	2	2	3	1	19
OG0001258	1	1	6	1	2	2	2	4	19
OG0001259	12	1	1	1	1	1	1	1	19
OG0001260	9	2	1	1	1	1	1	3	19
OG0001261	11	1	2	1	1	1	1	1	19
OG0001262	3	3	1	3	4	3	1	1	19
OG0001263	2	2	1	0	1	8	2	3	19
OG0001264	1	1	5	1	1	1	1	8	19
OG0001265	6	1	2	2	2	2	2	2	19
OG0001266	5	2	2	2	2	2	2	2	19
OG0001267	4	0	6	2	2	1	2	2	19
OG0001268	7	5	1	1	1	2	1	1	19
OG0001269	5	2	2	2	2	2	2	2	19
OG0001270	12	1	1	1	1	1	1	1	19
OG0001271	7	2	3	1	2	2	1	1	19
OG0001272	2	1	2	1	7	1	1	4	19
OG0001273	5	0	4	3	1	1	0	5	19
OG0001274	7	2	2	2	2	2	1	1	19
OG0001275	2	3	2	1	2	4	2	3	19
OG0001276	7	4	1	1	2	2	1	1	19
OG0001277	7	2	2	2	2	2	1	1	19
OG0001278	1	2	3	3	3	3	2	2	19
OG0001279	6	2	2	2	2	1	2	2	19
OG0001280	6	1	2	2	2	2	2	2	19
OG0001281	2	3	3	3	2	2	2	2	19
OG0001282	4	2	3	4	2	2	1	1	19
OG0001283	3	3	2	3	2	2	2	2	19
OG0001284	7	2	2	2	2	3	1	0	19
OG0001285	5	2	2	3	3	2	1	1	19
OG0001286	2	1	2	1	2	2	7	2	19
OG0001287	4	2	2	3	2	2	2	2	19
OG0001288	1	6	2	1	2	5	1	1	19
OG0001289	8	6	0	1	1	1	1	1	19
OG0001290	2	0	1	1	13	0	1	1	19
OG0001291	3	3	3	2	2	1	2	3	19
OG0001292	6	1	1	0	1	1	5	4	19
OG0001293	4	1	3	2	2	2	2	3	19
OG0001294	3	3	2	2	2	2	2	3	19
OG0001295	3	3	3	2	2	2	2	2	19
OG0001296	4	3	2	2	2	2	2	2	19
OG0001297	1	2	2	1	6	2	3	2	19
OG0001298	9	2	2	1	1	1	1	2	19
OG0001299	3	5	1	2	2	3	2	1	19
OG0001300	3	3	2	1	6	1	2	1	19
OG0001301	6	4	1	1	2	2	2	1	19
OG0001302	6	2	0	3	5	1	1	1	19
OG0001303	3	2	2	2	3	1	2	4	19
OG0001304	8	0	1	1	1	5	2	1	19
OG0001305	1	1	2	0	9	1	1	4	19
OG0001306	4	1	3	3	2	2	2	2	19
OG0001307	6	1	2	2	2	2	2	2	19
OG0001308	3	2	4	3	2	2	2	1	19
OG0001309	1	4	3	2	2	3	2	2	19
OG0001310	2	3	1	2	2	5	2	2	19
OG0001311	8	5	2	1	0	2	0	1	19
OG0001312	5	2	2	2	2	2	2	2	19
OG0001313	2	2	3	2	3	2	2	3	19
OG0001314	10	2	1	1	1	2	1	1	19
OG0001315	6	2	2	2	2	2	2	1	19
OG0001316	5	3	2	1	2	3	2	1	19
OG0001317	10	2	1	0	2	2	1	1	19
OG0001318	7	2	2	2	2	2	1	1	19
OG0001319	15	1	2	0	0	1	0	0	19
OG0001320	14	5	0	0	0	0	0	0	19
OG0001321	1	4	2	1	1	1	4	5	19
OG0001322	9	3	1	2	1	1	1	1	19
OG0001323	6	3	2	1	2	2	2	1	19
OG0001324	3	2	1	2	2	3	2	4	19
OG0001325	4	5	2	2	1	2	1	2	19
OG0001326	4	2	2	2	2	2	3	2	19
OG0001327	3	2	3	1	2	2	2	4	19
OG0001328	7	4	1	2	1	1	1	2	19
OG0001329	4	2	2	2	2	2	2	3	19
OG0001330	10	2	1	3	2	1	0	0	19
OG0001331	3	2	4	2	2	2	2	2	19
OG0001332	4	2	2	2	2	3	2	2	19
OG0001333	9	2	1	1	1	3	0	2	19
OG0001334	3	2	3	1	1	2	3	4	19
OG0001335	3	2	4	2	2	2	2	2	19
OG0001336	7	4	2	2	1	1	1	1	19
OG0001337	3	3	2	2	3	2	2	2	19
OG0001338	7	2	2	2	2	2	1	1	19
OG0001339	2	3	2	2	2	3	3	2	19
OG0001340	12	1	1	1	1	1	1	1	19
OG0001341	9	2	2	1	1	1	1	2	19
OG0001342	11	2	1	1	1	1	1	1	19
OG0001343	3	3	2	3	2	2	2	2	19
OG0001344	6	2	1	2	2	2	2	2	19
OG0001345	3	14	1	0	0	1	0	0	19
OG0001346	6	2	1	2	2	2	2	2	19
OG0001347	1	3	4	4	5	2	0	0	19
OG0001348	3	1	3	2	2	2	3	3	19
OG0001349	1	5	2	3	2	2	2	2	19
OG0001350	3	4	0	1	8	2	1	0	19
OG0001351	4	1	3	5	2	2	1	1	19
OG0001352	2	1	9	1	2	1	1	2	19
OG0001353	3	3	1	1	1	1	1	8	19
OG0001354	4	2	2	2	2	2	2	3	19
OG0001355	2	1	4	2	2	2	2	4	19
OG0001356	5	0	0	0	7	0	7	0	19
OG0001357	2	1	1	1	4	1	8	1	19
OG0001358	4	3	4	1	2	1	1	3	19
OG0001359	3	4	2	1	3	2	1	3	19
OG0001360	1	4	5	0	1	8	0	0	19
OG0001361	4	2	0	1	1	1	1	9	19
OG0001362	1	4	2	3	2	3	2	2	19
OG0001363	2	1	0	1	1	1	12	1	19
OG0001364	1	2	2	3	2	3	2	4	19
OG0001365	2	6	1	4	3	1	1	1	19
OG0001366	13	0	2	1	1	0	1	1	19
OG0001367	4	2	2	3	2	2	2	2	19
OG0001368	3	4	2	2	2	2	2	2	19
OG0001369	3	3	3	4	1	1	2	2	19
OG0001370	5	3	2	2	2	2	2	1	19
OG0001371	6	3	1	1	2	2	2	2	19
OG0001372	10	1	2	1	1	1	1	2	19
OG0001373	5	1	3	1	2	2	2	3	19
OG0001374	2	2	0	0	4	3	3	5	19
OG0001375	5	2	2	2	2	2	2	2	19
OG0001376	3	3	4	2	2	2	2	1	19
OG0001377	1	4	2	1	4	3	2	2	19
OG0001378	5	2	2	2	2	2	1	3	19
OG0001379	1	0	1	1	5	1	10	0	19
OG0001380	11	4	1	1	1	1	0	0	19
OG0001381	2	3	5	1	2	2	2	2	19
OG0001382	4	3	0	1	4	4	3	0	19
OG0001383	2	1	4	3	2	2	3	2	19
OG0001384	8	3	1	1	2	2	1	1	19
OG0001385	13	2	0	0	1	1	1	1	19
OG0001386	4	2	7	1	1	2	1	1	19
OG0001387	1	1	5	2	4	1	4	1	19
OG0001388	1	6	1	2	3	2	2	2	19
OG0001389	7	2	3	2	1	1	1	2	19
OG0001390	19	0	0	0	0	0	0	0	19
OG0001391	2	4	3	2	2	2	2	2	19
OG0001392	3	8	1	2	1	2	1	1	19
OG0001393	8	3	1	1	2	2	1	1	19
OG0001394	1	3	2	3	3	3	3	1	19
OG0001395	2	1	2	11	1	0	1	1	19
OG0001396	4	2	3	2	2	2	2	2	19
OG0001397	5	1	2	2	2	2	2	3	19
OG0001398	1	4	4	2	4	3	1	0	19
OG0001399	2	3	3	1	3	3	2	2	19
OG0001400	1	5	3	1	2	3	2	2	19
OG0001401	11	1	1	2	1	1	1	1	19
OG0001402	2	0	2	1	8	3	2	1	19
OG0001403	2	4	2	1	2	4	2	2	19
OG0001404	8	3	2	2	1	1	1	1	19
OG0001405	11	1	0	1	1	1	1	3	19
OG0001406	3	5	4	1	2	2	1	1	19
OG0001407	5	4	1	2	1	1	1	4	19
OG0001408	7	2	1	1	1	1	2	4	19
OG0001409	1	4	1	2	4	5	1	1	19
OG0001410	1	1	12	1	1	1	0	2	19
OG0001411	8	1	1	1	1	1	1	5	19
OG0001412	12	1	1	1	1	1	1	1	19
OG0001413	5	2	2	2	2	2	2	2	19
OG0001414	5	1	1	5	1	4	1	1	19
OG0001415	12	1	1	1	1	1	1	1	19
OG0001416	6	8	2	2	0	0	0	1	19
OG0001417	1	1	1	1	2	3	9	1	19
OG0001418	1	1	1	0	3	1	9	3	19
OG0001419	1	1	1	0	4	1	10	1	19
OG0001420	0	1	12	1	0	1	0	4	19
OG0001421	0	3	1	1	2	8	1	3	19
OG0001422	0	0	12	1	0	0	0	6	19
OG0001423	0	0	12	0	0	0	0	7	19
OG0001424	0	0	4	0	0	0	0	15	19
OG0001425	0	0	1	1	0	0	0	17	19
OG0001426	0	0	0	1	0	0	0	18	19
OG0001427	0	0	0	0	9	2	8	0	19
OG0001428	0	0	0	0	0	0	19	0	19
OG0001429	0	0	0	0	0	0	0	19	19
OG0001430	9	3	1	1	1	1	1	1	18
OG0001431	1	4	2	3	2	3	1	2	18
OG0001432	4	2	2	1	2	2	2	3	18
OG0001433	1	2	5	2	2	3	2	1	18
OG0001434	2	2	2	2	1	1	8	0	18
OG0001435	2	2	2	3	3	2	2	2	18
OG0001436	4	3	2	1	2	2	2	2	18
OG0001437	2	3	3	2	2	2	2	2	18
OG0001438	3	4	2	2	3	2	1	1	18
OG0001439	7	2	1	0	2	2	2	2	18
OG0001440	2	2	4	2	2	1	2	3	18
OG0001441	1	2	1	9	1	1	1	2	18
OG0001442	4	2	5	5	1	1	0	0	18
OG0001443	4	3	1	3	2	1	1	3	18
OG0001444	1	1	2	1	2	2	2	7	18
OG0001445	4	2	3	1	3	2	2	1	18
OG0001446	9	2	1	2	1	1	1	1	18
OG0001447	5	2	4	2	1	1	1	2	18
OG0001448	5	8	1	1	1	0	1	1	18
OG0001449	1	5	2	2	2	2	2	2	18
OG0001450	5	3	2	1	2	2	2	1	18
OG0001451	4	3	1	2	2	2	2	2	18
OG0001452	4	2	2	2	2	2	2	2	18
OG0001453	13	1	1	1	1	1	0	0	18
OG0001454	2	2	1	1	3	5	3	1	18
OG0001455	4	3	2	2	2	2	2	1	18
OG0001456	12	2	0	0	1	2	1	0	18
OG0001457	1	2	5	2	2	3	2	1	18
OG0001458	18	0	0	0	0	0	0	0	18
OG0001459	5	2	1	2	2	2	2	2	18
OG0001460	4	3	3	1	2	2	2	1	18
OG0001461	9	2	1	1	1	1	1	2	18
OG0001462	12	1	1	1	1	1	1	0	18
OG0001463	2	3	1	2	3	3	2	2	18
OG0001464	2	1	7	2	2	2	2	0	18
OG0001465	4	2	2	2	2	2	2	2	18
OG0001466	5	2	3	2	2	2	1	1	18
OG0001467	1	2	4	1	3	2	4	1	18
OG0001468	3	2	3	2	2	2	2	2	18
OG0001469	5	1	2	2	2	2	3	1	18
OG0001470	1	2	5	2	2	2	2	2	18
OG0001471	2	4	3	2	2	3	1	1	18
OG0001472	5	1	2	2	2	2	2	2	18
OG0001473	3	1	3	1	6	2	1	1	18
OG0001474	3	2	2	2	2	2	3	2	18
OG0001475	2	3	2	2	2	2	2	3	18
OG0001476	3	3	3	1	1	3	1	3	18
OG0001477	3	3	2	2	2	2	2	2	18
OG0001478	3	2	2	2	3	3	2	1	18
OG0001479	14	2	1	0	0	1	0	0	18
OG0001480	1	1	1	2	8	4	1	0	18
OG0001481	4	2	2	3	3	2	1	1	18
OG0001482	6	3	3	1	1	2	1	1	18
OG0001483	7	2	2	1	2	2	1	1	18
OG0001484	9	4	2	1	1	1	0	0	18
OG0001485	2	2	3	1	4	2	2	2	18
OG0001486	1	0	1	2	3	2	8	1	18
OG0001487	3	4	2	2	2	3	1	1	18
OG0001488	10	1	1	1	1	2	1	1	18
OG0001489	1	5	3	3	3	3	0	0	18
OG0001490	3	3	2	2	3	3	1	1	18
OG0001491	1	4	3	2	2	2	3	1	18
OG0001492	4	1	2	2	3	2	2	2	18
OG0001493	11	1	1	1	1	1	1	1	18
OG0001494	5	2	3	2	2	1	2	1	18
OG0001495	9	1	1	2	1	2	1	1	18
OG0001496	3	3	1	1	2	2	3	3	18
OG0001497	4	2	2	2	2	3	2	1	18
OG0001498	4	2	2	2	2	2	2	2	18
OG0001499	5	2	2	3	2	2	1	1	18
OG0001500	4	5	2	1	1	2	2	1	18
OG0001501	4	3	1	4	2	3	1	0	18
OG0001502	5	1	2	2	2	2	2	2	18
OG0001503	6	0	3	1	1	1	4	2	18
OG0001504	3	4	2	2	2	1	2	2	18
OG0001505	4	0	3	2	2	2	2	3	18
OG0001506	3	2	3	2	2	2	2	2	18
OG0001507	8	2	1	1	1	2	1	2	18
OG0001508	7	2	2	1	2	2	1	1	18
OG0001509	1	1	0	0	4	1	10	1	18
OG0001510	4	2	2	2	2	2	2	2	18
OG0001511	6	1	3	0	0	1	0	7	18
OG0001512	10	0	3	0	0	0	0	5	18
OG0001513	5	2	1	2	3	2	2	1	18
OG0001514	4	2	2	3	2	2	2	1	18
OG0001515	5	2	2	2	2	2	2	1	18
OG0001516	6	2	2	1	2	2	1	2	18
OG0001517	7	2	2	1	2	2	1	1	18
OG0001518	5	2	2	2	2	2	2	1	18
OG0001519	9	0	1	2	2	1	1	2	18
OG0001520	3	2	2	2	2	3	3	1	18
OG0001521	10	1	2	1	1	1	1	1	18
OG0001522	5	4	2	1	2	2	1	1	18
OG0001523	8	1	2	2	1	1	1	2	18
OG0001524	2	5	3	2	2	2	1	1	18
OG0001525	2	0	1	4	1	1	0	9	18
OG0001526	1	1	3	3	1	1	1	7	18
OG0001527	2	2	3	1	2	3	2	3	18
OG0001528	2	4	3	2	2	2	2	1	18
OG0001529	3	2	2	3	2	2	2	2	18
OG0001530	7	6	0	1	1	1	1	1	18
OG0001531	5	1	2	2	2	2	2	2	18
OG0001532	1	2	2	2	3	4	2	2	18
OG0001533	3	1	1	0	3	1	7	2	18
OG0001534	9	2	1	1	1	2	1	1	18
OG0001535	12	2	1	0	1	1	1	0	18
OG0001536	1	2	3	1	2	2	2	5	18
OG0001537	18	0	0	0	0	0	0	0	18
OG0001538	4	4	2	2	3	2	0	1	18
OG0001539	1	4	2	2	3	2	2	2	18
OG0001540	7	5	1	1	1	1	1	1	18
OG0001541	4	2	2	2	2	2	2	2	18
OG0001542	8	1	3	1	1	1	1	2	18
OG0001543	4	2	2	2	2	2	2	2	18
OG0001544	18	0	0	0	0	0	0	0	18
OG0001545	18	0	0	0	0	0	0	0	18
OG0001546	7	2	1	1	1	4	1	1	18
OG0001547	2	4	2	2	2	2	2	2	18
OG0001548	2	5	2	2	2	3	1	1	18
OG0001549	5	1	2	2	2	2	2	2	18
OG0001550	9	1	1	1	1	2	1	2	18
OG0001551	4	2	2	2	2	2	2	2	18
OG0001552	9	1	3	1	1	1	1	1	18
OG0001553	2	4	2	2	2	2	2	2	18
OG0001554	9	1	1	1	2	2	1	1	18
OG0001555	4	2	2	3	2	2	2	1	18
OG0001556	8	3	2	1	1	1	1	1	18
OG0001557	3	5	3	1	2	2	1	1	18
OG0001558	2	2	3	2	2	2	2	3	18
OG0001559	4	1	1	6	2	1	1	2	18
OG0001560	9	2	2	0	1	1	1	2	18
OG0001561	6	3	2	3	1	1	1	1	18
OG0001562	8	3	2	2	1	1	1	0	18
OG0001563	5	2	1	1	2	1	6	0	18
OG0001564	5	2	1	1	6	1	1	1	18
OG0001565	2	3	1	5	3	2	1	1	18
OG0001566	3	2	2	2	2	2	2	3	18
OG0001567	3	2	3	2	2	1	3	2	18
OG0001568	11	1	1	1	1	1	1	1	18
OG0001569	2	3	2	2	2	2	2	3	18
OG0001570	4	2	2	2	2	2	2	2	18
OG0001571	2	1	3	2	2	1	3	4	18
OG0001572	11	1	1	1	1	1	1	1	18
OG0001573	6	2	2	2	2	2	1	1	18
OG0001574	4	2	2	2	2	2	2	2	18
OG0001575	7	2	1	1	2	2	2	1	18
OG0001576	18	0	0	0	0	0	0	0	18
OG0001577	6	1	1	5	1	2	1	1	18
OG0001578	6	2	2	2	2	2	1	1	18
OG0001579	3	2	2	3	2	2	2	2	18
OG0001580	2	4	2	2	2	3	1	2	18
OG0001581	6	2	2	1	1	1	1	4	18
OG0001582	5	2	2	2	2	3	1	1	18
OG0001583	6	5	1	1	1	1	1	2	18
OG0001584	1	2	2	2	2	2	2	5	18
OG0001585	1	4	3	2	4	3	1	0	18
OG0001586	3	3	3	1	3	2	1	2	18
OG0001587	2	5	2	2	2	2	2	1	18
OG0001588	13	3	1	0	0	1	0	0	18
OG0001589	2	2	3	3	2	2	2	2	18
OG0001590	3	3	4	1	1	1	1	4	18
OG0001591	3	2	3	2	1	2	1	4	18
OG0001592	3	3	2	2	2	2	2	2	18
OG0001593	4	2	2	1	2	2	1	4	18
OG0001594	12	1	1	0	1	1	1	1	18
OG0001595	7	4	2	1	1	1	1	1	18
OG0001596	9	1	1	2	1	1	1	2	18
OG0001597	3	1	3	2	2	1	1	5	18
OG0001598	4	3	2	2	1	2	2	2	18
OG0001599	3	2	2	3	2	2	2	2	18
OG0001600	7	2	2	1	2	2	1	1	18
OG0001601	6	4	1	1	1	1	1	3	18
OG0001602	10	1	1	0	1	1	2	2	18
OG0001603	4	2	2	4	1	2	1	2	18
OG0001604	2	3	3	2	2	2	2	2	18
OG0001605	1	0	10	0	2	1	1	3	18
OG0001606	5	2	2	2	2	2	2	1	18
OG0001607	2	2	3	2	2	2	2	3	18
OG0001608	3	2	2	4	3	1	1	2	18
OG0001609	3	2	2	3	2	2	2	2	18
OG0001610	5	2	3	1	1	2	2	2	18
OG0001611	1	3	3	2	4	2	2	1	18
OG0001612	10	1	1	2	1	1	1	1	18
OG0001613	1	3	3	2	4	2	1	2	18
OG0001614	13	1	1	1	1	1	0	0	18
OG0001615	4	2	4	2	2	3	1	0	18
OG0001616	2	2	3	1	3	3	2	2	18
OG0001617	7	5	1	1	1	1	1	1	18
OG0001618	2	1	5	2	1	3	1	3	18
OG0001619	5	1	2	2	2	2	2	2	18
OG0001620	2	2	2	2	4	2	2	2	18
OG0001621	1	2	1	2	4	3	2	3	18
OG0001622	1	2	3	2	3	3	2	2	18
OG0001623	2	5	2	1	2	1	2	3	18
OG0001624	5	2	2	2	3	2	2	0	18
OG0001625	7	1	2	2	2	2	1	1	18
OG0001626	1	1	6	1	1	1	1	6	18
OG0001627	17	1	0	0	0	0	0	0	18
OG0001628	5	3	1	2	2	3	1	1	18
OG0001629	2	4	3	1	2	2	1	3	18
OG0001630	2	4	4	3	1	1	1	2	18
OG0001631	3	1	0	1	2	1	6	4	18
OG0001632	2	2	4	2	2	2	2	2	18
OG0001633	2	1	5	2	2	2	2	2	18
OG0001634	3	2	3	2	2	2	2	2	18
OG0001635	5	2	3	3	1	1	1	2	18
OG0001636	10	1	1	1	1	2	1	1	18
OG0001637	1	1	4	2	2	2	3	3	18
OG0001638	1	7	1	3	1	3	1	1	18
OG0001639	6	1	3	2	2	2	1	1	18
OG0001640	7	2	1	1	3	1	1	2	18
OG0001641	8	3	1	3	0	1	1	1	18
OG0001642	5	2	2	2	2	2	1	2	18
OG0001643	5	7	1	1	1	1	1	1	18
OG0001644	10	1	1	1	1	1	1	2	18
OG0001645	10	2	1	1	1	1	1	1	18
OG0001646	4	1	3	1	2	2	2	3	18
OG0001647	1	2	3	2	2	3	2	3	18
OG0001648	2	4	2	2	2	2	2	2	18
OG0001649	3	2	3	2	2	2	2	2	18
OG0001650	5	2	2	2	1	2	2	2	18
OG0001651	1	6	3	2	1	4	0	1	18
OG0001652	4	2	2	2	2	2	2	2	18
OG0001653	5	3	2	2	2	2	1	1	18
OG0001654	4	2	2	2	2	2	2	2	18
OG0001655	6	1	3	2	1	1	1	3	18
OG0001656	8	2	2	1	1	1	1	2	18
OG0001657	11	1	1	1	1	1	1	1	18
OG0001658	11	1	1	1	1	1	1	1	18
OG0001659	0	2	0	0	5	5	5	1	18
OG0001660	0	17	0	0	1	0	0	0	18
OG0001661	0	3	2	2	2	4	3	2	18
OG0001662	0	3	4	4	3	2	1	1	18
OG0001663	0	5	0	0	5	4	4	0	18
OG0001664	0	1	3	2	2	2	6	2	18
OG0001665	0	1	2	6	5	4	0	0	18
OG0001666	0	0	16	0	0	0	0	2	18
OG0001667	0	0	8	0	0	0	0	10	18
OG0001668	0	0	8	1	0	0	0	9	18
OG0001669	0	0	1	0	0	0	0	17	18
OG0001670	0	0	0	0	3	1	14	0	18
OG0001671	3	2	2	2	2	2	2	2	17
OG0001672	1	1	4	2	2	2	2	3	17
OG0001673	5	3	3	3	2	1	0	0	17
OG0001674	1	2	3	2	3	2	2	2	17
OG0001675	7	3	1	1	1	2	1	1	17
OG0001676	0	2	2	3	3	3	2	2	17
OG0001677	3	2	2	2	2	2	2	2	17
OG0001678	3	3	3	2	2	2	1	1	17
OG0001679	1	1	3	1	6	1	2	2	17
OG0001680	0	5	2	2	2	2	2	2	17
OG0001681	9	1	2	2	1	1	1	0	17
OG0001682	6	1	2	1	3	1	1	2	17
OG0001683	1	3	5	1	2	1	2	2	17
OG0001684	2	2	4	2	2	2	2	1	17
OG0001685	1	2	4	2	2	2	2	2	17
OG0001686	2	1	0	4	4	1	2	3	17
OG0001687	2	2	3	1	2	2	3	2	17
OG0001688	8	3	1	0	1	3	1	0	17
OG0001689	2	3	4	2	2	3	1	0	17
OG0001690	10	2	1	1	1	1	1	0	17
OG0001691	1	3	4	1	2	2	2	2	17
OG0001692	4	9	1	0	1	1	1	0	17
OG0001693	9	1	2	1	1	1	1	1	17
OG0001694	2	0	7	0	0	0	0	8	17
OG0001695	5	2	2	0	2	2	2	2	17
OG0001696	4	1	2	2	2	2	2	2	17
OG0001697	4	2	4	1	2	2	1	1	17
OG0001698	3	2	1	3	2	2	2	2	17
OG0001699	6	2	2	2	2	2	1	0	17
OG0001700	2	3	2	1	2	2	2	3	17
OG0001701	1	2	2	2	3	3	2	2	17
OG0001702	10	2	1	1	1	1	0	1	17
OG0001703	2	3	1	0	1	2	5	3	17
OG0001704	1	2	2	2	2	2	1	5	17
OG0001705	1	2	4	3	2	2	1	2	17
OG0001706	5	1	2	1	1	1	1	5	17
OG0001707	4	7	1	1	1	1	1	1	17
OG0001708	2	3	3	1	2	2	2	2	17
OG0001709	2	3	1	2	2	4	2	1	17
OG0001710	3	2	2	2	2	2	2	2	17
OG0001711	2	4	2	3	2	2	1	1	17
OG0001712	6	3	3	1	1	1	1	1	17
OG0001713	3	1	3	2	2	2	2	2	17
OG0001714	5	1	2	1	2	2	2	2	17
OG0001715	15	2	0	0	0	0	0	0	17
OG0001716	1	2	3	5	2	2	1	1	17
OG0001717	4	4	2	1	2	3	1	0	17
OG0001718	4	2	2	1	2	2	2	2	17
OG0001719	6	2	1	2	2	2	1	1	17
OG0001720	2	3	2	3	2	2	2	1	17
OG0001721	11	0	1	1	1	1	1	1	17
OG0001722	1	3	3	2	2	2	2	2	17
OG0001723	3	4	2	2	2	2	1	1	17
OG0001724	10	1	0	2	1	1	1	1	17
OG0001725	2	2	2	2	2	2	2	3	17
OG0001726	3	1	2	3	2	2	2	2	17
OG0001727	0	3	3	2	2	3	2	2	17
OG0001728	9	2	1	1	1	1	1	1	17
OG0001729	3	2	1	2	4	3	1	1	17
OG0001730	7	1	2	0	2	2	2	1	17
OG0001731	1	1	3	1	3	3	3	2	17
OG0001732	8	2	1	2	1	1	1	1	17
OG0001733	3	2	3	1	2	2	2	2	17
OG0001734	5	1	1	1	6	1	1	1	17
OG0001735	1	2	2	2	2	2	3	3	17
OG0001736	8	1	1	1	3	1	1	1	17
OG0001737	8	2	0	1	1	2	1	2	17
OG0001738	1	3	2	0	2	8	1	0	17
OG0001739	5	0	7	2	2	1	0	0	17
OG0001740	2	4	2	1	2	4	2	0	17
OG0001741	7	2	1	1	1	2	1	2	17
OG0001742	1	1	10	1	1	1	1	1	17
OG0001743	4	1	1	5	2	2	1	1	17
OG0001744	5	1	4	3	1	1	1	1	17
OG0001745	2	2	4	4	2	2	1	0	17
OG0001746	1	2	2	2	3	4	2	1	17
OG0001747	5	2	3	1	1	2	1	2	17
OG0001748	2	1	9	2	0	1	0	2	17
OG0001749	14	2	0	0	0	1	0	0	17
OG0001750	4	1	2	2	2	1	3	2	17
OG0001751	3	2	2	2	2	2	3	1	17
OG0001752	2	3	2	2	2	2	2	2	17
OG0001753	1	2	2	2	2	3	2	3	17
OG0001754	3	2	2	2	2	2	2	2	17
OG0001755	3	1	0	0	0	0	13	0	17
OG0001756	5	1	2	1	1	2	1	4	17
OG0001757	3	2	3	2	2	2	2	1	17
OG0001758	1	9	1	1	2	2	0	1	17
OG0001759	4	2	2	2	2	3	1	1	17
OG0001760	3	2	2	2	2	2	2	2	17
OG0001761	8	1	1	1	1	1	2	2	17
OG0001762	3	1	3	2	2	2	2	2	17
OG0001763	5	2	1	2	2	2	1	2	17
OG0001764	2	1	3	2	2	2	2	3	17
OG0001765	4	5	2	1	1	2	1	1	17
OG0001766	10	2	1	1	1	1	1	0	17
OG0001767	2	3	1	4	2	2	2	1	17
OG0001768	9	1	1	2	1	1	1	1	17
OG0001769	3	1	4	3	2	2	1	1	17
OG0001770	10	2	0	1	1	1	1	1	17
OG0001771	6	1	1	2	2	2	2	1	17
OG0001772	2	5	1	2	3	2	1	1	17
OG0001773	3	3	3	2	2	2	1	1	17
OG0001774	7	2	2	3	1	1	0	1	17
OG0001775	1	6	2	1	1	2	2	2	17
OG0001776	2	1	2	2	4	2	2	2	17
OG0001777	2	2	2	2	3	2	2	2	17
OG0001778	2	5	3	1	1	3	2	0	17
OG0001779	1	0	0	0	7	4	5	0	17
OG0001780	4	3	1	0	3	2	2	2	17
OG0001781	8	3	1	1	1	1	1	1	17
OG0001782	1	2	1	2	6	2	1	2	17
OG0001783	2	4	3	1	2	2	2	1	17
OG0001784	1	3	3	1	1	1	1	6	17
OG0001785	3	4	1	2	2	1	1	3	17
OG0001786	5	2	1	3	1	2	1	2	17
OG0001787	7	2	1	2	1	1	1	2	17
OG0001788	6	2	1	1	2	2	2	1	17
OG0001789	8	1	1	1	1	1	2	2	17
OG0001790	5	2	4	1	1	1	1	2	17
OG0001791	9	2	1	1	1	1	0	2	17
OG0001792	1	1	0	1	2	1	1	10	17
OG0001793	5	2	2	1	2	2	2	1	17
OG0001794	4	3	2	2	2	1	1	2	17
OG0001795	3	2	2	3	2	2	2	1	17
OG0001796	5	2	3	1	1	2	1	2	17
OG0001797	2	2	4	1	2	3	2	1	17
OG0001798	4	2	3	2	2	2	1	1	17
OG0001799	3	2	2	2	2	2	2	2	17
OG0001800	3	2	2	2	2	2	2	2	17
OG0001801	2	3	2	2	2	2	2	2	17
OG0001802	3	1	3	2	2	2	2	2	17
OG0001803	6	2	1	2	1	1	3	1	17
OG0001804	2	2	2	3	2	2	2	2	17
OG0001805	2	2	2	3	2	2	2	2	17
OG0001806	7	3	2	1	1	1	1	1	17
OG0001807	4	2	1	1	2	2	1	4	17
OG0001808	2	2	2	2	3	2	2	2	17
OG0001809	3	3	2	3	2	2	1	1	17
OG0001810	2	4	3	2	2	2	1	1	17
OG0001811	3	1	3	1	1	1	1	6	17
OG0001812	3	2	2	2	2	2	2	2	17
OG0001813	4	3	1	2	2	3	1	1	17
OG0001814	2	9	1	1	1	1	1	1	17
OG0001815	10	1	1	1	1	1	1	1	17
OG0001816	9	2	1	1	1	1	1	1	17
OG0001817	2	4	2	3	2	2	1	1	17
OG0001818	9	2	1	1	1	1	1	1	17
OG0001819	3	2	2	2	2	2	2	2	17
OG0001820	6	1	2	2	2	2	1	1	17
OG0001821	2	5	4	1	1	1	1	2	17
OG0001822	4	2	2	3	2	2	1	1	17
OG0001823	2	2	2	3	2	2	2	2	17
OG0001824	3	2	2	2	2	2	2	2	17
OG0001825	9	1	2	1	1	1	1	1	17
OG0001826	9	1	2	1	1	1	1	1	17
OG0001827	2	2	2	3	2	2	2	2	17
OG0001828	8	1	1	2	4	1	0	0	17
OG0001829	1	0	2	0	5	5	1	3	17
OG0001830	17	0	0	0	0	0	0	0	17
OG0001831	4	1	2	6	1	1	1	1	17
OG0001832	3	1	1	6	1	1	1	3	17
OG0001833	8	2	1	2	1	1	1	1	17
OG0001834	3	1	7	2	1	1	1	1	17
OG0001835	3	8	1	1	1	1	1	1	17
OG0001836	12	2	1	0	1	1	0	0	17
OG0001837	3	2	3	2	2	2	2	1	17
OG0001838	4	2	2	1	2	3	2	1	17
OG0001839	2	1	1	1	4	1	6	1	17
OG0001840	2	1	0	1	4	1	8	0	17
OG0001841	2	3	3	0	3	3	3	0	17
OG0001842	3	2	2	2	2	2	2	2	17
OG0001843	6	1	2	2	2	2	1	1	17
OG0001844	6	4	1	2	1	1	1	1	17
OG0001845	2	1	1	1	1	1	9	1	17
OG0001846	7	1	2	1	2	2	1	1	17
OG0001847	4	4	3	2	2	2	0	0	17
OG0001848	10	1	1	1	1	1	1	1	17
OG0001849	8	1	2	1	1	1	2	1	17
OG0001850	10	1	1	1	1	1	1	1	17
OG0001851	4	4	1	1	2	2	1	2	17
OG0001852	5	2	2	2	2	2	1	1	17
OG0001853	1	2	3	2	2	3	2	2	17
OG0001854	4	3	2	1	2	2	2	1	17
OG0001855	6	1	1	1	1	1	5	1	17
OG0001856	6	1	1	5	1	1	1	1	17
OG0001857	3	2	3	2	2	3	1	1	17
OG0001858	10	1	1	1	1	1	1	1	17
OG0001859	10	1	1	0	1	1	2	1	17
OG0001860	8	2	1	2	1	1	1	1	17
OG0001861	3	2	2	2	2	2	2	2	17
OG0001862	3	2	2	2	2	2	2	2	17
OG0001863	10	1	1	1	1	1	1	1	17
OG0001864	1	1	4	1	1	1	5	3	17
OG0001865	4	3	2	1	2	2	2	1	17
OG0001866	3	1	3	2	4	2	1	1	17
OG0001867	4	2	1	2	2	2	2	2	17
OG0001868	2	2	5	2	2	2	1	1	17
OG0001869	3	3	1	2	3	2	2	1	17
OG0001870	2	2	2	2	2	2	1	4	17
OG0001871	2	2	3	1	2	2	2	3	17
OG0001872	14	3	0	0	0	0	0	0	17
OG0001873	7	2	2	2	1	1	1	1	17
OG0001874	5	1	2	2	1	3	2	1	17
OG0001875	4	1	2	2	2	2	2	2	17
OG0001876	9	1	1	1	1	1	1	2	17
OG0001877	4	4	2	2	2	1	1	1	17
OG0001878	4	1	2	2	2	2	2	2	17
OG0001879	9	1	1	2	1	1	1	1	17
OG0001880	1	3	3	1	3	2	2	2	17
OG0001881	2	1	4	3	3	2	1	1	17
OG0001882	11	0	0	0	3	2	1	0	17
OG0001883	3	2	2	2	2	2	2	2	17
OG0001884	17	0	0	0	0	0	0	0	17
OG0001885	3	3	3	1	1	2	1	3	17
OG0001886	3	2	2	2	2	2	2	2	17
OG0001887	1	4	2	2	2	2	2	2	17
OG0001888	9	2	1	1	1	1	1	1	17
OG0001889	6	2	2	3	1	1	1	1	17
OG0001890	3	2	2	2	2	2	2	2	17
OG0001891	7	1	2	1	1	1	1	3	17
OG0001892	2	4	0	2	2	3	3	1	17
OG0001893	2	4	2	2	1	2	1	3	17
OG0001894	2	4	2	2	2	3	1	1	17
OG0001895	2	2	3	1	2	2	2	3	17
OG0001896	4	1	3	2	2	2	2	1	17
OG0001897	7	2	2	1	1	2	1	1	17
OG0001898	2	2	3	3	2	2	2	1	17
OG0001899	1	1	1	1	2	1	1	9	17
OG0001900	4	4	0	1	2	3	3	0	17
OG0001901	9	2	1	1	1	1	1	1	17
OG0001902	2	1	2	2	2	4	2	2	17
OG0001903	1	3	3	2	2	2	2	2	17
OG0001904	1	2	2	4	2	2	2	2	17
OG0001905	10	1	1	1	1	1	1	1	17
OG0001906	2	2	1	0	5	1	1	5	17
OG0001907	2	2	3	2	2	2	2	2	17
OG0001908	9	2	1	1	1	1	1	1	17
OG0001909	1	2	5	3	3	3	0	0	17
OG0001910	10	1	1	1	1	1	1	1	17
OG0001911	10	1	1	1	1	1	1	1	17
OG0001912	3	4	1	5	1	1	1	1	17
OG0001913	2	2	1	1	7	2	1	1	17
OG0001914	1	2	3	2	2	2	2	3	17
OG0001915	3	8	1	1	1	1	1	1	17
OG0001916	4	1	2	1	1	2	1	5	17
OG0001917	2	3	2	1	2	3	2	2	17
OG0001918	2	3	2	2	2	2	2	2	17
OG0001919	1	2	1	0	4	2	6	1	17
OG0001920	1	1	1	0	2	2	9	1	17
OG0001921	0	17	0	0	0	0	0	0	17
OG0001922	0	4	2	3	2	2	2	2	17
OG0001923	0	4	4	2	1	5	1	0	17
OG0001924	0	2	3	3	3	2	2	2	17
OG0001925	0	5	3	0	0	1	1	7	17
OG0001926	0	0	11	0	0	0	0	6	17
OG0001927	0	0	9	2	0	0	0	6	17
OG0001928	0	0	1	9	0	0	2	5	17
OG0001929	0	0	3	0	0	0	0	14	17
OG0001930	0	0	0	1	1	0	0	15	17
OG0001931	0	0	0	0	6	0	10	1	17
OG0001932	0	0	0	0	17	0	0	0	17
OG0001933	0	0	0	0	16	0	1	0	17
OG0001934	0	0	0	0	17	0	0	0	17
OG0001935	0	0	0	0	17	0	0	0	17
OG0001936	0	0	0	0	9	1	6	1	17
OG0001937	0	3	3	3	2	1	2	2	16
OG0001938	3	3	1	2	2	1	2	2	16
OG0001939	1	3	1	2	2	3	2	2	16
OG0001940	1	4	3	2	3	3	0	0	16
OG0001941	4	2	1	3	2	2	1	1	16
OG0001942	14	1	0	0	0	1	0	0	16
OG0001943	1	3	2	2	2	2	2	2	16
OG0001944	1	1	2	3	2	2	2	3	16
OG0001945	1	1	3	4	2	1	1	3	16
OG0001946	3	2	2	1	1	2	2	3	16
OG0001947	0	1	2	0	7	1	4	1	16
OG0001948	3	3	2	2	2	2	1	1	16
OG0001949	2	2	2	2	2	2	2	2	16
OG0001950	4	1	4	1	1	2	1	2	16
OG0001951	1	2	3	2	2	2	2	2	16
OG0001952	6	1	2	2	1	1	1	2	16
OG0001953	5	1	2	2	2	2	1	1	16
OG0001954	2	2	3	2	2	2	2	1	16
OG0001955	4	1	2	3	2	1	1	2	16
OG0001956	2	2	2	2	2	2	2	2	16
OG0001957	8	3	1	0	1	2	1	0	16
OG0001958	13	1	1	0	0	1	0	0	16
OG0001959	6	3	2	2	0	0	1	2	16
OG0001960	2	2	3	2	2	2	1	2	16
OG0001961	2	4	2	4	1	3	0	0	16
OG0001962	1	0	1	0	4	0	10	0	16
OG0001963	7	4	1	0	2	2	0	0	16
OG0001964	14	2	0	0	0	0	0	0	16
OG0001965	6	2	1	2	1	1	1	2	16
OG0001966	2	5	1	1	3	3	1	0	16
OG0001967	1	2	2	2	2	3	2	2	16
OG0001968	2	2	1	1	5	3	2	0	16
OG0001969	1	2	3	2	2	2	2	2	16
OG0001970	5	1	2	2	2	2	1	1	16
OG0001971	7	3	0	2	1	1	1	1	16
OG0001972	5	4	1	1	1	2	1	1	16
OG0001973	2	2	2	2	3	3	1	1	16
OG0001974	2	1	2	3	2	2	2	2	16
OG0001975	6	4	1	1	1	1	1	1	16
OG0001976	9	3	1	0	1	2	0	0	16
OG0001977	3	3	2	2	2	2	1	1	16
OG0001978	4	2	2	1	1	3	1	2	16
OG0001979	4	2	2	2	4	2	0	0	16
OG0001980	4	1	2	2	2	3	1	1	16
OG0001981	4	1	3	2	2	1	2	1	16
OG0001982	3	2	4	2	1	1	1	2	16
OG0001983	1	4	2	2	2	1	2	2	16
OG0001984	1	3	2	4	2	1	1	2	16
OG0001985	4	4	1	1	1	2	1	2	16
OG0001986	2	2	2	2	2	2	2	2	16
OG0001987	1	2	2	2	4	3	1	1	16
OG0001988	2	6	2	1	2	1	1	1	16
OG0001989	4	2	2	2	2	2	1	1	16
OG0001990	1	3	2	2	2	2	2	2	16
OG0001991	3	2	2	2	2	2	2	1	16
OG0001992	3	2	1	2	5	1	1	1	16
OG0001993	2	3	1	2	3	1	2	2	16
OG0001994	5	3	2	1	1	2	2	0	16
OG0001995	5	5	1	1	1	1	1	1	16
OG0001996	2	1	4	1	2	2	2	2	16
OG0001997	1	4	2	1	2	2	2	2	16
OG0001998	6	2	2	1	2	2	1	0	16
OG0001999	5	2	2	1	2	2	1	1	16
OG0002000	7	1	2	1	1	2	1	1	16
OG0002001	1	1	2	2	2	1	4	3	16
OG0002002	2	3	2	1	2	2	2	2	16
OG0002003	1	3	3	1	2	2	2	2	16
OG0002004	6	6	1	0	1	1	1	0	16
OG0002005	2	2	2	2	2	2	2	2	16
OG0002006	3	4	1	1	2	2	2	1	16
OG0002007	3	2	1	1	5	1	2	1	16
OG0002008	3	3	1	3	1	1	3	1	16
OG0002009	4	2	1	2	2	2	2	1	16
OG0002010	9	1	2	0	1	1	1	1	16
OG0002011	3	1	2	2	2	2	2	2	16
OG0002012	8	2	1	1	1	1	1	1	16
OG0002013	6	2	2	1	1	1	1	2	16
OG0002014	3	2	3	2	2	2	1	1	16
OG0002015	6	4	1	1	1	1	1	1	16
OG0002016	2	1	1	1	5	1	3	2	16
OG0002017	3	1	2	2	2	2	2	2	16
OG0002018	6	1	2	1	1	1	4	0	16
OG0002019	5	1	1	1	2	2	2	2	16
OG0002020	8	1	1	1	1	1	2	1	16
OG0002021	5	2	1	1	2	2	2	1	16
OG0002022	4	3	2	2	3	2	0	0	16
OG0002023	1	3	2	2	2	2	2	2	16
OG0002024	6	2	1	1	1	1	1	3	16
OG0002025	4	1	2	3	2	2	1	1	16
OG0002026	0	2	0	1	5	0	2	6	16
OG0002027	1	2	9	0	0	1	0	3	16
OG0002028	3	1	2	2	2	2	2	2	16
OG0002029	3	2	2	3	1	2	1	2	16
OG0002030	8	1	1	0	1	2	1	2	16
OG0002031	4	2	2	1	2	2	1	2	16
OG0002032	3	1	2	2	3	3	1	1	16
OG0002033	6	2	1	1	1	2	1	2	16
OG0002034	11	1	1	1	1	1	0	0	16
OG0002035	2	1	2	2	2	2	1	4	16
OG0002036	1	3	3	1	2	3	2	1	16
OG0002037	5	2	4	1	1	1	1	1	16
OG0002038	3	2	2	2	2	2	1	2	16
OG0002039	1	1	4	1	2	1	1	5	16
OG0002040	2	2	2	2	2	2	2	2	16
OG0002041	6	2	1	2	1	2	1	1	16
OG0002042	4	2	2	2	2	1	2	1	16
OG0002043	3	7	1	1	1	1	1	1	16
OG0002044	1	0	1	0	10	1	2	1	16
OG0002045	2	1	6	2	2	1	1	1	16
OG0002046	3	1	2	2	2	2	2	2	16
OG0002047	5	1	1	2	1	1	1	4	16
OG0002048	1	2	4	2	2	2	1	2	16
OG0002049	6	1	3	1	1	1	1	2	16
OG0002050	7	3	1	1	1	1	1	1	16
OG0002051	3	2	2	2	2	3	2	0	16
OG0002052	4	2	2	2	2	1	2	1	16
OG0002053	8	1	1	1	1	1	1	2	16
OG0002054	9	2	1	1	1	1	1	0	16
OG0002055	1	1	1	1	1	1	1	9	16
OG0002056	2	3	4	1	1	1	1	3	16
OG0002057	1	2	2	2	2	3	2	2	16
OG0002058	7	2	1	1	1	1	1	2	16
OG0002059	5	1	2	2	2	2	1	1	16
OG0002060	15	0	1	0	0	0	0	0	16
OG0002061	7	2	2	1	1	1	1	1	16
OG0002062	4	3	1	2	3	1	1	1	16
OG0002063	3	3	2	2	2	2	1	1	16
OG0002064	4	2	2	2	2	2	1	1	16
OG0002065	7	3	1	1	1	1	1	1	16
OG0002066	6	2	1	1	1	1	2	2	16
OG0002067	4	1	3	1	2	1	2	2	16
OG0002068	7	1	1	1	1	2	1	2	16
OG0002069	1	2	1	3	3	2	2	2	16
OG0002070	2	6	0	2	4	0	1	1	16
OG0002071	1	2	4	2	2	2	1	2	16
OG0002072	4	1	1	0	3	1	2	4	16
OG0002073	6	2	2	1	1	1	1	2	16
OG0002074	6	0	2	2	2	2	1	1	16
OG0002075	8	1	1	1	1	2	1	1	16
OG0002076	9	1	1	1	1	1	1	1	16
OG0002077	8	2	1	1	1	1	1	1	16
OG0002078	7	2	1	1	1	2	1	1	16
OG0002079	1	3	2	2	2	2	2	2	16
OG0002080	6	2	1	1	2	2	1	1	16
OG0002081	9	1	1	1	1	1	1	1	16
OG0002082	3	1	3	1	2	2	2	2	16
OG0002083	6	1	2	3	1	1	1	1	16
OG0002084	5	5	1	1	1	1	1	1	16
OG0002085	4	1	1	5	1	1	1	2	16
OG0002086	9	1	1	1	1	1	1	1	16
OG0002087	3	4	1	1	1	2	1	3	16
OG0002088	2	2	0	1	3	4	2	2	16
OG0002089	1	2	5	2	2	2	1	1	16
OG0002090	8	1	1	1	1	1	2	1	16
OG0002091	9	1	1	1	1	1	1	1	16
OG0002092	5	1	3	0	2	2	2	1	16
OG0002093	7	1	2	2	1	1	0	2	16
OG0002094	9	2	1	1	1	0	1	1	16
OG0002095	3	1	2	2	2	2	2	2	16
OG0002096	6	2	0	0	6	1	1	0	16
OG0002097	6	1	2	3	1	1	1	1	16
OG0002098	3	3	2	1	3	1	1	2	16
OG0002099	3	2	2	2	2	2	2	1	16
OG0002100	4	2	1	3	2	2	1	1	16
OG0002101	3	1	1	1	3	4	1	2	16
OG0002102	6	4	1	1	1	1	1	1	16
OG0002103	6	1	1	1	1	1	1	4	16
OG0002104	2	2	3	1	1	2	2	3	16
OG0002105	14	2	0	0	0	0	0	0	16
OG0002106	3	1	0	0	8	4	0	0	16
OG0002107	8	1	2	1	1	1	1	1	16
OG0002108	2	2	2	2	2	2	2	2	16
OG0002109	2	2	2	2	2	2	2	2	16
OG0002110	3	3	2	2	2	1	2	1	16
OG0002111	1	1	1	2	8	3	0	0	16
OG0002112	4	5	1	0	3	1	1	1	16
OG0002113	3	3	2	2	2	2	2	0	16
OG0002114	7	2	1	1	1	1	1	2	16
OG0002115	3	1	2	2	2	2	2	2	16
OG0002116	2	3	3	2	2	2	1	1	16
OG0002117	5	5	1	1	1	1	1	1	16
OG0002118	6	2	1	1	1	1	2	2	16
OG0002119	16	0	0	0	0	0	0	0	16
OG0002120	4	4	1	1	1	2	1	2	16
OG0002121	16	0	0	0	0	0	0	0	16
OG0002122	3	3	3	0	2	2	1	2	16
OG0002123	1	1	1	6	1	2	3	1	16
OG0002124	7	3	0	0	1	3	1	1	16
OG0002125	9	1	1	1	1	1	1	1	16
OG0002126	8	1	1	1	2	1	1	1	16
OG0002127	6	4	1	1	1	1	1	1	16
OG0002128	3	1	2	2	2	2	2	2	16
OG0002129	4	3	2	1	2	2	1	1	16
OG0002130	2	2	3	2	2	1	2	2	16
OG0002131	9	1	1	1	1	1	1	1	16
OG0002132	7	0	2	2	1	1	1	2	16
OG0002133	6	3	1	1	1	1	2	1	16
OG0002134	3	1	2	1	5	1	2	1	16
OG0002135	16	0	0	0	0	0	0	0	16
OG0002136	3	3	3	2	1	2	1	1	16
OG0002137	3	1	2	1	2	3	2	2	16
OG0002138	1	2	2	2	2	2	2	3	16
OG0002139	2	1	3	2	2	2	2	2	16
OG0002140	9	1	0	1	1	2	1	1	16
OG0002141	2	2	3	2	2	3	1	1	16
OG0002142	8	2	1	1	1	1	1	1	16
OG0002143	3	3	3	1	2	2	1	1	16
OG0002144	2	1	2	2	2	2	2	3	16
OG0002145	1	2	2	4	2	2	2	1	16
OG0002146	2	3	2	2	2	2	2	1	16
OG0002147	6	2	1	1	1	2	1	2	16
OG0002148	6	3	1	2	1	1	1	1	16
OG0002149	7	2	1	1	1	2	1	1	16
OG0002150	1	2	2	1	3	2	2	3	16
OG0002151	2	2	2	2	2	2	2	2	16
OG0002152	4	2	2	2	2	2	1	1	16
OG0002153	5	1	2	1	1	1	1	4	16
OG0002154	6	2	3	0	1	1	1	2	16
OG0002155	1	5	1	1	3	3	1	1	16
OG0002156	2	1	1	6	1	1	1	3	16
OG0002157	3	2	1	2	2	2	2	2	16
OG0002158	4	3	1	1	2	2	2	1	16
OG0002159	3	2	2	2	2	2	2	1	16
OG0002160	6	1	2	3	1	3	0	0	16
OG0002161	5	3	2	2	1	1	1	1	16
OG0002162	1	3	2	2	2	2	2	2	16
OG0002163	5	2	2	2	2	1	1	1	16
OG0002164	9	1	1	1	1	1	1	1	16
OG0002165	14	1	0	0	0	1	0	0	16
OG0002166	4	2	1	1	2	3	2	1	16
OG0002167	1	2	2	3	2	2	2	2	16
OG0002168	9	1	1	1	1	1	1	1	16
OG0002169	2	1	2	1	2	1	1	6	16
OG0002170	1	2	3	2	2	2	2	2	16
OG0002171	1	2	2	2	2	2	2	3	16
OG0002172	3	2	1	2	2	2	2	2	16
OG0002173	2	2	2	2	2	2	2	2	16
OG0002174	3	5	1	1	2	2	1	1	16
OG0002175	2	2	6	1	1	2	1	1	16
OG0002176	9	1	1	1	1	1	1	1	16
OG0002177	3	5	2	1	1	1	1	2	16
OG0002178	1	3	1	1	1	1	4	4	16
OG0002179	2	2	2	2	2	2	2	2	16
OG0002180	1	1	5	1	2	2	1	3	16
OG0002181	4	1	3	2	2	2	1	1	16
OG0002182	1	2	2	2	2	2	3	2	16
OG0002183	1	4	1	1	3	3	3	0	16
OG0002184	8	1	1	1	1	1	1	2	16
OG0002185	7	3	0	1	1	2	1	1	16
OG0002186	2	3	2	0	2	1	3	3	16
OG0002187	1	3	2	2	2	2	3	1	16
OG0002188	2	3	2	2	2	2	1	2	16
OG0002189	16	0	0	0	0	0	0	0	16
OG0002190	9	2	1	0	1	1	1	1	16
OG0002191	3	2	3	1	1	2	1	3	16
OG0002192	8	2	1	1	1	1	1	1	16
OG0002193	5	3	1	1	2	2	1	1	16
OG0002194	9	1	1	1	1	1	1	1	16
OG0002195	1	3	2	2	2	2	2	2	16
OG0002196	8	1	1	2	1	1	1	1	16
OG0002197	6	4	1	1	1	1	1	1	16
OG0002198	4	1	1	1	3	2	2	2	16
OG0002199	5	5	1	1	1	1	1	1	16
OG0002200	3	2	3	1	2	1	1	3	16
OG0002201	2	2	3	2	1	2	1	3	16
OG0002202	6	1	1	2	1	1	1	3	16
OG0002203	16	0	0	0	0	0	0	0	16
OG0002204	3	1	4	2	2	2	1	1	16
OG0002205	12	1	1	0	1	0	1	0	16
OG0002206	2	2	2	4	2	2	1	1	16
OG0002207	9	1	1	1	1	1	1	1	16
OG0002208	1	2	2	3	2	2	2	2	16
OG0002209	1	8	1	1	1	1	1	2	16
OG0002210	3	1	0	0	0	10	1	1	16
OG0002211	2	3	1	2	3	2	2	1	16
OG0002212	4	2	1	1	2	2	3	1	16
OG0002213	1	2	4	1	3	1	1	3	16
OG0002214	2	4	2	1	3	2	1	1	16
OG0002215	2	3	1	4	2	3	0	1	16
OG0002216	1	1	2	2	2	3	2	3	16
OG0002217	1	2	3	2	2	2	2	2	16
OG0002218	1	1	6	3	1	2	1	1	16
OG0002219	3	2	0	1	7	2	1	0	16
OG0002220	2	13	0	0	0	1	0	0	16
OG0002221	2	2	2	2	2	2	2	2	16
OG0002222	4	3	3	2	1	1	1	1	16
OG0002223	1	2	2	2	3	2	2	2	16
OG0002224	1	2	2	2	2	2	2	3	16
OG0002225	9	1	1	1	2	1	1	0	16
OG0002226	1	1	7	1	1	1	1	3	16
OG0002227	3	1	3	1	1	1	3	3	16
OG0002228	8	1	1	1	1	1	1	2	16
OG0002229	1	1	2	0	3	2	7	0	16
OG0002230	1	1	1	1	3	3	5	1	16
OG0002231	1	1	1	0	3	1	9	0	16
OG0002232	1	2	0	0	6	3	4	0	16
OG0002233	0	3	2	3	2	2	2	2	16
OG0002234	0	7	3	0	1	3	0	2	16
OG0002235	0	2	0	0	6	6	2	0	16
OG0002236	0	1	2	3	3	3	2	2	16
OG0002237	0	2	0	0	6	5	3	0	16
OG0002238	0	1	4	1	3	1	3	3	16
OG0002239	0	5	2	1	2	4	1	1	16
OG0002240	0	0	12	1	2	1	0	0	16
OG0002241	0	0	1	0	0	0	0	15	16
OG0002242	0	0	1	0	0	0	0	15	16
OG0002243	0	0	1	8	0	0	1	6	16
OG0002244	0	0	0	0	0	0	0	16	16
OG0002245	5	2	1	2	1	2	1	1	15
OG0002246	7	2	1	1	1	1	1	1	15
OG0002247	2	2	2	2	2	2	1	2	15
OG0002248	4	1	3	1	2	2	1	1	15
OG0002249	6	1	2	2	2	2	0	0	15
OG0002250	2	3	2	1	2	3	1	1	15
OG0002251	1	2	4	2	2	2	1	1	15
OG0002252	5	3	1	1	1	1	1	2	15
OG0002253	2	2	1	2	3	3	1	1	15
OG0002254	1	1	3	1	2	2	2	3	15
OG0002255	2	1	2	2	2	2	2	2	15
OG0002256	1	2	2	2	2	2	2	2	15
OG0002257	1	2	4	1	1	2	2	2	15
OG0002258	1	2	3	2	2	1	2	2	15
OG0002259	2	7	0	1	2	2	1	0	15
OG0002260	1	4	2	1	1	2	2	2	15
OG0002261	1	2	5	1	2	2	1	1	15
OG0002262	0	2	3	3	2	2	2	1	15
OG0002263	3	4	0	2	3	1	1	1	15
OG0002264	1	2	1	3	4	2	1	1	15
OG0002265	1	1	1	1	1	1	1	8	15
OG0002266	3	2	0	3	3	2	1	1	15
OG0002267	1	1	5	1	1	2	2	2	15
OG0002268	6	2	2	0	1	1	1	2	15
OG0002269	1	2	2	2	2	2	2	2	15
OG0002270	2	1	3	3	2	1	1	2	15
OG0002271	4	3	3	1	1	1	1	1	15
OG0002272	4	1	1	3	2	2	1	1	15
OG0002273	1	2	2	2	2	2	2	2	15
OG0002274	6	3	1	1	1	1	1	1	15
OG0002275	5	2	1	1	2	2	1	1	15
OG0002276	1	2	2	2	2	2	2	2	15
OG0002277	1	3	2	2	2	3	1	1	15
OG0002278	4	2	2	1	1	1	2	2	15
OG0002279	2	3	2	2	1	2	2	1	15
OG0002280	3	5	1	1	1	2	1	1	15
OG0002281	5	2	2	1	1	2	1	1	15
OG0002282	4	3	1	1	1	1	3	1	15
OG0002283	5	1	3	2	1	1	1	1	15
OG0002284	3	2	2	2	1	1	2	2	15
OG0002285	3	2	2	1	1	2	2	2	15
OG0002286	1	3	3	2	2	2	1	1	15
OG0002287	1	2	2	1	2	2	2	3	15
OG0002288	1	1	1	1	1	1	8	1	15
OG0002289	7	1	1	1	1	2	1	1	15
OG0002290	8	1	1	1	1	1	1	1	15
OG0002291	2	2	2	1	2	2	2	2	15
OG0002292	0	2	2	2	2	3	3	1	15
OG0002293	6	2	2	1	1	1	1	1	15
OG0002294	6	2	1	1	1	2	1	1	15
OG0002295	11	3	0	0	0	1	0	0	15
OG0002296	8	1	1	1	1	1	1	1	15
OG0002297	4	4	2	1	1	1	1	1	15
OG0002298	7	1	1	2	1	1	1	1	15
OG0002299	1	1	3	3	2	2	1	2	15
OG0002300	5	2	3	1	1	1	1	1	15
OG0002301	1	2	2	2	2	2	2	2	15
OG0002302	1	2	2	2	2	2	2	2	15
OG0002303	2	3	1	1	1	1	1	5	15
OG0002304	6	1	2	2	1	1	1	1	15
OG0002305	1	4	2	1	1	2	2	2	15
OG0002306	3	2	2	2	2	2	2	0	15
OG0002307	7	2	1	1	1	1	1	1	15
OG0002308	5	2	2	1	2	2	1	0	15
OG0002309	2	2	2	1	1	2	2	3	15
OG0002310	1	2	1	2	3	3	1	2	15
OG0002311	7	2	1	1	1	1	1	1	15
OG0002312	11	1	1	1	0	0	0	1	15
OG0002313	2	2	2	2	2	2	2	1	15
OG0002314	2	3	3	1	2	2	1	1	15
OG0002315	4	3	2	2	1	1	1	1	15
OG0002316	7	2	1	1	1	1	1	1	15
OG0002317	5	1	3	2	1	1	1	1	15
OG0002318	3	1	2	2	2	2	2	1	15
OG0002319	1	1	0	0	6	2	5	0	15
OG0002320	5	2	1	1	4	1	1	0	15
OG0002321	6	3	1	1	1	1	1	1	15
OG0002322	7	1	1	2	1	1	1	1	15
OG0002323	8	1	1	1	1	1	1	1	15
OG0002324	3	1	6	1	2	0	1	1	15
OG0002325	7	0	2	1	1	1	1	2	15
OG0002326	5	2	2	1	1	1	2	1	15
OG0002327	1	2	2	2	2	2	2	2	15
OG0002328	8	1	1	1	1	1	1	1	15
OG0002329	8	1	1	1	1	1	1	1	15
OG0002330	1	1	1	1	6	1	1	3	15
OG0002331	7	1	1	1	1	1	1	2	15
OG0002332	7	2	1	1	1	1	1	1	15
OG0002333	5	2	1	1	1	1	1	3	15
OG0002334	1	2	2	2	2	2	2	2	15
OG0002335	3	3	2	2	2	1	1	1	15
OG0002336	2	0	0	0	8	2	3	0	15
OG0002337	2	2	4	1	2	2	1	1	15
OG0002338	3	2	5	0	2	1	1	1	15
OG0002339	8	1	1	1	1	1	1	1	15
OG0002340	3	2	0	2	2	2	2	2	15
OG0002341	1	2	1	2	2	1	2	4	15
OG0002342	5	2	2	1	2	3	0	0	15
OG0002343	3	3	2	3	1	2	1	0	15
OG0002344	6	3	1	1	1	1	1	1	15
OG0002345	1	4	2	3	2	3	0	0	15
OG0002346	6	2	1	1	2	1	1	1	15
OG0002347	2	5	2	1	1	2	1	1	15
OG0002348	6	2	1	1	1	1	1	2	15
OG0002349	5	2	0	0	2	2	2	2	15
OG0002350	1	2	2	2	2	2	2	2	15
OG0002351	1	3	6	2	1	1	0	1	15
OG0002352	1	3	2	2	2	2	1	2	15
OG0002353	1	2	2	1	2	3	2	2	15
OG0002354	8	1	1	1	1	1	1	1	15
OG0002355	6	1	3	1	1	1	1	1	15
OG0002356	1	2	2	2	2	2	2	2	15
OG0002357	8	1	1	1	1	1	1	1	15
OG0002358	2	2	2	2	2	2	2	1	15
OG0002359	1	1	2	2	2	3	3	1	15
OG0002360	8	1	1	1	1	1	1	1	15
OG0002361	7	1	2	1	1	1	1	1	15
OG0002362	3	2	2	2	2	2	1	1	15
OG0002363	7	1	1	2	1	1	1	1	15
OG0002364	2	2	0	2	1	1	3	4	15
OG0002365	3	1	2	1	2	2	2	2	15
OG0002366	2	3	2	3	1	2	1	1	15
OG0002367	4	1	2	1	2	2	2	1	15
OG0002368	3	2	1	2	2	2	2	1	15
OG0002369	1	2	6	2	1	1	1	1	15
OG0002370	1	1	1	2	7	1	1	1	15
OG0002371	8	1	1	1	1	1	1	1	15
OG0002372	7	1	1	2	1	1	1	1	15
OG0002373	5	1	2	2	2	2	1	0	15
OG0002374	1	2	2	2	2	2	2	2	15
OG0002375	4	3	1	0	2	2	2	1	15
OG0002376	2	3	2	2	2	2	1	1	15
OG0002377	8	1	1	1	1	1	1	1	15
OG0002378	2	3	5	1	1	1	1	1	15
OG0002379	9	1	0	0	1	2	1	1	15
OG0002380	8	1	1	1	1	1	1	1	15
OG0002381	6	3	0	2	1	1	1	1	15
OG0002382	4	1	2	2	2	2	1	1	15
OG0002383	3	1	1	1	1	1	6	1	15
OG0002384	3	2	3	1	2	1	1	2	15
OG0002385	2	1	2	2	2	2	2	2	15
OG0002386	1	2	2	2	2	2	2	2	15
OG0002387	8	1	1	1	1	1	1	1	15
OG0002388	15	0	0	0	0	0	0	0	15
OG0002389	6	3	1	1	1	1	1	1	15
OG0002390	3	2	2	1	2	1	1	3	15
OG0002391	8	1	1	1	1	1	1	1	15
OG0002392	2	2	1	2	2	2	2	2	15
OG0002393	2	1	1	3	3	2	1	2	15
OG0002394	7	1	1	1	1	1	1	2	15
OG0002395	3	2	2	2	2	2	1	1	15
OG0002396	5	2	1	1	2	2	1	1	15
OG0002397	7	2	1	1	1	1	1	1	15
OG0002398	4	1	3	0	2	2	1	2	15
OG0002399	1	1	2	2	2	2	2	3	15
OG0002400	15	0	0	0	0	0	0	0	15
OG0002401	7	1	1	2	1	1	1	1	15
OG0002402	14	1	0	0	0	0	0	0	15
OG0002403	15	0	0	0	0	0	0	0	15
OG0002404	3	1	2	1	2	2	2	2	15
OG0002405	1	2	2	2	2	2	2	2	15
OG0002406	6	1	2	2	1	1	1	1	15
OG0002407	5	3	1	1	1	2	1	1	15
OG0002408	8	1	1	1	1	1	1	1	15
OG0002409	3	3	2	1	2	2	1	1	15
OG0002410	7	2	1	1	1	1	1	1	15
OG0002411	3	2	2	2	2	2	1	1	15
OG0002412	1	4	2	1	2	2	2	1	15
OG0002413	4	1	1	1	3	2	1	2	15
OG0002414	6	2	1	0	2	3	1	0	15
OG0002415	5	2	2	1	1	2	1	1	15
OG0002416	2	2	4	1	2	2	1	1	15
OG0002417	1	3	2	1	2	3	2	1	15
OG0002418	15	0	0	0	0	0	0	0	15
OG0002419	3	5	1	1	1	2	1	1	15
OG0002420	8	1	1	1	1	1	1	1	15
OG0002421	3	1	1	3	2	2	2	1	15
OG0002422	8	4	0	0	0	3	0	0	15
OG0002423	4	3	2	0	2	2	1	1	15
OG0002424	8	1	1	1	1	1	1	1	15
OG0002425	4	1	2	1	2	3	2	0	15
OG0002426	8	1	1	1	1	1	1	1	15
OG0002427	6	1	1	1	1	1	1	3	15
OG0002428	3	1	2	2	2	1	2	2	15
OG0002429	2	1	1	1	1	1	2	6	15
OG0002430	2	3	2	1	2	2	2	1	15
OG0002431	8	1	1	1	1	1	1	1	15
OG0002432	2	2	2	2	2	2	2	1	15
OG0002433	1	2	2	2	2	2	2	2	15
OG0002434	5	4	1	1	1	1	1	1	15
OG0002435	4	4	1	1	1	2	1	1	15
OG0002436	8	1	1	1	1	1	1	1	15
OG0002437	2	3	2	2	0	1	0	5	15
OG0002438	2	1	3	1	1	1	4	2	15
OG0002439	4	2	1	2	2	2	1	1	15
OG0002440	7	1	1	1	1	1	2	1	15
OG0002441	1	3	2	2	2	2	0	3	15
OG0002442	8	1	1	1	1	1	1	1	15
OG0002443	4	1	2	2	2	2	1	1	15
OG0002444	5	1	1	4	1	1	1	1	15
OG0002445	8	1	1	1	1	1	1	1	15
OG0002446	8	1	1	1	1	1	1	1	15
OG0002447	8	1	0	1	2	1	1	1	15
OG0002448	5	4	1	1	1	1	1	1	15
OG0002449	7	2	1	1	1	1	1	1	15
OG0002450	4	3	1	1	2	1	1	2	15
OG0002451	6	2	1	1	1	2	1	1	15
OG0002452	2	13	0	0	0	0	0	0	15
OG0002453	6	2	2	1	1	1	1	1	15
OG0002454	15	0	0	0	0	0	0	0	15
OG0002455	2	2	3	1	1	3	1	2	15
OG0002456	5	2	2	1	1	1	1	2	15
OG0002457	1	3	1	2	2	2	2	2	15
OG0002458	7	2	1	1	1	2	1	0	15
OG0002459	1	2	2	2	2	2	2	2	15
OG0002460	6	1	1	3	1	1	1	1	15
OG0002461	6	1	2	1	1	1	1	2	15
OG0002462	1	3	2	2	2	2	2	1	15
OG0002463	6	1	2	2	1	1	1	1	15
OG0002464	8	1	1	1	1	1	1	1	15
OG0002465	7	6	0	0	0	2	0	0	15
OG0002466	4	4	1	1	1	2	1	1	15
OG0002467	3	2	2	1	2	3	1	1	15
OG0002468	1	2	2	2	2	2	2	2	15
OG0002469	1	2	2	1	1	2	2	4	15
OG0002470	3	1	3	2	2	2	1	1	15
OG0002471	7	2	1	1	1	1	1	1	15
OG0002472	12	3	0	0	0	0	0	0	15
OG0002473	2	1	2	1	1	1	1	6	15
OG0002474	7	1	1	1	1	1	1	2	15
OG0002475	5	1	2	1	1	2	2	1	15
OG0002476	2	2	2	2	2	1	2	2	15
OG0002477	2	2	2	2	2	3	1	1	15
OG0002478	1	10	1	0	1	2	0	0	15
OG0002479	7	2	1	1	1	1	1	1	15
OG0002480	4	3	2	1	2	2	1	0	15
OG0002481	6	1	1	1	1	1	1	3	15
OG0002482	7	1	1	2	1	1	1	1	15
OG0002483	9	1	0	1	1	1	1	1	15
OG0002484	5	2	1	1	1	1	1	3	15
OG0002485	1	3	3	2	2	2	1	1	15
OG0002486	1	3	1	1	2	2	2	3	15
OG0002487	8	1	1	1	1	1	1	1	15
OG0002488	7	1	1	1	2	1	1	1	15
OG0002489	2	1	1	1	4	1	4	1	15
OG0002490	8	1	1	1	1	1	1	1	15
OG0002491	2	2	1	4	3	1	1	1	15
OG0002492	6	1	1	1	2	2	1	1	15
OG0002493	3	4	1	2	1	1	1	2	15
OG0002494	3	1	2	1	2	2	2	2	15
OG0002495	2	1	3	1	2	2	1	3	15
OG0002496	2	3	2	1	1	2	2	2	15
OG0002497	5	3	1	2	1	1	1	1	15
OG0002498	15	0	0	0	0	0	0	0	15
OG0002499	2	2	2	2	2	2	2	1	15
OG0002500	4	4	1	1	1	1	1	2	15
OG0002501	1	1	4	1	3	1	1	3	15
OG0002502	7	1	1	1	1	1	2	1	15
OG0002503	2	2	1	6	1	1	1	1	15
OG0002504	3	4	2	2	1	1	1	1	15
OG0002505	1	2	2	2	2	2	2	2	15
OG0002506	15	0	0	0	0	0	0	0	15
OG0002507	3	3	3	1	1	1	1	2	15
OG0002508	6	3	1	1	1	1	1	1	15
OG0002509	7	1	1	1	1	1	2	1	15
OG0002510	6	0	1	3	1	1	1	2	15
OG0002511	4	2	2	1	2	2	1	1	15
OG0002512	6	1	1	1	1	1	1	3	15
OG0002513	8	1	1	1	1	1	1	1	15
OG0002514	2	2	1	2	2	2	2	2	15
OG0002515	5	3	1	1	1	2	1	1	15
OG0002516	2	2	2	3	2	2	1	1	15
OG0002517	3	2	2	2	2	2	1	1	15
OG0002518	1	2	3	2	2	2	1	2	15
OG0002519	9	1	1	1	1	1	1	0	15
OG0002520	1	2	2	2	2	2	2	2	15
OG0002521	2	2	2	1	3	2	2	1	15
OG0002522	9	1	1	1	1	1	1	0	15
OG0002523	1	2	2	2	2	2	2	2	15
OG0002524	7	2	1	1	1	1	1	1	15
OG0002525	1	2	2	2	2	2	2	2	15
OG0002526	7	1	1	1	1	2	1	1	15
OG0002527	2	3	3	1	1	2	2	1	15
OG0002528	5	2	2	1	1	2	1	1	15
OG0002529	1	1	3	0	1	1	1	7	15
OG0002530	5	2	1	1	1	2	2	1	15
OG0002531	2	7	1	1	1	1	1	1	15
OG0002532	9	2	1	0	1	1	1	0	15
OG0002533	8	1	1	1	1	1	1	1	15
OG0002534	3	2	3	1	1	1	1	3	15
OG0002535	4	2	2	1	2	2	1	1	15
OG0002536	2	2	2	1	3	2	1	2	15
OG0002537	6	2	1	1	1	2	1	1	15
OG0002538	15	0	0	0	0	0	0	0	15
OG0002539	7	2	1	1	1	1	1	1	15
OG0002540	2	5	2	1	1	2	1	1	15
OG0002541	3	2	1	2	2	1	1	3	15
OG0002542	2	2	2	2	2	2	1	2	15
OG0002543	1	1	2	1	2	2	2	4	15
OG0002544	6	3	1	1	1	1	1	1	15
OG0002545	4	3	2	1	1	2	1	1	15
OG0002546	5	1	3	1	1	1	1	2	15
OG0002547	1	3	2	2	2	2	1	2	15
OG0002548	3	2	3	2	2	1	1	1	15
OG0002549	7	1	1	1	1	2	1	1	15
OG0002550	3	2	2	2	2	2	1	1	15
OG0002551	6	2	1	1	1	1	1	2	15
OG0002552	1	2	2	2	3	2	2	1	15
OG0002553	6	1	1	1	1	1	3	1	15
OG0002554	2	2	2	2	2	2	2	1	15
OG0002555	8	2	0	1	1	1	1	1	15
OG0002556	1	3	1	2	2	2	2	2	15
OG0002557	7	2	0	1	1	2	1	1	15
OG0002558	1	4	2	2	2	2	2	0	15
OG0002559	2	1	2	2	2	2	2	2	15
OG0002560	7	1	1	1	1	2	1	1	15
OG0002561	15	0	0	0	0	0	0	0	15
OG0002562	1	2	2	2	2	2	2	2	15
OG0002563	11	1	1	1	0	0	0	1	15
OG0002564	8	2	0	1	1	1	1	1	15
OG0002565	2	6	0	0	0	6	0	1	15
OG0002566	10	2	0	0	0	3	0	0	15
OG0002567	1	2	3	1	2	2	1	3	15
OG0002568	5	2	1	1	3	1	1	1	15
OG0002569	6	2	1	1	1	1	1	2	15
OG0002570	3	1	2	2	2	3	1	1	15
OG0002571	2	2	2	1	2	2	3	1	15
OG0002572	3	4	1	1	2	2	1	1	15
OG0002573	6	2	1	1	1	2	1	1	15
OG0002574	1	2	3	2	1	1	2	3	15
OG0002575	2	2	4	1	1	3	1	1	15
OG0002576	6	1	1	1	1	1	3	1	15
OG0002577	8	1	1	1	1	1	1	1	15
OG0002578	2	1	2	2	2	2	2	2	15
OG0002579	1	2	2	2	2	2	2	2	15
OG0002580	5	3	2	1	1	1	1	1	15
OG0002581	15	0	0	0	0	0	0	0	15
OG0002582	8	3	0	1	1	1	0	1	15
OG0002583	1	1	1	1	1	1	3	6	15
OG0002584	5	2	2	2	1	1	1	1	15
OG0002585	3	1	2	2	1	1	2	3	15
OG0002586	5	1	1	2	1	3	1	1	15
OG0002587	6	2	1	1	1	1	1	2	15
OG0002588	1	6	1	0	3	2	1	1	15
OG0002589	2	3	0	1	1	6	1	1	15
OG0002590	3	4	2	1	1	2	1	1	15
OG0002591	1	4	2	2	2	2	1	1	15
OG0002592	1	3	2	2	2	2	2	1	15
OG0002593	1	2	3	3	1	2	1	2	15
OG0002594	4	3	2	2	1	1	1	1	15
OG0002595	1	2	3	2	1	1	2	3	15
OG0002596	1	1	5	1	2	2	1	2	15
OG0002597	7	1	1	1	2	1	1	1	15
OG0002598	2	2	3	2	2	2	1	1	15
OG0002599	2	2	2	3	2	2	1	1	15
OG0002600	4	1	1	1	4	1	1	2	15
OG0002601	8	1	1	1	1	1	1	1	15
OG0002602	2	2	2	1	1	2	0	5	15
OG0002603	8	1	1	1	1	1	1	1	15
OG0002604	2	1	1	1	4	2	2	2	15
OG0002605	1	3	2	3	2	2	1	1	15
OG0002606	2	1	2	2	2	2	2	2	15
OG0002607	4	2	2	2	1	1	1	2	15
OG0002608	2	1	2	2	2	2	2	2	15
OG0002609	4	1	3	1	1	1	1	3	15
OG0002610	2	2	2	1	2	2	2	2	15
OG0002611	5	2	1	1	1	2	3	0	15
OG0002612	1	2	2	2	2	2	2	2	15
OG0002613	1	4	2	2	2	2	1	1	15
OG0002614	8	1	1	1	1	1	1	1	15
OG0002615	6	2	1	1	1	2	1	1	15
OG0002616	1	3	2	2	2	2	2	1	15
OG0002617	1	2	2	2	2	2	2	2	15
OG0002618	3	2	1	3	1	2	1	2	15
OG0002619	7	1	1	1	2	1	1	1	15
OG0002620	3	3	2	1	1	2	2	1	15
OG0002621	7	2	1	1	1	1	1	1	15
OG0002622	8	1	1	1	1	1	1	1	15
OG0002623	2	5	2	1	1	2	1	1	15
OG0002624	1	2	2	2	2	2	2	2	15
OG0002625	8	1	1	1	1	1	1	1	15
OG0002626	2	2	1	2	2	2	2	2	15
OG0002627	2	2	2	3	1	1	1	3	15
OG0002628	1	2	3	2	2	3	1	1	15
OG0002629	1	3	1	2	4	2	1	1	15
OG0002630	1	1	3	2	2	2	2	2	15
OG0002631	8	1	1	1	1	1	1	1	15
OG0002632	3	5	1	1	1	1	1	2	15
OG0002633	1	3	1	2	2	3	2	1	15
OG0002634	4	2	2	1	1	2	1	2	15
OG0002635	2	0	1	3	3	2	2	2	15
OG0002636	2	1	3	2	1	1	1	4	15
OG0002637	6	2	2	1	1	1	1	1	15
OG0002638	1	2	1	2	3	2	2	2	15
OG0002639	1	2	2	2	2	2	2	2	15
OG0002640	1	3	2	1	1	1	1	5	15
OG0002641	3	6	1	1	1	1	1	1	15
OG0002642	3	6	1	1	1	1	1	1	15
OG0002643	1	1	2	2	2	3	2	2	15
OG0002644	3	1	3	1	1	1	1	4	15
OG0002645	8	1	1	1	0	2	1	1	15
OG0002646	2	3	3	1	2	2	1	1	15
OG0002647	1	2	2	2	2	2	2	2	15
OG0002648	6	1	1	2	1	2	1	1	15
OG0002649	1	3	2	1	1	2	1	4	15
OG0002650	1	1	3	2	2	2	2	2	15
OG0002651	2	3	3	1	1	1	1	3	15
OG0002652	9	0	1	1	1	1	1	1	15
OG0002653	1	3	1	1	6	3	0	0	15
OG0002654	1	0	0	0	4	1	9	0	15
OG0002655	1	4	0	0	1	3	6	0	15
OG0002656	1	0	0	0	4	2	8	0	15
OG0002657	1	1	0	1	4	2	6	0	15
OG0002658	1	0	1	2	1	3	7	0	15
OG0002659	1	1	1	1	3	1	7	0	15
OG0002660	1	1	1	0	4	1	7	0	15
OG0002661	0	2	2	1	5	3	1	1	15
OG0002662	0	9	2	1	2	1	0	0	15
OG0002663	0	15	0	0	0	0	0	0	15
OG0002664	0	2	3	2	1	2	0	5	15
OG0002665	0	15	0	0	0	0	0	0	15
OG0002666	0	7	0	0	2	5	1	0	15
OG0002667	0	1	10	1	0	0	0	3	15
OG0002668	0	2	3	2	2	2	2	2	15
OG0002669	0	2	1	10	0	0	0	2	15
OG0002670	0	0	10	5	0	0	0	0	15
OG0002671	0	0	5	5	0	0	0	5	15
OG0002672	0	0	1	0	4	1	8	1	15
OG0002673	0	0	4	0	0	0	0	11	15
OG0002674	0	0	3	0	1	1	10	0	15
OG0002675	0	0	5	2	0	0	0	8	15
OG0002676	0	0	7	1	0	0	0	7	15
OG0002677	0	0	1	0	0	0	0	14	15
OG0002678	0	0	0	0	10	2	3	0	15
OG0002679	0	0	0	0	8	1	6	0	15
OG0002680	0	0	0	0	7	1	7	0	15
OG0002681	0	2	2	3	1	2	2	2	14
OG0002682	7	1	1	0	0	1	2	2	14
OG0002683	4	3	3	2	1	1	0	0	14
OG0002684	1	3	2	2	2	1	2	1	14
OG0002685	2	3	3	1	1	2	1	1	14
OG0002686	1	2	4	2	1	1	1	2	14
OG0002687	0	2	6	1	0	0	0	5	14
OG0002688	2	2	3	1	1	2	1	2	14
OG0002689	1	2	3	2	1	1	2	2	14
OG0002690	3	4	2	1	1	1	1	1	14
OG0002691	2	2	2	1	2	3	1	1	14
OG0002692	1	2	3	0	6	2	0	0	14
OG0002693	1	2	3	2	2	1	2	1	14
OG0002694	1	2	1	3	2	2	2	1	14
OG0002695	0	4	2	1	2	2	1	2	14
OG0002696	2	4	1	2	2	1	1	1	14
OG0002697	1	1	2	3	2	2	1	2	14
OG0002698	1	3	3	2	2	1	1	1	14
OG0002699	4	3	2	0	3	2	0	0	14
OG0002700	6	2	1	1	1	1	1	1	14
OG0002701	2	0	2	2	3	3	1	1	14
OG0002702	2	2	2	1	2	2	1	2	14
OG0002703	6	2	1	1	1	1	1	1	14
OG0002704	7	0	2	1	1	1	1	1	14
OG0002705	3	3	1	2	1	1	1	2	14
OG0002706	6	1	2	0	1	1	1	2	14
OG0002707	2	4	2	1	1	1	1	2	14
OG0002708	2	2	2	1	1	1	2	3	14
OG0002709	3	2	2	1	1	2	2	1	14
OG0002710	2	1	2	1	3	2	2	1	14
OG0002711	2	2	1	1	2	2	2	2	14
OG0002712	3	2	2	1	2	2	1	1	14
OG0002713	2	3	2	1	2	2	1	1	14
OG0002714	0	2	3	3	2	2	1	1	14
OG0002715	8	1	0	1	1	1	1	1	14
OG0002716	1	3	0	0	0	0	9	1	14
OG0002717	8	1	1	2	1	1	0	0	14
OG0002718	1	2	2	1	2	2	2	2	14
OG0002719	2	1	0	1	6	0	2	2	14
OG0002720	1	2	2	2	2	2	2	1	14
OG0002721	1	3	2	1	2	2	2	1	14
OG0002722	2	1	1	2	2	2	2	2	14
OG0002723	6	3	0	1	1	1	1	1	14
OG0002724	5	3	1	1	1	1	1	1	14
OG0002725	4	1	0	2	3	2	1	1	14
OG0002726	3	5	2	0	2	2	0	0	14
OG0002727	1	1	2	2	2	2	2	2	14
OG0002728	7	1	1	1	1	1	1	1	14
OG0002729	1	2	1	2	2	2	2	2	14
OG0002730	0	1	2	1	3	3	3	1	14
OG0002731	3	1	3	1	1	1	1	3	14
OG0002732	6	7	0	0	0	1	0	0	14
OG0002733	1	7	1	1	1	1	1	1	14
OG0002734	4	2	1	2	1	1	1	2	14
OG0002735	2	2	4	1	2	2	1	0	14
OG0002736	9	2	1	1	0	1	0	0	14
OG0002737	7	1	1	1	1	1	1	1	14
OG0002738	1	2	3	2	2	2	1	1	14
OG0002739	1	5	2	0	2	2	1	1	14
OG0002740	0	0	8	2	1	1	1	1	14
OG0002741	3	2	1	2	2	2	1	1	14
OG0002742	2	2	1	1	2	2	3	1	14
OG0002743	7	1	1	1	1	1	1	1	14
OG0002744	10	2	0	0	0	2	0	0	14
OG0002745	1	3	2	1	2	2	2	1	14
OG0002746	4	4	1	1	1	1	1	1	14
OG0002747	4	3	1	1	1	2	1	1	14
OG0002748	9	1	1	1	1	1	0	0	14
OG0002749	2	1	1	3	6	1	0	0	14
OG0002750	1	3	2	2	2	2	1	1	14
OG0002751	4	1	0	1	2	3	2	1	14
OG0002752	7	2	1	0	1	1	1	1	14
OG0002753	2	3	2	2	2	2	1	0	14
OG0002754	6	3	1	1	1	1	1	0	14
OG0002755	6	1	1	1	1	2	1	1	14
OG0002756	6	1	1	1	1	2	1	1	14
OG0002757	3	2	3	1	2	2	1	0	14
OG0002758	4	3	2	1	1	2	1	0	14
OG0002759	2	1	0	0	0	3	8	0	14
OG0002760	7	1	2	0	1	1	1	1	14
OG0002761	2	1	3	1	1	1	1	4	14
OG0002762	4	4	2	1	0	1	1	1	14
OG0002763	2	2	3	1	2	2	1	1	14
OG0002764	1	2	1	2	2	2	2	2	14
OG0002765	2	3	1	2	2	2	1	1	14
OG0002766	5	1	0	1	4	1	1	1	14
OG0002767	2	2	2	2	2	2	1	1	14
OG0002768	8	0	1	1	2	0	1	1	14
OG0002769	1	7	1	1	1	1	1	1	14
OG0002770	5	2	2	1	1	1	1	1	14
OG0002771	2	2	1	2	3	2	1	1	14
OG0002772	2	2	4	1	1	1	1	2	14
OG0002773	6	2	2	2	1	1	0	0	14
OG0002774	4	1	2	1	1	1	1	3	14
OG0002775	1	2	2	3	2	2	1	1	14
OG0002776	5	3	2	1	1	1	1	0	14
OG0002777	2	2	2	2	2	2	1	1	14
OG0002778	6	2	1	1	1	1	1	1	14
OG0002779	3	2	2	1	2	2	1	1	14
OG0002780	2	4	2	1	1	1	2	1	14
OG0002781	1	2	2	1	3	3	2	0	14
OG0002782	1	4	2	1	2	2	1	1	14
OG0002783	2	2	1	4	1	1	1	2	14
OG0002784	2	1	0	5	4	2	0	0	14
OG0002785	3	5	1	1	1	1	1	1	14
OG0002786	5	3	1	1	1	2	1	0	14
OG0002787	1	2	2	1	2	2	2	2	14
OG0002788	3	1	3	1	1	1	1	3	14
OG0002789	1	1	2	2	2	2	2	2	14
OG0002790	4	1	1	1	2	1	1	3	14
OG0002791	3	3	0	0	2	2	4	0	14
OG0002792	5	2	2	1	1	1	1	1	14
OG0002793	1	4	1	1	1	1	3	2	14
OG0002794	3	2	1	4	1	1	1	1	14
OG0002795	2	3	2	2	2	1	1	1	14
OG0002796	1	3	0	1	2	5	1	1	14
OG0002797	5	3	1	1	1	1	1	1	14
OG0002798	7	1	1	1	1	1	1	1	14
OG0002799	7	1	0	1	1	3	1	0	14
OG0002800	2	3	1	1	2	2	2	1	14
OG0002801	5	2	2	1	1	1	1	1	14
OG0002802	7	1	1	1	1	1	1	1	14
OG0002803	2	1	2	2	4	2	1	0	14
OG0002804	4	3	1	1	1	0	1	3	14
OG0002805	2	3	1	0	2	2	2	2	14
OG0002806	1	4	0	1	1	7	0	0	14
OG0002807	3	1	1	2	2	2	2	1	14
OG0002808	5	1	3	1	1	1	1	1	14
OG0002809	6	2	1	1	1	1	1	1	14
OG0002810	4	1	1	2	1	1	1	3	14
OG0002811	5	1	1	2	1	1	1	2	14
OG0002812	1	2	2	1	2	4	1	1	14
OG0002813	4	2	2	1	1	2	1	1	14
OG0002814	1	2	2	3	2	2	1	1	14
OG0002815	6	1	2	0	1	2	1	1	14
OG0002816	5	1	2	0	1	2	2	1	14
OG0002817	3	2	1	1	3	1	1	2	14
OG0002818	6	2	1	1	1	1	1	1	14
OG0002819	3	3	2	2	2	2	0	0	14
OG0002820	7	1	1	1	1	1	1	1	14
OG0002821	2	1	4	1	2	1	0	3	14
OG0002822	8	2	1	1	1	1	0	0	14
OG0002823	3	2	4	1	1	1	1	1	14
OG0002824	5	1	1	1	1	1	1	3	14
OG0002825	4	4	0	1	1	2	1	1	14
OG0002826	6	1	2	1	1	1	1	1	14
OG0002827	8	1	2	0	1	0	1	1	14
OG0002828	5	3	1	1	1	1	1	1	14
OG0002829	5	1	1	2	1	1	1	2	14
OG0002830	4	2	3	1	1	1	1	1	14
OG0002831	9	1	1	0	1	1	1	0	14
OG0002832	2	6	1	1	1	1	1	1	14
OG0002833	3	1	1	3	2	2	1	1	14
OG0002834	7	1	1	1	1	1	1	1	14
OG0002835	2	2	2	2	3	1	1	1	14
OG0002836	6	2	1	1	1	1	1	1	14
OG0002837	5	3	1	1	1	1	1	1	14
OG0002838	4	2	1	1	2	2	1	1	14
OG0002839	6	2	1	1	1	1	1	1	14
OG0002840	7	1	1	1	1	1	1	1	14
OG0002841	5	1	2	1	1	1	1	2	14
OG0002842	6	2	1	1	1	1	1	1	14
OG0002843	5	3	1	1	1	1	1	1	14
OG0002844	6	0	1	1	1	3	1	1	14
OG0002845	6	1	2	1	1	1	1	1	14
OG0002846	5	1	1	2	1	1	1	2	14
OG0002847	7	1	1	1	1	1	1	1	14
OG0002848	1	2	2	1	3	2	2	1	14
OG0002849	4	1	2	1	2	2	1	1	14
OG0002850	1	3	3	1	1	1	1	3	14
OG0002851	6	1	1	1	1	1	1	2	14
OG0002852	1	2	1	0	3	5	1	1	14
OG0002853	2	3	3	0	2	2	1	1	14
OG0002854	1	2	3	1	2	2	1	2	14
OG0002855	2	3	2	1	1	2	2	1	14
OG0002856	6	1	2	1	1	1	1	1	14
OG0002857	4	4	1	1	1	1	1	1	14
OG0002858	1	2	2	2	2	2	2	1	14
OG0002859	5	2	1	2	1	1	1	1	14
OG0002860	7	1	1	1	1	1	1	1	14
OG0002861	5	2	1	0	1	2	1	2	14
OG0002862	4	1	2	1	2	2	1	1	14
OG0002863	3	2	1	0	1	3	1	3	14
OG0002864	2	2	2	2	2	2	1	1	14
OG0002865	1	1	2	2	2	2	2	2	14
OG0002866	7	1	1	1	1	1	1	1	14
OG0002867	4	4	1	1	1	1	1	1	14
OG0002868	2	2	2	2	2	2	1	1	14
OG0002869	6	2	1	1	1	1	1	1	14
OG0002870	3	5	1	1	1	1	1	1	14
OG0002871	4	1	2	2	1	1	1	2	14
OG0002872	3	3	2	1	1	1	2	1	14
OG0002873	3	3	2	1	1	2	1	1	14
OG0002874	6	1	1	1	1	1	1	2	14
OG0002875	14	0	0	0	0	0	0	0	14
OG0002876	5	1	2	1	1	1	1	2	14
OG0002877	2	1	1	1	3	2	2	2	14
OG0002878	1	6	1	1	1	1	1	2	14
OG0002879	1	1	2	0	5	1	1	3	14
OG0002880	5	1	2	1	1	1	1	2	14
OG0002881	2	1	2	1	2	2	2	2	14
OG0002882	5	2	2	1	1	2	1	0	14
OG0002883	6	2	1	0	1	2	1	1	14
OG0002884	1	2	2	1	2	2	2	2	14
OG0002885	4	1	1	1	2	3	1	1	14
OG0002886	2	2	2	1	2	2	2	1	14
OG0002887	5	2	1	1	2	1	1	1	14
OG0002888	6	2	1	1	1	1	1	1	14
OG0002889	1	2	2	2	2	2	2	1	14
OG0002890	1	2	1	2	1	1	1	5	14
OG0002891	5	2	1	1	1	2	1	1	14
OG0002892	7	1	1	1	1	1	1	1	14
OG0002893	3	3	2	1	2	2	1	0	14
OG0002894	2	1	4	2	1	0	1	3	14
OG0002895	8	1	1	0	1	1	1	1	14
OG0002896	2	0	1	5	1	1	1	3	14
OG0002897	6	1	0	1	1	1	1	3	14
OG0002898	5	3	1	1	1	1	1	1	14
OG0002899	1	2	1	2	1	2	2	3	14
OG0002900	2	1	1	6	1	1	1	1	14
OG0002901	3	1	2	3	1	1	1	2	14
OG0002902	1	2	3	2	2	2	1	1	14
OG0002903	1	2	2	4	1	2	1	1	14
OG0002904	4	2	1	2	1	1	1	2	14
OG0002905	6	1	2	1	1	1	1	1	14
OG0002906	2	2	2	3	1	1	1	2	14
OG0002907	6	2	1	0	1	2	1	1	14
OG0002908	1	1	2	3	2	2	2	1	14
OG0002909	7	1	1	1	1	1	1	1	14
OG0002910	2	1	2	2	1	1	1	4	14
OG0002911	8	0	1	1	1	1	1	1	14
OG0002912	9	1	1	1	1	1	0	0	14
OG0002913	5	6	1	0	1	1	0	0	14
OG0002914	4	4	1	0	2	1	1	1	14
OG0002915	3	1	2	3	1	1	1	2	14
OG0002916	5	2	1	1	2	1	1	1	14
OG0002917	7	1	1	1	1	1	1	1	14
OG0002918	7	1	1	1	1	1	1	1	14
OG0002919	3	4	1	1	1	1	1	2	14
OG0002920	6	1	2	1	1	1	1	1	14
OG0002921	3	4	0	0	4	3	0	0	14
OG0002922	5	1	2	1	1	1	1	2	14
OG0002923	3	0	0	0	4	4	3	0	14
OG0002924	5	2	1	1	1	1	1	2	14
OG0002925	14	0	0	0	0	0	0	0	14
OG0002926	1	4	1	1	4	1	1	1	14
OG0002927	2	1	1	2	2	2	2	2	14
OG0002928	6	2	1	1	1	1	1	1	14
OG0002929	2	1	2	2	2	1	2	2	14
OG0002930	6	2	1	1	1	1	1	1	14
OG0002931	6	1	2	1	1	1	1	1	14
OG0002932	4	0	3	1	1	1	1	3	14
OG0002933	1	3	1	1	1	2	2	3	14
OG0002934	8	2	0	0	1	1	1	1	14
OG0002935	4	2	2	1	1	2	1	1	14
OG0002936	5	2	1	2	1	1	1	1	14
OG0002937	6	1	1	1	1	2	1	1	14
OG0002938	3	2	2	2	1	2	1	1	14
OG0002939	6	1	1	2	1	1	1	1	14
OG0002940	7	1	1	1	1	1	1	1	14
OG0002941	1	1	3	2	1	1	1	4	14
OG0002942	7	1	1	1	1	1	1	1	14
OG0002943	6	2	1	1	1	1	1	1	14
OG0002944	2	2	3	0	3	2	1	1	14
OG0002945	7	1	1	1	1	1	1	1	14
OG0002946	3	5	1	1	1	1	1	1	14
OG0002947	7	1	1	1	1	1	1	1	14
OG0002948	2	5	1	1	1	1	1	2	14
OG0002949	1	2	2	2	2	2	2	1	14
OG0002950	14	0	0	0	0	0	0	0	14
OG0002951	7	1	1	1	1	1	1	1	14
OG0002952	7	1	1	1	1	1	1	1	14
OG0002953	6	1	2	0	1	1	1	2	14
OG0002954	3	1	1	1	4	1	1	2	14
OG0002955	3	1	1	1	1	1	1	5	14
OG0002956	4	3	2	1	1	1	1	1	14
OG0002957	6	1	0	1	1	1	1	3	14
OG0002958	2	2	1	1	1	2	3	2	14
OG0002959	4	1	1	2	1	1	2	2	14
OG0002960	7	1	1	1	1	1	1	1	14
OG0002961	4	4	1	1	1	1	1	1	14
OG0002962	6	1	1	1	1	1	1	2	14
OG0002963	3	3	2	2	1	1	1	1	14
OG0002964	5	4	1	1	2	1	0	0	14
OG0002965	7	1	1	1	1	1	1	1	14
OG0002966	8	1	1	0	1	1	1	1	14
OG0002967	1	2	1	2	2	2	2	2	14
OG0002968	5	3	1	1	1	1	1	1	14
OG0002969	1	2	2	2	2	3	1	1	14
OG0002970	7	1	2	2	1	0	0	1	14
OG0002971	4	3	2	1	1	1	1	1	14
OG0002972	7	1	1	1	1	1	1	1	14
OG0002973	3	2	2	1	2	2	1	1	14
OG0002974	2	3	1	0	1	1	5	1	14
OG0002975	5	3	1	1	1	1	1	1	14
OG0002976	2	2	2	1	1	2	2	2	14
OG0002977	2	2	3	1	1	1	1	3	14
OG0002978	5	2	2	1	1	1	1	1	14
OG0002979	6	2	1	1	1	1	1	1	14
OG0002980	7	1	1	1	1	1	1	1	14
OG0002981	4	3	1	1	1	1	2	1	14
OG0002982	2	3	2	1	2	3	1	0	14
OG0002983	5	2	1	2	1	0	1	2	14
OG0002984	4	1	2	2	2	2	1	0	14
OG0002985	3	3	1	0	2	2	2	1	14
OG0002986	2	3	1	1	2	3	1	1	14
OG0002987	4	2	2	1	1	2	1	1	14
OG0002988	6	1	1	2	1	1	1	1	14
OG0002989	2	7	0	1	1	1	1	1	14
OG0002990	3	2	0	0	3	3	2	1	14
OG0002991	7	1	1	1	1	1	1	1	14
OG0002992	14	0	0	0	0	0	0	0	14
OG0002993	7	1	1	1	1	1	1	1	14
OG0002994	3	3	1	2	2	2	1	0	14
OG0002995	7	1	1	1	1	1	1	1	14
OG0002996	4	3	1	1	1	1	2	1	14
OG0002997	1	3	2	1	2	3	1	1	14
OG0002998	6	2	1	1	1	1	1	1	14
OG0002999	1	3	2	2	1	1	1	3	14
OG0003000	1	1	5	1	1	3	1	1	14
OG0003001	1	2	1	2	2	2	2	2	14
OG0003002	6	1	2	1	1	1	1	1	14
OG0003003	3	1	2	2	2	2	1	1	14
OG0003004	3	5	1	1	1	1	1	1	14
OG0003005	4	2	1	1	2	1	2	1	14
OG0003006	5	1	1	3	1	1	1	1	14
OG0003007	2	2	1	3	2	2	1	1	14
OG0003008	7	1	1	1	1	1	1	1	14
OG0003009	1	1	1	2	1	1	3	4	14
OG0003010	6	2	1	1	1	1	1	1	14
OG0003011	10	2	1	0	0	1	0	0	14
OG0003012	1	2	2	1	2	2	1	3	14
OG0003013	7	1	1	1	1	1	1	1	14
OG0003014	3	1	0	1	5	1	1	2	14
OG0003015	6	2	1	1	1	1	1	1	14
OG0003016	3	11	0	0	0	0	0	0	14
OG0003017	1	1	2	2	2	2	2	2	14
OG0003018	6	2	1	0	1	2	1	1	14
OG0003019	1	3	2	1	2	2	2	1	14
OG0003020	7	1	1	1	1	1	0	2	14
OG0003021	10	1	0	0	1	1	1	0	14
OG0003022	3	2	2	2	2	1	1	1	14
OG0003023	6	2	1	0	2	1	1	1	14
OG0003024	4	2	3	1	1	1	1	1	14
OG0003025	2	0	2	2	2	2	2	2	14
OG0003026	6	1	1	1	1	1	1	2	14
OG0003027	2	2	2	2	2	2	1	1	14
OG0003028	4	1	2	1	1	2	1	2	14
OG0003029	4	1	1	2	2	2	1	1	14
OG0003030	5	2	2	1	1	1	1	1	14
OG0003031	4	3	2	1	1	1	1	1	14
OG0003032	6	1	2	0	1	2	1	1	14
OG0003033	3	1	1	2	1	2	3	1	14
OG0003034	5	1	1	1	1	2	1	2	14
OG0003035	2	2	2	1	2	2	1	2	14
OG0003036	3	2	3	1	1	2	1	1	14
OG0003037	5	3	1	1	1	1	1	1	14
OG0003038	4	2	1	2	1	1	1	2	14
OG0003039	1	4	2	2	1	1	1	2	14
OG0003040	1	1	3	1	2	2	2	2	14
OG0003041	1	6	1	1	1	1	1	2	14
OG0003042	7	1	1	1	1	1	1	1	14
OG0003043	2	2	2	1	2	2	2	1	14
OG0003044	4	3	1	1	1	1	2	1	14
OG0003045	6	1	2	1	1	1	1	1	14
OG0003046	4	3	1	2	1	1	1	1	14
OG0003047	1	2	3	1	2	2	1	2	14
OG0003048	1	2	1	2	3	3	1	1	14
OG0003049	6	2	1	1	1	1	1	1	14
OG0003050	1	2	1	0	2	2	2	4	14
OG0003051	1	5	3	1	1	1	1	1	14
OG0003052	7	1	1	1	1	1	1	1	14
OG0003053	2	3	3	1	1	1	1	2	14
OG0003054	2	2	2	2	2	2	1	1	14
OG0003055	6	2	1	1	1	1	1	1	14
OG0003056	5	1	2	1	1	1	1	2	14
OG0003057	2	2	1	1	2	2	2	2	14
OG0003058	7	1	1	1	1	1	1	1	14
OG0003059	3	2	1	1	2	2	2	1	14
OG0003060	3	3	0	2	2	3	1	0	14
OG0003061	4	2	3	1	1	1	1	1	14
OG0003062	2	2	2	2	2	2	1	1	14
OG0003063	5	4	1	1	1	1	1	0	14
OG0003064	7	1	1	1	1	1	1	1	14
OG0003065	3	2	1	1	1	1	1	4	14
OG0003066	4	1	1	2	3	1	1	1	14
OG0003067	8	0	1	1	1	1	1	1	14
OG0003068	2	2	4	1	1	2	1	1	14
OG0003069	5	1	1	2	2	1	1	1	14
OG0003070	7	1	1	1	1	1	1	1	14
OG0003071	5	1	1	3	1	1	1	1	14
OG0003072	6	1	2	1	1	1	1	1	14
OG0003073	1	2	1	3	2	2	1	2	14
OG0003074	2	1	2	1	1	2	2	3	14
OG0003075	1	1	2	0	1	3	1	5	14
OG0003076	3	3	1	2	1	2	1	1	14
OG0003077	2	3	4	2	1	2	0	0	14
OG0003078	1	3	1	2	2	2	2	1	14
OG0003079	1	2	1	2	2	2	2	2	14
OG0003080	3	2	1	2	2	2	1	1	14
OG0003081	4	1	3	1	1	1	1	2	14
OG0003082	3	4	1	2	1	1	1	1	14
OG0003083	3	1	1	1	1	1	1	5	14
OG0003084	6	1	1	1	1	2	1	1	14
OG0003085	3	1	3	1	1	1	1	3	14
OG0003086	6	1	1	1	1	2	1	1	14
OG0003087	3	1	2	2	1	1	2	2	14
OG0003088	1	2	2	1	2	2	2	2	14
OG0003089	1	2	2	1	2	2	2	2	14
OG0003090	4	2	1	1	2	2	1	1	14
OG0003091	7	1	1	1	1	1	1	1	14
OG0003092	8	1	1	1	1	1	1	0	14
OG0003093	7	1	1	1	1	1	1	1	14
OG0003094	3	3	1	1	1	1	1	3	14
OG0003095	2	1	1	1	1	1	1	6	14
OG0003096	1	3	2	1	1	1	1	4	14
OG0003097	4	1	2	2	1	1	1	2	14
OG0003098	3	1	2	2	1	1	1	3	14
OG0003099	7	1	1	1	1	1	1	1	14
OG0003100	7	1	2	1	1	0	0	2	14
OG0003101	7	1	1	1	1	1	1	1	14
OG0003102	9	1	0	1	1	1	1	0	14
OG0003103	5	1	2	1	1	1	1	2	14
OG0003104	4	1	1	2	1	3	1	1	14
OG0003105	6	2	1	1	1	1	1	1	14
OG0003106	3	3	1	2	1	2	1	1	14
OG0003107	5	3	1	1	1	1	1	1	14
OG0003108	1	2	2	2	2	2	2	1	14
OG0003109	6	1	1	1	1	1	1	2	14
OG0003110	1	3	1	2	2	2	2	1	14
OG0003111	3	1	2	2	2	2	1	1	14
OG0003112	1	5	1	2	1	1	1	2	14
OG0003113	3	1	1	2	1	1	1	4	14
OG0003114	3	3	2	1	1	1	1	2	14
OG0003115	3	2	2	2	1	2	1	1	14
OG0003116	3	11	0	0	0	0	0	0	14
OG0003117	9	1	1	1	1	1	0	0	14
OG0003118	3	1	2	1	1	3	2	1	14
OG0003119	5	1	1	1	1	2	1	2	14
OG0003120	1	1	1	7	1	1	1	1	14
OG0003121	2	2	1	1	2	2	2	2	14
OG0003122	2	2	2	2	2	2	1	1	14
OG0003123	2	2	3	1	1	1	1	3	14
OG0003124	1	2	2	5	1	1	1	1	14
OG0003125	1	2	2	3	2	2	1	1	14
OG0003126	2	2	2	1	2	2	2	1	14
OG0003127	1	2	3	2	1	2	1	2	14
OG0003128	2	2	2	1	2	2	2	1	14
OG0003129	6	1	1	1	2	1	1	1	14
OG0003130	6	1	1	1	2	1	1	1	14
OG0003131	5	1	2	1	1	1	1	2	14
OG0003132	14	0	0	0	0	0	0	0	14
OG0003133	5	1	2	1	1	2	1	1	14
OG0003134	7	1	1	1	1	1	1	1	14
OG0003135	3	5	1	1	1	1	1	1	14
OG0003136	1	1	5	1	2	1	1	2	14
OG0003137	1	2	2	2	2	2	1	2	14
OG0003138	2	1	1	1	2	2	2	3	14
OG0003139	4	1	2	2	2	1	1	1	14
OG0003140	3	4	1	2	1	1	1	1	14
OG0003141	3	5	1	1	1	1	1	1	14
OG0003142	1	1	3	2	2	2	2	1	14
OG0003143	3	4	1	1	1	2	1	1	14
OG0003144	2	3	1	1	2	2	2	1	14
OG0003145	4	3	1	2	1	1	1	1	14
OG0003146	5	2	1	1	1	1	1	2	14
OG0003147	5	3	1	1	1	1	1	1	14
OG0003148	1	1	4	1	1	1	1	4	14
OG0003149	5	2	1	2	1	1	1	1	14
OG0003150	6	2	1	1	1	1	1	1	14
OG0003151	3	4	1	1	1	1	2	1	14
OG0003152	2	1	2	2	2	2	2	1	14
OG0003153	8	1	0	1	1	2	1	0	14
OG0003154	1	1	1	0	1	1	1	8	14
OG0003155	6	1	1	2	1	1	1	1	14
OG0003156	1	1	1	2	3	2	2	2	14
OG0003157	6	1	2	1	1	1	1	1	14
OG0003158	4	2	3	1	2	2	0	0	14
OG0003159	4	2	2	2	1	1	1	1	14
OG0003160	2	5	1	2	1	1	1	1	14
OG0003161	3	1	1	3	1	2	2	1	14
OG0003162	9	1	1	1	1	1	0	0	14
OG0003163	2	2	2	2	2	2	1	1	14
OG0003164	3	1	5	1	1	1	1	1	14
OG0003165	3	5	1	0	1	2	1	1	14
OG0003166	3	2	2	1	2	2	1	1	14
OG0003167	1	1	1	1	2	2	5	1	14
OG0003168	1	1	0	1	3	2	6	0	14
OG0003169	1	0	0	0	4	2	6	1	14
OG0003170	1	2	0	0	4	4	3	0	14
OG0003171	1	2	1	0	2	2	5	1	14
OG0003172	2	1	0	0	2	3	6	0	14
OG0003173	1	1	1	0	2	2	6	1	14
OG0003174	1	0	0	0	2	2	9	0	14
OG0003175	1	1	0	1	3	1	6	1	14
OG0003176	0	5	2	4	1	1	0	1	14
OG0003177	0	13	0	0	0	0	0	1	14
OG0003178	0	14	0	0	0	0	0	0	14
OG0003179	0	9	1	1	1	1	1	0	14
OG0003180	0	2	1	7	3	1	0	0	14
OG0003181	0	5	4	1	2	1	1	0	14
OG0003182	0	2	2	2	2	2	2	2	14
OG0003183	0	3	2	2	1	2	2	2	14
OG0003184	0	3	1	3	1	1	3	2	14
OG0003185	0	5	3	3	1	2	0	0	14
OG0003186	0	1	0	0	5	4	4	0	14
OG0003187	0	5	4	1	2	1	1	0	14
OG0003188	0	3	2	1	3	1	2	2	14
OG0003189	0	2	1	2	3	2	2	2	14
OG0003190	0	2	0	5	2	2	2	1	14
OG0003191	0	1	0	0	6	4	3	0	14
OG0003192	0	2	6	1	0	1	0	4	14
OG0003193	0	0	12	0	0	0	0	2	14
OG0003194	0	0	2	0	0	0	0	12	14
OG0003195	0	0	3	0	0	0	0	11	14
OG0003196	0	0	5	0	0	0	0	9	14
OG0003197	0	0	14	0	0	0	0	0	14
OG0003198	0	0	6	0	0	0	0	8	14
OG0003199	0	0	5	0	0	0	0	9	14
OG0003200	0	0	5	0	0	0	0	9	14
OG0003201	0	0	1	0	8	0	5	0	14
OG0003202	0	0	2	0	0	0	0	12	14
OG0003203	0	0	1	2	2	0	6	3	14
OG0003204	0	0	0	0	14	0	0	0	14
OG0003205	0	0	0	0	5	1	7	1	14
OG0003206	0	0	0	0	14	0	0	0	14
OG0003207	0	0	0	0	3	1	10	0	14
OG0003208	0	0	0	0	7	1	6	0	14
OG0003209	0	0	0	0	5	5	4	0	14
OG0003210	0	0	0	0	0	0	0	14	14
OG0003211	6	1	1	1	1	1	1	1	13
OG0003212	2	1	2	2	2	2	1	1	13
OG0003213	7	2	1	0	1	2	0	0	13
OG0003214	2	2	2	1	2	2	2	0	13
OG0003215	2	3	0	0	4	2	1	1	13
OG0003216	3	1	3	1	1	1	3	0	13
OG0003217	2	2	2	0	1	2	2	2	13
OG0003218	2	2	2	3	2	2	0	0	13
OG0003219	2	2	2	3	2	2	0	0	13
OG0003220	3	1	2	2	2	2	1	0	13
OG0003221	3	2	2	1	1	1	1	2	13
OG0003222	3	1	2	1	1	1	1	3	13
OG0003223	3	1	2	1	2	1	1	2	13
OG0003224	1	2	2	2	2	2	1	1	13
OG0003225	3	2	1	1	1	1	2	2	13
OG0003226	4	2	4	1	1	1	0	0	13
OG0003227	5	2	1	1	1	1	1	1	13
OG0003228	4	1	2	2	1	1	1	1	13
OG0003229	7	1	0	1	1	1	1	1	13
OG0003230	8	1	1	1	1	1	0	0	13
OG0003231	3	1	2	1	2	2	1	1	13
OG0003232	1	3	1	2	2	2	1	1	13
OG0003233	7	1	1	0	1	2	0	1	13
OG0003234	1	5	1	1	1	2	1	1	13
OG0003235	1	3	2	2	2	1	1	1	13
OG0003236	5	1	1	2	1	1	1	1	13
OG0003237	6	1	1	2	1	1	1	0	13
OG0003238	6	1	1	1	1	1	1	1	13
OG0003239	6	4	0	0	1	1	1	0	13
OG0003240	1	1	1	1	1	6	1	1	13
OG0003241	2	1	1	1	2	3	2	1	13
OG0003242	6	1	1	1	1	1	1	1	13
OG0003243	1	1	4	2	1	2	1	1	13
OG0003244	4	2	1	2	1	1	1	1	13
OG0003245	2	2	2	1	1	2	1	2	13
OG0003246	5	2	0	1	1	1	1	2	13
OG0003247	12	1	0	0	0	0	0	0	13
OG0003248	6	2	0	1	1	1	1	1	13
OG0003249	1	2	1	1	2	2	2	2	13
OG0003250	1	2	4	1	1	2	1	1	13
OG0003251	5	1	1	1	1	1	1	2	13
OG0003252	3	0	2	1	2	1	2	2	13
OG0003253	1	2	2	1	2	2	2	1	13
OG0003254	5	1	1	2	1	1	1	1	13
OG0003255	2	1	2	2	2	1	2	1	13
OG0003256	2	3	2	1	2	2	1	0	13
OG0003257	1	1	2	2	2	1	1	3	13
OG0003258	2	3	2	0	2	2	2	0	13
OG0003259	1	1	1	2	3	1	2	2	13
OG0003260	3	3	2	1	1	1	1	1	13
OG0003261	5	2	1	1	1	1	1	1	13
OG0003262	7	2	0	0	1	1	1	1	13
OG0003263	2	2	2	2	2	2	0	1	13
OG0003264	1	5	2	2	1	2	0	0	13
OG0003265	7	0	1	1	1	1	1	1	13
OG0003266	1	2	2	3	2	2	1	0	13
OG0003267	4	2	0	0	1	1	4	1	13
OG0003268	4	0	0	5	1	1	1	1	13
OG0003269	4	1	1	2	1	2	1	1	13
OG0003270	6	1	1	1	1	1	1	1	13
OG0003271	2	3	2	1	1	2	1	1	13
OG0003272	4	5	1	1	1	1	0	0	13
OG0003273	7	3	2	0	0	1	0	0	13
OG0003274	3	2	3	0	1	2	1	1	13
OG0003275	5	1	2	0	3	0	2	0	13
OG0003276	4	3	0	1	2	2	1	0	13
OG0003277	5	1	1	0	1	2	2	1	13
OG0003278	1	2	3	1	1	2	1	2	13
OG0003279	4	2	1	2	1	1	1	1	13
OG0003280	5	1	1	1	1	1	2	1	13
OG0003281	2	1	0	2	1	3	1	3	13
OG0003282	2	5	1	1	1	1	1	1	13
OG0003283	2	2	2	1	2	2	1	1	13
OG0003284	5	1	1	1	1	1	1	2	13
OG0003285	1	2	2	1	4	2	1	0	13
OG0003286	0	3	2	1	3	2	1	1	13
OG0003287	2	2	1	1	2	2	2	1	13
OG0003288	4	1	1	3	1	1	1	1	13
OG0003289	1	1	1	1	1	1	6	1	13
OG0003290	2	1	1	3	4	1	1	0	13
OG0003291	4	2	2	1	1	1	1	1	13
OG0003292	7	1	0	1	1	1	1	1	13
OG0003293	2	1	1	5	1	1	1	1	13
OG0003294	4	1	1	1	2	2	1	1	13
OG0003295	5	1	1	1	1	2	1	1	13
OG0003296	2	3	2	1	1	2	1	1	13
OG0003297	1	4	3	2	2	1	0	0	13
OG0003298	2	3	1	2	1	2	1	1	13
OG0003299	6	1	1	1	1	1	1	1	13
OG0003300	2	1	1	1	1	1	5	1	13
OG0003301	2	3	2	1	1	2	1	1	13
OG0003302	1	1	1	3	2	1	1	3	13
OG0003303	3	1	1	2	1	1	1	3	13
OG0003304	4	2	1	1	1	2	1	1	13
OG0003305	6	1	1	1	1	1	1	1	13
OG0003306	4	2	1	1	1	1	1	2	13
OG0003307	5	2	1	1	1	1	1	1	13
OG0003308	6	1	1	1	1	1	1	1	13
OG0003309	6	1	1	1	1	1	1	1	13
OG0003310	4	1	2	1	1	1	1	2	13
OG0003311	4	2	1	1	1	2	1	1	13
OG0003312	6	2	1	1	1	2	0	0	13
OG0003313	2	2	1	2	2	2	1	1	13
OG0003314	4	2	0	1	2	2	2	0	13
OG0003315	2	0	1	1	9	0	0	0	13
OG0003316	1	7	1	2	1	1	0	0	13
OG0003317	1	3	2	1	2	2	1	1	13
OG0003318	1	2	2	1	1	2	1	3	13
OG0003319	1	2	2	1	2	2	2	1	13
OG0003320	4	2	2	1	1	1	1	1	13
OG0003321	1	0	3	3	1	2	1	2	13
OG0003322	5	1	2	1	1	1	1	1	13
OG0003323	4	1	1	1	1	3	1	1	13
OG0003324	3	2	1	1	1	2	1	2	13
OG0003325	6	1	1	1	1	1	1	1	13
OG0003326	5	2	1	1	1	1	1	1	13
OG0003327	5	2	2	0	1	1	1	1	13
OG0003328	2	2	2	2	2	1	1	1	13
OG0003329	6	1	1	1	1	1	1	1	13
OG0003330	2	2	0	1	2	2	3	1	13
OG0003331	3	1	1	2	1	1	1	3	13
OG0003332	2	1	0	0	1	7	1	1	13
OG0003333	1	1	2	2	2	2	2	1	13
OG0003334	6	1	1	1	1	1	1	1	13
OG0003335	4	2	1	2	1	1	1	1	13
OG0003336	1	2	1	2	1	1	1	4	13
OG0003337	5	1	1	2	1	1	1	1	13
OG0003338	1	1	2	2	1	1	1	4	13
OG0003339	4	3	1	1	1	1	1	1	13
OG0003340	4	3	1	1	1	1	1	1	13
OG0003341	6	1	2	1	1	1	1	0	13
OG0003342	2	1	1	1	2	1	2	3	13
OG0003343	1	2	2	2	2	2	1	1	13
OG0003344	4	3	1	1	1	1	1	1	13
OG0003345	2	2	4	0	1	0	1	3	13
OG0003346	4	0	2	2	1	1	1	2	13
OG0003347	4	1	2	1	1	1	1	2	13
OG0003348	5	2	1	1	1	1	1	1	13
OG0003349	2	2	2	1	1	2	2	1	13
OG0003350	3	3	0	1	1	1	1	3	13
OG0003351	2	1	1	4	1	2	1	1	13
OG0003352	5	2	1	1	1	1	1	1	13
OG0003353	6	1	1	1	1	1	1	1	13
OG0003354	6	1	1	1	1	1	1	1	13
OG0003355	6	2	1	0	1	1	1	1	13
OG0003356	5	1	1	0	1	2	2	1	13
OG0003357	2	2	3	1	1	2	1	1	13
OG0003358	2	1	1	3	1	2	1	2	13
OG0003359	6	1	1	1	1	1	1	1	13
OG0003360	6	1	1	1	1	1	1	1	13
OG0003361	11	2	0	0	0	0	0	0	13
OG0003362	6	1	1	1	1	1	1	1	13
OG0003363	6	1	2	1	1	1	1	0	13
OG0003364	5	2	1	1	1	1	1	1	13
OG0003365	3	1	1	1	1	1	1	4	13
OG0003366	5	2	1	1	1	1	1	1	13
OG0003367	1	2	2	1	2	2	2	1	13
OG0003368	5	1	1	1	1	1	1	2	13
OG0003369	7	1	0	1	1	1	1	1	13
OG0003370	2	2	2	2	2	1	1	1	13
OG0003371	2	1	2	2	2	2	1	1	13
OG0003372	1	1	8	0	1	1	1	0	13
OG0003373	4	2	2	1	1	1	1	1	13
OG0003374	4	1	1	2	1	1	1	2	13
OG0003375	1	1	3	2	2	2	1	1	13
OG0003376	3	2	2	0	1	3	1	1	13
OG0003377	2	2	2	0	1	2	1	3	13
OG0003378	1	1	2	1	2	2	2	2	13
OG0003379	1	7	1	1	1	0	1	1	13
OG0003380	1	1	1	1	5	2	1	1	13
OG0003381	6	1	1	1	1	1	1	1	13
OG0003382	1	2	2	1	1	3	1	2	13
OG0003383	2	2	1	2	1	0	2	3	13
OG0003384	1	1	3	2	2	1	1	2	13
OG0003385	6	2	0	0	1	2	1	1	13
OG0003386	6	1	1	1	1	1	1	1	13
OG0003387	1	2	2	2	2	2	1	1	13
OG0003388	4	1	1	2	1	1	1	2	13
OG0003389	4	2	1	1	1	1	1	2	13
OG0003390	1	1	4	1	1	1	1	3	13
OG0003391	1	3	2	1	2	2	1	1	13
OG0003392	5	2	1	1	1	1	1	1	13
OG0003393	2	3	1	1	1	2	1	2	13
OG0003394	3	1	1	1	1	1	2	3	13
OG0003395	1	2	3	1	1	2	1	2	13
OG0003396	2	5	1	1	1	1	1	1	13
OG0003397	1	2	2	1	1	1	1	4	13
OG0003398	2	4	2	1	1	1	1	1	13
OG0003399	3	3	0	0	2	3	1	1	13
OG0003400	3	1	3	1	1	1	1	2	13
OG0003401	5	2	1	1	1	1	1	1	13
OG0003402	6	1	1	1	1	1	1	1	13
OG0003403	3	2	1	1	2	2	1	1	13
OG0003404	1	1	2	2	2	2	2	1	13
OG0003405	3	3	1	1	1	1	1	2	13
OG0003406	1	1	2	2	2	2	1	2	13
OG0003407	3	1	0	1	1	2	1	4	13
OG0003408	5	1	1	1	2	2	1	0	13
OG0003409	6	1	1	1	1	1	1	1	13
OG0003410	3	1	1	1	1	1	1	4	13
OG0003411	5	1	2	1	1	1	1	1	13
OG0003412	1	4	1	1	1	1	1	3	13
OG0003413	5	1	1	1	1	2	1	1	13
OG0003414	6	1	1	1	1	1	1	1	13
OG0003415	4	1	2	2	1	1	1	1	13
OG0003416	3	3	2	1	1	1	1	1	13
OG0003417	1	2	1	2	4	1	1	1	13
OG0003418	1	4	2	1	1	2	1	1	13
OG0003419	6	1	1	1	1	1	1	1	13
OG0003420	5	1	1	1	1	1	1	2	13
OG0003421	7	2	1	1	1	1	0	0	13
OG0003422	1	6	0	1	1	1	2	1	13
OG0003423	3	1	2	1	1	1	1	3	13
OG0003424	6	1	1	0	1	2	1	1	13
OG0003425	5	1	1	2	1	1	1	1	13
OG0003426	1	2	1	2	4	1	1	1	13
OG0003427	5	1	1	1	2	1	1	1	13
OG0003428	4	2	1	1	2	1	1	1	13
OG0003429	6	1	1	1	1	1	1	1	13
OG0003430	5	1	1	1	1	1	1	2	13
OG0003431	2	2	1	1	2	2	2	1	13
OG0003432	1	3	3	1	1	2	1	1	13
OG0003433	2	1	4	2	0	1	1	2	13
OG0003434	5	2	1	1	1	1	1	1	13
OG0003435	6	1	1	1	1	1	1	1	13
OG0003436	3	1	2	1	1	2	1	2	13
OG0003437	6	1	1	1	1	1	1	1	13
OG0003438	1	2	2	2	2	2	2	0	13
OG0003439	2	1	2	1	3	1	1	2	13
OG0003440	8	1	0	1	1	1	1	0	13
OG0003441	6	1	1	1	1	1	1	1	13
OG0003442	5	1	2	1	1	1	1	1	13
OG0003443	4	3	1	1	1	1	1	1	13
OG0003444	13	0	0	0	0	0	0	0	13
OG0003445	6	1	1	1	1	1	1	1	13
OG0003446	6	1	1	1	1	1	1	1	13
OG0003447	6	1	1	1	1	1	1	1	13
OG0003448	6	1	1	1	1	1	1	1	13
OG0003449	4	2	2	1	1	1	1	1	13
OG0003450	5	1	1	1	1	2	1	1	13
OG0003451	5	1	1	2	1	1	1	1	13
OG0003452	2	2	1	1	2	2	1	2	13
OG0003453	3	3	2	1	1	1	1	1	13
OG0003454	2	5	1	1	1	1	1	1	13
OG0003455	3	2	2	2	1	1	1	1	13
OG0003456	6	1	1	1	1	1	1	1	13
OG0003457	4	1	1	1	2	2	1	1	13
OG0003458	6	1	1	1	1	1	1	1	13
OG0003459	3	1	1	2	3	1	1	1	13
OG0003460	3	3	1	1	1	2	1	1	13
OG0003461	2	2	1	1	3	1	2	1	13
OG0003462	2	1	1	2	1	0	1	5	13
OG0003463	6	1	0	2	1	1	1	1	13
OG0003464	2	1	2	2	2	2	1	1	13
OG0003465	1	2	1	1	2	2	2	2	13
OG0003466	1	3	1	0	2	2	1	3	13
OG0003467	3	1	1	2	1	2	1	2	13
OG0003468	2	2	1	1	2	1	2	2	13
OG0003469	2	1	1	1	1	1	1	5	13
OG0003470	13	0	0	0	0	0	0	0	13
OG0003471	13	0	0	0	0	0	0	0	13
OG0003472	6	1	1	1	1	1	1	1	13
OG0003473	2	2	4	0	0	1	0	4	13
OG0003474	2	0	0	0	3	4	4	0	13
OG0003475	3	1	1	0	5	2	1	0	13
OG0003476	12	0	0	0	0	0	0	1	13
OG0003477	6	1	1	1	1	1	1	1	13
OG0003478	2	2	2	2	1	2	1	1	13
OG0003479	4	1	2	1	1	1	1	2	13
OG0003480	6	1	1	1	1	1	1	1	13
OG0003481	5	1	1	1	1	1	1	2	13
OG0003482	5	1	1	1	1	1	1	2	13
OG0003483	3	1	2	1	2	2	1	1	13
OG0003484	1	1	2	1	1	1	1	5	13
OG0003485	1	2	2	2	2	2	1	1	13
OG0003486	4	2	1	1	1	1	1	2	13
OG0003487	6	1	1	1	1	1	1	1	13
OG0003488	2	3	3	1	2	0	1	1	13
OG0003489	4	2	1	1	1	2	1	1	13
OG0003490	5	2	1	1	1	1	1	1	13
OG0003491	6	1	1	1	1	1	1	1	13
OG0003492	4	3	3	1	1	0	1	0	13
OG0003493	6	1	1	1	1	1	1	1	13
OG0003494	4	2	2	0	1	1	3	0	13
OG0003495	5	2	1	1	1	1	1	1	13
OG0003496	4	1	2	2	1	1	1	1	13
OG0003497	13	0	0	0	0	0	0	0	13
OG0003498	3	1	1	1	1	1	1	4	13
OG0003499	6	1	1	1	1	1	1	1	13
OG0003500	6	1	1	1	1	1	1	1	13
OG0003501	4	1	1	3	1	1	1	1	13
OG0003502	5	2	1	1	1	1	1	1	13
OG0003503	5	1	1	1	1	1	1	2	13
OG0003504	7	6	0	0	0	0	0	0	13
OG0003505	1	2	0	1	5	1	1	2	13
OG0003506	13	0	0	0	0	0	0	0	13
OG0003507	6	1	1	1	1	1	1	1	13
OG0003508	4	2	2	1	1	2	1	0	13
OG0003509	4	2	1	0	1	2	1	2	13
OG0003510	1	1	3	5	2	1	0	0	13
OG0003511	7	1	1	1	1	1	0	1	13
OG0003512	5	1	1	1	2	1	1	1	13
OG0003513	13	0	0	0	0	0	0	0	13
OG0003514	5	1	1	1	1	2	1	1	13
OG0003515	4	1	1	1	1	1	2	2	13
OG0003516	2	4	1	1	1	1	2	1	13
OG0003517	6	2	1	1	0	1	1	1	13
OG0003518	2	3	1	1	1	2	1	2	13
OG0003519	2	1	2	1	1	1	1	4	13
OG0003520	5	1	1	1	1	2	1	1	13
OG0003521	1	1	2	1	2	2	2	2	13
OG0003522	7	1	1	0	1	1	1	1	13
OG0003523	1	2	1	3	1	1	1	3	13
OG0003524	2	2	3	1	1	2	1	1	13
OG0003525	1	1	0	7	1	1	1	1	13
OG0003526	1	4	0	1	2	2	2	1	13
OG0003527	5	2	1	1	1	1	1	1	13
OG0003528	11	2	0	0	0	0	0	0	13
OG0003529	4	3	1	1	1	1	1	1	13
OG0003530	6	1	2	0	1	1	1	1	13
OG0003531	3	2	1	1	2	2	1	1	13
OG0003532	4	3	1	1	1	1	1	1	13
OG0003533	6	1	1	1	1	1	1	1	13
OG0003534	1	1	1	1	1	1	4	3	13
OG0003535	4	3	1	1	1	1	1	1	13
OG0003536	4	1	2	1	1	1	1	2	13
OG0003537	2	1	3	1	3	1	1	1	13
OG0003538	3	2	2	2	1	1	1	1	13
OG0003539	4	1	1	1	2	1	2	1	13
OG0003540	5	1	1	1	1	1	2	1	13
OG0003541	6	1	1	1	1	1	1	1	13
OG0003542	12	1	0	0	0	0	0	0	13
OG0003543	2	3	2	1	1	2	1	1	13
OG0003544	3	1	1	2	1	1	3	1	13
OG0003545	2	5	0	0	2	2	2	0	13
OG0003546	6	2	1	1	1	1	1	0	13
OG0003547	7	0	1	1	1	1	1	1	13
OG0003548	4	2	1	1	1	2	1	1	13
OG0003549	5	2	1	1	1	1	1	1	13
OG0003550	4	2	1	1	1	1	1	2	13
OG0003551	4	2	1	0	2	2	1	1	13
OG0003552	6	1	1	1	1	1	1	1	13
OG0003553	6	1	1	1	1	1	1	1	13
OG0003554	6	1	1	1	1	1	1	1	13
OG0003555	4	1	3	1	1	1	1	1	13
OG0003556	13	0	0	0	0	0	0	0	13
OG0003557	4	1	2	2	1	1	1	1	13
OG0003558	2	1	1	4	1	1	2	1	13
OG0003559	6	1	0	1	1	1	1	2	13
OG0003560	5	2	1	1	1	1	1	1	13
OG0003561	2	2	2	1	1	1	1	3	13
OG0003562	4	2	2	1	1	1	1	1	13
OG0003563	6	1	2	1	1	0	1	1	13
OG0003564	1	2	1	1	1	1	3	3	13
OG0003565	3	3	1	1	1	2	1	1	13
OG0003566	6	1	1	1	1	1	1	1	13
OG0003567	2	1	2	1	2	2	2	1	13
OG0003568	2	4	1	1	1	2	1	1	13
OG0003569	5	1	1	1	2	1	1	1	13
OG0003570	5	1	1	1	1	1	1	2	13
OG0003571	4	1	3	1	1	1	1	1	13
OG0003572	6	1	0	2	1	1	1	1	13
OG0003573	3	2	1	2	1	2	1	1	13
OG0003574	1	2	2	1	1	1	2	3	13
OG0003575	6	1	1	1	1	1	1	1	13
OG0003576	13	0	0	0	0	0	0	0	13
OG0003577	6	1	1	1	1	1	1	1	13
OG0003578	1	2	2	2	1	2	1	2	13
OG0003579	7	5	0	0	0	1	0	0	13
OG0003580	3	1	3	1	1	1	1	2	13
OG0003581	5	1	2	1	1	1	1	1	13
OG0003582	3	2	1	2	2	1	1	1	13
OG0003583	13	0	0	0	0	0	0	0	13
OG0003584	2	1	2	1	1	2	1	3	13
OG0003585	2	1	3	2	1	1	1	2	13
OG0003586	4	2	1	1	1	1	1	2	13
OG0003587	4	2	1	1	1	2	1	1	13
OG0003588	6	1	1	1	1	1	1	1	13
OG0003589	5	1	1	1	1	1	1	2	13
OG0003590	4	1	2	2	1	1	1	1	13
OG0003591	6	2	2	1	0	0	1	1	13
OG0003592	5	2	0	2	2	2	0	0	13
OG0003593	2	2	1	1	1	1	1	4	13
OG0003594	2	2	3	2	1	1	1	1	13
OG0003595	1	1	1	1	3	1	3	2	13
OG0003596	6	1	1	1	1	1	1	1	13
OG0003597	6	1	1	1	1	1	1	1	13
OG0003598	4	0	2	1	1	1	1	3	13
OG0003599	3	4	1	1	1	1	1	1	13
OG0003600	3	2	1	1	2	2	1	1	13
OG0003601	5	1	1	1	1	1	1	2	13
OG0003602	3	3	2	1	1	1	1	1	13
OG0003603	5	1	1	1	1	1	1	2	13
OG0003604	1	4	2	1	1	2	1	1	13
OG0003605	2	2	2	1	2	1	2	1	13
OG0003606	3	2	3	1	1	1	1	1	13
OG0003607	1	2	3	1	1	1	2	2	13
OG0003608	5	1	1	2	1	1	1	1	13
OG0003609	5	2	1	1	1	1	1	1	13
OG0003610	4	1	1	3	1	1	1	1	13
OG0003611	3	4	1	1	1	1	1	1	13
OG0003612	4	3	1	1	1	1	1	1	13
OG0003613	2	1	1	2	1	1	1	4	13
OG0003614	2	2	3	1	1	2	1	1	13
OG0003615	4	3	1	1	1	1	1	1	13
OG0003616	1	2	1	1	2	2	2	2	13
OG0003617	5	1	1	1	1	2	1	1	13
OG0003618	1	2	1	6	1	1	1	0	13
OG0003619	3	2	3	1	1	1	1	1	13
OG0003620	5	1	1	1	2	1	1	1	13
OG0003621	11	2	0	0	0	0	0	0	13
OG0003622	5	1	2	1	1	1	1	1	13
OG0003623	5	1	1	1	1	2	1	1	13
OG0003624	3	3	1	1	1	2	1	1	13
OG0003625	6	1	1	1	1	1	1	1	13
OG0003626	4	2	1	1	1	1	1	2	13
OG0003627	3	9	0	0	0	1	0	0	13
OG0003628	5	2	1	1	1	1	1	1	13
OG0003629	5	2	0	1	1	1	1	2	13
OG0003630	5	1	2	1	1	1	1	1	13
OG0003631	6	1	1	1	1	1	1	1	13
OG0003632	3	1	2	1	2	2	1	1	13
OG0003633	1	11	0	0	0	1	0	0	13
OG0003634	6	1	1	1	1	1	1	1	13
OG0003635	8	0	0	1	1	1	1	1	13
OG0003636	4	2	2	1	1	1	1	1	13
OG0003637	4	2	1	1	1	2	1	1	13
OG0003638	2	1	0	2	1	1	3	3	13
OG0003639	5	1	1	1	1	1	1	2	13
OG0003640	5	1	2	1	1	1	1	1	13
OG0003641	7	1	0	1	1	1	1	1	13
OG0003642	5	1	2	0	1	1	1	2	13
OG0003643	1	2	3	1	2	2	1	1	13
OG0003644	1	4	0	1	2	2	3	0	13
OG0003645	1	6	1	1	1	1	1	1	13
OG0003646	1	2	1	1	3	3	2	0	13
OG0003647	1	4	3	1	1	1	1	1	13
OG0003648	13	0	0	0	0	0	0	0	13
OG0003649	6	1	1	1	1	1	1	1	13
OG0003650	1	2	3	1	1	1	1	3	13
OG0003651	4	1	1	2	1	1	1	2	13
OG0003652	6	1	1	1	1	1	1	1	13
OG0003653	13	0	0	0	0	0	0	0	13
OG0003654	2	1	1	2	2	2	1	2	13
OG0003655	4	1	2	1	1	1	1	2	13
OG0003656	5	1	2	1	1	1	1	1	13
OG0003657	1	2	2	2	2	2	1	1	13
OG0003658	1	4	1	1	3	1	1	1	13
OG0003659	5	1	1	2	1	1	1	1	13
OG0003660	1	2	1	2	3	2	2	0	13
OG0003661	1	2	4	1	1	2	1	1	13
OG0003662	7	1	1	0	1	1	1	1	13
OG0003663	2	4	2	1	1	1	1	1	13
OG0003664	4	3	1	1	1	1	1	1	13
OG0003665	3	2	2	1	2	1	1	1	13
OG0003666	3	3	1	2	1	1	1	1	13
OG0003667	6	1	1	1	1	1	1	1	13
OG0003668	2	2	2	1	1	1	2	2	13
OG0003669	8	1	1	1	1	1	0	0	13
OG0003670	5	1	1	1	1	1	1	2	13
OG0003671	2	3	3	1	1	0	1	2	13
OG0003672	1	3	2	1	2	2	1	1	13
OG0003673	5	2	1	1	1	1	1	1	13
OG0003674	3	3	1	1	1	2	1	1	13
OG0003675	4	1	2	1	1	2	1	1	13
OG0003676	4	1	1	1	2	2	1	1	13
OG0003677	1	1	1	1	5	1	2	1	13
OG0003678	5	1	1	2	1	1	1	1	13
OG0003679	5	1	1	1	1	1	1	2	13
OG0003680	13	0	0	0	0	0	0	0	13
OG0003681	2	2	3	1	2	1	1	1	13
OG0003682	5	2	1	1	1	1	1	1	13
OG0003683	1	1	2	1	3	2	1	2	13
OG0003684	13	0	0	0	0	0	0	0	13
OG0003685	1	2	3	1	3	1	1	1	13
OG0003686	1	4	1	1	1	1	1	3	13
OG0003687	3	4	1	1	1	1	1	1	13
OG0003688	6	1	1	1	1	1	1	1	13
OG0003689	2	1	1	1	1	5	1	1	13
OG0003690	1	1	2	2	2	1	2	2	13
OG0003691	5	2	1	1	1	1	1	1	13
OG0003692	2	1	1	1	7	1	0	0	13
OG0003693	3	2	2	0	2	2	1	1	13
OG0003694	2	3	3	1	1	1	1	1	13
OG0003695	1	1	2	5	1	1	1	1	13
OG0003696	4	2	2	1	1	1	1	1	13
OG0003697	1	1	2	3	1	1	1	3	13
OG0003698	5	1	1	1	2	1	1	1	13
OG0003699	7	1	1	0	1	1	1	1	13
OG0003700	4	3	1	1	1	1	1	1	13
OG0003701	2	1	2	1	1	1	1	4	13
OG0003702	2	0	3	2	2	1	1	2	13
OG0003703	1	2	2	2	2	2	2	0	13
OG0003704	3	2	1	0	1	2	2	2	13
OG0003705	2	1	2	2	2	2	1	1	13
OG0003706	1	2	3	1	1	1	1	3	13
OG0003707	4	2	1	1	1	2	1	1	13
OG0003708	13	0	0	0	0	0	0	0	13
OG0003709	5	1	1	2	1	1	1	1	13
OG0003710	6	1	1	1	1	1	1	1	13
OG0003711	2	2	2	1	1	2	2	1	13
OG0003712	6	1	1	1	1	1	1	1	13
OG0003713	1	0	0	0	6	2	4	0	13
OG0003714	1	5	1	1	1	1	1	2	13
OG0003715	4	2	1	1	1	2	1	1	13
OG0003716	4	3	1	1	1	1	1	1	13
OG0003717	6	1	1	1	1	1	1	1	13
OG0003718	1	1	2	2	1	2	1	3	13
OG0003719	6	1	1	1	1	1	1	1	13
OG0003720	6	1	1	1	1	1	1	1	13
OG0003721	4	1	1	1	1	3	1	1	13
OG0003722	3	1	3	1	1	1	1	2	13
OG0003723	3	1	3	1	1	1	1	2	13
OG0003724	2	1	1	2	1	2	2	2	13
OG0003725	3	3	1	2	1	1	1	1	13
OG0003726	1	2	4	1	1	2	1	1	13
OG0003727	7	0	1	1	1	1	1	1	13
OG0003728	3	4	1	1	1	1	1	1	13
OG0003729	1	1	0	0	2	5	4	0	13
OG0003730	3	4	1	1	1	1	1	1	13
OG0003731	2	5	1	1	1	1	1	1	13
OG0003732	4	3	1	1	1	1	1	1	13
OG0003733	2	3	1	2	1	1	1	2	13
OG0003734	4	1	2	1	1	2	1	1	13
OG0003735	1	3	3	2	1	1	1	1	13
OG0003736	5	2	1	1	1	1	1	1	13
OG0003737	2	3	2	2	1	1	1	1	13
OG0003738	1	11	0	0	0	1	0	0	13
OG0003739	5	2	1	1	1	1	1	1	13
OG0003740	2	1	4	1	1	1	1	2	13
OG0003741	1	1	2	1	2	2	2	2	13
OG0003742	1	1	0	0	2	2	7	0	13
OG0003743	1	0	0	0	5	4	2	1	13
OG0003744	1	2	2	1	2	1	3	1	13
OG0003745	1	2	0	2	4	1	2	1	13
OG0003746	0	13	0	0	0	0	0	0	13
OG0003747	0	12	0	0	0	0	0	1	13
OG0003748	0	13	0	0	0	0	0	0	13
OG0003749	0	13	0	0	0	0	0	0	13
OG0003750	0	4	1	1	5	2	0	0	13
OG0003751	0	2	2	0	5	4	0	0	13
OG0003752	0	3	0	0	0	0	10	0	13
OG0003753	0	1	0	0	7	3	2	0	13
OG0003754	0	2	3	2	2	2	1	1	13
OG0003755	0	1	6	0	4	1	1	0	13
OG0003756	0	2	2	3	2	1	2	1	13
OG0003757	0	3	1	0	0	0	0	9	13
OG0003758	0	1	6	1	0	0	0	5	13
OG0003759	0	1	0	0	4	6	2	0	13
OG0003760	0	0	13	0	0	0	0	0	13
OG0003761	0	0	8	0	0	0	0	5	13
OG0003762	0	0	3	0	0	0	0	10	13
OG0003763	0	0	10	0	0	0	0	3	13
OG0003764	0	0	1	0	5	0	7	0	13
OG0003765	0	0	0	13	0	0	0	0	13
OG0003766	0	0	0	0	13	0	0	0	13
OG0003767	0	0	0	0	2	1	10	0	13
OG0003768	0	0	0	0	4	7	2	0	13
OG0003769	0	0	0	0	1	0	0	12	13
OG0003770	0	0	0	0	1	5	7	0	13
OG0003771	0	0	0	0	0	0	13	0	13
OG0003772	0	0	0	0	0	0	12	1	13
OG0003773	0	0	0	0	0	0	0	13	13
OG0003774	0	0	0	0	0	0	0	13	13
OG0003775	0	0	0	0	0	0	0	13	13
OG0003776	0	0	0	0	0	0	0	13	13
OG0003777	1	2	2	1	4	0	1	1	12
OG0003778	2	2	1	3	1	1	1	1	12
OG0003779	1	1	2	1	2	2	1	2	12
OG0003780	2	2	1	1	1	1	1	3	12
OG0003781	2	3	2	1	1	1	1	1	12
OG0003782	1	3	2	2	1	1	1	1	12
OG0003783	2	2	2	1	2	1	1	1	12
OG0003784	0	1	4	3	2	2	0	0	12
OG0003785	5	1	1	1	1	1	1	1	12
OG0003786	1	1	3	3	1	1	1	1	12
OG0003787	2	2	2	1	1	2	1	1	12
OG0003788	4	1	2	1	1	1	1	1	12
OG0003789	4	1	3	1	1	1	1	0	12
OG0003790	4	2	1	1	1	2	1	0	12
OG0003791	4	2	1	1	1	1	1	1	12
OG0003792	1	3	1	2	1	1	1	2	12
OG0003793	1	3	1	1	1	1	2	2	12
OG0003794	4	1	2	1	4	0	0	0	12
OG0003795	1	3	3	1	1	1	1	1	12
OG0003796	2	1	1	1	2	2	1	2	12
OG0003797	0	3	1	2	2	2	1	1	12
OG0003798	3	2	1	2	1	1	1	1	12
OG0003799	2	5	1	1	1	0	1	1	12
OG0003800	3	1	2	1	1	1	2	1	12
OG0003801	2	3	1	1	1	1	1	2	12
OG0003802	4	1	1	1	3	1	1	0	12
OG0003803	3	1	2	1	1	1	1	2	12
OG0003804	3	2	2	1	1	1	1	1	12
OG0003805	2	1	3	1	1	2	1	1	12
OG0003806	3	5	1	1	1	1	0	0	12
OG0003807	0	5	1	1	1	2	1	1	12
OG0003808	3	1	2	2	1	1	1	1	12
OG0003809	9	2	0	0	0	1	0	0	12
OG0003810	2	2	5	0	1	1	1	0	12
OG0003811	5	1	3	1	1	1	0	0	12
OG0003812	1	1	3	1	2	1	2	1	12
OG0003813	3	1	1	1	2	1	1	2	12
OG0003814	4	4	1	0	1	1	1	0	12
OG0003815	4	2	1	1	1	1	1	1	12
OG0003816	6	0	1	1	1	1	1	1	12
OG0003817	11	0	0	0	0	1	0	0	12
OG0003818	3	9	0	0	0	0	0	0	12
OG0003819	10	2	0	0	0	0	0	0	12
OG0003820	4	1	2	1	1	1	1	1	12
OG0003821	1	1	2	2	2	2	1	1	12
OG0003822	7	0	1	1	2	0	0	1	12
OG0003823	5	3	3	0	0	0	0	1	12
OG0003824	1	1	2	3	2	1	1	1	12
OG0003825	0	1	7	0	0	0	0	4	12
OG0003826	2	2	1	2	1	1	1	2	12
OG0003827	4	2	1	1	1	1	1	1	12
OG0003828	4	1	1	2	1	1	1	1	12
OG0003829	4	6	0	0	0	2	0	0	12
OG0003830	2	2	1	1	1	2	1	2	12
OG0003831	4	1	1	1	2	1	1	1	12
OG0003832	5	2	0	1	1	1	1	1	12
OG0003833	3	2	1	1	1	1	1	2	12
OG0003834	4	2	2	1	1	0	1	1	12
OG0003835	5	1	1	1	1	1	1	1	12
OG0003836	4	1	1	1	1	1	1	2	12
OG0003837	0	3	1	2	2	2	1	1	12
OG0003838	3	1	1	1	1	1	1	3	12
OG0003839	2	4	1	1	1	1	1	1	12
OG0003840	2	5	2	1	1	1	0	0	12
OG0003841	5	1	1	1	1	1	1	1	12
OG0003842	4	2	1	1	1	1	1	1	12
OG0003843	4	1	1	1	3	1	1	0	12
OG0003844	1	1	2	1	2	2	2	1	12
OG0003845	10	2	0	0	0	0	0	0	12
OG0003846	4	3	1	1	1	1	1	0	12
OG0003847	5	1	1	1	1	1	1	1	12
OG0003848	4	2	1	1	1	2	1	0	12
OG0003849	3	3	1	1	1	1	1	1	12
OG0003850	6	1	2	1	1	1	0	0	12
OG0003851	4	1	2	1	1	1	1	1	12
OG0003852	1	2	1	1	4	1	1	1	12
OG0003853	1	5	1	1	1	1	1	1	12
OG0003854	3	1	1	1	1	1	3	1	12
OG0003855	1	3	1	0	2	3	2	0	12
OG0003856	11	0	0	1	0	0	0	0	12
OG0003857	1	2	1	1	2	2	2	1	12
OG0003858	1	2	3	1	1	2	1	1	12
OG0003859	4	4	2	0	1	1	0	0	12
OG0003860	4	2	1	1	1	1	1	1	12
OG0003861	3	3	1	1	1	1	1	1	12
OG0003862	5	1	1	1	1	1	1	1	12
OG0003863	4	2	1	1	2	2	0	0	12
OG0003864	0	3	0	1	2	2	2	2	12
OG0003865	4	1	2	1	1	1	1	1	12
OG0003866	5	1	1	1	1	1	1	1	12
OG0003867	3	2	3	0	1	1	1	1	12
OG0003868	5	1	1	1	1	1	1	1	12
OG0003869	7	1	0	0	1	1	1	1	12
OG0003870	0	0	1	0	1	1	8	1	12
OG0003871	2	3	1	1	1	2	1	1	12
OG0003872	6	1	1	1	1	1	1	0	12
OG0003873	3	1	1	0	2	3	1	1	12
OG0003874	3	3	1	1	1	1	1	1	12
OG0003875	3	3	1	0	0	1	4	0	12
OG0003876	3	5	1	0	0	1	1	1	12
OG0003877	3	2	2	1	1	1	1	1	12
OG0003878	5	0	2	1	1	1	1	1	12
OG0003879	1	2	1	1	3	1	1	2	12
OG0003880	2	3	2	0	0	1	0	4	12
OG0003881	4	2	0	1	1	1	1	2	12
OG0003882	1	2	1	1	4	1	1	1	12
OG0003883	1	1	2	1	1	2	2	2	12
OG0003884	1	2	2	2	2	1	1	1	12
OG0003885	1	1	3	1	1	1	2	2	12
OG0003886	1	2	3	1	1	2	1	1	12
OG0003887	6	1	1	1	1	0	1	1	12
OG0003888	1	0	3	1	3	2	1	1	12
OG0003889	1	2	2	1	1	3	2	0	12
OG0003890	3	2	1	2	1	1	1	1	12
OG0003891	1	1	3	1	2	2	1	1	12
OG0003892	3	3	1	1	1	1	1	1	12
OG0003893	2	3	0	0	1	1	5	0	12
OG0003894	2	1	2	1	2	2	1	1	12
OG0003895	3	1	2	2	1	1	1	1	12
OG0003896	1	2	1	1	2	2	2	1	12
OG0003897	2	1	2	2	1	2	1	1	12
OG0003898	2	1	2	2	1	2	1	1	12
OG0003899	4	1	2	1	1	1	1	1	12
OG0003900	2	2	2	1	1	1	1	2	12
OG0003901	4	1	1	1	1	1	1	2	12
OG0003902	1	1	2	1	1	1	2	3	12
OG0003903	2	3	1	1	1	1	1	2	12
OG0003904	5	2	1	1	1	1	1	0	12
OG0003905	1	4	1	1	1	2	1	1	12
OG0003906	2	4	2	1	1	2	0	0	12
OG0003907	1	1	2	2	1	2	1	2	12
OG0003908	4	1	1	1	1	2	1	1	12
OG0003909	5	3	1	0	1	1	1	0	12
OG0003910	3	3	1	1	2	1	1	0	12
OG0003911	3	2	1	2	1	1	1	1	12
OG0003912	1	3	2	1	1	1	2	1	12
OG0003913	5	1	1	1	1	1	1	1	12
OG0003914	1	1	1	0	1	1	1	6	12
OG0003915	2	2	1	1	2	2	2	0	12
OG0003916	6	1	1	1	1	1	1	0	12
OG0003917	5	1	1	1	1	1	1	1	12
OG0003918	1	6	1	0	1	1	1	1	12
OG0003919	2	1	1	4	1	1	1	1	12
OG0003920	4	1	1	1	1	1	2	1	12
OG0003921	1	1	1	1	5	1	1	1	12
OG0003922	2	1	0	2	2	2	2	1	12
OG0003923	2	2	1	1	1	2	1	2	12
OG0003924	3	2	1	1	1	1	1	2	12
OG0003925	3	2	1	1	1	1	1	2	12
OG0003926	2	1	1	2	1	1	1	3	12
OG0003927	3	2	2	1	1	1	1	1	12
OG0003928	2	1	2	1	1	2	2	1	12
OG0003929	6	0	1	1	1	1	1	1	12
OG0003930	3	2	1	1	1	1	1	2	12
OG0003931	2	2	1	1	1	3	1	1	12
OG0003932	4	1	1	2	1	1	1	1	12
OG0003933	2	4	1	1	1	1	1	1	12
OG0003934	1	1	2	2	1	1	1	3	12
OG0003935	6	2	1	0	1	1	1	0	12
OG0003936	4	2	1	1	1	1	1	1	12
OG0003937	4	1	1	1	1	2	1	1	12
OG0003938	5	1	1	1	1	1	1	1	12
OG0003939	4	2	2	1	1	1	1	0	12
OG0003940	5	1	1	1	1	1	1	1	12
OG0003941	4	1	1	2	1	1	1	1	12
OG0003942	3	2	2	1	1	1	1	1	12
OG0003943	5	1	1	1	1	1	1	1	12
OG0003944	1	2	2	1	1	2	2	1	12
OG0003945	2	2	1	1	2	2	1	1	12
OG0003946	4	1	1	1	1	1	1	2	12
OG0003947	4	1	2	1	1	1	1	1	12
OG0003948	5	1	1	1	1	1	1	1	12
OG0003949	1	1	2	1	1	3	1	2	12
OG0003950	4	2	1	1	1	1	1	1	12
OG0003951	1	3	2	1	2	2	0	1	12
OG0003952	1	1	2	2	1	1	2	2	12
OG0003953	3	3	1	1	1	1	1	1	12
OG0003954	4	2	1	1	1	1	1	1	12
OG0003955	5	2	1	0	1	0	1	2	12
OG0003956	4	1	1	1	2	1	1	1	12
OG0003957	1	3	0	1	2	2	2	1	12
OG0003958	2	1	1	2	2	2	1	1	12
OG0003959	2	1	2	1	1	1	1	3	12
OG0003960	4	1	1	1	1	2	1	1	12
OG0003961	5	1	1	1	1	1	1	1	12
OG0003962	2	2	1	1	1	1	3	1	12
OG0003963	4	1	2	1	1	1	1	1	12
OG0003964	4	2	1	1	1	1	1	1	12
OG0003965	1	1	2	2	2	2	1	1	12
OG0003966	1	2	3	1	1	2	1	1	12
OG0003967	1	1	0	0	8	1	1	0	12
OG0003968	3	0	2	2	1	2	2	0	12
OG0003969	4	1	1	1	1	1	1	2	12
OG0003970	4	1	1	1	1	2	1	1	12
OG0003971	5	1	1	1	1	1	1	1	12
OG0003972	4	2	1	1	1	1	1	1	12
OG0003973	4	2	1	1	1	1	1	1	12
OG0003974	1	1	1	2	2	2	2	1	12
OG0003975	5	1	1	1	1	1	1	1	12
OG0003976	4	2	1	1	1	1	1	1	12
OG0003977	11	1	0	0	0	0	0	0	12
OG0003978	2	3	1	3	1	1	1	0	12
OG0003979	1	4	1	1	1	2	1	1	12
OG0003980	1	3	1	1	1	2	1	2	12
OG0003981	4	2	1	1	1	1	1	1	12
OG0003982	4	1	1	2	1	1	1	1	12
OG0003983	5	1	1	1	1	1	1	1	12
OG0003984	0	3	3	1	1	2	1	1	12
OG0003985	3	1	2	1	1	1	1	2	12
OG0003986	4	2	2	1	1	1	1	0	12
OG0003987	6	0	1	1	1	1	1	1	12
OG0003988	4	1	1	1	2	1	1	1	12
OG0003989	3	2	2	0	1	1	1	2	12
OG0003990	6	0	1	2	1	1	1	0	12
OG0003991	2	2	1	1	3	1	1	1	12
OG0003992	2	2	3	1	2	2	0	0	12
OG0003993	1	1	1	1	1	1	1	5	12
OG0003994	4	2	2	1	1	1	1	0	12
OG0003995	3	2	2	2	1	2	0	0	12
OG0003996	1	3	0	1	2	3	2	0	12
OG0003997	2	2	2	1	2	2	1	0	12
OG0003998	3	2	1	1	1	2	1	1	12
OG0003999	3	3	0	1	1	2	1	1	12
OG0004000	1	5	0	1	1	3	0	1	12
OG0004001	5	1	1	1	1	1	1	1	12
OG0004002	3	1	2	1	1	1	1	2	12
OG0004003	2	2	1	3	1	1	1	1	12
OG0004004	3	1	1	1	1	1	1	3	12
OG0004005	2	2	1	1	2	3	1	0	12
OG0004006	4	2	1	1	1	1	1	1	12
OG0004007	2	2	3	1	1	1	1	1	12
OG0004008	2	1	2	1	2	2	2	0	12
OG0004009	2	1	1	2	1	2	1	2	12
OG0004010	2	4	1	1	1	1	1	1	12
OG0004011	1	5	1	1	1	1	1	1	12
OG0004012	1	2	1	2	1	2	1	2	12
OG0004013	5	1	1	1	1	1	1	1	12
OG0004014	5	1	0	1	1	1	1	2	12
OG0004015	5	1	1	1	1	1	1	1	12
OG0004016	2	1	1	1	1	1	2	3	12
OG0004017	1	1	2	1	2	2	1	2	12
OG0004018	7	3	0	0	0	0	1	1	12
OG0004019	4	1	1	1	2	1	1	1	12
OG0004020	4	1	1	2	1	1	1	1	12
OG0004021	3	2	1	0	1	1	1	3	12
OG0004022	5	1	1	2	0	1	1	1	12
OG0004023	3	2	2	1	1	1	1	1	12
OG0004024	3	1	1	2	2	1	1	1	12
OG0004025	5	1	1	1	1	1	1	1	12
OG0004026	1	0	2	2	2	3	1	1	12
OG0004027	5	1	1	1	1	1	1	1	12
OG0004028	3	3	1	1	1	1	1	1	12
OG0004029	3	1	2	1	1	1	1	2	12
OG0004030	3	4	0	0	1	3	1	0	12
OG0004031	2	2	1	1	1	1	1	3	12
OG0004032	4	1	1	1	1	1	1	2	12
OG0004033	2	3	0	1	2	2	2	0	12
OG0004034	5	1	1	1	1	1	1	1	12
OG0004035	1	2	2	1	2	2	1	1	12
OG0004036	7	0	1	0	1	1	1	1	12
OG0004037	5	1	1	1	1	1	1	1	12
OG0004038	2	1	2	1	3	1	1	1	12
OG0004039	3	5	1	0	1	1	1	0	12
OG0004040	4	2	1	1	1	1	1	1	12
OG0004041	2	1	1	2	3	1	1	1	12
OG0004042	4	1	1	1	1	1	1	2	12
OG0004043	4	1	2	1	1	1	1	1	12
OG0004044	12	0	0	0	0	0	0	0	12
OG0004045	4	2	1	1	1	1	1	1	12
OG0004046	4	1	2	1	1	1	1	1	12
OG0004047	1	1	1	2	1	1	1	4	12
OG0004048	4	1	1	2	1	1	1	1	12
OG0004049	4	1	1	1	1	1	1	2	12
OG0004050	2	2	2	1	1	1	1	2	12
OG0004051	2	1	2	1	1	2	1	2	12
OG0004052	4	1	1	2	1	1	1	1	12
OG0004053	1	4	1	2	2	2	0	0	12
OG0004054	3	2	1	1	2	1	1	1	12
OG0004055	5	1	1	0	2	1	1	1	12
OG0004056	2	4	1	1	1	1	1	1	12
OG0004057	5	1	1	1	1	1	1	1	12
OG0004058	3	2	1	2	1	1	1	1	12
OG0004059	3	3	1	1	1	1	1	1	12
OG0004060	12	0	0	0	0	0	0	0	12
OG0004061	4	1	1	1	1	1	1	2	12
OG0004062	3	3	1	1	1	1	1	1	12
OG0004063	5	1	1	1	1	1	1	1	12
OG0004064	4	2	1	1	1	1	1	1	12
OG0004065	5	2	1	1	1	0	1	1	12
OG0004066	12	0	0	0	0	0	0	0	12
OG0004067	5	1	2	2	1	1	0	0	12
OG0004068	1	2	2	1	1	1	1	3	12
OG0004069	5	1	1	1	1	1	1	1	12
OG0004070	5	1	1	1	1	1	1	1	12
OG0004071	4	2	1	0	1	2	1	1	12
OG0004072	2	2	2	1	1	2	1	1	12
OG0004073	3	1	2	1	1	1	1	2	12
OG0004074	2	1	1	3	2	1	1	1	12
OG0004075	5	2	1	0	1	1	1	1	12
OG0004076	3	2	1	1	1	2	1	1	12
OG0004077	2	2	1	2	2	1	1	1	12
OG0004078	3	2	1	1	2	1	1	1	12
OG0004079	3	3	1	1	1	1	1	1	12
OG0004080	2	2	1	1	1	2	1	2	12
OG0004081	5	1	1	1	1	1	1	1	12
OG0004082	2	3	2	1	1	1	1	1	12
OG0004083	2	2	1	0	3	2	2	0	12
OG0004084	1	4	2	1	1	1	1	1	12
OG0004085	1	1	2	1	2	1	2	2	12
OG0004086	3	1	2	1	1	1	1	2	12
OG0004087	5	1	1	1	1	1	1	1	12
OG0004088	2	3	1	1	1	1	1	2	12
OG0004089	5	1	1	1	1	1	1	1	12
OG0004090	5	1	1	1	1	1	1	1	12
OG0004091	4	2	1	1	1	1	1	1	12
OG0004092	4	2	1	1	1	1	1	1	12
OG0004093	2	2	1	1	3	1	1	1	12
OG0004094	4	1	1	2	1	1	1	1	12
OG0004095	5	3	0	1	1	1	1	0	12
OG0004096	1	5	1	1	1	1	1	1	12
OG0004097	4	2	1	1	2	2	0	0	12
OG0004098	1	4	1	2	1	1	1	1	12
OG0004099	1	1	2	1	3	2	1	1	12
OG0004100	4	2	1	1	1	1	1	1	12
OG0004101	4	2	1	1	1	1	1	1	12
OG0004102	3	1	0	3	1	1	1	2	12
OG0004103	12	0	0	0	0	0	0	0	12
OG0004104	3	1	1	2	1	1	2	1	12
OG0004105	3	1	3	1	1	1	1	1	12
OG0004106	2	10	0	0	0	0	0	0	12
OG0004107	1	4	2	1	1	1	1	1	12
OG0004108	2	3	1	2	1	1	1	1	12
OG0004109	1	4	3	1	2	1	0	0	12
OG0004110	1	2	0	1	2	2	2	2	12
OG0004111	4	1	2	1	1	1	1	1	12
OG0004112	1	3	0	1	2	1	2	2	12
OG0004113	4	2	1	1	1	1	1	1	12
OG0004114	4	2	1	1	1	1	1	1	12
OG0004115	12	0	0	0	0	0	0	0	12
OG0004116	1	1	0	1	5	3	1	0	12
OG0004117	3	2	1	1	1	1	1	2	12
OG0004118	5	1	1	1	1	1	1	1	12
OG0004119	1	1	1	5	1	1	1	1	12
OG0004120	1	1	1	1	2	1	1	4	12
OG0004121	3	2	2	1	1	1	1	1	12
OG0004122	2	1	2	1	1	1	1	3	12
OG0004123	3	3	1	1	1	1	1	1	12
OG0004124	1	2	2	1	1	2	2	1	12
OG0004125	2	4	1	1	1	1	1	1	12
OG0004126	3	3	1	1	1	1	1	1	12
OG0004127	5	1	1	1	1	1	1	1	12
OG0004128	2	2	1	2	2	1	1	1	12
OG0004129	4	2	1	1	1	1	1	1	12
OG0004130	2	3	1	0	2	1	1	2	12
OG0004131	1	3	1	1	1	1	2	2	12
OG0004132	3	1	1	1	1	1	1	3	12
OG0004133	12	0	0	0	0	0	0	0	12
OG0004134	2	1	3	1	1	1	1	2	12
OG0004135	7	1	1	0	1	1	1	0	12
OG0004136	12	0	0	0	0	0	0	0	12
OG0004137	3	2	1	1	1	1	1	2	12
OG0004138	11	1	0	0	0	0	0	0	12
OG0004139	5	1	1	1	1	1	1	1	12
OG0004140	4	1	2	1	1	1	1	1	12
OG0004141	4	2	1	1	1	1	1	1	12
OG0004142	5	1	1	1	1	1	1	1	12
OG0004143	4	2	1	1	1	1	1	1	12
OG0004144	3	2	1	1	1	1	1	2	12
OG0004145	2	2	2	1	1	1	1	2	12
OG0004146	4	2	1	1	1	1	1	1	12
OG0004147	1	2	1	2	1	2	1	2	12
OG0004148	2	4	1	1	1	1	1	1	12
OG0004149	1	5	1	1	1	1	1	1	12
OG0004150	1	1	2	2	1	1	1	3	12
OG0004151	2	4	1	1	1	1	1	1	12
OG0004152	12	0	0	0	0	0	0	0	12
OG0004153	5	1	1	1	1	1	1	1	12
OG0004154	4	2	1	1	1	1	1	1	12
OG0004155	5	1	1	1	1	1	1	1	12
OG0004156	4	2	1	1	1	1	1	1	12
OG0004157	3	2	1	1	2	1	1	1	12
OG0004158	3	3	1	1	1	1	1	1	12
OG0004159	12	0	0	0	0	0	0	0	12
OG0004160	3	1	2	1	1	1	2	1	12
OG0004161	3	3	1	0	1	1	1	2	12
OG0004162	4	1	2	1	1	1	1	1	12
OG0004163	1	0	2	1	2	1	1	4	12
OG0004164	5	1	1	1	1	1	1	1	12
OG0004165	5	1	1	1	1	1	1	1	12
OG0004166	3	1	1	1	1	1	1	3	12
OG0004167	3	2	2	1	1	1	1	1	12
OG0004168	3	1	1	1	1	3	1	1	12
OG0004169	1	5	1	1	1	1	1	1	12
OG0004170	7	1	1	1	1	1	0	0	12
OG0004171	1	11	0	0	0	0	0	0	12
OG0004172	1	2	2	1	1	1	2	2	12
OG0004173	1	2	1	2	1	2	1	2	12
OG0004174	4	1	1	2	1	1	1	1	12
OG0004175	3	1	3	1	1	1	1	1	12
OG0004176	4	1	2	1	1	1	1	1	12
OG0004177	2	3	1	1	1	1	1	2	12
OG0004178	2	3	1	1	1	2	1	1	12
OG0004179	4	2	1	1	1	1	1	1	12
OG0004180	12	0	0	0	0	0	0	0	12
OG0004181	5	1	1	1	1	1	1	1	12
OG0004182	5	1	1	1	1	1	1	1	12
OG0004183	6	1	1	2	1	1	0	0	12
OG0004184	1	4	1	2	1	1	1	1	12
OG0004185	5	1	1	1	1	1	1	1	12
OG0004186	5	1	1	1	1	1	1	1	12
OG0004187	3	4	1	1	1	1	1	0	12
OG0004188	4	1	1	1	2	1	1	1	12
OG0004189	3	3	1	1	1	1	1	1	12
OG0004190	2	3	1	1	1	1	1	2	12
OG0004191	2	2	2	2	1	1	1	1	12
OG0004192	1	7	1	1	1	1	0	0	12
OG0004193	12	0	0	0	0	0	0	0	12
OG0004194	2	3	1	2	1	1	1	1	12
OG0004195	6	1	1	1	1	1	1	0	12
OG0004196	1	2	1	2	2	1	2	1	12
OG0004197	12	0	0	0	0	0	0	0	12
OG0004198	3	0	0	0	2	0	7	0	12
OG0004199	1	0	0	0	3	1	7	0	12
OG0004200	1	2	2	2	1	2	1	1	12
OG0004201	2	1	2	1	3	1	1	1	12
OG0004202	1	1	1	1	1	1	1	5	12
OG0004203	2	2	2	1	1	2	1	1	12
OG0004204	2	4	1	1	1	1	1	1	12
OG0004205	3	2	1	1	1	2	1	1	12
OG0004206	3	1	1	2	1	2	1	1	12
OG0004207	3	2	1	1	1	2	1	1	12
OG0004208	3	3	1	1	1	1	1	1	12
OG0004209	6	2	1	1	1	1	0	0	12
OG0004210	3	2	1	2	1	1	1	1	12
OG0004211	2	1	1	1	1	2	1	3	12
OG0004212	1	2	2	1	1	1	1	3	12
OG0004213	1	1	2	1	3	2	1	1	12
OG0004214	5	1	1	1	1	1	1	1	12
OG0004215	5	1	1	1	1	1	1	1	12
OG0004216	4	2	1	1	1	1	1	1	12
OG0004217	3	1	2	1	1	1	1	2	12
OG0004218	2	3	1	1	1	2	1	1	12
OG0004219	1	2	2	1	1	1	1	3	12
OG0004220	1	1	1	1	1	3	2	2	12
OG0004221	5	1	1	1	1	1	1	1	12
OG0004222	4	1	1	1	1	1	1	2	12
OG0004223	3	1	2	1	1	1	1	2	12
OG0004224	1	2	2	3	1	1	1	1	12
OG0004225	4	3	1	0	1	1	1	1	12
OG0004226	2	2	1	1	2	1	1	2	12
OG0004227	4	1	0	2	1	2	1	1	12
OG0004228	5	1	1	1	1	1	1	1	12
OG0004229	3	2	1	1	1	2	1	1	12
OG0004230	5	1	1	1	1	1	1	1	12
OG0004231	2	1	2	2	1	1	1	2	12
OG0004232	3	1	1	2	1	1	1	2	12
OG0004233	1	2	2	1	3	2	1	0	12
OG0004234	4	2	1	1	1	1	1	1	12
OG0004235	1	5	1	1	1	1	1	1	12
OG0004236	2	2	2	2	1	1	1	1	12
OG0004237	3	1	1	1	3	1	1	1	12
OG0004238	5	1	1	1	1	1	1	1	12
OG0004239	3	1	0	0	1	3	1	3	12
OG0004240	5	1	1	1	1	1	1	1	12
OG0004241	1	3	2	1	1	2	1	1	12
OG0004242	4	1	1	1	1	1	1	2	12
OG0004243	3	1	1	1	1	1	3	1	12
OG0004244	1	1	1	1	1	1	1	5	12
OG0004245	2	2	3	1	0	1	1	2	12
OG0004246	5	2	0	1	1	1	1	1	12
OG0004247	5	1	1	1	1	1	1	1	12
OG0004248	1	2	1	1	1	2	1	3	12
OG0004249	2	1	1	2	2	2	1	1	12
OG0004250	5	1	1	1	1	1	1	1	12
OG0004251	4	2	1	1	1	1	1	1	12
OG0004252	1	4	1	2	1	1	1	1	12
OG0004253	7	1	1	1	1	1	0	0	12
OG0004254	2	1	2	1	1	1	1	3	12
OG0004255	5	1	1	1	1	1	1	1	12
OG0004256	2	2	2	1	1	2	1	1	12
OG0004257	2	3	1	0	1	1	1	3	12
OG0004258	4	1	2	1	1	1	1	1	12
OG0004259	2	3	2	1	1	0	2	1	12
OG0004260	5	1	1	1	1	1	1	1	12
OG0004261	5	1	1	1	1	1	1	1	12
OG0004262	2	8	0	0	1	0	1	0	12
OG0004263	3	1	1	3	1	1	1	1	12
OG0004264	2	2	1	3	1	1	1	1	12
OG0004265	3	2	1	1	1	1	1	2	12
OG0004266	2	1	2	2	1	1	1	2	12
OG0004267	3	1	1	2	1	2	1	1	12
OG0004268	4	3	0	0	2	1	1	1	12
OG0004269	5	1	1	1	1	1	1	1	12
OG0004270	2	2	1	2	1	1	2	1	12
OG0004271	7	1	0	1	1	1	1	0	12
OG0004272	5	1	1	1	1	1	1	1	12
OG0004273	5	1	1	1	1	1	1	1	12
OG0004274	5	2	0	1	1	1	1	1	12
OG0004275	1	2	2	1	1	1	2	2	12
OG0004276	2	4	0	0	2	2	2	0	12
OG0004277	3	2	1	2	1	1	1	1	12
OG0004278	5	1	1	1	1	1	1	1	12
OG0004279	6	0	0	6	0	0	0	0	12
OG0004280	6	1	1	1	1	1	1	0	12
OG0004281	1	1	3	1	1	1	1	3	12
OG0004282	6	0	1	1	1	1	1	1	12
OG0004283	2	4	1	1	1	1	1	1	12
OG0004284	3	2	2	0	2	1	1	1	12
OG0004285	5	1	1	1	1	1	1	1	12
OG0004286	5	1	1	1	1	1	1	1	12
OG0004287	4	2	1	1	1	1	1	1	12
OG0004288	4	2	1	1	1	1	1	1	12
OG0004289	1	2	1	1	1	4	1	1	12
OG0004290	2	4	1	1	1	1	1	1	12
OG0004291	2	2	1	2	1	2	1	1	12
OG0004292	3	1	3	1	1	1	1	1	12
OG0004293	3	2	1	2	1	1	1	1	12
OG0004294	3	3	1	1	1	1	1	1	12
OG0004295	3	1	3	1	1	1	1	1	12
OG0004296	4	1	1	2	1	1	1	1	12
OG0004297	4	2	1	1	1	1	1	1	12
OG0004298	1	1	1	3	1	1	1	3	12
OG0004299	2	3	1	1	1	2	1	1	12
OG0004300	7	1	0	0	1	1	1	1	12
OG0004301	5	1	1	1	1	1	1	1	12
OG0004302	1	1	3	1	1	1	1	3	12
OG0004303	2	2	2	2	2	1	0	1	12
OG0004304	5	1	1	1	1	1	1	1	12
OG0004305	2	1	1	1	4	1	1	1	12
OG0004306	4	1	2	1	1	1	1	1	12
OG0004307	4	2	1	1	1	1	1	1	12
OG0004308	7	2	0	0	1	1	1	0	12
OG0004309	3	2	3	1	1	2	0	0	12
OG0004310	4	2	1	1	1	1	1	1	12
OG0004311	2	2	2	1	1	1	1	2	12
OG0004312	4	2	1	1	1	1	1	1	12
OG0004313	7	1	0	1	1	1	1	0	12
OG0004314	4	1	1	1	1	1	1	2	12
OG0004315	2	2	1	2	1	1	1	2	12
OG0004316	1	4	1	1	1	1	1	2	12
OG0004317	2	2	2	1	1	1	1	2	12
OG0004318	2	4	1	1	1	1	1	1	12
OG0004319	8	1	1	0	0	1	0	1	12
OG0004320	3	1	1	1	1	1	1	3	12
OG0004321	4	1	1	2	1	1	1	1	12
OG0004322	1	5	0	2	2	1	0	1	12
OG0004323	4	1	1	2	1	2	0	1	12
OG0004324	1	2	1	1	1	2	1	3	12
OG0004325	1	2	1	2	1	2	1	2	12
OG0004326	2	4	1	1	1	1	1	1	12
OG0004327	4	1	1	1	1	1	1	2	12
OG0004328	5	1	1	1	1	1	1	1	12
OG0004329	4	2	1	1	1	1	1	1	12
OG0004330	1	4	1	1	1	1	1	2	12
OG0004331	3	2	2	1	1	1	1	1	12
OG0004332	2	2	1	1	2	2	1	1	12
OG0004333	1	1	2	2	1	2	1	2	12
OG0004334	1	1	4	1	1	1	1	2	12
OG0004335	4	2	1	1	1	1	1	1	12
OG0004336	2	1	3	1	1	1	1	2	12
OG0004337	5	1	1	1	1	1	1	1	12
OG0004338	5	1	1	1	1	1	1	1	12
OG0004339	4	2	1	1	1	1	1	1	12
OG0004340	1	3	1	1	2	1	2	1	12
OG0004341	2	3	1	1	2	1	1	1	12
OG0004342	3	2	1	1	2	1	1	1	12
OG0004343	5	1	1	1	1	1	1	1	12
OG0004344	4	1	2	1	1	1	1	1	12
OG0004345	6	1	1	0	1	1	1	1	12
OG0004346	5	1	1	1	1	1	1	1	12
OG0004347	3	2	1	1	1	1	1	2	12
OG0004348	3	2	1	1	1	2	1	1	12
OG0004349	2	1	3	1	1	1	1	2	12
OG0004350	4	2	1	1	1	1	1	1	12
OG0004351	1	5	1	1	1	1	1	1	12
OG0004352	6	1	1	0	1	1	1	1	12
OG0004353	1	3	2	2	1	1	2	0	12
OG0004354	5	1	1	1	1	1	1	1	12
OG0004355	2	3	0	1	1	1	2	2	12
OG0004356	1	2	1	1	1	1	4	1	12
OG0004357	3	2	2	1	1	0	1	2	12
OG0004358	4	2	1	1	1	1	1	1	12
OG0004359	3	1	2	1	2	1	1	1	12
OG0004360	2	1	2	2	1	1	1	2	12
OG0004361	1	2	1	1	4	1	1	1	12
OG0004362	6	1	1	0	1	1	1	1	12
OG0004363	1	3	2	1	1	1	1	2	12
OG0004364	2	1	1	1	3	2	1	1	12
OG0004365	3	1	1	1	1	1	1	3	12
OG0004366	2	2	2	1	2	1	1	1	12
OG0004367	1	1	2	2	1	1	1	3	12
OG0004368	4	1	2	2	1	0	1	1	12
OG0004369	3	2	1	2	1	1	1	1	12
OG0004370	3	1	1	2	1	2	1	1	12
OG0004371	1	1	3	1	1	1	2	2	12
OG0004372	2	2	1	1	1	1	1	3	12
OG0004373	3	2	1	1	1	1	1	2	12
OG0004374	2	2	2	1	1	1	1	2	12
OG0004375	4	1	2	1	1	1	1	1	12
OG0004376	4	2	1	1	1	1	1	1	12
OG0004377	5	1	1	0	1	1	1	2	12
OG0004378	1	2	2	1	2	2	2	0	12
OG0004379	1	2	1	1	2	1	2	2	12
OG0004380	5	1	1	1	1	1	1	1	12
OG0004381	4	1	1	1	2	1	1	1	12
OG0004382	1	2	1	1	1	1	4	1	12
OG0004383	5	1	1	1	1	1	1	1	12
OG0004384	3	3	1	1	1	1	1	1	12
OG0004385	4	2	1	1	1	1	1	1	12
OG0004386	1	1	3	1	1	1	1	3	12
OG0004387	1	2	1	1	2	2	1	2	12
OG0004388	2	2	2	2	1	1	1	1	12
OG0004389	3	1	3	1	1	1	1	1	12
OG0004390	4	1	2	1	1	1	1	1	12
OG0004391	3	1	2	1	1	1	1	2	12
OG0004392	3	1	2	1	1	1	2	1	12
OG0004393	5	1	1	1	1	1	1	1	12
OG0004394	3	3	1	1	1	1	1	1	12
OG0004395	4	2	1	1	1	1	1	1	12
OG0004396	1	1	1	5	1	1	1	1	12
OG0004397	1	3	2	1	1	1	1	2	12
OG0004398	3	1	1	1	1	1	1	3	12
OG0004399	3	3	1	1	1	1	1	1	12
OG0004400	1	2	2	1	2	2	1	1	12
OG0004401	4	1	1	1	1	2	1	1	12
OG0004402	5	1	1	1	1	1	1	1	12
OG0004403	2	4	1	1	1	1	1	1	12
OG0004404	3	2	1	1	1	2	1	1	12
OG0004405	5	1	1	1	1	1	1	1	12
OG0004406	5	1	1	1	1	1	1	1	12
OG0004407	2	1	1	1	3	1	2	1	12
OG0004408	4	1	1	1	1	2	1	1	12
OG0004409	2	1	1	1	1	1	2	3	12
OG0004410	4	1	2	1	1	1	1	1	12
OG0004411	5	1	1	1	1	1	1	1	12
OG0004412	2	1	1	2	1	1	1	3	12
OG0004413	12	0	0	0	0	0	0	0	12
OG0004414	3	1	2	1	1	1	1	2	12
OG0004415	5	1	1	1	1	1	1	1	12
OG0004416	1	1	1	1	1	1	1	5	12
OG0004417	3	1	1	1	1	1	2	2	12
OG0004418	3	1	1	1	1	1	1	3	12
OG0004419	6	1	0	1	1	1	1	1	12
OG0004420	1	1	4	1	1	1	1	2	12
OG0004421	5	1	1	1	1	1	1	1	12
OG0004422	5	1	1	1	1	1	1	1	12
OG0004423	5	1	1	1	1	1	1	1	12
OG0004424	4	1	1	1	1	2	1	1	12
OG0004425	1	1	1	1	2	1	2	3	12
OG0004426	4	1	1	1	2	1	1	1	12
OG0004427	2	2	2	1	1	2	1	1	12
OG0004428	4	1	2	1	1	1	1	1	12
OG0004429	2	2	1	1	1	1	1	3	12
OG0004430	3	3	1	1	1	1	1	1	12
OG0004431	4	1	1	1	1	1	1	2	12
OG0004432	7	1	1	0	0	1	1	1	12
OG0004433	1	1	2	2	2	2	1	1	12
OG0004434	1	2	2	4	1	1	1	0	12
OG0004435	4	2	1	1	1	1	1	1	12
OG0004436	5	1	1	1	1	1	1	1	12
OG0004437	5	1	1	1	1	1	1	1	12
OG0004438	3	2	1	1	1	1	1	2	12
OG0004439	3	2	1	1	1	1	1	2	12
OG0004440	3	1	1	1	1	1	2	2	12
OG0004441	2	3	1	1	1	2	1	1	12
OG0004442	1	1	2	1	1	1	1	4	12
OG0004443	3	1	1	1	1	2	1	2	12
OG0004444	1	2	1	1	2	2	2	1	12
OG0004445	2	2	2	2	2	2	0	0	12
OG0004446	2	2	2	1	1	1	1	2	12
OG0004447	4	2	1	1	1	1	1	1	12
OG0004448	4	1	1	2	1	1	1	1	12
OG0004449	1	2	1	1	1	2	1	3	12
OG0004450	1	3	2	1	1	1	1	2	12
OG0004451	4	2	1	1	1	1	1	1	12
OG0004452	4	1	2	1	1	1	1	1	12
OG0004453	4	2	0	1	1	1	2	1	12
OG0004454	2	2	3	1	1	1	1	1	12
OG0004455	1	1	4	1	1	1	1	2	12
OG0004456	4	1	1	1	1	1	1	2	12
OG0004457	1	4	2	1	1	1	1	1	12
OG0004458	2	2	2	1	1	2	1	1	12
OG0004459	4	2	2	1	1	1	1	0	12
OG0004460	2	1	1	3	4	1	0	0	12
OG0004461	2	1	1	1	1	1	1	4	12
OG0004462	5	1	1	1	1	1	1	1	12
OG0004463	1	2	2	1	2	2	1	1	12
OG0004464	2	1	2	1	2	2	1	1	12
OG0004465	4	1	1	1	2	1	1	1	12
OG0004466	4	2	1	1	1	1	1	1	12
OG0004467	3	1	1	1	1	3	1	1	12
OG0004468	4	2	1	1	1	1	1	1	12
OG0004469	5	1	1	1	1	1	1	1	12
OG0004470	3	1	1	1	1	3	1	1	12
OG0004471	1	1	2	0	1	1	1	5	12
OG0004472	2	1	0	1	2	2	2	2	12
OG0004473	5	1	1	1	1	1	1	1	12
OG0004474	3	2	2	1	1	1	1	1	12
OG0004475	4	1	1	1	1	1	2	1	12
OG0004476	2	3	1	1	1	1	1	2	12
OG0004477	5	1	1	1	1	1	1	1	12
OG0004478	2	2	2	0	1	1	1	3	12
OG0004479	2	3	1	1	1	1	1	2	12
OG0004480	4	2	1	1	1	1	1	1	12
OG0004481	3	1	1	2	1	2	1	1	12
OG0004482	3	1	3	1	1	1	1	1	12
OG0004483	5	1	1	1	1	1	1	1	12
OG0004484	2	1	2	1	1	1	1	3	12
OG0004485	3	1	1	4	0	0	0	3	12
OG0004486	1	1	3	1	1	1	1	3	12
OG0004487	2	1	2	1	1	1	1	3	12
OG0004488	3	1	2	1	1	2	1	1	12
OG0004489	2	4	1	1	1	1	1	1	12
OG0004490	2	1	4	1	1	1	1	1	12
OG0004491	4	2	1	1	1	1	1	1	12
OG0004492	1	3	1	1	3	1	1	1	12
OG0004493	5	1	1	1	1	2	1	0	12
OG0004494	5	1	1	1	1	1	1	1	12
OG0004495	4	1	2	1	1	1	1	1	12
OG0004496	3	1	4	1	1	1	0	1	12
OG0004497	2	1	3	2	1	1	1	1	12
OG0004498	3	3	1	1	1	1	1	1	12
OG0004499	4	1	1	1	1	1	1	2	12
OG0004500	4	1	1	2	1	1	1	1	12
OG0004501	5	1	1	1	1	1	1	1	12
OG0004502	3	3	1	1	1	1	1	1	12
OG0004503	2	4	1	1	1	1	1	1	12
OG0004504	4	2	1	1	1	1	1	1	12
OG0004505	5	1	1	1	1	1	1	1	12
OG0004506	3	2	1	1	2	1	1	1	12
OG0004507	12	0	0	0	0	0	0	0	12
OG0004508	3	1	2	1	1	1	1	2	12
OG0004509	3	2	1	2	1	1	1	1	12
OG0004510	2	1	2	1	1	1	1	3	12
OG0004511	5	1	1	1	1	1	1	1	12
OG0004512	5	1	1	1	1	1	1	1	12
OG0004513	1	1	1	4	1	1	1	2	12
OG0004514	3	2	1	1	2	1	1	1	12
OG0004515	3	2	1	1	1	1	2	1	12
OG0004516	4	2	1	1	1	1	1	1	12
OG0004517	5	1	1	1	1	1	1	1	12
OG0004518	5	1	1	1	1	1	1	1	12
OG0004519	1	1	1	1	1	1	1	5	12
OG0004520	2	4	1	1	1	1	1	1	12
OG0004521	2	1	3	1	1	1	1	2	12
OG0004522	2	3	1	2	1	1	1	1	12
OG0004523	4	1	1	1	1	1	1	2	12
OG0004524	3	2	1	1	1	1	1	2	12
OG0004525	3	3	1	1	1	1	1	1	12
OG0004526	2	3	1	1	1	2	1	1	12
OG0004527	5	1	1	1	1	1	1	1	12
OG0004528	2	4	1	1	1	1	1	1	12
OG0004529	11	1	0	0	0	0	0	0	12
OG0004530	2	4	1	1	1	1	1	1	12
OG0004531	3	3	1	1	1	1	1	1	12
OG0004532	1	2	2	1	2	2	1	1	12
OG0004533	5	1	1	1	1	1	1	1	12
OG0004534	4	1	1	0	2	2	1	1	12
OG0004535	1	1	3	1	1	1	1	3	12
OG0004536	4	1	1	1	1	2	1	1	12
OG0004537	3	3	1	1	1	1	1	1	12
OG0004538	3	1	2	1	2	1	1	1	12
OG0004539	12	0	0	0	0	0	0	0	12
OG0004540	1	2	2	1	1	1	1	3	12
OG0004541	4	2	1	1	1	1	1	1	12
OG0004542	5	1	1	1	1	1	1	1	12
OG0004543	1	1	1	5	1	1	1	1	12
OG0004544	7	1	1	1	0	1	0	1	12
OG0004545	3	3	1	1	1	1	1	1	12
OG0004546	1	4	1	1	2	1	1	1	12
OG0004547	3	1	2	2	1	1	1	1	12
OG0004548	11	1	0	0	0	0	0	0	12
OG0004549	3	1	0	2	2	1	1	2	12
OG0004550	5	1	1	1	1	1	1	1	12
OG0004551	4	1	1	2	1	1	1	1	12
OG0004552	1	1	1	5	1	1	1	1	12
OG0004553	3	1	2	1	1	1	1	2	12
OG0004554	3	1	2	2	1	1	1	1	12
OG0004555	1	1	2	1	1	1	2	3	12
OG0004556	1	4	1	2	1	1	1	1	12
OG0004557	12	0	0	0	0	0	0	0	12
OG0004558	4	2	1	1	1	1	1	1	12
OG0004559	4	2	1	2	1	0	1	1	12
OG0004560	4	2	1	1	1	1	1	1	12
OG0004561	2	1	2	2	1	1	1	2	12
OG0004562	1	2	0	0	1	2	6	0	12
OG0004563	1	0	0	0	3	1	7	0	12
OG0004564	1	1	1	1	1	2	4	1	12
OG0004565	1	1	0	0	2	2	5	1	12
OG0004566	0	6	1	1	1	1	1	1	12
OG0004567	0	2	5	2	1	1	0	1	12
OG0004568	0	11	0	0	0	1	0	0	12
OG0004569	0	1	1	2	6	0	0	2	12
OG0004570	0	1	2	2	2	2	1	2	12
OG0004571	0	1	0	0	2	5	4	0	12
OG0004572	0	1	2	2	2	2	1	2	12
OG0004573	0	1	0	0	0	0	0	11	12
OG0004574	0	1	1	2	2	1	3	2	12
OG0004575	0	2	2	1	2	2	2	1	12
OG0004576	0	0	11	0	0	0	0	1	12
OG0004577	0	0	4	0	0	0	0	8	12
OG0004578	0	0	8	0	0	0	0	4	12
OG0004579	0	0	1	0	0	0	0	11	12
OG0004580	0	0	3	0	0	0	0	9	12
OG0004581	0	0	5	0	0	0	0	7	12
OG0004582	0	0	8	1	0	0	0	3	12
OG0004583	0	0	3	0	0	0	0	9	12
OG0004584	0	0	1	0	0	0	0	11	12
OG0004585	0	0	4	1	0	0	0	7	12
OG0004586	0	0	1	0	0	0	0	11	12
OG0004587	0	0	0	2	0	0	0	10	12
OG0004588	0	0	0	1	7	1	1	2	12
OG0004589	0	0	0	0	12	0	0	0	12
OG0004590	0	0	0	0	12	0	0	0	12
OG0004591	0	0	0	0	3	0	9	0	12
OG0004592	0	0	0	0	4	2	5	1	12
OG0004593	0	0	0	0	4	0	8	0	12
OG0004594	0	0	0	0	1	1	10	0	12
OG0004595	0	0	0	0	0	0	12	0	12
OG0004596	2	1	2	2	1	1	1	1	11
OG0004597	2	2	0	0	2	2	3	0	11
OG0004598	2	1	6	0	1	1	0	0	11
OG0004599	0	4	2	1	1	2	1	0	11
OG0004600	1	2	2	2	1	1	1	1	11
OG0004601	4	1	1	1	1	1	1	1	11
OG0004602	1	1	2	2	1	1	1	2	11
OG0004603	1	1	2	2	1	1	1	2	11
OG0004604	4	1	1	1	1	1	1	1	11
OG0004605	1	5	0	1	1	1	1	1	11
OG0004606	1	1	1	2	1	1	1	3	11
OG0004607	3	1	2	1	1	1	1	1	11
OG0004608	0	1	3	1	2	2	1	1	11
OG0004609	1	1	1	2	1	1	1	3	11
OG0004610	2	1	1	4	2	1	0	0	11
OG0004611	4	1	1	0	1	1	1	2	11
OG0004612	4	1	1	1	1	1	1	1	11
OG0004613	1	1	0	3	1	1	1	3	11
OG0004614	2	4	1	1	1	1	1	0	11
OG0004615	2	7	1	0	0	1	0	0	11
OG0004616	3	1	1	1	1	1	1	2	11
OG0004617	2	3	4	0	1	1	0	0	11
OG0004618	2	3	1	1	1	1	1	1	11
OG0004619	3	2	1	0	1	1	2	1	11
OG0004620	2	1	1	0	5	1	1	0	11
OG0004621	1	2	2	1	1	2	1	1	11
OG0004622	4	3	0	0	1	1	1	1	11
OG0004623	3	3	1	1	2	1	0	0	11
OG0004624	3	1	0	2	3	1	1	0	11
OG0004625	1	2	2	2	2	2	0	0	11
OG0004626	2	1	1	1	1	1	1	3	11
OG0004627	1	1	0	1	5	1	1	1	11
OG0004628	3	1	1	2	1	1	1	1	11
OG0004629	0	5	1	1	1	1	2	0	11
OG0004630	5	2	1	0	1	1	1	0	11
OG0004631	1	2	2	1	1	1	1	2	11
OG0004632	1	1	2	2	1	1	1	2	11
OG0004633	2	2	4	1	1	1	0	0	11
OG0004634	6	1	1	1	1	1	0	0	11
OG0004635	2	1	2	2	1	1	1	1	11
OG0004636	1	1	4	1	1	1	1	1	11
OG0004637	1	1	3	0	1	1	1	3	11
OG0004638	4	3	1	0	0	1	1	1	11
OG0004639	3	1	2	2	1	1	1	0	11
OG0004640	2	1	2	1	1	1	1	2	11
OG0004641	6	1	1	0	0	1	0	2	11
OG0004642	4	1	1	1	1	1	1	1	11
OG0004643	4	4	0	0	2	1	0	0	11
OG0004644	1	2	2	1	1	2	1	1	11
OG0004645	10	1	0	0	0	0	0	0	11
OG0004646	9	1	1	0	0	0	0	0	11
OG0004647	2	2	1	1	1	2	1	1	11
OG0004648	3	1	1	1	1	1	1	2	11
OG0004649	1	3	2	0	1	1	1	2	11
OG0004650	2	2	1	1	1	3	1	0	11
OG0004651	2	2	2	1	1	1	1	1	11
OG0004652	3	2	1	1	1	1	1	1	11
OG0004653	1	3	2	1	1	1	1	1	11
OG0004654	4	1	1	1	1	1	1	1	11
OG0004655	4	2	1	0	1	1	1	1	11
OG0004656	1	3	1	1	1	2	1	1	11
OG0004657	0	2	1	1	2	2	2	1	11
OG0004658	2	3	1	1	1	1	1	1	11
OG0004659	1	4	1	1	1	1	1	1	11
OG0004660	4	1	1	1	1	1	1	1	11
OG0004661	2	2	1	0	2	2	2	0	11
OG0004662	2	2	1	2	1	1	1	1	11
OG0004663	1	3	1	1	1	4	0	0	11
OG0004664	2	2	2	1	1	1	1	1	11
OG0004665	2	3	1	1	1	1	1	1	11
OG0004666	2	0	0	3	3	1	1	1	11
OG0004667	1	2	1	1	1	2	2	1	11
OG0004668	4	1	1	1	1	1	1	1	11
OG0004669	1	3	2	1	1	1	1	1	11
OG0004670	4	1	1	1	1	1	1	1	11
OG0004671	2	1	2	1	1	1	1	2	11
OG0004672	2	0	3	1	1	1	1	2	11
OG0004673	4	1	1	1	1	1	1	1	11
OG0004674	2	2	1	2	1	1	1	1	11
OG0004675	9	1	0	0	0	1	0	0	11
OG0004676	2	1	1	2	1	1	1	2	11
OG0004677	4	2	2	1	1	1	0	0	11
OG0004678	4	0	2	1	1	1	1	1	11
OG0004679	3	2	1	1	1	1	1	1	11
OG0004680	4	2	2	0	1	1	1	0	11
OG0004681	1	1	1	2	1	1	1	3	11
OG0004682	8	3	0	0	0	0	0	0	11
OG0004683	3	1	1	1	1	1	1	2	11
OG0004684	4	1	1	1	1	1	1	1	11
OG0004685	2	2	1	3	1	1	1	0	11
OG0004686	6	2	0	0	1	1	1	0	11
OG0004687	4	1	0	2	1	2	1	0	11
OG0004688	4	2	0	1	1	3	0	0	11
OG0004689	4	0	2	1	1	1	1	1	11
OG0004690	9	1	0	0	0	1	0	0	11
OG0004691	1	6	1	1	1	1	0	0	11
OG0004692	4	1	1	1	1	1	1	1	11
OG0004693	4	2	1	1	1	1	1	0	11
OG0004694	3	1	2	1	2	1	0	1	11
OG0004695	0	3	0	0	0	8	0	0	11
OG0004696	5	1	1	2	1	1	0	0	11
OG0004697	2	1	2	1	1	2	1	1	11
OG0004698	4	1	1	1	1	1	1	1	11
OG0004699	2	2	2	1	1	1	1	1	11
OG0004700	3	2	1	1	1	1	1	1	11
OG0004701	2	3	1	1	1	1	1	1	11
OG0004702	4	1	1	1	3	1	0	0	11
OG0004703	2	1	3	1	1	1	1	1	11
OG0004704	3	1	1	1	1	1	2	1	11
OG0004705	3	2	1	0	1	2	1	1	11
OG0004706	2	3	1	1	1	1	1	1	11
OG0004707	1	2	1	1	1	1	1	3	11
OG0004708	1	2	2	1	1	2	2	0	11
OG0004709	2	1	1	2	1	2	1	1	11
OG0004710	4	1	1	1	1	1	1	1	11
OG0004711	5	1	0	1	1	1	1	1	11
OG0004712	7	2	0	1	1	0	0	0	11
OG0004713	5	2	1	0	1	1	1	0	11
OG0004714	5	1	0	1	2	2	0	0	11
OG0004715	5	1	2	1	1	1	0	0	11
OG0004716	4	1	1	1	1	1	2	0	11
OG0004717	2	2	1	1	1	1	1	2	11
OG0004718	5	0	1	1	1	1	1	1	11
OG0004719	1	0	4	1	1	1	0	3	11
OG0004720	2	1	1	1	2	2	1	1	11
OG0004721	6	1	1	1	1	1	0	0	11
OG0004722	3	0	0	1	1	1	1	4	11
OG0004723	3	2	1	1	1	1	1	1	11
OG0004724	1	3	1	2	1	1	1	1	11
OG0004725	3	1	2	1	1	1	1	1	11
OG0004726	1	2	1	1	2	2	1	1	11
OG0004727	4	1	0	1	2	1	1	1	11
OG0004728	3	2	1	1	1	2	1	0	11
OG0004729	3	1	2	1	1	1	1	1	11
OG0004730	2	2	1	1	1	2	1	1	11
OG0004731	2	1	1	1	2	1	1	2	11
OG0004732	1	2	1	1	1	2	2	1	11
OG0004733	3	1	2	1	1	2	1	0	11
OG0004734	4	1	1	1	1	1	1	1	11
OG0004735	2	1	3	1	1	1	1	1	11
OG0004736	3	2	1	1	1	1	1	1	11
OG0004737	3	1	1	1	1	2	1	1	11
OG0004738	1	2	1	2	1	2	1	1	11
OG0004739	4	1	1	1	1	1	1	1	11
OG0004740	4	1	1	1	1	2	1	0	11
OG0004741	2	1	1	1	2	1	1	2	11
OG0004742	1	2	2	2	1	1	1	1	11
OG0004743	5	2	1	1	1	1	0	0	11
OG0004744	3	1	1	1	1	1	1	2	11
OG0004745	3	4	1	1	1	1	0	0	11
OG0004746	2	2	1	1	1	2	1	1	11
OG0004747	2	2	1	1	1	2	1	1	11
OG0004748	3	2	1	1	1	1	1	1	11
OG0004749	3	1	2	1	1	1	2	0	11
OG0004750	4	1	1	1	1	1	1	1	11
OG0004751	2	1	1	1	2	2	1	1	11
OG0004752	5	1	1	1	1	2	0	0	11
OG0004753	5	2	1	0	1	1	1	0	11
OG0004754	4	1	1	1	1	1	1	1	11
OG0004755	3	3	1	0	1	1	1	1	11
OG0004756	3	1	2	1	1	1	1	1	11
OG0004757	4	1	1	1	1	1	1	1	11
OG0004758	2	2	1	1	2	1	1	1	11
OG0004759	1	1	1	1	5	1	1	0	11
OG0004760	1	3	2	1	1	1	1	1	11
OG0004761	4	1	1	1	1	1	1	1	11
OG0004762	4	1	1	1	1	1	1	1	11
OG0004763	4	1	1	1	1	1	1	1	11
OG0004764	4	1	1	1	1	1	1	1	11
OG0004765	2	2	1	0	3	1	1	1	11
OG0004766	8	0	1	0	0	0	0	2	11
OG0004767	3	1	2	1	1	1	1	1	11
OG0004768	2	1	3	0	2	1	1	1	11
OG0004769	3	1	2	1	0	1	0	3	11
OG0004770	3	1	1	3	2	1	0	0	11
OG0004771	2	2	2	1	3	1	0	0	11
OG0004772	2	3	1	1	1	1	1	1	11
OG0004773	2	1	3	0	1	1	1	2	11
OG0004774	1	1	1	0	3	2	3	0	11
OG0004775	3	1	1	2	1	1	1	1	11
OG0004776	1	1	0	1	0	0	0	8	11
OG0004777	3	1	1	1	1	3	1	0	11
OG0004778	5	1	1	1	1	1	1	0	11
OG0004779	1	2	2	1	2	3	0	0	11
OG0004780	2	1	1	1	1	1	1	3	11
OG0004781	4	0	2	1	1	1	1	1	11
OG0004782	2	2	3	1	1	1	1	0	11
OG0004783	1	2	1	1	1	2	1	2	11
OG0004784	1	4	1	1	1	1	1	1	11
OG0004785	3	1	2	1	1	1	1	1	11
OG0004786	2	2	1	2	1	1	1	1	11
OG0004787	4	1	1	1	1	1	1	1	11
OG0004788	4	1	1	1	1	1	1	1	11
OG0004789	2	1	2	1	1	2	1	1	11
OG0004790	3	2	1	2	2	1	0	0	11
OG0004791	3	2	2	1	1	1	0	1	11
OG0004792	4	2	1	0	1	1	1	1	11
OG0004793	3	1	1	1	1	1	1	2	11
OG0004794	4	1	1	1	1	1	1	1	11
OG0004795	3	1	2	1	1	1	1	1	11
OG0004796	4	1	1	1	1	1	1	1	11
OG0004797	2	1	1	2	1	1	2	1	11
OG0004798	2	3	1	1	1	1	1	1	11
OG0004799	3	1	0	1	1	1	2	2	11
OG0004800	1	4	1	1	1	1	1	1	11
OG0004801	0	0	0	0	0	0	7	4	11
OG0004802	3	2	1	1	1	1	1	1	11
OG0004803	1	3	2	1	1	2	1	0	11
OG0004804	5	1	1	1	1	1	1	0	11
OG0004805	3	1	1	1	1	1	1	2	11
OG0004806	3	1	1	1	1	1	1	2	11
OG0004807	3	2	1	1	1	1	1	1	11
OG0004808	2	3	1	1	1	1	1	1	11
OG0004809	1	1	3	2	1	1	1	1	11
OG0004810	4	1	1	1	1	1	1	1	11
OG0004811	4	1	1	1	1	1	1	1	11
OG0004812	3	1	1	1	2	1	1	1	11
OG0004813	2	2	2	2	1	2	0	0	11
OG0004814	5	1	1	1	1	0	1	1	11
OG0004815	3	2	1	1	1	1	1	1	11
OG0004816	2	2	1	1	1	2	1	1	11
OG0004817	4	1	1	1	1	1	1	1	11
OG0004818	2	3	1	1	1	1	0	2	11
OG0004819	1	1	2	1	2	2	2	0	11
OG0004820	4	1	1	1	1	1	1	1	11
OG0004821	3	2	1	1	1	1	1	1	11
OG0004822	2	1	2	2	1	1	1	1	11
OG0004823	2	2	3	1	1	1	1	0	11
OG0004824	2	1	3	1	1	1	1	1	11
OG0004825	4	1	1	1	1	1	1	1	11
OG0004826	4	1	1	1	1	1	1	1	11
OG0004827	2	3	1	1	1	1	1	1	11
OG0004828	2	1	2	1	1	2	1	1	11
OG0004829	3	1	1	1	1	1	1	2	11
OG0004830	3	1	2	1	1	1	1	1	11
OG0004831	1	1	2	2	1	1	1	2	11
OG0004832	4	1	1	1	1	1	1	1	11
OG0004833	3	3	1	1	1	1	1	0	11
OG0004834	7	2	0	0	1	1	0	0	11
OG0004835	1	3	1	1	1	1	2	1	11
OG0004836	2	3	1	1	1	1	1	1	11
OG0004837	2	2	2	1	1	1	1	1	11
OG0004838	2	1	1	1	1	2	1	2	11
OG0004839	4	1	1	1	1	1	1	1	11
OG0004840	3	2	1	1	1	1	1	1	11
OG0004841	1	2	2	1	1	2	1	1	11
OG0004842	3	2	1	1	1	1	1	1	11
OG0004843	3	1	1	1	1	2	1	1	11
OG0004844	2	1	2	1	1	1	1	2	11
OG0004845	3	2	1	1	1	1	1	1	11
OG0004846	4	1	1	1	1	1	1	1	11
OG0004847	4	4	0	0	1	1	1	0	11
OG0004848	4	1	1	1	1	1	1	1	11
OG0004849	4	1	1	1	1	1	1	1	11
OG0004850	2	5	1	1	1	1	0	0	11
OG0004851	4	1	1	1	1	1	1	1	11
OG0004852	2	1	1	1	1	1	1	3	11
OG0004853	2	3	1	1	1	1	1	1	11
OG0004854	3	1	2	1	1	1	1	1	11
OG0004855	1	2	2	1	1	1	2	1	11
OG0004856	1	2	1	1	1	3	1	1	11
OG0004857	3	3	1	0	1	1	1	1	11
OG0004858	4	1	1	1	1	1	1	1	11
OG0004859	2	2	1	1	1	2	1	1	11
OG0004860	1	3	1	1	2	1	1	1	11
OG0004861	2	1	1	1	1	1	0	4	11
OG0004862	2	1	1	2	2	1	1	1	11
OG0004863	4	1	1	1	1	1	1	1	11
OG0004864	3	1	1	1	1	2	1	1	11
OG0004865	2	2	1	1	1	1	1	2	11
OG0004866	5	1	1	0	1	1	1	1	11
OG0004867	4	2	0	1	1	1	1	1	11
OG0004868	1	2	1	1	1	1	1	3	11
OG0004869	4	1	1	1	1	1	1	1	11
OG0004870	1	0	1	1	1	1	1	5	11
OG0004871	1	1	1	1	1	2	2	2	11
OG0004872	5	1	1	1	1	1	1	0	11
OG0004873	3	2	1	1	1	1	1	1	11
OG0004874	4	1	1	1	1	1	1	1	11
OG0004875	2	1	1	1	1	1	1	3	11
OG0004876	4	1	1	1	1	1	1	1	11
OG0004877	3	1	2	1	1	1	1	1	11
OG0004878	3	1	1	1	1	1	1	2	11
OG0004879	3	1	2	1	1	1	1	1	11
OG0004880	3	1	0	1	2	2	2	0	11
OG0004881	1	1	3	1	1	1	1	2	11
OG0004882	4	2	2	1	1	1	0	0	11
OG0004883	1	4	1	1	1	1	1	1	11
OG0004884	1	1	2	1	1	1	0	4	11
OG0004885	1	1	3	1	1	1	1	2	11
OG0004886	1	5	1	0	1	1	1	1	11
OG0004887	4	1	1	1	1	1	1	1	11
OG0004888	3	1	1	2	1	1	1	1	11
OG0004889	3	2	1	1	1	1	1	1	11
OG0004890	1	4	1	1	1	1	1	1	11
OG0004891	2	1	1	0	3	1	1	2	11
OG0004892	1	1	3	1	1	2	1	1	11
OG0004893	3	0	0	1	4	1	1	1	11
OG0004894	1	1	2	1	2	1	2	1	11
OG0004895	4	1	1	1	1	1	1	1	11
OG0004896	9	2	0	0	0	0	0	0	11
OG0004897	1	1	1	3	1	2	1	1	11
OG0004898	4	1	1	1	1	1	1	1	11
OG0004899	1	1	2	1	2	1	2	1	11
OG0004900	2	3	1	0	2	2	1	0	11
OG0004901	3	1	1	2	1	1	1	1	11
OG0004902	2	7	0	0	0	2	0	0	11
OG0004903	1	1	2	1	1	2	1	2	11
OG0004904	4	1	1	0	1	1	1	2	11
OG0004905	1	2	1	0	2	2	2	1	11
OG0004906	1	2	1	1	1	3	1	1	11
OG0004907	2	1	1	1	1	1	1	3	11
OG0004908	3	1	1	1	1	1	1	2	11
OG0004909	4	2	1	0	1	2	1	0	11
OG0004910	5	1	1	2	1	1	0	0	11
OG0004911	1	1	1	2	1	2	2	1	11
OG0004912	2	1	1	1	1	1	1	3	11
OG0004913	4	1	1	1	1	1	1	1	11
OG0004914	3	2	2	1	1	2	0	0	11
OG0004915	2	2	1	1	1	1	1	2	11
OG0004916	4	1	1	1	1	1	1	1	11
OG0004917	2	2	2	1	1	1	1	1	11
OG0004918	6	1	1	1	1	1	0	0	11
OG0004919	11	0	0	0	0	0	0	0	11
OG0004920	4	1	1	1	1	1	1	1	11
OG0004921	4	1	1	1	1	1	1	1	11
OG0004922	4	1	1	1	1	1	1	1	11
OG0004923	4	1	1	1	1	1	1	1	11
OG0004924	6	1	1	0	1	1	1	0	11
OG0004925	3	2	1	1	1	1	1	1	11
OG0004926	4	1	1	1	1	1	1	1	11
OG0004927	3	1	0	1	2	2	1	1	11
OG0004928	2	1	1	1	2	2	1	1	11
OG0004929	8	1	0	0	1	1	0	0	11
OG0004930	1	2	1	2	1	1	1	2	11
OG0004931	4	1	1	1	1	1	1	1	11
OG0004932	3	2	1	1	1	1	1	1	11
OG0004933	2	2	1	1	2	1	1	1	11
OG0004934	5	1	1	1	1	1	1	0	11
OG0004935	2	2	1	1	1	1	1	2	11
OG0004936	2	1	2	2	1	1	1	1	11
OG0004937	4	1	1	1	1	1	1	1	11
OG0004938	3	1	1	1	1	1	1	2	11
OG0004939	4	1	1	1	1	1	1	1	11
OG0004940	2	3	1	1	1	1	1	1	11
OG0004941	4	1	1	1	1	1	1	1	11
OG0004942	2	2	1	1	2	1	1	1	11
OG0004943	4	1	1	0	1	1	1	2	11
OG0004944	5	2	1	1	1	1	0	0	11
OG0004945	2	4	0	0	2	1	1	1	11
OG0004946	1	1	4	1	1	1	1	1	11
OG0004947	3	1	1	2	1	1	1	1	11
OG0004948	8	1	0	0	1	1	0	0	11
OG0004949	2	1	1	1	2	2	1	1	11
OG0004950	4	1	1	1	1	1	1	1	11
OG0004951	2	2	1	1	1	2	1	1	11
OG0004952	4	1	1	1	1	1	1	1	11
OG0004953	4	1	1	1	1	1	1	1	11
OG0004954	7	1	1	0	1	1	0	0	11
OG0004955	3	2	1	1	1	1	1	1	11
OG0004956	4	1	1	1	1	1	1	1	11
OG0004957	3	1	1	1	1	1	1	2	11
OG0004958	3	7	0	0	0	0	0	1	11
OG0004959	4	1	1	1	1	1	1	1	11
OG0004960	2	3	1	1	1	1	1	1	11
OG0004961	2	2	1	1	1	1	1	2	11
OG0004962	4	1	1	1	1	1	1	1	11
OG0004963	4	1	1	1	1	1	1	1	11
OG0004964	3	1	2	1	1	1	1	1	11
OG0004965	3	1	2	1	1	1	1	1	11
OG0004966	1	2	2	1	1	1	1	2	11
OG0004967	1	3	2	1	1	1	1	1	11
OG0004968	3	2	1	1	1	1	1	1	11
OG0004969	1	1	2	1	1	1	1	3	11
OG0004970	4	1	1	1	1	1	1	1	11
OG0004971	4	1	1	1	1	1	1	1	11
OG0004972	3	1	1	1	1	1	1	2	11
OG0004973	1	1	3	2	1	1	1	1	11
OG0004974	11	0	0	0	0	0	0	0	11
OG0004975	3	2	1	1	1	1	1	1	11
OG0004976	1	4	0	1	1	2	1	1	11
OG0004977	3	1	1	2	1	1	1	1	11
OG0004978	1	2	1	3	1	1	1	1	11
OG0004979	2	1	2	1	1	2	1	1	11
OG0004980	1	3	2	1	1	1	1	1	11
OG0004981	1	1	2	2	1	2	1	1	11
OG0004982	3	2	1	1	1	1	1	1	11
OG0004983	3	1	1	2	1	1	1	1	11
OG0004984	1	1	3	1	1	1	1	2	11
OG0004985	4	1	1	1	1	1	1	1	11
OG0004986	4	1	1	1	1	1	1	1	11
OG0004987	2	1	2	1	1	1	2	1	11
OG0004988	1	1	1	1	1	2	1	3	11
OG0004989	11	0	0	0	0	0	0	0	11
OG0004990	2	1	1	1	2	1	1	2	11
OG0004991	2	1	1	2	1	1	1	2	11
OG0004992	2	1	1	3	1	1	1	1	11
OG0004993	1	3	1	1	2	1	1	1	11
OG0004994	4	1	1	1	1	1	1	1	11
OG0004995	3	1	1	2	1	1	1	1	11
OG0004996	3	1	2	1	1	1	1	1	11
OG0004997	1	3	2	1	1	1	1	1	11
OG0004998	2	1	0	1	3	1	1	2	11
OG0004999	4	1	1	1	1	1	1	1	11
OG0005000	1	3	2	1	1	1	1	1	11
OG0005001	3	2	1	1	1	1	1	1	11
OG0005002	3	2	1	1	1	1	1	1	11
OG0005003	2	2	1	1	1	2	1	1	11
OG0005004	2	2	1	2	1	1	1	1	11
OG0005005	6	1	0	0	1	1	1	1	11
OG0005006	1	2	1	1	2	2	1	1	11
OG0005007	3	1	1	2	1	1	1	1	11
OG0005008	1	1	1	3	2	1	1	1	11
OG0005009	4	1	1	1	1	1	1	1	11
OG0005010	4	1	1	0	2	1	1	1	11
OG0005011	6	1	0	0	1	1	1	1	11
OG0005012	2	2	0	1	2	1	2	1	11
OG0005013	2	1	1	1	2	1	1	2	11
OG0005014	2	1	0	1	2	2	2	1	11
OG0005015	4	1	1	1	1	1	1	1	11
OG0005016	2	3	1	1	1	1	1	1	11
OG0005017	11	0	0	0	0	0	0	0	11
OG0005018	11	0	0	0	0	0	0	0	11
OG0005019	9	0	0	1	1	0	0	0	11
OG0005020	9	2	0	0	0	0	0	0	11
OG0005021	3	1	2	1	1	1	1	1	11
OG0005022	3	1	1	0	2	1	1	2	11
OG0005023	2	1	1	2	2	1	1	1	11
OG0005024	2	2	1	1	1	1	1	2	11
OG0005025	4	1	1	1	1	1	1	1	11
OG0005026	1	3	1	1	2	1	1	1	11
OG0005027	2	1	1	1	1	1	3	1	11
OG0005028	3	1	2	1	1	1	1	1	11
OG0005029	11	0	0	0	0	0	0	0	11
OG0005030	4	1	1	1	1	1	1	1	11
OG0005031	3	1	1	1	1	1	2	1	11
OG0005032	1	5	1	1	1	2	0	0	11
OG0005033	3	2	1	1	1	1	1	1	11
OG0005034	5	2	0	0	1	1	1	1	11
OG0005035	2	2	1	1	1	1	1	2	11
OG0005036	4	1	1	1	1	1	1	1	11
OG0005037	1	2	1	1	2	1	1	2	11
OG0005038	1	3	1	1	1	1	1	2	11
OG0005039	3	1	1	1	1	2	1	1	11
OG0005040	2	1	2	1	1	1	1	2	11
OG0005041	2	3	2	1	1	0	1	1	11
OG0005042	1	2	1	1	3	1	1	1	11
OG0005043	2	1	1	1	1	1	1	3	11
OG0005044	3	2	1	1	1	1	1	1	11
OG0005045	4	1	1	1	1	1	1	1	11
OG0005046	3	1	1	2	1	1	1	1	11
OG0005047	2	1	3	1	1	1	1	1	11
OG0005048	4	1	1	1	1	1	1	1	11
OG0005049	3	2	1	1	1	1	1	1	11
OG0005050	3	2	1	1	1	1	1	1	11
OG0005051	3	2	1	1	1	1	1	1	11
OG0005052	2	2	1	1	1	2	1	1	11
OG0005053	3	1	1	1	2	1	1	1	11
OG0005054	1	1	2	1	1	1	1	3	11
OG0005055	1	1	1	1	3	1	1	2	11
OG0005056	3	1	1	1	1	1	1	2	11
OG0005057	3	1	1	1	1	1	1	2	11
OG0005058	2	2	1	1	1	2	1	1	11
OG0005059	3	1	1	1	1	1	2	1	11
OG0005060	3	2	1	1	1	1	1	1	11
OG0005061	1	1	1	1	1	2	1	3	11
OG0005062	4	1	1	1	1	1	1	1	11
OG0005063	3	2	1	1	1	1	1	1	11
OG0005064	3	1	1	1	1	1	1	2	11
OG0005065	2	2	1	1	1	1	1	2	11
OG0005066	5	1	0	1	1	1	1	1	11
OG0005067	4	1	1	1	1	1	1	1	11
OG0005068	4	1	1	1	1	1	1	1	11
OG0005069	6	3	1	0	0	1	0	0	11
OG0005070	3	1	1	1	1	1	1	2	11
OG0005071	3	1	2	0	1	1	1	2	11
OG0005072	2	1	1	3	1	1	1	1	11
OG0005073	2	1	1	1	1	1	1	3	11
OG0005074	2	1	0	0	2	2	2	2	11
OG0005075	4	1	1	1	1	1	1	1	11
OG0005076	2	1	1	1	2	1	2	1	11
OG0005077	2	1	3	1	1	1	1	1	11
OG0005078	4	1	1	1	1	1	1	1	11
OG0005079	1	3	1	1	1	1	1	2	11
OG0005080	2	2	1	1	1	1	1	2	11
OG0005081	4	1	1	1	1	1	1	1	11
OG0005082	3	1	1	1	2	1	1	1	11
OG0005083	11	0	0	0	0	0	0	0	11
OG0005084	2	4	0	0	1	2	1	1	11
OG0005085	3	2	1	1	1	1	1	1	11
OG0005086	5	1	0	0	2	1	2	0	11
OG0005087	1	2	1	2	1	1	2	1	11
OG0005088	2	2	1	1	1	1	1	2	11
OG0005089	3	2	1	1	1	1	1	1	11
OG0005090	3	2	1	1	1	1	1	1	11
OG0005091	4	1	1	0	1	1	1	2	11
OG0005092	2	1	1	1	1	2	1	2	11
OG0005093	3	2	1	1	1	1	1	1	11
OG0005094	2	1	1	1	1	1	1	3	11
OG0005095	2	2	1	1	1	2	1	1	11
OG0005096	2	3	1	1	1	1	1	1	11
OG0005097	4	1	1	1	1	1	1	1	11
OG0005098	2	1	1	1	1	3	1	1	11
OG0005099	3	1	1	0	1	3	1	1	11
OG0005100	4	1	1	1	1	1	1	1	11
OG0005101	3	2	1	1	1	1	1	1	11
OG0005102	1	10	0	0	0	0	0	0	11
OG0005103	3	2	1	1	1	1	1	1	11
OG0005104	3	1	1	2	1	1	1	1	11
OG0005105	3	1	1	1	1	2	1	1	11
OG0005106	2	1	2	1	1	2	1	1	11
OG0005107	2	2	1	2	1	1	1	1	11
OG0005108	2	3	1	1	1	1	1	1	11
OG0005109	1	2	2	0	2	2	2	0	11
OG0005110	6	1	1	0	1	1	1	0	11
OG0005111	3	1	1	0	3	1	1	1	11
OG0005112	1	2	1	1	2	1	1	2	11
OG0005113	4	1	1	1	1	1	1	1	11
OG0005114	1	2	1	2	1	1	1	2	11
OG0005115	4	1	1	1	1	1	1	1	11
OG0005116	1	4	1	1	1	1	1	1	11
OG0005117	1	2	3	1	1	1	1	1	11
OG0005118	4	1	1	1	1	1	1	1	11
OG0005119	2	1	1	1	1	1	1	3	11
OG0005120	2	1	1	1	2	1	1	2	11
OG0005121	2	1	2	1	1	1	1	2	11
OG0005122	3	1	1	1	1	2	1	1	11
OG0005123	2	1	1	3	1	1	1	1	11
OG0005124	3	1	1	1	2	1	1	1	11
OG0005125	1	2	1	1	3	1	1	1	11
OG0005126	3	1	2	1	1	1	1	1	11
OG0005127	1	1	1	1	1	2	2	2	11
OG0005128	3	1	1	2	1	1	1	1	11
OG0005129	4	1	1	1	1	1	1	1	11
OG0005130	1	4	1	1	1	1	1	1	11
OG0005131	4	1	1	1	1	1	1	1	11
OG0005132	3	1	1	2	1	1	1	1	11
OG0005133	2	2	1	1	1	1	1	2	11
OG0005134	3	1	2	1	1	1	1	1	11
OG0005135	4	1	1	1	1	1	1	1	11
OG0005136	1	3	1	1	1	1	1	2	11
OG0005137	1	3	2	1	1	1	1	1	11
OG0005138	3	1	2	1	1	1	1	1	11
OG0005139	2	2	1	2	1	1	1	1	11
OG0005140	3	2	1	1	1	1	1	1	11
OG0005141	1	3	1	1	1	1	1	2	11
OG0005142	4	1	1	1	1	1	1	1	11
OG0005143	1	2	1	2	2	1	1	1	11
OG0005144	1	1	3	1	2	1	1	1	11
OG0005145	2	1	2	1	1	1	2	1	11
OG0005146	4	1	1	1	1	1	1	1	11
OG0005147	5	1	1	1	1	1	1	0	11
OG0005148	4	1	1	1	1	1	1	1	11
OG0005149	2	1	1	2	1	1	1	2	11
OG0005150	1	4	1	1	1	1	1	1	11
OG0005151	7	1	0	0	1	1	1	0	11
OG0005152	4	1	1	1	1	1	1	1	11
OG0005153	3	1	1	2	1	1	1	1	11
OG0005154	1	1	1	4	1	1	1	1	11
OG0005155	1	1	1	1	1	1	1	4	11
OG0005156	2	2	1	1	1	2	1	1	11
OG0005157	4	1	1	1	1	1	1	1	11
OG0005158	2	2	1	0	1	1	1	3	11
OG0005159	2	1	1	1	1	2	1	2	11
OG0005160	4	1	1	0	1	1	1	2	11
OG0005161	3	1	1	2	1	1	1	1	11
OG0005162	2	2	1	0	2	2	1	1	11
OG0005163	3	2	1	0	2	1	1	1	11
OG0005164	2	2	1	1	2	1	1	1	11
OG0005165	1	2	0	0	3	3	2	0	11
OG0005166	5	2	2	0	0	2	0	0	11
OG0005167	4	1	1	1	1	1	1	1	11
OG0005168	1	1	1	1	1	1	1	4	11
OG0005169	1	0	2	0	0	0	0	8	11
OG0005170	2	2	2	1	1	1	1	1	11
OG0005171	5	1	1	1	1	1	0	1	11
OG0005172	1	4	1	1	1	1	1	1	11
OG0005173	4	1	1	1	1	1	1	1	11
OG0005174	1	1	2	1	1	1	1	3	11
OG0005175	3	2	1	1	1	1	1	1	11
OG0005176	3	2	1	1	1	1	1	1	11
OG0005177	4	1	1	1	1	1	1	1	11
OG0005178	2	1	1	1	1	2	1	2	11
OG0005179	2	2	1	1	1	2	1	1	11
OG0005180	11	0	0	0	0	0	0	0	11
OG0005181	1	0	2	2	1	1	1	3	11
OG0005182	5	1	1	0	1	1	1	1	11
OG0005183	2	1	2	1	1	1	1	2	11
OG0005184	4	1	1	1	1	1	1	1	11
OG0005185	4	1	1	1	1	1	1	1	11
OG0005186	3	1	1	1	1	1	2	1	11
OG0005187	4	1	1	1	1	1	1	1	11
OG0005188	3	1	1	2	1	1	1	1	11
OG0005189	4	1	1	1	1	1	1	1	11
OG0005190	1	1	1	1	1	1	1	4	11
OG0005191	3	1	1	1	1	1	1	2	11
OG0005192	2	2	1	1	1	1	1	2	11
OG0005193	1	1	1	1	1	2	1	3	11
OG0005194	4	2	0	1	1	1	1	1	11
OG0005195	3	3	0	0	1	2	1	1	11
OG0005196	1	1	2	2	2	1	1	1	11
OG0005197	3	2	1	1	1	1	1	1	11
OG0005198	4	1	1	1	1	1	1	1	11
OG0005199	3	1	1	1	1	1	1	2	11
OG0005200	3	2	1	1	1	1	1	1	11
OG0005201	2	1	3	1	1	1	1	1	11
OG0005202	4	1	1	1	1	1	1	1	11
OG0005203	4	1	1	1	1	1	1	1	11
OG0005204	1	2	1	1	1	2	1	2	11
OG0005205	2	2	1	2	1	1	1	1	11
OG0005206	4	1	1	1	1	1	1	1	11
OG0005207	2	2	1	1	2	3	0	0	11
OG0005208	1	2	1	2	1	3	1	0	11
OG0005209	1	2	1	1	2	1	2	1	11
OG0005210	4	1	1	1	1	1	1	1	11
OG0005211	2	2	1	1	1	2	1	1	11
OG0005212	2	2	1	2	1	1	1	1	11
OG0005213	4	7	0	0	0	0	0	0	11
OG0005214	1	2	2	2	1	1	1	1	11
OG0005215	4	1	1	1	1	1	1	1	11
OG0005216	4	2	1	1	1	1	1	0	11
OG0005217	3	1	1	1	1	1	1	2	11
OG0005218	1	1	2	2	1	1	1	2	11
OG0005219	1	1	1	1	1	1	1	4	11
OG0005220	2	1	1	1	2	1	1	2	11
OG0005221	1	1	3	2	1	1	1	1	11
OG0005222	3	1	1	1	2	1	1	1	11
OG0005223	4	1	1	1	1	1	1	1	11
OG0005224	3	1	2	1	1	1	1	1	11
OG0005225	2	1	1	2	1	2	1	1	11
OG0005226	2	1	1	2	2	1	1	1	11
OG0005227	4	1	1	1	1	1	1	1	11
OG0005228	4	1	1	1	1	1	1	1	11
OG0005229	2	2	1	1	2	1	1	1	11
OG0005230	4	1	1	1	1	1	1	1	11
OG0005231	2	1	2	2	1	1	1	1	11
OG0005232	2	2	1	1	2	1	1	1	11
OG0005233	3	2	1	1	1	1	1	1	11
OG0005234	3	1	1	2	1	1	1	1	11
OG0005235	1	3	2	1	1	1	1	1	11
OG0005236	2	2	1	0	1	1	2	2	11
OG0005237	3	1	1	1	1	1	1	2	11
OG0005238	2	1	1	2	2	1	1	1	11
OG0005239	9	1	0	0	0	0	0	1	11
OG0005240	1	2	1	1	2	2	1	1	11
OG0005241	4	1	1	1	1	1	1	1	11
OG0005242	2	1	2	3	2	1	0	0	11
OG0005243	4	2	1	0	1	1	1	1	11
OG0005244	2	1	1	2	1	1	1	2	11
OG0005245	1	2	2	1	1	1	1	2	11
OG0005246	2	2	1	1	1	1	1	2	11
OG0005247	2	1	1	2	3	1	0	1	11
OG0005248	2	1	1	1	1	1	1	3	11
OG0005249	3	1	1	1	1	1	1	2	11
OG0005250	1	1	1	1	1	2	1	3	11
OG0005251	2	1	1	2	1	1	1	2	11
OG0005252	3	1	2	1	1	1	1	1	11
OG0005253	3	2	1	1	1	1	1	1	11
OG0005254	2	2	1	1	1	1	1	2	11
OG0005255	4	1	2	1	1	1	0	1	11
OG0005256	2	1	1	2	1	1	1	2	11
OG0005257	4	1	1	1	1	1	1	1	11
OG0005258	4	1	1	1	1	1	1	1	11
OG0005259	3	1	1	2	1	1	1	1	11
OG0005260	2	4	1	1	1	1	0	1	11
OG0005261	4	1	1	1	1	1	1	1	11
OG0005262	5	1	1	1	1	1	1	0	11
OG0005263	3	2	1	1	1	1	1	1	11
OG0005264	3	2	1	1	1	1	1	1	11
OG0005265	9	2	0	0	0	0	0	0	11
OG0005266	2	1	3	1	1	1	1	1	11
OG0005267	4	1	1	1	1	1	1	1	11
OG0005268	4	1	1	1	1	1	1	1	11
OG0005269	6	1	0	0	1	2	1	0	11
OG0005270	3	2	1	1	1	1	1	1	11
OG0005271	6	1	0	0	1	1	1	1	11
OG0005272	3	1	1	1	1	1	2	1	11
OG0005273	4	1	1	1	1	1	1	1	11
OG0005274	3	2	1	1	1	1	1	1	11
OG0005275	4	1	1	1	1	1	1	1	11
OG0005276	4	1	1	1	1	1	1	1	11
OG0005277	3	1	2	1	1	1	1	1	11
OG0005278	4	1	1	1	1	1	1	1	11
OG0005279	3	1	1	1	1	2	1	1	11
OG0005280	3	1	1	1	1	1	1	2	11
OG0005281	3	1	1	1	1	1	2	1	11
OG0005282	2	1	1	1	1	3	1	1	11
OG0005283	1	2	2	2	1	1	1	1	11
OG0005284	1	1	2	1	1	2	1	2	11
OG0005285	5	1	1	1	1	1	1	0	11
OG0005286	3	2	1	1	1	1	1	1	11
OG0005287	2	1	3	1	1	1	1	1	11
OG0005288	4	1	1	1	1	1	1	1	11
OG0005289	3	1	1	1	2	1	1	1	11
OG0005290	2	2	1	1	1	1	1	2	11
OG0005291	3	1	1	1	1	2	1	1	11
OG0005292	2	1	2	1	1	1	1	2	11
OG0005293	3	2	1	1	1	1	1	1	11
OG0005294	5	1	1	1	1	1	1	0	11
OG0005295	3	2	1	1	1	1	1	1	11
OG0005296	4	1	1	1	1	1	1	1	11
OG0005297	2	1	1	1	1	1	1	3	11
OG0005298	3	1	1	1	1	1	1	2	11
OG0005299	3	1	1	1	1	2	1	1	11
OG0005300	4	1	1	1	1	1	1	1	11
OG0005301	3	1	2	1	1	1	1	1	11
OG0005302	4	1	1	1	1	1	1	1	11
OG0005303	4	1	1	1	1	1	1	1	11
OG0005304	3	1	2	1	1	1	1	1	11
OG0005305	1	5	1	1	1	1	0	1	11
OG0005306	2	2	1	1	1	1	1	2	11
OG0005307	4	1	3	1	1	1	0	0	11
OG0005308	2	1	2	1	1	1	1	2	11
OG0005309	3	1	1	1	2	1	1	1	11
OG0005310	2	2	1	1	1	1	1	2	11
OG0005311	3	1	2	1	1	1	1	1	11
OG0005312	3	1	1	1	1	1	1	2	11
OG0005313	3	2	0	1	2	1	1	1	11
OG0005314	4	1	1	1	1	1	1	1	11
OG0005315	4	1	1	1	1	1	1	1	11
OG0005316	2	2	3	0	1	1	1	1	11
OG0005317	1	3	2	1	1	1	1	1	11
OG0005318	11	0	0	0	0	0	0	0	11
OG0005319	3	1	1	2	1	1	1	1	11
OG0005320	1	3	2	1	1	1	1	1	11
OG0005321	5	2	1	0	1	1	1	0	11
OG0005322	3	1	2	1	1	1	1	1	11
OG0005323	4	1	1	0	2	1	1	1	11
OG0005324	3	1	1	1	2	2	1	0	11
OG0005325	5	1	1	0	1	1	1	1	11
OG0005326	4	1	1	1	1	1	1	1	11
OG0005327	4	1	1	1	1	1	1	1	11
OG0005328	4	1	1	1	1	1	1	1	11
OG0005329	3	1	1	1	1	1	1	2	11
OG0005330	1	1	1	1	2	1	3	1	11
OG0005331	4	1	1	1	1	1	1	1	11
OG0005332	3	2	1	1	1	1	1	1	11
OG0005333	1	2	1	1	1	2	1	2	11
OG0005334	3	1	1	1	2	1	1	1	11
OG0005335	4	1	1	1	1	1	1	1	11
OG0005336	3	1	1	2	1	1	1	1	11
OG0005337	3	2	1	1	1	1	1	1	11
OG0005338	3	1	0	1	4	1	1	0	11
OG0005339	3	1	1	1	1	1	2	1	11
OG0005340	2	1	2	2	1	1	1	1	11
OG0005341	2	1	1	1	2	2	1	1	11
OG0005342	2	1	2	1	1	1	1	2	11
OG0005343	3	1	2	1	1	1	1	1	11
OG0005344	4	1	1	1	1	1	1	1	11
OG0005345	3	1	1	2	1	1	1	1	11
OG0005346	5	1	0	0	1	1	2	1	11
OG0005347	3	1	1	2	1	1	1	1	11
OG0005348	4	1	1	1	1	1	1	1	11
OG0005349	4	1	1	1	1	1	1	1	11
OG0005350	3	1	1	1	2	1	1	1	11
OG0005351	1	1	2	1	1	1	1	3	11
OG0005352	4	1	1	1	1	1	1	1	11
OG0005353	1	3	1	1	1	1	1	2	11
OG0005354	2	2	2	1	1	1	1	1	11
OG0005355	3	2	1	1	1	1	1	1	11
OG0005356	1	5	1	0	1	1	1	1	11
OG0005357	4	1	1	1	1	1	1	1	11
OG0005358	3	1	1	1	1	1	1	2	11
OG0005359	1	0	0	0	4	0	6	0	11
OG0005360	4	7	0	0	0	0	0	0	11
OG0005361	4	1	1	1	1	1	1	1	11
OG0005362	3	1	1	1	1	1	1	2	11
OG0005363	1	1	2	1	2	2	1	1	11
OG0005364	6	1	1	2	0	0	0	1	11
OG0005365	2	1	2	1	1	1	1	2	11
OG0005366	5	1	1	1	1	1	1	0	11
OG0005367	2	1	2	1	1	1	1	2	11
OG0005368	4	0	1	1	1	1	1	2	11
OG0005369	2	3	1	1	1	1	1	1	11
OG0005370	2	2	1	1	1	2	1	1	11
OG0005371	3	2	1	0	2	1	1	1	11
OG0005372	4	1	1	1	1	1	1	1	11
OG0005373	2	2	1	2	1	1	1	1	11
OG0005374	1	2	3	0	1	2	1	1	11
OG0005375	3	1	2	1	1	1	1	1	11
OG0005376	2	1	1	3	1	1	1	1	11
OG0005377	1	1	2	1	1	1	3	1	11
OG0005378	4	1	1	1	1	1	1	1	11
OG0005379	3	1	1	2	1	1	1	1	11
OG0005380	4	1	1	1	1	1	1	1	11
OG0005381	5	1	0	1	1	1	1	1	11
OG0005382	4	1	1	1	1	1	1	1	11
OG0005383	3	1	1	2	1	1	1	1	11
OG0005384	1	2	2	2	1	1	1	1	11
OG0005385	2	2	1	1	1	2	1	1	11
OG0005386	1	2	1	2	1	2	1	1	11
OG0005387	2	2	1	1	3	1	1	0	11
OG0005388	3	2	1	1	1	1	1	1	11
OG0005389	2	1	1	2	1	1	1	2	11
OG0005390	3	1	2	1	1	1	1	1	11
OG0005391	2	2	1	2	1	1	1	1	11
OG0005392	4	1	1	1	1	1	1	1	11
OG0005393	4	1	1	1	1	1	1	1	11
OG0005394	4	1	1	1	1	1	1	1	11
OG0005395	1	1	2	2	1	2	1	1	11
OG0005396	4	2	1	1	1	0	1	1	11
OG0005397	1	1	3	0	2	2	1	1	11
OG0005398	2	1	1	1	1	1	1	3	11
OG0005399	3	2	1	1	1	1	1	1	11
OG0005400	2	3	1	1	1	1	1	1	11
OG0005401	5	1	1	0	1	1	1	1	11
OG0005402	2	1	2	1	2	1	1	1	11
OG0005403	1	1	1	1	1	1	1	4	11
OG0005404	3	1	1	1	1	2	1	1	11
OG0005405	3	1	1	1	1	2	1	1	11
OG0005406	3	1	2	1	1	1	1	1	11
OG0005407	4	1	1	1	1	1	1	1	11
OG0005408	4	2	0	1	1	1	1	1	11
OG0005409	2	2	2	1	1	1	1	1	11
OG0005410	3	1	0	2	1	2	1	1	11
OG0005411	4	1	1	1	1	1	1	1	11
OG0005412	3	2	1	1	1	1	1	1	11
OG0005413	2	1	1	2	1	1	1	2	11
OG0005414	2	3	1	1	1	1	1	1	11
OG0005415	2	1	1	1	1	1	3	1	11
OG0005416	2	2	2	1	1	1	1	1	11
OG0005417	4	1	1	1	1	1	1	1	11
OG0005418	4	1	1	1	1	1	1	1	11
OG0005419	3	1	1	1	1	2	1	1	11
OG0005420	1	1	1	1	1	1	2	3	11
OG0005421	1	3	1	1	1	2	1	1	11
OG0005422	3	2	1	1	1	2	1	0	11
OG0005423	1	1	4	1	1	1	1	1	11
OG0005424	3	2	0	1	1	2	1	1	11
OG0005425	3	1	1	1	1	2	1	1	11
OG0005426	1	1	4	1	1	1	1	1	11
OG0005427	4	1	1	1	1	1	1	1	11
OG0005428	1	1	1	0	1	1	5	1	11
OG0005429	1	2	2	1	1	1	1	2	11
OG0005430	2	3	1	1	1	1	1	1	11
OG0005431	4	1	1	1	1	1	1	1	11
OG0005432	1	2	1	0	1	1	4	1	11
OG0005433	1	1	1	1	1	1	1	4	11
OG0005434	2	1	1	1	1	1	2	2	11
OG0005435	1	1	1	1	0	0	1	6	11
OG0005436	4	1	1	1	1	1	1	1	11
OG0005437	2	1	1	1	1	1	1	3	11
OG0005438	2	3	1	1	1	1	1	1	11
OG0005439	2	1	2	1	1	1	1	2	11
OG0005440	4	1	1	1	1	1	1	1	11
OG0005441	4	1	1	1	1	1	1	1	11
OG0005442	4	1	0	2	1	1	1	1	11
OG0005443	4	1	1	1	1	1	1	1	11
OG0005444	4	1	1	1	1	1	1	1	11
OG0005445	2	2	1	1	1	1	1	2	11
OG0005446	3	2	1	1	1	1	1	1	11
OG0005447	4	1	1	1	1	1	1	1	11
OG0005448	3	2	1	1	1	1	1	1	11
OG0005449	1	4	1	1	1	1	1	1	11
OG0005450	2	2	1	1	1	1	1	2	11
OG0005451	3	2	1	1	1	1	1	1	11
OG0005452	2	3	1	1	1	1	1	1	11
OG0005453	5	2	1	0	1	2	0	0	11
OG0005454	3	1	2	1	1	1	1	1	11
OG0005455	2	1	2	1	2	1	1	1	11
OG0005456	2	1	1	2	1	1	1	2	11
OG0005457	3	2	1	1	1	1	1	1	11
OG0005458	1	4	1	1	1	1	1	1	11
OG0005459	2	2	2	1	1	1	1	1	11
OG0005460	3	1	1	1	2	1	1	1	11
OG0005461	3	2	1	1	1	1	1	1	11
OG0005462	1	1	1	1	1	1	1	4	11
OG0005463	2	2	1	2	1	1	1	1	11
OG0005464	4	1	1	1	1	1	1	1	11
OG0005465	1	2	1	1	2	1	1	2	11
OG0005466	1	5	1	1	1	0	1	1	11
OG0005467	3	1	2	1	1	1	1	1	11
OG0005468	4	1	1	1	1	1	1	1	11
OG0005469	2	3	1	1	1	1	1	1	11
OG0005470	1	2	2	1	1	1	1	2	11
OG0005471	4	1	1	1	1	1	1	1	11
OG0005472	5	0	1	1	1	1	1	1	11
OG0005473	4	1	0	1	1	1	1	2	11
OG0005474	1	1	3	1	2	1	1	1	11
OG0005475	11	0	0	0	0	0	0	0	11
OG0005476	4	1	1	1	1	1	1	1	11
OG0005477	2	3	1	1	1	1	1	1	11
OG0005478	2	1	1	1	2	1	1	2	11
OG0005479	1	2	1	0	3	2	1	1	11
OG0005480	7	4	0	0	0	0	0	0	11
OG0005481	2	2	2	1	1	1	1	1	11
OG0005482	4	1	1	1	1	1	1	1	11
OG0005483	2	3	1	1	1	1	1	1	11
OG0005484	3	2	1	1	1	1	1	1	11
OG0005485	2	2	1	1	1	1	1	2	11
OG0005486	4	1	1	1	1	1	1	1	11
OG0005487	4	1	1	1	1	1	1	1	11
OG0005488	4	1	1	1	1	1	1	1	11
OG0005489	2	2	1	2	1	1	1	1	11
OG0005490	3	1	0	0	1	1	1	4	11
OG0005491	11	0	0	0	0	0	0	0	11
OG0005492	2	2	1	1	1	1	1	2	11
OG0005493	1	2	2	0	1	2	1	2	11
OG0005494	3	1	1	1	2	1	1	1	11
OG0005495	4	1	1	1	1	1	1	1	11
OG0005496	1	1	2	0	1	1	1	4	11
OG0005497	4	1	1	1	1	1	1	1	11
OG0005498	3	2	1	1	1	1	1	1	11
OG0005499	5	1	1	1	1	1	1	0	11
OG0005500	1	2	1	1	2	2	1	1	11
OG0005501	4	1	1	1	1	1	1	1	11
OG0005502	5	1	1	0	1	1	1	1	11
OG0005503	2	1	2	2	1	1	1	1	11
OG0005504	3	2	1	1	1	1	1	1	11
OG0005505	4	1	1	1	1	1	1	1	11
OG0005506	2	1	2	1	1	1	2	1	11
OG0005507	4	1	1	1	1	1	1	1	11
OG0005508	1	3	2	1	1	1	1	1	11
OG0005509	3	1	2	1	1	1	1	1	11
OG0005510	3	1	2	1	1	1	1	1	11
OG0005511	3	1	2	1	1	1	1	1	11
OG0005512	3	1	1	1	1	2	1	1	11
OG0005513	3	1	1	1	1	1	2	1	11
OG0005514	2	1	1	1	1	1	2	2	11
OG0005515	4	1	1	1	1	1	1	1	11
OG0005516	5	1	0	1	1	1	1	1	11
OG0005517	2	1	2	2	1	1	1	1	11
OG0005518	2	1	1	1	1	4	0	1	11
OG0005519	3	2	1	1	1	1	1	1	11
OG0005520	4	1	1	1	1	1	1	1	11
OG0005521	1	1	2	2	2	1	1	1	11
OG0005522	1	1	2	1	1	1	1	3	11
OG0005523	3	1	1	2	1	1	1	1	11
OG0005524	2	1	2	1	3	2	0	0	11
OG0005525	2	1	2	1	1	1	1	2	11
OG0005526	3	2	1	1	1	1	1	1	11
OG0005527	1	1	1	1	1	1	1	4	11
OG0005528	2	1	1	2	1	1	1	2	11
OG0005529	2	3	1	1	1	1	1	1	11
OG0005530	4	1	1	1	1	1	1	1	11
OG0005531	1	1	2	2	2	1	1	1	11
OG0005532	1	4	1	1	1	1	1	1	11
OG0005533	4	1	1	1	1	1	1	1	11
OG0005534	5	1	0	1	1	1	1	1	11
OG0005535	4	1	1	1	1	1	1	1	11
OG0005536	3	1	1	1	1	1	1	2	11
OG0005537	2	2	1	1	1	1	1	2	11
OG0005538	1	1	1	1	2	1	1	3	11
OG0005539	4	1	1	1	1	1	1	1	11
OG0005540	1	3	1	2	1	1	1	1	11
OG0005541	1	2	1	1	3	1	1	1	11
OG0005542	2	3	1	1	1	1	1	1	11
OG0005543	1	4	1	1	1	1	1	1	11
OG0005544	2	3	1	0	1	1	1	2	11
OG0005545	1	1	1	2	2	1	1	2	11
OG0005546	3	2	0	1	1	2	1	1	11
OG0005547	11	0	0	0	0	0	0	0	11
OG0005548	2	3	1	1	1	1	1	1	11
OG0005549	1	3	1	1	2	1	1	1	11
OG0005550	2	2	1	2	1	1	1	1	11
OG0005551	2	2	2	1	1	2	1	0	11
OG0005552	3	1	1	2	1	1	1	1	11
OG0005553	11	0	0	0	0	0	0	0	11
OG0005554	1	1	3	2	1	1	1	1	11
OG0005555	2	2	1	1	1	2	1	1	11
OG0005556	2	1	2	1	1	2	1	1	11
OG0005557	4	1	1	1	1	1	1	1	11
OG0005558	3	1	1	1	1	2	1	1	11
OG0005559	3	1	1	1	2	1	1	1	11
OG0005560	1	1	3	1	1	1	1	2	11
OG0005561	3	3	1	0	1	1	1	1	11
OG0005562	3	2	1	1	1	1	1	1	11
OG0005563	3	2	1	1	1	1	1	1	11
OG0005564	4	1	1	1	1	1	1	1	11
OG0005565	2	1	1	1	1	1	2	2	11
OG0005566	2	1	1	1	2	1	1	2	11
OG0005567	4	1	1	1	1	1	1	1	11
OG0005568	3	2	1	1	1	1	1	1	11
OG0005569	4	2	0	0	1	2	2	0	11
OG0005570	4	3	0	0	1	1	1	1	11
OG0005571	2	2	1	1	1	1	1	2	11
OG0005572	3	2	1	1	1	1	1	1	11
OG0005573	4	1	1	1	1	1	1	1	11
OG0005574	4	1	1	1	1	1	1	1	11
OG0005575	1	2	0	1	1	2	1	3	11
OG0005576	2	1	2	1	1	1	2	1	11
OG0005577	2	1	1	1	1	2	1	2	11
OG0005578	3	1	1	1	1	2	1	1	11
OG0005579	2	3	1	1	1	1	1	1	11
OG0005580	4	1	1	1	1	1	1	1	11
OG0005581	4	1	1	1	1	1	1	1	11
OG0005582	2	1	3	1	1	1	1	1	11
OG0005583	2	2	1	1	1	1	1	2	11
OG0005584	4	1	1	1	1	1	1	1	11
OG0005585	1	1	1	1	4	1	1	1	11
OG0005586	1	2	1	1	1	1	1	3	11
OG0005587	5	0	1	1	1	1	1	1	11
OG0005588	2	2	1	1	1	2	1	1	11
OG0005589	3	1	1	1	1	1	1	2	11
OG0005590	1	1	2	1	1	2	1	2	11
OG0005591	1	1	1	2	1	1	1	3	11
OG0005592	3	2	1	1	1	1	1	1	11
OG0005593	4	1	1	1	1	1	1	1	11
OG0005594	2	2	1	2	1	1	1	1	11
OG0005595	4	1	1	1	1	1	1	1	11
OG0005596	2	3	1	1	1	1	1	1	11
OG0005597	1	2	1	1	1	1	1	3	11
OG0005598	3	2	1	1	1	1	1	1	11
OG0005599	3	1	1	1	2	1	1	1	11
OG0005600	1	1	3	1	1	1	1	2	11
OG0005601	3	1	1	2	1	1	1	1	11
OG0005602	3	2	1	1	1	1	1	1	11
OG0005603	1	1	3	1	1	1	1	2	11
OG0005604	3	2	1	1	1	1	1	1	11
OG0005605	1	3	1	1	1	1	2	1	11
OG0005606	2	1	1	1	2	2	1	1	11
OG0005607	5	1	1	0	1	1	1	1	11
OG0005608	4	1	1	1	1	1	1	1	11
OG0005609	3	1	1	1	1	2	1	1	11
OG0005610	4	1	1	1	1	1	1	1	11
OG0005611	3	1	1	1	1	2	1	1	11
OG0005612	2	1	1	1	1	2	1	2	11
OG0005613	3	1	1	1	1	1	1	2	11
OG0005614	2	3	1	1	1	1	1	1	11
OG0005615	1	2	1	1	2	2	1	1	11
OG0005616	4	1	1	1	1	1	1	1	11
OG0005617	3	2	1	1	1	1	1	1	11
OG0005618	4	1	1	1	1	1	1	1	11
OG0005619	4	1	1	1	1	1	1	1	11
OG0005620	3	1	1	1	1	2	1	1	11
OG0005621	4	1	1	1	1	1	1	1	11
OG0005622	4	1	1	1	1	1	1	1	11
OG0005623	1	2	1	1	1	1	1	3	11
OG0005624	1	2	2	1	1	1	1	2	11
OG0005625	2	2	2	1	1	1	1	1	11
OG0005626	2	1	1	1	1	1	1	3	11
OG0005627	4	1	1	1	1	1	1	1	11
OG0005628	3	2	1	1	1	1	1	1	11
OG0005629	4	1	1	1	1	1	1	1	11
OG0005630	3	1	2	1	1	1	1	1	11
OG0005631	3	1	1	2	1	1	1	1	11
OG0005632	1	1	1	1	2	2	2	1	11
OG0005633	4	1	1	1	1	1	1	1	11
OG0005634	1	5	1	1	1	1	1	0	11
OG0005635	1	5	1	1	1	2	0	0	11
OG0005636	4	1	1	1	1	1	1	1	11
OG0005637	4	1	1	1	1	1	1	1	11
OG0005638	4	1	1	1	1	1	1	1	11
OG0005639	3	1	1	1	1	1	2	1	11
OG0005640	3	2	1	1	1	1	1	1	11
OG0005641	2	1	2	1	1	1	1	2	11
OG0005642	3	1	1	2	1	1	1	1	11
OG0005643	3	2	1	2	1	1	1	0	11
OG0005644	1	2	2	2	1	1	1	1	11
OG0005645	3	1	1	1	1	1	1	2	11
OG0005646	1	2	1	1	1	2	2	1	11
OG0005647	1	1	1	1	1	1	1	4	11
OG0005648	2	2	1	1	1	2	1	1	11
OG0005649	3	2	1	1	1	1	1	1	11
OG0005650	1	2	2	1	1	1	1	2	11
OG0005651	3	1	1	2	1	1	1	1	11
OG0005652	2	3	1	1	1	1	1	1	11
OG0005653	3	2	0	0	1	1	1	3	11
OG0005654	3	2	1	1	1	1	1	1	11
OG0005655	2	1	1	1	1	1	1	3	11
OG0005656	2	1	1	2	1	1	1	2	11
OG0005657	3	1	0	1	1	1	1	3	11
OG0005658	2	1	1	3	1	1	1	1	11
OG0005659	3	2	1	1	1	1	1	1	11
OG0005660	4	1	1	1	1	1	1	1	11
OG0005661	1	4	1	1	1	1	1	1	11
OG0005662	2	3	1	1	1	1	1	1	11
OG0005663	3	1	1	2	1	1	1	1	11
OG0005664	4	1	1	1	1	1	1	1	11
OG0005665	2	2	1	1	2	1	1	1	11
OG0005666	2	3	1	1	1	1	1	1	11
OG0005667	4	1	1	1	1	1	1	1	11
OG0005668	1	2	0	0	1	2	5	0	11
OG0005669	1	1	0	2	2	1	4	0	11
OG0005670	1	1	1	1	2	2	3	0	11
OG0005671	1	2	0	0	2	2	3	1	11
OG0005672	1	1	0	0	2	1	3	3	11
OG0005673	1	1	0	0	2	1	6	0	11
OG0005674	1	1	0	0	1	2	6	0	11
OG0005675	1	1	0	0	0	0	9	0	11
OG0005676	0	11	0	0	0	0	0	0	11
OG0005677	0	4	0	0	4	2	1	0	11
OG0005678	0	11	0	0	0	0	0	0	11
OG0005679	0	11	0	0	0	0	0	0	11
OG0005680	0	1	0	0	7	2	1	0	11
OG0005681	0	2	1	1	1	1	4	1	11
OG0005682	0	2	1	0	2	2	2	2	11
OG0005683	0	1	2	1	0	0	0	7	11
OG0005684	0	2	4	1	1	1	1	1	11
OG0005685	0	1	0	0	4	2	4	0	11
OG0005686	0	3	0	1	4	3	0	0	11
OG0005687	0	1	2	1	2	2	2	1	11
OG0005688	0	3	2	2	1	1	1	1	11
OG0005689	0	3	3	2	2	1	0	0	11
OG0005690	0	0	10	0	1	0	0	0	11
OG0005691	0	0	6	0	0	0	0	5	11
OG0005692	0	0	8	0	0	0	0	3	11
OG0005693	0	0	2	1	0	0	0	8	11
OG0005694	0	0	10	0	0	0	0	1	11
OG0005695	0	0	3	2	2	0	1	3	11
OG0005696	0	0	2	0	0	0	0	9	11
OG0005697	0	0	1	2	0	0	0	8	11
OG0005698	0	0	2	0	0	0	0	9	11
OG0005699	0	0	1	2	0	0	0	8	11
OG0005700	0	0	4	1	0	0	0	6	11
OG0005701	0	0	1	0	0	0	0	10	11
OG0005702	0	0	1	0	0	0	0	10	11
OG0005703	0	0	1	0	0	0	0	10	11
OG0005704	0	0	1	0	0	0	0	10	11
OG0005705	0	0	0	10	0	0	0	1	11
OG0005706	0	0	0	11	0	0	0	0	11
OG0005707	0	0	0	0	11	0	0	0	11
OG0005708	0	0	0	0	5	1	5	0	11
OG0005709	0	0	0	0	3	1	7	0	11
OG0005710	0	0	0	0	3	5	3	0	11
OG0005711	0	0	0	0	3	4	4	0	11
OG0005712	0	0	0	0	3	7	1	0	11
OG0005713	0	0	0	0	1	0	10	0	11
OG0005714	0	0	0	0	0	1	10	0	11
OG0005715	0	0	0	0	0	0	11	0	11
OG0005716	0	0	0	0	0	0	1	10	11
OG0005717	0	0	0	0	0	0	0	11	11
OG0005718	1	3	2	1	2	1	0	0	10
OG0005719	1	1	3	1	2	2	0	0	10
OG0005720	2	1	2	1	1	1	1	1	10
OG0005721	2	2	1	1	1	1	1	1	10
OG0005722	2	2	1	1	1	1	1	1	10
OG0005723	3	2	1	1	1	2	0	0	10
OG0005724	3	2	1	1	1	1	1	0	10
OG0005725	1	1	4	2	1	1	0	0	10
OG0005726	2	1	1	1	1	1	1	2	10
OG0005727	1	3	2	1	1	1	1	0	10
OG0005728	2	2	0	1	1	2	1	1	10
OG0005729	2	1	1	2	1	1	1	1	10
OG0005730	2	2	1	1	1	2	1	0	10
OG0005731	0	2	2	1	1	2	1	1	10
OG0005732	1	2	1	1	1	1	1	2	10
OG0005733	1	2	1	1	1	2	1	1	10
OG0005734	0	0	2	4	0	1	0	3	10
OG0005735	2	1	1	2	1	1	1	1	10
OG0005736	2	1	0	2	2	1	1	1	10
OG0005737	8	1	0	0	0	1	0	0	10
OG0005738	1	1	1	1	1	3	1	1	10
OG0005739	4	1	0	1	1	1	1	1	10
OG0005740	3	1	1	1	1	1	1	1	10
OG0005741	3	3	1	1	1	1	0	0	10
OG0005742	1	1	3	1	1	1	1	1	10
OG0005743	5	1	2	0	0	1	1	0	10
OG0005744	1	1	2	2	1	1	1	1	10
OG0005745	1	2	2	1	1	1	1	1	10
OG0005746	0	2	2	2	2	2	0	0	10
OG0005747	9	0	0	0	1	0	0	0	10
OG0005748	4	2	1	0	0	2	1	0	10
OG0005749	3	1	1	1	1	1	1	1	10
OG0005750	2	2	1	1	1	1	1	1	10
OG0005751	3	1	1	1	1	1	1	1	10
OG0005752	2	1	1	1	1	2	1	1	10
OG0005753	3	1	1	1	1	1	1	1	10
OG0005754	2	1	1	2	1	1	1	1	10
OG0005755	3	2	1	1	1	1	1	0	10
OG0005756	1	4	0	1	2	2	0	0	10
OG0005757	3	1	1	1	1	1	1	1	10
OG0005758	2	1	0	2	1	1	1	2	10
OG0005759	2	3	1	1	1	2	0	0	10
OG0005760	3	1	2	1	1	1	1	0	10
OG0005761	4	1	1	1	1	1	1	0	10
OG0005762	2	1	2	1	1	1	1	1	10
OG0005763	2	1	3	1	1	1	1	0	10
OG0005764	2	2	2	1	1	2	0	0	10
OG0005765	3	1	1	0	1	1	1	2	10
OG0005766	3	1	1	1	1	1	1	1	10
OG0005767	0	1	2	1	1	2	2	1	10
OG0005768	2	1	1	1	1	2	1	1	10
OG0005769	3	2	1	0	1	1	1	1	10
OG0005770	1	3	1	1	1	1	1	1	10
OG0005771	4	0	1	0	4	1	0	0	10
OG0005772	3	1	1	1	1	1	1	1	10
OG0005773	6	0	1	1	1	1	0	0	10
OG0005774	2	2	1	1	1	1	1	1	10
OG0005775	1	3	1	1	1	2	1	0	10
OG0005776	1	1	2	1	1	1	1	2	10
OG0005777	6	4	0	0	0	0	0	0	10
OG0005778	2	3	0	0	1	2	1	1	10
OG0005779	4	0	1	1	1	1	1	1	10
OG0005780	1	1	1	3	1	1	1	1	10
OG0005781	3	1	1	1	1	1	1	1	10
OG0005782	3	1	0	3	1	1	1	0	10
OG0005783	3	2	2	2	0	0	0	1	10
OG0005784	0	2	1	1	2	2	2	0	10
OG0005785	2	2	1	1	1	2	1	0	10
OG0005786	2	1	1	1	1	1	1	2	10
OG0005787	2	1	2	1	1	1	1	1	10
OG0005788	3	2	0	1	1	1	1	1	10
OG0005789	1	2	2	1	1	1	1	1	10
OG0005790	1	1	3	0	2	1	2	0	10
OG0005791	3	1	2	1	1	2	0	0	10
OG0005792	2	1	2	1	1	1	1	1	10
OG0005793	3	1	1	1	1	1	1	1	10
OG0005794	0	1	1	2	1	1	1	3	10
OG0005795	3	1	1	1	1	1	1	1	10
OG0005796	3	1	1	1	1	1	1	1	10
OG0005797	3	2	0	1	1	1	1	1	10
OG0005798	2	1	2	1	1	1	1	1	10
OG0005799	0	1	0	1	2	2	3	1	10
OG0005800	3	1	1	1	1	1	1	1	10
OG0005801	2	2	1	1	1	1	1	1	10
OG0005802	9	1	0	0	0	0	0	0	10
OG0005803	3	1	1	1	1	1	1	1	10
OG0005804	3	1	1	1	1	1	1	1	10
OG0005805	4	1	1	1	1	1	1	0	10
OG0005806	3	1	1	1	1	1	1	1	10
OG0005807	3	1	1	1	1	1	1	1	10
OG0005808	2	2	1	1	1	1	1	1	10
OG0005809	3	1	1	1	1	1	1	1	10
OG0005810	1	4	1	0	0	1	1	2	10
OG0005811	9	1	0	0	0	0	0	0	10
OG0005812	2	1	2	1	1	1	1	1	10
OG0005813	3	1	1	1	1	1	1	1	10
OG0005814	1	3	1	0	1	3	1	0	10
OG0005815	4	1	1	1	1	1	1	0	10
OG0005816	3	0	1	2	1	1	1	1	10
OG0005817	3	1	1	1	1	1	1	1	10
OG0005818	1	3	1	1	1	1	1	1	10
OG0005819	2	1	1	2	1	1	1	1	10
OG0005820	3	1	1	1	1	1	1	1	10
OG0005821	3	1	1	1	1	1	1	1	10
OG0005822	2	2	1	1	1	1	1	1	10
OG0005823	3	1	1	1	1	1	1	1	10
OG0005824	3	3	1	1	1	1	0	0	10
OG0005825	1	1	2	1	2	1	1	1	10
OG0005826	5	1	1	1	1	1	0	0	10
OG0005827	4	1	1	1	1	1	1	0	10
OG0005828	2	1	2	1	1	1	1	1	10
OG0005829	2	1	2	2	1	1	1	0	10
OG0005830	1	2	1	1	1	2	1	1	10
OG0005831	1	3	2	1	1	1	1	0	10
OG0005832	1	1	1	1	3	1	1	1	10
OG0005833	3	1	1	1	1	1	1	1	10
OG0005834	1	2	1	1	2	1	1	1	10
OG0005835	3	3	0	0	1	1	1	1	10
OG0005836	1	3	1	0	1	2	1	1	10
OG0005837	1	1	4	0	1	1	1	1	10
OG0005838	1	1	2	2	1	1	1	1	10
OG0005839	3	1	1	1	1	1	1	1	10
OG0005840	1	3	1	1	1	1	1	1	10
OG0005841	3	1	1	1	1	1	1	1	10
OG0005842	2	2	1	1	1	1	1	1	10
OG0005843	3	2	1	1	1	1	1	0	10
OG0005844	3	2	2	1	1	1	0	0	10
OG0005845	3	1	1	1	1	1	1	1	10
OG0005846	1	2	3	1	1	2	0	0	10
OG0005847	2	2	1	1	1	1	1	1	10
OG0005848	1	1	1	1	1	1	1	3	10
OG0005849	1	1	2	1	1	1	1	2	10
OG0005850	3	1	1	1	1	1	1	1	10
OG0005851	9	1	0	0	0	0	0	0	10
OG0005852	5	2	2	0	0	1	0	0	10
OG0005853	3	1	1	1	1	1	1	1	10
OG0005854	1	3	1	1	1	1	1	1	10
OG0005855	1	1	1	3	1	1	1	1	10
OG0005856	1	7	1	0	0	1	0	0	10
OG0005857	6	2	0	0	1	1	0	0	10
OG0005858	3	2	1	0	1	1	1	1	10
OG0005859	3	1	1	1	1	1	1	1	10
OG0005860	3	2	0	0	2	2	1	0	10
OG0005861	1	4	1	1	0	1	1	1	10
OG0005862	2	1	1	1	1	1	1	2	10
OG0005863	2	1	2	1	1	1	1	1	10
OG0005864	3	1	1	1	1	1	1	1	10
OG0005865	2	3	0	1	1	1	1	1	10
OG0005866	4	1	1	1	1	1	1	0	10
OG0005867	3	2	3	0	1	1	0	0	10
OG0005868	2	1	1	1	1	1	1	2	10
OG0005869	9	0	1	0	0	0	0	0	10
OG0005870	3	2	1	1	1	1	1	0	10
OG0005871	4	1	1	1	1	1	1	0	10
OG0005872	1	1	1	0	1	1	1	4	10
OG0005873	2	1	1	1	1	1	1	2	10
OG0005874	3	1	1	1	1	1	1	1	10
OG0005875	2	1	2	1	1	1	1	1	10
OG0005876	3	1	1	1	1	1	1	1	10
OG0005877	2	1	1	1	1	2	1	1	10
OG0005878	2	1	1	2	1	1	1	1	10
OG0005879	3	2	1	1	1	1	1	0	10
OG0005880	7	2	0	0	0	0	0	1	10
OG0005881	2	2	1	1	1	1	1	1	10
OG0005882	1	1	2	2	1	1	1	1	10
OG0005883	2	2	1	1	1	1	1	1	10
OG0005884	2	2	1	1	1	1	1	1	10
OG0005885	3	1	0	1	1	1	1	2	10
OG0005886	3	1	1	1	1	1	1	1	10
OG0005887	1	4	0	1	1	1	1	1	10
OG0005888	3	1	1	1	1	1	1	1	10
OG0005889	1	2	1	1	2	1	1	1	10
OG0005890	2	2	1	1	1	1	1	1	10
OG0005891	4	1	1	1	1	1	1	0	10
OG0005892	2	1	1	1	1	2	1	1	10
OG0005893	3	1	1	1	1	1	1	1	10
OG0005894	4	1	1	0	1	1	1	1	10
OG0005895	1	1	2	1	1	2	1	1	10
OG0005896	1	3	1	1	1	1	1	1	10
OG0005897	3	1	1	1	1	1	1	1	10
OG0005898	3	1	1	1	1	1	1	1	10
OG0005899	3	1	1	3	1	1	0	0	10
OG0005900	2	1	1	2	1	1	1	1	10
OG0005901	2	1	2	1	1	1	1	1	10
OG0005902	2	2	1	0	1	2	1	1	10
OG0005903	1	3	1	1	1	1	1	1	10
OG0005904	3	1	1	1	1	1	1	1	10
OG0005905	1	2	2	1	1	1	1	1	10
OG0005906	1	3	1	1	1	1	1	1	10
OG0005907	3	1	1	1	1	1	1	1	10
OG0005908	3	1	0	1	1	1	1	2	10
OG0005909	1	2	2	1	1	1	1	1	10
OG0005910	3	1	1	1	1	1	1	1	10
OG0005911	2	1	1	1	1	1	1	2	10
OG0005912	1	1	1	2	1	1	1	2	10
OG0005913	1	2	1	2	1	1	1	1	10
OG0005914	1	3	1	1	1	1	1	1	10
OG0005915	3	1	1	1	1	1	1	1	10
OG0005916	3	1	1	1	1	1	1	1	10
OG0005917	1	2	1	1	1	2	1	1	10
OG0005918	3	1	1	1	1	1	1	1	10
OG0005919	2	1	2	1	1	1	1	1	10
OG0005920	2	1	1	1	1	2	1	1	10
OG0005921	2	2	1	1	1	1	1	1	10
OG0005922	3	1	1	1	1	1	1	1	10
OG0005923	2	2	1	1	1	1	1	1	10
OG0005924	1	2	2	0	2	2	1	0	10
OG0005925	1	3	1	1	1	1	1	1	10
OG0005926	1	3	2	2	1	0	0	1	10
OG0005927	3	1	1	1	1	1	1	1	10
OG0005928	2	1	1	2	1	1	1	1	10
OG0005929	3	1	1	1	1	1	1	1	10
OG0005930	3	1	1	1	1	1	1	1	10
OG0005931	2	1	1	1	1	1	1	2	10
OG0005932	3	1	1	1	1	1	1	1	10
OG0005933	4	1	0	1	1	1	1	1	10
OG0005934	3	1	1	1	1	1	1	1	10
OG0005935	3	1	1	1	1	1	1	1	10
OG0005936	1	2	2	1	1	1	1	1	10
OG0005937	4	1	1	1	1	1	1	0	10
OG0005938	3	1	1	1	1	1	1	1	10
OG0005939	3	1	1	1	1	1	1	1	10
OG0005940	1	2	0	0	1	2	3	1	10
OG0005941	1	3	1	1	1	1	1	1	10
OG0005942	4	1	1	1	1	0	1	1	10
OG0005943	1	2	1	1	1	2	1	1	10
OG0005944	0	2	4	0	1	1	1	1	10
OG0005945	3	1	1	1	1	1	1	1	10
OG0005946	2	1	2	1	1	1	1	1	10
OG0005947	1	4	1	2	1	1	0	0	10
OG0005948	2	1	1	1	1	1	1	2	10
OG0005949	1	2	1	1	1	2	1	1	10
OG0005950	2	1	1	2	1	1	1	1	10
OG0005951	1	0	2	2	1	1	1	2	10
OG0005952	1	1	1	1	1	2	1	2	10
OG0005953	4	0	1	1	1	1	1	1	10
OG0005954	3	1	1	1	1	1	1	1	10
OG0005955	3	1	1	1	1	1	1	1	10
OG0005956	1	1	1	1	3	1	1	1	10
OG0005957	3	2	0	1	1	1	1	1	10
OG0005958	2	1	2	1	1	1	1	1	10
OG0005959	2	2	1	1	1	1	1	1	10
OG0005960	1	1	2	1	1	1	1	2	10
OG0005961	5	1	1	1	1	1	0	0	10
OG0005962	2	1	1	1	1	1	1	2	10
OG0005963	3	1	1	1	1	1	1	1	10
OG0005964	2	1	2	1	1	1	1	1	10
OG0005965	3	1	1	1	1	1	1	1	10
OG0005966	2	1	1	2	1	1	1	1	10
OG0005967	1	1	1	1	1	3	1	1	10
OG0005968	1	2	1	1	1	2	1	1	10
OG0005969	1	3	2	1	2	1	0	0	10
OG0005970	2	1	1	0	1	1	2	2	10
OG0005971	3	2	1	1	1	1	1	0	10
OG0005972	3	1	1	1	1	1	1	1	10
OG0005973	3	1	1	1	1	1	1	1	10
OG0005974	2	0	2	1	1	1	2	1	10
OG0005975	2	1	1	0	1	1	2	2	10
OG0005976	5	1	0	1	1	1	1	0	10
OG0005977	3	1	1	1	1	1	1	1	10
OG0005978	2	1	2	1	1	1	1	1	10
OG0005979	1	2	1	1	1	1	1	2	10
OG0005980	2	2	1	1	1	1	1	1	10
OG0005981	1	3	1	0	1	2	1	1	10
OG0005982	3	1	1	1	1	1	1	1	10
OG0005983	2	1	1	1	1	2	1	1	10
OG0005984	4	0	1	1	1	1	1	1	10
OG0005985	2	2	1	1	1	1	1	1	10
OG0005986	3	2	0	1	1	1	1	1	10
OG0005987	1	3	1	0	1	1	1	2	10
OG0005988	1	1	2	1	1	1	1	2	10
OG0005989	3	1	1	0	1	1	1	2	10
OG0005990	2	1	0	1	2	1	2	1	10
OG0005991	5	1	2	0	1	1	0	0	10
OG0005992	1	3	1	1	1	1	1	1	10
OG0005993	3	1	1	1	1	1	1	1	10
OG0005994	1	2	1	1	1	2	1	1	10
OG0005995	4	1	1	1	1	1	0	1	10
OG0005996	4	1	1	1	0	1	1	1	10
OG0005997	3	1	1	1	1	1	1	1	10
OG0005998	3	1	1	1	1	1	1	1	10
OG0005999	3	2	1	1	1	1	1	0	10
OG0006000	3	1	1	1	1	1	1	1	10
OG0006001	3	1	1	1	1	1	1	1	10
OG0006002	3	1	1	1	1	1	1	1	10
OG0006003	2	2	1	0	1	3	1	0	10
OG0006004	2	1	1	1	1	2	1	1	10
OG0006005	3	2	2	1	1	1	0	0	10
OG0006006	4	1	1	1	1	1	1	0	10
OG0006007	1	2	1	1	1	1	1	2	10
OG0006008	3	1	2	1	1	1	1	0	10
OG0006009	2	0	3	1	1	1	1	1	10
OG0006010	1	1	3	1	1	1	1	1	10
OG0006011	1	2	1	1	1	2	1	1	10
OG0006012	2	1	1	2	1	1	1	1	10
OG0006013	1	2	1	2	1	1	1	1	10
OG0006014	2	1	1	1	1	1	1	2	10
OG0006015	2	1	2	1	1	1	1	1	10
OG0006016	4	1	0	1	1	1	1	1	10
OG0006017	2	1	1	1	1	1	1	2	10
OG0006018	2	1	1	1	1	1	1	2	10
OG0006019	3	1	1	1	1	1	1	1	10
OG0006020	2	1	1	1	1	1	2	1	10
OG0006021	2	1	1	1	1	1	2	1	10
OG0006022	2	3	0	1	1	1	1	1	10
OG0006023	2	2	1	1	1	1	1	1	10
OG0006024	4	1	1	1	1	1	1	0	10
OG0006025	3	1	1	1	1	1	1	1	10
OG0006026	3	1	1	1	1	1	1	1	10
OG0006027	2	3	1	0	1	1	1	1	10
OG0006028	2	2	1	1	1	1	1	1	10
OG0006029	3	1	1	1	1	1	1	1	10
OG0006030	3	1	1	1	1	1	1	1	10
OG0006031	4	1	0	0	1	1	1	2	10
OG0006032	1	1	1	3	1	1	1	1	10
OG0006033	3	1	1	1	1	1	1	1	10
OG0006034	1	3	1	0	1	1	1	2	10
OG0006035	3	1	1	1	1	1	1	1	10
OG0006036	1	1	1	1	1	1	2	2	10
OG0006037	1	1	1	2	1	1	1	2	10
OG0006038	2	1	2	1	1	1	1	1	10
OG0006039	3	0	1	1	1	1	1	2	10
OG0006040	2	1	1	1	1	1	1	2	10
OG0006041	2	2	1	1	1	1	1	1	10
OG0006042	3	1	1	1	1	1	1	1	10
OG0006043	3	1	1	1	1	1	1	1	10
OG0006044	3	2	1	0	1	1	1	1	10
OG0006045	2	1	2	1	1	1	1	1	10
OG0006046	3	1	1	1	1	1	1	1	10
OG0006047	2	2	1	1	1	2	1	0	10
OG0006048	4	1	0	1	1	1	1	1	10
OG0006049	3	2	1	1	1	0	1	1	10
OG0006050	2	2	1	1	1	1	1	1	10
OG0006051	3	1	1	1	1	1	1	1	10
OG0006052	1	1	1	2	2	1	1	1	10
OG0006053	2	2	1	0	1	2	1	1	10
OG0006054	2	2	1	1	1	1	1	1	10
OG0006055	1	2	2	1	1	1	1	1	10
OG0006056	3	1	1	1	1	1	1	1	10
OG0006057	1	3	1	1	1	1	1	1	10
OG0006058	1	1	1	1	2	1	1	2	10
OG0006059	4	0	1	1	1	1	1	1	10
OG0006060	1	2	1	1	1	2	1	1	10
OG0006061	2	2	1	1	1	1	1	1	10
OG0006062	2	1	1	1	1	2	1	1	10
OG0006063	5	1	0	0	1	1	1	1	10
OG0006064	2	2	1	1	1	1	1	1	10
OG0006065	3	1	1	1	1	1	1	1	10
OG0006066	3	1	1	1	1	1	1	1	10
OG0006067	3	1	1	1	1	1	1	1	10
OG0006068	5	2	1	0	1	1	0	0	10
OG0006069	1	3	1	1	1	1	1	1	10
OG0006070	1	2	1	1	1	1	1	2	10
OG0006071	2	1	2	0	2	1	1	1	10
OG0006072	3	1	1	1	1	1	1	1	10
OG0006073	2	1	1	1	2	1	1	1	10
OG0006074	1	1	2	2	1	1	1	1	10
OG0006075	1	1	1	1	2	2	1	1	10
OG0006076	4	0	1	0	2	1	1	1	10
OG0006077	1	6	1	0	1	1	0	0	10
OG0006078	1	2	1	1	1	2	1	1	10
OG0006079	2	2	1	1	1	1	1	1	10
OG0006080	2	1	1	1	1	1	1	2	10
OG0006081	1	1	2	1	1	1	1	2	10
OG0006082	1	2	1	1	1	2	1	1	10
OG0006083	2	2	1	1	1	2	1	0	10
OG0006084	3	1	1	1	1	1	1	1	10
OG0006085	1	1	1	3	1	1	1	1	10
OG0006086	2	2	1	1	1	1	1	1	10
OG0006087	1	1	2	1	1	1	1	2	10
OG0006088	1	1	1	2	1	2	1	1	10
OG0006089	1	1	2	1	1	1	2	1	10
OG0006090	2	1	1	2	1	1	2	0	10
OG0006091	2	1	1	1	2	2	1	0	10
OG0006092	2	1	1	1	1	1	1	2	10
OG0006093	1	3	1	1	1	1	1	1	10
OG0006094	3	1	1	1	1	1	1	1	10
OG0006095	9	1	0	0	0	0	0	0	10
OG0006096	3	1	1	1	1	1	1	1	10
OG0006097	3	1	1	1	1	1	1	1	10
OG0006098	3	1	1	1	1	1	1	1	10
OG0006099	2	1	1	1	1	1	1	2	10
OG0006100	3	1	1	1	1	1	1	1	10
OG0006101	3	1	1	1	1	1	1	1	10
OG0006102	1	1	3	1	1	1	1	1	10
OG0006103	3	1	1	0	1	1	1	2	10
OG0006104	2	1	1	1	2	1	1	1	10
OG0006105	3	1	1	1	1	1	1	1	10
OG0006106	1	2	2	1	1	1	1	1	10
OG0006107	2	1	1	1	1	1	1	2	10
OG0006108	3	1	1	1	1	1	1	1	10
OG0006109	1	2	0	1	2	1	1	2	10
OG0006110	2	1	1	1	1	1	1	2	10
OG0006111	2	1	1	1	1	2	1	1	10
OG0006112	2	2	1	1	1	1	1	1	10
OG0006113	2	1	1	1	1	2	1	1	10
OG0006114	3	1	1	1	1	1	1	1	10
OG0006115	1	1	1	3	1	1	1	1	10
OG0006116	3	1	0	1	2	1	1	1	10
OG0006117	10	0	0	0	0	0	0	0	10
OG0006118	3	1	1	1	1	1	1	1	10
OG0006119	1	1	2	1	1	1	1	2	10
OG0006120	1	3	1	1	1	1	1	1	10
OG0006121	1	1	1	1	1	1	1	3	10
OG0006122	3	1	1	1	1	1	1	1	10
OG0006123	2	2	1	1	1	1	1	1	10
OG0006124	3	1	2	1	1	1	0	1	10
OG0006125	3	1	1	1	1	1	1	1	10
OG0006126	2	1	1	1	1	2	1	1	10
OG0006127	1	1	0	5	1	1	1	0	10
OG0006128	3	1	1	1	1	1	1	1	10
OG0006129	8	0	0	0	1	1	0	0	10
OG0006130	3	1	1	1	1	1	1	1	10
OG0006131	2	1	1	1	1	1	1	2	10
OG0006132	2	1	1	1	1	1	1	2	10
OG0006133	1	1	1	1	3	1	1	1	10
OG0006134	4	2	0	1	1	1	1	0	10
OG0006135	5	1	0	0	1	1	1	1	10
OG0006136	3	1	1	1	1	1	1	1	10
OG0006137	2	2	1	1	1	1	1	1	10
OG0006138	2	1	2	1	1	1	1	1	10
OG0006139	4	1	1	1	1	1	0	1	10
OG0006140	2	1	2	1	1	1	1	1	10
OG0006141	1	1	2	1	1	1	1	2	10
OG0006142	3	1	1	1	1	1	1	1	10
OG0006143	3	1	1	1	1	1	1	1	10
OG0006144	1	1	1	2	1	1	1	2	10
OG0006145	1	1	1	1	1	1	1	3	10
OG0006146	3	3	0	0	1	1	1	1	10
OG0006147	2	1	2	1	1	1	1	1	10
OG0006148	1	1	1	1	1	1	1	3	10
OG0006149	2	1	1	1	2	1	1	1	10
OG0006150	2	1	2	1	1	1	1	1	10
OG0006151	1	1	1	1	1	1	1	3	10
OG0006152	2	1	1	2	1	1	1	1	10
OG0006153	2	1	1	1	1	2	1	1	10
OG0006154	2	2	0	0	1	2	1	2	10
OG0006155	2	1	1	1	1	1	2	1	10
OG0006156	2	1	1	1	2	1	1	1	10
OG0006157	3	1	1	0	1	2	1	1	10
OG0006158	1	1	0	2	1	1	1	3	10
OG0006159	3	1	1	1	1	1	1	1	10
OG0006160	2	3	1	1	1	1	1	0	10
OG0006161	1	3	1	1	1	1	1	1	10
OG0006162	1	1	1	1	1	1	1	3	10
OG0006163	10	0	0	0	0	0	0	0	10
OG0006164	1	2	2	1	1	1	1	1	10
OG0006165	1	3	1	1	1	1	1	1	10
OG0006166	2	2	1	1	1	1	1	1	10
OG0006167	3	2	3	2	0	0	0	0	10
OG0006168	4	1	1	1	1	2	0	0	10
OG0006169	3	1	1	1	1	1	1	1	10
OG0006170	3	1	1	1	1	1	1	1	10
OG0006171	3	1	1	1	1	1	1	1	10
OG0006172	2	1	1	1	1	1	1	2	10
OG0006173	10	0	0	0	0	0	0	0	10
OG0006174	2	2	1	1	1	1	1	1	10
OG0006175	2	4	1	1	1	0	1	0	10
OG0006176	1	3	1	1	1	1	1	1	10
OG0006177	3	1	1	1	1	1	1	1	10
OG0006178	3	1	1	1	1	1	1	1	10
OG0006179	3	1	1	1	1	1	1	1	10
OG0006180	2	4	0	0	1	2	1	0	10
OG0006181	2	2	1	1	1	1	1	1	10
OG0006182	3	1	1	1	1	1	1	1	10
OG0006183	3	1	1	1	1	1	1	1	10
OG0006184	3	1	1	1	1	1	1	1	10
OG0006185	1	1	1	1	2	2	1	1	10
OG0006186	2	1	1	0	1	1	1	3	10
OG0006187	10	0	0	0	0	0	0	0	10
OG0006188	2	2	1	1	1	1	1	1	10
OG0006189	2	1	1	1	2	1	1	1	10
OG0006190	5	1	0	0	1	1	1	1	10
OG0006191	2	4	1	0	1	1	1	0	10
OG0006192	3	1	1	1	1	1	1	1	10
OG0006193	3	1	1	1	1	1	1	1	10
OG0006194	2	2	1	1	1	1	1	1	10
OG0006195	2	1	1	1	1	1	1	2	10
OG0006196	2	2	1	1	1	1	1	1	10
OG0006197	2	2	1	1	1	1	1	1	10
OG0006198	2	2	1	1	1	1	1	1	10
OG0006199	10	0	0	0	0	0	0	0	10
OG0006200	10	0	0	0	0	0	0	0	10
OG0006201	2	1	1	1	1	1	1	2	10
OG0006202	3	1	1	1	1	1	1	1	10
OG0006203	3	1	1	1	1	1	1	1	10
OG0006204	2	1	1	1	1	2	1	1	10
OG0006205	2	1	1	1	1	1	1	2	10
OG0006206	2	1	1	1	1	2	1	1	10
OG0006207	2	1	1	1	1	1	2	1	10
OG0006208	3	1	2	0	1	1	1	1	10
OG0006209	4	1	0	1	1	1	1	1	10
OG0006210	4	1	1	0	1	1	1	1	10
OG0006211	2	1	1	1	1	2	1	1	10
OG0006212	2	1	2	1	1	1	1	1	10
OG0006213	3	1	1	1	1	1	1	1	10
OG0006214	1	2	1	1	1	2	1	1	10
OG0006215	10	0	0	0	0	0	0	0	10
OG0006216	3	1	1	1	1	1	1	1	10
OG0006217	3	1	1	1	1	1	1	1	10
OG0006218	1	1	1	1	1	1	1	3	10
OG0006219	1	3	1	1	1	1	1	1	10
OG0006220	2	1	1	1	1	1	1	2	10
OG0006221	3	1	1	1	1	1	1	1	10
OG0006222	2	2	2	1	0	1	1	1	10
OG0006223	1	2	1	1	1	2	1	1	10
OG0006224	2	2	0	2	1	1	1	1	10
OG0006225	1	2	1	2	1	1	1	1	10
OG0006226	1	2	1	1	1	1	1	2	10
OG0006227	2	1	1	2	1	1	1	1	10
OG0006228	2	1	1	2	1	1	1	1	10
OG0006229	3	1	1	1	1	1	1	1	10
OG0006230	2	2	1	1	1	1	1	1	10
OG0006231	3	1	1	1	1	1	1	1	10
OG0006232	2	2	1	1	1	1	1	1	10
OG0006233	2	2	1	1	1	1	1	1	10
OG0006234	3	1	1	1	1	1	1	1	10
OG0006235	3	0	1	1	2	1	1	1	10
OG0006236	2	3	1	1	1	1	1	0	10
OG0006237	2	1	1	1	1	1	1	2	10
OG0006238	2	1	1	1	1	1	1	2	10
OG0006239	2	1	1	2	1	1	1	1	10
OG0006240	3	1	1	0	2	1	1	1	10
OG0006241	3	1	1	1	1	1	1	1	10
OG0006242	1	2	1	1	1	1	1	2	10
OG0006243	1	1	3	1	1	1	1	1	10
OG0006244	2	2	1	1	1	1	1	1	10
OG0006245	2	1	1	1	2	1	1	1	10
OG0006246	3	2	0	1	1	1	1	1	10
OG0006247	4	6	0	0	0	0	0	0	10
OG0006248	2	1	1	1	1	1	1	2	10
OG0006249	3	1	1	1	1	1	1	1	10
OG0006250	1	2	2	0	1	4	0	0	10
OG0006251	3	2	1	1	1	1	1	0	10
OG0006252	3	1	1	1	1	1	1	1	10
OG0006253	2	2	1	1	1	1	1	1	10
OG0006254	1	4	0	1	1	1	1	1	10
OG0006255	3	1	1	1	1	1	1	1	10
OG0006256	3	1	1	1	1	1	1	1	10
OG0006257	2	1	1	1	1	2	1	1	10
OG0006258	3	1	1	1	1	1	1	1	10
OG0006259	2	1	1	1	1	1	1	2	10
OG0006260	2	1	1	1	1	1	1	2	10
OG0006261	1	1	1	1	2	2	2	0	10
OG0006262	2	1	1	1	2	1	1	1	10
OG0006263	3	1	1	1	1	1	1	1	10
OG0006264	3	1	1	1	1	1	1	1	10
OG0006265	2	1	1	1	1	1	1	2	10
OG0006266	3	1	1	1	1	1	1	1	10
OG0006267	1	1	2	1	1	1	1	2	10
OG0006268	2	1	2	1	1	1	1	1	10
OG0006269	3	1	1	1	1	1	1	1	10
OG0006270	2	1	1	1	2	1	1	1	10
OG0006271	2	1	1	2	1	1	1	1	10
OG0006272	10	0	0	0	0	0	0	0	10
OG0006273	1	1	1	1	1	1	1	3	10
OG0006274	3	1	1	1	1	1	1	1	10
OG0006275	2	1	0	1	2	1	1	2	10
OG0006276	1	2	1	1	1	1	1	2	10
OG0006277	2	1	1	1	2	1	1	1	10
OG0006278	3	1	1	1	1	1	1	1	10
OG0006279	7	2	0	0	0	1	0	0	10
OG0006280	3	1	1	1	1	1	1	1	10
OG0006281	2	1	1	3	1	1	1	0	10
OG0006282	3	1	1	1	2	0	1	1	10
OG0006283	3	1	1	1	1	1	1	1	10
OG0006284	1	1	2	1	1	1	1	2	10
OG0006285	2	2	1	1	1	1	1	1	10
OG0006286	2	1	1	1	1	2	1	1	10
OG0006287	8	0	0	1	0	0	0	1	10
OG0006288	1	1	1	2	1	1	1	2	10
OG0006289	3	1	1	1	1	1	1	1	10
OG0006290	1	0	2	1	1	1	1	3	10
OG0006291	2	2	1	1	1	1	1	1	10
OG0006292	1	1	1	1	2	1	1	2	10
OG0006293	1	2	1	1	1	2	1	1	10
OG0006294	2	1	1	1	2	1	1	1	10
OG0006295	2	2	1	1	1	1	1	1	10
OG0006296	2	2	1	1	1	1	1	1	10
OG0006297	1	1	3	1	1	1	1	1	10
OG0006298	1	2	1	2	1	1	1	1	10
OG0006299	2	1	1	1	2	1	1	1	10
OG0006300	2	1	1	0	1	1	1	3	10
OG0006301	2	1	0	3	1	1	1	1	10
OG0006302	1	1	1	1	1	1	1	3	10
OG0006303	3	1	1	1	1	1	1	1	10
OG0006304	3	1	1	1	1	1	1	1	10
OG0006305	2	2	1	1	1	1	1	1	10
OG0006306	2	1	1	1	1	1	1	2	10
OG0006307	1	1	2	2	1	1	1	1	10
OG0006308	2	1	1	1	1	1	1	2	10
OG0006309	3	1	1	1	1	1	1	1	10
OG0006310	3	1	1	1	1	1	2	0	10
OG0006311	2	1	1	1	1	1	1	2	10
OG0006312	3	1	2	0	1	1	1	1	10
OG0006313	5	0	0	0	2	2	1	0	10
OG0006314	2	1	2	1	1	1	1	1	10
OG0006315	5	1	1	0	1	1	1	0	10
OG0006316	2	1	2	1	1	1	1	1	10
OG0006317	1	2	2	1	1	1	1	1	10
OG0006318	1	1	2	1	1	1	1	2	10
OG0006319	1	2	1	1	1	1	1	2	10
OG0006320	2	1	1	1	1	1	1	2	10
OG0006321	4	1	1	0	1	1	1	1	10
OG0006322	3	1	1	1	1	1	1	1	10
OG0006323	3	1	1	1	1	1	1	1	10
OG0006324	3	1	1	1	1	1	1	1	10
OG0006325	1	3	1	1	1	1	1	1	10
OG0006326	2	1	1	0	1	2	2	1	10
OG0006327	3	1	1	1	1	1	1	1	10
OG0006328	1	1	1	1	1	1	1	3	10
OG0006329	10	0	0	0	0	0	0	0	10
OG0006330	3	1	1	1	1	1	1	1	10
OG0006331	2	1	2	1	1	1	1	1	10
OG0006332	3	1	1	1	1	1	1	1	10
OG0006333	2	2	1	1	1	1	1	1	10
OG0006334	2	1	1	1	1	1	1	2	10
OG0006335	2	1	1	1	2	1	1	1	10
OG0006336	3	1	1	1	1	1	1	1	10
OG0006337	3	1	1	1	1	1	1	1	10
OG0006338	3	1	1	1	1	1	1	1	10
OG0006339	1	2	2	1	1	1	1	1	10
OG0006340	4	1	1	1	1	1	0	1	10
OG0006341	3	1	1	1	1	1	1	1	10
OG0006342	3	1	1	1	1	1	1	1	10
OG0006343	3	1	1	1	1	1	1	1	10
OG0006344	2	1	1	1	1	1	1	2	10
OG0006345	2	2	1	1	1	1	1	1	10
OG0006346	2	2	1	1	1	1	1	1	10
OG0006347	2	2	1	1	1	1	1	1	10
OG0006348	2	1	1	2	1	1	1	1	10
OG0006349	1	2	2	1	1	1	1	1	10
OG0006350	1	2	2	1	1	1	1	1	10
OG0006351	4	2	3	0	0	1	0	0	10
OG0006352	2	2	1	1	1	1	1	1	10
OG0006353	3	1	1	1	1	1	1	1	10
OG0006354	2	1	1	1	1	1	1	2	10
OG0006355	2	2	1	1	1	1	1	1	10
OG0006356	3	1	1	1	1	1	1	1	10
OG0006357	3	1	1	1	1	1	1	1	10
OG0006358	3	1	1	1	1	1	1	1	10
OG0006359	2	1	1	1	1	1	1	2	10
OG0006360	2	1	1	1	1	1	1	2	10
OG0006361	2	1	1	1	1	1	1	2	10
OG0006362	2	2	1	1	1	1	1	1	10
OG0006363	2	2	1	1	1	1	1	1	10
OG0006364	3	1	1	1	1	1	1	1	10
OG0006365	3	1	1	1	1	1	1	1	10
OG0006366	1	2	1	1	2	1	1	1	10
OG0006367	2	1	1	2	1	1	1	1	10
OG0006368	1	4	1	0	2	2	0	0	10
OG0006369	2	1	0	1	3	1	1	1	10
OG0006370	1	0	0	0	7	0	0	2	10
OG0006371	2	1	1	3	1	0	1	1	10
OG0006372	3	1	1	1	1	1	1	1	10
OG0006373	2	2	1	1	1	1	1	1	10
OG0006374	1	1	2	2	1	1	1	1	10
OG0006375	2	2	1	1	1	1	1	1	10
OG0006376	1	1	1	1	1	1	3	1	10
OG0006377	2	1	1	2	1	1	1	1	10
OG0006378	3	1	1	1	1	1	1	1	10
OG0006379	3	1	1	1	1	1	1	1	10
OG0006380	3	1	1	1	1	1	1	1	10
OG0006381	1	1	1	1	1	1	1	3	10
OG0006382	3	1	1	1	1	1	1	1	10
OG0006383	3	1	1	0	1	1	1	2	10
OG0006384	1	3	1	1	1	1	1	1	10
OG0006385	1	1	2	1	1	1	1	2	10
OG0006386	4	1	2	1	1	1	0	0	10
OG0006387	3	1	1	1	1	1	1	1	10
OG0006388	1	2	2	1	1	1	1	1	10
OG0006389	3	1	1	1	1	1	1	1	10
OG0006390	3	1	1	1	1	1	1	1	10
OG0006391	2	1	2	1	1	1	1	1	10
OG0006392	3	1	1	1	1	1	1	1	10
OG0006393	1	2	1	1	1	1	2	1	10
OG0006394	1	3	1	1	1	1	1	1	10
OG0006395	3	1	1	1	1	1	1	1	10
OG0006396	3	1	1	1	1	1	1	1	10
OG0006397	1	1	1	1	1	1	1	3	10
OG0006398	3	1	1	1	1	1	1	1	10
OG0006399	1	1	2	1	1	1	1	2	10
OG0006400	1	1	1	1	1	1	1	3	10
OG0006401	3	1	1	1	1	1	1	1	10
OG0006402	1	1	1	2	1	2	1	1	10
OG0006403	1	1	2	1	1	1	1	2	10
OG0006404	3	1	1	1	1	1	1	1	10
OG0006405	3	1	1	1	1	1	1	1	10
OG0006406	2	2	1	1	1	1	1	1	10
OG0006407	2	1	2	1	1	1	1	1	10
OG0006408	2	1	1	1	1	1	1	2	10
OG0006409	1	2	1	2	1	1	0	2	10
OG0006410	9	1	0	0	0	0	0	0	10
OG0006411	3	1	1	1	1	1	1	1	10
OG0006412	2	1	2	1	1	1	1	1	10
OG0006413	3	1	1	1	1	1	1	1	10
OG0006414	4	1	1	1	1	1	1	0	10
OG0006415	2	1	1	1	1	1	2	1	10
OG0006416	1	1	2	1	1	2	1	1	10
OG0006417	2	1	2	1	1	1	1	1	10
OG0006418	3	1	1	1	1	1	1	1	10
OG0006419	3	1	1	1	1	1	1	1	10
OG0006420	2	1	1	1	1	1	1	2	10
OG0006421	1	2	1	1	1	1	1	2	10
OG0006422	3	1	1	1	1	1	1	1	10
OG0006423	3	1	1	1	1	1	1	1	10
OG0006424	1	2	1	1	1	1	2	1	10
OG0006425	2	2	1	1	1	1	1	1	10
OG0006426	4	0	1	1	1	1	1	1	10
OG0006427	2	1	1	1	1	1	1	2	10
OG0006428	2	1	1	2	1	1	1	1	10
OG0006429	5	1	1	0	1	1	1	0	10
OG0006430	2	1	1	1	1	1	1	2	10
OG0006431	1	1	1	1	1	2	1	2	10
OG0006432	3	1	1	1	1	1	1	1	10
OG0006433	4	1	0	1	1	1	1	1	10
OG0006434	1	1	1	1	1	1	1	3	10
OG0006435	1	1	1	0	1	2	1	3	10
OG0006436	1	1	1	3	1	1	1	1	10
OG0006437	4	0	1	1	1	1	1	1	10
OG0006438	2	1	1	1	3	1	1	0	10
OG0006439	3	1	1	1	1	1	1	1	10
OG0006440	3	4	1	0	1	1	0	0	10
OG0006441	2	1	1	1	1	1	1	2	10
OG0006442	2	1	1	2	1	1	1	1	10
OG0006443	3	1	1	1	1	1	1	1	10
OG0006444	10	0	0	0	0	0	0	0	10
OG0006445	3	1	1	1	1	1	1	1	10
OG0006446	2	2	1	1	1	1	1	1	10
OG0006447	2	2	1	1	1	1	1	1	10
OG0006448	10	0	0	0	0	0	0	0	10
OG0006449	2	1	1	2	1	1	1	1	10
OG0006450	1	2	1	1	1	1	1	2	10
OG0006451	1	1	1	1	1	1	1	3	10
OG0006452	2	2	1	1	1	1	1	1	10
OG0006453	1	1	1	1	2	2	2	0	10
OG0006454	1	1	1	2	1	1	1	2	10
OG0006455	3	1	1	1	1	1	1	1	10
OG0006456	1	2	1	1	1	1	2	1	10
OG0006457	9	1	0	0	0	0	0	0	10
OG0006458	2	1	1	1	1	1	1	2	10
OG0006459	2	1	1	1	1	1	1	2	10
OG0006460	1	1	1	1	1	1	1	3	10
OG0006461	3	1	1	1	1	1	1	1	10
OG0006462	2	2	1	1	1	1	1	1	10
OG0006463	2	1	2	1	1	1	1	1	10
OG0006464	1	3	1	1	1	1	1	1	10
OG0006465	2	1	1	1	1	1	1	2	10
OG0006466	1	3	1	1	1	1	1	1	10
OG0006467	3	2	1	0	1	1	1	1	10
OG0006468	1	3	1	1	1	1	1	1	10
OG0006469	2	1	2	1	1	0	1	2	10
OG0006470	3	1	1	1	1	1	1	1	10
OG0006471	2	3	0	1	1	1	1	1	10
OG0006472	1	1	1	0	2	3	2	0	10
OG0006473	1	1	3	2	1	0	1	1	10
OG0006474	3	1	1	1	1	1	1	1	10
OG0006475	3	1	1	1	1	1	1	1	10
OG0006476	3	2	0	1	1	1	1	1	10
OG0006477	2	1	1	1	1	1	1	2	10
OG0006478	1	1	2	1	1	1	1	2	10
OG0006479	1	1	1	1	1	1	1	3	10
OG0006480	3	1	1	1	1	1	1	1	10
OG0006481	2	1	1	1	1	1	1	2	10
OG0006482	3	1	1	1	1	1	1	1	10
OG0006483	2	3	0	1	1	1	1	1	10
OG0006484	2	2	1	1	1	1	1	1	10
OG0006485	1	1	1	2	1	1	1	2	10
OG0006486	1	2	2	0	1	2	1	1	10
OG0006487	2	1	1	1	1	1	1	2	10
OG0006488	1	1	1	1	2	2	1	1	10
OG0006489	2	1	1	1	1	1	1	2	10
OG0006490	2	1	1	1	2	1	1	1	10
OG0006491	2	1	1	2	1	1	1	1	10
OG0006492	3	2	1	0	1	1	1	1	10
OG0006493	2	1	1	1	1	2	1	1	10
OG0006494	3	2	1	0	1	1	1	1	10
OG0006495	3	1	1	1	1	1	1	1	10
OG0006496	1	2	0	1	2	2	1	1	10
OG0006497	2	2	1	1	1	1	1	1	10
OG0006498	3	1	1	1	1	1	1	1	10
OG0006499	3	1	1	1	1	1	1	1	10
OG0006500	2	2	1	0	1	1	1	2	10
OG0006501	1	1	1	1	1	1	1	3	10
OG0006502	2	2	1	1	1	1	1	1	10
OG0006503	2	1	1	1	2	1	1	1	10
OG0006504	2	2	1	1	1	1	1	1	10
OG0006505	2	2	1	1	1	1	1	1	10
OG0006506	2	1	2	1	1	1	1	1	10
OG0006507	2	1	2	1	1	1	1	1	10
OG0006508	6	4	0	0	0	0	0	0	10
OG0006509	2	1	2	0	1	1	1	2	10
OG0006510	3	1	1	1	1	1	1	1	10
OG0006511	3	1	1	1	1	1	1	1	10
OG0006512	3	1	1	1	1	1	1	1	10
OG0006513	3	1	1	1	1	1	1	1	10
OG0006514	3	1	1	1	1	1	1	1	10
OG0006515	2	2	1	1	1	1	1	1	10
OG0006516	4	1	1	0	1	2	1	0	10
OG0006517	2	2	2	1	1	0	1	1	10
OG0006518	4	1	1	0	1	1	1	1	10
OG0006519	3	3	0	1	1	1	1	0	10
OG0006520	5	2	0	0	1	1	1	0	10
OG0006521	3	1	1	1	1	1	1	1	10
OG0006522	2	1	0	0	3	1	1	2	10
OG0006523	1	2	1	1	1	2	1	1	10
OG0006524	2	1	2	1	1	1	1	1	10
OG0006525	2	1	1	1	1	1	1	2	10
OG0006526	3	1	1	1	1	1	1	1	10
OG0006527	2	1	1	1	1	1	2	1	10
OG0006528	3	1	1	1	1	1	1	1	10
OG0006529	2	1	2	1	1	1	1	1	10
OG0006530	3	1	1	2	2	1	0	0	10
OG0006531	2	1	2	1	1	1	1	1	10
OG0006532	2	1	1	1	2	1	1	1	10
OG0006533	3	1	1	1	1	1	1	1	10
OG0006534	3	1	1	0	1	1	2	1	10
OG0006535	1	1	2	1	1	1	1	2	10
OG0006536	3	1	1	1	1	1	1	1	10
OG0006537	1	3	1	1	1	1	1	1	10
OG0006538	3	1	1	1	1	1	1	1	10
OG0006539	3	1	1	1	1	1	1	1	10
OG0006540	1	2	1	1	1	2	1	1	10
OG0006541	1	2	1	1	1	2	1	1	10
OG0006542	2	1	1	1	1	1	1	2	10
OG0006543	4	1	0	1	1	1	1	1	10
OG0006544	3	1	1	1	1	1	1	1	10
OG0006545	2	2	1	1	1	1	1	1	10
OG0006546	3	1	1	1	1	1	1	1	10
OG0006547	2	1	1	1	1	1	1	2	10
OG0006548	5	0	1	1	1	1	1	0	10
OG0006549	2	2	1	1	1	1	1	1	10
OG0006550	3	1	1	1	1	1	1	1	10
OG0006551	1	3	1	1	1	1	1	1	10
OG0006552	1	3	1	1	1	1	1	1	10
OG0006553	3	1	2	1	1	1	1	0	10
OG0006554	3	1	1	1	1	1	1	1	10
OG0006555	7	2	0	0	0	1	0	0	10
OG0006556	1	1	1	1	3	1	1	1	10
OG0006557	2	2	1	1	1	1	1	1	10
OG0006558	3	1	1	1	1	1	1	1	10
OG0006559	3	1	1	1	1	1	1	1	10
OG0006560	2	1	1	1	1	1	2	1	10
OG0006561	1	3	1	1	1	1	1	1	10
OG0006562	2	2	1	1	1	1	1	1	10
OG0006563	2	2	1	1	1	1	1	1	10
OG0006564	2	2	1	1	1	1	1	1	10
OG0006565	3	1	1	0	1	1	1	2	10
OG0006566	3	1	1	1	1	1	1	1	10
OG0006567	1	2	1	1	1	1	1	2	10
OG0006568	2	1	2	1	1	1	1	1	10
OG0006569	3	3	2	0	1	1	0	0	10
OG0006570	1	1	2	1	1	1	1	2	10
OG0006571	1	2	1	1	1	2	1	1	10
OG0006572	2	1	1	1	1	1	1	2	10
OG0006573	2	2	1	1	1	1	1	1	10
OG0006574	3	1	1	1	1	1	1	1	10
OG0006575	1	1	1	1	2	1	2	1	10
OG0006576	3	1	1	1	1	1	1	1	10
OG0006577	2	1	2	1	1	1	1	1	10
OG0006578	2	1	1	1	1	1	1	2	10
OG0006579	1	3	0	1	1	1	1	2	10
OG0006580	4	1	0	1	1	1	1	1	10
OG0006581	1	3	1	1	1	1	1	1	10
OG0006582	3	1	1	1	1	1	1	1	10
OG0006583	3	1	1	1	1	1	1	1	10
OG0006584	2	1	1	2	1	1	1	1	10
OG0006585	3	1	1	0	1	1	1	2	10
OG0006586	3	2	0	1	1	1	1	1	10
OG0006587	3	1	1	1	1	1	1	1	10
OG0006588	2	1	2	1	1	1	1	1	10
OG0006589	2	2	1	1	1	1	1	1	10
OG0006590	3	1	1	1	1	1	1	1	10
OG0006591	3	1	1	1	1	1	1	1	10
OG0006592	2	1	1	1	1	1	1	2	10
OG0006593	3	1	1	1	1	1	1	1	10
OG0006594	2	1	1	0	1	1	3	1	10
OG0006595	3	1	1	1	1	1	1	1	10
OG0006596	1	2	1	2	1	1	1	1	10
OG0006597	3	1	1	1	1	1	1	1	10
OG0006598	10	0	0	0	0	0	0	0	10
OG0006599	2	1	2	1	1	1	1	1	10
OG0006600	2	1	1	1	1	2	1	1	10
OG0006601	2	1	1	1	2	1	1	1	10
OG0006602	2	1	2	1	1	1	1	1	10
OG0006603	3	1	1	1	1	1	1	1	10
OG0006604	3	1	0	2	1	1	1	1	10
OG0006605	2	2	1	1	1	1	1	1	10
OG0006606	2	1	1	1	2	1	1	1	10
OG0006607	1	2	1	1	1	1	1	2	10
OG0006608	2	1	1	2	1	1	1	1	10
OG0006609	3	1	1	1	1	1	1	1	10
OG0006610	2	2	0	2	1	1	1	1	10
OG0006611	3	1	1	1	1	1	1	1	10
OG0006612	1	2	2	1	1	1	1	1	10
OG0006613	1	2	2	1	1	1	1	1	10
OG0006614	3	1	1	1	1	1	1	1	10
OG0006615	3	1	1	0	0	1	1	3	10
OG0006616	2	1	2	1	1	1	1	1	10
OG0006617	1	2	2	1	1	1	1	1	10
OG0006618	3	1	1	1	1	1	1	1	10
OG0006619	1	2	1	1	1	2	1	1	10
OG0006620	2	1	2	1	1	1	1	1	10
OG0006621	3	1	1	1	1	1	1	1	10
OG0006622	1	2	1	1	1	1	1	2	10
OG0006623	3	1	1	1	1	1	1	1	10
OG0006624	1	1	3	1	1	1	1	1	10
OG0006625	3	1	1	1	1	1	1	1	10
OG0006626	3	1	1	1	1	1	1	1	10
OG0006627	3	1	1	1	1	1	1	1	10
OG0006628	4	1	0	1	1	1	1	1	10
OG0006629	3	1	1	1	1	1	1	1	10
OG0006630	3	1	1	1	1	1	1	1	10
OG0006631	2	1	2	1	1	1	1	1	10
OG0006632	3	1	1	1	1	1	1	1	10
OG0006633	3	1	0	0	2	2	2	0	10
OG0006634	3	1	1	1	1	1	1	1	10
OG0006635	1	1	1	1	1	1	1	3	10
OG0006636	1	1	1	2	1	1	1	2	10
OG0006637	3	1	1	1	1	1	1	1	10
OG0006638	3	2	2	0	1	1	1	0	10
OG0006639	2	2	1	1	1	1	1	1	10
OG0006640	4	0	1	1	1	1	1	1	10
OG0006641	2	1	1	1	1	1	1	2	10
OG0006642	2	1	1	1	1	0	1	3	10
OG0006643	2	1	2	1	1	1	1	1	10
OG0006644	3	1	1	1	1	1	1	1	10
OG0006645	2	1	1	1	2	1	1	1	10
OG0006646	1	1	2	1	1	1	1	2	10
OG0006647	3	1	1	1	1	1	1	1	10
OG0006648	3	1	1	1	1	1	1	1	10
OG0006649	1	3	1	1	1	1	1	1	10
OG0006650	3	1	1	1	1	1	1	1	10
OG0006651	1	2	1	1	1	1	1	2	10
OG0006652	4	1	0	1	1	1	1	1	10
OG0006653	2	2	1	1	1	1	1	1	10
OG0006654	1	3	1	1	1	1	1	1	10
OG0006655	2	3	1	0	1	1	2	0	10
OG0006656	2	1	1	2	1	1	1	1	10
OG0006657	3	1	1	1	1	1	1	1	10
OG0006658	1	2	1	1	1	1	1	2	10
OG0006659	3	1	1	1	1	1	1	1	10
OG0006660	3	3	1	0	1	2	0	0	10
OG0006661	6	0	1	1	1	1	0	0	10
OG0006662	3	1	1	1	1	1	1	1	10
OG0006663	1	2	1	1	1	1	1	2	10
OG0006664	3	1	1	1	1	1	1	1	10
OG0006665	1	3	1	1	1	1	1	1	10
OG0006666	3	1	1	1	1	1	1	1	10
OG0006667	1	1	1	1	1	3	1	1	10
OG0006668	1	2	2	1	1	1	1	1	10
OG0006669	2	1	1	1	1	1	1	2	10
OG0006670	1	1	2	2	1	1	1	1	10
OG0006671	2	2	1	1	1	1	1	1	10
OG0006672	1	1	3	1	1	1	1	1	10
OG0006673	2	2	1	1	1	1	1	1	10
OG0006674	3	1	2	0	1	1	1	1	10
OG0006675	3	1	1	1	1	1	1	1	10
OG0006676	3	1	1	1	1	1	1	1	10
OG0006677	2	6	0	0	0	2	0	0	10
OG0006678	1	3	1	1	1	1	1	1	10
OG0006679	3	1	1	1	1	1	1	1	10
OG0006680	2	2	1	1	1	1	1	1	10
OG0006681	3	1	1	1	1	1	1	1	10
OG0006682	3	1	1	1	1	1	1	1	10
OG0006683	2	2	1	1	1	1	1	1	10
OG0006684	1	2	1	1	1	1	1	2	10
OG0006685	2	1	1	2	1	1	1	1	10
OG0006686	3	1	1	1	1	1	1	1	10
OG0006687	1	2	1	1	1	1	2	1	10
OG0006688	3	1	1	1	1	1	1	1	10
OG0006689	3	1	1	1	1	1	1	1	10
OG0006690	3	1	1	1	1	1	1	1	10
OG0006691	2	2	1	1	1	1	1	1	10
OG0006692	1	4	1	1	1	1	1	0	10
OG0006693	3	1	1	1	1	1	1	1	10
OG0006694	4	1	1	1	1	1	1	0	10
OG0006695	1	3	1	1	1	1	1	1	10
OG0006696	1	1	2	1	1	1	1	2	10
OG0006697	1	1	2	1	1	1	1	2	10
OG0006698	2	1	1	1	1	1	1	2	10
OG0006699	2	1	1	2	1	1	1	1	10
OG0006700	2	1	1	1	1	1	1	2	10
OG0006701	1	2	1	1	1	1	1	2	10
OG0006702	2	1	2	1	1	1	1	1	10
OG0006703	2	3	1	1	1	1	1	0	10
OG0006704	2	1	2	1	1	1	1	1	10
OG0006705	3	1	1	1	1	1	1	1	10
OG0006706	2	1	1	1	1	1	1	2	10
OG0006707	3	1	1	1	1	1	1	1	10
OG0006708	1	3	1	1	1	1	1	1	10
OG0006709	1	1	1	1	1	1	2	2	10
OG0006710	3	1	1	1	1	1	1	1	10
OG0006711	2	1	2	1	1	1	1	1	10
OG0006712	1	1	1	1	1	1	4	0	10
OG0006713	4	2	1	1	1	1	0	0	10
OG0006714	1	1	3	1	1	1	1	1	10
OG0006715	3	1	1	1	1	1	1	1	10
OG0006716	1	1	1	1	1	1	1	3	10
OG0006717	1	1	2	1	1	1	1	2	10
OG0006718	3	1	1	1	1	1	1	1	10
OG0006719	3	1	1	1	1	1	1	1	10
OG0006720	4	1	0	1	1	1	2	0	10
OG0006721	10	0	0	0	0	0	0	0	10
OG0006722	3	1	1	1	1	1	1	1	10
OG0006723	3	1	1	1	1	1	1	1	10
OG0006724	2	2	0	1	1	1	1	2	10
OG0006725	1	3	1	1	1	1	1	1	10
OG0006726	2	2	1	1	1	1	1	1	10
OG0006727	3	1	1	1	1	1	1	1	10
OG0006728	2	1	1	1	1	1	1	2	10
OG0006729	3	1	1	1	1	1	1	1	10
OG0006730	2	2	1	0	1	1	1	2	10
OG0006731	3	2	0	0	1	2	1	1	10
OG0006732	10	0	0	0	0	0	0	0	10
OG0006733	3	1	1	1	1	1	1	1	10
OG0006734	2	1	1	1	1	1	1	2	10
OG0006735	2	1	1	2	1	1	1	1	10
OG0006736	1	1	1	1	1	1	1	3	10
OG0006737	2	2	1	1	1	1	1	1	10
OG0006738	1	1	1	3	1	1	1	1	10
OG0006739	1	1	1	1	1	2	1	2	10
OG0006740	2	1	1	1	1	1	1	2	10
OG0006741	2	1	1	1	2	1	1	1	10
OG0006742	2	2	2	1	1	1	1	0	10
OG0006743	2	2	1	1	1	1	1	1	10
OG0006744	2	1	2	1	1	1	1	1	10
OG0006745	2	4	2	0	1	1	0	0	10
OG0006746	3	1	1	1	1	1	1	1	10
OG0006747	3	1	1	1	1	1	1	1	10
OG0006748	10	0	0	0	0	0	0	0	10
OG0006749	2	1	2	1	1	1	1	1	10
OG0006750	2	2	1	1	1	1	1	1	10
OG0006751	2	4	0	0	1	2	1	0	10
OG0006752	1	1	2	1	1	1	1	2	10
OG0006753	2	1	2	1	1	1	1	1	10
OG0006754	3	1	1	1	1	1	1	1	10
OG0006755	1	3	1	1	1	1	1	1	10
OG0006756	2	1	1	1	1	1	1	2	10
OG0006757	1	1	1	1	3	1	1	1	10
OG0006758	3	1	1	1	1	1	1	1	10
OG0006759	3	1	1	1	1	1	1	1	10
OG0006760	3	2	2	1	1	1	0	0	10
OG0006761	3	2	2	0	1	1	1	0	10
OG0006762	2	1	1	1	1	1	1	2	10
OG0006763	2	1	1	2	1	1	1	1	10
OG0006764	3	1	1	1	1	1	1	1	10
OG0006765	2	2	1	1	1	1	1	1	10
OG0006766	3	1	1	1	1	1	1	1	10
OG0006767	1	1	1	1	1	3	1	1	10
OG0006768	2	1	2	1	1	1	1	1	10
OG0006769	2	1	1	1	1	1	1	2	10
OG0006770	3	1	1	1	1	1	1	1	10
OG0006771	1	2	1	1	1	1	1	2	10
OG0006772	3	1	1	1	1	1	1	1	10
OG0006773	2	2	0	1	1	1	1	2	10
OG0006774	1	1	1	1	1	1	1	3	10
OG0006775	1	1	1	1	0	1	0	5	10
OG0006776	3	1	1	1	1	1	1	1	10
OG0006777	2	1	1	2	1	1	1	1	10
OG0006778	3	1	1	1	1	1	1	1	10
OG0006779	1	2	1	1	1	1	1	2	10
OG0006780	2	1	1	1	1	2	1	1	10
OG0006781	4	2	0	0	1	1	1	1	10
OG0006782	1	3	1	1	1	1	1	1	10
OG0006783	4	1	0	1	1	1	1	1	10
OG0006784	2	1	2	1	1	1	1	1	10
OG0006785	3	1	1	1	1	1	1	1	10
OG0006786	2	1	1	1	1	2	1	1	10
OG0006787	3	1	1	1	1	1	1	1	10
OG0006788	1	4	0	1	1	1	1	1	10
OG0006789	1	2	1	1	2	1	1	1	10
OG0006790	2	2	1	1	1	1	1	1	10
OG0006791	3	1	1	1	1	1	1	1	10
OG0006792	1	2	1	2	1	1	1	1	10
OG0006793	2	1	1	1	1	1	1	2	10
OG0006794	1	1	1	2	1	1	2	1	10
OG0006795	3	1	1	1	1	1	1	1	10
OG0006796	2	2	1	1	1	1	1	1	10
OG0006797	3	1	1	1	1	1	1	1	10
OG0006798	2	1	1	1	1	1	2	1	10
OG0006799	3	1	1	1	1	1	1	1	10
OG0006800	2	1	1	1	2	1	1	1	10
OG0006801	1	1	2	1	1	2	1	1	10
OG0006802	3	1	1	1	1	1	1	1	10
OG0006803	10	0	0	0	0	0	0	0	10
OG0006804	2	1	1	1	2	1	1	1	10
OG0006805	2	1	2	1	1	1	1	1	10
OG0006806	1	3	1	0	2	2	1	0	10
OG0006807	2	2	1	1	1	1	1	1	10
OG0006808	2	1	1	1	1	1	1	2	10
OG0006809	2	1	1	2	1	1	1	1	10
OG0006810	3	1	1	1	1	1	1	1	10
OG0006811	4	1	0	1	1	1	1	1	10
OG0006812	2	1	1	2	1	1	1	1	10
OG0006813	2	1	1	1	1	1	1	2	10
OG0006814	3	1	1	1	1	1	1	1	10
OG0006815	3	1	1	1	1	1	1	1	10
OG0006816	2	2	1	1	1	3	0	0	10
OG0006817	1	3	1	1	1	1	1	1	10
OG0006818	2	2	1	1	1	1	1	1	10
OG0006819	1	1	2	1	1	1	1	2	10
OG0006820	1	2	1	1	1	1	2	1	10
OG0006821	3	1	1	1	1	1	1	1	10
OG0006822	2	1	1	1	1	1	2	1	10
OG0006823	10	0	0	0	0	0	0	0	10
OG0006824	1	0	3	2	1	1	1	1	10
OG0006825	1	1	1	1	2	1	1	2	10
OG0006826	1	3	1	1	1	1	1	1	10
OG0006827	3	1	1	1	1	1	1	1	10
OG0006828	2	1	1	1	1	1	1	2	10
OG0006829	2	1	1	0	2	1	1	2	10
OG0006830	1	1	1	3	1	1	1	1	10
OG0006831	2	2	1	1	1	1	1	1	10
OG0006832	2	2	1	1	1	1	1	1	10
OG0006833	1	1	1	1	2	1	1	2	10
OG0006834	1	1	1	1	1	3	1	1	10
OG0006835	3	1	1	1	1	1	1	1	10
OG0006836	3	1	1	1	1	1	1	1	10
OG0006837	5	1	1	0	2	1	0	0	10
OG0006838	2	2	1	1	1	1	1	1	10
OG0006839	4	1	1	1	1	1	1	0	10
OG0006840	2	2	1	1	1	1	1	1	10
OG0006841	1	1	1	2	1	1	1	2	10
OG0006842	1	1	1	1	2	1	2	1	10
OG0006843	1	1	1	3	1	1	1	1	10
OG0006844	3	1	1	1	1	1	1	1	10
OG0006845	10	0	0	0	0	0	0	0	10
OG0006846	1	1	2	1	1	1	1	2	10
OG0006847	2	1	1	1	1	1	2	1	10
OG0006848	3	1	1	1	1	1	1	1	10
OG0006849	1	1	1	3	1	1	1	1	10
OG0006850	1	1	2	1	1	1	1	2	10
OG0006851	2	1	1	2	1	1	1	1	10
OG0006852	2	2	1	1	1	1	1	1	10
OG0006853	3	1	1	1	1	1	1	1	10
OG0006854	3	1	1	1	1	1	1	1	10
OG0006855	1	1	1	1	2	1	1	2	10
OG0006856	1	1	1	1	3	1	1	1	10
OG0006857	2	1	1	1	1	2	1	1	10
OG0006858	1	2	1	1	2	2	1	0	10
OG0006859	2	3	1	0	1	1	1	1	10
OG0006860	2	1	1	2	1	1	1	1	10
OG0006861	2	1	2	1	2	1	1	0	10
OG0006862	3	1	1	1	1	1	1	1	10
OG0006863	1	1	1	2	1	1	1	2	10
OG0006864	2	1	1	2	1	1	1	1	10
OG0006865	3	1	1	1	1	1	1	1	10
OG0006866	1	1	3	1	1	1	1	1	10
OG0006867	2	1	1	2	1	1	1	1	10
OG0006868	3	1	1	1	1	1	1	1	10
OG0006869	4	0	1	1	1	1	1	1	10
OG0006870	2	2	1	1	1	1	1	1	10
OG0006871	2	2	1	1	1	1	1	1	10
OG0006872	2	2	1	1	1	1	1	1	10
OG0006873	2	1	2	1	1	1	1	1	10
OG0006874	4	1	2	0	0	1	0	2	10
OG0006875	3	1	1	1	1	1	1	1	10
OG0006876	2	2	1	1	1	1	1	1	10
OG0006877	3	1	1	1	1	1	1	1	10
OG0006878	1	1	1	3	1	1	1	1	10
OG0006879	2	1	1	1	1	1	1	2	10
OG0006880	2	2	1	1	1	1	1	1	10
OG0006881	2	1	2	1	1	1	1	1	10
OG0006882	3	1	1	1	1	1	1	1	10
OG0006883	2	2	1	1	1	1	1	1	10
OG0006884	1	1	3	1	1	1	1	1	10
OG0006885	1	2	2	1	1	1	1	1	10
OG0006886	1	1	1	1	1	1	1	3	10
OG0006887	3	1	1	1	1	1	1	1	10
OG0006888	2	1	1	1	2	1	1	1	10
OG0006889	2	1	1	1	1	2	1	1	10
OG0006890	3	1	1	1	1	1	1	1	10
OG0006891	2	1	2	1	1	1	1	1	10
OG0006892	2	2	1	1	1	1	1	1	10
OG0006893	2	2	1	1	1	2	1	0	10
OG0006894	2	3	0	1	1	1	1	1	10
OG0006895	2	1	1	1	2	1	1	1	10
OG0006896	2	1	1	1	1	1	1	2	10
OG0006897	1	1	3	1	1	1	1	1	10
OG0006898	1	1	1	2	1	1	1	2	10
OG0006899	1	1	1	0	4	1	1	1	10
OG0006900	3	1	0	1	2	1	1	1	10
OG0006901	2	1	1	1	1	1	1	2	10
OG0006902	2	1	1	1	1	1	1	2	10
OG0006903	3	1	1	1	1	1	1	1	10
OG0006904	4	0	1	1	1	1	1	1	10
OG0006905	5	2	0	0	1	1	1	0	10
OG0006906	2	2	1	1	1	1	1	1	10
OG0006907	1	1	2	2	1	1	1	1	10
OG0006908	3	1	1	1	1	1	1	1	10
OG0006909	2	2	1	1	1	1	1	1	10
OG0006910	2	1	1	1	1	1	1	2	10
OG0006911	1	2	1	1	1	2	1	1	10
OG0006912	3	1	1	1	1	1	1	1	10
OG0006913	3	1	1	1	1	1	1	1	10
OG0006914	3	1	1	1	1	1	1	1	10
OG0006915	3	1	1	1	1	1	1	1	10
OG0006916	2	2	1	1	1	1	1	1	10
OG0006917	2	1	2	1	1	1	1	1	10
OG0006918	2	1	1	1	1	1	1	2	10
OG0006919	1	1	1	1	1	1	1	3	10
OG0006920	2	3	1	1	1	0	1	1	10
OG0006921	1	1	1	3	1	1	1	1	10
OG0006922	2	2	1	1	1	1	1	1	10
OG0006923	3	1	1	1	1	1	1	1	10
OG0006924	2	1	1	1	1	1	1	2	10
OG0006925	1	1	2	2	2	2	0	0	10
OG0006926	3	1	1	1	1	1	1	1	10
OG0006927	3	1	1	1	1	1	1	1	10
OG0006928	2	1	1	1	1	1	1	2	10
OG0006929	1	4	0	1	1	1	1	1	10
OG0006930	2	1	2	1	1	1	1	1	10
OG0006931	1	3	1	1	1	1	1	1	10
OG0006932	2	1	1	1	1	2	1	1	10
OG0006933	2	2	1	1	1	1	1	1	10
OG0006934	3	1	1	1	1	1	1	1	10
OG0006935	1	1	1	3	1	1	1	1	10
OG0006936	1	1	1	4	1	1	1	0	10
OG0006937	1	2	1	1	1	2	1	1	10
OG0006938	3	1	1	1	1	1	1	1	10
OG0006939	2	1	2	1	1	1	1	1	10
OG0006940	3	1	1	1	1	1	1	1	10
OG0006941	1	2	1	1	1	2	1	1	10
OG0006942	1	2	1	1	1	1	1	2	10
OG0006943	1	2	1	1	1	1	1	2	10
OG0006944	1	1	1	1	1	1	1	3	10
OG0006945	1	2	2	1	1	1	1	1	10
OG0006946	2	1	2	1	1	1	1	1	10
OG0006947	2	1	1	1	1	2	1	1	10
OG0006948	2	1	1	1	1	1	2	1	10
OG0006949	1	1	2	1	1	2	1	1	10
OG0006950	1	3	1	1	1	1	1	1	10
OG0006951	3	1	1	1	1	1	1	1	10
OG0006952	3	2	0	0	1	2	1	1	10
OG0006953	1	2	1	1	1	1	1	2	10
OG0006954	1	1	2	1	1	1	1	2	10
OG0006955	4	1	1	0	1	1	1	1	10
OG0006956	3	1	1	0	1	1	1	2	10
OG0006957	1	2	1	1	1	2	1	1	10
OG0006958	2	1	1	1	1	1	1	2	10
OG0006959	10	0	0	0	0	0	0	0	10
OG0006960	2	1	1	1	1	1	2	1	10
OG0006961	3	1	1	1	1	1	1	1	10
OG0006962	2	1	1	1	1	2	1	1	10
OG0006963	3	1	1	1	1	1	1	1	10
OG0006964	1	1	1	2	1	1	1	2	10
OG0006965	1	2	2	1	1	1	1	1	10
OG0006966	2	3	1	0	1	1	1	1	10
OG0006967	1	2	1	0	1	1	2	2	10
OG0006968	1	3	1	1	1	1	1	1	10
OG0006969	3	1	1	1	1	1	1	1	10
OG0006970	3	1	1	1	1	1	1	1	10
OG0006971	1	1	3	1	1	1	1	1	10
OG0006972	1	1	1	1	1	1	2	2	10
OG0006973	3	1	1	1	1	1	1	1	10
OG0006974	2	1	1	1	1	1	1	2	10
OG0006975	2	2	1	1	1	1	1	1	10
OG0006976	1	1	1	1	2	2	1	1	10
OG0006977	1	2	2	1	1	1	1	1	10
OG0006978	3	1	1	1	1	1	1	1	10
OG0006979	3	1	1	1	1	1	1	1	10
OG0006980	2	2	1	1	1	1	1	1	10
OG0006981	1	0	2	2	1	1	1	2	10
OG0006982	2	2	1	1	1	1	1	1	10
OG0006983	3	1	1	1	1	1	1	1	10
OG0006984	1	1	1	1	1	1	2	2	10
OG0006985	1	1	1	2	1	1	1	2	10
OG0006986	9	1	0	0	0	0	0	0	10
OG0006987	10	0	0	0	0	0	0	0	10
OG0006988	3	1	1	1	1	1	1	1	10
OG0006989	3	1	1	1	1	1	1	1	10
OG0006990	4	3	1	0	1	1	0	0	10
OG0006991	1	1	2	1	1	1	1	2	10
OG0006992	1	1	1	1	1	1	1	3	10
OG0006993	3	1	1	1	1	1	1	1	10
OG0006994	3	1	1	1	1	1	1	1	10
OG0006995	3	1	1	1	1	1	1	1	10
OG0006996	3	1	1	1	1	1	1	1	10
OG0006997	3	1	1	1	1	1	1	1	10
OG0006998	1	2	2	1	1	1	1	1	10
OG0006999	2	2	1	1	1	1	1	1	10
OG0007000	4	1	1	1	1	1	1	0	10
OG0007001	2	2	1	1	1	1	1	1	10
OG0007002	3	1	1	1	1	1	1	1	10
OG0007003	1	1	3	1	1	1	1	1	10
OG0007004	1	3	1	1	1	1	1	1	10
OG0007005	2	1	1	1	1	1	1	2	10
OG0007006	1	1	2	2	1	1	1	1	10
OG0007007	1	2	1	1	2	1	1	1	10
OG0007008	1	1	2	1	1	1	1	2	10
OG0007009	2	1	1	1	1	1	1	2	10
OG0007010	10	0	0	0	0	0	0	0	10
OG0007011	3	2	1	1	1	1	1	0	10
OG0007012	2	2	1	1	1	1	1	1	10
OG0007013	1	2	1	1	1	1	1	2	10
OG0007014	3	1	0	2	1	1	1	1	10
OG0007015	1	1	1	1	1	1	1	3	10
OG0007016	2	1	1	2	1	1	1	1	10
OG0007017	3	1	1	1	1	1	1	1	10
OG0007018	2	1	2	1	2	0	1	1	10
OG0007019	1	3	1	1	1	1	1	1	10
OG0007020	2	1	1	1	2	1	1	1	10
OG0007021	3	1	1	1	1	1	1	1	10
OG0007022	2	3	0	1	1	1	1	1	10
OG0007023	1	1	3	1	1	1	1	1	10
OG0007024	1	3	1	1	1	1	1	1	10
OG0007025	1	2	2	1	1	1	1	1	10
OG0007026	3	1	1	1	1	1	1	1	10
OG0007027	2	1	1	1	1	1	1	2	10
OG0007028	2	1	2	1	1	1	1	1	10
OG0007029	3	2	2	0	1	1	1	0	10
OG0007030	3	1	1	1	1	1	1	1	10
OG0007031	1	2	1	1	1	1	1	2	10
OG0007032	3	1	1	1	1	1	1	1	10
OG0007033	1	1	1	1	1	1	1	3	10
OG0007034	1	3	1	1	1	1	1	1	10
OG0007035	3	1	1	1	1	1	1	1	10
OG0007036	2	1	0	3	1	1	1	1	10
OG0007037	2	1	2	1	1	1	1	1	10
OG0007038	3	1	1	1	1	1	1	1	10
OG0007039	2	2	1	1	1	1	1	1	10
OG0007040	1	2	1	1	1	1	1	2	10
OG0007041	1	2	1	1	1	1	1	2	10
OG0007042	2	4	1	0	2	1	0	0	10
OG0007043	2	2	1	1	1	1	1	1	10
OG0007044	3	1	1	1	1	1	1	1	10
OG0007045	1	1	3	1	1	1	1	1	10
OG0007046	1	1	2	1	2	1	1	1	10
OG0007047	3	1	1	1	1	1	1	1	10
OG0007048	3	1	1	1	1	1	1	1	10
OG0007049	2	1	1	2	1	1	1	1	10
OG0007050	3	1	1	1	1	1	1	1	10
OG0007051	2	1	1	1	1	1	2	1	10
OG0007052	2	1	1	1	1	1	1	2	10
OG0007053	2	2	1	1	1	1	1	1	10
OG0007054	1	2	2	1	1	1	1	1	10
OG0007055	5	1	0	0	1	1	1	1	10
OG0007056	2	1	1	1	1	1	1	2	10
OG0007057	1	1	1	1	3	1	1	1	10
OG0007058	3	1	1	1	1	1	1	1	10
OG0007059	3	1	1	1	1	1	1	1	10
OG0007060	1	2	1	1	1	2	1	1	10
OG0007061	3	1	1	1	1	1	1	1	10
OG0007062	2	2	1	1	1	1	1	1	10
OG0007063	1	2	1	1	1	2	1	1	10
OG0007064	2	1	1	1	1	1	1	2	10
OG0007065	2	2	1	1	1	1	1	1	10
OG0007066	1	1	2	1	1	2	1	1	10
OG0007067	4	1	1	0	1	1	1	1	10
OG0007068	1	1	1	1	2	1	2	1	10
OG0007069	3	1	1	1	1	1	1	1	10
OG0007070	1	1	1	1	1	1	1	3	10
OG0007071	3	1	1	1	1	1	1	1	10
OG0007072	2	1	1	1	2	1	1	1	10
OG0007073	3	1	1	1	1	1	1	1	10
OG0007074	2	1	1	1	1	1	1	2	10
OG0007075	2	1	1	1	1	2	1	1	10
OG0007076	2	1	1	1	1	1	1	2	10
OG0007077	2	1	1	1	2	1	1	1	10
OG0007078	1	3	1	1	1	1	1	1	10
OG0007079	3	1	1	1	1	1	1	1	10
OG0007080	1	2	1	1	1	1	2	1	10
OG0007081	2	1	2	1	2	1	0	1	10
OG0007082	1	1	1	1	1	1	1	3	10
OG0007083	2	2	1	1	1	1	1	1	10
OG0007084	3	1	1	1	1	1	1	1	10
OG0007085	2	1	1	2	1	1	1	1	10
OG0007086	1	2	2	1	1	1	1	1	10
OG0007087	2	2	1	1	1	1	1	1	10
OG0007088	2	2	1	1	1	1	1	1	10
OG0007089	2	1	2	1	1	1	1	1	10
OG0007090	2	1	1	1	1	1	1	2	10
OG0007091	2	1	1	1	1	1	1	2	10
OG0007092	1	2	1	2	1	1	1	1	10
OG0007093	1	2	2	1	1	1	1	1	10
OG0007094	4	1	1	0	1	1	1	1	10
OG0007095	3	1	1	1	1	1	1	1	10
OG0007096	1	1	1	1	1	1	1	3	10
OG0007097	3	1	1	1	1	1	1	1	10
OG0007098	2	1	1	1	1	1	1	2	10
OG0007099	3	1	1	1	1	1	1	1	10
OG0007100	2	1	1	1	1	1	1	2	10
OG0007101	1	1	1	1	3	1	1	1	10
OG0007102	2	1	2	1	1	1	1	1	10
OG0007103	1	1	2	1	1	1	1	2	10
OG0007104	4	1	1	0	1	1	1	1	10
OG0007105	2	2	1	1	1	1	1	1	10
OG0007106	1	2	2	1	1	1	1	1	10
OG0007107	3	1	1	1	1	1	1	1	10
OG0007108	2	2	1	1	1	1	1	1	10
OG0007109	1	1	2	2	1	1	1	1	10
OG0007110	1	2	1	2	1	1	1	1	10
OG0007111	2	2	1	1	1	1	1	1	10
OG0007112	1	2	2	1	1	1	1	1	10
OG0007113	3	1	1	1	1	1	1	1	10
OG0007114	3	1	1	1	1	1	1	1	10
OG0007115	3	1	1	1	1	1	1	1	10
OG0007116	2	1	1	1	1	1	2	1	10
OG0007117	2	1	2	1	1	1	1	1	10
OG0007118	3	1	1	1	1	1	1	1	10
OG0007119	3	1	1	1	1	1	1	1	10
OG0007120	3	1	1	1	1	1	1	1	10
OG0007121	1	3	1	1	1	1	1	1	10
OG0007122	2	1	2	1	1	1	1	1	10
OG0007123	2	1	1	1	1	2	1	1	10
OG0007124	3	1	1	1	1	1	1	1	10
OG0007125	2	1	1	1	1	1	1	2	10
OG0007126	1	2	1	2	1	1	1	1	10
OG0007127	1	2	1	1	1	1	1	2	10
OG0007128	2	1	1	1	1	1	1	2	10
OG0007129	2	1	1	1	2	1	1	1	10
OG0007130	1	2	1	1	1	2	1	1	10
OG0007131	1	2	1	1	1	1	2	1	10
OG0007132	2	1	1	1	1	1	1	2	10
OG0007133	3	1	1	1	1	1	1	1	10
OG0007134	1	3	1	1	1	1	1	1	10
OG0007135	1	2	2	1	1	1	1	1	10
OG0007136	3	1	1	1	1	1	1	1	10
OG0007137	10	0	0	0	0	0	0	0	10
OG0007138	3	1	1	1	1	1	1	1	10
OG0007139	1	1	2	1	1	1	2	1	10
OG0007140	2	1	2	1	1	1	1	1	10
OG0007141	2	1	1	2	1	1	1	1	10
OG0007142	2	1	1	1	1	1	1	2	10
OG0007143	3	1	1	1	1	1	1	1	10
OG0007144	1	2	1	1	2	1	1	1	10
OG0007145	1	2	1	1	1	2	1	1	10
OG0007146	1	1	2	1	1	1	1	2	10
OG0007147	3	1	1	1	1	1	1	1	10
OG0007148	3	1	1	1	1	1	1	1	10
OG0007149	3	1	1	1	1	1	1	1	10
OG0007150	1	2	1	1	1	1	1	2	10
OG0007151	3	0	1	1	1	1	2	1	10
OG0007152	2	1	1	1	1	1	1	2	10
OG0007153	3	1	1	1	1	1	1	1	10
OG0007154	2	2	1	1	1	1	1	1	10
OG0007155	2	1	1	1	1	1	1	2	10
OG0007156	1	2	1	2	1	1	1	1	10
OG0007157	3	1	1	1	1	1	1	1	10
OG0007158	1	2	1	1	1	2	1	1	10
OG0007159	3	1	1	1	1	1	1	1	10
OG0007160	3	2	0	1	1	1	1	1	10
OG0007161	2	2	1	1	1	1	1	1	10
OG0007162	2	2	1	1	1	1	1	1	10
OG0007163	2	1	1	1	1	1	1	2	10
OG0007164	3	1	1	1	1	1	1	1	10
OG0007165	2	1	2	1	1	1	1	1	10
OG0007166	2	2	1	1	1	1	1	1	10
OG0007167	1	2	2	1	1	1	1	1	10
OG0007168	2	1	1	0	1	1	1	3	10
OG0007169	3	1	1	1	1	1	1	1	10
OG0007170	3	1	1	1	1	1	1	1	10
OG0007171	2	1	1	1	1	1	2	1	10
OG0007172	3	1	1	1	1	1	1	1	10
OG0007173	1	1	1	1	1	1	1	3	10
OG0007174	10	0	0	0	0	0	0	0	10
OG0007175	2	2	1	1	1	1	1	1	10
OG0007176	2	1	1	2	1	1	1	1	10
OG0007177	1	1	1	1	1	1	1	3	10
OG0007178	1	1	1	2	2	1	1	1	10
OG0007179	1	1	2	1	1	1	1	2	10
OG0007180	3	1	1	1	1	1	1	1	10
OG0007181	3	1	1	1	1	1	1	1	10
OG0007182	3	1	1	1	1	1	1	1	10
OG0007183	3	1	1	1	1	1	1	1	10
OG0007184	3	1	1	1	1	1	1	1	10
OG0007185	2	1	2	1	1	1	1	1	10
OG0007186	2	2	1	1	1	1	1	1	10
OG0007187	3	1	0	1	1	1	2	1	10
OG0007188	1	1	1	1	1	1	1	3	10
OG0007189	1	1	2	1	1	1	1	2	10
OG0007190	1	1	0	0	2	1	5	0	10
OG0007191	1	0	0	0	2	2	5	0	10
OG0007192	1	1	0	0	3	2	3	0	10
OG0007193	1	2	0	1	1	2	3	0	10
OG0007194	1	1	1	0	1	2	4	0	10
OG0007195	0	10	0	0	0	0	0	0	10
OG0007196	0	10	0	0	0	0	0	0	10
OG0007197	0	10	0	0	0	0	0	0	10
OG0007198	0	2	2	1	2	2	0	1	10
OG0007199	0	4	1	1	1	1	1	1	10
OG0007200	0	10	0	0	0	0	0	0	10
OG0007201	0	10	0	0	0	0	0	0	10
OG0007202	0	9	0	0	0	0	0	1	10
OG0007203	0	4	2	1	2	1	0	0	10
OG0007204	0	4	0	5	0	0	0	1	10
OG0007205	0	2	2	1	1	2	1	1	10
OG0007206	0	2	0	2	4	1	1	0	10
OG0007207	0	2	2	1	1	1	1	2	10
OG0007208	0	3	1	1	1	1	1	2	10
OG0007209	0	2	3	1	2	2	0	0	10
OG0007210	0	1	1	0	0	8	0	0	10
OG0007211	0	1	1	4	1	1	1	1	10
OG0007212	0	1	3	1	1	1	1	2	10
OG0007213	0	2	1	3	1	2	1	0	10
OG0007214	0	1	4	3	1	1	0	0	10
OG0007215	0	0	9	0	0	0	0	1	10
OG0007216	0	0	4	0	0	0	0	6	10
OG0007217	0	0	1	8	0	0	0	1	10
OG0007218	0	0	7	2	0	0	0	1	10
OG0007219	0	0	8	0	0	0	0	2	10
OG0007220	0	0	9	0	0	0	0	1	10
OG0007221	0	0	2	0	0	0	0	8	10
OG0007222	0	0	4	0	0	0	0	6	10
OG0007223	0	0	4	0	0	0	0	6	10
OG0007224	0	0	1	0	8	1	0	0	10
OG0007225	0	0	3	2	0	0	0	5	10
OG0007226	0	0	5	1	0	0	0	4	10
OG0007227	0	0	2	0	0	0	0	8	10
OG0007228	0	0	1	8	0	1	0	0	10
OG0007229	0	0	0	4	0	0	0	6	10
OG0007230	0	0	0	0	10	0	0	0	10
OG0007231	0	0	0	0	8	2	0	0	10
OG0007232	0	0	0	0	9	0	1	0	10
OG0007233	0	0	0	0	9	0	0	1	10
OG0007234	0	0	0	0	9	1	0	0	10
OG0007235	0	0	0	0	10	0	0	0	10
OG0007236	0	0	0	0	2	0	8	0	10
OG0007237	0	0	0	0	4	1	5	0	10
OG0007238	0	0	0	0	6	0	4	0	10
OG0007239	0	0	0	0	3	5	2	0	10
OG0007240	0	0	0	0	1	1	8	0	10
OG0007241	0	0	0	0	0	0	10	0	10
OG0007242	0	0	0	0	0	0	10	0	10
OG0007243	0	0	0	0	0	0	10	0	10
OG0007244	0	0	0	0	0	0	0	10	10
OG0007245	0	0	0	0	0	0	0	10	10
OG0007246	0	0	0	0	0	0	0	10	10
OG0007247	0	0	0	1	4	0	1	3	9
OG0007248	6	3	0	0	0	0	0	0	9
OG0007249	2	1	2	1	1	1	1	0	9
OG0007250	7	1	0	0	0	1	0	0	9
OG0007251	4	1	1	1	1	1	0	0	9
OG0007252	1	1	0	1	1	1	1	3	9
OG0007253	1	2	2	1	1	1	0	1	9
OG0007254	1	2	2	2	1	1	0	0	9
OG0007255	1	2	1	1	1	1	1	1	9
OG0007256	1	2	1	1	1	1	1	1	9
OG0007257	1	1	1	1	4	1	0	0	9
OG0007258	4	2	1	1	1	0	0	0	9
OG0007259	2	1	1	1	1	1	1	1	9
OG0007260	3	1	0	1	1	1	1	1	9
OG0007261	1	1	2	1	1	1	1	1	9
OG0007262	2	1	1	1	1	1	1	1	9
OG0007263	2	1	1	1	1	1	1	1	9
OG0007264	5	1	1	1	1	0	0	0	9
OG0007265	2	3	0	0	1	0	2	1	9
OG0007266	1	3	1	0	1	1	1	1	9
OG0007267	4	1	1	0	1	1	1	0	9
OG0007268	2	2	1	1	1	1	1	0	9
OG0007269	2	4	1	1	0	1	0	0	9
OG0007270	3	1	2	1	1	1	0	0	9
OG0007271	0	0	2	3	1	1	1	1	9
OG0007272	3	2	1	1	1	1	0	0	9
OG0007273	2	1	1	1	1	1	1	1	9
OG0007274	2	2	1	2	1	1	0	0	9
OG0007275	1	2	1	1	1	1	1	1	9
OG0007276	1	1	1	1	1	2	1	1	9
OG0007277	3	2	1	1	1	1	0	0	9
OG0007278	4	1	1	1	1	1	0	0	9
OG0007279	2	1	1	1	1	1	1	1	9
OG0007280	1	2	2	1	1	2	0	0	9
OG0007281	3	2	1	0	1	1	1	0	9
OG0007282	3	1	0	0	2	0	1	2	9
OG0007283	1	2	1	1	1	1	1	1	9
OG0007284	1	1	1	1	1	2	1	1	9
OG0007285	2	2	2	1	1	1	0	0	9
OG0007286	1	2	1	1	1	1	1	1	9
OG0007287	1	1	1	2	1	1	1	1	9
OG0007288	1	1	1	0	1	2	1	2	9
OG0007289	1	1	3	0	1	1	1	1	9
OG0007290	0	1	2	2	1	1	1	1	9
OG0007291	0	0	4	1	0	0	0	4	9
OG0007292	2	1	1	1	1	1	1	1	9
OG0007293	1	2	1	1	1	1	1	1	9
OG0007294	4	1	1	0	1	1	1	0	9
OG0007295	2	1	1	1	1	1	1	1	9
OG0007296	4	1	0	1	1	1	1	0	9
OG0007297	1	2	0	1	1	2	1	1	9
OG0007298	1	2	1	1	1	1	1	1	9
OG0007299	2	2	1	1	1	1	0	1	9
OG0007300	1	1	1	2	1	1	1	1	9
OG0007301	2	0	2	0	1	1	2	1	9
OG0007302	2	1	1	1	1	1	1	1	9
OG0007303	2	1	1	1	1	1	1	1	9
OG0007304	1	1	1	1	1	1	2	1	9
OG0007305	1	1	1	1	1	1	1	2	9
OG0007306	2	1	1	1	1	1	1	1	9
OG0007307	1	2	1	1	1	1	1	1	9
OG0007308	2	2	1	1	1	1	1	0	9
OG0007309	2	1	2	1	1	1	1	0	9
OG0007310	0	3	0	1	1	3	1	0	9
OG0007311	2	1	1	1	1	1	1	1	9
OG0007312	2	1	1	1	1	1	1	1	9
OG0007313	2	1	1	1	1	1	1	1	9
OG0007314	1	2	1	1	1	1	1	1	9
OG0007315	4	1	1	1	1	1	0	0	9
OG0007316	4	4	0	0	0	1	0	0	9
OG0007317	6	3	0	0	0	0	0	0	9
OG0007318	3	1	0	1	1	1	1	1	9
OG0007319	1	4	0	1	1	1	1	0	9
OG0007320	2	1	1	1	1	1	1	1	9
OG0007321	2	0	2	1	1	1	1	1	9
OG0007322	2	1	1	1	1	1	1	1	9
OG0007323	5	1	0	0	0	0	1	2	9
OG0007324	1	1	2	1	1	0	1	2	9
OG0007325	1	2	1	1	1	1	1	1	9
OG0007326	4	1	0	0	1	1	1	1	9
OG0007327	2	1	1	1	2	1	1	0	9
OG0007328	1	2	1	1	1	1	1	1	9
OG0007329	3	2	1	1	1	1	0	0	9
OG0007330	2	1	1	1	1	1	1	1	9
OG0007331	2	1	1	1	1	1	1	1	9
OG0007332	2	1	1	1	1	1	1	1	9
OG0007333	3	1	0	0	1	1	1	2	9
OG0007334	3	1	1	1	1	1	1	0	9
OG0007335	0	0	0	0	5	3	1	0	9
OG0007336	4	1	0	0	1	1	1	1	9
OG0007337	2	1	1	1	1	1	1	1	9
OG0007338	1	2	1	1	1	1	1	1	9
OG0007339	2	1	1	1	1	1	1	1	9
OG0007340	0	1	2	1	1	2	1	1	9
OG0007341	1	2	1	1	1	1	1	1	9
OG0007342	4	2	0	0	1	1	1	0	9
OG0007343	1	1	1	1	1	2	1	1	9
OG0007344	2	1	1	1	1	1	1	1	9
OG0007345	3	0	1	1	1	1	1	1	9
OG0007346	2	1	1	1	1	1	1	1	9
OG0007347	5	2	0	1	0	1	0	0	9
OG0007348	3	0	1	1	1	1	1	1	9
OG0007349	1	2	1	1	1	1	1	1	9
OG0007350	1	1	1	1	1	3	0	1	9
OG0007351	1	1	1	2	1	1	1	1	9
OG0007352	1	1	1	0	3	1	1	1	9
OG0007353	2	1	1	1	1	1	1	1	9
OG0007354	3	2	1	1	1	1	0	0	9
OG0007355	2	2	1	1	1	1	1	0	9
OG0007356	3	0	1	1	1	1	1	1	9
OG0007357	2	1	1	1	1	1	1	1	9
OG0007358	1	1	1	1	1	1	1	2	9
OG0007359	1	1	1	1	1	1	1	2	9
OG0007360	0	4	1	1	1	1	1	0	9
OG0007361	2	1	1	1	1	1	1	1	9
OG0007362	1	2	1	1	1	1	1	1	9
OG0007363	2	1	1	1	1	1	1	1	9
OG0007364	2	1	1	1	1	1	1	1	9
OG0007365	2	1	1	1	1	2	1	0	9
OG0007366	1	0	2	1	1	1	3	0	9
OG0007367	2	1	1	1	1	1	1	1	9
OG0007368	2	1	1	1	1	1	1	1	9
OG0007369	2	1	1	1	1	1	1	1	9
OG0007370	2	1	1	0	1	1	2	1	9
OG0007371	2	1	1	1	1	1	1	1	9
OG0007372	1	1	1	1	1	1	1	2	9
OG0007373	3	0	1	1	1	1	1	1	9
OG0007374	0	1	2	1	1	1	1	2	9
OG0007375	2	2	1	0	1	1	1	1	9
OG0007376	2	1	1	0	2	1	1	1	9
OG0007377	2	1	1	1	1	1	1	1	9
OG0007378	2	1	0	1	1	1	1	2	9
OG0007379	1	2	1	1	1	1	1	1	9
OG0007380	6	0	2	0	0	0	0	1	9
OG0007381	2	1	1	1	1	1	1	1	9
OG0007382	2	1	1	1	1	1	1	1	9
OG0007383	1	0	1	2	2	1	1	1	9
OG0007384	2	1	1	1	1	1	1	1	9
OG0007385	4	5	0	0	0	0	0	0	9
OG0007386	1	1	1	2	1	1	1	1	9
OG0007387	1	2	1	1	1	1	1	1	9
OG0007388	2	1	1	1	1	1	1	1	9
OG0007389	2	1	1	1	1	1	1	1	9
OG0007390	3	0	1	1	1	1	1	1	9
OG0007391	4	5	0	0	0	0	0	0	9
OG0007392	2	1	1	1	1	1	1	1	9
OG0007393	2	1	1	1	1	1	1	1	9
OG0007394	1	2	1	1	1	1	1	1	9
OG0007395	3	0	1	1	1	1	1	1	9
OG0007396	2	1	1	1	1	1	1	1	9
OG0007397	2	1	1	1	1	1	1	1	9
OG0007398	2	1	1	1	1	1	1	1	9
OG0007399	4	1	1	1	1	1	0	0	9
OG0007400	1	0	0	0	4	1	2	1	9
OG0007401	1	1	1	1	1	1	1	2	9
OG0007402	1	1	1	1	1	2	1	1	9
OG0007403	1	2	1	1	1	1	1	1	9
OG0007404	1	2	1	1	1	1	1	1	9
OG0007405	3	0	1	1	1	1	1	1	9
OG0007406	7	1	0	0	0	0	0	1	9
OG0007407	1	2	1	1	1	1	1	1	9
OG0007408	1	1	2	0	1	2	2	0	9
OG0007409	3	1	0	1	1	1	1	1	9
OG0007410	2	1	1	1	1	1	1	1	9
OG0007411	2	1	1	1	1	1	1	1	9
OG0007412	2	1	1	1	1	1	1	1	9
OG0007413	1	1	2	1	1	1	1	1	9
OG0007414	2	2	1	1	1	1	1	0	9
OG0007415	7	0	2	0	0	0	0	0	9
OG0007416	2	1	1	1	1	1	1	1	9
OG0007417	1	1	1	1	2	1	1	1	9
OG0007418	2	0	1	1	1	2	1	1	9
OG0007419	1	2	2	0	0	3	0	1	9
OG0007420	2	1	1	1	1	1	1	1	9
OG0007421	1	2	1	1	1	1	1	1	9
OG0007422	2	1	1	1	1	1	1	1	9
OG0007423	2	1	1	1	1	1	1	1	9
OG0007424	1	2	1	1	1	1	1	1	9
OG0007425	2	1	1	0	2	2	1	0	9
OG0007426	2	1	1	1	1	1	1	1	9
OG0007427	2	1	1	1	1	2	1	0	9
OG0007428	2	1	1	1	1	1	1	1	9
OG0007429	3	0	1	1	1	1	1	1	9
OG0007430	2	1	1	1	1	1	1	1	9
OG0007431	1	1	2	1	1	1	1	1	9
OG0007432	2	1	1	1	1	1	1	1	9
OG0007433	1	2	1	1	1	1	1	1	9
OG0007434	2	1	1	1	2	1	1	0	9
OG0007435	1	1	1	1	1	1	1	2	9
OG0007436	2	1	1	1	1	1	1	1	9
OG0007437	2	2	1	0	1	1	1	1	9
OG0007438	1	1	1	3	2	1	0	0	9
OG0007439	3	1	1	1	1	1	1	0	9
OG0007440	1	2	1	1	1	1	1	1	9
OG0007441	1	1	1	2	1	1	1	1	9
OG0007442	2	1	1	1	1	1	1	1	9
OG0007443	1	1	1	1	1	2	1	1	9
OG0007444	2	1	1	1	1	1	1	1	9
OG0007445	3	2	1	0	1	2	0	0	9
OG0007446	2	2	0	1	1	1	1	1	9
OG0007447	3	0	1	1	1	1	1	1	9
OG0007448	2	1	1	1	1	1	1	1	9
OG0007449	2	1	1	1	1	1	1	1	9
OG0007450	1	1	1	1	1	1	1	2	9
OG0007451	1	2	1	1	1	1	1	1	9
OG0007452	2	2	1	1	1	2	0	0	9
OG0007453	2	1	1	1	1	1	1	1	9
OG0007454	1	2	1	1	1	1	1	1	9
OG0007455	2	3	1	0	1	1	1	0	9
OG0007456	8	0	0	1	0	0	0	0	9
OG0007457	1	2	1	1	1	1	1	1	9
OG0007458	1	1	2	1	1	2	1	0	9
OG0007459	2	1	1	1	1	1	1	1	9
OG0007460	3	1	1	0	1	1	1	1	9
OG0007461	2	1	1	1	1	1	1	1	9
OG0007462	2	2	1	0	1	1	1	1	9
OG0007463	2	1	1	1	1	1	1	1	9
OG0007464	3	3	1	0	1	1	0	0	9
OG0007465	2	1	1	1	1	1	1	1	9
OG0007466	2	1	1	1	1	1	1	1	9
OG0007467	2	1	1	1	1	1	1	1	9
OG0007468	2	2	1	0	1	1	1	1	9
OG0007469	1	1	1	2	1	1	1	1	9
OG0007470	1	2	1	1	1	1	1	1	9
OG0007471	1	1	1	1	2	1	1	1	9
OG0007472	1	1	2	1	2	1	1	0	9
OG0007473	1	2	1	1	1	1	1	1	9
OG0007474	2	1	2	0	1	1	1	1	9
OG0007475	1	0	2	1	1	1	1	2	9
OG0007476	2	1	1	1	1	1	1	1	9
OG0007477	1	2	1	1	1	1	1	1	9
OG0007478	2	1	1	1	1	1	1	1	9
OG0007479	2	1	2	1	1	2	0	0	9
OG0007480	1	2	1	1	1	1	1	1	9
OG0007481	3	1	0	1	1	1	1	1	9
OG0007482	2	1	1	1	1	2	1	0	9
OG0007483	2	1	1	2	1	1	1	0	9
OG0007484	2	1	1	1	1	1	1	1	9
OG0007485	2	1	1	1	1	1	1	1	9
OG0007486	2	1	1	1	1	1	1	1	9
OG0007487	1	2	1	1	1	1	1	1	9
OG0007488	1	1	1	1	1	2	1	1	9
OG0007489	2	1	1	1	1	1	1	1	9
OG0007490	4	1	1	1	1	1	0	0	9
OG0007491	1	2	1	2	2	1	0	0	9
OG0007492	2	1	1	1	1	1	1	1	9
OG0007493	1	1	1	1	1	2	1	1	9
OG0007494	1	1	1	1	2	2	1	0	9
OG0007495	1	2	1	1	1	1	1	1	9
OG0007496	1	1	1	1	1	2	1	1	9
OG0007497	3	0	1	1	1	1	1	1	9
OG0007498	1	1	1	1	1	1	1	2	9
OG0007499	2	1	1	1	1	1	1	1	9
OG0007500	1	2	1	1	2	1	1	0	9
OG0007501	2	1	1	1	1	1	1	1	9
OG0007502	2	1	1	1	1	1	1	1	9
OG0007503	2	3	1	0	1	1	1	0	9
OG0007504	2	1	1	1	1	1	1	1	9
OG0007505	1	1	1	1	2	1	1	1	9
OG0007506	2	1	1	1	1	1	1	1	9
OG0007507	2	1	1	1	1	1	1	1	9
OG0007508	2	1	1	1	1	1	1	1	9
OG0007509	1	3	1	0	1	1	1	1	9
OG0007510	1	2	1	1	1	1	1	1	9
OG0007511	3	1	1	0	1	1	1	1	9
OG0007512	2	1	2	1	1	1	1	0	9
OG0007513	2	0	1	1	1	1	1	2	9
OG0007514	1	2	1	1	1	1	1	1	9
OG0007515	2	1	1	1	1	1	1	1	9
OG0007516	1	7	0	0	0	1	0	0	9
OG0007517	2	1	1	1	1	1	1	1	9
OG0007518	3	1	1	0	1	1	1	1	9
OG0007519	3	1	1	1	1	1	1	0	9
OG0007520	2	1	1	0	1	1	1	2	9
OG0007521	2	1	1	1	1	1	1	1	9
OG0007522	2	1	1	1	1	1	1	1	9
OG0007523	2	1	1	1	1	1	1	1	9
OG0007524	1	3	1	0	1	1	1	1	9
OG0007525	3	1	0	1	1	1	1	1	9
OG0007526	1	2	1	1	1	2	1	0	9
OG0007527	3	1	0	0	1	1	2	1	9
OG0007528	2	1	1	1	1	1	1	1	9
OG0007529	1	5	1	1	1	0	0	0	9
OG0007530	1	1	1	1	1	1	2	1	9
OG0007531	1	2	1	1	1	1	1	1	9
OG0007532	1	1	1	1	1	1	1	2	9
OG0007533	1	2	1	1	1	1	1	1	9
OG0007534	1	2	1	1	1	1	1	1	9
OG0007535	2	1	2	2	1	1	0	0	9
OG0007536	1	2	2	1	1	2	0	0	9
OG0007537	1	1	2	1	1	1	1	1	9
OG0007538	1	1	2	2	1	1	1	0	9
OG0007539	1	1	1	1	1	2	1	1	9
OG0007540	1	1	1	1	1	1	1	2	9
OG0007541	2	1	1	1	1	1	1	1	9
OG0007542	2	2	1	0	2	1	1	0	9
OG0007543	1	3	1	0	1	1	1	1	9
OG0007544	2	1	1	1	0	2	1	1	9
OG0007545	2	1	1	1	1	1	1	1	9
OG0007546	2	1	1	1	1	1	1	1	9
OG0007547	2	1	1	1	1	1	1	1	9
OG0007548	5	1	1	0	1	1	0	0	9
OG0007549	6	3	0	0	0	0	0	0	9
OG0007550	3	1	1	1	1	1	1	0	9
OG0007551	2	2	1	0	1	1	1	1	9
OG0007552	1	1	1	2	1	1	1	1	9
OG0007553	2	1	1	1	1	1	1	1	9
OG0007554	2	1	1	1	1	1	1	1	9
OG0007555	2	1	1	1	1	1	1	1	9
OG0007556	2	2	0	1	1	1	1	1	9
OG0007557	2	1	1	1	1	1	1	1	9
OG0007558	1	1	1	1	1	2	1	1	9
OG0007559	1	2	1	1	1	1	1	1	9
OG0007560	3	2	1	1	1	1	0	0	9
OG0007561	2	1	1	1	1	1	1	1	9
OG0007562	2	1	1	1	1	1	1	1	9
OG0007563	1	1	1	1	1	1	1	2	9
OG0007564	2	1	1	1	1	1	1	1	9
OG0007565	2	1	1	1	1	1	1	1	9
OG0007566	1	2	1	1	1	1	1	1	9
OG0007567	2	1	1	1	1	1	1	1	9
OG0007568	1	1	1	1	1	1	1	2	9
OG0007569	2	1	1	1	1	1	1	1	9
OG0007570	2	1	1	1	1	1	1	1	9
OG0007571	2	1	1	1	1	1	1	1	9
OG0007572	2	1	1	1	1	1	1	1	9
OG0007573	1	2	2	0	1	1	1	1	9
OG0007574	2	1	1	1	1	1	1	1	9
OG0007575	2	1	1	1	1	1	1	1	9
OG0007576	4	1	1	1	1	1	0	0	9
OG0007577	1	2	1	1	1	1	1	1	9
OG0007578	4	1	1	0	1	1	1	0	9
OG0007579	1	1	1	1	1	1	1	2	9
OG0007580	2	1	1	1	1	1	1	1	9
OG0007581	2	1	1	1	1	1	1	1	9
OG0007582	1	2	1	1	1	1	1	1	9
OG0007583	2	1	1	1	1	1	1	1	9
OG0007584	1	1	1	1	2	1	1	1	9
OG0007585	1	1	2	1	1	1	1	1	9
OG0007586	2	1	1	1	1	1	1	1	9
OG0007587	2	1	0	1	1	1	1	2	9
OG0007588	2	1	1	1	1	1	1	1	9
OG0007589	2	1	1	1	1	1	1	1	9
OG0007590	1	1	1	1	2	1	0	2	9
OG0007591	1	1	1	1	1	1	2	1	9
OG0007592	2	1	1	1	1	1	1	1	9
OG0007593	2	1	1	1	1	1	1	1	9
OG0007594	2	1	2	1	1	1	1	0	9
OG0007595	1	1	2	0	2	2	1	0	9
OG0007596	4	1	1	1	1	1	0	0	9
OG0007597	1	1	0	2	1	2	1	1	9
OG0007598	1	1	2	1	1	1	1	1	9
OG0007599	1	2	1	1	1	1	1	1	9
OG0007600	2	1	0	0	1	1	4	0	9
OG0007601	1	2	1	1	1	1	1	1	9
OG0007602	3	1	1	0	1	1	1	1	9
OG0007603	2	1	1	1	1	1	1	1	9
OG0007604	2	1	1	1	1	1	1	1	9
OG0007605	2	1	1	1	1	1	1	1	9
OG0007606	2	0	1	1	1	1	1	2	9
OG0007607	3	1	1	0	1	1	1	1	9
OG0007608	2	1	1	1	1	1	1	1	9
OG0007609	2	1	1	1	1	1	1	1	9
OG0007610	2	1	1	1	1	1	1	1	9
OG0007611	2	2	1	1	2	1	0	0	9
OG0007612	2	1	1	1	1	1	1	1	9
OG0007613	2	1	1	1	1	1	1	1	9
OG0007614	2	1	1	1	1	1	1	1	9
OG0007615	1	2	1	1	1	1	1	1	9
OG0007616	1	2	1	1	1	1	1	1	9
OG0007617	2	1	1	1	1	1	1	1	9
OG0007618	2	1	1	1	1	1	1	1	9
OG0007619	1	1	1	1	1	1	1	2	9
OG0007620	2	1	1	1	1	1	1	1	9
OG0007621	1	2	0	1	1	1	1	2	9
OG0007622	1	4	1	0	0	1	1	1	9
OG0007623	2	1	1	1	1	1	1	1	9
OG0007624	2	1	1	1	1	1	1	1	9
OG0007625	2	1	1	1	1	1	1	1	9
OG0007626	2	1	1	1	1	1	1	1	9
OG0007627	1	0	1	1	3	1	1	1	9
OG0007628	2	2	1	0	1	1	1	1	9
OG0007629	1	1	1	1	2	1	1	1	9
OG0007630	2	1	1	1	1	1	1	1	9
OG0007631	1	1	1	1	2	1	1	1	9
OG0007632	1	1	1	1	1	1	1	2	9
OG0007633	2	1	1	1	1	1	1	1	9
OG0007634	4	0	2	1	1	1	0	0	9
OG0007635	1	1	1	1	1	1	3	0	9
OG0007636	2	2	1	1	1	2	0	0	9
OG0007637	2	1	1	1	1	1	1	1	9
OG0007638	1	1	1	1	1	1	1	2	9
OG0007639	2	1	1	0	1	1	2	1	9
OG0007640	2	2	1	1	1	1	1	0	9
OG0007641	1	1	1	1	1	2	1	1	9
OG0007642	2	1	1	1	1	1	1	1	9
OG0007643	1	2	1	1	1	1	1	1	9
OG0007644	3	1	1	0	1	1	1	1	9
OG0007645	1	2	1	1	1	1	1	1	9
OG0007646	1	1	2	1	1	1	1	1	9
OG0007647	2	5	1	0	0	1	0	0	9
OG0007648	1	2	1	1	1	1	1	1	9
OG0007649	2	1	1	1	1	1	1	1	9
OG0007650	2	1	1	1	1	1	1	1	9
OG0007651	1	1	1	1	1	1	1	2	9
OG0007652	2	1	1	1	1	1	1	1	9
OG0007653	1	2	1	1	1	1	1	1	9
OG0007654	3	1	3	0	1	1	0	0	9
OG0007655	2	1	1	1	1	1	1	1	9
OG0007656	1	2	1	1	1	1	1	1	9
OG0007657	3	0	1	1	1	1	1	1	9
OG0007658	2	3	1	0	1	1	1	0	9
OG0007659	3	1	1	0	2	1	1	0	9
OG0007660	1	2	1	1	1	0	2	1	9
OG0007661	2	1	1	1	1	1	1	1	9
OG0007662	1	1	2	0	1	2	1	1	9
OG0007663	2	1	1	1	1	1	1	1	9
OG0007664	3	1	2	1	1	1	0	0	9
OG0007665	1	3	1	1	1	1	1	0	9
OG0007666	1	1	1	1	2	1	1	1	9
OG0007667	1	2	1	3	1	1	0	0	9
OG0007668	1	1	1	2	1	1	1	1	9
OG0007669	2	1	0	1	1	1	1	2	9
OG0007670	1	2	1	1	1	1	1	1	9
OG0007671	3	1	1	1	1	1	1	0	9
OG0007672	1	1	1	1	1	1	1	2	9
OG0007673	1	1	2	1	1	1	1	1	9
OG0007674	1	2	1	1	1	1	1	1	9
OG0007675	2	1	1	1	1	1	1	1	9
OG0007676	1	2	1	1	1	1	1	1	9
OG0007677	1	2	1	1	1	1	1	1	9
OG0007678	1	2	1	1	1	1	1	1	9
OG0007679	2	1	1	1	1	1	1	1	9
OG0007680	2	1	1	1	1	1	1	1	9
OG0007681	2	1	1	1	1	1	1	1	9
OG0007682	1	2	0	1	1	2	1	1	9
OG0007683	2	0	1	1	1	1	1	2	9
OG0007684	1	1	1	1	1	1	1	2	9
OG0007685	2	1	1	1	1	1	1	1	9
OG0007686	2	1	1	1	1	1	1	1	9
OG0007687	1	1	2	1	1	1	1	1	9
OG0007688	1	1	1	1	1	1	1	2	9
OG0007689	1	1	1	1	2	1	1	1	9
OG0007690	2	1	1	1	1	1	1	1	9
OG0007691	1	2	1	1	1	1	1	1	9
OG0007692	1	2	1	1	1	1	1	1	9
OG0007693	2	1	1	1	1	1	1	1	9
OG0007694	1	1	1	1	1	1	1	2	9
OG0007695	2	1	1	1	1	1	1	1	9
OG0007696	1	2	1	1	1	1	1	1	9
OG0007697	2	0	2	1	1	1	1	1	9
OG0007698	2	1	1	1	1	1	1	1	9
OG0007699	1	1	2	1	1	1	1	1	9
OG0007700	2	1	1	1	1	1	1	1	9
OG0007701	1	2	1	0	1	1	1	2	9
OG0007702	2	1	1	1	1	1	1	1	9
OG0007703	2	1	1	1	1	1	1	1	9
OG0007704	2	1	1	1	1	1	1	1	9
OG0007705	4	2	1	0	1	1	0	0	9
OG0007706	2	1	1	1	1	1	1	1	9
OG0007707	2	1	1	1	1	1	1	1	9
OG0007708	1	1	2	1	1	1	1	1	9
OG0007709	2	1	1	1	1	1	1	1	9
OG0007710	1	2	1	1	1	1	1	1	9
OG0007711	1	2	1	1	1	1	1	1	9
OG0007712	2	1	1	1	1	1	1	1	9
OG0007713	1	1	1	2	1	1	1	1	9
OG0007714	1	2	1	1	1	1	1	1	9
OG0007715	9	0	0	0	0	0	0	0	9
OG0007716	2	1	1	1	1	1	1	1	9
OG0007717	1	1	2	1	1	1	1	1	9
OG0007718	1	1	1	2	1	1	1	1	9
OG0007719	1	3	1	1	1	1	1	0	9
OG0007720	1	1	2	1	1	1	1	1	9
OG0007721	1	2	1	1	1	1	1	1	9
OG0007722	1	1	1	1	1	2	1	1	9
OG0007723	1	1	1	1	1	1	2	1	9
OG0007724	2	1	1	1	1	1	1	1	9
OG0007725	1	1	1	1	2	1	1	1	9
OG0007726	2	1	1	1	1	1	1	1	9
OG0007727	2	1	2	1	1	1	1	0	9
OG0007728	1	2	1	1	1	1	1	1	9
OG0007729	1	1	1	1	1	2	1	1	9
OG0007730	1	1	1	1	1	1	1	2	9
OG0007731	2	1	1	1	1	1	1	1	9
OG0007732	1	2	1	1	1	1	1	1	9
OG0007733	1	2	1	1	1	1	1	1	9
OG0007734	9	0	0	0	0	0	0	0	9
OG0007735	2	1	1	1	1	1	1	1	9
OG0007736	2	1	1	1	1	1	1	1	9
OG0007737	2	1	1	1	1	1	1	1	9
OG0007738	2	1	1	1	1	1	1	1	9
OG0007739	1	1	2	1	1	1	1	1	9
OG0007740	2	1	1	1	1	1	1	1	9
OG0007741	1	1	1	1	2	1	1	1	9
OG0007742	1	2	1	1	1	1	1	1	9
OG0007743	2	1	1	1	1	1	1	1	9
OG0007744	2	1	1	1	1	1	1	1	9
OG0007745	1	1	1	1	1	1	1	2	9
OG0007746	1	2	1	1	1	1	1	1	9
OG0007747	2	1	1	1	1	1	1	1	9
OG0007748	2	1	1	1	1	1	1	1	9
OG0007749	1	2	0	0	2	1	2	1	9
OG0007750	2	1	1	1	1	1	1	1	9
OG0007751	2	1	1	1	1	1	1	1	9
OG0007752	2	1	1	1	1	1	1	1	9
OG0007753	1	2	1	1	1	1	1	1	9
OG0007754	2	1	1	1	1	1	1	1	9
OG0007755	2	1	1	1	1	1	1	1	9
OG0007756	1	1	1	0	1	2	1	2	9
OG0007757	1	1	1	2	1	1	1	1	9
OG0007758	3	2	0	0	1	1	1	1	9
OG0007759	2	1	1	1	1	1	1	1	9
OG0007760	1	2	1	1	1	1	1	1	9
OG0007761	2	1	1	1	1	1	1	1	9
OG0007762	2	1	1	1	1	1	1	1	9
OG0007763	3	2	0	1	1	1	1	0	9
OG0007764	9	0	0	0	0	0	0	0	9
OG0007765	2	1	1	1	1	1	1	1	9
OG0007766	2	1	1	1	1	1	1	1	9
OG0007767	1	0	1	1	1	3	1	1	9
OG0007768	4	1	1	0	1	1	1	0	9
OG0007769	2	1	1	1	1	1	1	1	9
OG0007770	2	1	1	1	1	1	1	1	9
OG0007771	2	1	1	1	1	1	2	0	9
OG0007772	3	0	3	1	0	0	0	2	9
OG0007773	3	1	1	0	2	1	1	0	9
OG0007774	1	2	1	1	1	1	1	1	9
OG0007775	1	1	1	1	1	1	1	2	9
OG0007776	1	1	1	1	1	1	1	2	9
OG0007777	1	1	1	1	1	1	1	2	9
OG0007778	2	1	1	1	1	1	1	1	9
OG0007779	3	1	1	0	0	0	0	4	9
OG0007780	2	1	1	1	1	1	1	1	9
OG0007781	2	1	1	1	1	1	1	1	9
OG0007782	2	0	1	1	1	2	1	1	9
OG0007783	2	1	1	1	1	1	1	1	9
OG0007784	1	1	1	2	1	1	1	1	9
OG0007785	1	1	2	1	1	1	1	1	9
OG0007786	2	1	1	1	1	1	1	1	9
OG0007787	1	2	1	1	1	1	1	1	9
OG0007788	1	2	0	1	1	1	2	1	9
OG0007789	2	1	1	1	1	1	1	1	9
OG0007790	2	1	1	1	1	1	1	1	9
OG0007791	8	1	0	0	0	0	0	0	9
OG0007792	3	2	1	1	1	1	0	0	9
OG0007793	2	1	1	1	1	1	1	1	9
OG0007794	1	1	1	1	1	1	1	2	9
OG0007795	2	1	1	1	1	1	1	1	9
OG0007796	2	1	1	1	1	1	1	1	9
OG0007797	1	1	2	1	1	1	1	1	9
OG0007798	2	1	1	1	1	1	1	1	9
OG0007799	1	2	1	1	1	1	1	1	9
OG0007800	3	1	1	1	1	1	1	0	9
OG0007801	1	1	1	1	1	1	1	2	9
OG0007802	2	1	1	1	1	1	1	1	9
OG0007803	2	1	1	1	1	1	1	1	9
OG0007804	2	1	1	1	1	1	1	1	9
OG0007805	2	1	1	1	1	1	1	1	9
OG0007806	2	1	1	1	1	1	1	1	9
OG0007807	2	1	1	1	1	1	1	1	9
OG0007808	9	0	0	0	0	0	0	0	9
OG0007809	9	0	0	0	0	0	0	0	9
OG0007810	1	2	1	1	1	1	1	1	9
OG0007811	1	1	1	1	2	1	1	1	9
OG0007812	1	1	1	1	1	1	1	2	9
OG0007813	1	1	2	1	1	1	1	1	9
OG0007814	1	1	1	1	1	1	1	2	9
OG0007815	1	1	1	1	1	1	1	2	9
OG0007816	1	1	1	1	1	1	1	2	9
OG0007817	1	1	1	1	2	1	1	1	9
OG0007818	1	0	1	1	2	1	1	2	9
OG0007819	1	1	1	2	1	1	1	1	9
OG0007820	1	1	1	1	2	1	1	1	9
OG0007821	1	1	2	1	1	1	1	1	9
OG0007822	2	1	1	1	1	1	1	1	9
OG0007823	2	3	0	1	1	1	1	0	9
OG0007824	1	1	2	1	1	1	1	1	9
OG0007825	1	1	1	1	2	1	1	1	9
OG0007826	1	2	1	1	1	1	1	1	9
OG0007827	2	1	1	1	1	1	1	1	9
OG0007828	2	1	1	1	1	1	1	1	9
OG0007829	1	1	1	2	1	1	1	1	9
OG0007830	9	0	0	0	0	0	0	0	9
OG0007831	2	1	1	1	1	1	1	1	9
OG0007832	2	1	1	1	1	1	1	1	9
OG0007833	1	1	1	2	1	1	1	1	9
OG0007834	1	1	2	1	1	1	1	1	9
OG0007835	2	1	1	1	1	1	1	1	9
OG0007836	2	1	1	1	1	1	1	1	9
OG0007837	1	0	2	1	1	1	1	2	9
OG0007838	2	1	1	1	1	1	1	1	9
OG0007839	1	1	2	0	2	1	1	1	9
OG0007840	2	1	1	1	1	1	1	1	9
OG0007841	1	1	1	1	1	1	1	2	9
OG0007842	2	1	1	1	1	1	1	1	9
OG0007843	1	2	1	1	1	1	1	1	9
OG0007844	3	1	0	1	1	1	1	1	9
OG0007845	1	2	1	1	1	1	1	1	9
OG0007846	1	2	1	0	1	2	1	1	9
OG0007847	2	1	1	1	1	1	1	1	9
OG0007848	1	1	1	1	1	1	1	2	9
OG0007849	2	1	1	1	1	1	1	1	9
OG0007850	1	1	1	1	2	1	1	1	9
OG0007851	1	3	0	1	1	1	1	1	9
OG0007852	2	1	1	1	1	1	1	1	9
OG0007853	1	2	1	1	1	1	1	1	9
OG0007854	1	1	2	1	1	1	1	1	9
OG0007855	2	1	1	1	1	1	1	1	9
OG0007856	1	1	2	1	1	1	1	1	9
OG0007857	1	2	1	1	1	1	1	1	9
OG0007858	1	2	1	1	1	1	1	1	9
OG0007859	2	1	1	1	1	1	1	1	9
OG0007860	9	0	0	0	0	0	0	0	9
OG0007861	9	0	0	0	0	0	0	0	9
OG0007862	3	1	0	1	1	1	1	1	9
OG0007863	1	2	1	1	1	1	1	1	9
OG0007864	9	0	0	0	0	0	0	0	9
OG0007865	8	0	0	0	0	1	0	0	9
OG0007866	2	1	1	1	1	1	1	1	9
OG0007867	2	1	1	1	1	1	1	1	9
OG0007868	2	1	1	1	1	1	1	1	9
OG0007869	2	1	1	1	1	1	1	1	9
OG0007870	2	1	1	0	1	1	1	2	9
OG0007871	3	2	1	0	1	1	1	0	9
OG0007872	9	0	0	0	0	0	0	0	9
OG0007873	2	1	1	1	1	1	1	1	9
OG0007874	2	1	1	1	1	1	1	1	9
OG0007875	9	0	0	0	0	0	0	0	9
OG0007876	2	1	1	1	1	1	1	1	9
OG0007877	3	1	0	0	1	3	1	0	9
OG0007878	1	1	1	1	1	1	1	2	9
OG0007879	1	2	1	1	1	1	1	1	9
OG0007880	1	1	2	1	1	1	1	1	9
OG0007881	2	1	1	1	1	1	1	1	9
OG0007882	2	1	1	1	1	1	1	1	9
OG0007883	2	1	1	1	1	1	1	1	9
OG0007884	2	1	1	1	1	1	1	1	9
OG0007885	1	1	1	1	1	1	1	2	9
OG0007886	2	1	1	1	1	1	1	1	9
OG0007887	2	1	1	1	1	1	1	1	9
OG0007888	2	1	1	1	1	1	1	1	9
OG0007889	1	1	1	1	1	2	1	1	9
OG0007890	2	1	1	1	1	1	1	1	9
OG0007891	2	1	1	1	1	1	1	1	9
OG0007892	3	1	0	1	1	1	1	1	9
OG0007893	2	1	1	1	1	1	1	1	9
OG0007894	2	1	1	1	1	1	1	1	9
OG0007895	2	1	1	1	1	1	1	1	9
OG0007896	1	2	1	1	1	1	1	1	9
OG0007897	1	1	1	1	1	1	1	2	9
OG0007898	1	1	2	1	1	1	1	1	9
OG0007899	2	1	1	1	1	1	1	1	9
OG0007900	1	1	1	1	1	1	1	2	9
OG0007901	1	1	1	1	1	1	1	2	9
OG0007902	1	1	1	1	1	1	1	2	9
OG0007903	1	2	1	1	1	1	1	1	9
OG0007904	2	1	1	1	1	1	1	1	9
OG0007905	2	1	1	1	1	1	1	1	9
OG0007906	2	1	1	1	1	1	1	1	9
OG0007907	2	4	1	0	1	1	0	0	9
OG0007908	2	1	1	1	1	1	1	1	9
OG0007909	3	3	0	0	1	1	1	0	9
OG0007910	2	1	1	1	1	1	1	1	9
OG0007911	3	1	1	1	1	1	1	0	9
OG0007912	2	1	1	1	1	1	1	1	9
OG0007913	4	1	1	0	1	1	1	0	9
OG0007914	1	2	1	1	1	1	1	1	9
OG0007915	2	1	1	1	1	1	1	1	9
OG0007916	9	0	0	0	0	0	0	0	9
OG0007917	2	1	1	1	1	1	1	1	9
OG0007918	2	1	1	1	1	1	1	1	9
OG0007919	9	0	0	0	0	0	0	0	9
OG0007920	2	1	1	1	1	1	1	1	9
OG0007921	2	1	1	1	1	1	1	1	9
OG0007922	2	1	1	1	1	1	1	1	9
OG0007923	1	1	1	2	1	1	1	1	9
OG0007924	1	2	1	1	1	1	1	1	9
OG0007925	3	1	1	0	1	1	1	1	9
OG0007926	3	1	1	0	1	1	1	1	9
OG0007927	2	1	1	1	1	1	1	1	9
OG0007928	1	1	2	1	1	1	1	1	9
OG0007929	1	1	1	1	1	1	1	2	9
OG0007930	2	1	1	1	1	1	1	1	9
OG0007931	2	1	1	1	1	1	1	1	9
OG0007932	8	1	0	0	0	0	0	0	9
OG0007933	1	1	2	1	1	1	1	1	9
OG0007934	2	1	1	1	1	1	1	1	9
OG0007935	2	1	1	1	1	1	1	1	9
OG0007936	1	1	1	1	1	1	1	2	9
OG0007937	2	1	1	1	1	1	1	1	9
OG0007938	1	1	1	1	1	1	1	2	9
OG0007939	2	1	1	1	1	1	1	1	9
OG0007940	1	1	1	1	2	1	1	1	9
OG0007941	2	1	1	1	1	1	1	1	9
OG0007942	1	1	1	1	1	1	1	2	9
OG0007943	1	2	1	1	1	1	1	1	9
OG0007944	1	1	1	1	1	1	1	2	9
OG0007945	3	2	0	0	1	1	1	1	9
OG0007946	3	1	1	1	1	1	1	0	9
OG0007947	1	2	1	1	1	1	1	1	9
OG0007948	1	2	1	1	1	1	1	1	9
OG0007949	2	1	1	1	1	1	1	1	9
OG0007950	2	1	1	1	1	1	1	1	9
OG0007951	3	1	1	1	1	1	1	0	9
OG0007952	1	1	1	1	2	1	1	1	9
OG0007953	2	1	1	1	1	1	1	1	9
OG0007954	2	1	1	1	1	1	1	1	9
OG0007955	1	1	1	1	1	1	1	2	9
OG0007956	1	1	1	2	1	1	1	1	9
OG0007957	2	1	1	1	1	1	1	1	9
OG0007958	2	1	1	1	1	1	1	1	9
OG0007959	1	2	1	1	1	1	1	1	9
OG0007960	1	1	2	1	1	1	1	1	9
OG0007961	4	1	0	0	1	1	1	1	9
OG0007962	2	1	1	1	1	1	1	1	9
OG0007963	1	1	1	1	1	1	1	2	9
OG0007964	2	1	1	1	1	1	1	1	9
OG0007965	1	1	2	1	1	1	1	1	9
OG0007966	1	2	1	1	1	1	1	1	9
OG0007967	3	1	0	1	2	1	1	0	9
OG0007968	2	1	1	1	1	1	1	1	9
OG0007969	1	1	1	1	1	1	2	1	9
OG0007970	2	0	1	1	1	2	1	1	9
OG0007971	1	2	1	1	1	1	1	1	9
OG0007972	2	1	1	1	1	1	1	1	9
OG0007973	1	2	1	1	1	1	1	1	9
OG0007974	1	1	1	1	1	1	1	2	9
OG0007975	2	1	1	1	1	1	1	1	9
OG0007976	2	1	1	1	1	1	1	1	9
OG0007977	2	1	1	1	1	1	1	1	9
OG0007978	2	1	1	1	1	1	1	1	9
OG0007979	2	1	1	1	1	1	1	1	9
OG0007980	2	1	1	1	1	1	1	1	9
OG0007981	1	2	1	1	1	1	1	1	9
OG0007982	2	1	1	1	1	1	1	1	9
OG0007983	1	1	2	1	1	1	1	1	9
OG0007984	1	1	2	1	1	1	1	1	9
OG0007985	2	1	1	1	1	1	1	1	9
OG0007986	1	1	1	1	2	1	1	1	9
OG0007987	1	1	2	1	1	1	1	1	9
OG0007988	1	1	2	1	1	1	1	1	9
OG0007989	1	2	1	1	1	1	1	1	9
OG0007990	2	1	1	1	1	1	1	1	9
OG0007991	2	1	1	1	1	1	1	1	9
OG0007992	2	1	1	1	1	1	1	1	9
OG0007993	2	1	1	1	1	1	1	1	9
OG0007994	1	1	1	1	2	1	1	1	9
OG0007995	1	1	1	1	1	1	1	2	9
OG0007996	2	1	1	1	1	1	1	1	9
OG0007997	2	1	1	1	1	1	1	1	9
OG0007998	1	1	2	1	1	1	1	1	9
OG0007999	2	2	0	1	1	1	1	1	9
OG0008000	2	1	1	1	1	1	1	1	9
OG0008001	1	2	1	3	1	1	0	0	9
OG0008002	2	1	1	1	1	1	1	1	9
OG0008003	2	1	1	1	1	1	1	1	9
OG0008004	1	1	2	1	2	2	0	0	9
OG0008005	1	2	1	1	1	1	1	1	9
OG0008006	2	1	1	1	1	1	1	1	9
OG0008007	1	2	1	1	1	1	1	1	9
OG0008008	2	1	1	1	1	1	1	1	9
OG0008009	1	1	1	1	1	1	1	2	9
OG0008010	1	2	2	1	1	1	1	0	9
OG0008011	2	1	1	1	1	1	1	1	9
OG0008012	1	2	1	1	1	1	1	1	9
OG0008013	1	2	1	1	1	1	1	1	9
OG0008014	1	1	1	2	1	1	1	1	9
OG0008015	2	2	0	1	1	1	1	1	9
OG0008016	1	1	1	1	1	1	1	2	9
OG0008017	2	1	1	1	1	1	1	1	9
OG0008018	1	1	1	1	2	1	1	1	9
OG0008019	2	1	1	1	1	1	1	1	9
OG0008020	3	1	0	1	1	1	1	1	9
OG0008021	2	1	1	1	1	1	1	1	9
OG0008022	4	1	2	1	1	0	0	0	9
OG0008023	1	1	1	1	1	1	1	2	9
OG0008024	1	1	1	1	1	1	1	2	9
OG0008025	2	1	1	1	1	1	1	1	9
OG0008026	2	1	1	1	1	1	1	1	9
OG0008027	1	1	2	1	1	1	1	1	9
OG0008028	1	1	2	1	1	1	1	1	9
OG0008029	2	1	1	1	1	1	1	1	9
OG0008030	2	1	1	1	1	1	1	1	9
OG0008031	1	2	1	1	1	1	1	1	9
OG0008032	2	1	1	1	1	1	1	1	9
OG0008033	2	1	1	1	1	1	1	1	9
OG0008034	1	1	1	1	1	1	1	2	9
OG0008035	1	1	1	1	1	1	1	2	9
OG0008036	2	1	1	1	1	1	1	1	9
OG0008037	1	1	1	1	1	1	1	2	9
OG0008038	2	1	1	1	1	1	1	1	9
OG0008039	1	1	1	1	1	1	1	2	9
OG0008040	2	1	1	1	1	1	1	1	9
OG0008041	1	1	1	1	1	1	1	2	9
OG0008042	1	0	2	1	1	1	1	2	9
OG0008043	2	1	1	1	1	1	1	1	9
OG0008044	1	1	1	1	1	1	1	2	9
OG0008045	1	1	1	1	1	1	1	2	9
OG0008046	1	1	1	1	1	1	1	2	9
OG0008047	1	1	1	1	2	1	1	1	9
OG0008048	2	1	1	1	1	1	1	1	9
OG0008049	2	1	1	1	1	1	1	1	9
OG0008050	2	1	1	1	1	1	1	1	9
OG0008051	1	1	1	1	1	1	1	2	9
OG0008052	2	1	1	2	1	1	1	0	9
OG0008053	1	1	1	1	1	2	1	1	9
OG0008054	1	1	1	2	1	1	1	1	9
OG0008055	1	1	2	1	1	1	1	1	9
OG0008056	2	1	1	1	1	1	1	1	9
OG0008057	2	1	1	1	1	1	1	1	9
OG0008058	1	2	1	1	1	1	1	1	9
OG0008059	1	1	1	1	2	1	1	1	9
OG0008060	2	3	0	2	0	1	0	1	9
OG0008061	1	1	0	1	1	1	2	2	9
OG0008062	2	1	1	1	1	1	1	1	9
OG0008063	2	1	1	0	1	1	1	2	9
OG0008064	1	2	1	1	1	1	1	1	9
OG0008065	2	3	1	1	1	1	0	0	9
OG0008066	1	1	1	2	1	1	1	1	9
OG0008067	2	2	1	0	1	1	1	1	9
OG0008068	2	1	1	1	1	1	1	1	9
OG0008069	2	1	1	1	1	1	1	1	9
OG0008070	9	0	0	0	0	0	0	0	9
OG0008071	2	1	1	1	1	1	1	1	9
OG0008072	1	1	1	1	1	1	1	2	9
OG0008073	3	1	1	0	1	1	1	1	9
OG0008074	1	1	1	1	1	2	1	1	9
OG0008075	2	1	1	1	1	1	1	1	9
OG0008076	1	1	1	1	1	1	1	2	9
OG0008077	2	1	1	1	1	1	1	1	9
OG0008078	2	1	1	1	1	1	1	1	9
OG0008079	2	1	1	1	1	1	1	1	9
OG0008080	1	1	1	1	1	1	1	2	9
OG0008081	2	1	1	1	1	1	1	1	9
OG0008082	2	1	1	1	1	1	1	1	9
OG0008083	4	5	0	0	0	0	0	0	9
OG0008084	1	2	1	1	1	1	1	1	9
OG0008085	1	1	1	1	1	1	1	2	9
OG0008086	1	1	1	1	1	1	1	2	9
OG0008087	1	2	1	1	1	1	1	1	9
OG0008088	2	2	0	2	1	1	1	0	9
OG0008089	1	2	1	1	1	1	1	1	9
OG0008090	1	2	1	1	1	1	1	1	9
OG0008091	1	1	2	1	1	1	1	1	9
OG0008092	1	1	1	2	1	1	1	1	9
OG0008093	1	1	2	1	1	1	1	1	9
OG0008094	1	1	1	1	2	1	1	1	9
OG0008095	2	1	1	1	1	1	1	1	9
OG0008096	3	1	0	1	2	1	1	0	9
OG0008097	9	0	0	0	0	0	0	0	9
OG0008098	1	1	1	1	1	2	1	1	9
OG0008099	1	1	2	0	1	2	1	1	9
OG0008100	1	1	1	1	2	1	1	1	9
OG0008101	2	1	1	1	1	1	1	1	9
OG0008102	1	1	1	1	1	1	1	2	9
OG0008103	2	1	1	1	1	1	1	1	9
OG0008104	3	1	2	0	1	1	1	0	9
OG0008105	1	1	2	1	1	1	1	1	9
OG0008106	2	1	1	1	1	1	1	1	9
OG0008107	2	1	1	1	1	1	1	1	9
OG0008108	2	1	1	1	1	1	1	1	9
OG0008109	1	2	1	1	1	1	1	1	9
OG0008110	2	1	1	1	1	1	1	1	9
OG0008111	1	1	1	2	1	1	1	1	9
OG0008112	2	1	1	1	1	1	1	1	9
OG0008113	2	1	1	1	1	1	1	1	9
OG0008114	1	1	0	1	1	1	1	3	9
OG0008115	2	1	1	1	1	1	1	1	9
OG0008116	2	1	1	1	1	1	1	1	9
OG0008117	1	1	1	1	1	1	1	2	9
OG0008118	2	1	1	1	2	1	1	0	9
OG0008119	2	1	1	1	1	1	1	1	9
OG0008120	2	1	1	1	1	1	1	1	9
OG0008121	2	1	1	1	1	1	1	1	9
OG0008122	2	1	1	1	1	1	1	1	9
OG0008123	2	1	1	1	1	1	1	1	9
OG0008124	2	1	1	1	1	1	1	1	9
OG0008125	2	2	0	0	2	1	1	1	9
OG0008126	3	2	1	0	1	1	1	0	9
OG0008127	2	1	1	1	1	1	1	1	9
OG0008128	3	1	0	1	1	1	1	1	9
OG0008129	3	1	1	1	0	1	1	1	9
OG0008130	3	1	1	1	1	1	1	0	9
OG0008131	1	1	1	1	1	1	1	2	9
OG0008132	1	1	1	1	1	1	1	2	9
OG0008133	2	1	1	1	1	1	1	1	9
OG0008134	3	1	0	1	1	1	1	1	9
OG0008135	1	1	1	1	1	1	2	1	9
OG0008136	9	0	0	0	0	0	0	0	9
OG0008137	2	1	1	1	1	1	1	1	9
OG0008138	3	1	1	0	1	1	1	1	9
OG0008139	1	1	1	1	1	1	1	2	9
OG0008140	2	1	1	1	1	1	1	1	9
OG0008141	1	1	2	1	1	1	1	1	9
OG0008142	2	1	1	1	1	1	1	1	9
OG0008143	1	1	1	1	2	1	1	1	9
OG0008144	2	1	1	1	1	1	1	1	9
OG0008145	3	0	1	1	1	1	1	1	9
OG0008146	2	1	1	1	1	1	1	1	9
OG0008147	2	1	1	1	1	1	1	1	9
OG0008148	1	2	1	1	1	1	1	1	9
OG0008149	2	1	1	1	1	2	1	0	9
OG0008150	2	1	1	1	1	1	1	1	9
OG0008151	1	2	1	1	1	1	1	1	9
OG0008152	2	1	1	1	1	1	1	1	9
OG0008153	2	1	1	1	1	1	1	1	9
OG0008154	2	1	1	1	1	1	1	1	9
OG0008155	1	1	1	1	2	1	1	1	9
OG0008156	2	1	1	1	1	1	1	1	9
OG0008157	1	1	1	2	1	1	1	1	9
OG0008158	1	2	1	1	1	1	1	1	9
OG0008159	3	2	1	0	1	1	1	0	9
OG0008160	1	1	2	1	1	1	1	1	9
OG0008161	1	2	1	1	1	1	1	1	9
OG0008162	1	2	1	1	1	1	1	1	9
OG0008163	2	1	1	1	1	1	1	1	9
OG0008164	2	1	1	1	1	1	1	1	9
OG0008165	2	1	1	1	1	1	1	1	9
OG0008166	2	1	1	1	1	1	1	1	9
OG0008167	1	1	1	1	1	1	1	2	9
OG0008168	2	1	1	1	1	1	1	1	9
OG0008169	1	1	1	1	1	1	1	2	9
OG0008170	2	1	1	1	1	1	1	1	9
OG0008171	1	1	1	1	2	1	1	1	9
OG0008172	2	1	1	1	1	1	1	1	9
OG0008173	1	2	1	1	1	1	1	1	9
OG0008174	3	1	1	0	1	1	1	1	9
OG0008175	2	1	1	1	1	1	1	1	9
OG0008176	2	1	1	1	1	1	1	1	9
OG0008177	1	1	2	1	1	1	1	1	9
OG0008178	1	2	1	1	1	1	1	1	9
OG0008179	1	2	1	1	1	1	1	1	9
OG0008180	9	0	0	0	0	0	0	0	9
OG0008181	1	1	1	2	1	1	1	1	9
OG0008182	2	2	0	1	1	1	1	1	9
OG0008183	2	1	1	1	1	1	1	1	9
OG0008184	1	1	1	1	1	1	1	2	9
OG0008185	1	1	1	2	1	1	1	1	9
OG0008186	2	3	0	0	1	1	1	1	9
OG0008187	2	1	1	1	1	1	1	1	9
OG0008188	1	1	0	0	1	5	1	0	9
OG0008189	1	1	1	1	1	1	1	2	9
OG0008190	1	3	0	1	1	1	1	1	9
OG0008191	2	1	1	1	1	1	1	1	9
OG0008192	1	1	1	1	1	1	2	1	9
OG0008193	1	2	1	1	1	1	1	1	9
OG0008194	2	1	0	1	1	1	1	2	9
OG0008195	1	1	1	1	1	1	1	2	9
OG0008196	2	1	1	1	1	1	1	1	9
OG0008197	2	1	1	1	1	1	1	1	9
OG0008198	2	1	1	1	1	1	1	1	9
OG0008199	2	1	1	1	1	1	1	1	9
OG0008200	3	1	1	0	1	1	1	1	9
OG0008201	1	1	1	1	1	2	1	1	9
OG0008202	1	1	1	1	1	1	1	2	9
OG0008203	1	1	2	1	1	1	1	1	9
OG0008204	1	1	1	1	1	1	1	2	9
OG0008205	2	1	1	1	1	1	1	1	9
OG0008206	2	1	1	1	1	1	1	1	9
OG0008207	1	1	1	1	2	1	1	1	9
OG0008208	1	1	1	1	1	0	1	3	9
OG0008209	1	2	1	1	1	1	1	1	9
OG0008210	2	1	1	1	1	1	1	1	9
OG0008211	2	1	1	1	1	1	1	1	9
OG0008212	3	1	1	1	1	1	0	1	9
OG0008213	1	2	0	1	1	1	1	2	9
OG0008214	2	1	1	1	1	1	1	1	9
OG0008215	2	0	0	0	0	0	7	0	9
OG0008216	3	1	1	0	1	1	1	1	9
OG0008217	2	1	1	1	1	1	1	1	9
OG0008218	3	1	1	1	1	1	1	0	9
OG0008219	2	1	1	1	1	1	1	1	9
OG0008220	2	1	1	1	1	1	1	1	9
OG0008221	1	1	2	1	1	1	1	1	9
OG0008222	1	2	1	1	1	1	1	1	9
OG0008223	1	1	2	1	1	1	1	1	9
OG0008224	1	1	1	1	1	1	1	2	9
OG0008225	1	1	1	1	1	1	1	2	9
OG0008226	1	1	1	1	1	1	1	2	9
OG0008227	2	1	1	1	1	1	1	1	9
OG0008228	2	1	1	1	1	1	1	1	9
OG0008229	1	4	1	1	1	1	0	0	9
OG0008230	1	1	1	1	1	1	2	1	9
OG0008231	1	1	1	1	2	1	1	1	9
OG0008232	2	1	1	1	1	1	1	1	9
OG0008233	2	1	1	1	1	1	1	1	9
OG0008234	1	2	1	1	1	1	1	1	9
OG0008235	2	1	1	1	1	1	1	1	9
OG0008236	1	1	1	1	1	1	1	2	9
OG0008237	2	1	1	1	1	1	1	1	9
OG0008238	2	1	1	1	1	1	1	1	9
OG0008239	1	1	1	2	1	1	1	1	9
OG0008240	1	1	2	1	1	1	1	1	9
OG0008241	2	1	1	1	1	1	1	1	9
OG0008242	2	2	0	1	1	1	1	1	9
OG0008243	2	1	1	1	1	1	1	1	9
OG0008244	1	2	1	1	1	1	1	1	9
OG0008245	9	0	0	0	0	0	0	0	9
OG0008246	1	1	2	1	1	1	1	1	9
OG0008247	2	1	1	1	1	1	1	1	9
OG0008248	1	2	1	1	1	1	1	1	9
OG0008249	1	1	2	1	1	1	1	1	9
OG0008250	2	2	1	0	1	1	1	1	9
OG0008251	2	1	1	1	1	1	1	1	9
OG0008252	3	1	1	1	2	1	0	0	9
OG0008253	1	2	1	1	1	1	1	1	9
OG0008254	2	1	1	1	1	1	1	1	9
OG0008255	1	1	1	1	1	1	1	2	9
OG0008256	1	2	1	1	1	1	1	1	9
OG0008257	3	2	2	0	1	1	0	0	9
OG0008258	2	1	1	1	1	1	1	1	9
OG0008259	2	1	1	1	1	1	1	1	9
OG0008260	1	1	2	1	1	1	1	1	9
OG0008261	2	1	0	1	2	1	1	1	9
OG0008262	2	1	1	1	1	1	1	1	9
OG0008263	1	1	1	2	1	1	1	1	9
OG0008264	1	1	2	1	1	1	1	1	9
OG0008265	1	2	1	0	1	1	1	2	9
OG0008266	3	1	1	1	2	1	0	0	9
OG0008267	3	2	1	1	1	1	0	0	9
OG0008268	1	2	1	1	1	1	1	1	9
OG0008269	1	1	1	1	1	1	1	2	9
OG0008270	2	1	1	1	1	1	1	1	9
OG0008271	2	1	1	1	1	1	1	1	9
OG0008272	2	1	1	1	1	1	1	1	9
OG0008273	9	0	0	0	0	0	0	0	9
OG0008274	2	1	1	1	1	1	1	1	9
OG0008275	1	1	1	1	1	2	1	1	9
OG0008276	1	1	1	1	1	1	1	2	9
OG0008277	2	1	1	1	1	1	1	1	9
OG0008278	2	1	1	1	1	1	1	1	9
OG0008279	1	2	1	1	1	1	1	1	9
OG0008280	1	1	2	2	1	2	0	0	9
OG0008281	2	1	1	1	1	1	1	1	9
OG0008282	1	1	2	1	1	1	1	1	9
OG0008283	2	1	1	1	1	1	1	1	9
OG0008284	1	2	1	1	1	1	1	1	9
OG0008285	1	1	1	1	1	1	1	2	9
OG0008286	1	2	1	1	1	1	1	1	9
OG0008287	2	1	1	1	1	1	1	1	9
OG0008288	1	3	1	1	1	1	1	0	9
OG0008289	2	1	1	1	1	1	1	1	9
OG0008290	3	1	1	0	1	1	1	1	9
OG0008291	2	1	1	1	1	1	1	1	9
OG0008292	2	1	1	1	1	1	1	1	9
OG0008293	1	1	1	1	1	1	1	2	9
OG0008294	2	1	1	1	1	1	1	1	9
OG0008295	1	1	1	1	1	1	1	2	9
OG0008296	2	1	1	1	1	1	1	1	9
OG0008297	1	1	1	1	2	1	1	1	9
OG0008298	3	1	1	0	1	1	1	1	9
OG0008299	3	1	1	0	1	1	1	1	9
OG0008300	1	1	1	1	1	1	1	2	9
OG0008301	2	1	1	1	1	1	1	1	9
OG0008302	2	1	1	1	1	1	1	1	9
OG0008303	1	0	1	1	1	1	1	3	9
OG0008304	2	1	1	1	1	1	1	1	9
OG0008305	3	0	0	0	1	1	1	3	9
OG0008306	4	1	1	1	1	1	0	0	9
OG0008307	1	2	1	1	1	1	1	1	9
OG0008308	2	1	1	1	1	1	1	1	9
OG0008309	2	1	1	1	1	1	1	1	9
OG0008310	1	2	3	1	1	1	0	0	9
OG0008311	2	1	1	1	1	1	1	1	9
OG0008312	2	1	1	1	1	1	1	1	9
OG0008313	2	1	1	1	1	1	1	1	9
OG0008314	2	1	1	1	1	1	1	1	9
OG0008315	3	1	1	0	1	1	1	1	9
OG0008316	1	1	1	1	1	1	2	1	9
OG0008317	1	1	2	1	1	1	1	1	9
OG0008318	2	1	1	1	1	1	1	1	9
OG0008319	2	1	1	1	1	1	1	1	9
OG0008320	2	1	1	1	1	1	1	1	9
OG0008321	1	1	1	1	2	1	1	1	9
OG0008322	2	1	0	1	1	1	1	2	9
OG0008323	3	1	0	1	1	1	1	1	9
OG0008324	1	2	1	1	1	1	1	1	9
OG0008325	1	1	1	1	2	1	1	1	9
OG0008326	2	1	1	1	1	1	1	1	9
OG0008327	1	1	1	1	2	1	1	1	9
OG0008328	2	1	1	1	1	1	1	1	9
OG0008329	2	1	1	1	1	1	1	1	9
OG0008330	1	1	2	1	1	1	1	1	9
OG0008331	2	1	1	1	1	1	1	1	9
OG0008332	3	1	1	0	1	1	1	1	9
OG0008333	1	1	2	1	1	1	1	1	9
OG0008334	2	1	1	1	1	1	1	1	9
OG0008335	1	1	2	1	1	1	1	1	9
OG0008336	2	1	1	1	1	1	1	1	9
OG0008337	2	1	1	1	1	1	1	1	9
OG0008338	2	1	1	1	1	1	1	1	9
OG0008339	3	1	1	0	1	1	1	1	9
OG0008340	2	1	1	1	1	1	1	1	9
OG0008341	3	1	0	1	1	1	1	1	9
OG0008342	2	1	1	1	1	1	1	1	9
OG0008343	2	1	1	1	1	1	2	0	9
OG0008344	1	2	1	1	1	1	1	1	9
OG0008345	2	1	1	1	1	1	1	1	9
OG0008346	2	1	1	1	1	1	1	1	9
OG0008347	2	1	1	1	1	1	1	1	9
OG0008348	2	1	1	1	1	1	1	1	9
OG0008349	2	1	1	1	1	1	1	1	9
OG0008350	1	1	1	1	1	1	1	2	9
OG0008351	2	1	1	1	1	1	1	1	9
OG0008352	2	1	1	1	1	1	1	1	9
OG0008353	2	3	0	0	2	1	1	0	9
OG0008354	2	1	1	1	1	1	1	1	9
OG0008355	2	2	0	1	1	1	1	1	9
OG0008356	7	2	0	0	0	0	0	0	9
OG0008357	1	2	1	1	1	1	1	1	9
OG0008358	1	2	1	1	1	1	1	1	9
OG0008359	1	2	1	1	1	1	1	1	9
OG0008360	1	1	1	1	1	1	1	2	9
OG0008361	1	1	1	1	1	1	1	2	9
OG0008362	2	1	1	1	1	1	1	1	9
OG0008363	2	1	1	1	1	1	1	1	9
OG0008364	2	1	1	1	1	1	1	1	9
OG0008365	1	1	1	1	1	1	1	2	9
OG0008366	1	1	1	1	1	1	1	2	9
OG0008367	2	1	1	1	1	1	1	1	9
OG0008368	1	3	0	1	1	1	1	1	9
OG0008369	2	1	1	1	1	1	1	1	9
OG0008370	1	2	1	1	1	1	1	1	9
OG0008371	1	1	1	1	1	1	1	2	9
OG0008372	2	1	0	1	1	1	1	2	9
OG0008373	1	1	1	1	1	1	1	2	9
OG0008374	2	1	1	1	1	1	1	1	9
OG0008375	2	1	1	1	1	1	1	1	9
OG0008376	2	1	1	1	1	1	1	1	9
OG0008377	1	1	1	1	1	1	2	1	9
OG0008378	2	1	1	1	1	1	1	1	9
OG0008379	2	1	1	1	1	1	1	1	9
OG0008380	2	1	1	1	1	1	1	1	9
OG0008381	2	1	1	1	1	1	1	1	9
OG0008382	2	1	1	1	1	1	1	1	9
OG0008383	1	1	1	1	1	1	1	2	9
OG0008384	1	1	2	1	1	1	1	1	9
OG0008385	1	2	1	1	1	1	1	1	9
OG0008386	2	1	1	1	1	1	1	1	9
OG0008387	1	1	2	1	1	1	1	1	9
OG0008388	2	1	1	1	1	1	1	1	9
OG0008389	2	1	1	1	1	1	1	1	9
OG0008390	1	1	1	1	1	1	1	2	9
OG0008391	2	1	3	0	1	1	1	0	9
OG0008392	1	2	1	1	1	1	1	1	9
OG0008393	1	2	1	1	1	1	1	1	9
OG0008394	2	1	1	1	1	1	1	1	9
OG0008395	1	2	1	1	1	1	1	1	9
OG0008396	2	1	1	1	1	1	1	1	9
OG0008397	2	1	1	1	1	1	1	1	9
OG0008398	1	2	1	1	1	1	1	1	9
OG0008399	1	1	2	1	1	1	1	1	9
OG0008400	3	1	1	0	1	1	1	1	9
OG0008401	2	1	1	1	1	1	1	1	9
OG0008402	5	1	0	1	1	1	0	0	9
OG0008403	2	1	1	1	1	1	1	1	9
OG0008404	2	2	0	1	1	1	1	1	9
OG0008405	1	1	1	1	1	1	1	2	9
OG0008406	2	1	1	1	1	1	1	1	9
OG0008407	3	0	1	1	1	1	1	1	9
OG0008408	7	2	0	0	0	0	0	0	9
OG0008409	2	1	1	1	1	1	1	1	9
OG0008410	1	1	1	1	1	2	1	1	9
OG0008411	2	1	1	0	1	1	1	2	9
OG0008412	1	1	1	1	1	1	1	2	9
OG0008413	2	1	1	1	1	1	1	1	9
OG0008414	1	1	2	1	1	1	1	1	9
OG0008415	2	1	1	1	1	1	1	1	9
OG0008416	2	2	1	0	1	1	1	1	9
OG0008417	2	2	1	1	1	1	0	1	9
OG0008418	1	1	1	1	1	1	1	2	9
OG0008419	1	2	1	1	1	1	1	1	9
OG0008420	1	1	1	2	1	1	1	1	9
OG0008421	1	1	1	1	1	1	1	2	9
OG0008422	1	1	1	1	1	1	1	2	9
OG0008423	1	1	1	1	2	1	1	1	9
OG0008424	3	1	0	1	1	1	1	1	9
OG0008425	1	1	2	1	1	1	1	1	9
OG0008426	1	1	1	1	1	2	1	1	9
OG0008427	2	1	1	1	1	1	1	1	9
OG0008428	2	1	1	1	1	1	1	1	9
OG0008429	1	1	0	1	3	1	2	0	9
OG0008430	4	1	1	1	1	1	0	0	9
OG0008431	3	1	0	1	1	1	1	1	9
OG0008432	3	1	0	1	1	1	1	1	9
OG0008433	3	1	0	0	1	1	1	2	9
OG0008434	9	0	0	0	0	0	0	0	9
OG0008435	2	1	1	1	1	1	1	1	9
OG0008436	2	1	1	1	1	1	1	1	9
OG0008437	2	1	1	1	1	1	1	1	9
OG0008438	2	2	1	1	1	1	1	0	9
OG0008439	2	1	1	1	1	1	1	1	9
OG0008440	2	1	1	1	1	1	1	1	9
OG0008441	2	1	1	1	1	1	1	1	9
OG0008442	2	1	1	1	1	1	1	1	9
OG0008443	1	2	1	1	1	1	1	1	9
OG0008444	2	1	1	1	1	1	1	1	9
OG0008445	2	1	1	1	1	1	1	1	9
OG0008446	1	1	1	1	1	1	1	2	9
OG0008447	1	1	2	1	1	1	1	1	9
OG0008448	4	1	0	0	1	1	1	1	9
OG0008449	1	1	1	1	1	1	1	2	9
OG0008450	1	2	1	1	1	1	1	1	9
OG0008451	2	1	1	1	1	1	1	1	9
OG0008452	2	1	0	1	1	2	1	1	9
OG0008453	3	1	1	1	1	1	1	0	9
OG0008454	2	1	1	1	1	1	1	1	9
OG0008455	3	1	1	1	1	1	1	0	9
OG0008456	1	1	2	0	2	1	1	1	9
OG0008457	1	2	1	1	1	1	1	1	9
OG0008458	2	1	1	1	1	1	1	1	9
OG0008459	1	1	1	1	1	2	1	1	9
OG0008460	1	1	2	1	1	1	1	1	9
OG0008461	3	1	1	0	1	1	1	1	9
OG0008462	1	1	1	2	1	1	1	1	9
OG0008463	2	1	1	1	1	1	1	1	9
OG0008464	2	1	1	1	1	1	1	1	9
OG0008465	2	1	1	1	1	1	1	1	9
OG0008466	1	2	1	1	1	1	1	1	9
OG0008467	1	2	1	1	1	1	1	1	9
OG0008468	1	2	2	1	1	1	1	0	9
OG0008469	1	1	1	1	1	1	1	2	9
OG0008470	2	1	1	1	1	1	1	1	9
OG0008471	1	2	1	1	1	1	1	1	9
OG0008472	1	2	1	1	1	1	1	1	9
OG0008473	2	1	1	1	1	1	1	1	9
OG0008474	2	1	1	1	1	1	1	1	9
OG0008475	2	1	1	1	1	1	1	1	9
OG0008476	2	1	1	1	1	1	1	1	9
OG0008477	1	1	2	1	1	1	1	1	9
OG0008478	1	1	1	2	1	1	1	1	9
OG0008479	2	1	1	1	1	1	1	1	9
OG0008480	2	1	1	2	1	2	0	0	9
OG0008481	2	1	1	1	1	1	1	1	9
OG0008482	3	1	0	1	1	1	1	1	9
OG0008483	1	1	2	1	1	1	1	1	9
OG0008484	4	1	1	0	1	1	1	0	9
OG0008485	1	1	1	2	1	1	1	1	9
OG0008486	1	1	1	1	1	1	1	2	9
OG0008487	1	1	1	2	1	1	1	1	9
OG0008488	1	1	1	1	1	1	2	1	9
OG0008489	2	1	1	1	1	1	1	1	9
OG0008490	2	1	1	1	1	1	1	1	9
OG0008491	2	1	1	1	1	1	1	1	9
OG0008492	1	1	3	0	1	1	1	1	9
OG0008493	1	1	1	1	1	1	1	2	9
OG0008494	2	1	1	1	1	1	1	1	9
OG0008495	2	1	1	1	1	1	1	1	9
OG0008496	1	1	2	1	1	1	1	1	9
OG0008497	2	1	1	1	1	1	1	1	9
OG0008498	2	1	1	1	1	1	1	1	9
OG0008499	2	1	1	1	1	1	1	1	9
OG0008500	1	1	1	2	1	1	1	1	9
OG0008501	2	1	1	1	1	1	1	1	9
OG0008502	2	1	1	1	1	1	1	1	9
OG0008503	2	1	1	1	1	1	1	1	9
OG0008504	1	1	2	1	1	1	1	1	9
OG0008505	1	1	2	1	1	1	1	1	9
OG0008506	1	1	2	1	1	1	1	1	9
OG0008507	1	1	1	2	1	1	1	1	9
OG0008508	1	1	1	2	1	1	1	1	9
OG0008509	3	1	1	1	1	1	1	0	9
OG0008510	1	1	1	0	2	2	1	1	9
OG0008511	1	2	1	1	1	1	1	1	9
OG0008512	1	1	1	1	1	1	1	2	9
OG0008513	1	1	1	1	1	1	1	2	9
OG0008514	4	1	0	0	1	1	1	1	9
OG0008515	4	1	1	0	1	1	0	1	9
OG0008516	2	1	1	1	1	1	1	1	9
OG0008517	1	1	2	1	1	1	1	1	9
OG0008518	3	1	0	1	1	1	1	1	9
OG0008519	2	1	1	1	1	1	1	1	9
OG0008520	1	2	1	1	1	1	1	1	9
OG0008521	1	1	2	1	1	1	1	1	9
OG0008522	8	0	0	0	0	0	0	1	9
OG0008523	2	1	1	1	1	1	1	1	9
OG0008524	1	1	1	1	1	1	1	2	9
OG0008525	1	1	0	1	1	2	1	2	9
OG0008526	2	1	1	1	1	1	1	1	9
OG0008527	2	1	1	1	1	1	1	1	9
OG0008528	1	2	1	1	1	1	1	1	9
OG0008529	2	1	1	1	1	1	1	1	9
OG0008530	1	1	1	1	1	1	1	2	9
OG0008531	2	1	1	1	1	1	1	1	9
OG0008532	1	1	2	1	1	1	1	1	9
OG0008533	1	1	1	1	1	2	1	1	9
OG0008534	2	1	1	1	1	1	1	1	9
OG0008535	2	1	1	1	1	1	1	1	9
OG0008536	2	1	1	1	1	1	1	1	9
OG0008537	4	1	0	1	1	0	1	1	9
OG0008538	1	1	1	1	2	1	1	1	9
OG0008539	2	1	1	1	1	1	1	1	9
OG0008540	1	2	1	1	1	1	1	1	9
OG0008541	1	1	2	1	1	1	1	1	9
OG0008542	2	1	1	1	1	1	1	1	9
OG0008543	1	2	1	1	1	1	1	1	9
OG0008544	2	1	1	1	1	1	1	1	9
OG0008545	1	2	1	1	1	1	1	1	9
OG0008546	1	1	1	1	1	1	1	2	9
OG0008547	2	1	0	1	1	2	1	1	9
OG0008548	1	2	1	1	1	1	1	1	9
OG0008549	1	2	1	1	1	1	1	1	9
OG0008550	3	1	1	0	1	1	1	1	9
OG0008551	2	1	1	1	1	1	1	1	9
OG0008552	1	2	1	1	1	1	1	1	9
OG0008553	1	2	1	1	1	1	1	1	9
OG0008554	2	1	1	1	1	1	1	1	9
OG0008555	1	1	1	1	1	2	1	1	9
OG0008556	2	1	1	1	1	1	1	1	9
OG0008557	2	1	1	1	1	1	1	1	9
OG0008558	2	1	1	1	1	1	1	1	9
OG0008559	2	1	1	1	1	1	1	1	9
OG0008560	2	1	1	1	1	1	1	1	9
OG0008561	1	1	1	1	1	1	1	2	9
OG0008562	1	1	1	1	1	1	1	2	9
OG0008563	1	1	2	1	1	1	1	1	9
OG0008564	2	1	1	1	1	1	1	1	9
OG0008565	1	1	1	2	1	1	1	1	9
OG0008566	2	1	1	1	1	1	1	1	9
OG0008567	2	1	1	1	1	1	1	1	9
OG0008568	1	1	2	1	1	1	1	1	9
OG0008569	1	2	1	1	1	1	1	1	9
OG0008570	2	1	1	1	1	1	1	1	9
OG0008571	2	1	1	1	1	1	1	1	9
OG0008572	2	3	0	1	1	1	1	0	9
OG0008573	2	1	1	1	1	1	1	1	9
OG0008574	2	1	1	1	1	1	1	1	9
OG0008575	1	1	1	1	1	1	1	2	9
OG0008576	2	1	1	1	1	1	1	1	9
OG0008577	2	1	1	1	1	1	1	1	9
OG0008578	2	1	1	1	1	1	1	1	9
OG0008579	2	1	1	1	1	1	1	1	9
OG0008580	2	1	1	1	1	1	1	1	9
OG0008581	2	1	1	1	1	1	1	1	9
OG0008582	1	2	1	1	1	1	1	1	9
OG0008583	1	2	1	1	1	1	1	1	9
OG0008584	1	1	2	1	1	1	1	1	9
OG0008585	2	1	1	1	1	1	1	1	9
OG0008586	1	1	2	1	1	1	1	1	9
OG0008587	3	0	1	1	1	1	1	1	9
OG0008588	3	1	1	0	1	1	1	1	9
OG0008589	2	1	1	1	1	1	1	1	9
OG0008590	2	2	1	0	1	1	1	1	9
OG0008591	2	1	1	1	1	1	1	1	9
OG0008592	1	1	2	1	1	1	1	1	9
OG0008593	1	1	1	1	1	1	1	2	9
OG0008594	2	1	1	1	1	1	1	1	9
OG0008595	2	1	1	1	1	1	1	1	9
OG0008596	1	2	1	1	1	1	1	1	9
OG0008597	2	1	1	1	1	1	1	1	9
OG0008598	3	1	0	1	1	1	1	1	9
OG0008599	1	1	1	1	1	1	1	2	9
OG0008600	1	1	1	1	1	2	1	1	9
OG0008601	3	1	1	0	1	1	1	1	9
OG0008602	2	3	0	0	1	1	1	1	9
OG0008603	2	2	1	1	1	1	1	0	9
OG0008604	2	1	1	1	1	1	1	1	9
OG0008605	1	1	1	2	1	1	1	1	9
OG0008606	1	2	1	1	1	1	1	1	9
OG0008607	1	1	1	1	2	1	1	1	9
OG0008608	2	1	1	1	1	1	1	1	9
OG0008609	1	1	1	1	2	1	1	1	9
OG0008610	2	1	1	1	1	1	1	1	9
OG0008611	9	0	0	0	0	0	0	0	9
OG0008612	2	1	1	1	1	1	1	1	9
OG0008613	2	1	1	1	1	1	1	1	9
OG0008614	1	1	1	1	1	1	1	2	9
OG0008615	2	3	0	1	1	1	1	0	9
OG0008616	2	1	1	1	1	1	1	1	9
OG0008617	2	1	1	1	1	1	1	1	9
OG0008618	2	1	1	1	1	1	2	0	9
OG0008619	1	1	2	1	1	1	1	1	9
OG0008620	2	1	1	1	1	1	1	1	9
OG0008621	1	1	1	1	1	2	1	1	9
OG0008622	1	1	1	1	1	1	1	2	9
OG0008623	1	2	0	2	1	1	1	1	9
OG0008624	2	1	1	1	1	1	1	1	9
OG0008625	2	0	1	1	2	1	1	1	9
OG0008626	1	2	1	1	1	1	1	1	9
OG0008627	2	1	1	1	1	1	1	1	9
OG0008628	1	1	2	1	1	1	1	1	9
OG0008629	1	1	2	1	1	1	1	1	9
OG0008630	2	1	1	1	1	1	1	1	9
OG0008631	2	1	1	1	1	1	1	1	9
OG0008632	1	1	1	1	1	1	1	2	9
OG0008633	3	1	0	1	2	0	1	1	9
OG0008634	2	1	1	1	1	1	1	1	9
OG0008635	5	1	0	0	1	1	1	0	9
OG0008636	2	1	1	1	1	1	1	1	9
OG0008637	1	2	1	1	1	1	1	1	9
OG0008638	1	1	1	1	1	1	1	2	9
OG0008639	1	1	1	1	2	1	1	1	9
OG0008640	1	2	1	1	1	1	1	1	9
OG0008641	2	1	1	1	1	1	1	1	9
OG0008642	1	1	1	1	1	1	1	2	9
OG0008643	2	1	1	1	1	1	1	1	9
OG0008644	2	2	1	1	1	1	1	0	9
OG0008645	9	0	0	0	0	0	0	0	9
OG0008646	2	1	1	1	1	1	1	1	9
OG0008647	1	2	1	1	1	1	1	1	9
OG0008648	2	1	1	1	1	1	1	1	9
OG0008649	2	1	1	1	1	1	1	1	9
OG0008650	2	1	1	1	1	1	1	1	9
OG0008651	7	2	0	0	0	0	0	0	9
OG0008652	1	1	1	3	1	0	1	1	9
OG0008653	2	1	1	1	1	1	1	1	9
OG0008654	3	1	1	1	1	0	1	1	9
OG0008655	1	1	0	1	1	1	1	3	9
OG0008656	1	1	2	1	1	1	1	1	9
OG0008657	2	1	1	1	1	1	1	1	9
OG0008658	1	0	0	0	0	0	0	8	9
OG0008659	1	1	1	1	1	2	1	1	9
OG0008660	1	1	1	0	3	1	1	1	9
OG0008661	1	1	1	2	1	1	1	1	9
OG0008662	1	2	1	1	1	1	1	1	9
OG0008663	2	1	1	1	1	1	1	1	9
OG0008664	9	0	0	0	0	0	0	0	9
OG0008665	1	1	1	1	2	1	1	1	9
OG0008666	1	2	1	1	1	0	2	1	9
OG0008667	2	1	1	1	1	1	1	1	9
OG0008668	1	2	1	1	1	1	1	1	9
OG0008669	1	1	1	2	1	1	1	1	9
OG0008670	1	1	2	1	1	1	1	1	9
OG0008671	2	1	1	1	1	1	1	1	9
OG0008672	1	2	1	0	1	1	1	2	9
OG0008673	1	2	1	1	1	1	1	1	9
OG0008674	2	1	1	1	1	1	1	1	9
OG0008675	2	1	1	1	1	1	1	1	9
OG0008676	1	2	1	1	1	1	1	1	9
OG0008677	2	1	1	1	1	1	1	1	9
OG0008678	2	1	1	1	1	1	1	1	9
OG0008679	3	0	1	1	1	1	1	1	9
OG0008680	2	1	1	1	1	1	1	1	9
OG0008681	2	1	1	1	1	1	1	1	9
OG0008682	1	2	1	1	1	1	1	1	9
OG0008683	3	1	0	1	1	1	1	1	9
OG0008684	2	1	1	1	1	1	1	1	9
OG0008685	1	2	1	1	1	1	1	1	9
OG0008686	1	1	1	2	1	1	1	1	9
OG0008687	2	1	1	1	1	1	1	1	9
OG0008688	1	2	1	1	1	1	1	1	9
OG0008689	2	1	1	1	1	1	1	1	9
OG0008690	2	1	1	1	1	1	1	1	9
OG0008691	1	1	1	1	2	1	1	1	9
OG0008692	2	1	1	1	1	1	1	1	9
OG0008693	1	1	1	2	1	1	1	1	9
OG0008694	1	2	1	1	1	1	1	1	9
OG0008695	2	1	1	1	1	1	1	1	9
OG0008696	2	1	1	1	1	1	1	1	9
OG0008697	1	3	2	1	0	1	0	1	9
OG0008698	2	1	1	1	1	1	1	1	9
OG0008699	2	1	1	1	1	1	1	1	9
OG0008700	2	1	1	1	1	1	1	1	9
OG0008701	2	1	1	1	1	1	1	1	9
OG0008702	2	1	1	1	1	1	1	1	9
OG0008703	1	1	2	1	1	1	1	1	9
OG0008704	1	1	2	1	1	1	1	1	9
OG0008705	9	0	0	0	0	0	0	0	9
OG0008706	1	1	1	1	2	1	1	1	9
OG0008707	2	1	1	1	1	1	1	1	9
OG0008708	2	1	1	1	1	1	1	1	9
OG0008709	2	1	1	1	1	1	1	1	9
OG0008710	2	1	1	1	1	1	1	1	9
OG0008711	1	1	1	1	1	1	1	2	9
OG0008712	1	1	1	0	1	1	1	3	9
OG0008713	2	1	1	1	1	1	1	1	9
OG0008714	2	1	1	1	1	1	1	1	9
OG0008715	3	1	1	1	1	1	1	0	9
OG0008716	1	2	1	1	1	1	1	1	9
OG0008717	3	4	1	0	1	0	0	0	9
OG0008718	2	1	1	1	1	1	1	1	9
OG0008719	1	1	1	1	1	1	1	2	9
OG0008720	1	4	1	0	1	1	1	0	9
OG0008721	2	2	1	0	1	1	1	1	9
OG0008722	1	2	1	1	1	1	1	1	9
OG0008723	1	2	1	1	1	1	1	1	9
OG0008724	2	1	1	1	1	1	1	1	9
OG0008725	1	2	1	1	1	1	1	1	9
OG0008726	1	2	1	1	1	1	1	1	9
OG0008727	2	1	1	0	1	1	1	2	9
OG0008728	2	1	1	1	1	1	1	1	9
OG0008729	1	1	1	1	1	2	1	1	9
OG0008730	3	1	0	0	1	1	1	2	9
OG0008731	1	2	1	1	1	1	1	1	9
OG0008732	1	2	1	1	1	1	1	1	9
OG0008733	2	1	1	1	1	1	1	1	9
OG0008734	1	1	1	1	1	1	1	2	9
OG0008735	1	1	1	1	1	1	1	2	9
OG0008736	3	1	1	0	1	1	1	1	9
OG0008737	1	2	1	1	1	1	1	1	9
OG0008738	2	1	1	1	1	1	1	1	9
OG0008739	1	0	3	1	1	1	1	1	9
OG0008740	2	6	0	0	0	0	0	1	9
OG0008741	2	1	1	1	1	1	1	1	9
OG0008742	2	1	1	0	1	1	1	2	9
OG0008743	1	2	1	1	1	1	1	1	9
OG0008744	2	1	1	1	1	1	1	1	9
OG0008745	2	1	1	1	1	1	1	1	9
OG0008746	2	1	1	1	1	1	1	1	9
OG0008747	2	1	1	0	2	1	1	1	9
OG0008748	2	1	1	1	1	1	1	1	9
OG0008749	2	1	1	1	1	1	1	1	9
OG0008750	1	2	1	1	1	1	1	1	9
OG0008751	2	1	1	1	1	1	1	1	9
OG0008752	1	2	1	1	1	1	1	1	9
OG0008753	3	1	0	1	1	1	1	1	9
OG0008754	1	1	1	2	1	1	1	1	9
OG0008755	1	1	1	1	1	1	1	2	9
OG0008756	1	2	1	1	1	1	1	1	9
OG0008757	3	1	1	1	1	1	1	0	9
OG0008758	2	1	1	1	1	1	1	1	9
OG0008759	2	1	1	1	1	1	1	1	9
OG0008760	1	2	1	1	1	1	1	1	9
OG0008761	1	2	1	1	1	1	1	1	9
OG0008762	1	2	1	1	1	1	1	1	9
OG0008763	2	1	1	1	1	1	1	1	9
OG0008764	3	1	1	0	1	1	1	1	9
OG0008765	1	1	2	1	1	1	1	1	9
OG0008766	1	2	1	1	1	1	1	1	9
OG0008767	1	0	2	1	1	1	2	1	9
OG0008768	1	1	1	1	2	1	1	1	9
OG0008769	2	1	1	1	1	1	1	1	9
OG0008770	1	1	2	1	1	1	1	1	9
OG0008771	2	1	1	1	1	1	1	1	9
OG0008772	1	2	1	1	1	1	1	1	9
OG0008773	2	1	1	1	1	1	1	1	9
OG0008774	1	1	1	2	1	1	1	1	9
OG0008775	2	1	1	1	1	1	1	1	9
OG0008776	2	1	1	1	1	1	1	1	9
OG0008777	2	1	1	1	1	1	1	1	9
OG0008778	2	1	1	1	1	1	1	1	9
OG0008779	2	1	1	1	1	1	1	1	9
OG0008780	1	1	2	1	1	1	1	1	9
OG0008781	2	1	1	1	1	1	1	1	9
OG0008782	2	1	1	1	1	1	1	1	9
OG0008783	2	1	1	1	1	1	1	1	9
OG0008784	2	2	0	1	1	1	1	1	9
OG0008785	1	2	1	1	1	1	1	1	9
OG0008786	2	1	1	1	1	1	1	1	9
OG0008787	1	2	1	1	1	1	1	1	9
OG0008788	1	1	1	1	1	1	1	2	9
OG0008789	2	1	1	1	1	1	1	1	9
OG0008790	2	2	1	0	1	1	1	1	9
OG0008791	1	1	1	1	1	1	1	2	9
OG0008792	3	2	1	0	1	1	1	0	9
OG0008793	8	1	0	0	0	0	0	0	9
OG0008794	3	2	1	1	1	1	0	0	9
OG0008795	2	1	1	1	1	1	1	1	9
OG0008796	1	2	1	1	1	1	1	1	9
OG0008797	1	1	1	1	1	1	1	2	9
OG0008798	1	2	1	1	1	1	1	1	9
OG0008799	2	1	1	1	1	1	1	1	9
OG0008800	2	1	1	1	1	1	1	1	9
OG0008801	2	1	2	0	1	1	1	1	9
OG0008802	1	1	2	1	1	1	1	1	9
OG0008803	2	1	1	1	1	1	1	1	9
OG0008804	4	1	0	0	1	1	1	1	9
OG0008805	2	1	1	1	1	1	1	1	9
OG0008806	2	1	1	1	1	1	1	1	9
OG0008807	2	1	1	1	1	0	1	2	9
OG0008808	3	0	1	1	1	1	1	1	9
OG0008809	2	1	1	1	1	1	1	1	9
OG0008810	2	1	1	1	1	1	1	1	9
OG0008811	1	1	1	0	2	1	1	2	9
OG0008812	2	1	1	1	1	1	1	1	9
OG0008813	1	1	1	1	2	1	1	1	9
OG0008814	2	1	1	1	1	1	1	1	9
OG0008815	7	2	0	0	0	0	0	0	9
OG0008816	2	1	1	1	1	1	1	1	9
OG0008817	2	1	0	1	1	1	1	2	9
OG0008818	3	1	1	1	1	1	1	0	9
OG0008819	2	1	1	0	1	1	1	2	9
OG0008820	1	1	2	1	1	1	1	1	9
OG0008821	1	2	1	1	1	1	1	1	9
OG0008822	1	1	1	1	1	1	1	2	9
OG0008823	2	1	2	0	1	1	1	1	9
OG0008824	5	0	0	1	1	1	0	1	9
OG0008825	2	1	1	1	1	1	1	1	9
OG0008826	2	1	1	1	1	1	1	1	9
OG0008827	2	1	1	1	1	1	1	1	9
OG0008828	1	2	1	1	1	1	1	1	9
OG0008829	1	1	2	1	1	1	1	1	9
OG0008830	1	0	2	1	1	1	1	2	9
OG0008831	1	1	1	1	2	1	1	1	9
OG0008832	2	1	1	1	1	1	1	1	9
OG0008833	1	2	0	1	2	1	1	1	9
OG0008834	2	1	1	1	1	1	1	1	9
OG0008835	2	1	1	1	1	1	1	1	9
OG0008836	3	2	1	0	1	1	1	0	9
OG0008837	2	1	1	1	1	1	1	1	9
OG0008838	2	1	1	1	2	1	1	0	9
OG0008839	1	1	1	2	1	1	1	1	9
OG0008840	1	1	1	1	1	1	1	2	9
OG0008841	1	2	1	1	1	1	1	1	9
OG0008842	4	1	1	1	1	1	0	0	9
OG0008843	1	1	2	1	1	1	1	1	9
OG0008844	1	1	1	1	1	1	1	2	9
OG0008845	2	1	1	1	1	1	1	1	9
OG0008846	1	4	1	1	1	1	0	0	9
OG0008847	2	1	1	1	1	1	1	1	9
OG0008848	1	1	2	1	1	1	1	1	9
OG0008849	1	1	1	1	1	1	1	2	9
OG0008850	1	1	2	1	1	0	1	2	9
OG0008851	2	1	1	1	1	1	1	1	9
OG0008852	1	1	1	1	1	1	1	2	9
OG0008853	1	2	1	1	1	1	1	1	9
OG0008854	1	1	2	1	1	1	1	1	9
OG0008855	2	1	1	1	1	1	1	1	9
OG0008856	1	1	1	1	1	1	1	2	9
OG0008857	2	1	1	1	1	1	1	1	9
OG0008858	1	1	1	1	2	1	1	1	9
OG0008859	1	2	1	1	1	1	1	1	9
OG0008860	2	1	1	1	1	1	1	1	9
OG0008861	2	1	1	1	1	1	1	1	9
OG0008862	2	1	1	1	1	1	1	1	9
OG0008863	2	1	1	1	1	1	1	1	9
OG0008864	2	1	1	1	1	1	1	1	9
OG0008865	2	1	1	1	1	1	1	1	9
OG0008866	2	1	0	1	2	1	1	1	9
OG0008867	1	1	1	1	1	1	1	2	9
OG0008868	2	1	1	1	1	1	1	1	9
OG0008869	1	1	2	1	1	1	1	1	9
OG0008870	2	1	1	1	1	1	1	1	9
OG0008871	1	1	1	1	1	1	1	2	9
OG0008872	5	1	1	0	0	1	1	0	9
OG0008873	2	1	1	1	1	1	1	1	9
OG0008874	2	1	1	1	1	1	1	1	9
OG0008875	2	1	1	1	1	1	1	1	9
OG0008876	1	2	1	1	1	1	1	1	9
OG0008877	3	1	1	1	1	1	1	0	9
OG0008878	1	1	1	1	1	1	1	2	9
OG0008879	1	2	1	1	1	1	1	1	9
OG0008880	2	1	1	1	1	1	1	1	9
OG0008881	1	1	1	1	1	2	1	1	9
OG0008882	2	1	1	1	1	1	1	1	9
OG0008883	2	1	0	1	1	1	2	1	9
OG0008884	2	1	1	1	1	1	1	1	9
OG0008885	2	1	1	1	1	1	1	1	9
OG0008886	1	1	2	1	1	1	1	1	9
OG0008887	2	1	1	1	1	1	1	1	9
OG0008888	4	1	0	0	1	1	1	1	9
OG0008889	2	1	1	1	1	1	1	1	9
OG0008890	1	1	1	1	1	2	1	1	9
OG0008891	1	2	1	1	1	1	1	1	9
OG0008892	2	1	1	1	1	1	1	1	9
OG0008893	2	1	1	1	1	1	1	1	9
OG0008894	2	1	1	1	1	1	1	1	9
OG0008895	2	1	1	1	1	1	1	1	9
OG0008896	2	1	1	1	1	1	1	1	9
OG0008897	2	1	1	1	1	1	1	1	9
OG0008898	1	2	1	1	1	1	1	1	9
OG0008899	2	1	1	1	1	1	1	1	9
OG0008900	2	1	1	1	1	1	1	1	9
OG0008901	2	1	1	1	1	1	1	1	9
OG0008902	2	1	1	0	1	1	1	2	9
OG0008903	1	1	1	1	2	1	1	1	9
OG0008904	1	1	1	1	1	1	1	2	9
OG0008905	2	1	1	1	1	1	1	1	9
OG0008906	2	1	1	1	1	1	1	1	9
OG0008907	1	1	1	1	1	1	1	2	9
OG0008908	2	1	1	1	1	1	1	1	9
OG0008909	2	1	1	1	1	1	1	1	9
OG0008910	1	1	1	1	1	2	1	1	9
OG0008911	2	1	1	1	1	1	1	1	9
OG0008912	1	2	1	1	1	1	1	1	9
OG0008913	1	1	2	1	1	1	1	1	9
OG0008914	1	1	1	1	1	1	2	1	9
OG0008915	1	1	1	1	1	1	1	2	9
OG0008916	2	1	1	1	1	1	1	1	9
OG0008917	1	2	1	1	1	1	1	1	9
OG0008918	1	1	1	1	1	1	2	1	9
OG0008919	2	1	1	1	1	1	1	1	9
OG0008920	2	1	1	1	1	1	1	1	9
OG0008921	1	1	2	1	1	1	1	1	9
OG0008922	2	1	1	1	1	1	1	1	9
OG0008923	3	1	0	1	1	1	1	1	9
OG0008924	1	1	1	1	1	1	1	2	9
OG0008925	2	1	1	1	1	1	1	1	9
OG0008926	2	1	1	1	1	1	1	1	9
OG0008927	1	2	1	1	1	1	1	1	9
OG0008928	2	1	1	1	1	1	1	1	9
OG0008929	4	1	0	0	1	1	1	1	9
OG0008930	2	1	1	1	1	1	1	1	9
OG0008931	2	1	1	1	1	1	1	1	9
OG0008932	1	2	1	0	1	1	1	2	9
OG0008933	1	1	1	1	2	1	1	1	9
OG0008934	1	1	1	1	1	1	1	2	9
OG0008935	2	1	1	1	1	1	1	1	9
OG0008936	1	1	1	1	1	2	1	1	9
OG0008937	1	2	1	1	1	1	1	1	9
OG0008938	3	1	0	0	2	1	1	1	9
OG0008939	2	2	1	1	1	0	1	1	9
OG0008940	2	1	1	1	1	1	1	1	9
OG0008941	2	1	1	1	1	1	1	1	9
OG0008942	2	1	1	1	1	1	1	1	9
OG0008943	2	1	1	1	1	1	1	1	9
OG0008944	1	2	1	1	1	1	1	1	9
OG0008945	1	1	2	0	1	1	1	2	9
OG0008946	1	4	1	1	1	1	0	0	9
OG0008947	2	1	1	1	1	1	1	1	9
OG0008948	2	1	1	1	1	1	1	1	9
OG0008949	1	1	1	1	2	1	1	1	9
OG0008950	1	1	2	1	1	1	1	1	9
OG0008951	1	2	1	1	1	1	1	1	9
OG0008952	2	1	1	1	1	1	1	1	9
OG0008953	1	2	1	1	1	1	1	1	9
OG0008954	2	1	1	1	1	1	1	1	9
OG0008955	2	1	1	1	1	1	1	1	9
OG0008956	1	2	1	1	1	1	1	1	9
OG0008957	1	1	2	1	1	1	1	1	9
OG0008958	2	1	1	1	1	1	1	1	9
OG0008959	3	1	1	0	1	1	1	1	9
OG0008960	1	2	1	1	1	1	1	1	9
OG0008961	1	2	1	1	1	1	1	1	9
OG0008962	1	1	1	1	1	1	1	2	9
OG0008963	1	1	2	1	1	1	1	1	9
OG0008964	1	2	1	1	1	1	2	0	9
OG0008965	2	1	1	1	1	1	1	1	9
OG0008966	2	1	1	1	1	1	1	1	9
OG0008967	9	0	0	0	0	0	0	0	9
OG0008968	2	1	1	1	1	1	1	1	9
OG0008969	2	1	1	1	1	1	1	1	9
OG0008970	2	1	1	1	1	1	1	1	9
OG0008971	2	1	1	1	1	1	1	1	9
OG0008972	2	1	1	1	1	1	1	1	9
OG0008973	2	1	1	1	1	1	1	1	9
OG0008974	1	1	1	1	1	1	1	2	9
OG0008975	2	1	1	1	1	1	1	1	9
OG0008976	1	1	1	1	1	1	1	2	9
OG0008977	1	1	1	1	1	1	1	2	9
OG0008978	3	1	1	1	1	1	1	0	9
OG0008979	2	1	1	1	1	1	1	1	9
OG0008980	1	1	2	1	1	1	1	1	9
OG0008981	2	1	1	1	1	1	1	1	9
OG0008982	1	2	1	1	1	1	1	1	9
OG0008983	1	1	2	1	1	1	1	1	9
OG0008984	4	2	0	1	1	1	0	0	9
OG0008985	2	2	0	1	1	1	1	1	9
OG0008986	1	1	2	1	1	1	1	1	9
OG0008987	1	1	2	1	1	1	1	1	9
OG0008988	1	1	2	1	1	1	1	1	9
OG0008989	2	1	1	1	1	1	1	1	9
OG0008990	2	0	1	1	2	1	1	1	9
OG0008991	2	0	1	1	1	1	1	2	9
OG0008992	1	1	1	1	2	1	1	1	9
OG0008993	1	2	1	1	1	1	1	1	9
OG0008994	1	1	2	1	1	1	1	1	9
OG0008995	1	2	1	1	1	1	1	1	9
OG0008996	1	1	1	1	1	2	1	1	9
OG0008997	9	0	0	0	0	0	0	0	9
OG0008998	2	1	2	2	1	1	0	0	9
OG0008999	1	2	1	1	1	1	1	1	9
OG0009000	1	2	1	1	1	1	1	1	9
OG0009001	1	1	1	2	1	1	1	1	9
OG0009002	2	1	1	1	1	1	1	1	9
OG0009003	1	2	1	1	1	1	1	1	9
OG0009004	1	1	1	2	1	1	1	1	9
OG0009005	2	1	1	1	1	1	1	1	9
OG0009006	2	1	1	1	1	1	1	1	9
OG0009007	2	1	1	1	1	1	1	1	9
OG0009008	2	1	1	1	1	1	1	1	9
OG0009009	2	1	1	1	1	1	1	1	9
OG0009010	2	1	1	1	1	1	1	1	9
OG0009011	3	1	1	1	0	1	1	1	9
OG0009012	1	1	1	2	1	1	1	1	9
OG0009013	2	1	1	1	1	1	1	1	9
OG0009014	2	1	1	1	1	1	1	1	9
OG0009015	2	1	0	1	1	2	1	1	9
OG0009016	1	2	1	1	1	1	1	1	9
OG0009017	2	1	1	1	1	1	1	1	9
OG0009018	2	1	1	1	1	1	1	1	9
OG0009019	1	1	1	1	2	1	1	1	9
OG0009020	1	1	1	1	1	1	1	2	9
OG0009021	1	1	1	1	1	1	1	2	9
OG0009022	2	1	1	1	1	1	1	1	9
OG0009023	1	1	2	1	1	1	1	1	9
OG0009024	2	1	1	1	1	1	1	1	9
OG0009025	1	1	1	1	1	1	1	2	9
OG0009026	1	1	1	1	2	1	1	1	9
OG0009027	2	1	1	1	1	1	1	1	9
OG0009028	1	1	1	1	1	1	1	2	9
OG0009029	2	1	1	1	1	1	1	1	9
OG0009030	2	1	1	1	1	1	1	1	9
OG0009031	1	1	1	1	2	1	1	1	9
OG0009032	1	1	1	1	1	1	1	2	9
OG0009033	2	1	1	1	1	1	1	1	9
OG0009034	1	1	1	1	1	1	1	2	9
OG0009035	1	1	1	1	1	1	1	2	9
OG0009036	1	2	1	1	1	1	1	1	9
OG0009037	1	1	1	1	2	1	1	1	9
OG0009038	1	2	1	1	1	1	1	1	9
OG0009039	2	1	1	1	1	1	1	1	9
OG0009040	2	1	1	1	1	1	1	1	9
OG0009041	2	1	1	1	1	1	1	1	9
OG0009042	1	1	1	1	1	1	1	2	9
OG0009043	2	1	1	0	2	1	1	1	9
OG0009044	1	1	1	1	1	1	2	1	9
OG0009045	1	2	1	1	1	1	1	1	9
OG0009046	2	2	1	0	1	1	1	1	9
OG0009047	3	1	0	1	1	1	1	1	9
OG0009048	2	1	1	1	1	1	1	1	9
OG0009049	2	1	1	1	1	1	1	1	9
OG0009050	2	1	1	1	1	1	1	1	9
OG0009051	1	1	1	1	1	2	1	1	9
OG0009052	2	1	1	1	1	1	1	1	9
OG0009053	1	1	1	1	1	1	2	1	9
OG0009054	1	1	1	1	1	2	1	1	9
OG0009055	1	1	1	2	1	1	1	1	9
OG0009056	1	2	1	1	1	1	1	1	9
OG0009057	2	1	1	1	1	1	1	1	9
OG0009058	2	1	0	2	1	1	1	1	9
OG0009059	2	2	1	1	1	1	1	0	9
OG0009060	1	2	1	1	1	1	1	1	9
OG0009061	1	1	2	1	1	1	1	1	9
OG0009062	2	1	1	1	1	1	1	1	9
OG0009063	2	1	1	1	1	1	1	1	9
OG0009064	2	1	1	1	1	1	1	1	9
OG0009065	3	2	1	0	1	1	1	0	9
OG0009066	2	1	1	1	1	1	1	1	9
OG0009067	1	1	2	1	1	1	1	1	9
OG0009068	1	1	1	1	1	1	1	2	9
OG0009069	2	2	1	1	1	0	1	1	9
OG0009070	1	1	1	1	1	1	1	2	9
OG0009071	1	1	2	1	1	1	1	1	9
OG0009072	1	1	1	1	1	1	1	2	9
OG0009073	1	1	1	2	1	1	1	1	9
OG0009074	2	1	1	1	1	1	1	1	9
OG0009075	1	5	1	0	1	1	0	0	9
OG0009076	2	1	1	1	1	1	1	1	9
OG0009077	1	1	2	1	1	1	1	1	9
OG0009078	1	1	2	1	1	1	1	1	9
OG0009079	2	1	1	1	1	1	1	1	9
OG0009080	1	1	1	1	1	1	1	2	9
OG0009081	2	1	1	1	1	1	1	1	9
OG0009082	1	1	2	1	1	1	1	1	9
OG0009083	2	1	1	1	1	1	1	1	9
OG0009084	2	1	1	1	1	1	1	1	9
OG0009085	1	1	2	1	1	1	1	1	9
OG0009086	2	3	1	0	1	1	1	0	9
OG0009087	2	1	1	1	1	1	1	1	9
OG0009088	1	1	1	1	1	1	1	2	9
OG0009089	3	1	1	1	1	1	0	1	9
OG0009090	1	1	1	1	1	2	1	1	9
OG0009091	1	2	1	1	1	1	1	1	9
OG0009092	1	2	1	1	1	1	1	1	9
OG0009093	2	1	1	1	1	1	1	1	9
OG0009094	2	1	1	1	1	1	1	1	9
OG0009095	2	1	1	1	2	0	1	1	9
OG0009096	1	1	1	1	1	2	1	1	9
OG0009097	1	1	1	1	2	1	1	1	9
OG0009098	1	1	2	1	1	1	1	1	9
OG0009099	4	1	0	0	1	1	1	1	9
OG0009100	2	1	1	1	1	1	1	1	9
OG0009101	2	1	1	1	1	1	1	1	9
OG0009102	2	1	1	1	1	1	1	1	9
OG0009103	3	1	0	1	1	1	1	1	9
OG0009104	1	2	1	1	1	1	1	1	9
OG0009105	3	1	1	0	1	1	1	1	9
OG0009106	1	1	2	1	1	1	1	1	9
OG0009107	2	3	0	1	1	1	0	1	9
OG0009108	1	1	1	1	2	1	1	1	9
OG0009109	1	2	1	1	1	1	1	1	9
OG0009110	2	1	1	1	1	1	1	1	9
OG0009111	1	1	0	0	2	2	3	0	9
OG0009112	1	0	0	1	2	1	3	1	9
OG0009113	1	0	0	0	2	2	4	0	9
OG0009114	1	0	0	0	2	2	4	0	9
OG0009115	1	2	0	0	2	2	2	0	9
OG0009116	1	0	0	0	4	0	4	0	9
OG0009117	0	2	5	1	0	0	0	1	9
OG0009118	0	3	1	1	1	1	1	1	9
OG0009119	0	3	1	1	1	1	1	1	9
OG0009120	0	4	1	1	1	1	1	0	9
OG0009121	0	2	1	2	1	1	1	1	9
OG0009122	0	9	0	0	0	0	0	0	9
OG0009123	0	2	1	2	1	1	1	1	9
OG0009124	0	1	0	2	2	2	1	1	9
OG0009125	0	9	0	0	0	0	0	0	9
OG0009126	0	1	1	1	1	1	1	3	9
OG0009127	0	6	0	0	0	0	0	3	9
OG0009128	0	3	1	1	1	1	1	1	9
OG0009129	0	3	1	1	1	1	1	1	9
OG0009130	0	1	2	1	1	1	1	2	9
OG0009131	0	1	3	1	1	1	1	1	9
OG0009132	0	1	2	1	1	2	1	1	9
OG0009133	0	2	0	0	4	3	0	0	9
OG0009134	0	1	1	3	1	1	1	1	9
OG0009135	0	3	1	1	3	1	0	0	9
OG0009136	0	1	1	2	2	1	1	1	9
OG0009137	0	1	1	2	1	2	1	1	9
OG0009138	0	1	0	0	4	3	1	0	9
OG0009139	0	2	2	0	0	0	0	5	9
OG0009140	0	4	1	1	0	1	1	1	9
OG0009141	0	2	1	2	1	1	1	1	9
OG0009142	0	0	5	0	0	0	0	4	9
OG0009143	0	0	8	0	0	0	0	1	9
OG0009144	0	0	6	0	0	0	0	3	9
OG0009145	0	0	2	1	0	0	0	6	9
OG0009146	0	0	5	0	0	0	0	4	9
OG0009147	0	0	4	1	0	0	0	4	9
OG0009148	0	0	3	0	0	0	0	6	9
OG0009149	0	0	2	0	0	0	0	7	9
OG0009150	0	0	2	2	1	1	1	2	9
OG0009151	0	0	6	0	0	0	0	3	9
OG0009152	0	0	1	0	0	0	0	8	9
OG0009153	0	0	6	1	0	0	0	2	9
OG0009154	0	0	1	0	0	0	0	8	9
OG0009155	0	0	1	0	0	0	0	8	9
OG0009156	0	0	1	0	5	2	1	0	9
OG0009157	0	0	5	1	0	0	0	3	9
OG0009158	0	0	4	0	0	0	0	5	9
OG0009159	0	0	0	7	1	0	1	0	9
OG0009160	0	0	0	9	0	0	0	0	9
OG0009161	0	0	0	3	1	1	0	4	9
OG0009162	0	0	0	1	2	1	5	0	9
OG0009163	0	0	0	2	0	1	2	4	9
OG0009164	0	0	0	0	9	0	0	0	9
OG0009165	0	0	0	0	9	0	0	0	9
OG0009166	0	0	0	0	1	0	8	0	9
OG0009167	0	0	0	0	9	0	0	0	9
OG0009168	0	0	0	0	9	0	0	0	9
OG0009169	0	0	0	0	9	0	0	0	9
OG0009170	0	0	0	0	2	0	7	0	9
OG0009171	0	0	0	0	7	1	1	0	9
OG0009172	0	0	0	0	4	0	5	0	9
OG0009173	0	0	0	0	4	5	0	0	9
OG0009174	0	0	0	0	2	4	3	0	9
OG0009175	0	0	0	0	2	6	1	0	9
OG0009176	0	0	0	0	5	1	3	0	9
OG0009177	0	0	0	0	2	6	1	0	9
OG0009178	0	0	0	0	4	1	4	0	9
OG0009179	0	0	0	0	1	0	8	0	9
OG0009180	0	0	0	0	3	3	3	0	9
OG0009181	0	0	0	0	0	0	9	0	9
OG0009182	0	0	0	0	0	0	9	0	9
OG0009183	0	0	0	0	0	0	0	9	9
OG0009184	0	0	0	0	0	0	0	9	9
OG0009185	0	0	0	0	3	3	1	1	8
OG0009186	1	4	1	1	1	0	0	0	8
OG0009187	0	1	1	2	1	1	1	1	8
OG0009188	7	0	0	1	0	0	0	0	8
OG0009189	6	2	0	0	0	0	0	0	8
OG0009190	2	1	2	1	1	1	0	0	8
OG0009191	3	2	0	0	1	1	1	0	8
OG0009192	1	1	1	1	1	1	1	1	8
OG0009193	2	1	1	2	1	1	0	0	8
OG0009194	2	1	2	1	1	1	0	0	8
OG0009195	2	1	1	1	1	2	0	0	8
OG0009196	1	1	1	1	1	1	1	1	8
OG0009197	1	1	1	1	1	1	1	1	8
OG0009198	1	1	1	1	1	1	1	1	8
OG0009199	1	1	1	1	1	1	1	1	8
OG0009200	0	1	2	1	1	1	1	1	8
OG0009201	2	4	0	0	0	1	1	0	8
OG0009202	1	1	1	1	1	1	1	1	8
OG0009203	1	3	1	1	1	1	0	0	8
OG0009204	2	1	0	1	1	1	1	1	8
OG0009205	1	2	1	1	1	1	1	0	8
OG0009206	0	2	1	1	1	1	1	1	8
OG0009207	1	1	1	1	1	1	1	1	8
OG0009208	1	1	0	1	1	1	2	1	8
OG0009209	3	3	1	0	0	1	0	0	8
OG0009210	2	2	0	1	1	1	1	0	8
OG0009211	1	0	1	1	1	2	1	1	8
OG0009212	2	4	0	0	1	1	0	0	8
OG0009213	1	0	1	2	1	0	2	1	8
OG0009214	2	3	0	0	1	1	1	0	8
OG0009215	1	1	1	1	1	1	1	1	8
OG0009216	2	1	1	1	1	0	1	1	8
OG0009217	1	1	2	0	1	1	1	1	8
OG0009218	2	0	1	1	1	1	1	1	8
OG0009219	3	3	0	0	1	1	0	0	8
OG0009220	1	1	2	0	1	1	2	0	8
OG0009221	1	1	1	1	1	1	1	1	8
OG0009222	0	2	1	1	1	1	1	1	8
OG0009223	1	1	1	1	1	1	1	1	8
OG0009224	1	1	2	0	1	1	1	1	8
OG0009225	4	3	0	0	0	1	0	0	8
OG0009226	5	2	0	1	0	0	0	0	8
OG0009227	1	0	2	1	1	2	1	0	8
OG0009228	2	1	1	0	1	1	1	1	8
OG0009229	1	1	1	2	1	1	1	0	8
OG0009230	1	1	1	1	1	1	1	1	8
OG0009231	3	1	1	1	1	1	0	0	8
OG0009232	4	1	0	0	1	1	0	1	8
OG0009233	2	3	1	0	0	2	0	0	8
OG0009234	3	1	1	0	1	1	1	0	8
OG0009235	1	1	1	1	1	1	1	1	8
OG0009236	1	1	1	1	1	1	1	1	8
OG0009237	1	1	1	1	2	1	1	0	8
OG0009238	6	1	0	0	0	0	0	1	8
OG0009239	2	1	1	0	1	1	1	1	8
OG0009240	1	1	1	1	1	1	1	1	8
OG0009241	2	1	1	0	1	1	1	1	8
OG0009242	3	2	1	0	1	1	0	0	8
OG0009243	3	1	1	0	1	1	1	0	8
OG0009244	1	1	1	1	1	1	1	1	8
OG0009245	1	1	1	1	1	1	1	1	8
OG0009246	1	1	1	1	1	1	1	1	8
OG0009247	1	1	1	1	1	1	1	1	8
OG0009248	1	1	2	1	1	1	1	0	8
OG0009249	4	1	0	1	1	1	0	0	8
OG0009250	2	0	1	1	1	1	1	1	8
OG0009251	3	1	1	1	1	0	1	0	8
OG0009252	4	0	1	1	1	1	0	0	8
OG0009253	3	1	1	0	1	1	0	1	8
OG0009254	2	2	1	1	1	1	0	0	8
OG0009255	2	2	2	0	1	1	0	0	8
OG0009256	1	1	2	2	0	1	0	1	8
OG0009257	1	4	0	0	1	0	1	1	8
OG0009258	1	1	1	1	1	1	1	1	8
OG0009259	1	1	1	1	1	1	1	1	8
OG0009260	1	1	1	1	1	1	1	1	8
OG0009261	1	1	1	1	1	1	1	1	8
OG0009262	2	1	1	0	1	2	1	0	8
OG0009263	1	1	1	1	1	1	1	1	8
OG0009264	1	1	2	1	1	1	1	0	8
OG0009265	1	1	1	1	1	1	1	1	8
OG0009266	1	1	1	1	1	1	1	1	8
OG0009267	1	1	1	1	1	1	1	1	8
OG0009268	1	1	1	1	1	1	1	1	8
OG0009269	1	1	2	1	1	1	1	0	8
OG0009270	2	1	1	1	1	2	0	0	8
OG0009271	8	0	0	0	0	0	0	0	8
OG0009272	3	1	1	1	0	1	1	0	8
OG0009273	1	1	1	1	1	1	1	1	8
OG0009274	3	1	0	0	1	1	1	1	8
OG0009275	2	5	0	1	0	0	0	0	8
OG0009276	1	2	0	0	2	3	0	0	8
OG0009277	2	2	1	1	1	1	0	0	8
OG0009278	1	1	1	1	1	1	1	1	8
OG0009279	1	0	1	1	1	1	1	2	8
OG0009280	1	1	1	1	1	1	1	1	8
OG0009281	1	1	1	1	1	1	1	1	8
OG0009282	1	1	1	0	1	1	3	0	8
OG0009283	1	1	1	1	1	1	1	1	8
OG0009284	2	0	1	1	1	1	1	1	8
OG0009285	4	0	0	1	1	1	1	0	8
OG0009286	1	1	1	1	1	1	1	1	8
OG0009287	1	1	1	1	1	1	1	1	8
OG0009288	1	1	1	1	1	1	1	1	8
OG0009289	1	2	1	2	1	1	0	0	8
OG0009290	1	1	1	1	1	3	0	0	8
OG0009291	2	1	2	0	1	1	1	0	8
OG0009292	1	1	1	1	1	1	1	1	8
OG0009293	1	0	2	1	1	1	1	1	8
OG0009294	1	1	1	2	1	1	1	0	8
OG0009295	2	1	1	0	1	1	1	1	8
OG0009296	2	1	1	0	1	1	1	1	8
OG0009297	1	1	1	1	1	1	1	1	8
OG0009298	2	2	0	0	1	2	1	0	8
OG0009299	1	1	1	1	1	1	1	1	8
OG0009300	3	2	1	0	1	1	0	0	8
OG0009301	1	1	1	1	1	1	1	1	8
OG0009302	1	1	2	0	1	1	1	1	8
OG0009303	2	2	1	0	1	1	1	0	8
OG0009304	1	1	1	1	1	1	1	1	8
OG0009305	1	1	1	1	1	1	1	1	8
OG0009306	2	1	1	1	1	1	1	0	8
OG0009307	2	0	1	1	1	1	1	1	8
OG0009308	3	0	1	1	0	0	0	3	8
OG0009309	2	1	0	1	1	1	1	1	8
OG0009310	2	1	1	1	1	0	1	1	8
OG0009311	2	1	1	0	1	1	1	1	8
OG0009312	7	1	0	0	0	0	0	0	8
OG0009313	4	2	0	0	1	1	0	0	8
OG0009314	7	0	0	0	0	0	0	1	8
OG0009315	1	1	1	1	1	1	1	1	8
OG0009316	2	3	0	0	0	1	1	1	8
OG0009317	3	1	0	0	1	1	1	1	8
OG0009318	3	1	2	0	1	1	0	0	8
OG0009319	2	1	1	0	1	1	1	1	8
OG0009320	2	0	1	1	1	1	1	1	8
OG0009321	1	2	1	1	1	1	1	0	8
OG0009322	2	1	0	1	1	1	1	1	8
OG0009323	1	1	1	1	1	1	1	1	8
OG0009324	1	1	2	0	1	1	1	1	8
OG0009325	3	1	1	1	1	1	0	0	8
OG0009326	2	1	0	1	1	1	1	1	8
OG0009327	3	1	1	1	1	1	0	0	8
OG0009328	0	1	1	1	0	1	1	3	8
OG0009329	1	1	1	1	1	1	1	1	8
OG0009330	1	1	1	1	1	1	1	1	8
OG0009331	1	1	1	1	1	1	1	1	8
OG0009332	1	2	1	0	1	1	1	1	8
OG0009333	1	1	1	1	1	1	1	1	8
OG0009334	1	1	1	1	1	1	1	1	8
OG0009335	2	1	2	1	1	1	0	0	8
OG0009336	1	1	1	1	1	1	1	1	8
OG0009337	1	1	1	1	1	1	1	1	8
OG0009338	1	1	1	1	1	1	1	1	8
OG0009339	1	1	1	1	1	1	1	1	8
OG0009340	1	1	1	1	1	1	1	1	8
OG0009341	1	1	1	1	1	1	1	1	8
OG0009342	3	1	1	1	1	1	0	0	8
OG0009343	1	1	1	1	1	1	1	1	8
OG0009344	1	1	1	1	1	1	1	1	8
OG0009345	1	1	1	0	1	1	1	2	8
OG0009346	1	1	1	1	1	1	1	1	8
OG0009347	1	1	1	1	1	1	1	1	8
OG0009348	2	1	1	0	1	1	1	1	8
OG0009349	1	1	1	1	1	1	1	1	8
OG0009350	1	1	1	1	1	1	1	1	8
OG0009351	1	1	1	1	1	1	1	1	8
OG0009352	0	0	1	0	6	0	0	1	8
OG0009353	1	1	1	1	1	1	1	1	8
OG0009354	1	1	1	1	1	1	1	1	8
OG0009355	1	1	1	1	1	1	1	1	8
OG0009356	1	1	1	1	1	1	1	1	8
OG0009357	1	1	1	1	1	1	1	1	8
OG0009358	1	1	1	1	1	1	1	1	8
OG0009359	1	2	1	1	1	1	1	0	8
OG0009360	2	1	1	1	1	1	1	0	8
OG0009361	2	1	1	0	1	1	1	1	8
OG0009362	4	0	1	0	1	1	1	0	8
OG0009363	2	0	0	0	2	2	1	1	8
OG0009364	1	1	1	2	1	1	1	0	8
OG0009365	1	1	1	1	1	1	1	1	8
OG0009366	1	1	1	1	1	1	1	1	8
OG0009367	1	1	1	1	1	1	1	1	8
OG0009368	1	1	1	1	1	1	1	1	8
OG0009369	1	4	0	0	1	1	1	0	8
OG0009370	5	1	1	0	0	1	0	0	8
OG0009371	1	1	1	1	1	1	1	1	8
OG0009372	1	1	1	1	1	1	1	1	8
OG0009373	1	1	1	1	1	1	1	1	8
OG0009374	1	1	1	1	1	1	1	1	8
OG0009375	2	1	0	0	1	1	1	2	8
OG0009376	2	3	1	0	1	1	0	0	8
OG0009377	1	3	0	1	1	2	0	0	8
OG0009378	1	1	1	1	1	1	1	1	8
OG0009379	1	1	1	1	1	1	1	1	8
OG0009380	1	1	1	1	1	1	1	1	8
OG0009381	2	1	2	0	1	1	1	0	8
OG0009382	3	1	1	0	1	1	1	0	8
OG0009383	1	1	1	1	1	1	1	1	8
OG0009384	1	1	1	1	1	1	1	1	8
OG0009385	1	1	1	1	1	1	1	1	8
OG0009386	3	1	1	1	1	1	0	0	8
OG0009387	2	1	1	1	1	1	0	1	8
OG0009388	1	1	1	1	1	1	1	1	8
OG0009389	2	1	1	1	0	1	1	1	8
OG0009390	2	1	1	1	1	1	1	0	8
OG0009391	1	1	1	1	1	1	1	1	8
OG0009392	1	1	1	2	1	1	1	0	8
OG0009393	1	1	1	1	1	1	1	1	8
OG0009394	1	1	1	1	1	1	1	1	8
OG0009395	2	1	1	1	0	1	1	1	8
OG0009396	2	2	1	1	1	1	0	0	8
OG0009397	2	2	0	0	1	1	1	1	8
OG0009398	1	1	1	1	1	1	1	1	8
OG0009399	5	0	2	0	0	0	0	1	8
OG0009400	1	1	1	1	1	1	1	1	8
OG0009401	1	1	1	1	1	1	1	1	8
OG0009402	1	1	1	1	1	1	1	1	8
OG0009403	1	1	1	1	1	1	1	1	8
OG0009404	1	1	1	1	1	1	1	1	8
OG0009405	1	1	1	1	1	1	1	1	8
OG0009406	1	1	1	1	1	1	1	1	8
OG0009407	2	1	1	2	1	1	0	0	8
OG0009408	1	1	1	1	1	1	1	1	8
OG0009409	4	0	0	2	0	0	0	2	8
OG0009410	1	1	1	1	1	1	1	1	8
OG0009411	3	1	2	0	1	1	0	0	8
OG0009412	1	1	1	1	1	1	1	1	8
OG0009413	1	1	1	1	1	1	1	1	8
OG0009414	1	2	1	1	1	0	1	1	8
OG0009415	1	1	1	1	1	1	1	1	8
OG0009416	1	1	1	1	1	1	1	1	8
OG0009417	1	1	1	1	1	1	1	1	8
OG0009418	1	1	1	1	1	1	1	1	8
OG0009419	1	1	1	0	1	1	2	1	8
OG0009420	1	1	1	1	1	1	1	1	8
OG0009421	1	1	1	1	1	1	1	1	8
OG0009422	1	2	0	1	2	2	0	0	8
OG0009423	2	1	0	1	1	1	1	1	8
OG0009424	1	1	1	1	1	1	1	1	8
OG0009425	2	1	1	1	1	1	0	1	8
OG0009426	1	4	1	0	1	1	0	0	8
OG0009427	3	1	0	0	1	1	1	1	8
OG0009428	1	1	1	1	1	1	1	1	8
OG0009429	2	1	0	1	1	1	1	1	8
OG0009430	1	1	1	1	1	1	1	1	8
OG0009431	1	1	1	1	1	1	1	1	8
OG0009432	1	1	1	1	1	1	1	1	8
OG0009433	1	1	1	1	1	1	1	1	8
OG0009434	1	1	1	1	1	1	1	1	8
OG0009435	1	1	1	1	1	1	1	1	8
OG0009436	1	1	1	1	1	1	1	1	8
OG0009437	1	1	1	1	1	1	1	1	8
OG0009438	2	3	1	1	1	0	0	0	8
OG0009439	1	1	1	0	1	2	2	0	8
OG0009440	3	1	1	1	1	1	0	0	8
OG0009441	1	1	1	1	1	1	1	1	8
OG0009442	3	1	1	1	1	1	0	0	8
OG0009443	1	1	0	1	1	1	2	1	8
OG0009444	2	1	1	0	2	2	0	0	8
OG0009445	1	1	1	1	1	1	1	1	8
OG0009446	1	1	1	1	1	1	1	1	8
OG0009447	1	2	1	2	1	1	0	0	8
OG0009448	1	1	1	1	1	1	1	1	8
OG0009449	2	1	2	1	1	1	0	0	8
OG0009450	3	1	0	1	1	1	1	0	8
OG0009451	1	1	1	1	1	1	1	1	8
OG0009452	1	1	1	0	2	1	1	1	8
OG0009453	1	1	1	1	1	1	1	1	8
OG0009454	5	1	0	0	1	1	0	0	8
OG0009455	6	1	0	0	0	1	0	0	8
OG0009456	1	1	1	1	1	1	1	1	8
OG0009457	1	1	1	1	1	1	1	1	8
OG0009458	1	1	2	0	1	1	2	0	8
OG0009459	1	1	1	0	1	1	2	1	8
OG0009460	1	1	1	1	1	1	1	1	8
OG0009461	3	0	1	1	1	1	1	0	8
OG0009462	1	1	1	1	1	2	1	0	8
OG0009463	1	3	0	0	2	1	1	0	8
OG0009464	1	1	1	1	1	1	1	1	8
OG0009465	1	1	3	1	1	1	0	0	8
OG0009466	6	0	1	1	0	0	0	0	8
OG0009467	1	1	1	1	1	1	1	1	8
OG0009468	2	0	1	1	1	1	1	1	8
OG0009469	2	0	1	1	1	1	1	1	8
OG0009470	1	2	0	1	1	1	1	1	8
OG0009471	3	1	1	0	1	2	0	0	8
OG0009472	1	1	1	1	1	1	1	1	8
OG0009473	1	1	1	1	1	1	1	1	8
OG0009474	5	3	0	0	0	0	0	0	8
OG0009475	1	1	1	1	1	1	1	1	8
OG0009476	1	1	1	1	1	1	1	1	8
OG0009477	1	1	1	1	1	1	1	1	8
OG0009478	1	1	1	1	1	1	1	1	8
OG0009479	1	1	1	1	1	1	1	1	8
OG0009480	1	1	1	1	1	1	1	1	8
OG0009481	2	1	1	1	1	1	1	0	8
OG0009482	1	1	1	1	1	1	1	1	8
OG0009483	3	1	0	0	1	1	1	1	8
OG0009484	2	1	0	1	1	1	1	1	8
OG0009485	1	1	1	1	1	1	1	1	8
OG0009486	1	1	1	1	1	1	1	1	8
OG0009487	1	1	1	1	1	1	1	1	8
OG0009488	1	1	1	1	1	0	1	2	8
OG0009489	1	1	1	1	1	1	1	1	8
OG0009490	1	1	1	1	1	1	1	1	8
OG0009491	3	0	0	1	1	1	1	1	8
OG0009492	1	1	1	1	1	1	1	1	8
OG0009493	2	1	1	1	1	1	1	0	8
OG0009494	1	1	1	1	1	1	1	1	8
OG0009495	3	1	1	1	1	1	0	0	8
OG0009496	2	1	0	1	1	1	1	1	8
OG0009497	1	1	1	1	1	1	1	1	8
OG0009498	1	1	1	1	1	1	1	1	8
OG0009499	1	1	1	1	1	1	1	1	8
OG0009500	1	1	1	1	1	1	1	1	8
OG0009501	2	1	1	1	1	1	0	1	8
OG0009502	1	1	1	1	1	1	1	1	8
OG0009503	1	2	1	1	1	1	1	0	8
OG0009504	1	1	1	1	1	1	1	1	8
OG0009505	1	1	1	1	1	1	1	1	8
OG0009506	1	1	1	1	1	1	1	1	8
OG0009507	1	1	1	1	1	1	1	1	8
OG0009508	2	1	1	0	1	1	1	1	8
OG0009509	2	1	1	0	1	2	1	0	8
OG0009510	1	2	1	0	1	1	1	1	8
OG0009511	2	0	1	1	1	1	1	1	8
OG0009512	1	1	1	1	1	1	1	1	8
OG0009513	1	1	1	1	1	1	1	1	8
OG0009514	1	1	1	1	1	1	1	1	8
OG0009515	1	1	1	1	1	1	1	1	8
OG0009516	1	1	1	1	1	1	1	1	8
OG0009517	1	1	1	1	1	1	1	1	8
OG0009518	2	0	1	1	1	1	1	1	8
OG0009519	2	1	0	1	1	1	1	1	8
OG0009520	1	1	1	1	1	1	1	1	8
OG0009521	1	1	1	1	1	1	1	1	8
OG0009522	1	2	0	1	1	1	1	1	8
OG0009523	1	2	1	0	1	1	1	1	8
OG0009524	1	1	1	1	1	1	1	1	8
OG0009525	3	1	1	0	2	1	0	0	8
OG0009526	1	1	1	1	1	1	1	1	8
OG0009527	1	1	1	1	1	1	1	1	8
OG0009528	1	1	1	1	1	1	1	1	8
OG0009529	1	1	1	1	1	1	1	1	8
OG0009530	6	1	0	0	0	1	0	0	8
OG0009531	1	0	1	2	1	1	1	1	8
OG0009532	1	1	1	1	1	1	1	1	8
OG0009533	1	1	1	1	1	1	1	1	8
OG0009534	2	0	1	1	1	1	1	1	8
OG0009535	1	1	1	1	1	1	1	1	8
OG0009536	1	1	1	1	1	1	1	1	8
OG0009537	1	1	1	1	1	1	1	1	8
OG0009538	1	1	1	1	1	1	1	1	8
OG0009539	2	0	1	1	1	1	1	1	8
OG0009540	1	1	1	1	1	1	1	1	8
OG0009541	1	1	1	1	1	1	1	1	8
OG0009542	2	1	0	1	1	1	1	1	8
OG0009543	1	1	1	1	1	1	1	1	8
OG0009544	1	1	3	1	1	1	0	0	8
OG0009545	1	1	1	1	1	1	1	1	8
OG0009546	1	1	1	0	1	2	1	1	8
OG0009547	2	1	1	0	1	1	1	1	8
OG0009548	1	1	1	1	1	1	1	1	8
OG0009549	1	1	1	1	1	1	1	1	8
OG0009550	4	0	1	0	0	0	0	3	8
OG0009551	2	1	1	2	1	1	0	0	8
OG0009552	1	1	1	1	1	1	1	1	8
OG0009553	1	1	1	1	1	1	1	1	8
OG0009554	2	1	1	1	0	1	1	1	8
OG0009555	1	1	1	1	1	1	1	1	8
OG0009556	2	2	1	1	1	1	0	0	8
OG0009557	1	1	0	1	1	2	1	1	8
OG0009558	2	1	1	1	1	1	1	0	8
OG0009559	1	1	1	1	1	1	1	1	8
OG0009560	1	1	1	1	1	1	1	1	8
OG0009561	1	1	1	1	1	1	1	1	8
OG0009562	1	1	1	1	1	1	1	1	8
OG0009563	1	1	1	1	1	1	1	1	8
OG0009564	1	1	1	1	1	1	1	1	8
OG0009565	1	2	1	1	1	1	1	0	8
OG0009566	1	1	1	1	1	1	1	1	8
OG0009567	1	2	0	1	1	1	1	1	8
OG0009568	1	1	1	1	1	1	1	1	8
OG0009569	1	1	1	1	1	1	1	1	8
OG0009570	1	1	1	1	1	1	1	1	8
OG0009571	1	1	0	1	1	2	1	1	8
OG0009572	4	0	0	1	0	1	1	1	8
OG0009573	3	1	1	1	1	0	0	1	8
OG0009574	1	2	0	1	1	1	1	1	8
OG0009575	1	1	1	1	1	1	1	1	8
OG0009576	1	1	1	1	1	1	1	1	8
OG0009577	2	1	1	1	1	0	1	1	8
OG0009578	2	0	1	1	1	1	1	1	8
OG0009579	2	1	0	0	1	2	1	1	8
OG0009580	1	2	1	1	1	1	1	0	8
OG0009581	1	1	1	1	1	1	1	1	8
OG0009582	1	1	1	0	1	1	1	2	8
OG0009583	1	1	1	1	1	1	1	1	8
OG0009584	1	1	1	1	1	1	1	1	8
OG0009585	1	1	1	1	1	1	1	1	8
OG0009586	1	1	1	1	1	1	1	1	8
OG0009587	1	1	1	1	1	1	1	1	8
OG0009588	2	0	1	1	1	1	1	1	8
OG0009589	1	1	1	1	1	1	1	1	8
OG0009590	2	1	0	1	1	1	1	1	8
OG0009591	1	1	1	0	1	1	2	1	8
OG0009592	1	1	0	1	1	1	2	1	8
OG0009593	1	1	1	1	1	1	1	1	8
OG0009594	2	2	0	0	1	1	1	1	8
OG0009595	2	1	1	1	2	1	0	0	8
OG0009596	2	0	1	1	1	1	1	1	8
OG0009597	1	2	1	1	1	1	1	0	8
OG0009598	3	1	0	0	1	1	1	1	8
OG0009599	1	1	1	1	1	1	1	1	8
OG0009600	1	1	1	1	1	1	1	1	8
OG0009601	1	1	1	1	1	1	1	1	8
OG0009602	1	1	2	1	1	1	1	0	8
OG0009603	1	1	1	1	1	1	1	1	8
OG0009604	1	1	1	1	1	1	1	1	8
OG0009605	1	1	1	1	1	1	1	1	8
OG0009606	1	1	1	1	1	1	1	1	8
OG0009607	1	1	1	1	1	1	1	1	8
OG0009608	2	1	1	1	2	1	0	0	8
OG0009609	1	2	0	1	1	1	1	1	8
OG0009610	1	1	1	1	1	1	1	1	8
OG0009611	3	2	0	0	1	2	0	0	8
OG0009612	2	1	1	1	1	1	1	0	8
OG0009613	1	1	1	1	1	1	1	1	8
OG0009614	2	1	1	1	1	0	1	1	8
OG0009615	1	1	1	1	1	1	1	1	8
OG0009616	2	0	1	1	1	1	1	1	8
OG0009617	2	1	1	0	1	2	1	0	8
OG0009618	1	1	1	1	1	1	1	1	8
OG0009619	1	1	1	1	1	1	1	1	8
OG0009620	1	1	1	1	1	1	1	1	8
OG0009621	2	1	1	0	1	1	1	1	8
OG0009622	1	1	1	1	1	1	1	1	8
OG0009623	2	2	1	1	1	1	0	0	8
OG0009624	4	1	1	1	0	0	0	1	8
OG0009625	1	1	1	1	1	1	1	1	8
OG0009626	1	1	1	1	1	1	1	1	8
OG0009627	1	1	1	1	1	1	1	1	8
OG0009628	1	1	1	1	1	1	1	1	8
OG0009629	3	1	1	1	1	1	0	0	8
OG0009630	1	1	0	1	1	1	1	2	8
OG0009631	8	0	0	0	0	0	0	0	8
OG0009632	1	1	1	1	1	1	1	1	8
OG0009633	1	1	1	1	1	1	1	1	8
OG0009634	8	0	0	0	0	0	0	0	8
OG0009635	1	1	1	1	1	1	1	1	8
OG0009636	1	1	1	1	1	1	1	1	8
OG0009637	1	2	0	1	1	1	1	1	8
OG0009638	1	1	2	1	1	1	1	0	8
OG0009639	1	1	1	1	1	1	1	1	8
OG0009640	3	1	1	0	1	0	1	1	8
OG0009641	8	0	0	0	0	0	0	0	8
OG0009642	1	1	1	1	1	1	1	1	8
OG0009643	1	1	1	1	1	1	1	1	8
OG0009644	1	1	0	2	1	1	1	1	8
OG0009645	1	1	1	1	1	1	1	1	8
OG0009646	2	0	1	1	1	1	1	1	8
OG0009647	3	0	1	0	1	1	1	1	8
OG0009648	2	1	0	1	1	1	1	1	8
OG0009649	1	1	1	1	1	1	1	1	8
OG0009650	1	1	1	1	1	1	1	1	8
OG0009651	1	1	1	1	1	1	1	1	8
OG0009652	2	1	0	1	1	1	1	1	8
OG0009653	1	1	1	1	1	1	1	1	8
OG0009654	1	1	1	1	1	1	1	1	8
OG0009655	1	1	1	1	1	1	1	1	8
OG0009656	1	1	1	1	1	1	1	1	8
OG0009657	3	1	0	0	1	1	1	1	8
OG0009658	1	1	1	1	1	1	1	1	8
OG0009659	1	1	1	1	1	1	1	1	8
OG0009660	3	2	1	1	0	1	0	0	8
OG0009661	1	1	1	1	1	1	1	1	8
OG0009662	1	1	1	1	1	1	1	1	8
OG0009663	3	1	0	0	1	1	1	1	8
OG0009664	1	1	1	1	1	1	1	1	8
OG0009665	1	0	1	1	1	1	1	2	8
OG0009666	1	1	1	1	1	1	1	1	8
OG0009667	1	0	1	2	1	1	1	1	8
OG0009668	1	2	1	1	1	1	1	0	8
OG0009669	1	1	1	1	1	1	1	1	8
OG0009670	2	1	1	1	1	0	1	1	8
OG0009671	8	0	0	0	0	0	0	0	8
OG0009672	1	1	1	1	1	1	1	1	8
OG0009673	1	1	1	1	1	1	1	1	8
OG0009674	1	1	1	1	1	1	1	1	8
OG0009675	1	1	1	1	1	1	1	1	8
OG0009676	1	1	1	1	1	1	1	1	8
OG0009677	1	1	1	1	1	1	1	1	8
OG0009678	1	1	1	1	1	1	1	1	8
OG0009679	1	1	1	1	1	1	1	1	8
OG0009680	1	1	1	1	1	1	1	1	8
OG0009681	1	1	1	1	1	1	1	1	8
OG0009682	1	1	1	1	1	1	1	1	8
OG0009683	2	2	0	0	2	1	1	0	8
OG0009684	8	0	0	0	0	0	0	0	8
OG0009685	1	1	1	1	1	1	1	1	8
OG0009686	2	1	0	1	1	1	1	1	8
OG0009687	1	1	1	1	1	1	1	1	8
OG0009688	1	1	1	1	1	1	1	1	8
OG0009689	1	1	1	1	1	1	1	1	8
OG0009690	1	1	1	1	1	1	1	1	8
OG0009691	1	2	1	1	1	1	1	0	8
OG0009692	1	1	1	1	1	1	1	1	8
OG0009693	1	1	1	1	1	1	1	1	8
OG0009694	4	1	1	0	1	1	0	0	8
OG0009695	2	2	0	0	1	1	1	1	8
OG0009696	1	1	1	1	1	1	1	1	8
OG0009697	1	1	1	1	1	1	1	1	8
OG0009698	1	1	1	1	1	1	1	1	8
OG0009699	1	1	1	1	1	1	1	1	8
OG0009700	1	1	1	1	1	1	1	1	8
OG0009701	1	1	1	1	1	1	1	1	8
OG0009702	1	1	1	1	1	1	1	1	8
OG0009703	1	1	1	1	1	1	1	1	8
OG0009704	1	1	1	1	1	1	1	1	8
OG0009705	1	1	1	1	1	1	1	1	8
OG0009706	1	1	1	1	1	1	1	1	8
OG0009707	3	1	0	0	1	1	1	1	8
OG0009708	1	2	1	0	1	1	1	1	8
OG0009709	1	1	1	1	1	1	1	1	8
OG0009710	3	1	0	0	1	1	1	1	8
OG0009711	1	1	1	1	1	1	1	1	8
OG0009712	1	2	0	1	1	1	1	1	8
OG0009713	1	1	1	1	1	1	1	1	8
OG0009714	1	1	1	1	1	1	1	1	8
OG0009715	1	1	1	1	1	1	1	1	8
OG0009716	1	0	1	1	2	1	1	1	8
OG0009717	1	1	1	1	1	1	1	1	8
OG0009718	1	1	1	1	1	1	1	1	8
OG0009719	1	1	1	1	1	1	1	1	8
OG0009720	1	1	1	1	1	1	1	1	8
OG0009721	1	1	1	1	1	1	1	1	8
OG0009722	5	1	0	0	1	1	0	0	8
OG0009723	2	1	2	0	1	2	0	0	8
OG0009724	3	2	1	0	0	2	0	0	8
OG0009725	1	1	1	1	1	1	1	1	8
OG0009726	1	1	1	1	1	1	1	1	8
OG0009727	1	3	1	0	1	1	1	0	8
OG0009728	1	1	1	1	1	1	1	1	8
OG0009729	1	2	0	1	1	0	2	1	8
OG0009730	1	1	1	1	1	1	1	1	8
OG0009731	1	1	1	1	1	1	1	1	8
OG0009732	2	1	1	0	1	1	1	1	8
OG0009733	1	1	1	1	1	1	1	1	8
OG0009734	1	1	1	1	1	1	1	1	8
OG0009735	1	1	1	1	1	1	1	1	8
OG0009736	1	1	1	1	1	1	1	1	8
OG0009737	3	1	1	1	1	1	0	0	8
OG0009738	1	1	1	1	1	1	1	1	8
OG0009739	3	1	1	1	1	1	0	0	8
OG0009740	1	1	1	1	1	1	1	1	8
OG0009741	1	1	1	1	1	1	1	1	8
OG0009742	3	3	0	0	1	1	0	0	8
OG0009743	1	1	1	1	1	1	1	1	8
OG0009744	1	1	1	1	1	1	1	1	8
OG0009745	1	1	1	1	1	1	1	1	8
OG0009746	1	1	2	1	1	1	1	0	8
OG0009747	2	1	1	0	1	1	1	1	8
OG0009748	1	1	1	1	1	1	1	1	8
OG0009749	1	1	1	1	1	1	1	1	8
OG0009750	1	1	1	1	1	1	1	1	8
OG0009751	1	1	1	1	1	1	1	1	8
OG0009752	8	0	0	0	0	0	0	0	8
OG0009753	1	1	1	1	1	1	1	1	8
OG0009754	2	1	1	0	1	1	1	1	8
OG0009755	1	1	1	1	1	1	1	1	8
OG0009756	1	1	1	1	1	1	1	1	8
OG0009757	1	1	1	1	1	1	1	1	8
OG0009758	2	2	1	1	1	1	0	0	8
OG0009759	2	1	0	1	1	1	1	1	8
OG0009760	8	0	0	0	0	0	0	0	8
OG0009761	1	1	2	2	1	1	0	0	8
OG0009762	2	2	0	1	1	1	1	0	8
OG0009763	2	1	1	1	0	1	1	1	8
OG0009764	1	1	1	1	1	1	1	1	8
OG0009765	1	1	1	1	1	1	1	1	8
OG0009766	1	1	1	1	1	1	1	1	8
OG0009767	1	1	0	0	1	3	1	1	8
OG0009768	1	1	1	1	1	1	1	1	8
OG0009769	8	0	0	0	0	0	0	0	8
OG0009770	6	1	0	0	0	1	0	0	8
OG0009771	1	1	1	1	1	1	1	1	8
OG0009772	6	1	0	0	0	1	0	0	8
OG0009773	2	1	0	1	1	1	1	1	8
OG0009774	8	0	0	0	0	0	0	0	8
OG0009775	1	1	1	2	1	1	0	1	8
OG0009776	1	1	1	1	1	1	1	1	8
OG0009777	2	1	1	0	1	1	1	1	8
OG0009778	1	0	0	0	2	3	2	0	8
OG0009779	1	1	1	1	1	1	1	1	8
OG0009780	2	1	0	1	1	1	1	1	8
OG0009781	1	1	1	1	1	1	1	1	8
OG0009782	1	1	1	1	1	1	1	1	8
OG0009783	2	1	1	1	0	1	1	1	8
OG0009784	8	0	0	0	0	0	0	0	8
OG0009785	1	1	1	1	1	1	1	1	8
OG0009786	1	1	1	1	1	1	1	1	8
OG0009787	1	1	1	1	1	1	1	1	8
OG0009788	1	1	1	1	1	1	1	1	8
OG0009789	1	2	1	1	1	1	1	0	8
OG0009790	1	1	2	0	1	1	1	1	8
OG0009791	1	1	1	1	1	1	1	1	8
OG0009792	1	1	1	1	1	1	1	1	8
OG0009793	1	1	1	1	1	1	1	1	8
OG0009794	1	1	1	1	1	1	1	1	8
OG0009795	1	4	0	1	1	1	0	0	8
OG0009796	2	1	0	1	1	1	1	1	8
OG0009797	8	0	0	0	0	0	0	0	8
OG0009798	2	1	1	1	1	1	1	0	8
OG0009799	3	1	1	1	1	1	0	0	8
OG0009800	1	1	1	1	1	1	1	1	8
OG0009801	1	1	1	1	1	1	1	1	8
OG0009802	1	1	1	1	1	1	1	1	8
OG0009803	1	1	1	1	1	1	1	1	8
OG0009804	1	1	1	1	1	1	1	1	8
OG0009805	1	1	1	1	1	1	1	1	8
OG0009806	1	1	1	1	1	1	1	1	8
OG0009807	1	1	1	1	1	1	1	1	8
OG0009808	1	1	1	1	1	1	1	1	8
OG0009809	2	1	1	1	1	1	0	1	8
OG0009810	1	1	1	1	1	1	1	1	8
OG0009811	1	1	1	2	1	1	1	0	8
OG0009812	1	1	1	1	1	1	1	1	8
OG0009813	1	1	1	1	1	1	1	1	8
OG0009814	1	1	1	1	1	1	1	1	8
OG0009815	1	1	1	1	1	1	1	1	8
OG0009816	1	1	1	1	1	1	1	1	8
OG0009817	8	0	0	0	0	0	0	0	8
OG0009818	1	1	1	1	1	1	1	1	8
OG0009819	1	1	1	1	1	1	1	1	8
OG0009820	4	1	0	0	1	1	1	0	8
OG0009821	8	0	0	0	0	0	0	0	8
OG0009822	1	1	1	1	1	1	1	1	8
OG0009823	1	1	1	1	1	1	1	1	8
OG0009824	2	1	1	0	1	1	1	1	8
OG0009825	1	1	1	1	1	1	1	1	8
OG0009826	1	1	1	1	1	1	1	1	8
OG0009827	1	1	1	1	1	1	1	1	8
OG0009828	1	1	1	1	1	1	1	1	8
OG0009829	8	0	0	0	0	0	0	0	8
OG0009830	1	1	1	1	1	1	1	1	8
OG0009831	2	1	2	1	1	1	0	0	8
OG0009832	1	1	1	1	1	1	1	1	8
OG0009833	1	1	1	1	1	1	1	1	8
OG0009834	8	0	0	0	0	0	0	0	8
OG0009835	1	1	1	1	1	1	1	1	8
OG0009836	1	1	1	1	1	1	1	1	8
OG0009837	3	1	0	0	1	1	1	1	8
OG0009838	2	1	0	0	1	1	1	2	8
OG0009839	1	1	1	1	1	1	1	1	8
OG0009840	1	1	1	1	1	1	1	1	8
OG0009841	1	1	1	1	1	1	1	1	8
OG0009842	1	1	1	1	1	1	1	1	8
OG0009843	3	1	0	0	1	1	1	1	8
OG0009844	1	1	1	1	1	1	1	1	8
OG0009845	1	1	1	1	1	1	1	1	8
OG0009846	1	1	1	1	1	1	1	1	8
OG0009847	1	1	1	1	1	1	1	1	8
OG0009848	1	1	1	1	1	1	1	1	8
OG0009849	3	1	0	1	1	1	1	0	8
OG0009850	1	1	1	1	1	1	1	1	8
OG0009851	1	1	1	1	1	1	1	1	8
OG0009852	2	1	1	1	1	1	1	0	8
OG0009853	8	0	0	0	0	0	0	0	8
OG0009854	1	0	1	1	1	1	1	2	8
OG0009855	1	1	1	1	1	1	1	1	8
OG0009856	2	1	1	0	1	1	1	1	8
OG0009857	1	1	1	1	1	1	1	1	8
OG0009858	2	1	0	1	1	1	1	1	8
OG0009859	1	2	1	0	1	1	1	1	8
OG0009860	1	1	1	1	1	1	1	1	8
OG0009861	1	1	1	1	1	1	1	1	8
OG0009862	1	1	1	1	1	1	1	1	8
OG0009863	3	1	1	1	1	1	0	0	8
OG0009864	1	1	1	1	1	1	1	1	8
OG0009865	1	1	1	1	1	1	1	1	8
OG0009866	3	1	1	1	1	0	1	0	8
OG0009867	2	1	1	1	1	1	1	0	8
OG0009868	1	1	1	1	1	1	1	1	8
OG0009869	1	1	1	1	1	1	1	1	8
OG0009870	1	1	1	1	1	1	1	1	8
OG0009871	3	1	0	0	1	1	1	1	8
OG0009872	1	1	1	1	1	1	1	1	8
OG0009873	1	1	1	1	1	1	1	1	8
OG0009874	1	1	1	1	1	1	1	1	8
OG0009875	1	1	1	1	1	1	1	1	8
OG0009876	1	1	1	1	1	1	1	1	8
OG0009877	1	1	1	1	1	1	1	1	8
OG0009878	1	1	1	1	1	1	1	1	8
OG0009879	1	1	1	1	1	1	1	1	8
OG0009880	1	1	1	1	1	1	1	1	8
OG0009881	1	1	1	1	1	1	1	1	8
OG0009882	1	3	0	1	2	1	0	0	8
OG0009883	3	2	0	0	1	1	1	0	8
OG0009884	2	1	0	1	1	1	1	1	8
OG0009885	1	1	1	1	1	1	1	1	8
OG0009886	1	1	1	1	1	1	1	1	8
OG0009887	2	2	1	1	1	1	0	0	8
OG0009888	1	1	1	1	1	1	1	1	8
OG0009889	1	1	1	1	1	1	1	1	8
OG0009890	1	1	1	1	1	1	1	1	8
OG0009891	1	1	1	1	1	1	1	1	8
OG0009892	1	1	1	1	1	1	1	1	8
OG0009893	1	1	1	1	1	1	1	1	8
OG0009894	1	1	1	1	1	1	1	1	8
OG0009895	2	1	1	1	1	0	1	1	8
OG0009896	1	2	1	1	1	0	1	1	8
OG0009897	1	1	1	1	1	1	1	1	8
OG0009898	2	1	1	1	1	1	1	0	8
OG0009899	1	1	1	1	1	1	1	1	8
OG0009900	2	1	1	0	1	2	1	0	8
OG0009901	1	1	1	1	1	1	1	1	8
OG0009902	2	1	1	1	1	1	1	0	8
OG0009903	1	1	1	1	1	1	1	1	8
OG0009904	1	1	1	1	1	1	1	1	8
OG0009905	1	1	1	1	1	1	1	1	8
OG0009906	1	1	1	1	1	1	1	1	8
OG0009907	1	1	1	1	1	1	1	1	8
OG0009908	1	1	1	1	1	1	1	1	8
OG0009909	1	1	1	1	1	1	1	1	8
OG0009910	1	1	1	1	1	1	1	1	8
OG0009911	1	1	1	1	1	1	1	1	8
OG0009912	1	1	1	1	1	1	1	1	8
OG0009913	1	1	1	1	1	1	1	1	8
OG0009914	1	1	1	1	1	1	1	1	8
OG0009915	1	1	1	0	1	1	1	2	8
OG0009916	1	1	1	1	1	1	1	1	8
OG0009917	1	2	1	0	1	1	1	1	8
OG0009918	2	1	0	1	1	1	1	1	8
OG0009919	1	1	1	1	1	1	1	1	8
OG0009920	1	1	1	1	1	1	1	1	8
OG0009921	1	1	1	1	1	1	1	1	8
OG0009922	1	1	1	1	1	1	1	1	8
OG0009923	1	1	1	1	1	1	1	1	8
OG0009924	1	1	1	1	1	1	1	1	8
OG0009925	1	1	1	1	1	1	1	1	8
OG0009926	1	1	1	1	1	1	1	1	8
OG0009927	1	1	1	1	1	1	1	1	8
OG0009928	1	1	1	1	1	1	1	1	8
OG0009929	1	1	1	1	1	1	1	1	8
OG0009930	1	2	0	1	1	1	1	1	8
OG0009931	1	1	1	1	1	1	1	1	8
OG0009932	1	1	1	1	1	1	1	1	8
OG0009933	3	1	0	0	1	1	1	1	8
OG0009934	1	1	1	1	1	1	1	1	8
OG0009935	2	1	1	1	1	0	1	1	8
OG0009936	1	1	1	1	1	1	1	1	8
OG0009937	2	1	1	0	1	1	1	1	8
OG0009938	1	1	1	1	1	1	1	1	8
OG0009939	3	1	0	1	1	1	1	0	8
OG0009940	2	1	1	2	1	1	0	0	8
OG0009941	2	1	0	1	1	1	1	1	8
OG0009942	1	1	1	1	1	1	1	1	8
OG0009943	1	1	1	1	1	1	1	1	8
OG0009944	1	1	1	1	1	1	1	1	8
OG0009945	1	1	1	1	1	1	1	1	8
OG0009946	1	1	1	1	1	1	1	1	8
OG0009947	3	2	1	0	1	1	0	0	8
OG0009948	1	1	1	1	1	1	1	1	8
OG0009949	1	2	0	2	1	1	1	0	8
OG0009950	1	1	1	1	1	1	1	1	8
OG0009951	1	1	1	1	1	1	1	1	8
OG0009952	1	1	1	1	1	1	1	1	8
OG0009953	1	1	1	1	1	1	1	1	8
OG0009954	1	1	1	1	1	1	1	1	8
OG0009955	1	1	1	1	1	1	1	1	8
OG0009956	1	1	1	1	1	1	1	1	8
OG0009957	1	1	1	0	1	1	1	2	8
OG0009958	1	1	1	1	1	1	1	1	8
OG0009959	1	1	1	1	1	1	1	1	8
OG0009960	1	1	1	1	1	1	1	1	8
OG0009961	1	1	1	1	1	1	1	1	8
OG0009962	1	1	1	1	1	1	1	1	8
OG0009963	1	1	1	1	1	1	1	1	8
OG0009964	1	1	1	1	1	1	1	1	8
OG0009965	1	1	1	1	1	1	1	1	8
OG0009966	1	1	1	1	1	1	1	1	8
OG0009967	4	1	0	0	1	1	1	0	8
OG0009968	1	1	1	1	1	1	1	1	8
OG0009969	1	1	1	1	1	1	1	1	8
OG0009970	2	1	1	1	1	1	1	0	8
OG0009971	1	1	1	1	1	1	1	1	8
OG0009972	2	1	1	1	1	1	1	0	8
OG0009973	1	1	1	1	1	1	1	1	8
OG0009974	1	1	1	1	1	1	1	1	8
OG0009975	1	1	1	1	1	1	1	1	8
OG0009976	4	1	1	1	0	0	0	1	8
OG0009977	2	1	1	0	1	1	1	1	8
OG0009978	3	1	0	0	1	1	1	1	8
OG0009979	2	1	0	1	1	1	1	1	8
OG0009980	2	1	0	1	1	1	1	1	8
OG0009981	1	1	1	1	1	1	1	1	8
OG0009982	1	1	1	1	1	1	1	1	8
OG0009983	1	1	1	1	1	1	1	1	8
OG0009984	1	1	1	1	1	1	1	1	8
OG0009985	1	1	1	1	1	1	1	1	8
OG0009986	1	1	1	1	1	1	1	1	8
OG0009987	1	1	1	1	1	1	1	1	8
OG0009988	1	1	1	1	1	1	1	1	8
OG0009989	2	1	1	1	1	1	1	0	8
OG0009990	2	0	1	1	1	1	1	1	8
OG0009991	1	1	1	1	1	1	1	1	8
OG0009992	1	1	1	1	1	1	1	1	8
OG0009993	1	1	1	1	1	1	1	1	8
OG0009994	1	1	1	1	1	1	1	1	8
OG0009995	1	1	1	1	1	1	1	1	8
OG0009996	1	1	1	1	1	1	1	1	8
OG0009997	1	1	1	0	1	1	1	2	8
OG0009998	1	1	1	1	1	1	1	1	8
OG0009999	1	1	1	1	1	1	1	1	8
OG0010000	1	1	1	1	1	1	1	1	8
OG0010001	1	1	1	1	1	1	1	1	8
OG0010002	1	1	1	1	1	1	1	1	8
OG0010003	1	1	1	1	1	1	1	1	8
OG0010004	1	1	1	1	1	1	1	1	8
OG0010005	1	1	1	1	1	1	1	1	8
OG0010006	1	1	1	1	1	1	1	1	8
OG0010007	1	1	1	0	1	1	1	2	8
OG0010008	1	0	0	0	1	0	6	0	8
OG0010009	1	1	1	1	1	1	1	1	8
OG0010010	1	1	1	1	1	1	1	1	8
OG0010011	4	1	1	0	1	1	0	0	8
OG0010012	1	2	0	1	1	1	1	1	8
OG0010013	2	1	1	1	0	1	1	1	8
OG0010014	1	1	1	1	1	1	1	1	8
OG0010015	8	0	0	0	0	0	0	0	8
OG0010016	1	1	1	1	1	1	1	1	8
OG0010017	2	1	1	0	1	1	1	1	8
OG0010018	1	1	1	1	1	1	1	1	8
OG0010019	1	1	1	0	1	1	1	2	8
OG0010020	1	1	0	1	1	2	1	1	8
OG0010021	1	1	0	1	2	1	1	1	8
OG0010022	2	1	0	2	1	0	1	1	8
OG0010023	1	1	1	1	1	1	1	1	8
OG0010024	1	1	1	1	1	1	1	1	8
OG0010025	8	0	0	0	0	0	0	0	8
OG0010026	1	1	1	1	1	1	1	1	8
OG0010027	1	1	1	1	1	1	1	1	8
OG0010028	1	1	1	1	1	1	1	1	8
OG0010029	1	1	1	1	1	1	1	1	8
OG0010030	1	2	1	0	1	1	1	1	8
OG0010031	3	1	1	1	1	1	0	0	8
OG0010032	1	1	1	1	1	1	1	1	8
OG0010033	1	1	1	1	1	1	1	1	8
OG0010034	1	1	1	1	1	1	1	1	8
OG0010035	2	1	1	0	1	1	1	1	8
OG0010036	1	1	1	1	1	1	1	1	8
OG0010037	8	0	0	0	0	0	0	0	8
OG0010038	1	1	1	1	1	1	1	1	8
OG0010039	6	2	0	0	0	0	0	0	8
OG0010040	1	1	1	1	1	1	1	1	8
OG0010041	1	1	1	1	1	1	1	1	8
OG0010042	1	1	1	1	1	1	1	1	8
OG0010043	2	2	0	1	1	1	1	0	8
OG0010044	1	1	1	1	1	1	1	1	8
OG0010045	1	1	1	1	1	1	1	1	8
OG0010046	1	1	1	1	1	1	1	1	8
OG0010047	1	1	1	1	1	1	1	1	8
OG0010048	1	1	1	1	1	1	0	2	8
OG0010049	1	1	1	1	1	1	1	1	8
OG0010050	1	1	1	1	1	1	1	1	8
OG0010051	1	1	1	1	1	1	1	1	8
OG0010052	1	1	1	1	1	1	1	1	8
OG0010053	1	1	1	1	1	1	1	1	8
OG0010054	2	1	0	1	1	1	1	1	8
OG0010055	1	1	1	1	1	1	1	1	8
OG0010056	1	1	1	1	1	1	1	1	8
OG0010057	1	1	2	1	1	1	1	0	8
OG0010058	1	1	1	1	1	1	1	1	8
OG0010059	1	1	1	1	1	1	1	1	8
OG0010060	1	1	1	1	1	1	1	1	8
OG0010061	2	1	0	1	1	1	1	1	8
OG0010062	1	1	1	1	1	1	1	1	8
OG0010063	1	1	1	1	1	1	1	1	8
OG0010064	1	1	1	1	1	1	1	1	8
OG0010065	1	1	1	1	1	1	1	1	8
OG0010066	1	1	1	1	1	1	1	1	8
OG0010067	1	1	1	1	1	1	1	1	8
OG0010068	1	1	1	1	1	1	1	1	8
OG0010069	1	1	1	1	1	1	1	1	8
OG0010070	2	1	1	0	1	1	1	1	8
OG0010071	6	1	0	0	0	1	0	0	8
OG0010072	1	1	1	1	1	1	1	1	8
OG0010073	1	1	1	1	1	1	1	1	8
OG0010074	1	7	0	0	0	0	0	0	8
OG0010075	1	1	1	1	1	1	1	1	8
OG0010076	1	1	1	1	1	1	1	1	8
OG0010077	1	1	1	1	1	1	1	1	8
OG0010078	1	1	1	1	1	1	1	1	8
OG0010079	2	1	1	0	1	1	1	1	8
OG0010080	1	1	1	1	1	1	1	1	8
OG0010081	1	1	1	1	1	1	1	1	8
OG0010082	1	1	1	1	1	1	1	1	8
OG0010083	1	1	1	1	1	1	1	1	8
OG0010084	8	0	0	0	0	0	0	0	8
OG0010085	1	1	1	1	1	1	1	1	8
OG0010086	1	1	1	1	1	1	1	1	8
OG0010087	8	0	0	0	0	0	0	0	8
OG0010088	1	1	1	1	1	1	1	1	8
OG0010089	8	0	0	0	0	0	0	0	8
OG0010090	1	1	1	1	1	1	1	1	8
OG0010091	2	2	1	0	1	1	1	0	8
OG0010092	1	1	1	1	1	1	1	1	8
OG0010093	1	1	1	0	1	1	1	2	8
OG0010094	1	1	1	1	1	1	1	1	8
OG0010095	1	1	1	1	1	1	1	1	8
OG0010096	1	1	1	1	1	1	1	1	8
OG0010097	1	1	1	1	1	1	1	1	8
OG0010098	1	1	1	1	1	1	1	1	8
OG0010099	1	2	0	1	1	1	1	1	8
OG0010100	1	1	1	1	1	1	1	1	8
OG0010101	1	1	1	1	1	1	1	1	8
OG0010102	2	1	0	1	1	1	1	1	8
OG0010103	1	1	1	1	1	1	1	1	8
OG0010104	1	1	1	1	1	1	1	1	8
OG0010105	1	1	1	1	1	1	1	1	8
OG0010106	1	1	1	1	1	1	1	1	8
OG0010107	2	0	1	1	1	1	1	1	8
OG0010108	1	1	2	1	1	1	1	0	8
OG0010109	2	1	1	0	1	1	1	1	8
OG0010110	1	1	1	1	1	1	1	1	8
OG0010111	1	1	1	1	1	1	1	1	8
OG0010112	1	1	1	1	1	1	1	1	8
OG0010113	1	1	1	1	1	1	1	1	8
OG0010114	1	1	1	1	1	1	1	1	8
OG0010115	3	1	3	1	0	0	0	0	8
OG0010116	1	1	1	1	1	1	1	1	8
OG0010117	1	1	1	1	1	1	1	1	8
OG0010118	2	1	0	1	1	1	1	1	8
OG0010119	1	1	1	1	1	1	1	1	8
OG0010120	1	1	1	1	1	1	1	1	8
OG0010121	1	1	1	1	1	1	1	1	8
OG0010122	1	1	1	1	1	1	1	1	8
OG0010123	1	1	2	0	1	1	1	1	8
OG0010124	1	1	1	1	1	1	1	1	8
OG0010125	1	1	1	1	1	1	1	1	8
OG0010126	2	1	1	0	1	1	1	1	8
OG0010127	1	1	1	1	1	1	1	1	8
OG0010128	1	1	1	1	1	1	1	1	8
OG0010129	1	1	1	1	1	1	1	1	8
OG0010130	1	1	1	1	1	2	1	0	8
OG0010131	1	1	1	1	1	1	1	1	8
OG0010132	1	1	1	1	1	1	1	1	8
OG0010133	1	1	1	1	1	1	1	1	8
OG0010134	1	1	1	1	1	1	1	1	8
OG0010135	1	1	1	1	1	1	1	1	8
OG0010136	1	1	1	1	1	1	1	1	8
OG0010137	2	1	0	1	1	1	1	1	8
OG0010138	2	1	0	1	1	1	1	1	8
OG0010139	2	1	1	1	1	1	1	0	8
OG0010140	1	1	1	1	1	1	1	1	8
OG0010141	1	1	1	1	1	1	1	1	8
OG0010142	1	1	0	0	1	1	1	3	8
OG0010143	1	1	1	1	1	1	1	1	8
OG0010144	1	2	2	0	1	1	1	0	8
OG0010145	1	1	1	1	1	1	1	1	8
OG0010146	2	1	1	0	1	1	1	1	8
OG0010147	1	1	3	1	1	1	0	0	8
OG0010148	2	1	1	2	1	1	0	0	8
OG0010149	1	1	1	1	1	1	1	1	8
OG0010150	1	1	1	1	1	1	1	1	8
OG0010151	1	1	1	1	1	1	1	1	8
OG0010152	1	1	1	1	1	1	1	1	8
OG0010153	1	1	1	1	1	1	1	1	8
OG0010154	1	1	1	1	1	1	1	1	8
OG0010155	1	2	0	1	1	1	1	1	8
OG0010156	1	1	1	1	1	1	1	1	8
OG0010157	1	1	1	1	1	1	1	1	8
OG0010158	3	1	1	1	1	1	0	0	8
OG0010159	1	1	1	1	1	1	1	1	8
OG0010160	1	1	1	1	1	1	1	1	8
OG0010161	1	1	1	1	1	1	1	1	8
OG0010162	1	1	1	1	1	1	1	1	8
OG0010163	2	0	1	0	1	2	1	1	8
OG0010164	1	1	1	1	1	1	1	1	8
OG0010165	1	1	1	1	1	1	1	1	8
OG0010166	2	0	1	1	1	1	1	1	8
OG0010167	1	1	1	1	1	1	1	1	8
OG0010168	1	1	1	1	1	1	1	1	8
OG0010169	1	1	1	1	1	1	1	1	8
OG0010170	1	1	1	1	1	1	1	1	8
OG0010171	3	4	0	0	0	1	0	0	8
OG0010172	1	1	1	1	1	1	1	1	8
OG0010173	3	1	1	0	1	1	1	0	8
OG0010174	1	1	1	1	1	1	1	1	8
OG0010175	1	2	0	0	1	2	2	0	8
OG0010176	1	1	1	1	1	1	1	1	8
OG0010177	1	1	1	1	1	1	1	1	8
OG0010178	1	1	1	1	1	1	1	1	8
OG0010179	1	1	1	1	1	1	1	1	8
OG0010180	3	2	1	0	1	1	0	0	8
OG0010181	1	0	1	1	1	1	1	2	8
OG0010182	1	1	1	1	1	1	1	1	8
OG0010183	1	1	1	1	1	1	1	1	8
OG0010184	1	1	1	1	1	1	1	1	8
OG0010185	1	1	1	1	1	1	1	1	8
OG0010186	1	1	1	1	1	1	1	1	8
OG0010187	5	1	0	0	0	2	0	0	8
OG0010188	8	0	0	0	0	0	0	0	8
OG0010189	2	1	1	0	1	1	1	1	8
OG0010190	1	1	1	1	1	1	1	1	8
OG0010191	1	1	1	1	1	1	1	1	8
OG0010192	1	1	1	1	1	1	1	1	8
OG0010193	1	1	1	1	1	1	1	1	8
OG0010194	1	1	1	1	1	1	1	1	8
OG0010195	1	1	1	1	1	1	1	1	8
OG0010196	8	0	0	0	0	0	0	0	8
OG0010197	1	1	1	1	1	1	1	1	8
OG0010198	1	1	1	1	1	1	1	1	8
OG0010199	1	1	1	1	1	1	1	1	8
OG0010200	1	1	1	1	1	1	1	1	8
OG0010201	1	1	1	1	1	1	1	1	8
OG0010202	2	1	1	0	1	1	1	1	8
OG0010203	1	1	1	1	1	1	1	1	8
OG0010204	1	1	1	1	1	1	1	1	8
OG0010205	1	1	1	1	1	1	1	1	8
OG0010206	1	1	1	1	1	1	1	1	8
OG0010207	1	1	1	1	1	1	1	1	8
OG0010208	1	1	1	1	1	1	1	1	8
OG0010209	8	0	0	0	0	0	0	0	8
OG0010210	1	1	1	1	1	1	1	1	8
OG0010211	2	1	0	1	1	1	1	1	8
OG0010212	1	1	1	1	1	1	1	1	8
OG0010213	1	1	2	2	1	1	0	0	8
OG0010214	1	1	1	1	1	1	1	1	8
OG0010215	1	1	1	1	1	1	1	1	8
OG0010216	1	1	1	1	1	1	1	1	8
OG0010217	1	1	1	1	1	1	1	1	8
OG0010218	2	0	1	1	1	1	1	1	8
OG0010219	1	2	0	1	1	1	1	1	8
OG0010220	2	1	1	1	1	1	1	0	8
OG0010221	1	1	1	1	1	1	1	1	8
OG0010222	1	1	1	1	1	3	0	0	8
OG0010223	1	1	1	1	1	1	1	1	8
OG0010224	1	1	1	1	1	1	1	1	8
OG0010225	8	0	0	0	0	0	0	0	8
OG0010226	1	1	1	1	1	1	1	1	8
OG0010227	1	1	1	1	1	1	1	1	8
OG0010228	2	2	0	0	1	1	1	1	8
OG0010229	1	1	1	1	1	1	1	1	8
OG0010230	1	1	1	1	1	1	1	1	8
OG0010231	1	1	1	0	2	1	1	1	8
OG0010232	1	1	1	1	1	1	1	1	8
OG0010233	1	1	1	1	1	1	1	1	8
OG0010234	1	1	1	1	1	1	1	1	8
OG0010235	2	1	1	0	1	1	1	1	8
OG0010236	1	2	1	0	1	1	1	1	8
OG0010237	1	1	1	1	1	1	1	1	8
OG0010238	1	1	1	1	1	1	1	1	8
OG0010239	3	1	1	0	1	1	1	0	8
OG0010240	1	1	1	1	1	1	1	1	8
OG0010241	1	1	1	1	1	1	1	1	8
OG0010242	4	2	1	0	0	1	0	0	8
OG0010243	2	1	1	1	1	1	1	0	8
OG0010244	1	1	1	1	1	1	1	1	8
OG0010245	1	1	1	1	1	1	1	1	8
OG0010246	1	1	1	1	1	1	1	1	8
OG0010247	1	1	1	1	1	1	1	1	8
OG0010248	1	1	1	1	1	1	1	1	8
OG0010249	1	1	1	1	1	1	1	1	8
OG0010250	1	1	2	0	1	1	1	1	8
OG0010251	2	1	1	1	1	0	1	1	8
OG0010252	2	1	1	0	1	1	1	1	8
OG0010253	1	1	1	0	0	2	0	3	8
OG0010254	1	1	1	1	1	1	1	1	8
OG0010255	1	1	1	1	1	0	1	2	8
OG0010256	1	1	1	1	1	1	1	1	8
OG0010257	1	1	1	1	1	1	1	1	8
OG0010258	1	1	1	1	1	1	1	1	8
OG0010259	1	1	1	1	1	1	1	1	8
OG0010260	1	1	2	0	1	1	1	1	8
OG0010261	1	2	1	0	1	1	1	1	8
OG0010262	7	1	0	0	0	0	0	0	8
OG0010263	3	1	0	0	1	1	1	1	8
OG0010264	1	1	1	1	1	1	1	1	8
OG0010265	1	1	1	1	1	1	1	1	8
OG0010266	1	1	1	1	1	1	1	1	8
OG0010267	1	1	1	1	1	1	1	1	8
OG0010268	1	1	1	1	1	1	1	1	8
OG0010269	2	1	1	0	1	1	1	1	8
OG0010270	1	1	1	1	1	1	1	1	8
OG0010271	1	1	1	1	1	1	1	1	8
OG0010272	1	1	1	1	1	1	1	1	8
OG0010273	1	1	1	1	1	1	1	1	8
OG0010274	1	1	1	1	1	1	1	1	8
OG0010275	1	1	1	1	1	1	1	1	8
OG0010276	1	1	1	1	1	1	1	1	8
OG0010277	1	1	1	1	1	1	1	1	8
OG0010278	1	2	0	1	1	1	1	1	8
OG0010279	1	1	1	1	1	1	1	1	8
OG0010280	1	1	1	1	1	1	1	1	8
OG0010281	1	1	1	1	1	1	1	1	8
OG0010282	1	1	1	1	1	1	1	1	8
OG0010283	3	1	0	1	1	1	1	0	8
OG0010284	3	1	0	0	1	1	1	1	8
OG0010285	1	1	1	1	1	1	1	1	8
OG0010286	1	1	1	1	1	1	1	1	8
OG0010287	1	1	1	1	1	1	1	1	8
OG0010288	1	1	1	1	1	1	1	1	8
OG0010289	1	1	1	1	1	1	1	1	8
OG0010290	1	1	1	1	1	1	1	1	8
OG0010291	1	1	1	1	1	1	1	1	8
OG0010292	1	1	1	1	1	1	1	1	8
OG0010293	1	1	1	1	1	1	1	1	8
OG0010294	1	1	0	1	1	1	1	2	8
OG0010295	1	1	1	1	1	1	1	1	8
OG0010296	1	1	1	1	1	1	1	1	8
OG0010297	1	1	0	1	1	1	1	2	8
OG0010298	2	1	0	1	1	1	1	1	8
OG0010299	2	1	0	1	1	1	1	1	8
OG0010300	1	1	1	1	1	1	1	1	8
OG0010301	1	1	0	2	1	1	1	1	8
OG0010302	1	1	1	1	1	1	1	1	8
OG0010303	1	1	1	1	1	1	1	1	8
OG0010304	1	1	1	1	1	1	1	1	8
OG0010305	1	1	1	1	1	1	1	1	8
OG0010306	1	1	1	1	1	1	1	1	8
OG0010307	1	1	1	1	1	1	1	1	8
OG0010308	1	1	1	1	1	1	1	1	8
OG0010309	1	1	1	1	1	1	1	1	8
OG0010310	1	1	1	1	1	1	1	1	8
OG0010311	1	1	1	1	1	1	1	1	8
OG0010312	1	1	1	1	1	1	1	1	8
OG0010313	1	2	1	1	1	1	1	0	8
OG0010314	2	1	1	1	1	1	1	0	8
OG0010315	1	1	1	1	1	1	1	1	8
OG0010316	1	1	1	1	1	1	1	1	8
OG0010317	2	1	1	0	1	1	1	1	8
OG0010318	2	2	0	0	2	1	1	0	8
OG0010319	1	1	1	1	1	1	1	1	8
OG0010320	1	2	1	1	1	0	1	1	8
OG0010321	1	1	1	1	1	1	1	1	8
OG0010322	1	1	1	1	1	1	1	1	8
OG0010323	3	1	0	0	1	2	1	0	8
OG0010324	1	1	1	1	1	1	1	1	8
OG0010325	1	1	1	1	1	1	1	1	8
OG0010326	2	1	1	1	1	1	1	0	8
OG0010327	1	1	1	1	1	1	1	1	8
OG0010328	1	1	1	1	1	1	1	1	8
OG0010329	1	1	1	1	1	1	1	1	8
OG0010330	1	1	1	0	1	2	1	1	8
OG0010331	1	1	1	1	1	1	1	1	8
OG0010332	1	1	0	0	2	2	2	0	8
OG0010333	1	1	1	1	1	1	1	1	8
OG0010334	2	3	1	1	0	1	0	0	8
OG0010335	2	1	0	1	1	1	1	1	8
OG0010336	1	1	1	1	1	1	1	1	8
OG0010337	2	3	1	0	0	1	1	0	8
OG0010338	1	1	1	1	1	1	1	1	8
OG0010339	1	1	1	1	1	1	1	1	8
OG0010340	1	1	1	1	1	1	1	1	8
OG0010341	1	1	1	1	1	1	1	1	8
OG0010342	1	1	1	1	1	1	1	1	8
OG0010343	7	1	0	0	0	0	0	0	8
OG0010344	1	1	1	1	1	1	1	1	8
OG0010345	1	1	1	1	1	1	1	1	8
OG0010346	1	1	1	1	1	1	1	1	8
OG0010347	2	1	2	0	1	1	1	0	8
OG0010348	8	0	0	0	0	0	0	0	8
OG0010349	1	1	1	1	2	1	1	0	8
OG0010350	1	1	1	1	1	1	1	1	8
OG0010351	2	1	1	0	1	1	1	1	8
OG0010352	1	1	1	1	1	1	1	1	8
OG0010353	1	1	1	1	1	1	1	1	8
OG0010354	8	0	0	0	0	0	0	0	8
OG0010355	1	2	1	0	1	1	1	1	8
OG0010356	1	1	1	1	1	1	1	1	8
OG0010357	1	1	1	1	1	1	1	1	8
OG0010358	1	1	1	1	1	1	1	1	8
OG0010359	1	1	1	1	1	1	1	1	8
OG0010360	2	0	0	1	1	1	1	2	8
OG0010361	3	1	1	1	1	1	0	0	8
OG0010362	1	1	1	1	1	1	1	1	8
OG0010363	1	1	1	1	1	1	1	1	8
OG0010364	1	1	1	1	1	1	1	1	8
OG0010365	1	1	1	1	1	1	1	1	8
OG0010366	1	1	1	1	1	1	1	1	8
OG0010367	1	1	1	1	1	1	1	1	8
OG0010368	1	1	1	1	1	1	1	1	8
OG0010369	2	2	1	1	1	1	0	0	8
OG0010370	2	1	0	1	1	1	1	1	8
OG0010371	2	1	0	1	1	1	1	1	8
OG0010372	1	1	1	1	1	1	1	1	8
OG0010373	1	1	1	1	1	1	1	1	8
OG0010374	3	1	1	0	0	1	1	1	8
OG0010375	8	0	0	0	0	0	0	0	8
OG0010376	2	1	1	0	1	1	1	1	8
OG0010377	1	1	1	1	1	1	1	1	8
OG0010378	2	1	1	0	1	1	1	1	8
OG0010379	1	1	1	1	1	1	1	1	8
OG0010380	1	1	1	1	1	1	1	1	8
OG0010381	2	1	0	1	1	1	1	1	8
OG0010382	8	0	0	0	0	0	0	0	8
OG0010383	1	1	1	1	1	1	1	1	8
OG0010384	8	0	0	0	0	0	0	0	8
OG0010385	1	1	1	1	1	1	1	1	8
OG0010386	1	1	1	1	1	1	1	1	8
OG0010387	1	1	1	1	1	1	1	1	8
OG0010388	1	1	0	1	1	2	1	1	8
OG0010389	1	1	1	1	1	1	1	1	8
OG0010390	1	1	1	1	1	1	1	1	8
OG0010391	1	1	1	1	1	1	1	1	8
OG0010392	1	1	1	1	1	1	1	1	8
OG0010393	1	1	1	1	1	1	1	1	8
OG0010394	2	3	0	0	1	1	1	0	8
OG0010395	1	2	0	1	1	1	1	1	8
OG0010396	1	1	1	1	1	1	1	1	8
OG0010397	1	1	1	1	1	1	1	1	8
OG0010398	1	1	1	1	1	1	1	1	8
OG0010399	1	1	1	1	1	1	1	1	8
OG0010400	1	1	1	1	1	1	1	1	8
OG0010401	1	1	1	1	1	1	1	1	8
OG0010402	1	1	1	1	1	1	1	1	8
OG0010403	1	1	1	1	1	1	1	1	8
OG0010404	1	1	1	1	1	1	1	1	8
OG0010405	1	1	1	1	1	1	1	1	8
OG0010406	1	1	1	1	1	1	1	1	8
OG0010407	1	1	1	1	1	1	1	1	8
OG0010408	1	1	2	1	1	1	1	0	8
OG0010409	1	1	1	1	1	1	1	1	8
OG0010410	1	1	1	1	1	1	1	1	8
OG0010411	1	1	1	1	1	1	1	1	8
OG0010412	2	1	0	1	1	1	1	1	8
OG0010413	1	1	1	1	1	1	1	1	8
OG0010414	1	1	2	1	1	1	1	0	8
OG0010415	1	1	1	1	1	1	1	1	8
OG0010416	1	1	1	1	1	1	1	1	8
OG0010417	1	1	2	0	1	2	1	0	8
OG0010418	1	1	1	1	1	1	1	1	8
OG0010419	1	1	1	1	1	1	1	1	8
OG0010420	2	1	0	1	1	1	1	1	8
OG0010421	1	1	1	1	1	1	1	1	8
OG0010422	1	1	2	0	1	1	1	1	8
OG0010423	1	1	1	1	1	1	1	1	8
OG0010424	1	1	1	1	1	1	1	1	8
OG0010425	1	1	1	1	1	1	1	1	8
OG0010426	2	1	1	0	1	1	1	1	8
OG0010427	1	1	1	1	1	1	1	1	8
OG0010428	1	1	1	1	1	1	1	1	8
OG0010429	3	1	0	1	1	1	1	0	8
OG0010430	1	1	1	1	1	1	1	1	8
OG0010431	1	1	1	1	1	1	1	1	8
OG0010432	2	0	1	1	1	1	1	1	8
OG0010433	1	1	1	1	1	1	1	1	8
OG0010434	1	1	1	1	1	1	1	1	8
OG0010435	8	0	0	0	0	0	0	0	8
OG0010436	1	1	1	1	1	1	1	1	8
OG0010437	2	1	1	0	1	1	1	1	8
OG0010438	1	1	1	1	1	1	1	1	8
OG0010439	1	1	1	1	1	1	1	1	8
OG0010440	1	1	1	1	1	1	1	1	8
OG0010441	1	1	1	1	1	1	1	1	8
OG0010442	2	1	1	0	1	1	1	1	8
OG0010443	2	1	0	1	1	1	1	1	8
OG0010444	1	1	1	1	1	1	1	1	8
OG0010445	1	1	1	1	1	1	1	1	8
OG0010446	1	1	1	1	1	1	1	1	8
OG0010447	2	1	0	1	1	1	1	1	8
OG0010448	2	1	1	1	1	1	1	0	8
OG0010449	8	0	0	0	0	0	0	0	8
OG0010450	1	1	1	1	1	1	1	1	8
OG0010451	2	1	1	1	1	1	1	0	8
OG0010452	1	1	1	1	1	1	1	1	8
OG0010453	1	1	1	1	1	1	1	1	8
OG0010454	1	1	1	1	1	1	1	1	8
OG0010455	1	1	1	1	1	1	1	1	8
OG0010456	1	1	1	1	1	1	1	1	8
OG0010457	1	1	1	1	1	1	1	1	8
OG0010458	1	1	1	1	1	1	1	1	8
OG0010459	1	1	1	1	1	1	1	1	8
OG0010460	1	1	1	1	1	1	1	1	8
OG0010461	1	1	1	1	1	1	1	1	8
OG0010462	1	1	1	1	1	1	1	1	8
OG0010463	1	1	1	1	1	1	1	1	8
OG0010464	1	1	1	1	1	1	1	1	8
OG0010465	2	1	0	1	1	1	1	1	8
OG0010466	8	0	0	0	0	0	0	0	8
OG0010467	1	1	1	1	1	1	1	1	8
OG0010468	1	1	1	1	1	1	1	1	8
OG0010469	1	1	1	1	1	1	1	1	8
OG0010470	1	1	1	1	1	1	1	1	8
OG0010471	1	1	1	1	1	1	1	1	8
OG0010472	2	2	1	1	1	1	0	0	8
OG0010473	1	1	1	1	1	1	1	1	8
OG0010474	2	1	1	0	1	1	1	1	8
OG0010475	1	1	1	1	1	1	1	1	8
OG0010476	1	1	1	1	1	1	1	1	8
OG0010477	1	1	1	1	1	1	1	1	8
OG0010478	1	1	1	1	1	1	1	1	8
OG0010479	1	1	1	1	1	1	1	1	8
OG0010480	1	1	1	1	1	1	1	1	8
OG0010481	1	1	1	1	1	1	1	1	8
OG0010482	1	1	1	1	1	1	1	1	8
OG0010483	1	1	0	1	1	2	1	1	8
OG0010484	1	1	0	1	1	1	1	2	8
OG0010485	1	1	1	1	1	1	1	1	8
OG0010486	1	1	1	1	1	1	1	1	8
OG0010487	1	1	1	1	1	1	1	1	8
OG0010488	1	1	1	1	1	1	1	1	8
OG0010489	1	1	1	1	1	1	1	1	8
OG0010490	1	1	1	1	1	1	1	1	8
OG0010491	1	1	1	1	1	1	1	1	8
OG0010492	1	1	1	1	1	1	1	1	8
OG0010493	2	1	1	0	1	1	1	1	8
OG0010494	2	1	1	1	1	0	1	1	8
OG0010495	3	1	1	0	1	1	1	0	8
OG0010496	1	1	1	1	1	1	1	1	8
OG0010497	1	2	1	0	1	1	1	1	8
OG0010498	1	1	1	1	1	1	1	1	8
OG0010499	1	1	1	1	1	1	1	1	8
OG0010500	1	1	1	1	1	1	1	1	8
OG0010501	1	1	1	1	1	1	1	1	8
OG0010502	1	1	1	1	1	1	1	1	8
OG0010503	1	1	1	1	1	1	1	1	8
OG0010504	1	1	1	1	1	1	1	1	8
OG0010505	1	1	1	1	1	1	1	1	8
OG0010506	1	1	1	1	1	1	1	1	8
OG0010507	1	1	1	1	1	1	1	1	8
OG0010508	1	1	2	1	1	0	1	1	8
OG0010509	1	1	1	1	1	1	1	1	8
OG0010510	1	1	1	1	1	1	1	1	8
OG0010511	1	1	1	1	1	1	1	1	8
OG0010512	1	4	1	0	0	2	0	0	8
OG0010513	1	1	1	1	1	1	1	1	8
OG0010514	1	1	1	1	1	1	1	1	8
OG0010515	1	1	1	1	1	1	1	1	8
OG0010516	1	1	1	1	1	1	1	1	8
OG0010517	1	1	1	1	1	1	1	1	8
OG0010518	2	1	0	1	1	1	1	1	8
OG0010519	1	0	1	2	1	1	1	1	8
OG0010520	1	1	1	1	1	1	1	1	8
OG0010521	4	1	0	1	1	1	0	0	8
OG0010522	1	1	1	1	1	1	1	1	8
OG0010523	1	1	1	1	1	1	1	1	8
OG0010524	1	1	1	1	1	1	1	1	8
OG0010525	1	1	1	1	1	1	1	1	8
OG0010526	2	1	1	1	1	0	1	1	8
OG0010527	1	1	1	1	1	1	1	1	8
OG0010528	2	1	2	0	1	0	1	1	8
OG0010529	1	1	1	1	1	1	1	1	8
OG0010530	1	1	1	1	1	1	1	1	8
OG0010531	1	1	1	1	1	1	1	1	8
OG0010532	1	1	1	1	1	1	1	1	8
OG0010533	1	1	1	1	1	1	1	1	8
OG0010534	3	3	1	1	0	0	0	0	8
OG0010535	1	1	1	1	1	1	1	1	8
OG0010536	1	1	1	1	1	1	1	1	8
OG0010537	1	1	1	2	1	1	1	0	8
OG0010538	2	1	1	1	1	1	1	0	8
OG0010539	1	1	1	1	1	1	1	1	8
OG0010540	1	1	1	1	1	1	1	1	8
OG0010541	1	1	1	1	1	1	1	1	8
OG0010542	1	0	1	1	1	1	1	2	8
OG0010543	1	1	1	1	1	1	1	1	8
OG0010544	1	1	1	1	1	1	1	1	8
OG0010545	2	1	0	0	1	1	2	1	8
OG0010546	1	1	1	1	1	1	1	1	8
OG0010547	1	1	1	1	1	1	1	1	8
OG0010548	8	0	0	0	0	0	0	0	8
OG0010549	1	1	1	1	1	1	1	1	8
OG0010550	5	2	0	0	0	1	0	0	8
OG0010551	1	1	1	1	1	1	1	1	8
OG0010552	2	1	1	1	1	1	1	0	8
OG0010553	1	1	1	1	1	1	1	1	8
OG0010554	1	1	1	1	1	1	1	1	8
OG0010555	1	1	1	1	1	1	1	1	8
OG0010556	2	1	1	1	1	1	0	1	8
OG0010557	1	1	1	1	1	1	1	1	8
OG0010558	1	1	1	1	1	1	1	1	8
OG0010559	1	2	0	1	1	1	1	1	8
OG0010560	1	1	1	1	1	1	1	1	8
OG0010561	1	1	1	1	1	1	1	1	8
OG0010562	1	1	1	1	1	1	1	1	8
OG0010563	1	1	1	0	1	1	1	2	8
OG0010564	1	1	1	1	1	1	1	1	8
OG0010565	1	3	1	0	1	1	1	0	8
OG0010566	1	1	1	1	1	1	1	1	8
OG0010567	1	1	1	1	1	1	1	1	8
OG0010568	2	1	1	0	1	1	1	1	8
OG0010569	1	2	0	1	1	1	1	1	8
OG0010570	1	1	1	1	1	1	1	1	8
OG0010571	2	1	0	1	1	1	1	1	8
OG0010572	1	1	1	1	1	1	1	1	8
OG0010573	1	1	1	1	1	1	1	1	8
OG0010574	1	1	1	1	1	1	1	1	8
OG0010575	1	1	1	1	1	1	1	1	8
OG0010576	1	1	1	1	1	1	1	1	8
OG0010577	1	1	1	1	1	1	1	1	8
OG0010578	1	1	1	1	1	1	1	1	8
OG0010579	1	1	1	1	1	1	1	1	8
OG0010580	2	1	0	1	1	1	1	1	8
OG0010581	1	1	1	1	1	1	1	1	8
OG0010582	1	1	2	0	1	1	1	1	8
OG0010583	1	1	1	1	1	1	1	1	8
OG0010584	1	1	1	1	1	1	1	1	8
OG0010585	3	1	1	0	1	1	1	0	8
OG0010586	1	1	2	1	1	1	1	0	8
OG0010587	1	1	1	1	1	1	1	1	8
OG0010588	2	1	1	1	1	1	1	0	8
OG0010589	1	1	1	1	1	1	1	1	8
OG0010590	1	1	1	1	1	1	1	1	8
OG0010591	1	1	1	1	1	1	1	1	8
OG0010592	1	0	1	1	2	1	1	1	8
OG0010593	1	1	1	1	1	1	1	1	8
OG0010594	1	1	1	1	1	1	1	1	8
OG0010595	1	1	1	1	1	1	1	1	8
OG0010596	1	1	0	1	1	1	1	2	8
OG0010597	1	1	1	1	1	1	1	1	8
OG0010598	1	2	1	1	1	1	1	0	8
OG0010599	1	1	1	1	1	1	1	1	8
OG0010600	1	1	1	1	1	1	1	1	8
OG0010601	1	1	1	1	1	1	1	1	8
OG0010602	2	2	0	1	1	1	1	0	8
OG0010603	1	1	1	1	1	1	1	1	8
OG0010604	3	1	0	0	1	1	1	1	8
OG0010605	1	1	1	1	1	1	1	1	8
OG0010606	1	1	1	1	1	1	1	1	8
OG0010607	2	2	1	1	1	1	0	0	8
OG0010608	1	1	1	1	1	1	1	1	8
OG0010609	2	0	1	1	1	1	1	1	8
OG0010610	1	1	1	1	1	1	1	1	8
OG0010611	1	1	1	1	1	1	1	1	8
OG0010612	1	1	1	0	1	1	1	2	8
OG0010613	1	1	2	1	1	1	1	0	8
OG0010614	1	1	1	1	1	1	1	1	8
OG0010615	1	1	2	1	1	1	1	0	8
OG0010616	8	0	0	0	0	0	0	0	8
OG0010617	1	1	1	1	1	1	1	1	8
OG0010618	1	1	1	1	1	1	1	1	8
OG0010619	1	1	1	1	1	1	1	1	8
OG0010620	1	1	1	1	1	1	1	1	8
OG0010621	1	1	1	1	1	1	1	1	8
OG0010622	1	1	1	1	1	1	1	1	8
OG0010623	2	1	1	0	1	1	1	1	8
OG0010624	1	1	1	1	1	1	1	1	8
OG0010625	1	1	1	1	1	1	1	1	8
OG0010626	2	2	0	0	1	1	1	1	8
OG0010627	1	1	1	1	1	1	1	1	8
OG0010628	1	1	1	1	1	1	1	1	8
OG0010629	1	1	1	1	1	1	1	1	8
OG0010630	2	1	1	0	1	1	1	1	8
OG0010631	1	1	1	1	1	1	1	1	8
OG0010632	8	0	0	0	0	0	0	0	8
OG0010633	1	1	1	1	1	1	1	1	8
OG0010634	1	1	1	1	1	1	1	1	8
OG0010635	1	1	1	1	1	1	1	1	8
OG0010636	1	7	0	0	0	0	0	0	8
OG0010637	1	1	1	1	1	1	1	1	8
OG0010638	1	1	1	1	1	1	1	1	8
OG0010639	1	1	2	0	1	1	1	1	8
OG0010640	1	1	1	1	1	1	1	1	8
OG0010641	2	0	1	1	1	1	1	1	8
OG0010642	1	1	1	1	1	1	1	1	8
OG0010643	1	2	1	0	0	1	2	1	8
OG0010644	3	0	0	1	1	1	1	1	8
OG0010645	2	1	1	1	1	1	1	0	8
OG0010646	1	1	1	1	1	1	1	1	8
OG0010647	1	1	1	1	1	1	1	1	8
OG0010648	1	1	1	1	1	1	1	1	8
OG0010649	1	1	1	1	1	1	1	1	8
OG0010650	1	1	1	1	1	1	1	1	8
OG0010651	1	1	1	1	1	1	1	1	8
OG0010652	1	1	1	1	1	1	1	1	8
OG0010653	1	1	1	1	1	1	1	1	8
OG0010654	8	0	0	0	0	0	0	0	8
OG0010655	1	1	1	1	1	1	1	1	8
OG0010656	1	1	1	1	1	1	1	1	8
OG0010657	1	1	1	1	1	1	1	1	8
OG0010658	3	1	1	2	0	0	0	1	8
OG0010659	1	1	0	1	1	1	1	2	8
OG0010660	2	2	0	0	1	1	1	1	8
OG0010661	1	2	1	0	1	1	1	1	8
OG0010662	1	1	1	1	1	1	1	1	8
OG0010663	1	2	1	0	1	1	1	1	8
OG0010664	1	1	1	1	1	1	1	1	8
OG0010665	1	2	0	1	1	1	1	1	8
OG0010666	1	1	1	1	1	1	1	1	8
OG0010667	1	1	1	1	1	1	1	1	8
OG0010668	1	1	1	1	2	1	1	0	8
OG0010669	1	1	2	0	1	1	1	1	8
OG0010670	2	1	1	0	1	1	1	1	8
OG0010671	2	1	0	1	1	1	1	1	8
OG0010672	1	1	1	1	1	1	1	1	8
OG0010673	1	1	1	1	1	1	1	1	8
OG0010674	1	1	1	1	1	1	1	1	8
OG0010675	1	1	1	1	1	1	1	1	8
OG0010676	2	1	0	1	1	1	1	1	8
OG0010677	3	1	1	0	1	1	1	0	8
OG0010678	1	1	1	1	1	1	1	1	8
OG0010679	1	1	1	1	1	1	1	1	8
OG0010680	1	2	1	1	1	0	1	1	8
OG0010681	2	0	1	1	1	1	1	1	8
OG0010682	1	1	1	1	1	1	1	1	8
OG0010683	1	1	1	1	1	1	1	1	8
OG0010684	1	1	1	1	1	1	1	1	8
OG0010685	1	1	1	1	1	1	1	1	8
OG0010686	7	1	0	0	0	0	0	0	8
OG0010687	1	1	1	1	1	1	1	1	8
OG0010688	1	1	1	1	1	1	1	1	8
OG0010689	1	1	1	1	1	1	1	1	8
OG0010690	1	1	1	1	1	1	1	1	8
OG0010691	1	1	1	1	1	1	1	1	8
OG0010692	1	1	1	1	1	1	1	1	8
OG0010693	1	1	1	1	1	1	1	1	8
OG0010694	1	1	1	1	1	1	1	1	8
OG0010695	1	2	0	1	1	1	1	1	8
OG0010696	1	1	1	1	1	1	1	1	8
OG0010697	1	1	1	1	1	1	1	1	8
OG0010698	1	1	1	1	1	1	1	1	8
OG0010699	1	1	1	1	1	1	1	1	8
OG0010700	1	1	1	1	1	1	1	1	8
OG0010701	1	1	1	1	1	1	1	1	8
OG0010702	1	1	1	1	1	1	1	1	8
OG0010703	1	3	0	0	1	1	1	1	8
OG0010704	1	1	1	1	1	1	1	1	8
OG0010705	1	1	1	1	1	1	1	1	8
OG0010706	2	1	0	1	1	1	1	1	8
OG0010707	1	1	1	1	1	1	1	1	8
OG0010708	1	1	1	1	1	1	1	1	8
OG0010709	1	1	1	1	1	1	1	1	8
OG0010710	1	1	1	1	1	1	1	1	8
OG0010711	1	1	1	1	1	1	1	1	8
OG0010712	2	1	0	1	1	1	1	1	8
OG0010713	1	1	1	1	1	1	1	1	8
OG0010714	1	1	1	1	1	1	1	1	8
OG0010715	1	1	1	1	1	1	1	1	8
OG0010716	1	1	1	1	1	1	1	1	8
OG0010717	1	1	1	1	1	1	1	1	8
OG0010718	1	1	1	1	1	1	1	1	8
OG0010719	2	1	1	0	1	1	1	1	8
OG0010720	2	1	1	1	0	1	1	1	8
OG0010721	1	3	0	0	1	1	1	1	8
OG0010722	1	1	1	1	1	1	1	1	8
OG0010723	1	1	1	1	1	1	1	1	8
OG0010724	1	1	1	1	1	1	1	1	8
OG0010725	2	1	1	2	1	1	0	0	8
OG0010726	1	1	1	1	1	1	1	1	8
OG0010727	2	1	2	0	1	0	1	1	8
OG0010728	2	2	0	0	1	1	1	1	8
OG0010729	4	1	0	0	1	1	1	0	8
OG0010730	4	1	0	0	1	1	1	0	8
OG0010731	1	1	1	1	1	1	1	1	8
OG0010732	1	1	1	1	1	1	1	1	8
OG0010733	2	2	0	1	1	1	1	0	8
OG0010734	1	1	1	1	1	1	1	1	8
OG0010735	1	1	1	1	1	1	1	1	8
OG0010736	1	1	1	1	1	1	1	1	8
OG0010737	1	1	1	1	1	1	1	1	8
OG0010738	1	1	1	1	1	1	1	1	8
OG0010739	1	1	1	1	1	1	1	1	8
OG0010740	2	1	0	1	1	1	1	1	8
OG0010741	2	1	1	1	1	1	0	1	8
OG0010742	1	1	1	1	1	1	1	1	8
OG0010743	1	1	1	1	1	1	1	1	8
OG0010744	1	3	1	1	1	1	0	0	8
OG0010745	3	1	1	0	1	1	1	0	8
OG0010746	1	1	1	1	1	1	1	1	8
OG0010747	1	1	1	1	1	1	1	1	8
OG0010748	1	1	1	1	1	1	1	1	8
OG0010749	1	1	1	1	1	1	1	1	8
OG0010750	1	1	1	1	1	1	1	1	8
OG0010751	1	1	1	1	1	1	1	1	8
OG0010752	2	1	1	0	1	1	1	1	8
OG0010753	1	1	1	1	1	1	1	1	8
OG0010754	1	1	1	1	1	1	1	1	8
OG0010755	8	0	0	0	0	0	0	0	8
OG0010756	3	2	0	0	1	1	1	0	8
OG0010757	7	1	0	0	0	0	0	0	8
OG0010758	1	1	1	1	1	1	1	1	8
OG0010759	1	2	0	1	1	1	1	1	8
OG0010760	1	1	1	1	1	1	1	1	8
OG0010761	1	1	1	1	1	1	1	1	8
OG0010762	1	1	1	1	1	1	1	1	8
OG0010763	1	1	1	1	1	1	1	1	8
OG0010764	1	1	1	1	1	1	1	1	8
OG0010765	2	1	0	1	1	1	1	1	8
OG0010766	1	1	1	1	1	1	1	1	8
OG0010767	1	1	1	1	1	1	1	1	8
OG0010768	1	1	1	1	1	1	1	1	8
OG0010769	1	0	2	1	1	1	1	1	8
OG0010770	1	1	1	1	1	1	1	1	8
OG0010771	2	1	0	1	1	1	1	1	8
OG0010772	1	1	1	0	1	1	2	1	8
OG0010773	2	1	0	1	1	1	1	1	8
OG0010774	2	1	0	1	1	1	1	1	8
OG0010775	1	1	1	1	1	1	1	1	8
OG0010776	1	1	1	1	1	1	1	1	8
OG0010777	1	1	1	1	1	1	1	1	8
OG0010778	1	1	1	1	1	1	1	1	8
OG0010779	1	1	1	1	1	1	1	1	8
OG0010780	1	1	1	1	1	1	1	1	8
OG0010781	1	1	1	1	1	1	1	1	8
OG0010782	1	1	1	1	1	1	1	1	8
OG0010783	2	0	1	1	1	1	1	1	8
OG0010784	1	1	1	1	1	1	1	1	8
OG0010785	1	1	1	1	1	1	1	1	8
OG0010786	2	1	1	0	1	1	1	1	8
OG0010787	1	1	1	1	1	1	1	1	8
OG0010788	2	1	1	0	1	1	1	1	8
OG0010789	2	1	1	1	1	1	1	0	8
OG0010790	1	1	1	1	1	1	1	1	8
OG0010791	1	1	1	1	1	1	1	1	8
OG0010792	1	1	1	1	1	1	1	1	8
OG0010793	1	1	1	1	1	1	1	1	8
OG0010794	1	1	1	2	1	1	0	1	8
OG0010795	1	1	1	1	1	1	1	1	8
OG0010796	1	1	1	1	1	1	1	1	8
OG0010797	1	0	1	1	1	1	1	2	8
OG0010798	2	1	1	0	1	1	1	1	8
OG0010799	1	1	1	1	1	1	1	1	8
OG0010800	1	1	1	1	1	1	1	1	8
OG0010801	1	1	1	1	1	1	1	1	8
OG0010802	1	2	1	1	1	1	1	0	8
OG0010803	2	1	1	1	1	0	1	1	8
OG0010804	1	1	1	1	1	1	1	1	8
OG0010805	1	1	1	1	1	1	1	1	8
OG0010806	1	1	1	1	1	1	1	1	8
OG0010807	1	1	1	1	1	1	1	1	8
OG0010808	1	1	1	1	1	1	1	1	8
OG0010809	1	1	1	1	1	1	1	1	8
OG0010810	1	1	1	1	1	1	1	1	8
OG0010811	2	1	0	1	1	1	1	1	8
OG0010812	1	1	1	1	1	1	1	1	8
OG0010813	1	1	1	1	1	1	1	1	8
OG0010814	2	1	0	2	1	1	1	0	8
OG0010815	2	1	1	1	1	1	1	0	8
OG0010816	1	1	1	1	1	1	1	1	8
OG0010817	7	1	0	0	0	0	0	0	8
OG0010818	1	2	1	1	1	1	1	0	8
OG0010819	4	2	1	0	0	1	0	0	8
OG0010820	2	1	0	1	1	1	1	1	8
OG0010821	1	2	1	0	1	1	1	1	8
OG0010822	1	1	1	1	1	1	1	1	8
OG0010823	2	1	0	2	1	1	1	0	8
OG0010824	1	1	1	1	1	1	1	1	8
OG0010825	1	1	1	1	1	1	1	1	8
OG0010826	1	1	1	1	1	1	1	1	8
OG0010827	1	1	1	1	1	1	1	1	8
OG0010828	1	1	1	1	1	1	1	1	8
OG0010829	1	1	1	1	1	1	1	1	8
OG0010830	2	1	1	2	1	1	0	0	8
OG0010831	1	1	1	1	1	1	1	1	8
OG0010832	1	1	1	1	1	1	1	1	8
OG0010833	1	1	1	1	1	1	1	1	8
OG0010834	1	1	1	1	1	1	1	1	8
OG0010835	1	1	1	1	1	1	1	1	8
OG0010836	1	1	1	1	1	1	1	1	8
OG0010837	1	1	1	1	1	1	1	1	8
OG0010838	2	2	0	0	1	1	1	1	8
OG0010839	1	1	1	1	1	1	1	1	8
OG0010840	1	1	1	1	1	1	1	1	8
OG0010841	2	1	1	1	1	1	1	0	8
OG0010842	1	1	1	1	1	1	1	1	8
OG0010843	1	1	1	1	1	1	1	1	8
OG0010844	2	1	0	1	1	1	1	1	8
OG0010845	1	2	0	1	1	1	1	1	8
OG0010846	1	1	1	1	1	1	1	1	8
OG0010847	1	1	1	1	1	1	1	1	8
OG0010848	1	1	1	1	1	1	1	1	8
OG0010849	1	2	1	0	1	1	1	1	8
OG0010850	1	1	1	1	1	1	1	1	8
OG0010851	1	1	1	1	1	1	1	1	8
OG0010852	1	1	1	1	1	1	1	1	8
OG0010853	1	1	1	1	1	1	1	1	8
OG0010854	1	1	1	1	1	1	1	1	8
OG0010855	1	1	1	1	1	1	1	1	8
OG0010856	1	1	1	1	1	1	1	1	8
OG0010857	1	1	1	1	1	1	1	1	8
OG0010858	2	1	0	0	1	2	1	1	8
OG0010859	2	2	1	1	1	1	0	0	8
OG0010860	1	1	1	1	1	1	1	1	8
OG0010861	1	1	1	1	1	1	1	1	8
OG0010862	1	1	2	1	1	1	1	0	8
OG0010863	1	1	1	1	1	1	1	1	8
OG0010864	2	1	1	0	1	1	1	1	8
OG0010865	1	1	1	1	1	1	1	1	8
OG0010866	1	1	1	1	1	1	1	1	8
OG0010867	1	1	1	1	1	1	1	1	8
OG0010868	1	1	0	1	2	1	1	1	8
OG0010869	1	1	1	1	1	1	1	1	8
OG0010870	1	1	1	0	2	1	1	1	8
OG0010871	1	1	1	1	1	1	1	1	8
OG0010872	2	1	1	0	1	1	1	1	8
OG0010873	1	1	1	1	1	1	1	1	8
OG0010874	1	0	1	2	1	1	1	1	8
OG0010875	1	1	1	1	1	1	1	1	8
OG0010876	1	1	0	1	1	1	1	2	8
OG0010877	1	1	1	1	1	1	1	1	8
OG0010878	1	1	1	1	1	1	1	1	8
OG0010879	2	1	1	1	1	1	1	0	8
OG0010880	1	1	1	1	1	1	1	1	8
OG0010881	1	1	1	1	1	1	1	1	8
OG0010882	1	1	1	1	1	1	1	1	8
OG0010883	1	1	1	1	1	1	1	1	8
OG0010884	1	1	1	1	1	1	1	1	8
OG0010885	1	1	1	1	1	1	1	1	8
OG0010886	1	1	1	1	1	1	1	1	8
OG0010887	1	1	1	1	1	1	1	1	8
OG0010888	1	1	1	1	1	1	1	1	8
OG0010889	1	1	1	1	1	1	1	1	8
OG0010890	1	2	1	1	1	2	0	0	8
OG0010891	1	1	1	1	1	1	1	1	8
OG0010892	1	1	1	1	1	1	1	1	8
OG0010893	1	1	1	1	1	1	1	1	8
OG0010894	1	1	1	1	1	1	1	1	8
OG0010895	1	1	1	1	1	1	1	1	8
OG0010896	1	1	1	1	1	1	1	1	8
OG0010897	1	1	1	1	1	1	1	1	8
OG0010898	1	1	1	1	1	1	1	1	8
OG0010899	2	1	1	0	2	1	1	0	8
OG0010900	1	1	1	1	1	1	1	1	8
OG0010901	1	1	1	1	1	1	1	1	8
OG0010902	1	1	1	1	1	1	1	1	8
OG0010903	1	1	1	1	1	1	1	1	8
OG0010904	1	1	1	1	1	1	1	1	8
OG0010905	1	1	1	1	1	1	1	1	8
OG0010906	1	1	1	1	1	1	1	1	8
OG0010907	1	1	1	1	1	1	1	1	8
OG0010908	1	1	1	1	1	1	1	1	8
OG0010909	1	1	1	1	1	1	1	1	8
OG0010910	1	1	1	1	1	1	1	1	8
OG0010911	1	1	1	1	1	1	1	1	8
OG0010912	1	1	1	1	1	1	1	1	8
OG0010913	1	1	1	1	1	1	1	1	8
OG0010914	2	1	1	1	1	1	1	0	8
OG0010915	1	1	1	1	1	1	1	1	8
OG0010916	2	1	0	1	1	1	1	1	8
OG0010917	1	1	0	0	1	3	1	1	8
OG0010918	2	2	0	0	1	1	1	1	8
OG0010919	1	1	1	1	1	1	1	1	8
OG0010920	1	1	1	1	1	1	1	1	8
OG0010921	1	1	1	1	1	1	1	1	8
OG0010922	1	1	1	1	1	1	1	1	8
OG0010923	3	1	0	0	1	1	1	1	8
OG0010924	1	1	2	0	1	1	1	1	8
OG0010925	1	1	1	1	1	1	1	1	8
OG0010926	1	1	1	1	1	1	1	1	8
OG0010927	1	1	1	0	1	1	1	2	8
OG0010928	3	1	1	1	1	1	0	0	8
OG0010929	1	1	1	1	1	1	1	1	8
OG0010930	1	1	1	1	1	1	1	1	8
OG0010931	1	1	1	1	1	1	1	1	8
OG0010932	1	1	1	1	1	1	1	1	8
OG0010933	1	1	1	1	1	1	1	1	8
OG0010934	1	1	1	1	1	1	1	1	8
OG0010935	2	1	1	0	1	1	1	1	8
OG0010936	1	1	1	1	1	1	1	1	8
OG0010937	2	1	1	1	1	1	1	0	8
OG0010938	1	1	1	1	1	1	1	1	8
OG0010939	1	1	1	1	1	1	1	1	8
OG0010940	2	1	0	1	1	1	1	1	8
OG0010941	1	1	1	1	1	1	1	1	8
OG0010942	1	1	1	1	1	1	1	1	8
OG0010943	2	1	0	1	1	1	1	1	8
OG0010944	1	1	1	1	1	1	1	1	8
OG0010945	2	1	1	0	1	1	1	1	8
OG0010946	1	1	1	1	1	1	1	1	8
OG0010947	1	1	1	1	1	1	1	1	8
OG0010948	1	1	1	1	1	1	1	1	8
OG0010949	1	1	1	1	1	1	1	1	8
OG0010950	1	1	1	1	1	1	1	1	8
OG0010951	1	1	1	1	1	1	1	1	8
OG0010952	1	1	1	1	1	1	1	1	8
OG0010953	1	1	1	1	1	1	1	1	8
OG0010954	1	1	1	1	1	1	1	1	8
OG0010955	1	1	1	1	1	1	1	1	8
OG0010956	1	1	1	1	1	1	1	1	8
OG0010957	1	1	1	1	1	1	1	1	8
OG0010958	1	1	1	1	1	1	1	1	8
OG0010959	1	1	1	1	1	1	1	1	8
OG0010960	1	1	1	1	1	1	1	1	8
OG0010961	1	1	3	1	1	1	0	0	8
OG0010962	1	1	1	1	1	1	1	1	8
OG0010963	1	1	1	1	1	1	1	1	8
OG0010964	1	1	1	1	1	1	1	1	8
OG0010965	1	1	1	1	1	1	1	1	8
OG0010966	1	2	2	0	0	2	1	0	8
OG0010967	1	1	1	1	1	1	1	1	8
OG0010968	1	1	0	0	2	1	3	0	8
OG0010969	1	2	0	0	1	2	2	0	8
OG0010970	1	1	0	0	2	2	2	0	8
OG0010971	1	1	0	0	1	2	3	0	8
OG0010972	1	0	0	0	2	1	4	0	8
OG0010973	0	4	1	1	1	0	1	0	8
OG0010974	0	2	1	1	1	1	1	1	8
OG0010975	0	3	1	1	1	2	0	0	8
OG0010976	0	2	1	1	1	1	1	1	8
OG0010977	0	8	0	0	0	0	0	0	8
OG0010978	0	2	1	1	1	1	1	1	8
OG0010979	0	8	0	0	0	0	0	0	8
OG0010980	0	1	1	1	1	2	1	1	8
OG0010981	0	1	1	1	1	1	1	2	8
OG0010982	0	2	1	1	2	1	1	0	8
OG0010983	0	6	0	0	1	1	0	0	8
OG0010984	0	1	2	2	0	1	1	1	8
OG0010985	0	2	2	1	1	0	1	1	8
OG0010986	0	1	1	1	1	1	1	2	8
OG0010987	0	3	1	0	1	1	1	1	8
OG0010988	0	1	2	1	1	1	1	1	8
OG0010989	0	1	2	1	1	1	1	1	8
OG0010990	0	1	2	2	1	0	0	2	8
OG0010991	0	2	1	0	1	2	1	1	8
OG0010992	0	2	1	1	1	1	1	1	8
OG0010993	0	2	2	2	0	1	0	1	8
OG0010994	0	1	0	1	2	4	0	0	8
OG0010995	0	1	1	1	1	1	1	2	8
OG0010996	0	2	1	1	1	1	1	1	8
OG0010997	0	1	5	0	0	2	0	0	8
OG0010998	0	3	1	1	0	0	1	2	8
OG0010999	0	2	1	1	1	1	1	1	8
OG0011000	0	1	1	2	1	1	1	1	8
OG0011001	0	2	1	1	1	1	1	1	8
OG0011002	0	8	0	0	0	0	0	0	8
OG0011003	0	3	0	2	0	1	0	2	8
OG0011004	0	1	1	1	2	1	1	1	8
OG0011005	0	2	1	1	1	1	1	1	8
OG0011006	0	1	1	1	1	1	1	2	8
OG0011007	0	8	0	0	0	0	0	0	8
OG0011008	0	3	0	1	2	1	1	0	8
OG0011009	0	1	0	0	3	3	1	0	8
OG0011010	0	1	1	1	1	2	2	0	8
OG0011011	0	1	2	1	1	1	1	1	8
OG0011012	0	8	0	0	0	0	0	0	8
OG0011013	0	1	1	2	0	4	0	0	8
OG0011014	0	2	1	1	1	1	1	1	8
OG0011015	0	8	0	0	0	0	0	0	8
OG0011016	0	1	2	1	1	1	1	1	8
OG0011017	0	2	0	1	1	1	2	1	8
OG0011018	0	1	1	1	1	1	1	2	8
OG0011019	0	1	1	1	1	1	1	2	8
OG0011020	0	1	1	1	1	1	1	2	8
OG0011021	0	4	1	1	1	1	0	0	8
OG0011022	0	1	1	1	1	2	1	1	8
OG0011023	0	1	2	1	1	1	1	1	8
OG0011024	0	2	1	1	1	1	1	1	8
OG0011025	0	2	0	0	2	3	1	0	8
OG0011026	0	1	2	1	1	1	1	1	8
OG0011027	0	1	0	0	3	2	2	0	8
OG0011028	0	0	8	0	0	0	0	0	8
OG0011029	0	0	6	1	0	0	0	1	8
OG0011030	0	0	7	0	0	0	0	1	8
OG0011031	0	0	5	2	0	0	0	1	8
OG0011032	0	0	7	0	0	0	0	1	8
OG0011033	0	0	3	2	2	1	0	0	8
OG0011034	0	0	3	1	0	0	0	4	8
OG0011035	0	0	2	0	0	0	0	6	8
OG0011036	0	0	2	0	0	0	0	6	8
OG0011037	0	0	3	2	0	0	0	3	8
OG0011038	0	0	3	1	1	1	1	1	8
OG0011039	0	0	3	2	0	0	0	3	8
OG0011040	0	0	6	0	0	0	0	2	8
OG0011041	0	0	3	3	0	0	0	2	8
OG0011042	0	0	1	5	0	0	0	2	8
OG0011043	0	0	2	0	0	0	0	6	8
OG0011044	0	0	1	1	4	2	0	0	8
OG0011045	0	0	3	1	0	0	0	4	8
OG0011046	0	0	1	0	0	0	0	7	8
OG0011047	0	0	1	0	0	0	0	7	8
OG0011048	0	0	2	1	1	1	1	2	8
OG0011049	0	0	1	0	0	0	0	7	8
OG0011050	0	0	0	6	0	0	0	2	8
OG0011051	0	0	0	1	3	0	4	0	8
OG0011052	0	0	0	7	0	1	0	0	8
OG0011053	0	0	0	1	0	0	0	7	8
OG0011054	0	0	0	0	2	3	3	0	8
OG0011055	0	0	0	0	1	0	7	0	8
OG0011056	0	0	0	0	8	0	0	0	8
OG0011057	0	0	0	0	1	3	4	0	8
OG0011058	0	0	0	0	5	1	2	0	8
OG0011059	0	0	0	0	6	1	1	0	8
OG0011060	0	0	0	0	3	3	2	0	8
OG0011061	0	0	0	0	3	3	2	0	8
OG0011062	0	0	0	0	8	0	0	0	8
OG0011063	0	0	0	0	1	1	6	0	8
OG0011064	0	0	0	0	2	3	3	0	8
OG0011065	0	0	0	0	2	2	4	0	8
OG0011066	0	0	0	0	1	0	7	0	8
OG0011067	0	0	0	0	3	1	4	0	8
OG0011068	0	0	0	0	1	0	7	0	8
OG0011069	0	0	0	0	0	8	0	0	8
OG0011070	0	0	0	0	0	0	8	0	8
OG0011071	0	0	0	0	0	0	0	8	8
OG0011072	0	0	0	0	0	0	0	8	8
OG0011073	0	0	0	0	0	0	0	8	8
OG0011074	1	1	0	1	1	1	1	1	7
OG0011075	1	1	1	0	2	1	1	0	7
OG0011076	0	3	1	0	1	2	0	0	7
OG0011077	3	0	0	0	0	1	1	2	7
OG0011078	3	0	1	1	1	1	0	0	7
OG0011079	1	3	0	0	1	1	1	0	7
OG0011080	0	1	1	1	1	1	1	1	7
OG0011081	1	2	1	1	1	1	0	0	7
OG0011082	0	0	0	0	1	1	4	1	7
OG0011083	1	1	1	2	1	1	0	0	7
OG0011084	1	2	0	0	1	2	1	0	7
OG0011085	1	1	1	1	1	0	1	1	7
OG0011086	1	0	1	1	1	1	1	1	7
OG0011087	0	1	1	0	4	1	0	0	7
OG0011088	0	1	1	1	1	1	1	1	7
OG0011089	1	2	1	1	1	1	0	0	7
OG0011090	1	1	1	0	1	1	1	1	7
OG0011091	1	1	1	1	1	0	1	1	7
OG0011092	1	1	0	1	1	1	1	1	7
OG0011093	1	1	0	1	1	1	1	1	7
OG0011094	1	1	1	0	1	1	1	1	7
OG0011095	1	1	1	1	1	1	1	0	7
OG0011096	1	1	3	0	1	1	0	0	7
OG0011097	7	0	0	0	0	0	0	0	7
OG0011098	1	1	0	2	1	1	1	0	7
OG0011099	1	0	1	1	1	1	1	1	7
OG0011100	1	1	0	1	1	1	0	2	7
OG0011101	1	1	0	1	1	1	1	1	7
OG0011102	0	0	3	0	0	0	0	4	7
OG0011103	1	1	1	1	1	1	1	0	7
OG0011104	1	2	0	1	1	1	1	0	7
OG0011105	1	0	1	1	1	1	1	1	7
OG0011106	2	2	1	0	1	1	0	0	7
OG0011107	1	1	0	0	0	3	0	2	7
OG0011108	2	1	1	1	1	0	1	0	7
OG0011109	1	1	1	0	1	1	1	1	7
OG0011110	2	2	0	0	1	1	1	0	7
OG0011111	2	2	0	0	1	1	1	0	7
OG0011112	0	1	2	2	1	1	0	0	7
OG0011113	1	2	1	1	1	1	0	0	7
OG0011114	1	1	1	0	1	1	1	1	7
OG0011115	1	1	1	1	1	0	1	1	7
OG0011116	0	1	1	1	1	1	1	1	7
OG0011117	0	1	1	1	1	1	1	1	7
OG0011118	0	2	0	1	1	1	1	1	7
OG0011119	1	1	1	0	1	1	1	1	7
OG0011120	0	1	1	1	1	1	1	1	7
OG0011121	3	1	1	0	1	1	0	0	7
OG0011122	1	1	1	1	1	0	1	1	7
OG0011123	2	0	1	1	1	1	1	0	7
OG0011124	2	0	1	0	1	1	1	1	7
OG0011125	2	1	1	1	1	1	0	0	7
OG0011126	1	1	1	2	1	1	0	0	7
OG0011127	0	1	1	1	1	1	1	1	7
OG0011128	0	1	0	2	1	1	1	1	7
OG0011129	1	2	1	1	1	1	0	0	7
OG0011130	1	1	2	1	1	1	0	0	7
OG0011131	0	0	4	0	0	0	0	3	7
OG0011132	3	1	1	0	1	0	1	0	7
OG0011133	0	2	0	1	1	1	1	1	7
OG0011134	1	0	1	1	1	1	1	1	7
OG0011135	1	1	0	1	1	1	1	1	7
OG0011136	2	1	1	0	0	1	1	1	7
OG0011137	4	1	1	0	0	1	0	0	7
OG0011138	3	2	1	0	0	1	0	0	7
OG0011139	2	0	1	1	0	1	1	1	7
OG0011140	1	3	0	1	1	1	0	0	7
OG0011141	1	1	1	0	1	1	1	1	7
OG0011142	2	1	0	0	1	1	1	1	7
OG0011143	0	3	0	0	0	2	2	0	7
OG0011144	0	1	1	1	1	1	1	1	7
OG0011145	6	0	0	0	1	0	0	0	7
OG0011146	0	1	1	1	1	1	1	1	7
OG0011147	1	0	0	1	0	3	2	0	7
OG0011148	1	1	1	1	1	1	1	0	7
OG0011149	3	0	1	1	1	0	1	0	7
OG0011150	4	1	1	0	1	0	0	0	7
OG0011151	2	1	1	1	1	1	0	0	7
OG0011152	2	1	0	1	2	1	0	0	7
OG0011153	0	1	1	3	2	0	0	0	7
OG0011154	1	2	0	1	1	1	1	0	7
OG0011155	1	1	1	1	1	1	1	0	7
OG0011156	1	1	1	1	1	1	1	0	7
OG0011157	1	1	1	1	1	1	1	0	7
OG0011158	0	1	1	1	1	1	1	1	7
OG0011159	1	2	2	0	0	2	0	0	7
OG0011160	1	0	1	1	1	1	1	1	7
OG0011161	3	0	1	1	1	1	0	0	7
OG0011162	2	1	0	0	1	1	1	1	7
OG0011163	2	1	1	1	1	1	0	0	7
OG0011164	1	1	1	1	0	1	1	1	7
OG0011165	1	1	0	1	1	1	1	1	7
OG0011166	2	1	0	0	1	1	1	1	7
OG0011167	1	1	0	1	1	1	1	1	7
OG0011168	1	0	2	0	1	1	1	1	7
OG0011169	1	1	1	1	1	0	1	1	7
OG0011170	1	2	1	1	1	1	0	0	7
OG0011171	5	2	0	0	0	0	0	0	7
OG0011172	1	1	0	0	1	1	1	2	7
OG0011173	1	1	2	1	1	1	0	0	7
OG0011174	1	1	0	1	1	1	1	1	7
OG0011175	2	1	1	1	1	1	0	0	7
OG0011176	1	0	1	1	1	1	1	1	7
OG0011177	2	1	1	1	1	1	0	0	7
OG0011178	2	5	0	0	0	0	0	0	7
OG0011179	2	1	1	1	1	1	0	0	7
OG0011180	2	1	1	1	1	1	0	0	7
OG0011181	1	1	1	0	1	1	1	1	7
OG0011182	0	1	1	1	1	1	1	1	7
OG0011183	2	1	1	1	1	1	0	0	7
OG0011184	2	0	1	1	1	1	1	0	7
OG0011185	1	1	2	1	1	1	0	0	7
OG0011186	2	1	1	1	1	1	0	0	7
OG0011187	0	2	0	1	1	1	1	1	7
OG0011188	1	1	1	0	1	1	1	1	7
OG0011189	1	0	1	1	1	1	1	1	7
OG0011190	0	1	1	1	1	1	1	1	7
OG0011191	6	0	0	0	0	0	0	1	7
OG0011192	1	1	1	2	1	1	0	0	7
OG0011193	3	1	1	0	1	1	0	0	7
OG0011194	2	1	1	1	1	1	0	0	7
OG0011195	0	2	1	0	1	1	1	1	7
OG0011196	3	1	0	1	1	1	0	0	7
OG0011197	1	1	1	0	1	2	1	0	7
OG0011198	1	2	1	0	1	1	1	0	7
OG0011199	1	3	1	0	1	1	0	0	7
OG0011200	0	0	1	1	1	2	1	1	7
OG0011201	2	1	0	0	1	1	1	1	7
OG0011202	1	1	1	1	1	1	1	0	7
OG0011203	1	1	0	1	1	1	1	1	7
OG0011204	1	1	1	1	1	1	1	0	7
OG0011205	1	1	1	0	1	1	1	1	7
OG0011206	1	1	1	1	1	0	1	1	7
OG0011207	1	0	3	1	0	0	1	1	7
OG0011208	1	1	0	1	1	1	1	1	7
OG0011209	1	0	1	1	1	1	1	1	7
OG0011210	1	1	0	1	1	1	1	1	7
OG0011211	1	1	1	1	1	1	1	0	7
OG0011212	3	0	2	0	0	0	0	2	7
OG0011213	1	1	1	1	0	1	1	1	7
OG0011214	1	1	0	0	1	1	1	2	7
OG0011215	2	1	1	1	1	1	0	0	7
OG0011216	3	3	0	0	0	1	0	0	7
OG0011217	2	1	1	1	1	1	0	0	7
OG0011218	1	1	1	0	1	1	1	1	7
OG0011219	2	2	1	0	1	1	0	0	7
OG0011220	1	1	1	1	1	1	1	0	7
OG0011221	1	1	1	1	1	1	1	0	7
OG0011222	1	1	1	1	0	1	1	1	7
OG0011223	1	1	1	0	1	1	1	1	7
OG0011224	1	1	1	1	0	1	1	1	7
OG0011225	6	1	0	0	0	0	0	0	7
OG0011226	1	1	1	0	1	1	1	1	7
OG0011227	1	1	2	1	1	1	0	0	7
OG0011228	4	1	0	0	0	1	1	0	7
OG0011229	2	0	1	0	1	1	1	1	7
OG0011230	4	2	0	0	0	1	0	0	7
OG0011231	1	2	1	1	1	1	0	0	7
OG0011232	6	1	0	0	0	0	0	0	7
OG0011233	1	1	1	1	1	0	1	1	7
OG0011234	3	1	1	1	1	0	0	0	7
OG0011235	2	1	1	0	1	1	1	0	7
OG0011236	2	0	1	1	1	1	1	0	7
OG0011237	2	0	1	0	1	1	1	1	7
OG0011238	3	3	0	0	0	1	0	0	7
OG0011239	1	1	1	1	1	1	1	0	7
OG0011240	1	1	0	1	1	1	1	1	7
OG0011241	2	1	1	1	1	1	0	0	7
OG0011242	1	1	1	1	1	1	0	1	7
OG0011243	2	1	1	1	1	1	0	0	7
OG0011244	2	1	1	1	1	1	0	0	7
OG0011245	1	0	5	0	0	0	0	1	7
OG0011246	1	1	1	0	1	1	1	1	7
OG0011247	2	1	0	0	1	1	1	1	7
OG0011248	1	1	0	1	1	1	1	1	7
OG0011249	1	2	1	0	1	1	1	0	7
OG0011250	2	1	1	0	0	1	1	1	7
OG0011251	1	1	1	1	1	1	1	0	7
OG0011252	2	1	1	1	1	1	0	0	7
OG0011253	2	1	2	0	1	1	0	0	7
OG0011254	4	1	1	0	0	1	0	0	7
OG0011255	2	1	1	0	1	1	1	0	7
OG0011256	1	1	2	0	1	1	1	0	7
OG0011257	1	0	1	1	1	1	1	1	7
OG0011258	2	1	1	0	1	1	1	0	7
OG0011259	1	3	1	0	1	1	0	0	7
OG0011260	1	0	1	1	1	1	1	1	7
OG0011261	1	1	1	0	1	1	1	1	7
OG0011262	1	1	1	0	1	1	1	1	7
OG0011263	1	0	1	1	1	1	1	1	7
OG0011264	1	1	1	0	1	1	1	1	7
OG0011265	1	1	1	1	1	0	1	1	7
OG0011266	3	1	2	0	1	0	0	0	7
OG0011267	1	3	0	0	1	1	1	0	7
OG0011268	3	1	1	0	1	1	0	0	7
OG0011269	2	1	0	0	1	1	1	1	7
OG0011270	1	2	1	1	1	1	0	0	7
OG0011271	2	1	0	1	1	2	0	0	7
OG0011272	1	1	1	1	1	0	1	1	7
OG0011273	6	0	0	0	0	0	0	1	7
OG0011274	1	1	1	1	1	1	1	0	7
OG0011275	2	0	0	0	1	1	1	2	7
OG0011276	2	1	1	1	1	1	0	0	7
OG0011277	1	1	1	1	1	1	1	0	7
OG0011278	1	4	0	0	0	1	1	0	7
OG0011279	4	1	0	0	1	1	0	0	7
OG0011280	1	0	1	1	1	1	1	1	7
OG0011281	1	1	1	1	1	0	1	1	7
OG0011282	1	1	1	0	1	1	1	1	7
OG0011283	5	0	0	0	0	0	0	2	7
OG0011284	4	1	0	0	1	1	0	0	7
OG0011285	1	1	1	1	1	1	1	0	7
OG0011286	1	1	1	2	0	1	1	0	7
OG0011287	3	1	1	0	1	1	0	0	7
OG0011288	2	1	1	1	1	1	0	0	7
OG0011289	1	0	1	1	1	1	1	1	7
OG0011290	1	1	0	1	1	3	0	0	7
OG0011291	1	0	1	1	1	1	1	1	7
OG0011292	1	1	0	1	1	1	1	1	7
OG0011293	1	1	1	1	1	1	1	0	7
OG0011294	1	1	1	0	1	1	1	1	7
OG0011295	1	1	0	1	1	1	1	1	7
OG0011296	2	2	1	0	0	1	0	1	7
OG0011297	1	1	0	1	1	1	1	1	7
OG0011298	3	2	0	0	1	1	0	0	7
OG0011299	1	2	1	1	1	1	0	0	7
OG0011300	1	2	1	1	1	1	0	0	7
OG0011301	2	0	1	1	1	1	1	0	7
OG0011302	4	1	0	0	1	1	0	0	7
OG0011303	1	1	0	1	1	1	1	1	7
OG0011304	1	3	0	0	1	1	1	0	7
OG0011305	1	1	1	0	1	1	1	1	7
OG0011306	1	1	0	1	1	1	1	1	7
OG0011307	1	1	0	1	1	1	1	1	7
OG0011308	1	1	1	0	1	1	1	1	7
OG0011309	1	1	0	1	1	1	1	1	7
OG0011310	3	2	1	0	0	0	0	1	7
OG0011311	1	1	1	1	1	1	1	0	7
OG0011312	1	1	0	1	1	1	1	1	7
OG0011313	1	1	0	1	1	1	1	1	7
OG0011314	1	0	1	1	1	1	1	1	7
OG0011315	4	1	0	0	0	1	0	1	7
OG0011316	3	2	1	1	0	0	0	0	7
OG0011317	1	1	1	1	1	0	1	1	7
OG0011318	2	0	1	1	1	1	1	0	7
OG0011319	6	0	0	0	0	0	0	1	7
OG0011320	1	0	1	1	1	1	1	1	7
OG0011321	1	1	1	0	1	1	1	1	7
OG0011322	1	1	1	1	1	1	1	0	7
OG0011323	1	1	1	1	1	1	1	0	7
OG0011324	1	1	0	1	1	1	1	1	7
OG0011325	2	1	0	0	1	1	1	1	7
OG0011326	3	1	1	0	1	1	0	0	7
OG0011327	1	1	1	0	1	1	1	1	7
OG0011328	5	2	0	0	0	0	0	0	7
OG0011329	2	1	1	1	1	0	1	0	7
OG0011330	1	1	1	1	1	0	1	1	7
OG0011331	1	1	0	1	1	1	1	1	7
OG0011332	1	3	1	0	1	1	0	0	7
OG0011333	2	2	2	0	0	1	0	0	7
OG0011334	1	0	1	1	1	1	1	1	7
OG0011335	2	1	1	1	0	0	0	2	7
OG0011336	1	0	1	1	1	1	1	1	7
OG0011337	2	1	0	0	1	2	1	0	7
OG0011338	1	1	0	1	1	1	1	1	7
OG0011339	1	1	1	0	0	4	0	0	7
OG0011340	1	0	1	1	1	1	1	1	7
OG0011341	2	1	1	0	1	1	1	0	7
OG0011342	2	1	0	0	1	1	1	1	7
OG0011343	3	1	0	1	1	1	0	0	7
OG0011344	2	1	1	1	1	1	0	0	7
OG0011345	1	1	0	1	1	1	1	1	7
OG0011346	1	2	0	0	1	2	1	0	7
OG0011347	1	2	1	0	1	1	1	0	7
OG0011348	7	0	0	0	0	0	0	0	7
OG0011349	7	0	0	0	0	0	0	0	7
OG0011350	1	2	1	0	0	1	1	1	7
OG0011351	1	1	0	1	1	1	1	1	7
OG0011352	1	1	0	1	1	1	1	1	7
OG0011353	7	0	0	0	0	0	0	0	7
OG0011354	1	1	1	0	1	1	1	1	7
OG0011355	1	1	0	1	1	1	1	1	7
OG0011356	1	2	0	0	1	1	1	1	7
OG0011357	1	1	0	1	1	1	1	1	7
OG0011358	5	2	0	0	0	0	0	0	7
OG0011359	1	1	1	0	1	1	1	1	7
OG0011360	7	0	0	0	0	0	0	0	7
OG0011361	2	1	1	0	1	1	1	0	7
OG0011362	7	0	0	0	0	0	0	0	7
OG0011363	1	1	1	0	1	1	1	1	7
OG0011364	1	1	0	1	1	1	1	1	7
OG0011365	7	0	0	0	0	0	0	0	7
OG0011366	1	1	1	1	1	0	1	1	7
OG0011367	2	1	0	1	1	1	1	0	7
OG0011368	7	0	0	0	0	0	0	0	7
OG0011369	1	1	1	1	2	1	0	0	7
OG0011370	3	1	1	0	1	0	1	0	7
OG0011371	1	1	0	0	1	1	3	0	7
OG0011372	7	0	0	0	0	0	0	0	7
OG0011373	7	0	0	0	0	0	0	0	7
OG0011374	7	0	0	0	0	0	0	0	7
OG0011375	2	1	0	0	1	1	1	1	7
OG0011376	2	1	0	0	1	2	1	0	7
OG0011377	1	2	0	1	1	1	0	1	7
OG0011378	7	0	0	0	0	0	0	0	7
OG0011379	1	1	0	1	1	1	1	1	7
OG0011380	1	1	1	1	1	1	1	0	7
OG0011381	1	1	2	1	1	1	0	0	7
OG0011382	7	0	0	0	0	0	0	0	7
OG0011383	1	1	1	1	1	1	1	0	7
OG0011384	1	1	1	1	1	1	1	0	7
OG0011385	1	1	0	1	1	1	1	1	7
OG0011386	1	1	1	0	1	1	1	1	7
OG0011387	2	1	1	1	1	1	0	0	7
OG0011388	7	0	0	0	0	0	0	0	7
OG0011389	1	1	1	1	1	0	1	1	7
OG0011390	1	1	0	1	1	0	1	2	7
OG0011391	3	1	0	0	1	1	1	0	7
OG0011392	7	0	0	0	0	0	0	0	7
OG0011393	1	1	1	1	1	1	1	0	7
OG0011394	1	1	0	1	1	1	1	1	7
OG0011395	1	1	1	0	1	1	1	1	7
OG0011396	1	0	2	0	1	1	1	1	7
OG0011397	2	1	0	0	1	1	1	1	7
OG0011398	1	1	1	0	1	1	1	1	7
OG0011399	1	1	1	0	1	1	1	1	7
OG0011400	7	0	0	0	0	0	0	0	7
OG0011401	1	1	1	0	1	1	1	1	7
OG0011402	7	0	0	0	0	0	0	0	7
OG0011403	2	2	0	1	1	1	0	0	7
OG0011404	7	0	0	0	0	0	0	0	7
OG0011405	2	1	0	1	1	1	1	0	7
OG0011406	1	3	0	0	1	1	1	0	7
OG0011407	4	1	0	0	0	1	0	1	7
OG0011408	1	1	1	1	1	1	1	0	7
OG0011409	7	0	0	0	0	0	0	0	7
OG0011410	3	1	0	0	1	1	1	0	7
OG0011411	2	2	1	0	0	2	0	0	7
OG0011412	3	4	0	0	0	0	0	0	7
OG0011413	1	2	0	0	1	1	1	1	7
OG0011414	5	2	0	0	0	0	0	0	7
OG0011415	2	1	1	1	1	1	0	0	7
OG0011416	3	1	0	0	1	1	1	0	7
OG0011417	6	1	0	0	0	0	0	0	7
OG0011418	7	0	0	0	0	0	0	0	7
OG0011419	7	0	0	0	0	0	0	0	7
OG0011420	1	1	1	0	1	1	1	1	7
OG0011421	1	1	0	1	1	1	1	1	7
OG0011422	1	1	1	1	1	1	1	0	7
OG0011423	1	1	1	1	1	1	1	0	7
OG0011424	7	0	0	0	0	0	0	0	7
OG0011425	7	0	0	0	0	0	0	0	7
OG0011426	1	2	0	0	2	1	1	0	7
OG0011427	1	1	1	1	1	1	1	0	7
OG0011428	1	1	1	2	1	1	0	0	7
OG0011429	1	1	1	0	1	1	1	1	7
OG0011430	7	0	0	0	0	0	0	0	7
OG0011431	1	1	0	1	1	1	1	1	7
OG0011432	1	1	0	1	1	1	1	1	7
OG0011433	7	0	0	0	0	0	0	0	7
OG0011434	2	0	1	1	1	1	1	0	7
OG0011435	1	1	0	1	1	1	1	1	7
OG0011436	1	1	0	1	1	1	1	1	7
OG0011437	1	1	1	1	1	1	1	0	7
OG0011438	1	1	1	0	1	1	1	1	7
OG0011439	7	0	0	0	0	0	0	0	7
OG0011440	1	1	1	1	1	2	0	0	7
OG0011441	1	1	1	2	1	1	0	0	7
OG0011442	7	0	0	0	0	0	0	0	7
OG0011443	6	1	0	0	0	0	0	0	7
OG0011444	1	0	1	1	1	1	1	1	7
OG0011445	7	0	0	0	0	0	0	0	7
OG0011446	1	1	0	1	1	1	1	1	7
OG0011447	1	1	1	0	1	1	1	1	7
OG0011448	2	1	1	1	1	1	0	0	7
OG0011449	7	0	0	0	0	0	0	0	7
OG0011450	2	1	1	1	0	1	0	1	7
OG0011451	1	1	1	0	1	1	1	1	7
OG0011452	2	1	1	1	1	1	0	0	7
OG0011453	1	0	1	1	1	1	1	1	7
OG0011454	1	1	0	1	1	1	1	1	7
OG0011455	2	1	0	0	1	1	1	1	7
OG0011456	1	1	0	1	1	1	1	1	7
OG0011457	1	1	1	0	1	1	1	1	7
OG0011458	3	0	1	1	1	1	0	0	7
OG0011459	7	0	0	0	0	0	0	0	7
OG0011460	1	0	1	1	1	1	1	1	7
OG0011461	1	0	1	1	1	1	1	1	7
OG0011462	1	1	0	0	2	1	1	1	7
OG0011463	1	0	1	1	1	1	1	1	7
OG0011464	3	1	0	0	1	1	1	0	7
OG0011465	1	1	1	0	1	1	1	1	7
OG0011466	1	0	1	1	1	1	1	1	7
OG0011467	2	1	1	0	1	1	1	0	7
OG0011468	2	1	0	0	2	1	1	0	7
OG0011469	2	1	1	1	1	1	0	0	7
OG0011470	7	0	0	0	0	0	0	0	7
OG0011471	1	2	1	0	1	1	1	0	7
OG0011472	2	1	1	1	1	1	0	0	7
OG0011473	1	1	1	0	1	1	1	1	7
OG0011474	1	1	3	0	1	1	0	0	7
OG0011475	3	1	1	0	1	1	0	0	7
OG0011476	1	1	0	1	1	1	1	1	7
OG0011477	2	1	0	1	1	0	1	1	7
OG0011478	1	1	1	0	1	1	1	1	7
OG0011479	1	1	1	0	1	1	1	1	7
OG0011480	7	0	0	0	0	0	0	0	7
OG0011481	7	0	0	0	0	0	0	0	7
OG0011482	7	0	0	0	0	0	0	0	7
OG0011483	2	1	0	1	1	1	1	0	7
OG0011484	1	2	1	0	1	1	1	0	7
OG0011485	7	0	0	0	0	0	0	0	7
OG0011486	4	3	0	0	0	0	0	0	7
OG0011487	1	2	1	0	1	1	1	0	7
OG0011488	1	1	1	0	1	1	1	1	7
OG0011489	1	1	1	1	1	1	1	0	7
OG0011490	1	2	1	0	1	2	0	0	7
OG0011491	2	0	1	0	1	1	1	1	7
OG0011492	2	1	1	1	1	1	0	0	7
OG0011493	1	0	1	1	1	1	1	1	7
OG0011494	1	1	1	0	1	1	1	1	7
OG0011495	1	1	0	1	1	1	1	1	7
OG0011496	1	1	0	1	1	1	1	1	7
OG0011497	1	0	1	1	1	1	1	1	7
OG0011498	1	1	1	1	1	1	1	0	7
OG0011499	4	0	0	0	1	1	1	0	7
OG0011500	7	0	0	0	0	0	0	0	7
OG0011501	2	1	1	1	1	1	0	0	7
OG0011502	1	1	0	1	1	1	1	1	7
OG0011503	1	1	0	1	1	1	1	1	7
OG0011504	7	0	0	0	0	0	0	0	7
OG0011505	1	1	0	1	1	1	1	1	7
OG0011506	3	1	1	0	1	1	0	0	7
OG0011507	1	1	1	0	1	1	1	1	7
OG0011508	3	0	1	0	1	1	1	0	7
OG0011509	1	1	0	1	1	1	1	1	7
OG0011510	7	0	0	0	0	0	0	0	7
OG0011511	7	0	0	0	0	0	0	0	7
OG0011512	3	1	0	0	1	1	1	0	7
OG0011513	1	1	0	0	1	2	1	1	7
OG0011514	1	1	0	1	1	1	1	1	7
OG0011515	1	0	1	1	1	1	1	1	7
OG0011516	7	0	0	0	0	0	0	0	7
OG0011517	7	0	0	0	0	0	0	0	7
OG0011518	1	1	0	1	1	1	1	1	7
OG0011519	1	1	0	1	1	1	1	1	7
OG0011520	1	1	1	1	1	1	1	0	7
OG0011521	1	1	0	1	1	1	1	1	7
OG0011522	1	1	1	1	1	1	0	1	7
OG0011523	1	1	2	0	1	1	1	0	7
OG0011524	2	1	0	1	1	1	1	0	7
OG0011525	1	1	1	1	1	1	1	0	7
OG0011526	2	2	0	0	1	1	1	0	7
OG0011527	1	1	1	0	1	1	1	1	7
OG0011528	1	2	1	1	1	1	0	0	7
OG0011529	2	1	0	0	1	2	1	0	7
OG0011530	1	1	1	0	1	1	1	1	7
OG0011531	1	2	0	0	1	1	1	1	7
OG0011532	2	1	1	1	1	1	0	0	7
OG0011533	2	1	1	1	1	1	0	0	7
OG0011534	7	0	0	0	0	0	0	0	7
OG0011535	2	1	0	1	1	1	1	0	7
OG0011536	6	1	0	0	0	0	0	0	7
OG0011537	1	1	1	1	1	0	1	1	7
OG0011538	1	0	1	1	1	1	1	1	7
OG0011539	3	1	1	0	1	1	0	0	7
OG0011540	1	1	0	1	1	1	1	1	7
OG0011541	1	2	1	0	0	1	1	1	7
OG0011542	1	1	1	0	1	1	1	1	7
OG0011543	1	2	1	0	1	1	1	0	7
OG0011544	1	2	1	1	1	1	0	0	7
OG0011545	1	1	1	1	1	1	1	0	7
OG0011546	2	1	1	1	1	1	0	0	7
OG0011547	7	0	0	0	0	0	0	0	7
OG0011548	2	1	0	1	1	1	1	0	7
OG0011549	1	1	1	1	1	1	1	0	7
OG0011550	2	1	0	0	1	1	1	1	7
OG0011551	1	1	1	0	1	1	1	1	7
OG0011552	1	2	0	0	1	1	2	0	7
OG0011553	7	0	0	0	0	0	0	0	7
OG0011554	7	0	0	0	0	0	0	0	7
OG0011555	1	0	0	0	3	2	1	0	7
OG0011556	1	2	1	0	1	1	1	0	7
OG0011557	1	2	1	0	2	1	0	0	7
OG0011558	1	1	1	0	1	1	1	1	7
OG0011559	1	1	1	1	1	1	1	0	7
OG0011560	1	2	0	0	1	1	1	1	7
OG0011561	1	1	0	1	1	1	1	1	7
OG0011562	1	1	0	1	1	1	1	1	7
OG0011563	1	0	2	1	1	1	1	0	7
OG0011564	2	3	0	0	0	1	1	0	7
OG0011565	2	1	1	0	1	1	1	0	7
OG0011566	1	1	0	1	1	1	1	1	7
OG0011567	1	1	2	1	1	1	0	0	7
OG0011568	6	1	0	0	0	0	0	0	7
OG0011569	2	1	1	1	1	1	0	0	7
OG0011570	1	0	1	1	1	1	1	1	7
OG0011571	1	0	1	1	1	1	1	1	7
OG0011572	1	1	1	0	1	1	1	1	7
OG0011573	1	1	1	0	1	1	1	1	7
OG0011574	1	1	0	0	1	1	2	1	7
OG0011575	7	0	0	0	0	0	0	0	7
OG0011576	1	1	0	1	1	1	1	1	7
OG0011577	2	1	0	0	1	2	1	0	7
OG0011578	1	2	0	0	1	1	1	1	7
OG0011579	1	3	0	1	1	1	0	0	7
OG0011580	1	1	1	0	1	1	1	1	7
OG0011581	1	1	0	1	1	1	1	1	7
OG0011582	1	1	1	1	1	1	1	0	7
OG0011583	1	1	0	1	1	1	1	1	7
OG0011584	2	1	0	0	1	1	1	1	7
OG0011585	7	0	0	0	0	0	0	0	7
OG0011586	1	1	1	0	1	1	1	1	7
OG0011587	1	2	0	1	1	1	1	0	7
OG0011588	1	1	0	1	1	1	1	1	7
OG0011589	1	1	1	0	1	1	1	1	7
OG0011590	1	0	1	0	1	2	1	1	7
OG0011591	1	0	1	1	1	1	1	1	7
OG0011592	2	1	0	0	1	1	1	1	7
OG0011593	1	1	1	0	1	1	1	1	7
OG0011594	1	1	1	1	1	1	1	0	7
OG0011595	2	1	0	1	1	1	1	0	7
OG0011596	1	1	0	1	1	1	1	1	7
OG0011597	1	1	0	1	1	1	1	1	7
OG0011598	1	1	0	1	1	1	1	1	7
OG0011599	1	1	3	0	1	1	0	0	7
OG0011600	2	1	1	0	1	1	1	0	7
OG0011601	2	1	0	0	1	1	2	0	7
OG0011602	1	0	1	1	1	1	1	1	7
OG0011603	2	2	0	0	1	1	1	0	7
OG0011604	1	1	1	0	1	1	1	1	7
OG0011605	2	0	1	1	1	1	1	0	7
OG0011606	7	0	0	0	0	0	0	0	7
OG0011607	7	0	0	0	0	0	0	0	7
OG0011608	1	1	1	0	1	1	1	1	7
OG0011609	1	0	1	1	1	1	1	1	7
OG0011610	1	1	1	0	1	1	1	1	7
OG0011611	1	1	1	1	1	1	1	0	7
OG0011612	3	3	0	0	0	1	0	0	7
OG0011613	2	1	0	0	1	1	1	1	7
OG0011614	1	0	1	1	1	1	1	1	7
OG0011615	2	0	1	0	0	0	0	4	7
OG0011616	1	2	0	0	1	1	1	1	7
OG0011617	1	1	1	0	1	1	1	1	7
OG0011618	3	2	0	0	1	1	0	0	7
OG0011619	1	1	1	1	1	0	1	1	7
OG0011620	1	1	1	0	1	1	1	1	7
OG0011621	7	0	0	0	0	0	0	0	7
OG0011622	1	1	0	1	1	1	1	1	7
OG0011623	1	1	1	0	1	1	1	1	7
OG0011624	1	0	1	1	1	1	1	1	7
OG0011625	7	0	0	0	0	0	0	0	7
OG0011626	7	0	0	0	0	0	0	0	7
OG0011627	1	1	1	1	0	1	1	1	7
OG0011628	1	1	1	1	1	1	1	0	7
OG0011629	7	0	0	0	0	0	0	0	7
OG0011630	1	0	1	1	1	1	1	1	7
OG0011631	1	1	1	1	1	0	1	1	7
OG0011632	1	1	1	1	1	1	1	0	7
OG0011633	2	0	1	1	1	1	1	0	7
OG0011634	7	0	0	0	0	0	0	0	7
OG0011635	3	1	1	1	0	0	0	1	7
OG0011636	6	1	0	0	0	0	0	0	7
OG0011637	1	2	1	1	1	1	0	0	7
OG0011638	7	0	0	0	0	0	0	0	7
OG0011639	1	1	0	1	1	1	1	1	7
OG0011640	1	1	0	1	1	1	1	1	7
OG0011641	2	1	1	0	1	1	1	0	7
OG0011642	4	2	0	0	0	0	1	0	7
OG0011643	1	1	1	1	1	1	0	1	7
OG0011644	2	2	1	0	1	1	0	0	7
OG0011645	1	1	1	1	1	1	1	0	7
OG0011646	3	1	0	0	1	1	1	0	7
OG0011647	1	1	1	0	1	1	1	1	7
OG0011648	2	1	1	0	1	1	1	0	7
OG0011649	2	1	1	0	1	1	1	0	7
OG0011650	1	1	2	0	1	1	1	0	7
OG0011651	2	1	0	0	1	1	1	1	7
OG0011652	1	1	1	1	1	1	1	0	7
OG0011653	1	1	0	1	1	1	1	1	7
OG0011654	7	0	0	0	0	0	0	0	7
OG0011655	1	1	1	0	1	1	1	1	7
OG0011656	3	0	0	0	1	1	1	1	7
OG0011657	1	1	0	1	1	1	1	1	7
OG0011658	2	0	0	1	1	1	1	1	7
OG0011659	1	1	0	1	1	1	1	1	7
OG0011660	1	1	0	1	1	1	1	1	7
OG0011661	2	0	1	1	1	1	1	0	7
OG0011662	7	0	0	0	0	0	0	0	7
OG0011663	7	0	0	0	0	0	0	0	7
OG0011664	1	2	1	1	1	1	0	0	7
OG0011665	1	1	1	0	1	1	1	1	7
OG0011666	1	1	1	0	1	1	1	1	7
OG0011667	1	1	0	1	1	1	1	1	7
OG0011668	1	2	1	1	0	1	0	1	7
OG0011669	3	0	1	0	0	1	1	1	7
OG0011670	1	1	1	0	1	1	1	1	7
OG0011671	1	1	0	1	1	1	1	1	7
OG0011672	1	1	1	1	1	0	1	1	7
OG0011673	1	1	1	0	1	1	1	1	7
OG0011674	1	1	1	0	1	1	1	1	7
OG0011675	1	1	1	1	1	0	1	1	7
OG0011676	1	1	0	1	1	1	1	1	7
OG0011677	1	1	1	0	1	1	1	1	7
OG0011678	1	1	1	0	1	1	1	1	7
OG0011679	7	0	0	0	0	0	0	0	7
OG0011680	1	0	1	1	1	1	1	1	7
OG0011681	1	1	1	1	1	1	1	0	7
OG0011682	2	1	1	0	1	1	1	0	7
OG0011683	2	1	0	1	1	1	1	0	7
OG0011684	7	0	0	0	0	0	0	0	7
OG0011685	1	1	1	0	1	1	1	1	7
OG0011686	1	4	1	0	0	1	0	0	7
OG0011687	7	0	0	0	0	0	0	0	7
OG0011688	1	1	1	0	1	2	1	0	7
OG0011689	1	1	0	1	1	1	1	1	7
OG0011690	3	0	1	1	1	1	0	0	7
OG0011691	1	1	1	1	1	0	1	1	7
OG0011692	2	1	0	0	1	1	1	1	7
OG0011693	1	1	0	1	1	1	1	1	7
OG0011694	1	1	1	2	0	0	0	2	7
OG0011695	1	1	0	1	1	1	1	1	7
OG0011696	1	1	1	1	1	1	1	0	7
OG0011697	1	1	1	0	1	1	1	1	7
OG0011698	3	1	1	0	1	1	0	0	7
OG0011699	1	1	1	1	1	1	1	0	7
OG0011700	1	2	1	0	1	1	1	0	7
OG0011701	4	0	1	0	0	0	0	2	7
OG0011702	1	1	1	1	1	1	1	0	7
OG0011703	1	1	1	1	1	1	1	0	7
OG0011704	1	1	1	1	1	1	1	0	7
OG0011705	7	0	0	0	0	0	0	0	7
OG0011706	2	1	1	1	1	1	0	0	7
OG0011707	1	1	1	0	1	1	1	1	7
OG0011708	1	0	1	1	1	1	1	1	7
OG0011709	1	1	0	1	1	1	1	1	7
OG0011710	1	1	0	1	1	1	1	1	7
OG0011711	1	1	1	0	1	1	1	1	7
OG0011712	1	1	1	0	1	1	1	1	7
OG0011713	2	1	0	0	1	1	1	1	7
OG0011714	1	1	1	1	1	1	1	0	7
OG0011715	1	1	1	0	1	1	1	1	7
OG0011716	1	1	1	2	1	1	0	0	7
OG0011717	1	1	0	1	1	1	1	1	7
OG0011718	1	1	1	0	1	1	1	1	7
OG0011719	1	1	1	0	1	1	1	1	7
OG0011720	2	1	1	1	1	1	0	0	7
OG0011721	1	1	0	1	1	1	1	1	7
OG0011722	1	2	1	1	1	1	0	0	7
OG0011723	3	1	1	0	1	1	0	0	7
OG0011724	1	1	1	0	1	1	1	1	7
OG0011725	1	2	1	1	1	1	0	0	7
OG0011726	2	1	0	0	1	1	1	1	7
OG0011727	1	1	1	0	1	1	1	1	7
OG0011728	1	1	1	0	1	1	1	1	7
OG0011729	1	1	2	1	1	1	0	0	7
OG0011730	2	0	1	0	1	1	1	1	7
OG0011731	1	1	1	0	1	1	1	1	7
OG0011732	1	2	0	1	0	1	1	1	7
OG0011733	1	1	1	1	1	1	1	0	7
OG0011734	1	1	1	0	1	1	1	1	7
OG0011735	2	1	1	1	1	1	0	0	7
OG0011736	1	1	1	0	1	1	1	1	7
OG0011737	1	0	1	1	1	1	1	1	7
OG0011738	1	1	0	1	1	1	1	1	7
OG0011739	1	1	0	1	1	1	1	1	7
OG0011740	3	1	1	0	1	1	0	0	7
OG0011741	1	1	1	1	1	1	1	0	7
OG0011742	1	1	0	1	1	1	1	1	7
OG0011743	1	1	1	0	1	1	1	1	7
OG0011744	2	1	0	1	0	0	0	3	7
OG0011745	2	1	0	0	1	1	1	1	7
OG0011746	1	1	1	0	1	1	1	1	7
OG0011747	1	2	0	1	0	0	1	2	7
OG0011748	2	1	0	0	1	1	1	1	7
OG0011749	7	0	0	0	0	0	0	0	7
OG0011750	1	1	1	1	1	1	1	0	7
OG0011751	2	1	0	1	1	1	1	0	7
OG0011752	1	1	0	1	1	1	1	1	7
OG0011753	7	0	0	0	0	0	0	0	7
OG0011754	2	1	1	1	1	1	0	0	7
OG0011755	3	1	0	0	1	1	1	0	7
OG0011756	1	0	1	1	1	1	1	1	7
OG0011757	7	0	0	0	0	0	0	0	7
OG0011758	1	1	1	0	1	1	1	1	7
OG0011759	1	1	1	1	1	1	1	0	7
OG0011760	2	1	0	1	1	1	1	0	7
OG0011761	1	1	0	1	1	1	1	1	7
OG0011762	1	2	1	0	1	1	1	0	7
OG0011763	1	1	1	0	1	1	1	1	7
OG0011764	1	1	1	1	0	1	1	1	7
OG0011765	1	1	1	1	0	1	1	1	7
OG0011766	2	1	1	1	1	1	0	0	7
OG0011767	1	1	0	1	1	1	1	1	7
OG0011768	1	1	0	2	1	1	1	0	7
OG0011769	1	2	1	0	1	1	1	0	7
OG0011770	1	1	1	1	1	1	1	0	7
OG0011771	1	3	0	0	1	1	1	0	7
OG0011772	1	1	0	1	1	0	2	1	7
OG0011773	1	1	0	1	1	1	1	1	7
OG0011774	1	1	1	0	1	1	1	1	7
OG0011775	1	1	1	0	1	1	1	1	7
OG0011776	1	0	1	1	1	1	1	1	7
OG0011777	1	1	0	0	1	2	1	1	7
OG0011778	7	0	0	0	0	0	0	0	7
OG0011779	3	1	0	1	1	1	0	0	7
OG0011780	1	1	1	1	1	1	1	0	7
OG0011781	1	1	1	1	1	1	1	0	7
OG0011782	1	1	2	0	1	1	0	1	7
OG0011783	1	1	0	2	1	1	1	0	7
OG0011784	1	5	0	0	1	0	0	0	7
OG0011785	2	1	1	1	1	1	0	0	7
OG0011786	1	1	1	1	1	1	1	0	7
OG0011787	1	1	0	1	1	1	1	1	7
OG0011788	1	1	1	1	1	1	1	0	7
OG0011789	1	1	0	1	1	1	1	1	7
OG0011790	1	0	0	0	2	2	2	0	7
OG0011791	1	2	1	0	1	1	1	0	7
OG0011792	1	1	1	1	1	2	0	0	7
OG0011793	2	0	1	0	1	1	1	1	7
OG0011794	1	1	0	1	1	1	1	1	7
OG0011795	1	0	1	1	1	1	1	1	7
OG0011796	1	1	1	0	1	1	1	1	7
OG0011797	7	0	0	0	0	0	0	0	7
OG0011798	1	0	1	1	1	1	1	1	7
OG0011799	1	1	1	1	1	1	1	0	7
OG0011800	1	2	0	1	1	2	0	0	7
OG0011801	7	0	0	0	0	0	0	0	7
OG0011802	1	1	1	1	1	0	1	1	7
OG0011803	4	3	0	0	0	0	0	0	7
OG0011804	1	1	1	1	1	1	1	0	7
OG0011805	1	1	0	1	1	1	1	1	7
OG0011806	1	1	1	0	1	1	1	1	7
OG0011807	1	1	1	0	1	1	1	1	7
OG0011808	1	1	1	1	1	1	1	0	7
OG0011809	2	1	1	1	1	1	0	0	7
OG0011810	2	1	0	0	1	1	1	1	7
OG0011811	2	1	0	0	1	1	1	1	7
OG0011812	1	2	1	1	1	1	0	0	7
OG0011813	2	1	1	0	1	1	1	0	7
OG0011814	1	1	1	1	1	0	1	1	7
OG0011815	1	1	1	0	1	1	1	1	7
OG0011816	7	0	0	0	0	0	0	0	7
OG0011817	1	1	1	1	1	1	0	1	7
OG0011818	1	1	1	1	1	1	1	0	7
OG0011819	2	1	0	1	1	1	1	0	7
OG0011820	2	1	0	1	1	1	1	0	7
OG0011821	1	1	0	1	1	1	1	1	7
OG0011822	1	2	1	1	1	1	0	0	7
OG0011823	1	3	0	0	1	1	1	0	7
OG0011824	7	0	0	0	0	0	0	0	7
OG0011825	1	1	1	1	1	1	1	0	7
OG0011826	1	1	1	0	1	1	1	1	7
OG0011827	2	1	0	1	1	1	1	0	7
OG0011828	1	1	0	1	1	1	1	1	7
OG0011829	2	1	0	0	1	1	1	1	7
OG0011830	2	1	0	0	0	4	0	0	7
OG0011831	1	0	1	1	1	1	1	1	7
OG0011832	2	1	0	0	1	1	1	1	7
OG0011833	1	0	1	1	1	1	1	1	7
OG0011834	1	1	0	1	1	1	1	1	7
OG0011835	1	1	0	1	1	2	1	0	7
OG0011836	1	1	1	0	1	1	1	1	7
OG0011837	7	0	0	0	0	0	0	0	7
OG0011838	1	1	0	1	1	1	1	1	7
OG0011839	1	0	0	0	3	1	2	0	7
OG0011840	1	0	0	0	1	2	3	0	7
OG0011841	1	0	0	0	3	1	2	0	7
OG0011842	1	0	0	0	1	1	4	0	7
OG0011843	0	2	1	1	1	0	1	1	7
OG0011844	0	1	1	1	1	1	1	1	7
OG0011845	0	2	1	1	1	2	0	0	7
OG0011846	0	1	0	0	1	2	3	0	7
OG0011847	0	1	1	1	1	1	1	1	7
OG0011848	0	1	1	1	1	1	1	1	7
OG0011849	0	1	1	1	1	1	1	1	7
OG0011850	0	3	1	1	1	1	0	0	7
OG0011851	0	7	0	0	0	0	0	0	7
OG0011852	0	1	1	1	1	1	1	1	7
OG0011853	0	7	0	0	0	0	0	0	7
OG0011854	0	7	0	0	0	0	0	0	7
OG0011855	0	6	0	0	0	0	0	1	7
OG0011856	0	2	1	1	1	0	1	1	7
OG0011857	0	2	1	1	1	1	1	0	7
OG0011858	0	2	4	0	0	1	0	0	7
OG0011859	0	7	0	0	0	0	0	0	7
OG0011860	0	7	0	0	0	0	0	0	7
OG0011861	0	1	1	1	1	1	1	1	7
OG0011862	0	2	2	2	0	1	0	0	7
OG0011863	0	1	1	1	1	1	1	1	7
OG0011864	0	1	1	1	1	1	1	1	7
OG0011865	0	1	1	1	1	1	1	1	7
OG0011866	0	1	1	1	1	1	1	1	7
OG0011867	0	1	1	1	1	1	1	1	7
OG0011868	0	1	1	1	1	1	1	1	7
OG0011869	0	1	1	1	1	1	1	1	7
OG0011870	0	2	1	1	1	1	1	0	7
OG0011871	0	2	0	1	1	1	1	1	7
OG0011872	0	1	1	1	1	1	1	1	7
OG0011873	0	1	1	1	1	1	1	1	7
OG0011874	0	1	1	1	1	1	1	1	7
OG0011875	0	1	1	1	1	1	1	1	7
OG0011876	0	2	0	0	1	3	1	0	7
OG0011877	0	3	1	0	1	1	1	0	7
OG0011878	0	1	1	1	1	1	1	1	7
OG0011879	0	1	1	1	1	1	1	1	7
OG0011880	0	1	1	1	1	1	1	1	7
OG0011881	0	1	2	1	1	1	1	0	7
OG0011882	0	1	1	1	1	1	1	1	7
OG0011883	0	1	1	1	1	1	1	1	7
OG0011884	0	1	1	1	1	1	1	1	7
OG0011885	0	1	1	1	1	1	1	1	7
OG0011886	0	7	0	0	0	0	0	0	7
OG0011887	0	1	1	1	1	1	1	1	7
OG0011888	0	1	1	1	1	1	1	1	7
OG0011889	0	1	1	1	1	1	1	1	7
OG0011890	0	1	1	1	1	1	1	1	7
OG0011891	0	4	0	1	0	0	1	1	7
OG0011892	0	1	1	1	1	1	1	1	7
OG0011893	0	1	1	1	1	1	1	1	7
OG0011894	0	1	1	1	1	1	1	1	7
OG0011895	0	1	2	0	3	1	0	0	7
OG0011896	0	1	1	1	1	1	1	1	7
OG0011897	0	1	1	2	0	1	1	1	7
OG0011898	0	1	1	1	1	1	1	1	7
OG0011899	0	1	1	1	1	1	1	1	7
OG0011900	0	1	2	0	1	1	1	1	7
OG0011901	0	1	1	1	1	1	1	1	7
OG0011902	0	1	1	1	1	1	1	1	7
OG0011903	0	1	1	1	1	1	1	1	7
OG0011904	0	1	1	1	1	1	1	1	7
OG0011905	0	3	1	1	1	1	0	0	7
OG0011906	0	3	0	0	1	2	1	0	7
OG0011907	0	1	1	1	1	1	1	1	7
OG0011908	0	1	0	1	2	2	1	0	7
OG0011909	0	1	1	1	2	0	1	1	7
OG0011910	0	1	1	1	1	1	1	1	7
OG0011911	0	2	1	1	1	1	1	0	7
OG0011912	0	1	1	1	1	1	1	1	7
OG0011913	0	1	3	3	0	0	0	0	7
OG0011914	0	1	1	2	0	2	1	0	7
OG0011915	0	1	1	1	1	1	1	1	7
OG0011916	0	1	1	1	1	1	1	1	7
OG0011917	0	1	0	0	0	0	0	6	7
OG0011918	0	1	1	1	1	1	1	1	7
OG0011919	0	1	1	1	1	1	1	1	7
OG0011920	0	1	0	1	1	4	0	0	7
OG0011921	0	1	1	1	1	1	1	1	7
OG0011922	0	1	1	1	1	1	1	1	7
OG0011923	0	7	0	0	0	0	0	0	7
OG0011924	0	1	1	1	1	1	1	1	7
OG0011925	0	1	1	1	1	1	1	1	7
OG0011926	0	6	0	0	0	1	0	0	7
OG0011927	0	1	1	1	1	1	1	1	7
OG0011928	0	2	1	2	1	1	0	0	7
OG0011929	0	1	1	1	1	1	1	1	7
OG0011930	0	1	1	1	1	1	1	1	7
OG0011931	0	1	1	1	1	1	1	1	7
OG0011932	0	1	1	1	1	1	1	1	7
OG0011933	0	1	6	0	0	0	0	0	7
OG0011934	0	1	1	1	1	1	1	1	7
OG0011935	0	1	1	1	1	1	1	1	7
OG0011936	0	1	1	1	1	1	1	1	7
OG0011937	0	1	1	1	1	1	1	1	7
OG0011938	0	1	1	1	1	1	1	1	7
OG0011939	0	1	1	1	1	1	1	1	7
OG0011940	0	1	1	0	2	2	1	0	7
OG0011941	0	1	1	1	1	1	1	1	7
OG0011942	0	1	1	1	1	1	1	1	7
OG0011943	0	1	1	1	1	1	1	1	7
OG0011944	0	1	0	3	0	0	0	3	7
OG0011945	0	1	1	1	1	1	1	1	7
OG0011946	0	1	1	1	1	1	1	1	7
OG0011947	0	1	1	1	1	1	1	1	7
OG0011948	0	2	0	1	1	1	1	1	7
OG0011949	0	7	0	0	0	0	0	0	7
OG0011950	0	1	1	1	0	0	0	4	7
OG0011951	0	1	1	1	1	1	1	1	7
OG0011952	0	1	1	1	1	1	1	1	7
OG0011953	0	1	0	0	2	4	0	0	7
OG0011954	0	1	1	1	1	1	1	1	7
OG0011955	0	1	3	1	0	0	0	2	7
OG0011956	0	1	1	1	1	1	1	1	7
OG0011957	0	1	1	1	1	1	1	1	7
OG0011958	0	1	1	1	1	1	1	1	7
OG0011959	0	1	1	1	1	1	1	1	7
OG0011960	0	1	1	1	1	1	1	1	7
OG0011961	0	1	1	1	1	1	1	1	7
OG0011962	0	1	1	1	1	1	1	1	7
OG0011963	0	1	1	1	1	1	1	1	7
OG0011964	0	1	1	1	1	1	1	1	7
OG0011965	0	1	1	1	1	1	1	1	7
OG0011966	0	1	1	1	1	1	1	1	7
OG0011967	0	1	1	1	1	1	1	1	7
OG0011968	0	1	1	1	1	1	1	1	7
OG0011969	0	1	1	1	1	1	1	1	7
OG0011970	0	1	1	1	1	1	1	1	7
OG0011971	0	1	2	0	1	1	1	1	7
OG0011972	0	1	1	1	1	1	1	1	7
OG0011973	0	1	1	1	1	1	1	1	7
OG0011974	0	1	1	1	1	1	1	1	7
OG0011975	0	1	1	1	1	1	1	1	7
OG0011976	0	1	1	0	1	2	1	1	7
OG0011977	0	1	1	1	1	1	1	1	7
OG0011978	0	0	1	0	1	5	0	0	7
OG0011979	0	0	1	0	0	0	0	6	7
OG0011980	0	0	4	0	0	0	0	3	7
OG0011981	0	0	3	2	0	0	0	2	7
OG0011982	0	0	5	0	0	0	0	2	7
OG0011983	0	0	3	0	0	0	0	4	7
OG0011984	0	0	6	0	0	0	0	1	7
OG0011985	0	0	3	0	0	0	0	4	7
OG0011986	0	0	2	0	0	0	0	5	7
OG0011987	0	0	2	0	0	0	0	5	7
OG0011988	0	0	2	1	1	1	1	1	7
OG0011989	0	0	2	3	0	0	0	2	7
OG0011990	0	0	2	3	1	0	0	1	7
OG0011991	0	0	3	1	0	0	0	3	7
OG0011992	0	0	2	0	0	0	0	5	7
OG0011993	0	0	1	1	5	0	0	0	7
OG0011994	0	0	3	0	0	0	0	4	7
OG0011995	0	0	2	0	0	0	0	5	7
OG0011996	0	0	3	1	0	0	0	3	7
OG0011997	0	0	1	2	1	0	0	3	7
OG0011998	0	0	4	0	0	0	0	3	7
OG0011999	0	0	1	0	0	0	0	6	7
OG0012000	0	0	1	0	3	3	0	0	7
OG0012001	0	0	1	2	0	0	0	4	7
OG0012002	0	0	1	0	0	0	0	6	7
OG0012003	0	0	1	0	0	0	0	6	7
OG0012004	0	0	1	0	0	0	0	6	7
OG0012005	0	0	3	1	0	0	0	3	7
OG0012006	0	0	1	3	0	0	0	3	7
OG0012007	0	0	1	0	0	0	0	6	7
OG0012008	0	0	1	0	0	0	0	6	7
OG0012009	0	0	0	6	0	0	0	1	7
OG0012010	0	0	0	1	4	1	1	0	7
OG0012011	0	0	0	1	1	4	1	0	7
OG0012012	0	0	0	0	1	0	6	0	7
OG0012013	0	0	0	0	3	0	4	0	7
OG0012014	0	0	0	0	7	0	0	0	7
OG0012015	0	0	0	0	7	0	0	0	7
OG0012016	0	0	0	0	2	0	5	0	7
OG0012017	0	0	0	0	1	0	5	1	7
OG0012018	0	0	0	0	4	1	2	0	7
OG0012019	0	0	0	0	1	0	6	0	7
OG0012020	0	0	0	0	7	0	0	0	7
OG0012021	0	0	0	0	5	1	1	0	7
OG0012022	0	0	0	0	5	1	1	0	7
OG0012023	0	0	0	0	3	3	0	1	7
OG0012024	0	0	0	0	1	1	5	0	7
OG0012025	0	0	0	0	7	0	0	0	7
OG0012026	0	0	0	0	2	4	1	0	7
OG0012027	0	0	0	0	1	4	2	0	7
OG0012028	0	0	0	0	2	1	4	0	7
OG0012029	0	0	0	0	1	0	6	0	7
OG0012030	0	0	0	0	1	0	6	0	7
OG0012031	0	0	0	0	2	0	4	1	7
OG0012032	0	0	0	0	3	3	1	0	7
OG0012033	0	0	0	0	0	5	2	0	7
OG0012034	0	0	0	0	0	0	7	0	7
OG0012035	0	0	0	0	0	0	7	0	7
OG0012036	0	0	0	0	0	0	7	0	7
OG0012037	0	0	0	0	0	0	7	0	7
OG0012038	0	0	0	0	0	0	0	7	7
OG0012039	0	0	0	0	0	0	0	7	7
OG0012040	0	0	0	0	0	0	0	7	7
OG0012041	0	0	0	0	0	0	0	7	7
OG0012042	0	0	0	0	0	0	0	7	7
OG0012043	0	0	0	0	0	0	0	7	7
OG0012044	0	0	0	0	0	0	0	7	7
OG0012045	1	1	1	0	1	1	1	0	6
OG0012046	0	0	1	1	1	1	1	1	6
OG0012047	1	2	0	0	1	1	1	0	6
OG0012048	1	2	1	0	1	1	0	0	6
OG0012049	1	3	0	0	1	0	1	0	6
OG0012050	0	1	2	1	1	1	0	0	6
OG0012051	6	0	0	0	0	0	0	0	6
OG0012052	2	1	1	0	1	0	1	0	6
OG0012053	0	0	1	1	1	1	1	1	6
OG0012054	0	1	0	1	1	1	1	1	6
OG0012055	1	1	1	0	1	1	1	0	6
OG0012056	4	2	0	0	0	0	0	0	6
OG0012057	3	0	1	0	1	1	0	0	6
OG0012058	0	1	1	0	1	1	1	1	6
OG0012059	0	1	1	1	1	1	1	0	6
OG0012060	2	0	1	1	1	0	1	0	6
OG0012061	2	2	1	0	0	1	0	0	6
OG0012062	1	0	1	1	1	0	1	1	6
OG0012063	2	1	0	1	1	1	0	0	6
OG0012064	1	1	1	1	1	1	0	0	6
OG0012065	2	1	0	0	1	1	1	0	6
OG0012066	1	2	1	0	0	1	1	0	6
OG0012067	0	0	4	0	0	0	0	2	6
OG0012068	1	1	1	1	1	0	1	0	6
OG0012069	1	1	0	0	1	1	1	1	6
OG0012070	1	1	2	0	1	1	0	0	6
OG0012071	1	2	1	1	1	0	0	0	6
OG0012072	1	1	1	1	1	0	0	1	6
OG0012073	1	2	1	0	1	1	0	0	6
OG0012074	0	1	0	1	1	1	1	1	6
OG0012075	4	1	0	0	0	1	0	0	6
OG0012076	2	1	0	1	1	1	0	0	6
OG0012077	1	1	1	1	1	1	0	0	6
OG0012078	0	1	1	1	1	1	1	0	6
OG0012079	1	1	1	0	1	1	1	0	6
OG0012080	0	0	1	1	1	1	1	1	6
OG0012081	0	1	1	0	1	1	1	1	6
OG0012082	1	1	1	0	1	1	1	0	6
OG0012083	1	0	1	1	1	0	0	2	6
OG0012084	1	2	0	1	1	1	0	0	6
OG0012085	0	0	1	1	1	1	1	1	6
OG0012086	5	0	1	0	0	0	0	0	6
OG0012087	0	1	1	1	1	1	1	0	6
OG0012088	0	0	1	1	1	1	1	1	6
OG0012089	2	0	0	1	1	1	1	0	6
OG0012090	1	0	1	1	1	0	1	1	6
OG0012091	1	2	1	1	1	0	0	0	6
OG0012092	1	1	0	0	1	1	1	1	6
OG0012093	5	1	0	0	0	0	0	0	6
OG0012094	2	1	0	0	1	1	1	0	6
OG0012095	4	2	0	0	0	0	0	0	6
OG0012096	1	0	1	0	1	1	1	1	6
OG0012097	1	3	0	2	0	0	0	0	6
OG0012098	1	0	0	0	0	0	0	5	6
OG0012099	2	2	0	0	0	1	0	1	6
OG0012100	2	1	1	0	1	1	0	0	6
OG0012101	2	1	1	1	0	1	0	0	6
OG0012102	0	1	0	0	1	1	2	1	6
OG0012103	1	1	1	0	1	1	0	1	6
OG0012104	2	3	0	0	0	1	0	0	6
OG0012105	0	1	2	1	1	1	0	0	6
OG0012106	0	1	0	1	1	1	1	1	6
OG0012107	2	0	1	0	1	1	1	0	6
OG0012108	0	0	1	1	1	1	1	1	6
OG0012109	0	0	4	0	0	0	0	2	6
OG0012110	0	0	1	1	1	1	1	1	6
OG0012111	2	1	1	0	1	1	0	0	6
OG0012112	0	0	1	1	1	1	1	1	6
OG0012113	1	0	2	1	1	1	0	0	6
OG0012114	6	0	0	0	0	0	0	0	6
OG0012115	0	0	1	1	1	1	1	1	6
OG0012116	1	0	1	1	1	0	1	1	6
OG0012117	1	1	1	0	0	1	1	1	6
OG0012118	1	1	1	0	0	1	1	1	6
OG0012119	4	1	0	0	0	1	0	0	6
OG0012120	1	1	1	1	1	1	0	0	6
OG0012121	2	1	1	0	1	1	0	0	6
OG0012122	1	1	1	1	1	1	0	0	6
OG0012123	1	1	1	1	1	1	0	0	6
OG0012124	2	1	1	1	0	1	0	0	6
OG0012125	4	1	0	0	0	1	0	0	6
OG0012126	1	1	2	1	1	0	0	0	6
OG0012127	1	1	1	0	0	1	1	1	6
OG0012128	3	1	0	0	0	2	0	0	6
OG0012129	1	2	0	0	1	1	1	0	6
OG0012130	4	2	0	0	0	0	0	0	6
OG0012131	1	1	1	1	1	1	0	0	6
OG0012132	1	1	0	1	1	1	1	0	6
OG0012133	1	1	1	1	1	1	0	0	6
OG0012134	1	1	1	0	1	1	1	0	6
OG0012135	3	2	0	0	0	1	0	0	6
OG0012136	2	4	0	0	0	0	0	0	6
OG0012137	1	2	1	0	1	1	0	0	6
OG0012138	1	1	1	0	0	1	1	1	6
OG0012139	3	1	0	0	0	2	0	0	6
OG0012140	3	1	0	0	1	1	0	0	6
OG0012141	1	1	1	1	0	1	0	1	6
OG0012142	1	1	1	1	1	1	0	0	6
OG0012143	2	1	0	1	1	1	0	0	6
OG0012144	1	1	1	1	1	1	0	0	6
OG0012145	1	1	1	1	0	1	1	0	6
OG0012146	4	2	0	0	0	0	0	0	6
OG0012147	1	0	1	1	1	1	1	0	6
OG0012148	1	0	1	0	2	1	1	0	6
OG0012149	3	1	0	0	1	1	0	0	6
OG0012150	1	1	2	0	0	0	0	2	6
OG0012151	1	2	1	0	1	1	0	0	6
OG0012152	1	1	1	0	1	1	0	1	6
OG0012153	1	0	1	1	1	1	1	0	6
OG0012154	1	0	1	0	1	1	1	1	6
OG0012155	1	0	1	0	1	1	1	1	6
OG0012156	2	1	0	0	0	1	1	1	6
OG0012157	1	0	1	1	1	1	1	0	6
OG0012158	4	0	1	0	0	0	0	1	6
OG0012159	5	0	0	0	0	0	0	1	6
OG0012160	0	3	0	0	1	2	0	0	6
OG0012161	0	0	1	1	1	1	1	1	6
OG0012162	1	1	0	0	1	1	1	1	6
OG0012163	1	1	1	0	0	1	1	1	6
OG0012164	2	1	1	0	1	1	0	0	6
OG0012165	1	1	1	1	1	1	0	0	6
OG0012166	1	1	1	1	1	1	0	0	6
OG0012167	4	1	0	0	1	0	0	0	6
OG0012168	1	1	1	1	1	1	0	0	6
OG0012169	2	1	1	0	1	1	0	0	6
OG0012170	2	1	0	0	1	1	1	0	6
OG0012171	1	2	0	1	0	1	1	0	6
OG0012172	2	2	0	0	1	1	0	0	6
OG0012173	1	1	0	0	1	1	1	1	6
OG0012174	1	0	2	0	0	0	0	3	6
OG0012175	0	0	1	1	1	1	1	1	6
OG0012176	4	1	0	0	0	1	0	0	6
OG0012177	5	1	0	0	0	0	0	0	6
OG0012178	1	1	1	0	1	1	1	0	6
OG0012179	1	1	1	1	1	1	0	0	6
OG0012180	1	1	1	1	1	1	0	0	6
OG0012181	1	0	1	1	1	1	1	0	6
OG0012182	0	6	0	0	0	0	0	0	6
OG0012183	2	0	1	1	1	1	0	0	6
OG0012184	1	0	2	2	0	1	0	0	6
OG0012185	2	2	1	0	0	1	0	0	6
OG0012186	1	1	1	1	1	1	0	0	6
OG0012187	1	1	1	1	1	0	0	1	6
OG0012188	1	1	1	1	1	1	0	0	6
OG0012189	1	2	1	0	1	1	0	0	6
OG0012190	1	0	1	1	1	1	1	0	6
OG0012191	1	1	0	0	1	1	1	1	6
OG0012192	2	1	0	0	1	1	1	0	6
OG0012193	1	2	0	0	1	1	1	0	6
OG0012194	2	1	2	0	0	1	0	0	6
OG0012195	5	1	0	0	0	0	0	0	6
OG0012196	1	0	1	0	1	1	1	1	6
OG0012197	1	1	0	1	1	1	1	0	6
OG0012198	2	1	1	0	1	1	0	0	6
OG0012199	1	1	0	0	1	1	1	1	6
OG0012200	0	0	2	0	1	1	1	1	6
OG0012201	1	0	1	1	1	1	1	0	6
OG0012202	1	1	1	1	1	1	0	0	6
OG0012203	1	1	1	1	1	1	0	0	6
OG0012204	1	2	0	0	1	1	1	0	6
OG0012205	1	1	1	0	1	1	1	0	6
OG0012206	2	1	0	0	1	1	1	0	6
OG0012207	2	1	0	0	1	1	1	0	6
OG0012208	1	1	1	0	1	0	1	1	6
OG0012209	1	1	0	0	1	1	1	1	6
OG0012210	1	1	0	1	1	1	1	0	6
OG0012211	2	1	1	0	1	0	1	0	6
OG0012212	1	2	0	0	1	1	1	0	6
OG0012213	1	1	1	1	0	0	1	1	6
OG0012214	2	1	1	0	1	1	0	0	6
OG0012215	1	1	1	1	1	1	0	0	6
OG0012216	1	1	0	1	1	1	1	0	6
OG0012217	2	1	0	0	1	1	1	0	6
OG0012218	2	0	0	1	1	1	1	0	6
OG0012219	1	1	0	0	1	1	1	1	6
OG0012220	6	0	0	0	0	0	0	0	6
OG0012221	6	0	0	0	0	0	0	0	6
OG0012222	1	1	0	1	1	1	1	0	6
OG0012223	6	0	0	0	0	0	0	0	6
OG0012224	6	0	0	0	0	0	0	0	6
OG0012225	1	1	1	0	1	1	1	0	6
OG0012226	6	0	0	0	0	0	0	0	6
OG0012227	6	0	0	0	0	0	0	0	6
OG0012228	1	1	1	1	1	1	0	0	6
OG0012229	2	1	0	0	1	1	1	0	6
OG0012230	1	1	1	0	1	1	1	0	6
OG0012231	2	1	1	0	1	1	0	0	6
OG0012232	1	0	1	0	1	1	1	1	6
OG0012233	1	1	1	1	1	1	0	0	6
OG0012234	1	1	0	1	0	1	0	2	6
OG0012235	1	1	0	0	0	1	2	1	6
OG0012236	6	0	0	0	0	0	0	0	6
OG0012237	6	0	0	0	0	0	0	0	6
OG0012238	6	0	0	0	0	0	0	0	6
OG0012239	6	0	0	0	0	0	0	0	6
OG0012240	4	1	0	0	0	1	0	0	6
OG0012241	6	0	0	0	0	0	0	0	6
OG0012242	1	1	0	1	1	1	1	0	6
OG0012243	4	2	0	0	0	0	0	0	6
OG0012244	2	0	0	0	1	1	1	1	6
OG0012245	1	1	1	1	1	1	0	0	6
OG0012246	1	1	1	1	1	1	0	0	6
OG0012247	2	1	0	0	1	1	1	0	6
OG0012248	6	0	0	0	0	0	0	0	6
OG0012249	2	1	0	0	1	1	1	0	6
OG0012250	6	0	0	0	0	0	0	0	6
OG0012251	1	1	0	0	1	1	1	1	6
OG0012252	6	0	0	0	0	0	0	0	6
OG0012253	1	1	0	1	1	1	1	0	6
OG0012254	6	0	0	0	0	0	0	0	6
OG0012255	3	1	1	0	0	0	0	1	6
OG0012256	1	2	0	0	0	1	1	1	6
OG0012257	6	0	0	0	0	0	0	0	6
OG0012258	6	0	0	0	0	0	0	0	6
OG0012259	5	1	0	0	0	0	0	0	6
OG0012260	1	0	0	1	1	1	1	1	6
OG0012261	1	1	0	0	1	1	1	1	6
OG0012262	1	1	0	0	1	1	1	1	6
OG0012263	5	1	0	0	0	0	0	0	6
OG0012264	6	0	0	0	0	0	0	0	6
OG0012265	6	0	0	0	0	0	0	0	6
OG0012266	2	1	1	0	1	0	1	0	6
OG0012267	1	1	1	0	1	1	0	1	6
OG0012268	1	1	1	1	1	0	1	0	6
OG0012269	1	1	1	1	1	1	0	0	6
OG0012270	6	0	0	0	0	0	0	0	6
OG0012271	6	0	0	0	0	0	0	0	6
OG0012272	1	1	0	0	1	1	1	1	6
OG0012273	4	2	0	0	0	0	0	0	6
OG0012274	1	1	0	0	1	1	1	1	6
OG0012275	6	0	0	0	0	0	0	0	6
OG0012276	1	1	0	0	1	1	1	1	6
OG0012277	1	1	0	0	1	1	1	1	6
OG0012278	1	2	0	0	1	1	1	0	6
OG0012279	1	1	1	1	1	1	0	0	6
OG0012280	1	1	0	0	1	1	1	1	6
OG0012281	6	0	0	0	0	0	0	0	6
OG0012282	6	0	0	0	0	0	0	0	6
OG0012283	2	4	0	0	0	0	0	0	6
OG0012284	2	1	1	1	1	0	0	0	6
OG0012285	1	1	0	1	1	1	1	0	6
OG0012286	6	0	0	0	0	0	0	0	6
OG0012287	6	0	0	0	0	0	0	0	6
OG0012288	1	1	0	0	1	1	1	1	6
OG0012289	1	2	1	0	1	0	1	0	6
OG0012290	1	1	0	1	1	1	1	0	6
OG0012291	2	1	0	0	1	1	1	0	6
OG0012292	1	1	0	1	1	1	1	0	6
OG0012293	6	0	0	0	0	0	0	0	6
OG0012294	3	1	0	0	1	0	1	0	6
OG0012295	6	0	0	0	0	0	0	0	6
OG0012296	1	1	1	1	1	1	0	0	6
OG0012297	1	1	1	0	1	1	1	0	6
OG0012298	1	1	1	0	1	1	1	0	6
OG0012299	1	1	0	0	1	1	1	1	6
OG0012300	1	1	0	0	1	1	1	1	6
OG0012301	1	2	1	0	0	0	0	2	6
OG0012302	1	3	1	0	0	1	0	0	6
OG0012303	1	1	0	0	1	1	1	1	6
OG0012304	6	0	0	0	0	0	0	0	6
OG0012305	1	1	0	1	1	1	1	0	6
OG0012306	6	0	0	0	0	0	0	0	6
OG0012307	1	1	1	1	1	1	0	0	6
OG0012308	1	1	0	1	1	1	1	0	6
OG0012309	1	1	1	0	1	1	1	0	6
OG0012310	1	2	0	0	1	1	1	0	6
OG0012311	1	1	0	0	1	1	1	1	6
OG0012312	6	0	0	0	0	0	0	0	6
OG0012313	6	0	0	0	0	0	0	0	6
OG0012314	1	0	0	1	1	1	1	1	6
OG0012315	1	1	1	0	2	1	0	0	6
OG0012316	6	0	0	0	0	0	0	0	6
OG0012317	6	0	0	0	0	0	0	0	6
OG0012318	1	1	0	0	1	1	1	1	6
OG0012319	5	0	0	0	0	1	0	0	6
OG0012320	6	0	0	0	0	0	0	0	6
OG0012321	6	0	0	0	0	0	0	0	6
OG0012322	1	1	1	0	1	1	1	0	6
OG0012323	2	1	0	0	1	1	1	0	6
OG0012324	2	1	0	0	2	1	0	0	6
OG0012325	2	1	0	0	1	1	1	0	6
OG0012326	1	1	1	0	1	1	1	0	6
OG0012327	1	1	1	0	1	1	1	0	6
OG0012328	1	1	1	1	1	1	0	0	6
OG0012329	6	0	0	0	0	0	0	0	6
OG0012330	6	0	0	0	0	0	0	0	6
OG0012331	1	1	0	0	1	1	1	1	6
OG0012332	1	2	0	0	1	1	1	0	6
OG0012333	6	0	0	0	0	0	0	0	6
OG0012334	6	0	0	0	0	0	0	0	6
OG0012335	1	0	2	0	0	0	0	3	6
OG0012336	5	1	0	0	0	0	0	0	6
OG0012337	1	1	0	0	1	1	1	1	6
OG0012338	1	1	0	0	1	1	1	1	6
OG0012339	1	1	1	1	1	1	0	0	6
OG0012340	1	1	0	1	1	1	1	0	6
OG0012341	4	1	0	0	0	1	0	0	6
OG0012342	2	1	1	0	1	1	0	0	6
OG0012343	6	0	0	0	0	0	0	0	6
OG0012344	6	0	0	0	0	0	0	0	6
OG0012345	1	1	0	0	1	1	1	1	6
OG0012346	1	1	0	0	1	1	1	1	6
OG0012347	6	0	0	0	0	0	0	0	6
OG0012348	1	1	0	1	1	1	1	0	6
OG0012349	1	0	0	0	2	1	1	1	6
OG0012350	6	0	0	0	0	0	0	0	6
OG0012351	6	0	0	0	0	0	0	0	6
OG0012352	2	2	0	0	1	1	0	0	6
OG0012353	1	1	1	0	1	0	1	1	6
OG0012354	1	1	1	1	0	1	1	0	6
OG0012355	1	1	0	1	1	1	1	0	6
OG0012356	1	1	0	1	1	1	1	0	6
OG0012357	1	1	0	0	1	1	1	1	6
OG0012358	2	1	1	0	1	1	0	0	6
OG0012359	1	1	1	1	1	1	0	0	6
OG0012360	6	0	0	0	0	0	0	0	6
OG0012361	1	1	1	1	1	1	0	0	6
OG0012362	1	1	1	0	1	1	1	0	6
OG0012363	6	0	0	0	0	0	0	0	6
OG0012364	6	0	0	0	0	0	0	0	6
OG0012365	6	0	0	0	0	0	0	0	6
OG0012366	1	1	0	0	1	1	1	1	6
OG0012367	1	1	1	0	1	1	1	0	6
OG0012368	6	0	0	0	0	0	0	0	6
OG0012369	1	5	0	0	0	0	0	0	6
OG0012370	1	1	0	0	1	1	1	1	6
OG0012371	2	1	0	0	1	1	1	0	6
OG0012372	1	1	0	0	1	1	1	1	6
OG0012373	6	0	0	0	0	0	0	0	6
OG0012374	1	2	0	1	1	1	0	0	6
OG0012375	1	1	0	0	1	1	1	1	6
OG0012376	6	0	0	0	0	0	0	0	6
OG0012377	1	1	0	1	1	1	1	0	6
OG0012378	2	1	1	1	0	0	0	1	6
OG0012379	4	1	0	0	0	1	0	0	6
OG0012380	1	1	0	0	1	1	1	1	6
OG0012381	1	1	1	1	1	1	0	0	6
OG0012382	1	1	0	0	1	1	1	1	6
OG0012383	6	0	0	0	0	0	0	0	6
OG0012384	6	0	0	0	0	0	0	0	6
OG0012385	1	2	0	0	0	2	1	0	6
OG0012386	1	1	0	0	1	1	1	1	6
OG0012387	1	2	0	0	1	1	1	0	6
OG0012388	6	0	0	0	0	0	0	0	6
OG0012389	2	3	0	0	0	1	0	0	6
OG0012390	1	1	1	1	1	1	0	0	6
OG0012391	2	2	0	0	1	1	0	0	6
OG0012392	6	0	0	0	0	0	0	0	6
OG0012393	4	2	0	0	0	0	0	0	6
OG0012394	5	1	0	0	0	0	0	0	6
OG0012395	1	1	1	1	1	1	0	0	6
OG0012396	1	2	0	0	1	1	1	0	6
OG0012397	6	0	0	0	0	0	0	0	6
OG0012398	1	1	0	0	1	1	1	1	6
OG0012399	6	0	0	0	0	0	0	0	6
OG0012400	1	1	0	0	1	1	1	1	6
OG0012401	6	0	0	0	0	0	0	0	6
OG0012402	2	0	0	1	1	0	1	1	6
OG0012403	2	0	1	0	0	1	1	1	6
OG0012404	2	4	0	0	0	0	0	0	6
OG0012405	1	1	0	0	1	1	1	1	6
OG0012406	1	1	0	0	1	1	1	1	6
OG0012407	6	0	0	0	0	0	0	0	6
OG0012408	1	1	1	0	1	1	1	0	6
OG0012409	2	1	1	1	0	0	0	1	6
OG0012410	6	0	0	0	0	0	0	0	6
OG0012411	6	0	0	0	0	0	0	0	6
OG0012412	1	1	1	0	1	1	0	1	6
OG0012413	6	0	0	0	0	0	0	0	6
OG0012414	1	2	0	0	1	1	1	0	6
OG0012415	1	1	1	0	1	1	1	0	6
OG0012416	1	0	0	0	0	3	2	0	6
OG0012417	2	1	0	0	1	1	1	0	6
OG0012418	1	0	1	0	1	1	1	1	6
OG0012419	3	2	0	0	0	1	0	0	6
OG0012420	6	0	0	0	0	0	0	0	6
OG0012421	6	0	0	0	0	0	0	0	6
OG0012422	6	0	0	0	0	0	0	0	6
OG0012423	1	0	1	0	1	1	1	1	6
OG0012424	1	1	1	0	1	1	1	0	6
OG0012425	2	0	1	1	1	1	0	0	6
OG0012426	1	1	1	0	1	0	1	1	6
OG0012427	2	2	1	0	0	1	0	0	6
OG0012428	6	0	0	0	0	0	0	0	6
OG0012429	1	1	0	0	1	1	1	1	6
OG0012430	2	1	1	0	1	1	0	0	6
OG0012431	1	5	0	0	0	0	0	0	6
OG0012432	1	1	0	1	1	1	1	0	6
OG0012433	4	2	0	0	0	0	0	0	6
OG0012434	1	1	0	1	1	1	1	0	6
OG0012435	1	1	0	0	1	1	1	1	6
OG0012436	6	0	0	0	0	0	0	0	6
OG0012437	1	1	0	0	1	1	1	1	6
OG0012438	1	1	1	1	1	1	0	0	6
OG0012439	4	2	0	0	0	0	0	0	6
OG0012440	2	0	0	0	1	1	1	1	6
OG0012441	1	1	1	1	1	1	0	0	6
OG0012442	6	0	0	0	0	0	0	0	6
OG0012443	6	0	0	0	0	0	0	0	6
OG0012444	6	0	0	0	0	0	0	0	6
OG0012445	6	0	0	0	0	0	0	0	6
OG0012446	1	1	0	0	1	1	2	0	6
OG0012447	6	0	0	0	0	0	0	0	6
OG0012448	1	1	0	1	1	1	0	1	6
OG0012449	1	1	1	0	1	1	1	0	6
OG0012450	2	4	0	0	0	0	0	0	6
OG0012451	2	1	0	1	1	1	0	0	6
OG0012452	1	2	0	1	1	1	0	0	6
OG0012453	1	1	2	0	1	1	0	0	6
OG0012454	1	1	0	0	1	1	1	1	6
OG0012455	1	1	1	1	1	1	0	0	6
OG0012456	1	1	1	0	1	1	1	0	6
OG0012457	1	1	0	1	1	1	1	0	6
OG0012458	1	2	1	0	1	1	0	0	6
OG0012459	6	0	0	0	0	0	0	0	6
OG0012460	1	2	0	0	1	1	1	0	6
OG0012461	2	1	1	0	1	1	0	0	6
OG0012462	2	4	0	0	0	0	0	0	6
OG0012463	1	1	1	0	0	1	1	1	6
OG0012464	1	1	1	1	1	1	0	0	6
OG0012465	6	0	0	0	0	0	0	0	6
OG0012466	1	1	1	1	1	1	0	0	6
OG0012467	2	1	0	0	1	1	1	0	6
OG0012468	1	1	0	0	1	1	1	1	6
OG0012469	1	1	1	0	1	1	1	0	6
OG0012470	1	1	1	0	1	1	1	0	6
OG0012471	2	1	0	0	1	1	1	0	6
OG0012472	6	0	0	0	0	0	0	0	6
OG0012473	1	1	0	0	1	1	1	1	6
OG0012474	5	1	0	0	0	0	0	0	6
OG0012475	4	2	0	0	0	0	0	0	6
OG0012476	3	1	0	0	0	1	1	0	6
OG0012477	6	0	0	0	0	0	0	0	6
OG0012478	5	1	0	0	0	0	0	0	6
OG0012479	1	1	1	1	1	1	0	0	6
OG0012480	1	1	0	1	1	1	1	0	6
OG0012481	3	1	1	0	0	1	0	0	6
OG0012482	5	1	0	0	0	0	0	0	6
OG0012483	1	1	1	1	1	1	0	0	6
OG0012484	1	1	1	1	1	1	0	0	6
OG0012485	1	2	0	0	1	1	1	0	6
OG0012486	1	1	0	0	1	1	1	1	6
OG0012487	1	1	1	0	1	1	1	0	6
OG0012488	1	1	0	1	1	1	1	0	6
OG0012489	1	1	0	0	1	1	1	1	6
OG0012490	1	1	1	0	1	1	0	1	6
OG0012491	1	1	1	0	1	1	1	0	6
OG0012492	2	1	1	0	1	1	0	0	6
OG0012493	1	1	1	1	1	1	0	0	6
OG0012494	1	1	1	1	1	0	1	0	6
OG0012495	1	1	0	0	1	1	2	0	6
OG0012496	1	1	0	0	1	1	1	1	6
OG0012497	1	1	1	1	1	1	0	0	6
OG0012498	2	1	0	0	1	1	1	0	6
OG0012499	1	1	1	0	1	1	1	0	6
OG0012500	1	1	1	0	1	1	1	0	6
OG0012501	1	1	1	1	1	1	0	0	6
OG0012502	1	1	1	0	1	1	1	0	6
OG0012503	1	1	1	0	1	1	1	0	6
OG0012504	1	1	0	0	1	1	1	1	6
OG0012505	6	0	0	0	0	0	0	0	6
OG0012506	1	1	0	2	1	0	1	0	6
OG0012507	5	0	0	0	1	0	0	0	6
OG0012508	1	2	1	1	1	0	0	0	6
OG0012509	6	0	0	0	0	0	0	0	6
OG0012510	1	1	0	1	1	1	1	0	6
OG0012511	1	1	0	1	1	1	1	0	6
OG0012512	2	1	2	0	0	0	0	1	6
OG0012513	1	1	1	1	1	1	0	0	6
OG0012514	1	1	0	0	1	1	1	1	6
OG0012515	1	0	0	0	1	1	3	0	6
OG0012516	1	0	0	0	1	1	3	0	6
OG0012517	1	0	0	0	1	2	2	0	6
OG0012518	1	0	0	0	2	1	2	0	6
OG0012519	1	0	0	0	2	1	2	0	6
OG0012520	1	0	0	0	1	2	2	0	6
OG0012521	0	6	0	0	0	0	0	0	6
OG0012522	0	6	0	0	0	0	0	0	6
OG0012523	0	1	1	1	1	1	0	1	6
OG0012524	0	6	0	0	0	0	0	0	6
OG0012525	0	2	1	1	0	0	0	2	6
OG0012526	0	3	1	1	0	0	0	1	6
OG0012527	0	6	0	0	0	0	0	0	6
OG0012528	0	2	1	1	1	0	0	1	6
OG0012529	0	1	0	1	1	1	1	1	6
OG0012530	0	1	1	1	1	0	1	1	6
OG0012531	0	5	0	0	0	1	0	0	6
OG0012532	0	4	0	0	0	1	1	0	6
OG0012533	0	6	0	0	0	0	0	0	6
OG0012534	0	2	0	1	1	1	1	0	6
OG0012535	0	4	0	0	1	0	1	0	6
OG0012536	0	6	0	0	0	0	0	0	6
OG0012537	0	6	0	0	0	0	0	0	6
OG0012538	0	2	1	0	1	1	1	0	6
OG0012539	0	2	0	0	2	1	1	0	6
OG0012540	0	1	1	0	1	2	0	1	6
OG0012541	0	6	0	0	0	0	0	0	6
OG0012542	0	1	1	1	1	1	1	0	6
OG0012543	0	6	0	0	0	0	0	0	6
OG0012544	0	1	2	1	1	1	0	0	6
OG0012545	0	1	1	1	1	2	0	0	6
OG0012546	0	1	1	1	1	1	1	0	6
OG0012547	0	2	1	1	1	1	0	0	6
OG0012548	0	3	0	0	1	1	1	0	6
OG0012549	0	1	1	1	1	1	1	0	6
OG0012550	0	1	1	0	1	1	2	0	6
OG0012551	0	6	0	0	0	0	0	0	6
OG0012552	0	6	0	0	0	0	0	0	6
OG0012553	0	1	1	1	1	1	1	0	6
OG0012554	0	1	1	1	1	1	1	0	6
OG0012555	0	1	0	1	1	1	1	1	6
OG0012556	0	6	0	0	0	0	0	0	6
OG0012557	0	2	1	1	1	1	0	0	6
OG0012558	0	1	1	1	1	1	1	0	6
OG0012559	0	1	0	1	1	1	1	1	6
OG0012560	0	1	1	1	1	2	0	0	6
OG0012561	0	1	1	1	1	2	0	0	6
OG0012562	0	1	1	0	1	1	1	1	6
OG0012563	0	1	1	1	1	1	0	1	6
OG0012564	0	2	1	1	1	0	0	1	6
OG0012565	0	1	1	1	1	0	1	1	6
OG0012566	0	6	0	0	0	0	0	0	6
OG0012567	0	1	1	1	1	1	1	0	6
OG0012568	0	1	1	0	1	1	1	1	6
OG0012569	0	4	1	0	0	0	0	1	6
OG0012570	0	6	0	0	0	0	0	0	6
OG0012571	0	2	2	0	1	1	0	0	6
OG0012572	0	1	1	1	1	0	1	1	6
OG0012573	0	4	0	0	1	1	0	0	6
OG0012574	0	2	1	1	1	1	0	0	6
OG0012575	0	1	1	0	1	1	1	1	6
OG0012576	0	1	1	1	2	0	0	1	6
OG0012577	0	1	1	2	0	0	0	2	6
OG0012578	0	1	1	0	1	1	1	1	6
OG0012579	0	1	1	1	1	1	1	0	6
OG0012580	0	1	1	1	1	1	1	0	6
OG0012581	0	1	1	1	0	1	1	1	6
OG0012582	0	1	1	1	1	1	1	0	6
OG0012583	0	1	0	1	1	1	1	1	6
OG0012584	0	2	2	0	1	1	0	0	6
OG0012585	0	1	5	0	0	0	0	0	6
OG0012586	0	1	1	0	1	1	1	1	6
OG0012587	0	6	0	0	0	0	0	0	6
OG0012588	0	1	0	0	1	2	1	1	6
OG0012589	0	1	0	1	1	3	0	0	6
OG0012590	0	1	1	1	1	1	1	0	6
OG0012591	0	1	2	1	1	1	0	0	6
OG0012592	0	1	0	1	1	1	1	1	6
OG0012593	0	1	0	1	1	1	1	1	6
OG0012594	0	1	0	0	1	1	2	1	6
OG0012595	0	1	0	1	1	1	1	1	6
OG0012596	0	1	2	0	0	1	1	1	6
OG0012597	0	1	1	0	1	1	1	1	6
OG0012598	0	1	0	1	2	1	1	0	6
OG0012599	0	1	1	1	1	0	1	1	6
OG0012600	0	1	3	1	0	0	0	1	6
OG0012601	0	1	0	1	1	1	1	1	6
OG0012602	0	1	1	1	1	1	0	1	6
OG0012603	0	0	5	0	0	0	0	1	6
OG0012604	0	0	5	0	0	0	0	1	6
OG0012605	0	0	5	0	0	0	0	1	6
OG0012606	0	0	6	0	0	0	0	0	6
OG0012607	0	0	3	0	0	0	0	3	6
OG0012608	0	0	4	0	0	0	0	2	6
OG0012609	0	0	3	1	0	0	0	2	6
OG0012610	0	0	4	0	0	0	0	2	6
OG0012611	0	0	1	1	1	1	1	1	6
OG0012612	0	0	6	0	0	0	0	0	6
OG0012613	0	0	3	0	0	0	0	3	6
OG0012614	0	0	4	0	0	0	0	2	6
OG0012615	0	0	3	0	0	0	0	3	6
OG0012616	0	0	2	0	0	0	0	4	6
OG0012617	0	0	5	0	0	0	0	1	6
OG0012618	0	0	3	0	0	0	0	3	6
OG0012619	0	0	2	0	0	0	0	4	6
OG0012620	0	0	3	0	0	0	0	3	6
OG0012621	0	0	1	1	0	0	0	4	6
OG0012622	0	0	5	0	0	0	0	1	6
OG0012623	0	0	3	0	0	0	0	3	6
OG0012624	0	0	4	0	0	0	0	2	6
OG0012625	0	0	5	0	0	0	0	1	6
OG0012626	0	0	2	0	0	0	0	4	6
OG0012627	0	0	1	0	1	2	1	1	6
OG0012628	0	0	1	1	1	0	1	2	6
OG0012629	0	0	1	1	0	0	0	4	6
OG0012630	0	0	3	0	0	0	0	3	6
OG0012631	0	0	2	0	0	0	0	4	6
OG0012632	0	0	4	0	0	0	0	2	6
OG0012633	0	0	2	0	0	0	0	4	6
OG0012634	0	0	5	0	0	0	0	1	6
OG0012635	0	0	4	0	0	0	0	2	6
OG0012636	0	0	3	0	0	0	0	3	6
OG0012637	0	0	1	1	0	0	0	4	6
OG0012638	0	0	1	1	1	1	1	1	6
OG0012639	0	0	4	1	0	0	0	1	6
OG0012640	0	0	1	1	1	2	0	1	6
OG0012641	0	0	2	0	0	0	0	4	6
OG0012642	0	0	1	1	0	0	0	4	6
OG0012643	0	0	2	0	0	0	0	4	6
OG0012644	0	0	3	0	0	0	0	3	6
OG0012645	0	0	4	0	0	0	0	2	6
OG0012646	0	0	2	0	0	0	0	4	6
OG0012647	0	0	1	1	0	0	0	4	6
OG0012648	0	0	1	0	0	0	0	5	6
OG0012649	0	0	1	0	2	3	0	0	6
OG0012650	0	0	3	0	0	0	0	3	6
OG0012651	0	0	2	0	0	0	0	4	6
OG0012652	0	0	3	0	0	0	0	3	6
OG0012653	0	0	2	1	0	0	0	3	6
OG0012654	0	0	2	0	0	0	0	4	6
OG0012655	0	0	1	1	1	1	1	1	6
OG0012656	0	0	2	0	0	0	0	4	6
OG0012657	0	0	1	0	5	0	0	0	6
OG0012658	0	0	1	2	0	0	0	3	6
OG0012659	0	0	4	1	0	0	0	1	6
OG0012660	0	0	3	1	0	0	0	2	6
OG0012661	0	0	1	0	0	0	0	5	6
OG0012662	0	0	3	0	0	0	0	3	6
OG0012663	0	0	1	0	0	0	0	5	6
OG0012664	0	0	1	1	0	0	0	4	6
OG0012665	0	0	3	0	0	0	0	3	6
OG0012666	0	0	1	1	0	0	0	4	6
OG0012667	0	0	3	1	0	0	0	2	6
OG0012668	0	0	1	0	0	0	0	5	6
OG0012669	0	0	3	0	0	0	0	3	6
OG0012670	0	0	1	0	0	0	0	5	6
OG0012671	0	0	1	0	1	0	0	4	6
OG0012672	0	0	2	0	0	0	0	4	6
OG0012673	0	0	1	1	1	1	1	1	6
OG0012674	0	0	1	1	1	2	1	0	6
OG0012675	0	0	1	0	0	0	0	5	6
OG0012676	0	0	1	0	0	0	0	5	6
OG0012677	0	0	1	0	0	0	0	5	6
OG0012678	0	0	1	1	1	1	1	1	6
OG0012679	0	0	2	0	0	0	0	4	6
OG0012680	0	0	1	1	0	0	0	4	6
OG0012681	0	0	1	1	1	1	1	1	6
OG0012682	0	0	2	0	0	0	0	4	6
OG0012683	0	0	1	0	0	0	0	5	6
OG0012684	0	0	1	0	0	0	0	5	6
OG0012685	0	0	1	1	1	1	1	1	6
OG0012686	0	0	1	1	1	1	1	1	6
OG0012687	0	0	0	2	1	2	0	1	6
OG0012688	0	0	0	1	1	2	1	1	6
OG0012689	0	0	0	2	3	1	0	0	6
OG0012690	0	0	0	1	1	1	1	2	6
OG0012691	0	0	0	1	0	0	0	5	6
OG0012692	0	0	0	0	6	0	0	0	6
OG0012693	0	0	0	0	6	0	0	0	6
OG0012694	0	0	0	0	6	0	0	0	6
OG0012695	0	0	0	0	6	0	0	0	6
OG0012696	0	0	0	0	6	0	0	0	6
OG0012697	0	0	0	0	6	0	0	0	6
OG0012698	0	0	0	0	5	0	1	0	6
OG0012699	0	0	0	0	2	3	1	0	6
OG0012700	0	0	0	0	6	0	0	0	6
OG0012701	0	0	0	0	2	1	3	0	6
OG0012702	0	0	0	0	5	1	0	0	6
OG0012703	0	0	0	0	1	1	4	0	6
OG0012704	0	0	0	0	3	3	0	0	6
OG0012705	0	0	0	0	6	0	0	0	6
OG0012706	0	0	0	0	1	4	1	0	6
OG0012707	0	0	0	0	4	1	1	0	6
OG0012708	0	0	0	0	3	2	1	0	6
OG0012709	0	0	0	0	1	0	5	0	6
OG0012710	0	0	0	0	3	2	1	0	6
OG0012711	0	0	0	0	2	0	4	0	6
OG0012712	0	0	0	0	2	0	4	0	6
OG0012713	0	0	0	0	2	2	2	0	6
OG0012714	0	0	0	0	2	3	1	0	6
OG0012715	0	0	0	0	3	2	1	0	6
OG0012716	0	0	0	0	1	0	5	0	6
OG0012717	0	0	0	0	1	0	5	0	6
OG0012718	0	0	0	0	1	4	1	0	6
OG0012719	0	0	0	0	2	2	2	0	6
OG0012720	0	0	0	0	1	1	4	0	6
OG0012721	0	0	0	0	2	0	4	0	6
OG0012722	0	0	0	0	1	0	5	0	6
OG0012723	0	0	0	0	3	0	2	1	6
OG0012724	0	0	0	0	3	3	0	0	6
OG0012725	0	0	0	0	4	0	2	0	6
OG0012726	0	0	0	0	0	4	2	0	6
OG0012727	0	0	0	0	0	6	0	0	6
OG0012728	0	0	0	0	0	0	6	0	6
OG0012729	0	0	0	0	0	0	6	0	6
OG0012730	0	0	0	0	0	0	5	1	6
OG0012731	0	0	0	0	0	0	6	0	6
OG0012732	0	0	0	0	0	0	6	0	6
OG0012733	0	0	0	0	0	0	6	0	6
OG0012734	0	0	0	0	0	0	6	0	6
OG0012735	0	0	0	0	0	0	6	0	6
OG0012736	0	0	0	0	0	0	0	6	6
OG0012737	0	0	0	0	0	0	0	6	6
OG0012738	0	0	0	0	0	0	0	6	6
OG0012739	0	0	0	0	0	0	0	6	6
OG0012740	0	0	0	0	0	0	0	6	6
OG0012741	0	0	0	0	0	0	0	6	6
OG0012742	0	0	0	0	0	0	0	6	6
OG0012743	0	0	0	0	0	0	0	6	6
OG0012744	0	0	0	0	0	0	0	6	6
OG0012745	0	0	0	0	0	0	0	6	6
OG0012746	3	2	0	0	0	0	0	0	5
OG0012747	0	1	1	1	1	1	0	0	5
OG0012748	5	0	0	0	0	0	0	0	5
OG0012749	0	1	1	0	0	1	1	1	5
OG0012750	1	0	1	1	1	1	0	0	5
OG0012751	1	1	1	0	1	1	0	0	5
OG0012752	1	0	0	1	1	1	1	0	5
OG0012753	1	4	0	0	0	0	0	0	5
OG0012754	1	0	1	1	1	1	0	0	5
OG0012755	1	0	1	1	1	1	0	0	5
OG0012756	2	1	1	0	0	1	0	0	5
OG0012757	4	1	0	0	0	0	0	0	5
OG0012758	0	2	3	0	0	0	0	0	5
OG0012759	3	1	0	0	0	1	0	0	5
OG0012760	3	2	0	0	0	0	0	0	5
OG0012761	2	1	1	0	0	1	0	0	5
OG0012762	2	0	2	0	0	0	0	1	5
OG0012763	2	1	0	0	1	0	0	1	5
OG0012764	1	0	2	1	1	0	0	0	5
OG0012765	2	1	0	0	1	1	0	0	5
OG0012766	1	1	2	0	0	1	0	0	5
OG0012767	4	0	0	1	0	0	0	0	5
OG0012768	4	0	0	0	0	0	0	1	5
OG0012769	0	1	1	0	1	0	1	1	5
OG0012770	3	2	0	0	0	0	0	0	5
OG0012771	0	3	0	0	1	1	0	0	5
OG0012772	1	0	0	1	1	1	1	0	5
OG0012773	1	1	1	0	1	1	0	0	5
OG0012774	1	1	0	0	1	1	1	0	5
OG0012775	1	2	0	1	0	1	0	0	5
OG0012776	0	1	0	1	1	1	1	0	5
OG0012777	4	1	0	0	0	0	0	0	5
OG0012778	2	2	0	0	0	1	0	0	5
OG0012779	4	0	1	0	0	0	0	0	5
OG0012780	1	0	1	0	1	1	1	0	5
OG0012781	1	1	1	0	1	1	0	0	5
OG0012782	0	1	0	0	1	1	1	1	5
OG0012783	0	4	0	0	0	1	0	0	5
OG0012784	0	0	1	1	1	0	1	1	5
OG0012785	0	4	1	0	0	0	0	0	5
OG0012786	1	1	1	0	1	1	0	0	5
OG0012787	0	0	0	1	1	1	1	1	5
OG0012788	4	0	1	0	0	0	0	0	5
OG0012789	2	0	1	1	0	0	0	1	5
OG0012790	2	1	0	0	0	0	1	1	5
OG0012791	4	0	0	0	1	0	0	0	5
OG0012792	1	2	1	0	0	1	0	0	5
OG0012793	1	3	0	0	1	0	0	0	5
OG0012794	1	2	0	0	0	2	0	0	5
OG0012795	2	0	1	0	1	1	0	0	5
OG0012796	1	2	0	0	1	1	0	0	5
OG0012797	0	1	2	0	1	1	0	0	5
OG0012798	3	1	1	0	0	0	0	0	5
OG0012799	0	1	1	0	1	1	1	0	5
OG0012800	0	0	1	0	1	1	1	1	5
OG0012801	1	0	1	1	1	1	0	0	5
OG0012802	1	1	0	1	1	1	0	0	5
OG0012803	1	1	1	0	1	1	0	0	5
OG0012804	2	3	0	0	0	0	0	0	5
OG0012805	5	0	0	0	0	0	0	0	5
OG0012806	3	2	0	0	0	0	0	0	5
OG0012807	0	0	1	1	1	0	1	1	5
OG0012808	2	0	1	0	1	1	0	0	5
OG0012809	2	1	1	0	1	0	0	0	5
OG0012810	1	0	0	0	1	3	0	0	5
OG0012811	2	1	0	0	0	2	0	0	5
OG0012812	0	0	1	1	1	0	1	1	5
OG0012813	0	0	1	1	1	0	1	1	5
OG0012814	5	0	0	0	0	0	0	0	5
OG0012815	0	0	1	0	0	2	1	1	5
OG0012816	4	1	0	0	0	0	0	0	5
OG0012817	1	1	1	1	0	0	0	1	5
OG0012818	1	2	1	0	0	1	0	0	5
OG0012819	2	1	0	0	1	1	0	0	5
OG0012820	2	1	0	2	0	0	0	0	5
OG0012821	1	2	1	0	0	0	0	1	5
OG0012822	3	0	0	0	0	0	0	2	5
OG0012823	4	0	0	0	1	0	0	0	5
OG0012824	2	0	1	0	0	0	0	2	5
OG0012825	1	1	1	0	1	1	0	0	5
OG0012826	1	1	0	0	1	1	1	0	5
OG0012827	3	0	0	0	1	1	0	0	5
OG0012828	1	1	0	0	1	0	1	1	5
OG0012829	0	1	1	1	1	1	0	0	5
OG0012830	1	1	0	0	1	1	1	0	5
OG0012831	4	0	1	0	0	0	0	0	5
OG0012832	4	0	0	0	0	0	0	1	5
OG0012833	0	0	2	0	0	0	0	3	5
OG0012834	3	0	0	0	1	1	0	0	5
OG0012835	1	1	0	0	1	1	1	0	5
OG0012836	4	0	1	0	0	0	0	0	5
OG0012837	3	0	0	0	0	0	0	2	5
OG0012838	3	0	0	1	0	0	0	1	5
OG0012839	1	1	0	0	1	1	1	0	5
OG0012840	1	1	2	0	0	1	0	0	5
OG0012841	1	1	1	0	1	1	0	0	5
OG0012842	0	2	0	0	1	1	1	0	5
OG0012843	4	0	0	1	0	0	0	0	5
OG0012844	2	1	0	0	1	1	0	0	5
OG0012845	2	0	2	0	0	0	0	1	5
OG0012846	0	5	0	0	0	0	0	0	5
OG0012847	2	2	0	0	0	1	0	0	5
OG0012848	1	1	0	0	1	1	1	0	5
OG0012849	3	0	1	0	0	0	0	1	5
OG0012850	1	1	1	0	1	1	0	0	5
OG0012851	2	1	1	0	0	1	0	0	5
OG0012852	1	0	2	0	0	0	0	2	5
OG0012853	0	1	0	1	1	1	1	0	5
OG0012854	4	0	1	0	0	0	0	0	5
OG0012855	1	3	1	0	0	0	0	0	5
OG0012856	2	0	1	1	0	0	0	1	5
OG0012857	1	2	1	0	1	0	0	0	5
OG0012858	2	2	0	0	1	0	0	0	5
OG0012859	3	0	0	2	0	0	0	0	5
OG0012860	3	1	0	0	0	1	0	0	5
OG0012861	2	1	1	0	0	1	0	0	5
OG0012862	1	0	2	0	0	0	0	2	5
OG0012863	1	0	0	1	0	0	0	3	5
OG0012864	0	3	1	0	0	1	0	0	5
OG0012865	1	0	0	1	1	0	1	1	5
OG0012866	4	0	0	1	0	0	0	0	5
OG0012867	4	1	0	0	0	0	0	0	5
OG0012868	1	0	0	0	2	2	0	0	5
OG0012869	2	1	0	0	1	1	0	0	5
OG0012870	3	1	0	0	0	0	0	1	5
OG0012871	1	1	0	0	1	1	1	0	5
OG0012872	1	1	2	0	1	0	0	0	5
OG0012873	3	1	0	0	0	1	0	0	5
OG0012874	1	1	1	0	1	1	0	0	5
OG0012875	3	2	0	0	0	0	0	0	5
OG0012876	1	1	2	0	0	1	0	0	5
OG0012877	2	1	0	0	0	1	0	1	5
OG0012878	2	2	0	0	0	0	1	0	5
OG0012879	4	0	0	0	0	0	0	1	5
OG0012880	1	4	0	0	0	0	0	0	5
OG0012881	3	0	0	0	0	0	0	2	5
OG0012882	1	1	0	0	1	1	1	0	5
OG0012883	3	1	0	0	0	1	0	0	5
OG0012884	3	2	0	0	0	0	0	0	5
OG0012885	3	0	1	0	0	0	0	1	5
OG0012886	3	2	0	0	0	0	0	0	5
OG0012887	4	1	0	0	0	0	0	0	5
OG0012888	1	0	1	0	0	0	0	3	5
OG0012889	1	0	1	1	1	0	1	0	5
OG0012890	0	0	0	1	1	1	1	1	5
OG0012891	1	1	1	1	1	0	0	0	5
OG0012892	3	2	0	0	0	0	0	0	5
OG0012893	1	1	1	0	0	2	0	0	5
OG0012894	1	1	0	1	1	1	0	0	5
OG0012895	2	1	0	1	1	0	0	0	5
OG0012896	1	0	0	0	4	0	0	0	5
OG0012897	2	1	1	0	0	1	0	0	5
OG0012898	4	0	0	0	0	1	0	0	5
OG0012899	2	0	1	0	0	0	0	2	5
OG0012900	4	1	0	0	0	0	0	0	5
OG0012901	1	0	1	1	1	1	0	0	5
OG0012902	2	1	0	0	0	1	1	0	5
OG0012903	1	1	0	0	1	1	1	0	5
OG0012904	3	1	0	0	0	1	0	0	5
OG0012905	1	1	1	0	1	1	0	0	5
OG0012906	1	1	1	0	1	1	0	0	5
OG0012907	2	1	1	0	0	1	0	0	5
OG0012908	2	0	1	0	0	0	0	2	5
OG0012909	4	1	0	0	0	0	0	0	5
OG0012910	4	1	0	0	0	0	0	0	5
OG0012911	1	1	1	1	0	1	0	0	5
OG0012912	1	3	0	0	0	1	0	0	5
OG0012913	2	3	0	0	0	0	0	0	5
OG0012914	1	1	0	0	1	1	1	0	5
OG0012915	1	1	1	0	1	1	0	0	5
OG0012916	1	0	1	0	1	1	1	0	5
OG0012917	1	1	0	0	1	1	1	0	5
OG0012918	0	0	1	1	1	0	1	1	5
OG0012919	1	1	0	0	1	1	1	0	5
OG0012920	0	0	0	1	1	0	1	2	5
OG0012921	4	1	0	0	0	0	0	0	5
OG0012922	2	0	0	1	1	1	0	0	5
OG0012923	2	1	0	0	1	1	0	0	5
OG0012924	1	2	0	0	1	1	0	0	5
OG0012925	2	3	0	0	0	0	0	0	5
OG0012926	1	3	0	0	0	1	0	0	5
OG0012927	5	0	0	0	0	0	0	0	5
OG0012928	5	0	0	0	0	0	0	0	5
OG0012929	5	0	0	0	0	0	0	0	5
OG0012930	3	2	0	0	0	0	0	0	5
OG0012931	5	0	0	0	0	0	0	0	5
OG0012932	5	0	0	0	0	0	0	0	5
OG0012933	5	0	0	0	0	0	0	0	5
OG0012934	2	3	0	0	0	0	0	0	5
OG0012935	5	0	0	0	0	0	0	0	5
OG0012936	5	0	0	0	0	0	0	0	5
OG0012937	5	0	0	0	0	0	0	0	5
OG0012938	5	0	0	0	0	0	0	0	5
OG0012939	5	0	0	0	0	0	0	0	5
OG0012940	5	0	0	0	0	0	0	0	5
OG0012941	1	1	0	0	1	1	1	0	5
OG0012942	3	2	0	0	0	0	0	0	5
OG0012943	5	0	0	0	0	0	0	0	5
OG0012944	1	1	0	0	1	1	1	0	5
OG0012945	5	0	0	0	0	0	0	0	5
OG0012946	5	0	0	0	0	0	0	0	5
OG0012947	5	0	0	0	0	0	0	0	5
OG0012948	3	2	0	0	0	0	0	0	5
OG0012949	5	0	0	0	0	0	0	0	5
OG0012950	1	3	0	0	0	1	0	0	5
OG0012951	5	0	0	0	0	0	0	0	5
OG0012952	3	1	0	0	0	1	0	0	5
OG0012953	1	2	1	0	0	1	0	0	5
OG0012954	2	1	1	0	0	1	0	0	5
OG0012955	1	1	1	0	1	1	0	0	5
OG0012956	5	0	0	0	0	0	0	0	5
OG0012957	5	0	0	0	0	0	0	0	5
OG0012958	1	1	0	0	1	0	1	1	5
OG0012959	5	0	0	0	0	0	0	0	5
OG0012960	5	0	0	0	0	0	0	0	5
OG0012961	1	1	0	0	1	1	1	0	5
OG0012962	5	0	0	0	0	0	0	0	5
OG0012963	3	2	0	0	0	0	0	0	5
OG0012964	5	0	0	0	0	0	0	0	5
OG0012965	4	1	0	0	0	0	0	0	5
OG0012966	5	0	0	0	0	0	0	0	5
OG0012967	5	0	0	0	0	0	0	0	5
OG0012968	5	0	0	0	0	0	0	0	5
OG0012969	5	0	0	0	0	0	0	0	5
OG0012970	5	0	0	0	0	0	0	0	5
OG0012971	1	1	0	0	1	1	1	0	5
OG0012972	5	0	0	0	0	0	0	0	5
OG0012973	2	3	0	0	0	0	0	0	5
OG0012974	5	0	0	0	0	0	0	0	5
OG0012975	5	0	0	0	0	0	0	0	5
OG0012976	1	1	0	0	1	1	1	0	5
OG0012977	1	1	1	0	1	1	0	0	5
OG0012978	2	3	0	0	0	0	0	0	5
OG0012979	5	0	0	0	0	0	0	0	5
OG0012980	5	0	0	0	0	0	0	0	5
OG0012981	5	0	0	0	0	0	0	0	5
OG0012982	1	1	0	0	1	1	1	0	5
OG0012983	3	1	1	0	0	0	0	0	5
OG0012984	1	1	0	1	1	1	0	0	5
OG0012985	1	0	0	0	1	1	2	0	5
OG0012986	1	1	0	0	1	1	1	0	5
OG0012987	1	1	1	0	1	1	0	0	5
OG0012988	1	1	0	0	1	1	1	0	5
OG0012989	1	1	0	0	1	1	1	0	5
OG0012990	5	0	0	0	0	0	0	0	5
OG0012991	1	1	0	0	1	2	0	0	5
OG0012992	5	0	0	0	0	0	0	0	5
OG0012993	5	0	0	0	0	0	0	0	5
OG0012994	5	0	0	0	0	0	0	0	5
OG0012995	5	0	0	0	0	0	0	0	5
OG0012996	5	0	0	0	0	0	0	0	5
OG0012997	1	1	0	0	1	1	1	0	5
OG0012998	5	0	0	0	0	0	0	0	5
OG0012999	5	0	0	0	0	0	0	0	5
OG0013000	5	0	0	0	0	0	0	0	5
OG0013001	5	0	0	0	0	0	0	0	5
OG0013002	5	0	0	0	0	0	0	0	5
OG0013003	5	0	0	0	0	0	0	0	5
OG0013004	4	1	0	0	0	0	0	0	5
OG0013005	1	1	0	0	1	1	1	0	5
OG0013006	5	0	0	0	0	0	0	0	5
OG0013007	5	0	0	0	0	0	0	0	5
OG0013008	3	1	1	0	0	0	0	0	5
OG0013009	2	1	0	0	1	1	0	0	5
OG0013010	1	1	0	0	1	1	1	0	5
OG0013011	5	0	0	0	0	0	0	0	5
OG0013012	2	3	0	0	0	0	0	0	5
OG0013013	1	1	0	0	1	1	1	0	5
OG0013014	1	1	0	0	1	1	1	0	5
OG0013015	4	1	0	0	0	0	0	0	5
OG0013016	1	1	0	0	1	1	1	0	5
OG0013017	5	0	0	0	0	0	0	0	5
OG0013018	1	1	0	0	1	1	1	0	5
OG0013019	5	0	0	0	0	0	0	0	5
OG0013020	5	0	0	0	0	0	0	0	5
OG0013021	1	0	0	0	1	1	1	1	5
OG0013022	5	0	0	0	0	0	0	0	5
OG0013023	5	0	0	0	0	0	0	0	5
OG0013024	5	0	0	0	0	0	0	0	5
OG0013025	3	1	0	0	0	1	0	0	5
OG0013026	3	1	0	0	1	0	0	0	5
OG0013027	1	2	0	0	1	1	0	0	5
OG0013028	4	1	0	0	0	0	0	0	5
OG0013029	2	3	0	0	0	0	0	0	5
OG0013030	5	0	0	0	0	0	0	0	5
OG0013031	4	1	0	0	0	0	0	0	5
OG0013032	1	1	0	0	1	1	1	0	5
OG0013033	5	0	0	0	0	0	0	0	5
OG0013034	1	1	0	0	1	1	1	0	5
OG0013035	1	1	1	0	1	1	0	0	5
OG0013036	5	0	0	0	0	0	0	0	5
OG0013037	3	1	0	0	0	1	0	0	5
OG0013038	5	0	0	0	0	0	0	0	5
OG0013039	1	3	0	0	0	1	0	0	5
OG0013040	2	1	1	0	0	1	0	0	5
OG0013041	5	0	0	0	0	0	0	0	5
OG0013042	5	0	0	0	0	0	0	0	5
OG0013043	2	0	0	0	0	1	1	1	5
OG0013044	5	0	0	0	0	0	0	0	5
OG0013045	5	0	0	0	0	0	0	0	5
OG0013046	4	1	0	0	0	0	0	0	5
OG0013047	5	0	0	0	0	0	0	0	5
OG0013048	5	0	0	0	0	0	0	0	5
OG0013049	5	0	0	0	0	0	0	0	5
OG0013050	5	0	0	0	0	0	0	0	5
OG0013051	5	0	0	0	0	0	0	0	5
OG0013052	5	0	0	0	0	0	0	0	5
OG0013053	5	0	0	0	0	0	0	0	5
OG0013054	2	1	0	0	0	1	0	1	5
OG0013055	5	0	0	0	0	0	0	0	5
OG0013056	1	1	0	0	1	1	1	0	5
OG0013057	5	0	0	0	0	0	0	0	5
OG0013058	1	4	0	0	0	0	0	0	5
OG0013059	2	0	0	0	1	1	1	0	5
OG0013060	1	1	0	0	1	1	1	0	5
OG0013061	2	2	0	0	0	1	0	0	5
OG0013062	4	0	1	0	0	0	0	0	5
OG0013063	1	1	0	0	1	1	1	0	5
OG0013064	2	1	0	0	1	1	0	0	5
OG0013065	5	0	0	0	0	0	0	0	5
OG0013066	1	1	0	0	1	1	1	0	5
OG0013067	2	0	2	0	0	0	0	1	5
OG0013068	5	0	0	0	0	0	0	0	5
OG0013069	1	1	1	0	1	1	0	0	5
OG0013070	5	0	0	0	0	0	0	0	5
OG0013071	5	0	0	0	0	0	0	0	5
OG0013072	1	0	1	0	1	1	1	0	5
OG0013073	5	0	0	0	0	0	0	0	5
OG0013074	5	0	0	0	0	0	0	0	5
OG0013075	1	3	0	0	0	1	0	0	5
OG0013076	5	0	0	0	0	0	0	0	5
OG0013077	5	0	0	0	0	0	0	0	5
OG0013078	5	0	0	0	0	0	0	0	5
OG0013079	5	0	0	0	0	0	0	0	5
OG0013080	5	0	0	0	0	0	0	0	5
OG0013081	1	1	0	0	1	1	1	0	5
OG0013082	5	0	0	0	0	0	0	0	5
OG0013083	5	0	0	0	0	0	0	0	5
OG0013084	5	0	0	0	0	0	0	0	5
OG0013085	5	0	0	0	0	0	0	0	5
OG0013086	5	0	0	0	0	0	0	0	5
OG0013087	3	1	0	0	0	1	0	0	5
OG0013088	1	1	1	0	1	1	0	0	5
OG0013089	5	0	0	0	0	0	0	0	5
OG0013090	1	1	0	0	1	1	1	0	5
OG0013091	5	0	0	0	0	0	0	0	5
OG0013092	1	1	0	0	1	1	1	0	5
OG0013093	4	1	0	0	0	0	0	0	5
OG0013094	5	0	0	0	0	0	0	0	5
OG0013095	2	0	0	0	1	1	1	0	5
OG0013096	5	0	0	0	0	0	0	0	5
OG0013097	2	2	0	0	0	1	0	0	5
OG0013098	3	2	0	0	0	0	0	0	5
OG0013099	1	0	0	1	1	1	1	0	5
OG0013100	2	0	0	0	1	1	1	0	5
OG0013101	5	0	0	0	0	0	0	0	5
OG0013102	5	0	0	0	0	0	0	0	5
OG0013103	5	0	0	0	0	0	0	0	5
OG0013104	5	0	0	0	0	0	0	0	5
OG0013105	1	0	0	1	1	1	1	0	5
OG0013106	5	0	0	0	0	0	0	0	5
OG0013107	1	1	0	0	1	1	1	0	5
OG0013108	5	0	0	0	0	0	0	0	5
OG0013109	1	1	0	0	1	1	1	0	5
OG0013110	5	0	0	0	0	0	0	0	5
OG0013111	3	1	0	0	0	1	0	0	5
OG0013112	5	0	0	0	0	0	0	0	5
OG0013113	2	2	0	0	0	1	0	0	5
OG0013114	1	1	0	1	1	1	0	0	5
OG0013115	1	1	0	0	1	1	1	0	5
OG0013116	5	0	0	0	0	0	0	0	5
OG0013117	5	0	0	0	0	0	0	0	5
OG0013118	5	0	0	0	0	0	0	0	5
OG0013119	5	0	0	0	0	0	0	0	5
OG0013120	5	0	0	0	0	0	0	0	5
OG0013121	1	1	0	0	1	1	1	0	5
OG0013122	5	0	0	0	0	0	0	0	5
OG0013123	1	2	0	0	1	0	1	0	5
OG0013124	1	1	0	0	1	1	1	0	5
OG0013125	4	0	1	0	0	0	0	0	5
OG0013126	1	1	0	0	1	1	1	0	5
OG0013127	5	0	0	0	0	0	0	0	5
OG0013128	1	1	2	0	0	1	0	0	5
OG0013129	5	0	0	0	0	0	0	0	5
OG0013130	3	1	0	0	0	1	0	0	5
OG0013131	1	1	0	0	1	1	1	0	5
OG0013132	1	1	0	0	1	1	1	0	5
OG0013133	5	0	0	0	0	0	0	0	5
OG0013134	1	1	0	0	1	1	1	0	5
OG0013135	5	0	0	0	0	0	0	0	5
OG0013136	5	0	0	0	0	0	0	0	5
OG0013137	3	0	0	0	1	0	1	0	5
OG0013138	5	0	0	0	0	0	0	0	5
OG0013139	2	1	0	0	0	2	0	0	5
OG0013140	1	1	0	0	1	1	1	0	5
OG0013141	1	1	0	0	1	1	1	0	5
OG0013142	5	0	0	0	0	0	0	0	5
OG0013143	5	0	0	0	0	0	0	0	5
OG0013144	5	0	0	0	0	0	0	0	5
OG0013145	5	0	0	0	0	0	0	0	5
OG0013146	2	0	1	0	1	1	0	0	5
OG0013147	3	2	0	0	0	0	0	0	5
OG0013148	1	1	0	0	1	1	1	0	5
OG0013149	5	0	0	0	0	0	0	0	5
OG0013150	3	2	0	0	0	0	0	0	5
OG0013151	1	0	1	1	1	1	0	0	5
OG0013152	1	0	1	0	1	1	1	0	5
OG0013153	5	0	0	0	0	0	0	0	5
OG0013154	5	0	0	0	0	0	0	0	5
OG0013155	5	0	0	0	0	0	0	0	5
OG0013156	5	0	0	0	0	0	0	0	5
OG0013157	1	1	0	0	1	1	1	0	5
OG0013158	2	1	0	0	1	1	0	0	5
OG0013159	3	1	0	0	0	1	0	0	5
OG0013160	1	1	0	0	1	1	1	0	5
OG0013161	1	1	0	0	1	1	1	0	5
OG0013162	5	0	0	0	0	0	0	0	5
OG0013163	5	0	0	0	0	0	0	0	5
OG0013164	1	0	2	0	1	0	0	1	5
OG0013165	5	0	0	0	0	0	0	0	5
OG0013166	5	0	0	0	0	0	0	0	5
OG0013167	5	0	0	0	0	0	0	0	5
OG0013168	2	2	0	0	0	1	0	0	5
OG0013169	1	1	0	0	1	1	1	0	5
OG0013170	5	0	0	0	0	0	0	0	5
OG0013171	1	1	0	0	1	1	1	0	5
OG0013172	1	1	1	1	1	0	0	0	5
OG0013173	1	1	0	1	1	1	0	0	5
OG0013174	1	1	0	0	1	1	1	0	5
OG0013175	1	3	0	0	1	0	0	0	5
OG0013176	1	1	0	0	1	1	1	0	5
OG0013177	5	0	0	0	0	0	0	0	5
OG0013178	2	1	1	0	0	1	0	0	5
OG0013179	5	0	0	0	0	0	0	0	5
OG0013180	5	0	0	0	0	0	0	0	5
OG0013181	5	0	0	0	0	0	0	0	5
OG0013182	5	0	0	0	0	0	0	0	5
OG0013183	1	1	0	0	1	1	1	0	5
OG0013184	1	0	1	0	1	1	1	0	5
OG0013185	0	5	0	0	0	0	0	0	5
OG0013186	0	5	0	0	0	0	0	0	5
OG0013187	0	2	1	1	0	0	0	1	5
OG0013188	0	5	0	0	0	0	0	0	5
OG0013189	0	2	0	0	0	1	1	1	5
OG0013190	0	5	0	0	0	0	0	0	5
OG0013191	0	5	0	0	0	0	0	0	5
OG0013192	0	5	0	0	0	0	0	0	5
OG0013193	0	5	0	0	0	0	0	0	5
OG0013194	0	5	0	0	0	0	0	0	5
OG0013195	0	5	0	0	0	0	0	0	5
OG0013196	0	5	0	0	0	0	0	0	5
OG0013197	0	5	0	0	0	0	0	0	5
OG0013198	0	5	0	0	0	0	0	0	5
OG0013199	0	5	0	0	0	0	0	0	5
OG0013200	0	5	0	0	0	0	0	0	5
OG0013201	0	5	0	0	0	0	0	0	5
OG0013202	0	5	0	0	0	0	0	0	5
OG0013203	0	2	1	1	0	0	0	1	5
OG0013204	0	5	0	0	0	0	0	0	5
OG0013205	0	1	3	1	0	0	0	0	5
OG0013206	0	5	0	0	0	0	0	0	5
OG0013207	0	2	1	0	0	0	0	2	5
OG0013208	0	1	0	1	1	0	1	1	5
OG0013209	0	5	0	0	0	0	0	0	5
OG0013210	0	1	2	1	0	1	0	0	5
OG0013211	0	5	0	0	0	0	0	0	5
OG0013212	0	1	1	1	1	1	0	0	5
OG0013213	0	1	0	1	1	1	1	0	5
OG0013214	0	5	0	0	0	0	0	0	5
OG0013215	0	1	0	0	1	1	1	1	5
OG0013216	0	1	1	1	1	1	0	0	5
OG0013217	0	1	0	2	1	1	0	0	5
OG0013218	0	1	1	1	1	1	0	0	5
OG0013219	0	1	1	0	1	1	1	0	5
OG0013220	0	1	1	1	1	1	0	0	5
OG0013221	0	1	1	0	0	0	0	3	5
OG0013222	0	5	0	0	0	0	0	0	5
OG0013223	0	5	0	0	0	0	0	0	5
OG0013224	0	1	1	1	1	1	0	0	5
OG0013225	0	1	1	1	1	1	0	0	5
OG0013226	0	2	1	1	0	0	0	1	5
OG0013227	0	5	0	0	0	0	0	0	5
OG0013228	0	2	1	0	1	1	0	0	5
OG0013229	0	4	0	0	0	1	0	0	5
OG0013230	0	5	0	0	0	0	0	0	5
OG0013231	0	5	0	0	0	0	0	0	5
OG0013232	0	5	0	0	0	0	0	0	5
OG0013233	0	2	0	0	2	0	1	0	5
OG0013234	0	2	0	0	1	1	1	0	5
OG0013235	0	1	1	1	0	0	1	1	5
OG0013236	0	1	1	1	1	1	0	0	5
OG0013237	0	1	1	0	0	2	1	0	5
OG0013238	0	1	1	0	1	1	1	0	5
OG0013239	0	3	0	0	1	1	0	0	5
OG0013240	0	1	1	0	1	1	1	0	5
OG0013241	0	3	0	1	1	0	0	0	5
OG0013242	0	1	1	1	1	1	0	0	5
OG0013243	0	1	0	1	1	0	1	1	5
OG0013244	0	2	1	0	1	0	1	0	5
OG0013245	0	1	0	1	1	1	1	0	5
OG0013246	0	1	1	0	1	1	1	0	5
OG0013247	0	1	1	1	1	1	0	0	5
OG0013248	0	1	0	0	0	0	4	0	5
OG0013249	0	2	0	0	1	1	1	0	5
OG0013250	0	1	0	2	0	0	0	2	5
OG0013251	0	1	0	2	1	1	0	0	5
OG0013252	0	2	1	0	1	1	0	0	5
OG0013253	0	1	0	0	1	1	1	1	5
OG0013254	0	1	0	0	0	1	3	0	5
OG0013255	0	1	0	0	1	1	1	1	5
OG0013256	0	3	1	0	0	0	0	1	5
OG0013257	0	1	1	1	1	1	0	0	5
OG0013258	0	1	1	1	1	1	0	0	5
OG0013259	0	1	1	0	1	1	1	0	5
OG0013260	0	5	0	0	0	0	0	0	5
OG0013261	0	1	1	1	1	0	0	1	5
OG0013262	0	1	0	0	1	1	2	0	5
OG0013263	0	1	0	0	2	2	0	0	5
OG0013264	0	1	1	0	0	1	1	1	5
OG0013265	0	1	1	1	0	1	1	0	5
OG0013266	0	1	0	1	1	0	1	1	5
OG0013267	0	1	1	0	1	1	1	0	5
OG0013268	0	1	1	0	1	1	0	1	5
OG0013269	0	1	0	0	1	1	1	1	5
OG0013270	0	2	2	0	1	0	0	0	5
OG0013271	0	1	1	1	1	0	0	1	5
OG0013272	0	1	0	0	1	1	1	1	5
OG0013273	0	1	1	1	1	1	0	0	5
OG0013274	0	1	1	0	1	1	0	1	5
OG0013275	0	1	1	1	1	1	0	0	5
OG0013276	0	1	1	1	1	1	0	0	5
OG0013277	0	1	0	1	1	2	0	0	5
OG0013278	0	1	2	0	1	0	1	0	5
OG0013279	0	1	0	0	1	1	1	1	5
OG0013280	0	1	0	0	1	1	1	1	5
OG0013281	0	1	1	1	1	1	0	0	5
OG0013282	0	1	1	1	1	1	0	0	5
OG0013283	0	1	0	0	1	1	1	1	5
OG0013284	0	0	4	0	1	0	0	0	5
OG0013285	0	0	2	0	0	0	0	3	5
OG0013286	0	0	2	0	0	0	0	3	5
OG0013287	0	0	3	0	0	0	0	2	5
OG0013288	0	0	3	0	0	0	0	2	5
OG0013289	0	0	5	0	0	0	0	0	5
OG0013290	0	0	5	0	0	0	0	0	5
OG0013291	0	0	4	0	0	0	0	1	5
OG0013292	0	0	4	0	0	0	0	1	5
OG0013293	0	0	4	0	0	0	1	0	5
OG0013294	0	0	1	2	0	0	0	2	5
OG0013295	0	0	3	0	0	0	0	2	5
OG0013296	0	0	1	1	1	0	1	1	5
OG0013297	0	0	2	1	0	0	0	2	5
OG0013298	0	0	1	0	0	0	0	4	5
OG0013299	0	0	4	0	0	0	0	1	5
OG0013300	0	0	4	0	0	0	0	1	5
OG0013301	0	0	2	0	0	0	0	3	5
OG0013302	0	0	2	0	0	0	0	3	5
OG0013303	0	0	5	0	0	0	0	0	5
OG0013304	0	0	4	0	0	0	0	1	5
OG0013305	0	0	3	0	0	0	0	2	5
OG0013306	0	0	2	2	0	1	0	0	5
OG0013307	0	0	2	0	0	0	0	3	5
OG0013308	0	0	3	0	0	0	0	2	5
OG0013309	0	0	1	0	0	0	0	4	5
OG0013310	0	0	3	0	0	0	0	2	5
OG0013311	0	0	3	0	0	0	0	2	5
OG0013312	0	0	1	1	1	1	1	0	5
OG0013313	0	0	1	0	0	0	0	4	5
OG0013314	0	0	1	1	0	1	1	1	5
OG0013315	0	0	1	1	1	1	1	0	5
OG0013316	0	0	2	0	0	0	0	3	5
OG0013317	0	0	2	0	0	0	0	3	5
OG0013318	0	0	1	1	0	0	0	3	5
OG0013319	0	0	1	0	1	1	1	1	5
OG0013320	0	0	3	0	0	0	0	2	5
OG0013321	0	0	3	0	0	0	0	2	5
OG0013322	0	0	2	1	0	0	0	2	5
OG0013323	0	0	1	1	1	1	1	0	5
OG0013324	0	0	2	0	0	0	0	3	5
OG0013325	0	0	1	0	0	0	0	4	5
OG0013326	0	0	3	1	0	0	0	1	5
OG0013327	0	0	4	0	0	0	0	1	5
OG0013328	0	0	1	0	1	1	1	1	5
OG0013329	0	0	2	0	0	0	0	3	5
OG0013330	0	0	1	1	2	0	0	1	5
OG0013331	0	0	1	1	0	0	0	3	5
OG0013332	0	0	1	0	1	0	3	0	5
OG0013333	0	0	3	0	0	0	0	2	5
OG0013334	0	0	3	0	0	0	0	2	5
OG0013335	0	0	5	0	0	0	0	0	5
OG0013336	0	0	3	0	0	0	0	2	5
OG0013337	0	0	1	0	0	0	0	4	5
OG0013338	0	0	2	0	0	0	0	3	5
OG0013339	0	0	2	0	0	0	0	3	5
OG0013340	0	0	2	0	0	0	0	3	5
OG0013341	0	0	3	0	0	0	0	2	5
OG0013342	0	0	1	0	1	0	2	1	5
OG0013343	0	0	1	1	0	0	0	3	5
OG0013344	0	0	1	1	1	1	1	0	5
OG0013345	0	0	1	0	0	0	0	4	5
OG0013346	0	0	1	0	0	0	0	4	5
OG0013347	0	0	2	0	0	0	0	3	5
OG0013348	0	0	2	0	0	0	0	3	5
OG0013349	0	0	4	0	0	0	0	1	5
OG0013350	0	0	1	0	1	0	0	3	5
OG0013351	0	0	2	0	0	0	0	3	5
OG0013352	0	0	2	0	0	0	0	3	5
OG0013353	0	0	1	1	1	1	0	1	5
OG0013354	0	0	2	1	0	0	0	2	5
OG0013355	0	0	3	0	0	0	0	2	5
OG0013356	0	0	3	1	0	0	0	1	5
OG0013357	0	0	2	1	0	0	0	2	5
OG0013358	0	0	2	0	0	0	0	3	5
OG0013359	0	0	1	0	0	0	0	4	5
OG0013360	0	0	3	0	0	0	0	2	5
OG0013361	0	0	1	0	0	0	0	4	5
OG0013362	0	0	3	0	0	0	0	2	5
OG0013363	0	0	1	2	0	0	0	2	5
OG0013364	0	0	1	0	0	0	0	4	5
OG0013365	0	0	1	0	0	0	0	4	5
OG0013366	0	0	1	0	0	0	0	4	5
OG0013367	0	0	1	1	1	1	0	1	5
OG0013368	0	0	4	0	0	0	0	1	5
OG0013369	0	0	1	0	0	0	1	3	5
OG0013370	0	0	1	3	0	0	0	1	5
OG0013371	0	0	1	2	0	0	0	2	5
OG0013372	0	0	1	0	0	0	0	4	5
OG0013373	0	0	1	0	0	0	0	4	5
OG0013374	0	0	1	0	0	0	0	4	5
OG0013375	0	0	1	4	0	0	0	0	5
OG0013376	0	0	1	0	0	0	4	0	5
OG0013377	0	0	1	1	0	0	0	3	5
OG0013378	0	0	1	1	1	0	1	1	5
OG0013379	0	0	1	0	0	0	0	4	5
OG0013380	0	0	1	1	1	1	0	1	5
OG0013381	0	0	2	2	0	0	0	1	5
OG0013382	0	0	0	1	1	1	1	1	5
OG0013383	0	0	0	2	0	0	0	3	5
OG0013384	0	0	0	5	0	0	0	0	5
OG0013385	0	0	0	5	0	0	0	0	5
OG0013386	0	0	0	5	0	0	0	0	5
OG0013387	0	0	0	5	0	0	0	0	5
OG0013388	0	0	0	5	0	0	0	0	5
OG0013389	0	0	0	4	0	0	0	1	5
OG0013390	0	0	0	1	1	1	1	1	5
OG0013391	0	0	0	2	0	0	0	3	5
OG0013392	0	0	0	1	1	1	2	0	5
OG0013393	0	0	0	1	0	0	0	4	5
OG0013394	0	0	0	1	1	2	1	0	5
OG0013395	0	0	0	0	1	3	1	0	5
OG0013396	0	0	0	0	5	0	0	0	5
OG0013397	0	0	0	0	2	2	1	0	5
OG0013398	0	0	0	0	5	0	0	0	5
OG0013399	0	0	0	0	5	0	0	0	5
OG0013400	0	0	0	0	5	0	0	0	5
OG0013401	0	0	0	0	5	0	0	0	5
OG0013402	0	0	0	0	5	0	0	0	5
OG0013403	0	0	0	0	5	0	0	0	5
OG0013404	0	0	0	0	5	0	0	0	5
OG0013405	0	0	0	0	1	0	4	0	5
OG0013406	0	0	0	0	2	2	1	0	5
OG0013407	0	0	0	0	5	0	0	0	5
OG0013408	0	0	0	0	5	0	0	0	5
OG0013409	0	0	0	0	5	0	0	0	5
OG0013410	0	0	0	0	5	0	0	0	5
OG0013411	0	0	0	0	2	2	1	0	5
OG0013412	0	0	0	0	5	0	0	0	5
OG0013413	0	0	0	0	5	0	0	0	5
OG0013414	0	0	0	0	2	1	1	1	5
OG0013415	0	0	0	0	2	3	0	0	5
OG0013416	0	0	0	0	1	3	1	0	5
OG0013417	0	0	0	0	4	0	1	0	5
OG0013418	0	0	0	0	5	0	0	0	5
OG0013419	0	0	0	0	4	1	0	0	5
OG0013420	0	0	0	0	1	0	4	0	5
OG0013421	0	0	0	0	1	1	3	0	5
OG0013422	0	0	0	0	3	1	1	0	5
OG0013423	0	0	0	0	1	0	4	0	5
OG0013424	0	0	0	0	2	2	1	0	5
OG0013425	0	0	0	0	5	0	0	0	5
OG0013426	0	0	0	0	2	1	2	0	5
OG0013427	0	0	0	0	3	1	1	0	5
OG0013428	0	0	0	0	3	0	2	0	5
OG0013429	0	0	0	0	4	1	0	0	5
OG0013430	0	0	0	0	5	0	0	0	5
OG0013431	0	0	0	0	1	4	0	0	5
OG0013432	0	0	0	0	1	3	1	0	5
OG0013433	0	0	0	0	1	0	4	0	5
OG0013434	0	0	0	0	1	2	2	0	5
OG0013435	0	0	0	0	0	5	0	0	5
OG0013436	0	0	0	0	0	5	0	0	5
OG0013437	0	0	0	0	0	5	0	0	5
OG0013438	0	0	0	0	0	0	5	0	5
OG0013439	0	0	0	0	0	0	5	0	5
OG0013440	0	0	0	0	0	0	5	0	5
OG0013441	0	0	0	0	0	0	5	0	5
OG0013442	0	0	0	0	0	0	5	0	5
OG0013443	0	0	0	0	0	0	5	0	5
OG0013444	0	0	0	0	0	0	0	5	5
OG0013445	0	0	0	0	0	0	0	5	5
OG0013446	0	0	0	0	0	0	0	5	5
OG0013447	0	0	0	0	0	0	0	5	5
OG0013448	0	0	0	0	0	0	0	5	5
OG0013449	0	0	0	0	0	0	0	5	5
OG0013450	0	0	0	0	0	0	0	5	5
OG0013451	0	0	0	0	0	0	0	5	5
OG0013452	0	0	0	0	0	0	0	5	5
OG0013453	0	0	0	0	0	0	0	5	5
OG0013454	0	0	0	0	0	0	0	5	5
OG0013455	0	0	0	0	0	0	0	5	5
OG0013456	0	0	0	0	0	0	0	5	5
OG0013457	0	0	0	0	0	0	0	5	5
OG0013458	0	0	0	0	0	0	0	5	5
OG0013459	0	0	0	0	0	0	0	5	5
OG0013460	0	0	0	0	0	0	0	5	5
OG0013461	2	2	0	0	0	0	0	0	4
OG0013462	3	0	0	0	1	0	0	0	4
OG0013463	0	0	2	1	1	0	0	0	4
OG0013464	0	0	3	0	0	1	0	0	4
OG0013465	0	0	4	0	0	0	0	0	4
OG0013466	1	3	0	0	0	0	0	0	4
OG0013467	2	1	0	0	0	1	0	0	4
OG0013468	0	0	0	0	4	0	0	0	4
OG0013469	0	0	1	1	1	1	0	0	4
OG0013470	0	1	1	0	1	1	0	0	4
OG0013471	1	0	1	0	1	0	1	0	4
OG0013472	2	1	0	0	0	0	0	1	4
OG0013473	2	1	1	0	0	0	0	0	4
OG0013474	0	0	3	0	0	0	0	1	4
OG0013475	0	0	1	0	0	0	0	3	4
OG0013476	4	0	0	0	0	0	0	0	4
OG0013477	3	1	0	0	0	0	0	0	4
OG0013478	2	2	0	0	0	0	0	0	4
OG0013479	0	1	1	0	1	1	0	0	4
OG0013480	0	2	1	0	0	1	0	0	4
OG0013481	0	0	0	0	2	1	1	0	4
OG0013482	2	2	0	0	0	0	0	0	4
OG0013483	1	2	0	0	0	1	0	0	4
OG0013484	1	1	1	0	0	1	0	0	4
OG0013485	0	0	2	1	0	0	0	1	4
OG0013486	1	2	0	0	0	1	0	0	4
OG0013487	0	0	1	0	1	0	1	1	4
OG0013488	1	1	1	0	0	1	0	0	4
OG0013489	4	0	0	0	0	0	0	0	4
OG0013490	2	0	0	0	0	2	0	0	4
OG0013491	1	1	0	0	0	0	1	1	4
OG0013492	4	0	0	0	0	0	0	0	4
OG0013493	1	1	1	0	0	1	0	0	4
OG0013494	2	0	0	0	0	2	0	0	4
OG0013495	0	1	1	1	1	0	0	0	4
OG0013496	1	3	0	0	0	0	0	0	4
OG0013497	0	3	0	0	0	1	0	0	4
OG0013498	0	1	2	0	0	1	0	0	4
OG0013499	1	1	0	0	1	1	0	0	4
OG0013500	3	0	0	0	0	0	0	1	4
OG0013501	3	0	0	0	0	0	0	1	4
OG0013502	1	2	0	0	0	1	0	0	4
OG0013503	2	1	0	1	0	0	0	0	4
OG0013504	1	0	1	1	1	0	0	0	4
OG0013505	0	0	1	0	3	0	0	0	4
OG0013506	0	0	1	0	1	1	1	0	4
OG0013507	2	1	0	0	0	1	0	0	4
OG0013508	0	1	2	0	0	1	0	0	4
OG0013509	2	0	0	0	1	1	0	0	4
OG0013510	1	0	0	0	0	0	1	2	4
OG0013511	1	0	1	1	0	0	0	1	4
OG0013512	1	1	1	1	0	0	0	0	4
OG0013513	0	0	3	0	0	0	0	1	4
OG0013514	1	1	0	0	1	1	0	0	4
OG0013515	1	2	0	0	0	1	0	0	4
OG0013516	2	1	0	0	0	1	0	0	4
OG0013517	3	1	0	0	0	0	0	0	4
OG0013518	3	0	0	0	0	0	0	1	4
OG0013519	3	0	0	0	0	0	0	1	4
OG0013520	0	4	0	0	0	0	0	0	4
OG0013521	1	1	1	0	1	0	0	0	4
OG0013522	1	1	0	0	1	1	0	0	4
OG0013523	1	1	0	0	1	1	0	0	4
OG0013524	0	0	0	1	1	1	1	0	4
OG0013525	2	1	0	0	0	1	0	0	4
OG0013526	0	0	2	0	0	0	0	2	4
OG0013527	1	1	1	0	0	1	0	0	4
OG0013528	3	1	0	0	0	0	0	0	4
OG0013529	1	0	0	1	1	0	0	1	4
OG0013530	2	1	0	0	0	1	0	0	4
OG0013531	2	2	0	0	0	0	0	0	4
OG0013532	1	0	1	0	1	1	0	0	4
OG0013533	0	0	3	0	0	0	0	1	4
OG0013534	0	1	1	0	1	0	1	0	4
OG0013535	0	1	0	0	1	1	1	0	4
OG0013536	1	0	0	0	1	1	1	0	4
OG0013537	0	1	1	0	1	1	0	0	4
OG0013538	3	0	1	0	0	0	0	0	4
OG0013539	3	1	0	0	0	0	0	0	4
OG0013540	3	1	0	0	0	0	0	0	4
OG0013541	1	1	0	0	1	1	0	0	4
OG0013542	0	0	0	1	1	0	1	1	4
OG0013543	3	0	1	0	0	0	0	0	4
OG0013544	1	3	0	0	0	0	0	0	4
OG0013545	0	4	0	0	0	0	0	0	4
OG0013546	3	0	0	0	1	0	0	0	4
OG0013547	3	0	1	0	0	0	0	0	4
OG0013548	3	0	1	0	0	0	0	0	4
OG0013549	2	1	1	0	0	0	0	0	4
OG0013550	3	0	0	1	0	0	0	0	4
OG0013551	3	0	0	0	0	0	0	1	4
OG0013552	3	1	0	0	0	0	0	0	4
OG0013553	1	0	1	0	1	0	1	0	4
OG0013554	1	1	1	0	0	0	0	1	4
OG0013555	3	1	0	0	0	0	0	0	4
OG0013556	1	1	1	0	0	1	0	0	4
OG0013557	3	1	0	0	0	0	0	0	4
OG0013558	2	2	0	0	0	0	0	0	4
OG0013559	1	3	0	0	0	0	0	0	4
OG0013560	1	1	0	0	1	1	0	0	4
OG0013561	2	0	0	0	0	0	0	2	4
OG0013562	2	2	0	0	0	0	0	0	4
OG0013563	2	1	0	1	0	0	0	0	4
OG0013564	1	0	2	0	0	0	0	1	4
OG0013565	2	1	0	0	0	1	0	0	4
OG0013566	0	0	0	0	0	0	1	3	4
OG0013567	1	1	0	1	0	0	0	1	4
OG0013568	3	1	0	0	0	0	0	0	4
OG0013569	1	3	0	0	0	0	0	0	4
OG0013570	1	2	0	0	0	1	0	0	4
OG0013571	3	0	1	0	0	0	0	0	4
OG0013572	2	0	2	0	0	0	0	0	4
OG0013573	1	1	1	0	1	0	0	0	4
OG0013574	1	1	0	0	0	0	0	2	4
OG0013575	1	0	1	0	0	0	0	2	4
OG0013576	2	2	0	0	0	0	0	0	4
OG0013577	1	1	1	0	0	1	0	0	4
OG0013578	1	0	1	0	0	2	0	0	4
OG0013579	2	1	0	0	0	1	0	0	4
OG0013580	1	2	0	0	0	1	0	0	4
OG0013581	1	3	0	0	0	0	0	0	4
OG0013582	1	1	1	0	0	0	0	1	4
OG0013583	1	1	0	0	1	1	0	0	4
OG0013584	1	0	2	0	0	0	0	1	4
OG0013585	1	1	0	0	0	1	0	1	4
OG0013586	1	1	0	0	1	1	0	0	4
OG0013587	3	1	0	0	0	0	0	0	4
OG0013588	1	0	0	0	1	0	1	1	4
OG0013589	3	1	0	0	0	0	0	0	4
OG0013590	4	0	0	0	0	0	0	0	4
OG0013591	1	3	0	0	0	0	0	0	4
OG0013592	4	0	0	0	0	0	0	0	4
OG0013593	4	0	0	0	0	0	0	0	4
OG0013594	4	0	0	0	0	0	0	0	4
OG0013595	1	1	0	0	0	1	1	0	4
OG0013596	4	0	0	0	0	0	0	0	4
OG0013597	4	0	0	0	0	0	0	0	4
OG0013598	4	0	0	0	0	0	0	0	4
OG0013599	4	0	0	0	0	0	0	0	4
OG0013600	4	0	0	0	0	0	0	0	4
OG0013601	4	0	0	0	0	0	0	0	4
OG0013602	2	1	0	0	0	1	0	0	4
OG0013603	4	0	0	0	0	0	0	0	4
OG0013604	4	0	0	0	0	0	0	0	4
OG0013605	4	0	0	0	0	0	0	0	4
OG0013606	1	2	0	0	0	1	0	0	4
OG0013607	4	0	0	0	0	0	0	0	4
OG0013608	4	0	0	0	0	0	0	0	4
OG0013609	3	1	0	0	0	0	0	0	4
OG0013610	4	0	0	0	0	0	0	0	4
OG0013611	2	2	0	0	0	0	0	0	4
OG0013612	4	0	0	0	0	0	0	0	4
OG0013613	1	3	0	0	0	0	0	0	4
OG0013614	3	1	0	0	0	0	0	0	4
OG0013615	4	0	0	0	0	0	0	0	4
OG0013616	4	0	0	0	0	0	0	0	4
OG0013617	4	0	0	0	0	0	0	0	4
OG0013618	4	0	0	0	0	0	0	0	4
OG0013619	4	0	0	0	0	0	0	0	4
OG0013620	4	0	0	0	0	0	0	0	4
OG0013621	2	0	1	0	0	1	0	0	4
OG0013622	4	0	0	0	0	0	0	0	4
OG0013623	4	0	0	0	0	0	0	0	4
OG0013624	4	0	0	0	0	0	0	0	4
OG0013625	1	1	0	0	0	1	1	0	4
OG0013626	4	0	0	0	0	0	0	0	4
OG0013627	4	0	0	0	0	0	0	0	4
OG0013628	1	2	0	0	0	1	0	0	4
OG0013629	4	0	0	0	0	0	0	0	4
OG0013630	4	0	0	0	0	0	0	0	4
OG0013631	3	1	0	0	0	0	0	0	4
OG0013632	4	0	0	0	0	0	0	0	4
OG0013633	3	0	0	0	0	1	0	0	4
OG0013634	3	0	1	0	0	0	0	0	4
OG0013635	4	0	0	0	0	0	0	0	4
OG0013636	4	0	0	0	0	0	0	0	4
OG0013637	4	0	0	0	0	0	0	0	4
OG0013638	4	0	0	0	0	0	0	0	4
OG0013639	4	0	0	0	0	0	0	0	4
OG0013640	2	2	0	0	0	0	0	0	4
OG0013641	4	0	0	0	0	0	0	0	4
OG0013642	4	0	0	0	0	0	0	0	4
OG0013643	4	0	0	0	0	0	0	0	4
OG0013644	4	0	0	0	0	0	0	0	4
OG0013645	4	0	0	0	0	0	0	0	4
OG0013646	4	0	0	0	0	0	0	0	4
OG0013647	4	0	0	0	0	0	0	0	4
OG0013648	4	0	0	0	0	0	0	0	4
OG0013649	2	1	1	0	0	0	0	0	4
OG0013650	4	0	0	0	0	0	0	0	4
OG0013651	4	0	0	0	0	0	0	0	4
OG0013652	4	0	0	0	0	0	0	0	4
OG0013653	4	0	0	0	0	0	0	0	4
OG0013654	4	0	0	0	0	0	0	0	4
OG0013655	4	0	0	0	0	0	0	0	4
OG0013656	4	0	0	0	0	0	0	0	4
OG0013657	4	0	0	0	0	0	0	0	4
OG0013658	4	0	0	0	0	0	0	0	4
OG0013659	4	0	0	0	0	0	0	0	4
OG0013660	4	0	0	0	0	0	0	0	4
OG0013661	4	0	0	0	0	0	0	0	4
OG0013662	4	0	0	0	0	0	0	0	4
OG0013663	4	0	0	0	0	0	0	0	4
OG0013664	4	0	0	0	0	0	0	0	4
OG0013665	4	0	0	0	0	0	0	0	4
OG0013666	4	0	0	0	0	0	0	0	4
OG0013667	4	0	0	0	0	0	0	0	4
OG0013668	3	1	0	0	0	0	0	0	4
OG0013669	4	0	0	0	0	0	0	0	4
OG0013670	4	0	0	0	0	0	0	0	4
OG0013671	4	0	0	0	0	0	0	0	4
OG0013672	4	0	0	0	0	0	0	0	4
OG0013673	4	0	0	0	0	0	0	0	4
OG0013674	2	0	1	0	0	1	0	0	4
OG0013675	2	2	0	0	0	0	0	0	4
OG0013676	4	0	0	0	0	0	0	0	4
OG0013677	4	0	0	0	0	0	0	0	4
OG0013678	4	0	0	0	0	0	0	0	4
OG0013679	4	0	0	0	0	0	0	0	4
OG0013680	4	0	0	0	0	0	0	0	4
OG0013681	4	0	0	0	0	0	0	0	4
OG0013682	4	0	0	0	0	0	0	0	4
OG0013683	4	0	0	0	0	0	0	0	4
OG0013684	4	0	0	0	0	0	0	0	4
OG0013685	4	0	0	0	0	0	0	0	4
OG0013686	4	0	0	0	0	0	0	0	4
OG0013687	4	0	0	0	0	0	0	0	4
OG0013688	4	0	0	0	0	0	0	0	4
OG0013689	1	1	1	1	0	0	0	0	4
OG0013690	1	0	0	0	1	1	1	0	4
OG0013691	2	0	0	0	0	0	0	2	4
OG0013692	4	0	0	0	0	0	0	0	4
OG0013693	2	2	0	0	0	0	0	0	4
OG0013694	4	0	0	0	0	0	0	0	4
OG0013695	4	0	0	0	0	0	0	0	4
OG0013696	4	0	0	0	0	0	0	0	4
OG0013697	4	0	0	0	0	0	0	0	4
OG0013698	1	1	1	0	0	1	0	0	4
OG0013699	4	0	0	0	0	0	0	0	4
OG0013700	4	0	0	0	0	0	0	0	4
OG0013701	3	1	0	0	0	0	0	0	4
OG0013702	4	0	0	0	0	0	0	0	4
OG0013703	3	1	0	0	0	0	0	0	4
OG0013704	4	0	0	0	0	0	0	0	4
OG0013705	4	0	0	0	0	0	0	0	4
OG0013706	4	0	0	0	0	0	0	0	4
OG0013707	4	0	0	0	0	0	0	0	4
OG0013708	4	0	0	0	0	0	0	0	4
OG0013709	1	0	1	0	0	0	0	2	4
OG0013710	4	0	0	0	0	0	0	0	4
OG0013711	4	0	0	0	0	0	0	0	4
OG0013712	4	0	0	0	0	0	0	0	4
OG0013713	2	2	0	0	0	0	0	0	4
OG0013714	3	1	0	0	0	0	0	0	4
OG0013715	1	1	1	0	0	0	0	1	4
OG0013716	1	0	1	0	1	1	0	0	4
OG0013717	1	2	0	0	0	1	0	0	4
OG0013718	4	0	0	0	0	0	0	0	4
OG0013719	4	0	0	0	0	0	0	0	4
OG0013720	4	0	0	0	0	0	0	0	4
OG0013721	4	0	0	0	0	0	0	0	4
OG0013722	4	0	0	0	0	0	0	0	4
OG0013723	4	0	0	0	0	0	0	0	4
OG0013724	4	0	0	0	0	0	0	0	4
OG0013725	4	0	0	0	0	0	0	0	4
OG0013726	2	1	0	0	0	1	0	0	4
OG0013727	2	1	0	0	0	1	0	0	4
OG0013728	4	0	0	0	0	0	0	0	4
OG0013729	4	0	0	0	0	0	0	0	4
OG0013730	4	0	0	0	0	0	0	0	4
OG0013731	4	0	0	0	0	0	0	0	4
OG0013732	4	0	0	0	0	0	0	0	4
OG0013733	1	0	0	0	1	1	1	0	4
OG0013734	4	0	0	0	0	0	0	0	4
OG0013735	3	1	0	0	0	0	0	0	4
OG0013736	1	3	0	0	0	0	0	0	4
OG0013737	1	0	0	0	1	1	1	0	4
OG0013738	4	0	0	0	0	0	0	0	4
OG0013739	4	0	0	0	0	0	0	0	4
OG0013740	1	1	1	0	0	1	0	0	4
OG0013741	4	0	0	0	0	0	0	0	4
OG0013742	4	0	0	0	0	0	0	0	4
OG0013743	4	0	0	0	0	0	0	0	4
OG0013744	1	2	0	0	0	1	0	0	4
OG0013745	3	1	0	0	0	0	0	0	4
OG0013746	4	0	0	0	0	0	0	0	4
OG0013747	1	1	1	0	0	1	0	0	4
OG0013748	4	0	0	0	0	0	0	0	4
OG0013749	4	0	0	0	0	0	0	0	4
OG0013750	4	0	0	0	0	0	0	0	4
OG0013751	4	0	0	0	0	0	0	0	4
OG0013752	3	1	0	0	0	0	0	0	4
OG0013753	2	1	0	0	0	1	0	0	4
OG0013754	4	0	0	0	0	0	0	0	4
OG0013755	4	0	0	0	0	0	0	0	4
OG0013756	4	0	0	0	0	0	0	0	4
OG0013757	4	0	0	0	0	0	0	0	4
OG0013758	4	0	0	0	0	0	0	0	4
OG0013759	4	0	0	0	0	0	0	0	4
OG0013760	1	2	1	0	0	0	0	0	4
OG0013761	4	0	0	0	0	0	0	0	4
OG0013762	4	0	0	0	0	0	0	0	4
OG0013763	4	0	0	0	0	0	0	0	4
OG0013764	4	0	0	0	0	0	0	0	4
OG0013765	2	1	0	0	0	1	0	0	4
OG0013766	1	1	1	0	0	1	0	0	4
OG0013767	1	0	0	0	1	1	1	0	4
OG0013768	4	0	0	0	0	0	0	0	4
OG0013769	4	0	0	0	0	0	0	0	4
OG0013770	2	2	0	0	0	0	0	0	4
OG0013771	4	0	0	0	0	0	0	0	4
OG0013772	4	0	0	0	0	0	0	0	4
OG0013773	4	0	0	0	0	0	0	0	4
OG0013774	4	0	0	0	0	0	0	0	4
OG0013775	4	0	0	0	0	0	0	0	4
OG0013776	4	0	0	0	0	0	0	0	4
OG0013777	4	0	0	0	0	0	0	0	4
OG0013778	4	0	0	0	0	0	0	0	4
OG0013779	2	1	0	0	0	1	0	0	4
OG0013780	4	0	0	0	0	0	0	0	4
OG0013781	4	0	0	0	0	0	0	0	4
OG0013782	4	0	0	0	0	0	0	0	4
OG0013783	2	2	0	0	0	0	0	0	4
OG0013784	4	0	0	0	0	0	0	0	4
OG0013785	4	0	0	0	0	0	0	0	4
OG0013786	4	0	0	0	0	0	0	0	4
OG0013787	4	0	0	0	0	0	0	0	4
OG0013788	1	0	0	0	1	1	1	0	4
OG0013789	3	1	0	0	0	0	0	0	4
OG0013790	2	1	0	0	0	1	0	0	4
OG0013791	2	1	0	0	0	1	0	0	4
OG0013792	4	0	0	0	0	0	0	0	4
OG0013793	4	0	0	0	0	0	0	0	4
OG0013794	4	0	0	0	0	0	0	0	4
OG0013795	1	0	0	0	1	1	1	0	4
OG0013796	4	0	0	0	0	0	0	0	4
OG0013797	2	2	0	0	0	0	0	0	4
OG0013798	4	0	0	0	0	0	0	0	4
OG0013799	4	0	0	0	0	0	0	0	4
OG0013800	4	0	0	0	0	0	0	0	4
OG0013801	4	0	0	0	0	0	0	0	4
OG0013802	3	1	0	0	0	0	0	0	4
OG0013803	4	0	0	0	0	0	0	0	4
OG0013804	4	0	0	0	0	0	0	0	4
OG0013805	3	1	0	0	0	0	0	0	4
OG0013806	4	0	0	0	0	0	0	0	4
OG0013807	4	0	0	0	0	0	0	0	4
OG0013808	2	2	0	0	0	0	0	0	4
OG0013809	4	0	0	0	0	0	0	0	4
OG0013810	4	0	0	0	0	0	0	0	4
OG0013811	4	0	0	0	0	0	0	0	4
OG0013812	4	0	0	0	0	0	0	0	4
OG0013813	4	0	0	0	0	0	0	0	4
OG0013814	4	0	0	0	0	0	0	0	4
OG0013815	4	0	0	0	0	0	0	0	4
OG0013816	4	0	0	0	0	0	0	0	4
OG0013817	4	0	0	0	0	0	0	0	4
OG0013818	4	0	0	0	0	0	0	0	4
OG0013819	4	0	0	0	0	0	0	0	4
OG0013820	3	1	0	0	0	0	0	0	4
OG0013821	4	0	0	0	0	0	0	0	4
OG0013822	4	0	0	0	0	0	0	0	4
OG0013823	4	0	0	0	0	0	0	0	4
OG0013824	4	0	0	0	0	0	0	0	4
OG0013825	1	2	0	0	0	1	0	0	4
OG0013826	4	0	0	0	0	0	0	0	4
OG0013827	4	0	0	0	0	0	0	0	4
OG0013828	2	1	0	0	0	1	0	0	4
OG0013829	2	2	0	0	0	0	0	0	4
OG0013830	3	1	0	0	0	0	0	0	4
OG0013831	4	0	0	0	0	0	0	0	4
OG0013832	2	2	0	0	0	0	0	0	4
OG0013833	3	1	0	0	0	0	0	0	4
OG0013834	3	1	0	0	0	0	0	0	4
OG0013835	1	1	1	0	1	0	0	0	4
OG0013836	4	0	0	0	0	0	0	0	4
OG0013837	4	0	0	0	0	0	0	0	4
OG0013838	4	0	0	0	0	0	0	0	4
OG0013839	4	0	0	0	0	0	0	0	4
OG0013840	4	0	0	0	0	0	0	0	4
OG0013841	4	0	0	0	0	0	0	0	4
OG0013842	3	0	0	1	0	0	0	0	4
OG0013843	4	0	0	0	0	0	0	0	4
OG0013844	2	1	0	0	0	1	0	0	4
OG0013845	4	0	0	0	0	0	0	0	4
OG0013846	4	0	0	0	0	0	0	0	4
OG0013847	1	1	0	0	0	2	0	0	4
OG0013848	4	0	0	0	0	0	0	0	4
OG0013849	4	0	0	0	0	0	0	0	4
OG0013850	4	0	0	0	0	0	0	0	4
OG0013851	4	0	0	0	0	0	0	0	4
OG0013852	4	0	0	0	0	0	0	0	4
OG0013853	4	0	0	0	0	0	0	0	4
OG0013854	3	1	0	0	0	0	0	0	4
OG0013855	3	1	0	0	0	0	0	0	4
OG0013856	4	0	0	0	0	0	0	0	4
OG0013857	4	0	0	0	0	0	0	0	4
OG0013858	4	0	0	0	0	0	0	0	4
OG0013859	1	0	1	0	1	1	0	0	4
OG0013860	4	0	0	0	0	0	0	0	4
OG0013861	4	0	0	0	0	0	0	0	4
OG0013862	4	0	0	0	0	0	0	0	4
OG0013863	4	0	0	0	0	0	0	0	4
OG0013864	3	1	0	0	0	0	0	0	4
OG0013865	4	0	0	0	0	0	0	0	4
OG0013866	4	0	0	0	0	0	0	0	4
OG0013867	3	1	0	0	0	0	0	0	4
OG0013868	4	0	0	0	0	0	0	0	4
OG0013869	1	3	0	0	0	0	0	0	4
OG0013870	2	2	0	0	0	0	0	0	4
OG0013871	2	2	0	0	0	0	0	0	4
OG0013872	4	0	0	0	0	0	0	0	4
OG0013873	4	0	0	0	0	0	0	0	4
OG0013874	1	1	0	0	0	1	1	0	4
OG0013875	4	0	0	0	0	0	0	0	4
OG0013876	4	0	0	0	0	0	0	0	4
OG0013877	4	0	0	0	0	0	0	0	4
OG0013878	4	0	0	0	0	0	0	0	4
OG0013879	4	0	0	0	0	0	0	0	4
OG0013880	3	1	0	0	0	0	0	0	4
OG0013881	4	0	0	0	0	0	0	0	4
OG0013882	1	0	0	0	1	1	1	0	4
OG0013883	4	0	0	0	0	0	0	0	4
OG0013884	4	0	0	0	0	0	0	0	4
OG0013885	4	0	0	0	0	0	0	0	4
OG0013886	4	0	0	0	0	0	0	0	4
OG0013887	4	0	0	0	0	0	0	0	4
OG0013888	4	0	0	0	0	0	0	0	4
OG0013889	4	0	0	0	0	0	0	0	4
OG0013890	2	1	0	0	0	1	0	0	4
OG0013891	1	1	0	0	0	1	1	0	4
OG0013892	1	0	0	0	1	1	1	0	4
OG0013893	4	0	0	0	0	0	0	0	4
OG0013894	4	0	0	0	0	0	0	0	4
OG0013895	4	0	0	0	0	0	0	0	4
OG0013896	4	0	0	0	0	0	0	0	4
OG0013897	1	0	0	0	1	1	1	0	4
OG0013898	4	0	0	0	0	0	0	0	4
OG0013899	4	0	0	0	0	0	0	0	4
OG0013900	4	0	0	0	0	0	0	0	4
OG0013901	4	0	0	0	0	0	0	0	4
OG0013902	4	0	0	0	0	0	0	0	4
OG0013903	3	1	0	0	0	0	0	0	4
OG0013904	1	0	1	0	1	1	0	0	4
OG0013905	4	0	0	0	0	0	0	0	4
OG0013906	1	1	0	0	0	2	0	0	4
OG0013907	1	1	1	0	0	1	0	0	4
OG0013908	4	0	0	0	0	0	0	0	4
OG0013909	4	0	0	0	0	0	0	0	4
OG0013910	1	3	0	0	0	0	0	0	4
OG0013911	4	0	0	0	0	0	0	0	4
OG0013912	3	1	0	0	0	0	0	0	4
OG0013913	2	2	0	0	0	0	0	0	4
OG0013914	4	0	0	0	0	0	0	0	4
OG0013915	4	0	0	0	0	0	0	0	4
OG0013916	4	0	0	0	0	0	0	0	4
OG0013917	1	2	0	0	0	1	0	0	4
OG0013918	1	1	0	0	1	1	0	0	4
OG0013919	2	2	0	0	0	0	0	0	4
OG0013920	4	0	0	0	0	0	0	0	4
OG0013921	2	1	0	0	0	1	0	0	4
OG0013922	4	0	0	0	0	0	0	0	4
OG0013923	3	1	0	0	0	0	0	0	4
OG0013924	4	0	0	0	0	0	0	0	4
OG0013925	4	0	0	0	0	0	0	0	4
OG0013926	4	0	0	0	0	0	0	0	4
OG0013927	4	0	0	0	0	0	0	0	4
OG0013928	1	0	0	1	1	0	1	0	4
OG0013929	4	0	0	0	0	0	0	0	4
OG0013930	4	0	0	0	0	0	0	0	4
OG0013931	2	1	0	0	0	1	0	0	4
OG0013932	1	0	0	0	1	1	1	0	4
OG0013933	1	2	0	0	0	1	0	0	4
OG0013934	4	0	0	0	0	0	0	0	4
OG0013935	1	0	0	0	1	1	1	0	4
OG0013936	2	0	0	0	1	0	1	0	4
OG0013937	0	1	1	0	1	1	0	0	4
OG0013938	0	3	0	0	0	1	0	0	4
OG0013939	0	4	0	0	0	0	0	0	4
OG0013940	0	4	0	0	0	0	0	0	4
OG0013941	0	4	0	0	0	0	0	0	4
OG0013942	0	4	0	0	0	0	0	0	4
OG0013943	0	4	0	0	0	0	0	0	4
OG0013944	0	4	0	0	0	0	0	0	4
OG0013945	0	4	0	0	0	0	0	0	4
OG0013946	0	4	0	0	0	0	0	0	4
OG0013947	0	1	1	0	1	1	0	0	4
OG0013948	0	1	1	0	1	1	0	0	4
OG0013949	0	3	0	0	0	1	0	0	4
OG0013950	0	4	0	0	0	0	0	0	4
OG0013951	0	3	0	0	0	1	0	0	4
OG0013952	0	4	0	0	0	0	0	0	4
OG0013953	0	1	0	0	1	1	1	0	4
OG0013954	0	4	0	0	0	0	0	0	4
OG0013955	0	3	0	0	0	1	0	0	4
OG0013956	0	4	0	0	0	0	0	0	4
OG0013957	0	4	0	0	0	0	0	0	4
OG0013958	0	4	0	0	0	0	0	0	4
OG0013959	0	4	0	0	0	0	0	0	4
OG0013960	0	4	0	0	0	0	0	0	4
OG0013961	0	4	0	0	0	0	0	0	4
OG0013962	0	3	0	0	0	1	0	0	4
OG0013963	0	4	0	0	0	0	0	0	4
OG0013964	0	4	0	0	0	0	0	0	4
OG0013965	0	4	0	0	0	0	0	0	4
OG0013966	0	1	1	0	1	1	0	0	4
OG0013967	0	1	0	1	1	1	0	0	4
OG0013968	0	4	0	0	0	0	0	0	4
OG0013969	0	4	0	0	0	0	0	0	4
OG0013970	0	4	0	0	0	0	0	0	4
OG0013971	0	4	0	0	0	0	0	0	4
OG0013972	0	4	0	0	0	0	0	0	4
OG0013973	0	1	1	0	1	1	0	0	4
OG0013974	0	4	0	0	0	0	0	0	4
OG0013975	0	1	1	1	0	0	0	1	4
OG0013976	0	1	1	0	1	1	0	0	4
OG0013977	0	4	0	0	0	0	0	0	4
OG0013978	0	4	0	0	0	0	0	0	4
OG0013979	0	4	0	0	0	0	0	0	4
OG0013980	0	4	0	0	0	0	0	0	4
OG0013981	0	1	0	0	0	3	0	0	4
OG0013982	0	1	1	0	0	1	0	1	4
OG0013983	0	1	0	0	1	2	0	0	4
OG0013984	0	1	1	1	0	0	0	1	4
OG0013985	0	1	0	0	1	1	1	0	4
OG0013986	0	1	1	0	0	0	0	2	4
OG0013987	0	1	1	0	0	0	0	2	4
OG0013988	0	2	1	1	0	0	0	0	4
OG0013989	0	2	0	1	1	0	0	0	4
OG0013990	0	4	0	0	0	0	0	0	4
OG0013991	0	4	0	0	0	0	0	0	4
OG0013992	0	2	0	0	1	1	0	0	4
OG0013993	0	1	1	0	1	1	0	0	4
OG0013994	0	4	0	0	0	0	0	0	4
OG0013995	0	1	1	0	0	0	0	2	4
OG0013996	0	2	1	0	0	1	0	0	4
OG0013997	0	4	0	0	0	0	0	0	4
OG0013998	0	2	1	1	0	0	0	0	4
OG0013999	0	4	0	0	0	0	0	0	4
OG0014000	0	2	0	0	1	1	0	0	4
OG0014001	0	3	0	0	0	0	0	1	4
OG0014002	0	2	0	0	1	0	1	0	4
OG0014003	0	2	1	0	0	1	0	0	4
OG0014004	0	1	0	0	1	1	1	0	4
OG0014005	0	1	2	0	0	0	0	1	4
OG0014006	0	3	1	0	0	0	0	0	4
OG0014007	0	4	0	0	0	0	0	0	4
OG0014008	0	2	0	0	0	0	0	2	4
OG0014009	0	4	0	0	0	0	0	0	4
OG0014010	0	2	2	0	0	0	0	0	4
OG0014011	0	2	0	0	0	2	0	0	4
OG0014012	0	4	0	0	0	0	0	0	4
OG0014013	0	1	1	0	0	0	0	2	4
OG0014014	0	1	1	0	1	1	0	0	4
OG0014015	0	1	0	0	1	1	1	0	4
OG0014016	0	1	0	0	2	1	0	0	4
OG0014017	0	4	0	0	0	0	0	0	4
OG0014018	0	3	0	0	0	1	0	0	4
OG0014019	0	4	0	0	0	0	0	0	4
OG0014020	0	4	0	0	0	0	0	0	4
OG0014021	0	1	0	1	1	1	0	0	4
OG0014022	0	4	0	0	0	0	0	0	4
OG0014023	0	4	0	0	0	0	0	0	4
OG0014024	0	3	0	1	0	0	0	0	4
OG0014025	0	4	0	0	0	0	0	0	4
OG0014026	0	4	0	0	0	0	0	0	4
OG0014027	0	1	0	0	1	1	1	0	4
OG0014028	0	1	1	1	0	1	0	0	4
OG0014029	0	1	0	0	1	1	1	0	4
OG0014030	0	1	1	1	0	0	0	1	4
OG0014031	0	1	1	0	1	1	0	0	4
OG0014032	0	1	0	0	1	1	1	0	4
OG0014033	0	4	0	0	0	0	0	0	4
OG0014034	0	1	0	0	1	1	1	0	4
OG0014035	0	1	1	0	1	1	0	0	4
OG0014036	0	1	0	1	0	0	1	1	4
OG0014037	0	2	0	0	1	1	0	0	4
OG0014038	0	1	1	1	1	0	0	0	4
OG0014039	0	1	1	0	0	1	1	0	4
OG0014040	0	1	0	0	1	1	1	0	4
OG0014041	0	1	1	0	1	1	0	0	4
OG0014042	0	4	0	0	0	0	0	0	4
OG0014043	0	4	0	0	0	0	0	0	4
OG0014044	0	1	1	0	1	1	0	0	4
OG0014045	0	1	0	1	1	1	0	0	4
OG0014046	0	1	1	0	1	1	0	0	4
OG0014047	0	1	0	0	1	1	1	0	4
OG0014048	0	4	0	0	0	0	0	0	4
OG0014049	0	2	0	0	0	0	1	1	4
OG0014050	0	1	1	1	0	0	0	1	4
OG0014051	0	1	0	0	1	1	1	0	4
OG0014052	0	1	0	0	1	1	1	0	4
OG0014053	0	1	1	0	1	1	0	0	4
OG0014054	0	2	0	0	0	1	1	0	4
OG0014055	0	0	4	0	0	0	0	0	4
OG0014056	0	0	4	0	0	0	0	0	4
OG0014057	0	0	1	1	0	0	0	2	4
OG0014058	0	0	1	1	0	0	1	1	4
OG0014059	0	0	3	0	0	0	0	1	4
OG0014060	0	0	2	0	1	0	0	1	4
OG0014061	0	0	1	1	0	0	0	2	4
OG0014062	0	0	3	0	0	0	0	1	4
OG0014063	0	0	1	0	1	1	1	0	4
OG0014064	0	0	2	0	0	0	0	2	4
OG0014065	0	0	3	0	0	0	0	1	4
OG0014066	0	0	4	0	0	0	0	0	4
OG0014067	0	0	2	0	0	0	0	2	4
OG0014068	0	0	3	0	0	0	0	1	4
OG0014069	0	0	1	0	0	0	0	3	4
OG0014070	0	0	3	0	0	0	0	1	4
OG0014071	0	0	1	0	0	0	0	3	4
OG0014072	0	0	3	0	0	0	0	1	4
OG0014073	0	0	3	0	0	0	0	1	4
OG0014074	0	0	3	0	0	0	0	1	4
OG0014075	0	0	1	3	0	0	0	0	4
OG0014076	0	0	3	0	0	0	0	1	4
OG0014077	0	0	2	0	0	0	0	2	4
OG0014078	0	0	1	0	0	0	0	3	4
OG0014079	0	0	1	0	0	0	0	3	4
OG0014080	0	0	1	0	0	0	0	3	4
OG0014081	0	0	2	1	0	0	0	1	4
OG0014082	0	0	2	0	0	0	0	2	4
OG0014083	0	0	2	1	0	0	0	1	4
OG0014084	0	0	2	0	0	0	0	2	4
OG0014085	0	0	2	0	0	0	0	2	4
OG0014086	0	0	2	0	0	0	0	2	4
OG0014087	0	0	3	0	0	0	0	1	4
OG0014088	0	0	2	0	0	0	0	2	4
OG0014089	0	0	3	0	0	0	0	1	4
OG0014090	0	0	2	0	0	0	0	2	4
OG0014091	0	0	4	0	0	0	0	0	4
OG0014092	0	0	3	0	0	0	0	1	4
OG0014093	0	0	2	0	0	0	0	2	4
OG0014094	0	0	3	0	0	0	0	1	4
OG0014095	0	0	1	1	0	0	0	2	4
OG0014096	0	0	1	0	0	0	0	3	4
OG0014097	0	0	1	0	0	0	0	3	4
OG0014098	0	0	1	0	0	0	0	3	4
OG0014099	0	0	2	0	0	0	0	2	4
OG0014100	0	0	2	0	0	0	0	2	4
OG0014101	0	0	2	0	0	0	0	2	4
OG0014102	0	0	2	0	0	0	0	2	4
OG0014103	0	0	1	0	0	0	0	3	4
OG0014104	0	0	2	0	0	0	0	2	4
OG0014105	0	0	1	0	0	0	0	3	4
OG0014106	0	0	1	0	0	0	0	3	4
OG0014107	0	0	1	0	0	0	0	3	4
OG0014108	0	0	2	0	0	0	0	2	4
OG0014109	0	0	3	0	0	0	0	1	4
OG0014110	0	0	3	0	0	0	0	1	4
OG0014111	0	0	1	0	0	0	0	3	4
OG0014112	0	0	2	2	0	0	0	0	4
OG0014113	0	0	2	0	0	0	0	2	4
OG0014114	0	0	1	1	0	0	0	2	4
OG0014115	0	0	2	0	0	0	0	2	4
OG0014116	0	0	1	0	0	0	0	3	4
OG0014117	0	0	1	2	0	0	0	1	4
OG0014118	0	0	1	0	0	0	0	3	4
OG0014119	0	0	3	0	0	0	0	1	4
OG0014120	0	0	3	0	0	0	0	1	4
OG0014121	0	0	1	0	0	0	0	3	4
OG0014122	0	0	2	0	0	0	0	2	4
OG0014123	0	0	3	0	0	0	0	1	4
OG0014124	0	0	2	0	0	0	0	2	4
OG0014125	0	0	1	0	0	0	0	3	4
OG0014126	0	0	3	0	0	0	0	1	4
OG0014127	0	0	1	1	0	0	0	2	4
OG0014128	0	0	1	0	0	0	0	3	4
OG0014129	0	0	3	0	0	0	0	1	4
OG0014130	0	0	3	0	0	0	0	1	4
OG0014131	0	0	1	0	0	0	0	3	4
OG0014132	0	0	2	0	0	0	0	2	4
OG0014133	0	0	1	0	0	0	0	3	4
OG0014134	0	0	2	0	0	0	0	2	4
OG0014135	0	0	1	1	0	0	0	2	4
OG0014136	0	0	1	0	0	0	0	3	4
OG0014137	0	0	2	0	0	0	0	2	4
OG0014138	0	0	1	1	0	0	0	2	4
OG0014139	0	0	1	1	0	0	0	2	4
OG0014140	0	0	1	0	0	0	0	3	4
OG0014141	0	0	3	0	0	0	0	1	4
OG0014142	0	0	2	0	0	0	0	2	4
OG0014143	0	0	2	0	0	0	0	2	4
OG0014144	0	0	1	0	0	0	0	3	4
OG0014145	0	0	1	0	0	0	0	3	4
OG0014146	0	0	3	0	0	0	0	1	4
OG0014147	0	0	2	0	0	0	0	2	4
OG0014148	0	0	1	0	0	0	0	3	4
OG0014149	0	0	2	1	0	1	0	0	4
OG0014150	0	0	3	0	0	0	0	1	4
OG0014151	0	0	1	0	0	0	0	3	4
OG0014152	0	0	3	0	0	0	0	1	4
OG0014153	0	0	2	0	0	1	1	0	4
OG0014154	0	0	2	0	0	0	0	2	4
OG0014155	0	0	2	0	0	0	0	2	4
OG0014156	0	0	1	0	0	0	0	3	4
OG0014157	0	0	4	0	0	0	0	0	4
OG0014158	0	0	2	0	0	0	0	2	4
OG0014159	0	0	2	0	0	0	0	2	4
OG0014160	0	0	3	0	0	0	0	1	4
OG0014161	0	0	1	1	0	0	0	2	4
OG0014162	0	0	2	0	0	0	0	2	4
OG0014163	0	0	1	0	1	1	1	0	4
OG0014164	0	0	2	0	0	0	0	2	4
OG0014165	0	0	1	1	0	0	0	2	4
OG0014166	0	0	1	0	0	0	0	3	4
OG0014167	0	0	1	1	0	0	0	2	4
OG0014168	0	0	2	1	0	0	0	1	4
OG0014169	0	0	1	0	1	1	1	0	4
OG0014170	0	0	2	0	0	0	0	2	4
OG0014171	0	0	2	0	0	0	0	2	4
OG0014172	0	0	2	0	0	0	0	2	4
OG0014173	0	0	2	1	0	0	0	1	4
OG0014174	0	0	1	0	0	0	0	3	4
OG0014175	0	0	2	0	0	0	0	2	4
OG0014176	0	0	2	0	0	0	0	2	4
OG0014177	0	0	1	0	0	0	0	3	4
OG0014178	0	0	1	0	0	0	0	3	4
OG0014179	0	0	1	0	0	0	0	3	4
OG0014180	0	0	3	0	0	0	0	1	4
OG0014181	0	0	1	1	0	0	0	2	4
OG0014182	0	0	2	0	0	0	0	2	4
OG0014183	0	0	2	0	0	0	0	2	4
OG0014184	0	0	2	0	0	0	0	2	4
OG0014185	0	0	1	0	0	0	0	3	4
OG0014186	0	0	1	1	1	1	0	0	4
OG0014187	0	0	2	0	0	0	0	2	4
OG0014188	0	0	2	0	0	0	0	2	4
OG0014189	0	0	1	0	0	0	0	3	4
OG0014190	0	0	1	0	0	0	0	3	4
OG0014191	0	0	1	1	0	0	0	2	4
OG0014192	0	0	1	0	0	0	0	3	4
OG0014193	0	0	2	0	0	0	0	2	4
OG0014194	0	0	1	1	0	0	0	2	4
OG0014195	0	0	3	0	0	0	0	1	4
OG0014196	0	0	2	0	0	0	0	2	4
OG0014197	0	0	2	0	0	0	0	2	4
OG0014198	0	0	1	0	0	0	0	3	4
OG0014199	0	0	2	0	0	0	0	2	4
OG0014200	0	0	2	0	0	0	0	2	4
OG0014201	0	0	2	0	0	0	0	2	4
OG0014202	0	0	1	1	1	1	0	0	4
OG0014203	0	0	1	0	0	0	0	3	4
OG0014204	0	0	1	0	0	0	0	3	4
OG0014205	0	0	1	1	0	0	0	2	4
OG0014206	0	0	3	0	0	0	0	1	4
OG0014207	0	0	3	0	0	0	0	1	4
OG0014208	0	0	2	0	0	0	0	2	4
OG0014209	0	0	2	0	0	0	0	2	4
OG0014210	0	0	1	0	0	0	0	3	4
OG0014211	0	0	3	0	0	0	0	1	4
OG0014212	0	0	2	1	0	0	0	1	4
OG0014213	0	0	1	0	0	0	0	3	4
OG0014214	0	0	2	0	0	0	0	2	4
OG0014215	0	0	1	0	0	0	0	3	4
OG0014216	0	0	1	0	0	0	0	3	4
OG0014217	0	0	1	0	0	0	0	3	4
OG0014218	0	0	1	0	2	1	0	0	4
OG0014219	0	0	1	2	0	0	0	1	4
OG0014220	0	0	1	0	0	0	0	3	4
OG0014221	0	0	1	0	0	0	0	3	4
OG0014222	0	0	1	0	0	0	0	3	4
OG0014223	0	0	1	0	0	0	0	3	4
OG0014224	0	0	1	1	0	0	0	2	4
OG0014225	0	0	1	1	0	0	1	1	4
OG0014226	0	0	1	0	0	0	0	3	4
OG0014227	0	0	2	0	0	0	0	2	4
OG0014228	0	0	1	1	0	0	0	2	4
OG0014229	0	0	1	1	0	0	0	2	4
OG0014230	0	0	1	0	0	0	0	3	4
OG0014231	0	0	1	0	0	0	0	3	4
OG0014232	0	0	1	0	0	0	0	3	4
OG0014233	0	0	3	0	0	0	0	1	4
OG0014234	0	0	1	0	0	0	0	3	4
OG0014235	0	0	3	0	0	0	0	1	4
OG0014236	0	0	2	0	0	0	0	2	4
OG0014237	0	0	1	0	0	0	0	3	4
OG0014238	0	0	1	1	1	1	0	0	4
OG0014239	0	0	1	0	0	0	0	3	4
OG0014240	0	0	1	1	2	0	0	0	4
OG0014241	0	0	1	1	0	0	0	2	4
OG0014242	0	0	1	2	0	0	0	1	4
OG0014243	0	0	1	0	0	0	0	3	4
OG0014244	0	0	1	0	0	0	0	3	4
OG0014245	0	0	1	0	0	0	0	3	4
OG0014246	0	0	1	0	0	0	0	3	4
OG0014247	0	0	1	0	0	3	0	0	4
OG0014248	0	0	1	1	0	0	0	2	4
OG0014249	0	0	1	0	0	0	0	3	4
OG0014250	0	0	1	1	0	0	0	2	4
OG0014251	0	0	1	1	1	0	0	1	4
OG0014252	0	0	1	0	0	0	0	3	4
OG0014253	0	0	3	0	0	0	0	1	4
OG0014254	0	0	1	0	1	1	1	0	4
OG0014255	0	0	1	1	1	0	0	1	4
OG0014256	0	0	0	4	0	0	0	0	4
OG0014257	0	0	0	4	0	0	0	0	4
OG0014258	0	0	0	4	0	0	0	0	4
OG0014259	0	0	0	1	0	0	0	3	4
OG0014260	0	0	0	4	0	0	0	0	4
OG0014261	0	0	0	1	0	0	0	3	4
OG0014262	0	0	0	1	1	0	1	1	4
OG0014263	0	0	0	1	0	0	0	3	4
OG0014264	0	0	0	1	0	0	0	3	4
OG0014265	0	0	0	1	0	0	0	3	4
OG0014266	0	0	0	1	0	0	0	3	4
OG0014267	0	0	0	2	1	1	0	0	4
OG0014268	0	0	0	1	0	0	0	3	4
OG0014269	0	0	0	1	1	1	1	0	4
OG0014270	0	0	0	1	0	0	0	3	4
OG0014271	0	0	0	1	1	1	1	0	4
OG0014272	0	0	0	0	1	0	1	2	4
OG0014273	0	0	0	0	3	1	0	0	4
OG0014274	0	0	0	0	4	0	0	0	4
OG0014275	0	0	0	0	1	3	0	0	4
OG0014276	0	0	0	0	4	0	0	0	4
OG0014277	0	0	0	0	4	0	0	0	4
OG0014278	0	0	0	0	2	2	0	0	4
OG0014279	0	0	0	0	3	0	1	0	4
OG0014280	0	0	0	0	3	0	0	1	4
OG0014281	0	0	0	0	4	0	0	0	4
OG0014282	0	0	0	0	4	0	0	0	4
OG0014283	0	0	0	0	4	0	0	0	4
OG0014284	0	0	0	0	4	0	0	0	4
OG0014285	0	0	0	0	1	2	1	0	4
OG0014286	0	0	0	0	4	0	0	0	4
OG0014287	0	0	0	0	4	0	0	0	4
OG0014288	0	0	0	0	1	0	3	0	4
OG0014289	0	0	0	0	2	2	0	0	4
OG0014290	0	0	0	0	4	0	0	0	4
OG0014291	0	0	0	0	4	0	0	0	4
OG0014292	0	0	0	0	4	0	0	0	4
OG0014293	0	0	0	0	4	0	0	0	4
OG0014294	0	0	0	0	3	1	0	0	4
OG0014295	0	0	0	0	3	1	0	0	4
OG0014296	0	0	0	0	3	0	1	0	4
OG0014297	0	0	0	0	3	0	1	0	4
OG0014298	0	0	0	0	4	0	0	0	4
OG0014299	0	0	0	0	1	1	2	0	4
OG0014300	0	0	0	0	2	1	1	0	4
OG0014301	0	0	0	0	4	0	0	0	4
OG0014302	0	0	0	0	4	0	0	0	4
OG0014303	0	0	0	0	1	1	2	0	4
OG0014304	0	0	0	0	4	0	0	0	4
OG0014305	0	0	0	0	2	0	2	0	4
OG0014306	0	0	0	0	4	0	0	0	4
OG0014307	0	0	0	0	4	0	0	0	4
OG0014308	0	0	0	0	3	0	0	1	4
OG0014309	0	0	0	0	1	3	0	0	4
OG0014310	0	0	0	0	2	1	1	0	4
OG0014311	0	0	0	0	1	2	1	0	4
OG0014312	0	0	0	0	4	0	0	0	4
OG0014313	0	0	0	0	2	1	1	0	4
OG0014314	0	0	0	0	1	2	1	0	4
OG0014315	0	0	0	0	4	0	0	0	4
OG0014316	0	0	0	0	1	1	2	0	4
OG0014317	0	0	0	0	1	2	1	0	4
OG0014318	0	0	0	0	2	1	1	0	4
OG0014319	0	0	0	0	2	0	2	0	4
OG0014320	0	0	0	0	1	0	3	0	4
OG0014321	0	0	0	0	1	2	1	0	4
OG0014322	0	0	0	0	3	1	0	0	4
OG0014323	0	0	0	0	1	3	0	0	4
OG0014324	0	0	0	0	2	1	1	0	4
OG0014325	0	0	0	0	1	3	0	0	4
OG0014326	0	0	0	0	1	1	2	0	4
OG0014327	0	0	0	0	1	1	1	1	4
OG0014328	0	0	0	0	4	0	0	0	4
OG0014329	0	0	0	0	1	3	0	0	4
OG0014330	0	0	0	0	1	1	1	1	4
OG0014331	0	0	0	0	2	1	1	0	4
OG0014332	0	0	0	0	1	1	2	0	4
OG0014333	0	0	0	0	1	0	3	0	4
OG0014334	0	0	0	0	4	0	0	0	4
OG0014335	0	0	0	0	1	2	1	0	4
OG0014336	0	0	0	0	1	0	3	0	4
OG0014337	0	0	0	0	1	3	0	0	4
OG0014338	0	0	0	0	2	0	2	0	4
OG0014339	0	0	0	0	1	1	2	0	4
OG0014340	0	0	0	0	2	1	1	0	4
OG0014341	0	0	0	0	1	2	1	0	4
OG0014342	0	0	0	0	2	1	1	0	4
OG0014343	0	0	0	0	0	1	3	0	4
OG0014344	0	0	0	0	0	1	3	0	4
OG0014345	0	0	0	0	0	3	1	0	4
OG0014346	0	0	0	0	0	2	2	0	4
OG0014347	0	0	0	0	0	4	0	0	4
OG0014348	0	0	0	0	0	3	1	0	4
OG0014349	0	0	0	0	0	4	0	0	4
OG0014350	0	0	0	0	0	0	4	0	4
OG0014351	0	0	0	0	0	0	4	0	4
OG0014352	0	0	0	0	0	0	4	0	4
OG0014353	0	0	0	0	0	0	4	0	4
OG0014354	0	0	0	0	0	0	4	0	4
OG0014355	0	0	0	0	0	0	4	0	4
OG0014356	0	0	0	0	0	0	4	0	4
OG0014357	0	0	0	0	0	0	4	0	4
OG0014358	0	0	0	0	0	0	4	0	4
OG0014359	0	0	0	0	0	0	4	0	4
OG0014360	0	0	0	0	0	0	4	0	4
OG0014361	0	0	0	0	0	0	4	0	4
OG0014362	0	0	0	0	0	0	4	0	4
OG0014363	0	0	0	0	0	0	4	0	4
OG0014364	0	0	0	0	0	0	4	0	4
OG0014365	0	0	0	0	0	0	4	0	4
OG0014366	0	0	0	0	0	0	2	2	4
OG0014367	0	0	0	0	0	0	4	0	4
OG0014368	0	0	0	0	0	0	4	0	4
OG0014369	0	0	0	0	0	0	3	1	4
OG0014370	0	0	0	0	0	0	4	0	4
OG0014371	0	0	0	0	0	0	4	0	4
OG0014372	0	0	0	0	0	0	4	0	4
OG0014373	0	0	0	0	0	0	0	4	4
OG0014374	0	0	0	0	0	0	0	4	4
OG0014375	0	0	0	0	0	0	0	4	4
OG0014376	0	0	0	0	0	0	0	4	4
OG0014377	0	0	0	0	0	0	0	4	4
OG0014378	0	0	0	0	0	0	0	4	4
OG0014379	0	0	0	0	0	0	0	4	4
OG0014380	0	0	0	0	0	0	0	4	4
OG0014381	0	0	0	0	0	0	0	4	4
OG0014382	0	0	0	0	0	0	0	4	4
OG0014383	0	0	0	0	0	0	0	4	4
OG0014384	0	0	0	0	0	0	0	4	4
OG0014385	0	0	0	0	0	0	0	4	4
OG0014386	0	0	0	0	0	0	0	4	4
OG0014387	0	0	0	0	0	0	0	4	4
OG0014388	0	0	0	0	0	0	0	4	4
OG0014389	0	0	0	0	0	0	0	4	4
OG0014390	0	0	0	0	0	0	0	4	4
OG0014391	0	0	0	0	0	0	0	4	4
OG0014392	0	0	0	0	0	0	0	4	4
OG0014393	0	0	0	0	0	0	0	4	4
OG0014394	0	0	0	0	0	0	0	4	4
OG0014395	0	0	0	0	0	0	0	4	4
OG0014396	0	0	0	0	0	0	0	4	4
OG0014397	0	0	2	1	0	0	0	0	3
OG0014398	2	0	0	0	0	0	0	1	3
OG0014399	2	0	0	0	0	0	0	1	3
OG0014400	1	1	0	0	1	0	0	0	3
OG0014401	1	2	0	0	0	0	0	0	3
OG0014402	3	0	0	0	0	0	0	0	3
OG0014403	1	0	1	0	1	0	0	0	3
OG0014404	2	1	0	0	0	0	0	0	3
OG0014405	2	1	0	0	0	0	0	0	3
OG0014406	2	1	0	0	0	0	0	0	3
OG0014407	1	1	0	0	0	1	0	0	3
OG0014408	1	2	0	0	0	0	0	0	3
OG0014409	0	1	0	0	0	1	0	1	3
OG0014410	1	0	1	0	0	1	0	0	3
OG0014411	1	1	0	0	0	1	0	0	3
OG0014412	1	2	0	0	0	0	0	0	3
OG0014413	3	0	0	0	0	0	0	0	3
OG0014414	2	1	0	0	0	0	0	0	3
OG0014415	2	0	0	0	0	0	0	1	3
OG0014416	0	1	0	0	1	1	0	0	3
OG0014417	2	1	0	0	0	0	0	0	3
OG0014418	1	0	1	0	0	0	0	1	3
OG0014419	2	0	1	0	0	0	0	0	3
OG0014420	1	1	0	0	0	1	0	0	3
OG0014421	3	0	0	0	0	0	0	0	3
OG0014422	2	0	0	0	1	0	0	0	3
OG0014423	1	2	0	0	0	0	0	0	3
OG0014424	1	0	0	0	2	0	0	0	3
OG0014425	1	0	0	2	0	0	0	0	3
OG0014426	3	0	0	0	0	0	0	0	3
OG0014427	3	0	0	0	0	0	0	0	3
OG0014428	0	1	0	1	0	0	0	1	3
OG0014429	3	0	0	0	0	0	0	0	3
OG0014430	0	0	1	0	0	0	0	2	3
OG0014431	2	1	0	0	0	0	0	0	3
OG0014432	0	1	1	0	0	1	0	0	3
OG0014433	1	1	1	0	0	0	0	0	3
OG0014434	1	2	0	0	0	0	0	0	3
OG0014435	2	1	0	0	0	0	0	0	3
OG0014436	0	2	0	1	0	0	0	0	3
OG0014437	0	0	0	0	1	0	1	1	3
OG0014438	2	1	0	0	0	0	0	0	3
OG0014439	3	0	0	0	0	0	0	0	3
OG0014440	3	0	0	0	0	0	0	0	3
OG0014441	1	0	1	0	0	0	0	1	3
OG0014442	3	0	0	0	0	0	0	0	3
OG0014443	1	2	0	0	0	0	0	0	3
OG0014444	1	1	0	0	0	0	0	1	3
OG0014445	0	0	1	0	0	0	0	2	3
OG0014446	0	0	2	0	0	0	0	1	3
OG0014447	2	0	0	0	0	1	0	0	3
OG0014448	2	1	0	0	0	0	0	0	3
OG0014449	0	1	0	1	0	1	0	0	3
OG0014450	1	1	0	0	0	1	0	0	3
OG0014451	0	3	0	0	0	0	0	0	3
OG0014452	1	2	0	0	0	0	0	0	3
OG0014453	1	2	0	0	0	0	0	0	3
OG0014454	1	1	0	0	0	1	0	0	3
OG0014455	3	0	0	0	0	0	0	0	3
OG0014456	1	0	1	0	0	1	0	0	3
OG0014457	3	0	0	0	0	0	0	0	3
OG0014458	1	0	0	0	0	0	0	2	3
OG0014459	2	1	0	0	0	0	0	0	3
OG0014460	2	1	0	0	0	0	0	0	3
OG0014461	3	0	0	0	0	0	0	0	3
OG0014462	1	1	0	0	0	1	0	0	3
OG0014463	1	0	1	0	0	0	0	1	3
OG0014464	0	3	0	0	0	0	0	0	3
OG0014465	2	1	0	0	0	0	0	0	3
OG0014466	1	0	1	0	0	0	0	1	3
OG0014467	3	0	0	0	0	0	0	0	3
OG0014468	1	0	0	0	0	0	0	2	3
OG0014469	0	0	0	2	1	0	0	0	3
OG0014470	2	1	0	0	0	0	0	0	3
OG0014471	2	0	1	0	0	0	0	0	3
OG0014472	1	1	0	0	0	1	0	0	3
OG0014473	1	1	0	0	0	1	0	0	3
OG0014474	2	1	0	0	0	0	0	0	3
OG0014475	1	0	1	0	0	0	0	1	3
OG0014476	2	1	0	0	0	0	0	0	3
OG0014477	1	1	0	0	0	1	0	0	3
OG0014478	1	0	1	0	0	1	0	0	3
OG0014479	1	1	0	0	0	1	0	0	3
OG0014480	1	0	0	0	0	0	0	2	3
OG0014481	3	0	0	0	0	0	0	0	3
OG0014482	1	2	0	0	0	0	0	0	3
OG0014483	2	1	0	0	0	0	0	0	3
OG0014484	2	1	0	0	0	0	0	0	3
OG0014485	0	0	1	0	1	1	0	0	3
OG0014486	2	1	0	0	0	0	0	0	3
OG0014487	1	2	0	0	0	0	0	0	3
OG0014488	2	0	0	0	0	0	0	1	3
OG0014489	1	2	0	0	0	0	0	0	3
OG0014490	1	2	0	0	0	0	0	0	3
OG0014491	1	0	0	0	0	0	0	2	3
OG0014492	2	1	0	0	0	0	0	0	3
OG0014493	1	2	0	0	0	0	0	0	3
OG0014494	2	0	0	0	0	0	0	1	3
OG0014495	2	0	0	0	0	0	0	1	3
OG0014496	1	2	0	0	0	0	0	0	3
OG0014497	2	0	0	0	0	0	0	1	3
OG0014498	2	0	0	0	0	0	0	1	3
OG0014499	2	0	0	0	0	0	0	1	3
OG0014500	1	1	0	0	0	0	1	0	3
OG0014501	2	1	0	0	0	0	0	0	3
OG0014502	2	0	0	0	0	0	0	1	3
OG0014503	1	0	1	0	0	0	0	1	3
OG0014504	2	0	0	0	0	0	0	1	3
OG0014505	1	0	1	0	0	0	0	1	3
OG0014506	1	2	0	0	0	0	0	0	3
OG0014507	2	0	0	0	0	0	0	1	3
OG0014508	1	1	0	0	0	1	0	0	3
OG0014509	1	1	0	0	0	1	0	0	3
OG0014510	2	0	0	0	0	0	0	1	3
OG0014511	1	0	0	0	0	0	0	2	3
OG0014512	2	1	0	0	0	0	0	0	3
OG0014513	0	0	1	1	1	0	0	0	3
OG0014514	1	1	0	0	0	1	0	0	3
OG0014515	1	2	0	0	0	0	0	0	3
OG0014516	1	2	0	0	0	0	0	0	3
OG0014517	1	0	1	0	0	0	0	1	3
OG0014518	1	0	1	0	0	0	0	1	3
OG0014519	2	1	0	0	0	0	0	0	3
OG0014520	1	0	0	0	0	0	0	2	3
OG0014521	1	1	0	0	0	1	0	0	3
OG0014522	1	0	0	2	0	0	0	0	3
OG0014523	2	0	0	1	0	0	0	0	3
OG0014524	1	1	0	0	0	1	0	0	3
OG0014525	1	1	0	0	0	1	0	0	3
OG0014526	2	0	0	0	0	0	0	1	3
OG0014527	2	0	1	0	0	0	0	0	3
OG0014528	2	0	1	0	0	0	0	0	3
OG0014529	2	0	0	0	0	0	0	1	3
OG0014530	2	1	0	0	0	0	0	0	3
OG0014531	1	0	1	0	1	0	0	0	3
OG0014532	2	1	0	0	0	0	0	0	3
OG0014533	2	0	1	0	0	0	0	0	3
OG0014534	1	0	1	0	0	0	0	1	3
OG0014535	1	1	0	0	0	1	0	0	3
OG0014536	2	0	0	1	0	0	0	0	3
OG0014537	1	1	0	0	0	1	0	0	3
OG0014538	1	0	2	0	0	0	0	0	3
OG0014539	1	0	1	0	0	1	0	0	3
OG0014540	1	1	0	1	0	0	0	0	3
OG0014541	1	1	0	0	0	1	0	0	3
OG0014542	1	0	1	0	0	0	0	1	3
OG0014543	1	0	0	0	0	0	1	1	3
OG0014544	1	0	0	2	0	0	0	0	3
OG0014545	2	1	0	0	0	0	0	0	3
OG0014546	1	0	1	0	0	1	0	0	3
OG0014547	2	1	0	0	0	0	0	0	3
OG0014548	2	1	0	0	0	0	0	0	3
OG0014549	1	2	0	0	0	0	0	0	3
OG0014550	2	0	0	0	0	0	0	1	3
OG0014551	2	1	0	0	0	0	0	0	3
OG0014552	2	1	0	0	0	0	0	0	3
OG0014553	2	0	0	0	0	0	0	1	3
OG0014554	2	0	0	0	0	0	0	1	3
OG0014555	2	0	1	0	0	0	0	0	3
OG0014556	1	2	0	0	0	0	0	0	3
OG0014557	2	0	1	0	0	0	0	0	3
OG0014558	2	0	1	0	0	0	0	0	3
OG0014559	1	0	2	0	0	0	0	0	3
OG0014560	2	0	1	0	0	0	0	0	3
OG0014561	2	0	1	0	0	0	0	0	3
OG0014562	1	2	0	0	0	0	0	0	3
OG0014563	1	0	1	1	0	0	0	0	3
OG0014564	2	0	0	1	0	0	0	0	3
OG0014565	1	0	1	0	0	0	0	1	3
OG0014566	1	2	0	0	0	0	0	0	3
OG0014567	2	0	0	0	1	0	0	0	3
OG0014568	2	1	0	0	0	0	0	0	3
OG0014569	3	0	0	0	0	0	0	0	3
OG0014570	1	2	0	0	0	0	0	0	3
OG0014571	3	0	0	0	0	0	0	0	3
OG0014572	3	0	0	0	0	0	0	0	3
OG0014573	3	0	0	0	0	0	0	0	3
OG0014574	1	0	0	0	1	0	1	0	3
OG0014575	3	0	0	0	0	0	0	0	3
OG0014576	2	1	0	0	0	0	0	0	3
OG0014577	2	1	0	0	0	0	0	0	3
OG0014578	3	0	0	0	0	0	0	0	3
OG0014579	3	0	0	0	0	0	0	0	3
OG0014580	2	1	0	0	0	0	0	0	3
OG0014581	3	0	0	0	0	0	0	0	3
OG0014582	3	0	0	0	0	0	0	0	3
OG0014583	3	0	0	0	0	0	0	0	3
OG0014584	3	0	0	0	0	0	0	0	3
OG0014585	1	2	0	0	0	0	0	0	3
OG0014586	3	0	0	0	0	0	0	0	3
OG0014587	1	1	0	0	0	1	0	0	3
OG0014588	3	0	0	0	0	0	0	0	3
OG0014589	3	0	0	0	0	0	0	0	3
OG0014590	3	0	0	0	0	0	0	0	3
OG0014591	1	0	0	0	1	1	0	0	3
OG0014592	3	0	0	0	0	0	0	0	3
OG0014593	1	1	0	0	0	1	0	0	3
OG0014594	3	0	0	0	0	0	0	0	3
OG0014595	3	0	0	0	0	0	0	0	3
OG0014596	3	0	0	0	0	0	0	0	3
OG0014597	3	0	0	0	0	0	0	0	3
OG0014598	3	0	0	0	0	0	0	0	3
OG0014599	3	0	0	0	0	0	0	0	3
OG0014600	1	2	0	0	0	0	0	0	3
OG0014601	3	0	0	0	0	0	0	0	3
OG0014602	3	0	0	0	0	0	0	0	3
OG0014603	3	0	0	0	0	0	0	0	3
OG0014604	3	0	0	0	0	0	0	0	3
OG0014605	3	0	0	0	0	0	0	0	3
OG0014606	3	0	0	0	0	0	0	0	3
OG0014607	3	0	0	0	0	0	0	0	3
OG0014608	3	0	0	0	0	0	0	0	3
OG0014609	1	2	0	0	0	0	0	0	3
OG0014610	3	0	0	0	0	0	0	0	3
OG0014611	3	0	0	0	0	0	0	0	3
OG0014612	3	0	0	0	0	0	0	0	3
OG0014613	3	0	0	0	0	0	0	0	3
OG0014614	3	0	0	0	0	0	0	0	3
OG0014615	3	0	0	0	0	0	0	0	3
OG0014616	3	0	0	0	0	0	0	0	3
OG0014617	3	0	0	0	0	0	0	0	3
OG0014618	3	0	0	0	0	0	0	0	3
OG0014619	3	0	0	0	0	0	0	0	3
OG0014620	3	0	0	0	0	0	0	0	3
OG0014621	3	0	0	0	0	0	0	0	3
OG0014622	3	0	0	0	0	0	0	0	3
OG0014623	3	0	0	0	0	0	0	0	3
OG0014624	3	0	0	0	0	0	0	0	3
OG0014625	3	0	0	0	0	0	0	0	3
OG0014626	3	0	0	0	0	0	0	0	3
OG0014627	3	0	0	0	0	0	0	0	3
OG0014628	3	0	0	0	0	0	0	0	3
OG0014629	3	0	0	0	0	0	0	0	3
OG0014630	3	0	0	0	0	0	0	0	3
OG0014631	3	0	0	0	0	0	0	0	3
OG0014632	3	0	0	0	0	0	0	0	3
OG0014633	3	0	0	0	0	0	0	0	3
OG0014634	3	0	0	0	0	0	0	0	3
OG0014635	3	0	0	0	0	0	0	0	3
OG0014636	3	0	0	0	0	0	0	0	3
OG0014637	3	0	0	0	0	0	0	0	3
OG0014638	3	0	0	0	0	0	0	0	3
OG0014639	3	0	0	0	0	0	0	0	3
OG0014640	3	0	0	0	0	0	0	0	3
OG0014641	3	0	0	0	0	0	0	0	3
OG0014642	3	0	0	0	0	0	0	0	3
OG0014643	3	0	0	0	0	0	0	0	3
OG0014644	3	0	0	0	0	0	0	0	3
OG0014645	3	0	0	0	0	0	0	0	3
OG0014646	3	0	0	0	0	0	0	0	3
OG0014647	3	0	0	0	0	0	0	0	3
OG0014648	3	0	0	0	0	0	0	0	3
OG0014649	3	0	0	0	0	0	0	0	3
OG0014650	3	0	0	0	0	0	0	0	3
OG0014651	3	0	0	0	0	0	0	0	3
OG0014652	3	0	0	0	0	0	0	0	3
OG0014653	2	1	0	0	0	0	0	0	3
OG0014654	2	1	0	0	0	0	0	0	3
OG0014655	3	0	0	0	0	0	0	0	3
OG0014656	3	0	0	0	0	0	0	0	3
OG0014657	3	0	0	0	0	0	0	0	3
OG0014658	3	0	0	0	0	0	0	0	3
OG0014659	1	0	2	0	0	0	0	0	3
OG0014660	3	0	0	0	0	0	0	0	3
OG0014661	3	0	0	0	0	0	0	0	3
OG0014662	3	0	0	0	0	0	0	0	3
OG0014663	3	0	0	0	0	0	0	0	3
OG0014664	1	1	0	0	0	1	0	0	3
OG0014665	3	0	0	0	0	0	0	0	3
OG0014666	2	0	0	0	0	0	1	0	3
OG0014667	3	0	0	0	0	0	0	0	3
OG0014668	3	0	0	0	0	0	0	0	3
OG0014669	3	0	0	0	0	0	0	0	3
OG0014670	3	0	0	0	0	0	0	0	3
OG0014671	3	0	0	0	0	0	0	0	3
OG0014672	3	0	0	0	0	0	0	0	3
OG0014673	3	0	0	0	0	0	0	0	3
OG0014674	3	0	0	0	0	0	0	0	3
OG0014675	3	0	0	0	0	0	0	0	3
OG0014676	3	0	0	0	0	0	0	0	3
OG0014677	3	0	0	0	0	0	0	0	3
OG0014678	3	0	0	0	0	0	0	0	3
OG0014679	3	0	0	0	0	0	0	0	3
OG0014680	1	1	0	0	0	0	1	0	3
OG0014681	3	0	0	0	0	0	0	0	3
OG0014682	3	0	0	0	0	0	0	0	3
OG0014683	3	0	0	0	0	0	0	0	3
OG0014684	2	1	0	0	0	0	0	0	3
OG0014685	3	0	0	0	0	0	0	0	3
OG0014686	1	0	0	0	1	1	0	0	3
OG0014687	1	2	0	0	0	0	0	0	3
OG0014688	1	2	0	0	0	0	0	0	3
OG0014689	3	0	0	0	0	0	0	0	3
OG0014690	2	0	0	1	0	0	0	0	3
OG0014691	3	0	0	0	0	0	0	0	3
OG0014692	3	0	0	0	0	0	0	0	3
OG0014693	3	0	0	0	0	0	0	0	3
OG0014694	3	0	0	0	0	0	0	0	3
OG0014695	2	1	0	0	0	0	0	0	3
OG0014696	3	0	0	0	0	0	0	0	3
OG0014697	2	1	0	0	0	0	0	0	3
OG0014698	3	0	0	0	0	0	0	0	3
OG0014699	3	0	0	0	0	0	0	0	3
OG0014700	3	0	0	0	0	0	0	0	3
OG0014701	3	0	0	0	0	0	0	0	3
OG0014702	3	0	0	0	0	0	0	0	3
OG0014703	3	0	0	0	0	0	0	0	3
OG0014704	3	0	0	0	0	0	0	0	3
OG0014705	3	0	0	0	0	0	0	0	3
OG0014706	3	0	0	0	0	0	0	0	3
OG0014707	3	0	0	0	0	0	0	0	3
OG0014708	3	0	0	0	0	0	0	0	3
OG0014709	3	0	0	0	0	0	0	0	3
OG0014710	3	0	0	0	0	0	0	0	3
OG0014711	3	0	0	0	0	0	0	0	3
OG0014712	3	0	0	0	0	0	0	0	3
OG0014713	3	0	0	0	0	0	0	0	3
OG0014714	3	0	0	0	0	0	0	0	3
OG0014715	3	0	0	0	0	0	0	0	3
OG0014716	3	0	0	0	0	0	0	0	3
OG0014717	1	1	0	0	0	1	0	0	3
OG0014718	3	0	0	0	0	0	0	0	3
OG0014719	3	0	0	0	0	0	0	0	3
OG0014720	3	0	0	0	0	0	0	0	3
OG0014721	3	0	0	0	0	0	0	0	3
OG0014722	1	1	0	0	0	1	0	0	3
OG0014723	3	0	0	0	0	0	0	0	3
OG0014724	3	0	0	0	0	0	0	0	3
OG0014725	2	1	0	0	0	0	0	0	3
OG0014726	2	1	0	0	0	0	0	0	3
OG0014727	3	0	0	0	0	0	0	0	3
OG0014728	3	0	0	0	0	0	0	0	3
OG0014729	1	1	0	0	0	1	0	0	3
OG0014730	3	0	0	0	0	0	0	0	3
OG0014731	3	0	0	0	0	0	0	0	3
OG0014732	3	0	0	0	0	0	0	0	3
OG0014733	3	0	0	0	0	0	0	0	3
OG0014734	1	2	0	0	0	0	0	0	3
OG0014735	3	0	0	0	0	0	0	0	3
OG0014736	2	1	0	0	0	0	0	0	3
OG0014737	3	0	0	0	0	0	0	0	3
OG0014738	3	0	0	0	0	0	0	0	3
OG0014739	3	0	0	0	0	0	0	0	3
OG0014740	3	0	0	0	0	0	0	0	3
OG0014741	3	0	0	0	0	0	0	0	3
OG0014742	3	0	0	0	0	0	0	0	3
OG0014743	3	0	0	0	0	0	0	0	3
OG0014744	3	0	0	0	0	0	0	0	3
OG0014745	3	0	0	0	0	0	0	0	3
OG0014746	3	0	0	0	0	0	0	0	3
OG0014747	3	0	0	0	0	0	0	0	3
OG0014748	1	1	0	0	0	1	0	0	3
OG0014749	2	1	0	0	0	0	0	0	3
OG0014750	3	0	0	0	0	0	0	0	3
OG0014751	3	0	0	0	0	0	0	0	3
OG0014752	3	0	0	0	0	0	0	0	3
OG0014753	1	1	0	0	0	1	0	0	3
OG0014754	3	0	0	0	0	0	0	0	3
OG0014755	3	0	0	0	0	0	0	0	3
OG0014756	3	0	0	0	0	0	0	0	3
OG0014757	2	1	0	0	0	0	0	0	3
OG0014758	3	0	0	0	0	0	0	0	3
OG0014759	3	0	0	0	0	0	0	0	3
OG0014760	3	0	0	0	0	0	0	0	3
OG0014761	1	1	0	0	0	1	0	0	3
OG0014762	3	0	0	0	0	0	0	0	3
OG0014763	3	0	0	0	0	0	0	0	3
OG0014764	1	1	0	0	0	1	0	0	3
OG0014765	3	0	0	0	0	0	0	0	3
OG0014766	3	0	0	0	0	0	0	0	3
OG0014767	1	0	0	0	0	0	2	0	3
OG0014768	3	0	0	0	0	0	0	0	3
OG0014769	3	0	0	0	0	0	0	0	3
OG0014770	3	0	0	0	0	0	0	0	3
OG0014771	3	0	0	0	0	0	0	0	3
OG0014772	3	0	0	0	0	0	0	0	3
OG0014773	3	0	0	0	0	0	0	0	3
OG0014774	3	0	0	0	0	0	0	0	3
OG0014775	3	0	0	0	0	0	0	0	3
OG0014776	3	0	0	0	0	0	0	0	3
OG0014777	3	0	0	0	0	0	0	0	3
OG0014778	1	0	0	0	0	1	1	0	3
OG0014779	2	0	1	0	0	0	0	0	3
OG0014780	3	0	0	0	0	0	0	0	3
OG0014781	3	0	0	0	0	0	0	0	3
OG0014782	3	0	0	0	0	0	0	0	3
OG0014783	3	0	0	0	0	0	0	0	3
OG0014784	3	0	0	0	0	0	0	0	3
OG0014785	2	1	0	0	0	0	0	0	3
OG0014786	3	0	0	0	0	0	0	0	3
OG0014787	3	0	0	0	0	0	0	0	3
OG0014788	3	0	0	0	0	0	0	0	3
OG0014789	3	0	0	0	0	0	0	0	3
OG0014790	3	0	0	0	0	0	0	0	3
OG0014791	3	0	0	0	0	0	0	0	3
OG0014792	3	0	0	0	0	0	0	0	3
OG0014793	3	0	0	0	0	0	0	0	3
OG0014794	3	0	0	0	0	0	0	0	3
OG0014795	3	0	0	0	0	0	0	0	3
OG0014796	3	0	0	0	0	0	0	0	3
OG0014797	3	0	0	0	0	0	0	0	3
OG0014798	3	0	0	0	0	0	0	0	3
OG0014799	3	0	0	0	0	0	0	0	3
OG0014800	3	0	0	0	0	0	0	0	3
OG0014801	3	0	0	0	0	0	0	0	3
OG0014802	3	0	0	0	0	0	0	0	3
OG0014803	3	0	0	0	0	0	0	0	3
OG0014804	3	0	0	0	0	0	0	0	3
OG0014805	3	0	0	0	0	0	0	0	3
OG0014806	1	2	0	0	0	0	0	0	3
OG0014807	3	0	0	0	0	0	0	0	3
OG0014808	3	0	0	0	0	0	0	0	3
OG0014809	3	0	0	0	0	0	0	0	3
OG0014810	3	0	0	0	0	0	0	0	3
OG0014811	3	0	0	0	0	0	0	0	3
OG0014812	3	0	0	0	0	0	0	0	3
OG0014813	1	0	0	0	0	1	1	0	3
OG0014814	3	0	0	0	0	0	0	0	3
OG0014815	3	0	0	0	0	0	0	0	3
OG0014816	3	0	0	0	0	0	0	0	3
OG0014817	3	0	0	0	0	0	0	0	3
OG0014818	3	0	0	0	0	0	0	0	3
OG0014819	3	0	0	0	0	0	0	0	3
OG0014820	3	0	0	0	0	0	0	0	3
OG0014821	2	1	0	0	0	0	0	0	3
OG0014822	3	0	0	0	0	0	0	0	3
OG0014823	1	0	0	0	1	1	0	0	3
OG0014824	3	0	0	0	0	0	0	0	3
OG0014825	1	1	0	0	0	1	0	0	3
OG0014826	3	0	0	0	0	0	0	0	3
OG0014827	3	0	0	0	0	0	0	0	3
OG0014828	3	0	0	0	0	0	0	0	3
OG0014829	3	0	0	0	0	0	0	0	3
OG0014830	3	0	0	0	0	0	0	0	3
OG0014831	2	1	0	0	0	0	0	0	3
OG0014832	2	1	0	0	0	0	0	0	3
OG0014833	3	0	0	0	0	0	0	0	3
OG0014834	1	0	0	0	0	2	0	0	3
OG0014835	3	0	0	0	0	0	0	0	3
OG0014836	1	1	0	0	0	1	0	0	3
OG0014837	3	0	0	0	0	0	0	0	3
OG0014838	3	0	0	0	0	0	0	0	3
OG0014839	3	0	0	0	0	0	0	0	3
OG0014840	3	0	0	0	0	0	0	0	3
OG0014841	3	0	0	0	0	0	0	0	3
OG0014842	2	1	0	0	0	0	0	0	3
OG0014843	3	0	0	0	0	0	0	0	3
OG0014844	2	1	0	0	0	0	0	0	3
OG0014845	3	0	0	0	0	0	0	0	3
OG0014846	3	0	0	0	0	0	0	0	3
OG0014847	3	0	0	0	0	0	0	0	3
OG0014848	1	0	0	0	0	2	0	0	3
OG0014849	3	0	0	0	0	0	0	0	3
OG0014850	3	0	0	0	0	0	0	0	3
OG0014851	3	0	0	0	0	0	0	0	3
OG0014852	3	0	0	0	0	0	0	0	3
OG0014853	1	1	0	0	0	1	0	0	3
OG0014854	3	0	0	0	0	0	0	0	3
OG0014855	3	0	0	0	0	0	0	0	3
OG0014856	3	0	0	0	0	0	0	0	3
OG0014857	3	0	0	0	0	0	0	0	3
OG0014858	1	1	0	0	0	1	0	0	3
OG0014859	3	0	0	0	0	0	0	0	3
OG0014860	3	0	0	0	0	0	0	0	3
OG0014861	2	1	0	0	0	0	0	0	3
OG0014862	3	0	0	0	0	0	0	0	3
OG0014863	3	0	0	0	0	0	0	0	3
OG0014864	3	0	0	0	0	0	0	0	3
OG0014865	1	1	0	0	0	0	0	1	3
OG0014866	3	0	0	0	0	0	0	0	3
OG0014867	3	0	0	0	0	0	0	0	3
OG0014868	3	0	0	0	0	0	0	0	3
OG0014869	3	0	0	0	0	0	0	0	3
OG0014870	3	0	0	0	0	0	0	0	3
OG0014871	3	0	0	0	0	0	0	0	3
OG0014872	3	0	0	0	0	0	0	0	3
OG0014873	3	0	0	0	0	0	0	0	3
OG0014874	3	0	0	0	0	0	0	0	3
OG0014875	3	0	0	0	0	0	0	0	3
OG0014876	3	0	0	0	0	0	0	0	3
OG0014877	3	0	0	0	0	0	0	0	3
OG0014878	3	0	0	0	0	0	0	0	3
OG0014879	3	0	0	0	0	0	0	0	3
OG0014880	3	0	0	0	0	0	0	0	3
OG0014881	3	0	0	0	0	0	0	0	3
OG0014882	3	0	0	0	0	0	0	0	3
OG0014883	3	0	0	0	0	0	0	0	3
OG0014884	3	0	0	0	0	0	0	0	3
OG0014885	3	0	0	0	0	0	0	0	3
OG0014886	3	0	0	0	0	0	0	0	3
OG0014887	3	0	0	0	0	0	0	0	3
OG0014888	1	1	0	0	0	1	0	0	3
OG0014889	2	1	0	0	0	0	0	0	3
OG0014890	3	0	0	0	0	0	0	0	3
OG0014891	3	0	0	0	0	0	0	0	3
OG0014892	3	0	0	0	0	0	0	0	3
OG0014893	3	0	0	0	0	0	0	0	3
OG0014894	2	1	0	0	0	0	0	0	3
OG0014895	3	0	0	0	0	0	0	0	3
OG0014896	1	1	0	0	0	1	0	0	3
OG0014897	2	0	0	0	0	1	0	0	3
OG0014898	3	0	0	0	0	0	0	0	3
OG0014899	3	0	0	0	0	0	0	0	3
OG0014900	3	0	0	0	0	0	0	0	3
OG0014901	1	1	0	0	0	1	0	0	3
OG0014902	3	0	0	0	0	0	0	0	3
OG0014903	3	0	0	0	0	0	0	0	3
OG0014904	3	0	0	0	0	0	0	0	3
OG0014905	1	2	0	0	0	0	0	0	3
OG0014906	3	0	0	0	0	0	0	0	3
OG0014907	1	1	0	0	0	1	0	0	3
OG0014908	1	1	0	0	0	1	0	0	3
OG0014909	3	0	0	0	0	0	0	0	3
OG0014910	3	0	0	0	0	0	0	0	3
OG0014911	3	0	0	0	0	0	0	0	3
OG0014912	3	0	0	0	0	0	0	0	3
OG0014913	3	0	0	0	0	0	0	0	3
OG0014914	2	1	0	0	0	0	0	0	3
OG0014915	3	0	0	0	0	0	0	0	3
OG0014916	3	0	0	0	0	0	0	0	3
OG0014917	3	0	0	0	0	0	0	0	3
OG0014918	3	0	0	0	0	0	0	0	3
OG0014919	3	0	0	0	0	0	0	0	3
OG0014920	3	0	0	0	0	0	0	0	3
OG0014921	2	0	1	0	0	0	0	0	3
OG0014922	1	1	0	0	0	1	0	0	3
OG0014923	3	0	0	0	0	0	0	0	3
OG0014924	3	0	0	0	0	0	0	0	3
OG0014925	3	0	0	0	0	0	0	0	3
OG0014926	3	0	0	0	0	0	0	0	3
OG0014927	1	2	0	0	0	0	0	0	3
OG0014928	3	0	0	0	0	0	0	0	3
OG0014929	3	0	0	0	0	0	0	0	3
OG0014930	3	0	0	0	0	0	0	0	3
OG0014931	3	0	0	0	0	0	0	0	3
OG0014932	3	0	0	0	0	0	0	0	3
OG0014933	3	0	0	0	0	0	0	0	3
OG0014934	3	0	0	0	0	0	0	0	3
OG0014935	3	0	0	0	0	0	0	0	3
OG0014936	3	0	0	0	0	0	0	0	3
OG0014937	3	0	0	0	0	0	0	0	3
OG0014938	3	0	0	0	0	0	0	0	3
OG0014939	3	0	0	0	0	0	0	0	3
OG0014940	3	0	0	0	0	0	0	0	3
OG0014941	3	0	0	0	0	0	0	0	3
OG0014942	3	0	0	0	0	0	0	0	3
OG0014943	1	1	0	0	0	0	0	1	3
OG0014944	3	0	0	0	0	0	0	0	3
OG0014945	3	0	0	0	0	0	0	0	3
OG0014946	3	0	0	0	0	0	0	0	3
OG0014947	3	0	0	0	0	0	0	0	3
OG0014948	3	0	0	0	0	0	0	0	3
OG0014949	1	2	0	0	0	0	0	0	3
OG0014950	3	0	0	0	0	0	0	0	3
OG0014951	3	0	0	0	0	0	0	0	3
OG0014952	3	0	0	0	0	0	0	0	3
OG0014953	3	0	0	0	0	0	0	0	3
OG0014954	3	0	0	0	0	0	0	0	3
OG0014955	3	0	0	0	0	0	0	0	3
OG0014956	2	0	0	0	0	0	0	1	3
OG0014957	3	0	0	0	0	0	0	0	3
OG0014958	3	0	0	0	0	0	0	0	3
OG0014959	3	0	0	0	0	0	0	0	3
OG0014960	3	0	0	0	0	0	0	0	3
OG0014961	3	0	0	0	0	0	0	0	3
OG0014962	3	0	0	0	0	0	0	0	3
OG0014963	1	2	0	0	0	0	0	0	3
OG0014964	3	0	0	0	0	0	0	0	3
OG0014965	1	2	0	0	0	0	0	0	3
OG0014966	1	0	1	0	0	1	0	0	3
OG0014967	3	0	0	0	0	0	0	0	3
OG0014968	3	0	0	0	0	0	0	0	3
OG0014969	3	0	0	0	0	0	0	0	3
OG0014970	3	0	0	0	0	0	0	0	3
OG0014971	3	0	0	0	0	0	0	0	3
OG0014972	3	0	0	0	0	0	0	0	3
OG0014973	1	1	0	0	0	1	0	0	3
OG0014974	3	0	0	0	0	0	0	0	3
OG0014975	3	0	0	0	0	0	0	0	3
OG0014976	3	0	0	0	0	0	0	0	3
OG0014977	3	0	0	0	0	0	0	0	3
OG0014978	1	2	0	0	0	0	0	0	3
OG0014979	1	0	1	0	0	0	0	1	3
OG0014980	2	1	0	0	0	0	0	0	3
OG0014981	3	0	0	0	0	0	0	0	3
OG0014982	3	0	0	0	0	0	0	0	3
OG0014983	3	0	0	0	0	0	0	0	3
OG0014984	3	0	0	0	0	0	0	0	3
OG0014985	3	0	0	0	0	0	0	0	3
OG0014986	3	0	0	0	0	0	0	0	3
OG0014987	1	1	0	0	1	0	0	0	3
OG0014988	3	0	0	0	0	0	0	0	3
OG0014989	3	0	0	0	0	0	0	0	3
OG0014990	3	0	0	0	0	0	0	0	3
OG0014991	2	1	0	0	0	0	0	0	3
OG0014992	3	0	0	0	0	0	0	0	3
OG0014993	1	1	0	0	0	1	0	0	3
OG0014994	3	0	0	0	0	0	0	0	3
OG0014995	3	0	0	0	0	0	0	0	3
OG0014996	3	0	0	0	0	0	0	0	3
OG0014997	1	2	0	0	0	0	0	0	3
OG0014998	2	1	0	0	0	0	0	0	3
OG0014999	1	0	0	1	1	0	0	0	3
OG0015000	3	0	0	0	0	0	0	0	3
OG0015001	3	0	0	0	0	0	0	0	3
OG0015002	3	0	0	0	0	0	0	0	3
OG0015003	2	1	0	0	0	0	0	0	3
OG0015004	3	0	0	0	0	0	0	0	3
OG0015005	1	1	0	0	0	1	0	0	3
OG0015006	1	2	0	0	0	0	0	0	3
OG0015007	3	0	0	0	0	0	0	0	3
OG0015008	1	0	0	0	1	0	1	0	3
OG0015009	2	1	0	0	0	0	0	0	3
OG0015010	3	0	0	0	0	0	0	0	3
OG0015011	3	0	0	0	0	0	0	0	3
OG0015012	3	0	0	0	0	0	0	0	3
OG0015013	3	0	0	0	0	0	0	0	3
OG0015014	1	2	0	0	0	0	0	0	3
OG0015015	2	1	0	0	0	0	0	0	3
OG0015016	3	0	0	0	0	0	0	0	3
OG0015017	1	2	0	0	0	0	0	0	3
OG0015018	2	1	0	0	0	0	0	0	3
OG0015019	2	1	0	0	0	0	0	0	3
OG0015020	3	0	0	0	0	0	0	0	3
OG0015021	3	0	0	0	0	0	0	0	3
OG0015022	3	0	0	0	0	0	0	0	3
OG0015023	2	1	0	0	0	0	0	0	3
OG0015024	3	0	0	0	0	0	0	0	3
OG0015025	3	0	0	0	0	0	0	0	3
OG0015026	3	0	0	0	0	0	0	0	3
OG0015027	3	0	0	0	0	0	0	0	3
OG0015028	1	2	0	0	0	0	0	0	3
OG0015029	3	0	0	0	0	0	0	0	3
OG0015030	3	0	0	0	0	0	0	0	3
OG0015031	3	0	0	0	0	0	0	0	3
OG0015032	3	0	0	0	0	0	0	0	3
OG0015033	3	0	0	0	0	0	0	0	3
OG0015034	3	0	0	0	0	0	0	0	3
OG0015035	3	0	0	0	0	0	0	0	3
OG0015036	2	1	0	0	0	0	0	0	3
OG0015037	3	0	0	0	0	0	0	0	3
OG0015038	3	0	0	0	0	0	0	0	3
OG0015039	1	2	0	0	0	0	0	0	3
OG0015040	3	0	0	0	0	0	0	0	3
OG0015041	3	0	0	0	0	0	0	0	3
OG0015042	1	2	0	0	0	0	0	0	3
OG0015043	3	0	0	0	0	0	0	0	3
OG0015044	3	0	0	0	0	0	0	0	3
OG0015045	3	0	0	0	0	0	0	0	3
OG0015046	1	1	0	0	0	1	0	0	3
OG0015047	3	0	0	0	0	0	0	0	3
OG0015048	3	0	0	0	0	0	0	0	3
OG0015049	3	0	0	0	0	0	0	0	3
OG0015050	3	0	0	0	0	0	0	0	3
OG0015051	3	0	0	0	0	0	0	0	3
OG0015052	1	1	0	0	0	1	0	0	3
OG0015053	3	0	0	0	0	0	0	0	3
OG0015054	3	0	0	0	0	0	0	0	3
OG0015055	3	0	0	0	0	0	0	0	3
OG0015056	2	1	0	0	0	0	0	0	3
OG0015057	3	0	0	0	0	0	0	0	3
OG0015058	3	0	0	0	0	0	0	0	3
OG0015059	3	0	0	0	0	0	0	0	3
OG0015060	3	0	0	0	0	0	0	0	3
OG0015061	3	0	0	0	0	0	0	0	3
OG0015062	3	0	0	0	0	0	0	0	3
OG0015063	2	1	0	0	0	0	0	0	3
OG0015064	3	0	0	0	0	0	0	0	3
OG0015065	3	0	0	0	0	0	0	0	3
OG0015066	3	0	0	0	0	0	0	0	3
OG0015067	3	0	0	0	0	0	0	0	3
OG0015068	3	0	0	0	0	0	0	0	3
OG0015069	1	1	0	0	0	1	0	0	3
OG0015070	3	0	0	0	0	0	0	0	3
OG0015071	3	0	0	0	0	0	0	0	3
OG0015072	2	1	0	0	0	0	0	0	3
OG0015073	2	1	0	0	0	0	0	0	3
OG0015074	3	0	0	0	0	0	0	0	3
OG0015075	3	0	0	0	0	0	0	0	3
OG0015076	3	0	0	0	0	0	0	0	3
OG0015077	2	1	0	0	0	0	0	0	3
OG0015078	3	0	0	0	0	0	0	0	3
OG0015079	3	0	0	0	0	0	0	0	3
OG0015080	3	0	0	0	0	0	0	0	3
OG0015081	3	0	0	0	0	0	0	0	3
OG0015082	3	0	0	0	0	0	0	0	3
OG0015083	3	0	0	0	0	0	0	0	3
OG0015084	3	0	0	0	0	0	0	0	3
OG0015085	3	0	0	0	0	0	0	0	3
OG0015086	3	0	0	0	0	0	0	0	3
OG0015087	3	0	0	0	0	0	0	0	3
OG0015088	2	1	0	0	0	0	0	0	3
OG0015089	3	0	0	0	0	0	0	0	3
OG0015090	3	0	0	0	0	0	0	0	3
OG0015091	2	1	0	0	0	0	0	0	3
OG0015092	3	0	0	0	0	0	0	0	3
OG0015093	3	0	0	0	0	0	0	0	3
OG0015094	3	0	0	0	0	0	0	0	3
OG0015095	1	1	0	0	0	1	0	0	3
OG0015096	3	0	0	0	0	0	0	0	3
OG0015097	3	0	0	0	0	0	0	0	3
OG0015098	1	1	0	0	0	1	0	0	3
OG0015099	2	1	0	0	0	0	0	0	3
OG0015100	3	0	0	0	0	0	0	0	3
OG0015101	2	1	0	0	0	0	0	0	3
OG0015102	3	0	0	0	0	0	0	0	3
OG0015103	3	0	0	0	0	0	0	0	3
OG0015104	3	0	0	0	0	0	0	0	3
OG0015105	3	0	0	0	0	0	0	0	3
OG0015106	3	0	0	0	0	0	0	0	3
OG0015107	1	1	0	0	0	1	0	0	3
OG0015108	3	0	0	0	0	0	0	0	3
OG0015109	3	0	0	0	0	0	0	0	3
OG0015110	3	0	0	0	0	0	0	0	3
OG0015111	1	1	0	0	0	1	0	0	3
OG0015112	1	1	0	0	0	1	0	0	3
OG0015113	3	0	0	0	0	0	0	0	3
OG0015114	3	0	0	0	0	0	0	0	3
OG0015115	3	0	0	0	0	0	0	0	3
OG0015116	3	0	0	0	0	0	0	0	3
OG0015117	1	1	0	0	0	1	0	0	3
OG0015118	1	1	0	0	0	1	0	0	3
OG0015119	3	0	0	0	0	0	0	0	3
OG0015120	3	0	0	0	0	0	0	0	3
OG0015121	3	0	0	0	0	0	0	0	3
OG0015122	1	0	0	0	1	1	0	0	3
OG0015123	3	0	0	0	0	0	0	0	3
OG0015124	3	0	0	0	0	0	0	0	3
OG0015125	3	0	0	0	0	0	0	0	3
OG0015126	3	0	0	0	0	0	0	0	3
OG0015127	3	0	0	0	0	0	0	0	3
OG0015128	3	0	0	0	0	0	0	0	3
OG0015129	1	1	0	0	0	1	0	0	3
OG0015130	3	0	0	0	0	0	0	0	3
OG0015131	3	0	0	0	0	0	0	0	3
OG0015132	2	1	0	0	0	0	0	0	3
OG0015133	3	0	0	0	0	0	0	0	3
OG0015134	3	0	0	0	0	0	0	0	3
OG0015135	3	0	0	0	0	0	0	0	3
OG0015136	1	1	0	0	0	1	0	0	3
OG0015137	3	0	0	0	0	0	0	0	3
OG0015138	3	0	0	0	0	0	0	0	3
OG0015139	3	0	0	0	0	0	0	0	3
OG0015140	1	0	0	0	1	1	0	0	3
OG0015141	3	0	0	0	0	0	0	0	3
OG0015142	3	0	0	0	0	0	0	0	3
OG0015143	3	0	0	0	0	0	0	0	3
OG0015144	2	1	0	0	0	0	0	0	3
OG0015145	3	0	0	0	0	0	0	0	3
OG0015146	3	0	0	0	0	0	0	0	3
OG0015147	3	0	0	0	0	0	0	0	3
OG0015148	1	1	0	0	0	1	0	0	3
OG0015149	3	0	0	0	0	0	0	0	3
OG0015150	3	0	0	0	0	0	0	0	3
OG0015151	3	0	0	0	0	0	0	0	3
OG0015152	0	3	0	0	0	0	0	0	3
OG0015153	0	3	0	0	0	0	0	0	3
OG0015154	0	1	0	0	0	2	0	0	3
OG0015155	0	3	0	0	0	0	0	0	3
OG0015156	0	2	0	0	0	1	0	0	3
OG0015157	0	3	0	0	0	0	0	0	3
OG0015158	0	2	0	0	0	1	0	0	3
OG0015159	0	1	0	0	1	1	0	0	3
OG0015160	0	3	0	0	0	0	0	0	3
OG0015161	0	3	0	0	0	0	0	0	3
OG0015162	0	3	0	0	0	0	0	0	3
OG0015163	0	3	0	0	0	0	0	0	3
OG0015164	0	3	0	0	0	0	0	0	3
OG0015165	0	3	0	0	0	0	0	0	3
OG0015166	0	2	0	0	0	1	0	0	3
OG0015167	0	3	0	0	0	0	0	0	3
OG0015168	0	1	1	1	0	0	0	0	3
OG0015169	0	3	0	0	0	0	0	0	3
OG0015170	0	3	0	0	0	0	0	0	3
OG0015171	0	3	0	0	0	0	0	0	3
OG0015172	0	2	0	0	0	1	0	0	3
OG0015173	0	3	0	0	0	0	0	0	3
OG0015174	0	3	0	0	0	0	0	0	3
OG0015175	0	3	0	0	0	0	0	0	3
OG0015176	0	3	0	0	0	0	0	0	3
OG0015177	0	3	0	0	0	0	0	0	3
OG0015178	0	1	0	0	0	1	0	1	3
OG0015179	0	2	0	0	0	1	0	0	3
OG0015180	0	3	0	0	0	0	0	0	3
OG0015181	0	3	0	0	0	0	0	0	3
OG0015182	0	3	0	0	0	0	0	0	3
OG0015183	0	3	0	0	0	0	0	0	3
OG0015184	0	2	0	0	0	1	0	0	3
OG0015185	0	3	0	0	0	0	0	0	3
OG0015186	0	3	0	0	0	0	0	0	3
OG0015187	0	2	0	0	0	1	0	0	3
OG0015188	0	3	0	0	0	0	0	0	3
OG0015189	0	3	0	0	0	0	0	0	3
OG0015190	0	2	1	0	0	0	0	0	3
OG0015191	0	3	0	0	0	0	0	0	3
OG0015192	0	2	0	0	0	1	0	0	3
OG0015193	0	3	0	0	0	0	0	0	3
OG0015194	0	3	0	0	0	0	0	0	3
OG0015195	0	3	0	0	0	0	0	0	3
OG0015196	0	3	0	0	0	0	0	0	3
OG0015197	0	3	0	0	0	0	0	0	3
OG0015198	0	3	0	0	0	0	0	0	3
OG0015199	0	3	0	0	0	0	0	0	3
OG0015200	0	3	0	0	0	0	0	0	3
OG0015201	0	3	0	0	0	0	0	0	3
OG0015202	0	3	0	0	0	0	0	0	3
OG0015203	0	3	0	0	0	0	0	0	3
OG0015204	0	1	1	0	0	1	0	0	3
OG0015205	0	3	0	0	0	0	0	0	3
OG0015206	0	1	1	0	0	0	0	1	3
OG0015207	0	3	0	0	0	0	0	0	3
OG0015208	0	2	0	0	0	1	0	0	3
OG0015209	0	3	0	0	0	0	0	0	3
OG0015210	0	1	1	0	0	0	0	1	3
OG0015211	0	3	0	0	0	0	0	0	3
OG0015212	0	3	0	0	0	0	0	0	3
OG0015213	0	3	0	0	0	0	0	0	3
OG0015214	0	3	0	0	0	0	0	0	3
OG0015215	0	1	0	0	0	2	0	0	3
OG0015216	0	3	0	0	0	0	0	0	3
OG0015217	0	3	0	0	0	0	0	0	3
OG0015218	0	3	0	0	0	0	0	0	3
OG0015219	0	1	1	1	0	0	0	0	3
OG0015220	0	3	0	0	0	0	0	0	3
OG0015221	0	3	0	0	0	0	0	0	3
OG0015222	0	3	0	0	0	0	0	0	3
OG0015223	0	1	1	0	0	1	0	0	3
OG0015224	0	1	1	1	0	0	0	0	3
OG0015225	0	3	0	0	0	0	0	0	3
OG0015226	0	3	0	0	0	0	0	0	3
OG0015227	0	3	0	0	0	0	0	0	3
OG0015228	0	3	0	0	0	0	0	0	3
OG0015229	0	2	0	0	0	1	0	0	3
OG0015230	0	3	0	0	0	0	0	0	3
OG0015231	0	3	0	0	0	0	0	0	3
OG0015232	0	3	0	0	0	0	0	0	3
OG0015233	0	1	1	1	0	0	0	0	3
OG0015234	0	3	0	0	0	0	0	0	3
OG0015235	0	2	1	0	0	0	0	0	3
OG0015236	0	3	0	0	0	0	0	0	3
OG0015237	0	1	0	1	1	0	0	0	3
OG0015238	0	3	0	0	0	0	0	0	3
OG0015239	0	3	0	0	0	0	0	0	3
OG0015240	0	1	1	0	1	0	0	0	3
OG0015241	0	3	0	0	0	0	0	0	3
OG0015242	0	3	0	0	0	0	0	0	3
OG0015243	0	3	0	0	0	0	0	0	3
OG0015244	0	3	0	0	0	0	0	0	3
OG0015245	0	2	1	0	0	0	0	0	3
OG0015246	0	1	1	0	0	1	0	0	3
OG0015247	0	1	0	0	1	1	0	0	3
OG0015248	0	1	0	0	2	0	0	0	3
OG0015249	0	3	0	0	0	0	0	0	3
OG0015250	0	3	0	0	0	0	0	0	3
OG0015251	0	1	2	0	0	0	0	0	3
OG0015252	0	3	0	0	0	0	0	0	3
OG0015253	0	3	0	0	0	0	0	0	3
OG0015254	0	3	0	0	0	0	0	0	3
OG0015255	0	3	0	0	0	0	0	0	3
OG0015256	0	3	0	0	0	0	0	0	3
OG0015257	0	3	0	0	0	0	0	0	3
OG0015258	0	3	0	0	0	0	0	0	3
OG0015259	0	3	0	0	0	0	0	0	3
OG0015260	0	3	0	0	0	0	0	0	3
OG0015261	0	3	0	0	0	0	0	0	3
OG0015262	0	3	0	0	0	0	0	0	3
OG0015263	0	3	0	0	0	0	0	0	3
OG0015264	0	3	0	0	0	0	0	0	3
OG0015265	0	1	0	0	1	1	0	0	3
OG0015266	0	3	0	0	0	0	0	0	3
OG0015267	0	2	0	0	0	1	0	0	3
OG0015268	0	3	0	0	0	0	0	0	3
OG0015269	0	3	0	0	0	0	0	0	3
OG0015270	0	2	0	0	0	1	0	0	3
OG0015271	0	3	0	0	0	0	0	0	3
OG0015272	0	3	0	0	0	0	0	0	3
OG0015273	0	3	0	0	0	0	0	0	3
OG0015274	0	1	1	0	0	1	0	0	3
OG0015275	0	3	0	0	0	0	0	0	3
OG0015276	0	1	0	0	0	0	0	2	3
OG0015277	0	3	0	0	0	0	0	0	3
OG0015278	0	1	0	0	0	2	0	0	3
OG0015279	0	1	1	0	0	1	0	0	3
OG0015280	0	1	0	0	1	1	0	0	3
OG0015281	0	2	0	0	0	1	0	0	3
OG0015282	0	3	0	0	0	0	0	0	3
OG0015283	0	3	0	0	0	0	0	0	3
OG0015284	0	3	0	0	0	0	0	0	3
OG0015285	0	3	0	0	0	0	0	0	3
OG0015286	0	3	0	0	0	0	0	0	3
OG0015287	0	3	0	0	0	0	0	0	3
OG0015288	0	2	0	0	0	1	0	0	3
OG0015289	0	2	1	0	0	0	0	0	3
OG0015290	0	1	1	1	0	0	0	0	3
OG0015291	0	1	1	0	0	1	0	0	3
OG0015292	0	3	0	0	0	0	0	0	3
OG0015293	0	3	0	0	0	0	0	0	3
OG0015294	0	3	0	0	0	0	0	0	3
OG0015295	0	1	1	0	0	0	0	1	3
OG0015296	0	3	0	0	0	0	0	0	3
OG0015297	0	2	0	0	0	0	0	1	3
OG0015298	0	1	0	0	1	1	0	0	3
OG0015299	0	1	1	0	0	1	0	0	3
OG0015300	0	3	0	0	0	0	0	0	3
OG0015301	0	3	0	0	0	0	0	0	3
OG0015302	0	2	0	0	0	1	0	0	3
OG0015303	0	3	0	0	0	0	0	0	3
OG0015304	0	2	0	0	0	1	0	0	3
OG0015305	0	3	0	0	0	0	0	0	3
OG0015306	0	3	0	0	0	0	0	0	3
OG0015307	0	1	0	0	1	1	0	0	3
OG0015308	0	3	0	0	0	0	0	0	3
OG0015309	0	3	0	0	0	0	0	0	3
OG0015310	0	2	0	0	0	1	0	0	3
OG0015311	0	1	1	0	0	1	0	0	3
OG0015312	0	1	0	2	0	0	0	0	3
OG0015313	0	1	0	0	0	2	0	0	3
OG0015314	0	1	0	0	0	2	0	0	3
OG0015315	0	3	0	0	0	0	0	0	3
OG0015316	0	3	0	0	0	0	0	0	3
OG0015317	0	3	0	0	0	0	0	0	3
OG0015318	0	3	0	0	0	0	0	0	3
OG0015319	0	1	1	0	1	0	0	0	3
OG0015320	0	1	0	1	0	0	0	1	3
OG0015321	0	3	0	0	0	0	0	0	3
OG0015322	0	3	0	0	0	0	0	0	3
OG0015323	0	1	0	0	1	0	1	0	3
OG0015324	0	2	0	0	1	0	0	0	3
OG0015325	0	1	1	0	0	1	0	0	3
OG0015326	0	1	1	1	0	0	0	0	3
OG0015327	0	2	1	0	0	0	0	0	3
OG0015328	0	1	1	0	0	1	0	0	3
OG0015329	0	1	1	0	0	0	0	1	3
OG0015330	0	3	0	0	0	0	0	0	3
OG0015331	0	1	1	1	0	0	0	0	3
OG0015332	0	1	1	0	0	0	0	1	3
OG0015333	0	1	0	0	1	0	1	0	3
OG0015334	0	1	0	1	0	0	0	1	3
OG0015335	0	3	0	0	0	0	0	0	3
OG0015336	0	3	0	0	0	0	0	0	3
OG0015337	0	2	1	0	0	0	0	0	3
OG0015338	0	1	1	0	0	1	0	0	3
OG0015339	0	3	0	0	0	0	0	0	3
OG0015340	0	3	0	0	0	0	0	0	3
OG0015341	0	1	0	0	1	1	0	0	3
OG0015342	0	3	0	0	0	0	0	0	3
OG0015343	0	2	0	0	0	1	0	0	3
OG0015344	0	1	1	0	0	1	0	0	3
OG0015345	0	3	0	0	0	0	0	0	3
OG0015346	0	3	0	0	0	0	0	0	3
OG0015347	0	1	0	0	1	0	0	1	3
OG0015348	0	3	0	0	0	0	0	0	3
OG0015349	0	1	0	0	1	1	0	0	3
OG0015350	0	1	1	0	0	1	0	0	3
OG0015351	0	1	0	0	1	1	0	0	3
OG0015352	0	1	1	0	0	0	0	1	3
OG0015353	0	1	1	0	0	0	0	1	3
OG0015354	0	1	1	0	0	1	0	0	3
OG0015355	0	1	1	0	1	0	0	0	3
OG0015356	0	0	1	1	0	0	0	1	3
OG0015357	0	0	1	0	0	0	0	2	3
OG0015358	0	0	2	0	0	0	0	1	3
OG0015359	0	0	2	1	0	0	0	0	3
OG0015360	0	0	1	1	0	0	0	1	3
OG0015361	0	0	1	1	0	0	0	1	3
OG0015362	0	0	1	0	0	0	0	2	3
OG0015363	0	0	1	1	0	0	0	1	3
OG0015364	0	0	1	0	0	0	0	2	3
OG0015365	0	0	2	0	0	0	0	1	3
OG0015366	0	0	2	0	0	0	0	1	3
OG0015367	0	0	2	0	0	0	0	1	3
OG0015368	0	0	1	1	0	0	0	1	3
OG0015369	0	0	1	0	0	0	0	2	3
OG0015370	0	0	2	0	0	0	0	1	3
OG0015371	0	0	2	0	0	0	0	1	3
OG0015372	0	0	2	0	0	0	0	1	3
OG0015373	0	0	3	0	0	0	0	0	3
OG0015374	0	0	2	0	0	0	0	1	3
OG0015375	0	0	1	0	0	0	0	2	3
OG0015376	0	0	1	0	0	0	0	2	3
OG0015377	0	0	1	0	0	0	0	2	3
OG0015378	0	0	2	0	0	0	0	1	3
OG0015379	0	0	2	0	0	0	0	1	3
OG0015380	0	0	1	0	0	0	0	2	3
OG0015381	0	0	3	0	0	0	0	0	3
OG0015382	0	0	2	0	0	0	0	1	3
OG0015383	0	0	1	0	0	0	0	2	3
OG0015384	0	0	1	0	0	0	0	2	3
OG0015385	0	0	1	0	0	0	0	2	3
OG0015386	0	0	1	1	0	0	0	1	3
OG0015387	0	0	1	0	0	0	0	2	3
OG0015388	0	0	1	0	0	0	0	2	3
OG0015389	0	0	1	0	0	0	0	2	3
OG0015390	0	0	2	0	0	0	0	1	3
OG0015391	0	0	2	0	0	0	0	1	3
OG0015392	0	0	2	0	0	0	0	1	3
OG0015393	0	0	1	0	0	0	0	2	3
OG0015394	0	0	1	0	0	0	0	2	3
OG0015395	0	0	1	0	0	0	0	2	3
OG0015396	0	0	1	0	0	0	0	2	3
OG0015397	0	0	1	0	0	0	0	2	3
OG0015398	0	0	1	0	0	0	0	2	3
OG0015399	0	0	2	0	0	0	0	1	3
OG0015400	0	0	1	1	0	0	0	1	3
OG0015401	0	0	2	0	0	0	0	1	3
OG0015402	0	0	1	0	0	0	0	2	3
OG0015403	0	0	1	1	0	0	0	1	3
OG0015404	0	0	3	0	0	0	0	0	3
OG0015405	0	0	2	0	0	0	0	1	3
OG0015406	0	0	1	0	0	0	0	2	3
OG0015407	0	0	1	0	0	0	0	2	3
OG0015408	0	0	1	0	0	0	0	2	3
OG0015409	0	0	1	0	0	0	0	2	3
OG0015410	0	0	2	0	0	0	0	1	3
OG0015411	0	0	1	0	0	0	0	2	3
OG0015412	0	0	2	0	0	0	0	1	3
OG0015413	0	0	1	1	1	0	0	0	3
OG0015414	0	0	2	0	0	0	0	1	3
OG0015415	0	0	1	0	0	0	0	2	3
OG0015416	0	0	2	0	0	0	0	1	3
OG0015417	0	0	2	0	0	0	0	1	3
OG0015418	0	0	1	0	0	0	0	2	3
OG0015419	0	0	2	0	0	0	0	1	3
OG0015420	0	0	1	0	0	0	0	2	3
OG0015421	0	0	2	0	0	0	0	1	3
OG0015422	0	0	1	0	0	0	0	2	3
OG0015423	0	0	1	1	0	0	0	1	3
OG0015424	0	0	1	0	0	0	0	2	3
OG0015425	0	0	1	0	0	0	0	2	3
OG0015426	0	0	1	0	0	0	0	2	3
OG0015427	0	0	2	0	0	0	0	1	3
OG0015428	0	0	1	0	0	0	0	2	3
OG0015429	0	0	2	0	0	0	0	1	3
OG0015430	0	0	1	0	0	0	0	2	3
OG0015431	0	0	1	0	0	0	0	2	3
OG0015432	0	0	2	0	0	0	0	1	3
OG0015433	0	0	1	0	0	0	0	2	3
OG0015434	0	0	2	0	0	0	0	1	3
OG0015435	0	0	2	0	0	0	0	1	3
OG0015436	0	0	2	0	0	0	0	1	3
OG0015437	0	0	1	0	0	0	0	2	3
OG0015438	0	0	3	0	0	0	0	0	3
OG0015439	0	0	1	0	0	0	0	2	3
OG0015440	0	0	2	0	0	0	0	1	3
OG0015441	0	0	1	2	0	0	0	0	3
OG0015442	0	0	2	0	0	0	0	1	3
OG0015443	0	0	1	0	0	0	0	2	3
OG0015444	0	0	2	0	0	0	0	1	3
OG0015445	0	0	2	0	0	0	0	1	3
OG0015446	0	0	2	0	0	0	0	1	3
OG0015447	0	0	2	0	0	0	0	1	3
OG0015448	0	0	1	0	0	0	0	2	3
OG0015449	0	0	2	0	0	0	0	1	3
OG0015450	0	0	1	1	0	0	0	1	3
OG0015451	0	0	2	0	0	0	0	1	3
OG0015452	0	0	1	1	0	0	0	1	3
OG0015453	0	0	2	0	0	0	0	1	3
OG0015454	0	0	1	0	0	0	0	2	3
OG0015455	0	0	2	1	0	0	0	0	3
OG0015456	0	0	1	0	0	0	0	2	3
OG0015457	0	0	1	0	0	0	0	2	3
OG0015458	0	0	1	0	0	0	0	2	3
OG0015459	0	0	2	0	0	0	0	1	3
OG0015460	0	0	1	1	0	0	0	1	3
OG0015461	0	0	1	0	0	0	0	2	3
OG0015462	0	0	1	0	0	0	0	2	3
OG0015463	0	0	3	0	0	0	0	0	3
OG0015464	0	0	2	0	0	0	0	1	3
OG0015465	0	0	1	0	0	0	0	2	3
OG0015466	0	0	1	0	0	0	0	2	3
OG0015467	0	0	1	0	0	0	0	2	3
OG0015468	0	0	2	0	0	0	0	1	3
OG0015469	0	0	2	0	0	0	0	1	3
OG0015470	0	0	1	0	0	0	0	2	3
OG0015471	0	0	2	0	0	0	0	1	3
OG0015472	0	0	1	0	0	0	0	2	3
OG0015473	0	0	2	0	0	0	0	1	3
OG0015474	0	0	2	0	0	0	0	1	3
OG0015475	0	0	2	0	0	0	0	1	3
OG0015476	0	0	2	0	0	0	0	1	3
OG0015477	0	0	1	0	0	0	0	2	3
OG0015478	0	0	1	0	0	0	0	2	3
OG0015479	0	0	2	0	0	0	0	1	3
OG0015480	0	0	2	0	0	0	0	1	3
OG0015481	0	0	3	0	0	0	0	0	3
OG0015482	0	0	1	1	0	0	0	1	3
OG0015483	0	0	1	0	0	0	0	2	3
OG0015484	0	0	1	0	0	0	0	2	3
OG0015485	0	0	2	0	0	0	0	1	3
OG0015486	0	0	1	1	0	0	0	1	3
OG0015487	0	0	1	0	0	0	0	2	3
OG0015488	0	0	1	0	0	0	0	2	3
OG0015489	0	0	2	0	0	0	0	1	3
OG0015490	0	0	1	0	0	0	0	2	3
OG0015491	0	0	2	0	0	0	0	1	3
OG0015492	0	0	1	0	0	0	0	2	3
OG0015493	0	0	3	0	0	0	0	0	3
OG0015494	0	0	1	0	0	0	0	2	3
OG0015495	0	0	2	0	0	0	0	1	3
OG0015496	0	0	2	0	0	0	0	1	3
OG0015497	0	0	2	0	0	0	0	1	3
OG0015498	0	0	2	0	0	0	0	1	3
OG0015499	0	0	1	0	0	0	0	2	3
OG0015500	0	0	1	0	0	0	0	2	3
OG0015501	0	0	1	0	0	0	0	2	3
OG0015502	0	0	1	0	0	0	0	2	3
OG0015503	0	0	1	0	0	0	0	2	3
OG0015504	0	0	1	0	1	1	0	0	3
OG0015505	0	0	1	0	0	0	0	2	3
OG0015506	0	0	1	0	0	0	0	2	3
OG0015507	0	0	1	0	0	0	0	2	3
OG0015508	0	0	1	0	0	0	0	2	3
OG0015509	0	0	1	1	0	0	0	1	3
OG0015510	0	0	2	0	0	0	0	1	3
OG0015511	0	0	2	0	0	0	0	1	3
OG0015512	0	0	1	1	0	0	0	1	3
OG0015513	0	0	2	0	0	0	0	1	3
OG0015514	0	0	1	0	0	0	0	2	3
OG0015515	0	0	1	0	0	0	0	2	3
OG0015516	0	0	2	0	0	0	0	1	3
OG0015517	0	0	1	1	0	0	0	1	3
OG0015518	0	0	1	0	1	1	0	0	3
OG0015519	0	0	2	0	0	0	0	1	3
OG0015520	0	0	2	0	0	0	0	1	3
OG0015521	0	0	2	0	0	0	0	1	3
OG0015522	0	0	1	1	0	0	0	1	3
OG0015523	0	0	1	0	0	0	0	2	3
OG0015524	0	0	2	0	0	0	0	1	3
OG0015525	0	0	2	0	0	0	0	1	3
OG0015526	0	0	2	0	0	0	0	1	3
OG0015527	0	0	1	0	0	0	0	2	3
OG0015528	0	0	1	1	0	0	0	1	3
OG0015529	0	0	1	0	0	0	0	2	3
OG0015530	0	0	2	0	0	0	0	1	3
OG0015531	0	0	1	0	0	0	0	2	3
OG0015532	0	0	1	0	0	0	0	2	3
OG0015533	0	0	1	0	0	0	0	2	3
OG0015534	0	0	2	0	0	0	0	1	3
OG0015535	0	0	1	0	0	0	0	2	3
OG0015536	0	0	1	0	0	0	0	2	3
OG0015537	0	0	1	0	0	0	0	2	3
OG0015538	0	0	1	0	0	0	0	2	3
OG0015539	0	0	2	0	0	0	0	1	3
OG0015540	0	0	2	0	0	0	0	1	3
OG0015541	0	0	1	0	0	0	0	2	3
OG0015542	0	0	2	0	0	0	0	1	3
OG0015543	0	0	1	1	0	0	0	1	3
OG0015544	0	0	1	0	0	0	0	2	3
OG0015545	0	0	1	1	0	0	0	1	3
OG0015546	0	0	2	0	0	0	0	1	3
OG0015547	0	0	1	0	0	0	0	2	3
OG0015548	0	0	2	0	0	0	0	1	3
OG0015549	0	0	1	0	0	0	0	2	3
OG0015550	0	0	2	0	0	0	0	1	3
OG0015551	0	0	1	0	0	0	0	2	3
OG0015552	0	0	2	0	0	0	0	1	3
OG0015553	0	0	2	0	0	0	0	1	3
OG0015554	0	0	2	0	0	0	0	1	3
OG0015555	0	0	1	0	0	0	0	2	3
OG0015556	0	0	1	0	0	0	0	2	3
OG0015557	0	0	2	0	0	0	0	1	3
OG0015558	0	0	2	0	0	0	0	1	3
OG0015559	0	0	2	0	0	0	0	1	3
OG0015560	0	0	1	0	0	0	0	2	3
OG0015561	0	0	2	0	0	0	0	1	3
OG0015562	0	0	1	0	0	0	0	2	3
OG0015563	0	0	3	0	0	0	0	0	3
OG0015564	0	0	2	0	0	0	0	1	3
OG0015565	0	0	2	0	0	0	0	1	3
OG0015566	0	0	2	0	0	0	0	1	3
OG0015567	0	0	2	0	0	0	0	1	3
OG0015568	0	0	1	0	0	0	0	2	3
OG0015569	0	0	1	1	0	0	0	1	3
OG0015570	0	0	1	0	0	0	0	2	3
OG0015571	0	0	1	0	0	0	0	2	3
OG0015572	0	0	1	0	0	0	0	2	3
OG0015573	0	0	1	1	0	0	0	1	3
OG0015574	0	0	2	0	0	0	0	1	3
OG0015575	0	0	2	0	0	0	0	1	3
OG0015576	0	0	2	0	0	0	0	1	3
OG0015577	0	0	2	0	0	0	0	1	3
OG0015578	0	0	1	0	0	0	0	2	3
OG0015579	0	0	1	0	0	0	0	2	3
OG0015580	0	0	2	0	0	0	0	1	3
OG0015581	0	0	1	0	0	0	0	2	3
OG0015582	0	0	2	0	0	0	0	1	3
OG0015583	0	0	2	0	0	0	0	1	3
OG0015584	0	0	2	0	0	0	0	1	3
OG0015585	0	0	1	0	0	0	0	2	3
OG0015586	0	0	1	1	0	0	0	1	3
OG0015587	0	0	1	1	0	0	0	1	3
OG0015588	0	0	1	0	0	0	0	2	3
OG0015589	0	0	1	0	0	0	0	2	3
OG0015590	0	0	3	0	0	0	0	0	3
OG0015591	0	0	1	0	0	0	0	2	3
OG0015592	0	0	2	0	0	0	0	1	3
OG0015593	0	0	1	0	0	0	0	2	3
OG0015594	0	0	1	0	0	0	0	2	3
OG0015595	0	0	2	0	0	0	0	1	3
OG0015596	0	0	1	1	0	0	0	1	3
OG0015597	0	0	2	0	0	0	0	1	3
OG0015598	0	0	2	0	0	0	0	1	3
OG0015599	0	0	1	0	0	0	0	2	3
OG0015600	0	0	1	0	0	0	0	2	3
OG0015601	0	0	1	0	0	0	0	2	3
OG0015602	0	0	2	0	0	0	0	1	3
OG0015603	0	0	2	0	0	0	0	1	3
OG0015604	0	0	1	1	0	1	0	0	3
OG0015605	0	0	2	0	0	0	0	1	3
OG0015606	0	0	1	0	0	0	0	2	3
OG0015607	0	0	1	0	0	0	0	2	3
OG0015608	0	0	2	0	0	0	0	1	3
OG0015609	0	0	1	1	0	0	0	1	3
OG0015610	0	0	1	0	0	0	0	2	3
OG0015611	0	0	1	0	0	0	0	2	3
OG0015612	0	0	2	0	0	0	0	1	3
OG0015613	0	0	2	0	0	0	0	1	3
OG0015614	0	0	2	0	0	0	0	1	3
OG0015615	0	0	2	0	0	0	0	1	3
OG0015616	0	0	2	0	0	0	0	1	3
OG0015617	0	0	1	0	0	0	0	2	3
OG0015618	0	0	2	0	0	0	0	1	3
OG0015619	0	0	1	0	1	1	0	0	3
OG0015620	0	0	2	0	0	0	0	1	3
OG0015621	0	0	1	0	0	0	0	2	3
OG0015622	0	0	2	0	0	0	0	1	3
OG0015623	0	0	1	0	0	0	0	2	3
OG0015624	0	0	2	0	0	0	0	1	3
OG0015625	0	0	3	0	0	0	0	0	3
OG0015626	0	0	3	0	0	0	0	0	3
OG0015627	0	0	1	0	0	0	0	2	3
OG0015628	0	0	1	0	0	0	0	2	3
OG0015629	0	0	1	1	0	0	0	1	3
OG0015630	0	0	2	0	0	0	0	1	3
OG0015631	0	0	2	0	0	0	0	1	3
OG0015632	0	0	1	0	0	0	0	2	3
OG0015633	0	0	1	0	0	0	0	2	3
OG0015634	0	0	1	0	0	0	0	2	3
OG0015635	0	0	1	0	0	0	0	2	3
OG0015636	0	0	2	0	0	0	0	1	3
OG0015637	0	0	1	0	0	0	0	2	3
OG0015638	0	0	2	0	0	0	0	1	3
OG0015639	0	0	1	1	0	0	0	1	3
OG0015640	0	0	2	0	0	0	0	1	3
OG0015641	0	0	1	0	2	0	0	0	3
OG0015642	0	0	2	0	0	0	0	1	3
OG0015643	0	0	2	1	0	0	0	0	3
OG0015644	0	0	1	0	0	0	0	2	3
OG0015645	0	0	2	0	0	0	0	1	3
OG0015646	0	0	1	0	0	0	0	2	3
OG0015647	0	0	2	0	0	0	0	1	3
OG0015648	0	0	1	0	0	0	0	2	3
OG0015649	0	0	1	1	0	0	0	1	3
OG0015650	0	0	2	0	0	0	0	1	3
OG0015651	0	0	2	0	0	0	0	1	3
OG0015652	0	0	1	0	0	0	0	2	3
OG0015653	0	0	2	0	0	0	0	1	3
OG0015654	0	0	1	0	0	0	0	2	3
OG0015655	0	0	1	0	0	0	0	2	3
OG0015656	0	0	1	0	0	0	0	2	3
OG0015657	0	0	1	0	0	0	0	2	3
OG0015658	0	0	2	0	0	0	0	1	3
OG0015659	0	0	1	1	0	0	0	1	3
OG0015660	0	0	1	1	0	0	0	1	3
OG0015661	0	0	2	0	0	0	0	1	3
OG0015662	0	0	2	0	0	0	0	1	3
OG0015663	0	0	1	0	0	0	0	2	3
OG0015664	0	0	1	0	0	0	0	2	3
OG0015665	0	0	2	0	0	0	0	1	3
OG0015666	0	0	2	0	0	0	0	1	3
OG0015667	0	0	1	0	0	0	0	2	3
OG0015668	0	0	1	1	0	0	0	1	3
OG0015669	0	0	1	0	0	0	0	2	3
OG0015670	0	0	1	0	0	0	0	2	3
OG0015671	0	0	1	1	0	0	0	1	3
OG0015672	0	0	1	0	0	0	0	2	3
OG0015673	0	0	1	0	0	0	0	2	3
OG0015674	0	0	1	1	0	0	0	1	3
OG0015675	0	0	2	0	0	0	0	1	3
OG0015676	0	0	1	0	0	0	0	2	3
OG0015677	0	0	2	0	0	0	0	1	3
OG0015678	0	0	2	0	0	0	0	1	3
OG0015679	0	0	1	0	0	0	0	2	3
OG0015680	0	0	1	1	0	0	0	1	3
OG0015681	0	0	1	0	0	0	0	2	3
OG0015682	0	0	2	0	0	0	0	1	3
OG0015683	0	0	1	0	0	0	0	2	3
OG0015684	0	0	2	0	0	0	0	1	3
OG0015685	0	0	1	0	0	0	0	2	3
OG0015686	0	0	2	0	0	0	0	1	3
OG0015687	0	0	2	0	0	0	0	1	3
OG0015688	0	0	1	0	0	0	0	2	3
OG0015689	0	0	1	0	0	0	0	2	3
OG0015690	0	0	1	0	0	0	0	2	3
OG0015691	0	0	1	0	0	0	0	2	3
OG0015692	0	0	1	0	0	0	0	2	3
OG0015693	0	0	2	0	0	0	0	1	3
OG0015694	0	0	1	0	0	0	0	2	3
OG0015695	0	0	1	0	0	0	0	2	3
OG0015696	0	0	1	0	0	0	0	2	3
OG0015697	0	0	1	0	0	0	0	2	3
OG0015698	0	0	2	0	0	0	0	1	3
OG0015699	0	0	1	1	0	0	0	1	3
OG0015700	0	0	1	1	0	0	0	1	3
OG0015701	0	0	1	0	0	0	0	2	3
OG0015702	0	0	1	0	0	0	0	2	3
OG0015703	0	0	1	1	0	0	0	1	3
OG0015704	0	0	1	0	0	0	0	2	3
OG0015705	0	0	1	0	0	0	0	2	3
OG0015706	0	0	1	0	0	0	0	2	3
OG0015707	0	0	1	0	0	0	0	2	3
OG0015708	0	0	1	0	0	0	0	2	3
OG0015709	0	0	1	0	0	0	0	2	3
OG0015710	0	0	1	0	0	0	0	2	3
OG0015711	0	0	1	1	1	0	0	0	3
OG0015712	0	0	2	0	0	0	0	1	3
OG0015713	0	0	1	0	0	0	0	2	3
OG0015714	0	0	1	0	0	0	0	2	3
OG0015715	0	0	1	0	0	0	0	2	3
OG0015716	0	0	2	0	0	0	0	1	3
OG0015717	0	0	1	0	0	0	0	2	3
OG0015718	0	0	1	1	0	0	0	1	3
OG0015719	0	0	1	0	0	0	0	2	3
OG0015720	0	0	1	2	0	0	0	0	3
OG0015721	0	0	1	0	0	0	0	2	3
OG0015722	0	0	1	0	0	0	0	2	3
OG0015723	0	0	1	0	0	0	0	2	3
OG0015724	0	0	1	1	0	0	0	1	3
OG0015725	0	0	1	0	0	0	0	2	3
OG0015726	0	0	1	0	0	0	0	2	3
OG0015727	0	0	2	0	0	0	0	1	3
OG0015728	0	0	2	0	0	0	0	1	3
OG0015729	0	0	1	1	0	0	0	1	3
OG0015730	0	0	1	0	0	0	0	2	3
OG0015731	0	0	1	1	0	0	0	1	3
OG0015732	0	0	1	0	0	0	0	2	3
OG0015733	0	0	1	0	0	0	0	2	3
OG0015734	0	0	1	0	0	0	0	2	3
OG0015735	0	0	1	0	0	0	0	2	3
OG0015736	0	0	1	0	0	0	0	2	3
OG0015737	0	0	2	0	0	0	0	1	3
OG0015738	0	0	1	0	0	0	0	2	3
OG0015739	0	0	1	0	0	0	0	2	3
OG0015740	0	0	1	0	0	0	0	2	3
OG0015741	0	0	1	0	0	0	0	2	3
OG0015742	0	0	2	0	0	0	0	1	3
OG0015743	0	0	1	0	0	0	0	2	3
OG0015744	0	0	1	0	0	0	0	2	3
OG0015745	0	0	1	0	0	0	0	2	3
OG0015746	0	0	1	0	0	0	0	2	3
OG0015747	0	0	1	0	0	0	0	2	3
OG0015748	0	0	1	0	0	0	0	2	3
OG0015749	0	0	2	0	0	0	0	1	3
OG0015750	0	0	1	1	0	0	0	1	3
OG0015751	0	0	1	0	0	0	0	2	3
OG0015752	0	0	1	0	0	0	0	2	3
OG0015753	0	0	1	0	0	0	0	2	3
OG0015754	0	0	1	0	0	0	0	2	3
OG0015755	0	0	1	0	0	0	0	2	3
OG0015756	0	0	2	0	0	0	0	1	3
OG0015757	0	0	1	0	0	0	0	2	3
OG0015758	0	0	2	0	0	0	0	1	3
OG0015759	0	0	1	0	0	1	1	0	3
OG0015760	0	0	1	1	0	0	0	1	3
OG0015761	0	0	1	0	0	0	0	2	3
OG0015762	0	0	1	0	0	0	0	2	3
OG0015763	0	0	2	0	0	0	0	1	3
OG0015764	0	0	1	1	0	0	0	1	3
OG0015765	0	0	1	0	0	0	0	2	3
OG0015766	0	0	1	1	1	0	0	0	3
OG0015767	0	0	1	0	0	0	0	2	3
OG0015768	0	0	1	0	0	0	0	2	3
OG0015769	0	0	1	0	0	0	0	2	3
OG0015770	0	0	1	0	0	0	0	2	3
OG0015771	0	0	1	0	0	0	0	2	3
OG0015772	0	0	1	2	0	0	0	0	3
OG0015773	0	0	2	0	0	0	0	1	3
OG0015774	0	0	1	0	0	0	0	2	3
OG0015775	0	0	1	0	0	0	0	2	3
OG0015776	0	0	1	0	0	0	0	2	3
OG0015777	0	0	2	0	0	0	0	1	3
OG0015778	0	0	1	0	0	0	0	2	3
OG0015779	0	0	1	0	0	0	0	2	3
OG0015780	0	0	1	0	0	0	0	2	3
OG0015781	0	0	1	1	1	0	0	0	3
OG0015782	0	0	1	0	0	0	0	2	3
OG0015783	0	0	1	1	0	0	0	1	3
OG0015784	0	0	1	1	0	0	0	1	3
OG0015785	0	0	1	0	0	0	0	2	3
OG0015786	0	0	1	0	0	0	0	2	3
OG0015787	0	0	1	0	0	0	0	2	3
OG0015788	0	0	1	0	0	0	0	2	3
OG0015789	0	0	1	2	0	0	0	0	3
OG0015790	0	0	1	1	0	0	0	1	3
OG0015791	0	0	1	1	0	0	0	1	3
OG0015792	0	0	1	1	0	0	0	1	3
OG0015793	0	0	1	1	0	0	0	1	3
OG0015794	0	0	1	0	0	0	0	2	3
OG0015795	0	0	1	0	0	0	0	2	3
OG0015796	0	0	1	0	0	0	0	2	3
OG0015797	0	0	1	1	0	0	0	1	3
OG0015798	0	0	1	1	0	0	0	1	3
OG0015799	0	0	1	0	0	1	1	0	3
OG0015800	0	0	1	0	0	0	0	2	3
OG0015801	0	0	1	0	0	0	0	2	3
OG0015802	0	0	1	0	0	0	0	2	3
OG0015803	0	0	1	0	0	0	0	2	3
OG0015804	0	0	1	0	0	0	0	2	3
OG0015805	0	0	1	1	0	0	0	1	3
OG0015806	0	0	1	0	0	0	0	2	3
OG0015807	0	0	1	0	0	0	0	2	3
OG0015808	0	0	1	0	0	0	0	2	3
OG0015809	0	0	1	0	0	0	0	2	3
OG0015810	0	0	1	0	0	1	0	1	3
OG0015811	0	0	1	1	1	0	0	0	3
OG0015812	0	0	1	1	0	0	0	1	3
OG0015813	0	0	1	0	0	0	0	2	3
OG0015814	0	0	2	0	0	0	0	1	3
OG0015815	0	0	1	2	0	0	0	0	3
OG0015816	0	0	1	0	0	0	0	2	3
OG0015817	0	0	1	0	1	0	1	0	3
OG0015818	0	0	0	3	0	0	0	0	3
OG0015819	0	0	0	1	0	1	0	1	3
OG0015820	0	0	0	3	0	0	0	0	3
OG0015821	0	0	0	2	1	0	0	0	3
OG0015822	0	0	0	1	1	0	0	1	3
OG0015823	0	0	0	3	0	0	0	0	3
OG0015824	0	0	0	3	0	0	0	0	3
OG0015825	0	0	0	1	1	0	0	1	3
OG0015826	0	0	0	1	0	0	1	1	3
OG0015827	0	0	0	1	0	0	0	2	3
OG0015828	0	0	0	1	0	0	0	2	3
OG0015829	0	0	0	3	0	0	0	0	3
OG0015830	0	0	0	3	0	0	0	0	3
OG0015831	0	0	0	2	0	0	0	1	3
OG0015832	0	0	0	1	1	1	0	0	3
OG0015833	0	0	0	1	0	0	0	2	3
OG0015834	0	0	0	3	0	0	0	0	3
OG0015835	0	0	0	3	0	0	0	0	3
OG0015836	0	0	0	1	0	0	0	2	3
OG0015837	0	0	0	1	0	0	0	2	3
OG0015838	0	0	0	3	0	0	0	0	3
OG0015839	0	0	0	1	0	0	0	2	3
OG0015840	0	0	0	1	0	0	0	2	3
OG0015841	0	0	0	1	0	0	0	2	3
OG0015842	0	0	0	3	0	0	0	0	3
OG0015843	0	0	0	2	0	0	0	1	3
OG0015844	0	0	0	1	0	0	0	2	3
OG0015845	0	0	0	3	0	0	0	0	3
OG0015846	0	0	0	1	0	0	0	2	3
OG0015847	0	0	0	1	0	0	2	0	3
OG0015848	0	0	0	1	0	0	0	2	3
OG0015849	0	0	0	2	0	0	0	1	3
OG0015850	0	0	0	1	0	0	0	2	3
OG0015851	0	0	0	1	0	0	0	2	3
OG0015852	0	0	0	3	0	0	0	0	3
OG0015853	0	0	0	1	0	0	0	2	3
OG0015854	0	0	0	1	0	0	0	2	3
OG0015855	0	0	0	1	0	2	0	0	3
OG0015856	0	0	0	1	0	2	0	0	3
OG0015857	0	0	0	0	3	0	0	0	3
OG0015858	0	0	0	0	1	1	1	0	3
OG0015859	0	0	0	0	2	1	0	0	3
OG0015860	0	0	0	0	3	0	0	0	3
OG0015861	0	0	0	0	1	1	1	0	3
OG0015862	0	0	0	0	3	0	0	0	3
OG0015863	0	0	0	0	1	1	1	0	3
OG0015864	0	0	0	0	3	0	0	0	3
OG0015865	0	0	0	0	3	0	0	0	3
OG0015866	0	0	0	0	1	1	1	0	3
OG0015867	0	0	0	0	1	0	0	2	3
OG0015868	0	0	0	0	1	1	1	0	3
OG0015869	0	0	0	0	1	1	1	0	3
OG0015870	0	0	0	0	2	0	1	0	3
OG0015871	0	0	0	0	3	0	0	0	3
OG0015872	0	0	0	0	3	0	0	0	3
OG0015873	0	0	0	0	1	1	1	0	3
OG0015874	0	0	0	0	1	1	1	0	3
OG0015875	0	0	0	0	3	0	0	0	3
OG0015876	0	0	0	0	2	0	1	0	3
OG0015877	0	0	0	0	3	0	0	0	3
OG0015878	0	0	0	0	3	0	0	0	3
OG0015879	0	0	0	0	3	0	0	0	3
OG0015880	0	0	0	0	1	1	1	0	3
OG0015881	0	0	0	0	3	0	0	0	3
OG0015882	0	0	0	0	1	1	1	0	3
OG0015883	0	0	0	0	1	1	1	0	3
OG0015884	0	0	0	0	3	0	0	0	3
OG0015885	0	0	0	0	3	0	0	0	3
OG0015886	0	0	0	0	3	0	0	0	3
OG0015887	0	0	0	0	1	0	2	0	3
OG0015888	0	0	0	0	1	1	1	0	3
OG0015889	0	0	0	0	1	1	1	0	3
OG0015890	0	0	0	0	1	2	0	0	3
OG0015891	0	0	0	0	1	1	1	0	3
OG0015892	0	0	0	0	3	0	0	0	3
OG0015893	0	0	0	0	1	1	1	0	3
OG0015894	0	0	0	0	3	0	0	0	3
OG0015895	0	0	0	0	3	0	0	0	3
OG0015896	0	0	0	0	3	0	0	0	3
OG0015897	0	0	0	0	3	0	0	0	3
OG0015898	0	0	0	0	3	0	0	0	3
OG0015899	0	0	0	0	2	0	1	0	3
OG0015900	0	0	0	0	1	2	0	0	3
OG0015901	0	0	0	0	3	0	0	0	3
OG0015902	0	0	0	0	3	0	0	0	3
OG0015903	0	0	0	0	2	0	1	0	3
OG0015904	0	0	0	0	1	1	1	0	3
OG0015905	0	0	0	0	1	1	1	0	3
OG0015906	0	0	0	0	1	1	1	0	3
OG0015907	0	0	0	0	1	1	1	0	3
OG0015908	0	0	0	0	1	1	1	0	3
OG0015909	0	0	0	0	1	1	1	0	3
OG0015910	0	0	0	0	1	0	2	0	3
OG0015911	0	0	0	0	1	1	1	0	3
OG0015912	0	0	0	0	1	2	0	0	3
OG0015913	0	0	0	0	3	0	0	0	3
OG0015914	0	0	0	0	3	0	0	0	3
OG0015915	0	0	0	0	3	0	0	0	3
OG0015916	0	0	0	0	1	0	2	0	3
OG0015917	0	0	0	0	1	1	1	0	3
OG0015918	0	0	0	0	3	0	0	0	3
OG0015919	0	0	0	0	3	0	0	0	3
OG0015920	0	0	0	0	1	1	1	0	3
OG0015921	0	0	0	0	3	0	0	0	3
OG0015922	0	0	0	0	1	1	1	0	3
OG0015923	0	0	0	0	1	1	1	0	3
OG0015924	0	0	0	0	3	0	0	0	3
OG0015925	0	0	0	0	2	1	0	0	3
OG0015926	0	0	0	0	1	1	1	0	3
OG0015927	0	0	0	0	1	1	1	0	3
OG0015928	0	0	0	0	3	0	0	0	3
OG0015929	0	0	0	0	3	0	0	0	3
OG0015930	0	0	0	0	3	0	0	0	3
OG0015931	0	0	0	0	1	1	1	0	3
OG0015932	0	0	0	0	3	0	0	0	3
OG0015933	0	0	0	0	3	0	0	0	3
OG0015934	0	0	0	0	1	1	1	0	3
OG0015935	0	0	0	0	2	0	1	0	3
OG0015936	0	0	0	0	1	1	1	0	3
OG0015937	0	0	0	0	1	1	1	0	3
OG0015938	0	0	0	0	1	1	1	0	3
OG0015939	0	0	0	0	1	1	1	0	3
OG0015940	0	0	0	0	1	1	1	0	3
OG0015941	0	0	0	0	3	0	0	0	3
OG0015942	0	0	0	0	2	0	1	0	3
OG0015943	0	0	0	0	1	1	1	0	3
OG0015944	0	0	0	0	1	1	1	0	3
OG0015945	0	0	0	0	1	1	1	0	3
OG0015946	0	0	0	0	1	0	2	0	3
OG0015947	0	0	0	0	3	0	0	0	3
OG0015948	0	0	0	0	1	1	1	0	3
OG0015949	0	0	0	0	3	0	0	0	3
OG0015950	0	0	0	0	1	1	1	0	3
OG0015951	0	0	0	0	1	1	1	0	3
OG0015952	0	0	0	0	2	0	1	0	3
OG0015953	0	0	0	0	3	0	0	0	3
OG0015954	0	0	0	0	1	2	0	0	3
OG0015955	0	0	0	0	1	1	1	0	3
OG0015956	0	0	0	0	3	0	0	0	3
OG0015957	0	0	0	0	2	1	0	0	3
OG0015958	0	0	0	0	1	1	1	0	3
OG0015959	0	0	0	0	3	0	0	0	3
OG0015960	0	0	0	0	3	0	0	0	3
OG0015961	0	0	0	0	3	0	0	0	3
OG0015962	0	0	0	0	1	1	1	0	3
OG0015963	0	0	0	0	1	2	0	0	3
OG0015964	0	0	0	0	1	1	1	0	3
OG0015965	0	0	0	0	3	0	0	0	3
OG0015966	0	0	0	0	2	1	0	0	3
OG0015967	0	0	0	0	1	1	1	0	3
OG0015968	0	0	0	0	3	0	0	0	3
OG0015969	0	0	0	0	3	0	0	0	3
OG0015970	0	0	0	0	2	0	1	0	3
OG0015971	0	0	0	0	2	1	0	0	3
OG0015972	0	0	0	0	1	1	1	0	3
OG0015973	0	0	0	0	2	0	1	0	3
OG0015974	0	0	0	0	1	0	2	0	3
OG0015975	0	0	0	0	2	0	1	0	3
OG0015976	0	0	0	0	1	1	1	0	3
OG0015977	0	0	0	0	1	0	2	0	3
OG0015978	0	0	0	0	1	1	1	0	3
OG0015979	0	0	0	0	3	0	0	0	3
OG0015980	0	0	0	0	1	1	1	0	3
OG0015981	0	0	0	0	1	0	2	0	3
OG0015982	0	0	0	0	1	1	1	0	3
OG0015983	0	0	0	0	1	1	1	0	3
OG0015984	0	0	0	0	1	1	1	0	3
OG0015985	0	0	0	0	2	1	0	0	3
OG0015986	0	0	0	0	1	1	1	0	3
OG0015987	0	0	0	0	2	1	0	0	3
OG0015988	0	0	0	0	1	1	1	0	3
OG0015989	0	0	0	0	1	1	1	0	3
OG0015990	0	0	0	0	1	1	1	0	3
OG0015991	0	0	0	0	1	1	1	0	3
OG0015992	0	0	0	0	1	1	1	0	3
OG0015993	0	0	0	0	1	1	1	0	3
OG0015994	0	0	0	0	1	1	1	0	3
OG0015995	0	0	0	0	1	1	1	0	3
OG0015996	0	0	0	0	1	1	1	0	3
OG0015997	0	0	0	0	2	0	1	0	3
OG0015998	0	0	0	0	1	1	1	0	3
OG0015999	0	0	0	0	1	1	1	0	3
OG0016000	0	0	0	0	3	0	0	0	3
OG0016001	0	0	0	0	1	1	1	0	3
OG0016002	0	0	0	0	1	1	1	0	3
OG0016003	0	0	0	0	1	1	1	0	3
OG0016004	0	0	0	0	2	0	1	0	3
OG0016005	0	0	0	0	1	1	1	0	3
OG0016006	0	0	0	0	1	2	0	0	3
OG0016007	0	0	0	0	3	0	0	0	3
OG0016008	0	0	0	0	0	2	1	0	3
OG0016009	0	0	0	0	0	1	2	0	3
OG0016010	0	0	0	0	0	1	2	0	3
OG0016011	0	0	0	0	0	3	0	0	3
OG0016012	0	0	0	0	0	3	0	0	3
OG0016013	0	0	0	0	0	3	0	0	3
OG0016014	0	0	0	0	0	2	1	0	3
OG0016015	0	0	0	0	0	3	0	0	3
OG0016016	0	0	0	0	0	3	0	0	3
OG0016017	0	0	0	0	0	1	2	0	3
OG0016018	0	0	0	0	0	3	0	0	3
OG0016019	0	0	0	0	0	2	1	0	3
OG0016020	0	0	0	0	0	1	1	1	3
OG0016021	0	0	0	0	0	3	0	0	3
OG0016022	0	0	0	0	0	3	0	0	3
OG0016023	0	0	0	0	0	3	0	0	3
OG0016024	0	0	0	0	0	3	0	0	3
OG0016025	0	0	0	0	0	1	2	0	3
OG0016026	0	0	0	0	0	0	3	0	3
OG0016027	0	0	0	0	0	0	3	0	3
OG0016028	0	0	0	0	0	0	3	0	3
OG0016029	0	0	0	0	0	0	3	0	3
OG0016030	0	0	0	0	0	0	3	0	3
OG0016031	0	0	0	0	0	0	3	0	3
OG0016032	0	0	0	0	0	0	3	0	3
OG0016033	0	0	0	0	0	0	3	0	3
OG0016034	0	0	0	0	0	0	3	0	3
OG0016035	0	0	0	0	0	0	3	0	3
OG0016036	0	0	0	0	0	0	3	0	3
OG0016037	0	0	0	0	0	0	3	0	3
OG0016038	0	0	0	0	0	0	3	0	3
OG0016039	0	0	0	0	0	0	3	0	3
OG0016040	0	0	0	0	0	0	3	0	3
OG0016041	0	0	0	0	0	0	1	2	3
OG0016042	0	0	0	0	0	0	3	0	3
OG0016043	0	0	0	0	0	0	3	0	3
OG0016044	0	0	0	0	0	0	1	2	3
OG0016045	0	0	0	0	0	0	3	0	3
OG0016046	0	0	0	0	0	0	3	0	3
OG0016047	0	0	0	0	0	0	3	0	3
OG0016048	0	0	0	0	0	0	3	0	3
OG0016049	0	0	0	0	0	0	3	0	3
OG0016050	0	0	0	0	0	0	3	0	3
OG0016051	0	0	0	0	0	0	1	2	3
OG0016052	0	0	0	0	0	0	3	0	3
OG0016053	0	0	0	0	0	0	3	0	3
OG0016054	0	0	0	0	0	0	2	1	3
OG0016055	0	0	0	0	0	0	3	0	3
OG0016056	0	0	0	0	0	0	3	0	3
OG0016057	0	0	0	0	0	0	0	3	3
OG0016058	0	0	0	0	0	0	0	3	3
OG0016059	0	0	0	0	0	0	0	3	3
OG0016060	0	0	0	0	0	0	0	3	3
OG0016061	0	0	0	0	0	0	0	3	3
OG0016062	0	0	0	0	0	0	0	3	3
OG0016063	0	0	0	0	0	0	0	3	3
OG0016064	0	0	0	0	0	0	0	3	3
OG0016065	0	0	0	0	0	0	0	3	3
OG0016066	0	0	0	0	0	0	0	3	3
OG0016067	0	0	0	0	0	0	0	3	3
OG0016068	0	0	0	0	0	0	0	3	3
OG0016069	0	0	0	0	0	0	0	3	3
OG0016070	0	0	0	0	0	0	0	3	3
OG0016071	0	0	0	0	0	0	0	3	3
OG0016072	0	0	0	0	0	0	0	3	3
OG0016073	0	0	0	0	0	0	0	3	3
OG0016074	0	0	0	0	0	0	0	3	3
OG0016075	0	0	0	0	0	0	0	3	3
OG0016076	0	0	0	0	0	0	0	3	3
OG0016077	0	0	0	0	0	0	0	3	3
OG0016078	0	0	0	0	0	0	0	3	3
OG0016079	0	0	0	0	0	0	0	3	3
OG0016080	0	0	0	0	0	0	0	3	3
OG0016081	0	0	0	0	0	0	0	3	3
OG0016082	0	0	0	0	0	0	0	3	3
OG0016083	0	0	0	0	0	0	0	3	3
OG0016084	0	0	0	0	0	0	0	3	3
OG0016085	0	0	0	0	0	0	0	3	3
OG0016086	0	0	0	0	0	0	0	3	3
OG0016087	0	0	0	0	0	0	0	3	3
OG0016088	0	0	0	0	0	0	0	3	3
OG0016089	0	0	0	0	0	0	0	3	3
OG0016090	0	0	0	0	0	0	0	3	3
OG0016091	0	0	0	0	0	0	0	3	3
OG0016092	0	0	0	0	0	0	0	3	3
OG0016093	0	0	0	0	0	0	0	3	3
OG0016094	0	0	0	0	0	0	0	3	3
OG0016095	0	0	0	0	0	0	0	3	3
OG0016096	0	0	0	0	0	0	0	3	3
OG0016097	0	0	0	0	0	0	0	3	3
OG0016098	0	0	0	0	0	0	0	3	3
OG0016099	0	0	0	0	0	0	0	3	3
OG0016100	0	0	0	0	0	0	0	3	3
OG0016101	0	0	0	0	0	0	0	3	3
OG0016102	0	0	0	0	0	0	0	3	3
OG0016103	0	0	0	0	0	0	0	3	3
OG0016104	0	0	0	0	0	0	0	3	3
OG0016105	0	0	0	0	0	0	0	3	3
OG0016106	0	0	0	0	0	0	0	3	3
OG0016107	0	0	0	0	0	0	0	3	3
OG0016108	0	0	0	0	0	0	0	3	3
OG0016109	0	0	0	0	0	0	0	3	3
OG0016110	0	0	0	0	0	0	0	3	3
OG0016111	0	0	0	0	0	0	0	3	3
OG0016112	0	0	0	0	0	0	0	3	3
OG0016113	0	0	0	0	0	0	0	3	3
OG0016114	0	0	0	0	0	0	0	3	3
OG0016115	0	0	0	0	0	0	0	3	3
OG0016116	0	0	0	0	0	0	0	3	3
OG0016117	0	0	0	0	2	0	0	0	2
OG0016118	0	0	0	0	0	0	0	2	2
OG0016119	1	1	0	0	0	0	0	0	2
OG0016120	0	1	0	0	0	0	0	1	2
OG0016121	1	0	0	1	0	0	0	0	2
OG0016122	0	0	0	1	0	1	0	0	2
OG0016123	1	0	0	0	0	0	0	1	2
OG0016124	1	0	0	1	0	0	0	0	2
OG0016125	1	1	0	0	0	0	0	0	2
OG0016126	0	0	1	0	0	0	0	1	2
OG0016127	1	0	0	0	1	0	0	0	2
OG0016128	0	0	0	0	0	0	1	1	2
OG0016129	1	1	0	0	0	0	0	0	2
OG0016130	0	0	1	1	0	0	0	0	2
OG0016131	0	2	0	0	0	0	0	0	2
OG0016132	0	1	0	0	0	1	0	0	2
OG0016133	1	0	0	0	0	1	0	0	2
OG0016134	0	0	1	0	0	0	0	1	2
OG0016135	1	0	0	0	0	0	1	0	2
OG0016136	0	0	0	0	0	0	1	1	2
OG0016137	0	1	0	0	0	1	0	0	2
OG0016138	1	1	0	0	0	0	0	0	2
OG0016139	1	1	0	0	0	0	0	0	2
OG0016140	2	0	0	0	0	0	0	0	2
OG0016141	1	0	0	0	0	0	0	1	2
OG0016142	0	0	1	1	0	0	0	0	2
OG0016143	1	1	0	0	0	0	0	0	2
OG0016144	1	0	0	1	0	0	0	0	2
OG0016145	0	0	2	0	0	0	0	0	2
OG0016146	1	0	1	0	0	0	0	0	2
OG0016147	1	0	1	0	0	0	0	0	2
OG0016148	0	1	0	0	0	1	0	0	2
OG0016149	0	1	1	0	0	0	0	0	2
OG0016150	0	0	0	0	1	0	1	0	2
OG0016151	2	0	0	0	0	0	0	0	2
OG0016152	0	0	0	0	0	0	1	1	2
OG0016153	1	1	0	0	0	0	0	0	2
OG0016154	1	1	0	0	0	0	0	0	2
OG0016155	0	0	0	0	0	0	0	2	2
OG0016156	1	1	0	0	0	0	0	0	2
OG0016157	2	0	0	0	0	0	0	0	2
OG0016158	1	0	0	1	0	0	0	0	2
OG0016159	0	0	0	1	0	0	0	1	2
OG0016160	0	2	0	0	0	0	0	0	2
OG0016161	0	0	0	0	2	0	0	0	2
OG0016162	0	0	0	2	0	0	0	0	2
OG0016163	1	1	0	0	0	0	0	0	2
OG0016164	0	0	1	0	0	0	0	1	2
OG0016165	0	0	1	0	0	1	0	0	2
OG0016166	0	2	0	0	0	0	0	0	2
OG0016167	1	1	0	0	0	0	0	0	2
OG0016168	0	0	0	1	0	0	0	1	2
OG0016169	0	0	0	0	0	0	0	2	2
OG0016170	0	0	0	2	0	0	0	0	2
OG0016171	1	1	0	0	0	0	0	0	2
OG0016172	1	0	0	0	0	0	0	1	2
OG0016173	2	0	0	0	0	0	0	0	2
OG0016174	0	1	1	0	0	0	0	0	2
OG0016175	0	1	0	0	0	0	0	1	2
OG0016176	0	0	0	1	1	0	0	0	2
OG0016177	1	0	1	0	0	0	0	0	2
OG0016178	1	0	1	0	0	0	0	0	2
OG0016179	0	0	0	1	1	0	0	0	2
OG0016180	0	0	0	0	0	0	0	2	2
OG0016181	1	0	0	1	0	0	0	0	2
OG0016182	0	0	0	1	0	0	0	1	2
OG0016183	0	0	0	0	0	2	0	0	2
OG0016184	1	1	0	0	0	0	0	0	2
OG0016185	0	0	0	1	0	0	0	1	2
OG0016186	1	1	0	0	0	0	0	0	2
OG0016187	2	0	0	0	0	0	0	0	2
OG0016188	1	0	0	0	0	1	0	0	2
OG0016189	1	0	0	0	0	1	0	0	2
OG0016190	0	0	0	0	0	2	0	0	2
OG0016191	0	0	0	0	1	1	0	0	2
OG0016192	2	0	0	0	0	0	0	0	2
OG0016193	0	0	2	0	0	0	0	0	2
OG0016194	0	1	0	0	0	1	0	0	2
OG0016195	0	1	0	0	0	0	0	1	2
OG0016196	1	1	0	0	0	0	0	0	2
OG0016197	0	0	1	0	0	1	0	0	2
OG0016198	1	0	0	0	0	0	1	0	2
OG0016199	0	2	0	0	0	0	0	0	2
OG0016200	1	0	0	0	0	0	0	1	2
OG0016201	2	0	0	0	0	0	0	0	2
OG0016202	0	1	0	0	0	1	0	0	2
OG0016203	1	1	0	0	0	0	0	0	2
OG0016204	2	0	0	0	0	0	0	0	2
OG0016205	2	0	0	0	0	0	0	0	2
OG0016206	1	1	0	0	0	0	0	0	2
OG0016207	1	1	0	0	0	0	0	0	2
OG0016208	2	0	0	0	0	0	0	0	2
OG0016209	1	1	0	0	0	0	0	0	2
OG0016210	1	1	0	0	0	0	0	0	2
OG0016211	1	0	1	0	0	0	0	0	2
OG0016212	1	0	0	0	0	1	0	0	2
OG0016213	1	0	0	0	0	0	0	1	2
OG0016214	1	0	0	0	0	1	0	0	2
OG0016215	1	0	1	0	0	0	0	0	2
OG0016216	2	0	0	0	0	0	0	0	2
OG0016217	1	0	1	0	0	0	0	0	2
OG0016218	1	1	0	0	0	0	0	0	2
OG0016219	1	0	0	0	0	0	0	1	2
OG0016220	1	0	1	0	0	0	0	0	2
OG0016221	0	0	1	0	0	0	0	1	2
OG0016222	1	1	0	0	0	0	0	0	2
OG0016223	0	0	1	0	0	1	0	0	2
OG0016224	0	0	0	0	0	0	1	1	2
OG0016225	1	1	0	0	0	0	0	0	2
OG0016226	0	0	0	0	0	0	0	2	2
OG0016227	1	1	0	0	0	0	0	0	2
OG0016228	0	1	0	0	0	0	0	1	2
OG0016229	1	0	0	0	0	0	0	1	2
OG0016230	1	0	0	1	0	0	0	0	2
OG0016231	1	0	0	0	0	0	0	1	2
OG0016232	0	0	1	1	0	0	0	0	2
OG0016233	2	0	0	0	0	0	0	0	2
OG0016234	1	0	0	1	0	0	0	0	2
OG0016235	0	1	0	0	0	1	0	0	2
OG0016236	0	2	0	0	0	0	0	0	2
OG0016237	1	1	0	0	0	0	0	0	2
OG0016238	0	2	0	0	0	0	0	0	2
OG0016239	1	1	0	0	0	0	0	0	2
OG0016240	1	1	0	0	0	0	0	0	2
OG0016241	1	1	0	0	0	0	0	0	2
OG0016242	1	1	0	0	0	0	0	0	2
OG0016243	1	1	0	0	0	0	0	0	2
OG0016244	1	1	0	0	0	0	0	0	2
OG0016245	0	0	0	1	0	0	0	1	2
OG0016246	1	0	1	0	0	0	0	0	2
OG0016247	1	1	0	0	0	0	0	0	2
OG0016248	1	0	1	0	0	0	0	0	2
OG0016249	0	0	1	0	0	1	0	0	2
OG0016250	1	0	0	1	0	0	0	0	2
OG0016251	0	0	0	0	0	0	1	1	2
OG0016252	1	0	1	0	0	0	0	0	2
OG0016253	1	1	0	0	0	0	0	0	2
OG0016254	1	0	1	0	0	0	0	0	2
OG0016255	1	1	0	0	0	0	0	0	2
OG0016256	0	0	2	0	0	0	0	0	2
OG0016257	1	1	0	0	0	0	0	0	2
OG0016258	1	0	0	0	0	0	0	1	2
OG0016259	1	1	0	0	0	0	0	0	2
OG0016260	0	0	0	0	0	0	1	1	2
OG0016261	0	0	0	0	1	1	0	0	2
OG0016262	1	0	1	0	0	0	0	0	2
OG0016263	1	0	1	0	0	0	0	0	2
OG0016264	1	0	0	0	1	0	0	0	2
OG0016265	1	1	0	0	0	0	0	0	2
OG0016266	1	0	1	0	0	0	0	0	2
OG0016267	1	0	1	0	0	0	0	0	2
OG0016268	0	0	2	0	0	0	0	0	2
OG0016269	1	1	0	0	0	0	0	0	2
OG0016270	2	0	0	0	0	0	0	0	2
OG0016271	1	1	0	0	0	0	0	0	2
OG0016272	1	0	1	0	0	0	0	0	2
OG0016273	1	1	0	0	0	0	0	0	2
OG0016274	1	0	1	0	0	0	0	0	2
OG0016275	1	0	0	0	0	0	0	1	2
OG0016276	1	1	0	0	0	0	0	0	2
OG0016277	1	0	1	0	0	0	0	0	2
OG0016278	1	1	0	0	0	0	0	0	2
OG0016279	1	0	0	0	0	0	0	1	2
OG0016280	1	0	0	0	0	1	0	0	2
OG0016281	1	1	0	0	0	0	0	0	2
OG0016282	0	0	0	0	0	0	0	2	2
OG0016283	1	1	0	0	0	0	0	0	2
OG0016284	1	0	1	0	0	0	0	0	2
OG0016285	1	0	1	0	0	0	0	0	2
OG0016286	1	0	0	0	0	0	0	1	2
OG0016287	1	0	0	1	0	0	0	0	2
OG0016288	1	0	0	0	0	0	0	1	2
OG0016289	1	0	0	0	0	1	0	0	2
OG0016290	1	0	0	0	1	0	0	0	2
OG0016291	1	1	0	0	0	0	0	0	2
OG0016292	1	0	0	0	0	0	0	1	2
OG0016293	1	0	0	0	0	0	0	1	2
OG0016294	1	1	0	0	0	0	0	0	2
OG0016295	1	0	0	1	0	0	0	0	2
OG0016296	1	0	1	0	0	0	0	0	2
OG0016297	1	0	0	0	0	0	0	1	2
OG0016298	1	1	0	0	0	0	0	0	2
OG0016299	1	1	0	0	0	0	0	0	2
OG0016300	1	0	1	0	0	0	0	0	2
OG0016301	1	0	0	0	0	0	0	1	2
OG0016302	1	1	0	0	0	0	0	0	2
OG0016303	1	0	0	0	0	0	0	1	2
OG0016304	1	0	1	0	0	0	0	0	2
OG0016305	1	1	0	0	0	0	0	0	2
OG0016306	0	1	0	0	0	1	0	0	2
OG0016307	2	0	0	0	0	0	0	0	2
OG0016308	2	0	0	0	0	0	0	0	2
OG0016309	2	0	0	0	0	0	0	0	2
OG0016310	2	0	0	0	0	0	0	0	2
OG0016311	2	0	0	0	0	0	0	0	2
OG0016312	2	0	0	0	0	0	0	0	2
OG0016313	1	1	0	0	0	0	0	0	2
OG0016314	2	0	0	0	0	0	0	0	2
OG0016315	1	1	0	0	0	0	0	0	2
OG0016316	2	0	0	0	0	0	0	0	2
OG0016317	2	0	0	0	0	0	0	0	2
OG0016318	2	0	0	0	0	0	0	0	2
OG0016319	2	0	0	0	0	0	0	0	2
OG0016320	2	0	0	0	0	0	0	0	2
OG0016321	2	0	0	0	0	0	0	0	2
OG0016322	2	0	0	0	0	0	0	0	2
OG0016323	2	0	0	0	0	0	0	0	2
OG0016324	2	0	0	0	0	0	0	0	2
OG0016325	2	0	0	0	0	0	0	0	2
OG0016326	2	0	0	0	0	0	0	0	2
OG0016327	2	0	0	0	0	0	0	0	2
OG0016328	2	0	0	0	0	0	0	0	2
OG0016329	2	0	0	0	0	0	0	0	2
OG0016330	2	0	0	0	0	0	0	0	2
OG0016331	1	1	0	0	0	0	0	0	2
OG0016332	2	0	0	0	0	0	0	0	2
OG0016333	2	0	0	0	0	0	0	0	2
OG0016334	2	0	0	0	0	0	0	0	2
OG0016335	2	0	0	0	0	0	0	0	2
OG0016336	2	0	0	0	0	0	0	0	2
OG0016337	2	0	0	0	0	0	0	0	2
OG0016338	2	0	0	0	0	0	0	0	2
OG0016339	2	0	0	0	0	0	0	0	2
OG0016340	2	0	0	0	0	0	0	0	2
OG0016341	1	1	0	0	0	0	0	0	2
OG0016342	2	0	0	0	0	0	0	0	2
OG0016343	2	0	0	0	0	0	0	0	2
OG0016344	1	1	0	0	0	0	0	0	2
OG0016345	2	0	0	0	0	0	0	0	2
OG0016346	2	0	0	0	0	0	0	0	2
OG0016347	2	0	0	0	0	0	0	0	2
OG0016348	2	0	0	0	0	0	0	0	2
OG0016349	1	1	0	0	0	0	0	0	2
OG0016350	2	0	0	0	0	0	0	0	2
OG0016351	2	0	0	0	0	0	0	0	2
OG0016352	2	0	0	0	0	0	0	0	2
OG0016353	2	0	0	0	0	0	0	0	2
OG0016354	2	0	0	0	0	0	0	0	2
OG0016355	2	0	0	0	0	0	0	0	2
OG0016356	1	1	0	0	0	0	0	0	2
OG0016357	2	0	0	0	0	0	0	0	2
OG0016358	2	0	0	0	0	0	0	0	2
OG0016359	2	0	0	0	0	0	0	0	2
OG0016360	2	0	0	0	0	0	0	0	2
OG0016361	2	0	0	0	0	0	0	0	2
OG0016362	2	0	0	0	0	0	0	0	2
OG0016363	1	1	0	0	0	0	0	0	2
OG0016364	2	0	0	0	0	0	0	0	2
OG0016365	2	0	0	0	0	0	0	0	2
OG0016366	2	0	0	0	0	0	0	0	2
OG0016367	2	0	0	0	0	0	0	0	2
OG0016368	2	0	0	0	0	0	0	0	2
OG0016369	2	0	0	0	0	0	0	0	2
OG0016370	2	0	0	0	0	0	0	0	2
OG0016371	2	0	0	0	0	0	0	0	2
OG0016372	2	0	0	0	0	0	0	0	2
OG0016373	2	0	0	0	0	0	0	0	2
OG0016374	1	1	0	0	0	0	0	0	2
OG0016375	1	1	0	0	0	0	0	0	2
OG0016376	1	1	0	0	0	0	0	0	2
OG0016377	2	0	0	0	0	0	0	0	2
OG0016378	1	1	0	0	0	0	0	0	2
OG0016379	2	0	0	0	0	0	0	0	2
OG0016380	2	0	0	0	0	0	0	0	2
OG0016381	2	0	0	0	0	0	0	0	2
OG0016382	2	0	0	0	0	0	0	0	2
OG0016383	2	0	0	0	0	0	0	0	2
OG0016384	2	0	0	0	0	0	0	0	2
OG0016385	2	0	0	0	0	0	0	0	2
OG0016386	2	0	0	0	0	0	0	0	2
OG0016387	2	0	0	0	0	0	0	0	2
OG0016388	2	0	0	0	0	0	0	0	2
OG0016389	2	0	0	0	0	0	0	0	2
OG0016390	2	0	0	0	0	0	0	0	2
OG0016391	2	0	0	0	0	0	0	0	2
OG0016392	2	0	0	0	0	0	0	0	2
OG0016393	2	0	0	0	0	0	0	0	2
OG0016394	2	0	0	0	0	0	0	0	2
OG0016395	2	0	0	0	0	0	0	0	2
OG0016396	2	0	0	0	0	0	0	0	2
OG0016397	2	0	0	0	0	0	0	0	2
OG0016398	2	0	0	0	0	0	0	0	2
OG0016399	2	0	0	0	0	0	0	0	2
OG0016400	1	0	1	0	0	0	0	0	2
OG0016401	2	0	0	0	0	0	0	0	2
OG0016402	2	0	0	0	0	0	0	0	2
OG0016403	2	0	0	0	0	0	0	0	2
OG0016404	2	0	0	0	0	0	0	0	2
OG0016405	2	0	0	0	0	0	0	0	2
OG0016406	2	0	0	0	0	0	0	0	2
OG0016407	2	0	0	0	0	0	0	0	2
OG0016408	2	0	0	0	0	0	0	0	2
OG0016409	2	0	0	0	0	0	0	0	2
OG0016410	2	0	0	0	0	0	0	0	2
OG0016411	2	0	0	0	0	0	0	0	2
OG0016412	2	0	0	0	0	0	0	0	2
OG0016413	2	0	0	0	0	0	0	0	2
OG0016414	2	0	0	0	0	0	0	0	2
OG0016415	2	0	0	0	0	0	0	0	2
OG0016416	2	0	0	0	0	0	0	0	2
OG0016417	2	0	0	0	0	0	0	0	2
OG0016418	2	0	0	0	0	0	0	0	2
OG0016419	2	0	0	0	0	0	0	0	2
OG0016420	2	0	0	0	0	0	0	0	2
OG0016421	2	0	0	0	0	0	0	0	2
OG0016422	2	0	0	0	0	0	0	0	2
OG0016423	2	0	0	0	0	0	0	0	2
OG0016424	2	0	0	0	0	0	0	0	2
OG0016425	2	0	0	0	0	0	0	0	2
OG0016426	2	0	0	0	0	0	0	0	2
OG0016427	2	0	0	0	0	0	0	0	2
OG0016428	1	1	0	0	0	0	0	0	2
OG0016429	2	0	0	0	0	0	0	0	2
OG0016430	2	0	0	0	0	0	0	0	2
OG0016431	2	0	0	0	0	0	0	0	2
OG0016432	2	0	0	0	0	0	0	0	2
OG0016433	2	0	0	0	0	0	0	0	2
OG0016434	2	0	0	0	0	0	0	0	2
OG0016435	2	0	0	0	0	0	0	0	2
OG0016436	2	0	0	0	0	0	0	0	2
OG0016437	2	0	0	0	0	0	0	0	2
OG0016438	2	0	0	0	0	0	0	0	2
OG0016439	2	0	0	0	0	0	0	0	2
OG0016440	2	0	0	0	0	0	0	0	2
OG0016441	2	0	0	0	0	0	0	0	2
OG0016442	2	0	0	0	0	0	0	0	2
OG0016443	2	0	0	0	0	0	0	0	2
OG0016444	2	0	0	0	0	0	0	0	2
OG0016445	2	0	0	0	0	0	0	0	2
OG0016446	1	1	0	0	0	0	0	0	2
OG0016447	2	0	0	0	0	0	0	0	2
OG0016448	2	0	0	0	0	0	0	0	2
OG0016449	2	0	0	0	0	0	0	0	2
OG0016450	1	1	0	0	0	0	0	0	2
OG0016451	2	0	0	0	0	0	0	0	2
OG0016452	2	0	0	0	0	0	0	0	2
OG0016453	2	0	0	0	0	0	0	0	2
OG0016454	2	0	0	0	0	0	0	0	2
OG0016455	2	0	0	0	0	0	0	0	2
OG0016456	1	1	0	0	0	0	0	0	2
OG0016457	2	0	0	0	0	0	0	0	2
OG0016458	2	0	0	0	0	0	0	0	2
OG0016459	2	0	0	0	0	0	0	0	2
OG0016460	2	0	0	0	0	0	0	0	2
OG0016461	2	0	0	0	0	0	0	0	2
OG0016462	2	0	0	0	0	0	0	0	2
OG0016463	2	0	0	0	0	0	0	0	2
OG0016464	2	0	0	0	0	0	0	0	2
OG0016465	2	0	0	0	0	0	0	0	2
OG0016466	2	0	0	0	0	0	0	0	2
OG0016467	2	0	0	0	0	0	0	0	2
OG0016468	2	0	0	0	0	0	0	0	2
OG0016469	1	0	0	0	0	1	0	0	2
OG0016470	2	0	0	0	0	0	0	0	2
OG0016471	2	0	0	0	0	0	0	0	2
OG0016472	2	0	0	0	0	0	0	0	2
OG0016473	2	0	0	0	0	0	0	0	2
OG0016474	1	1	0	0	0	0	0	0	2
OG0016475	2	0	0	0	0	0	0	0	2
OG0016476	2	0	0	0	0	0	0	0	2
OG0016477	2	0	0	0	0	0	0	0	2
OG0016478	2	0	0	0	0	0	0	0	2
OG0016479	2	0	0	0	0	0	0	0	2
OG0016480	2	0	0	0	0	0	0	0	2
OG0016481	2	0	0	0	0	0	0	0	2
OG0016482	2	0	0	0	0	0	0	0	2
OG0016483	2	0	0	0	0	0	0	0	2
OG0016484	2	0	0	0	0	0	0	0	2
OG0016485	2	0	0	0	0	0	0	0	2
OG0016486	2	0	0	0	0	0	0	0	2
OG0016487	2	0	0	0	0	0	0	0	2
OG0016488	2	0	0	0	0	0	0	0	2
OG0016489	2	0	0	0	0	0	0	0	2
OG0016490	2	0	0	0	0	0	0	0	2
OG0016491	2	0	0	0	0	0	0	0	2
OG0016492	2	0	0	0	0	0	0	0	2
OG0016493	2	0	0	0	0	0	0	0	2
OG0016494	2	0	0	0	0	0	0	0	2
OG0016495	2	0	0	0	0	0	0	0	2
OG0016496	2	0	0	0	0	0	0	0	2
OG0016497	2	0	0	0	0	0	0	0	2
OG0016498	2	0	0	0	0	0	0	0	2
OG0016499	2	0	0	0	0	0	0	0	2
OG0016500	2	0	0	0	0	0	0	0	2
OG0016501	2	0	0	0	0	0	0	0	2
OG0016502	2	0	0	0	0	0	0	0	2
OG0016503	2	0	0	0	0	0	0	0	2
OG0016504	2	0	0	0	0	0	0	0	2
OG0016505	2	0	0	0	0	0	0	0	2
OG0016506	2	0	0	0	0	0	0	0	2
OG0016507	2	0	0	0	0	0	0	0	2
OG0016508	2	0	0	0	0	0	0	0	2
OG0016509	2	0	0	0	0	0	0	0	2
OG0016510	2	0	0	0	0	0	0	0	2
OG0016511	2	0	0	0	0	0	0	0	2
OG0016512	2	0	0	0	0	0	0	0	2
OG0016513	2	0	0	0	0	0	0	0	2
OG0016514	2	0	0	0	0	0	0	0	2
OG0016515	2	0	0	0	0	0	0	0	2
OG0016516	2	0	0	0	0	0	0	0	2
OG0016517	2	0	0	0	0	0	0	0	2
OG0016518	2	0	0	0	0	0	0	0	2
OG0016519	2	0	0	0	0	0	0	0	2
OG0016520	2	0	0	0	0	0	0	0	2
OG0016521	2	0	0	0	0	0	0	0	2
OG0016522	2	0	0	0	0	0	0	0	2
OG0016523	2	0	0	0	0	0	0	0	2
OG0016524	2	0	0	0	0	0	0	0	2
OG0016525	1	1	0	0	0	0	0	0	2
OG0016526	2	0	0	0	0	0	0	0	2
OG0016527	2	0	0	0	0	0	0	0	2
OG0016528	2	0	0	0	0	0	0	0	2
OG0016529	2	0	0	0	0	0	0	0	2
OG0016530	2	0	0	0	0	0	0	0	2
OG0016531	2	0	0	0	0	0	0	0	2
OG0016532	2	0	0	0	0	0	0	0	2
OG0016533	1	1	0	0	0	0	0	0	2
OG0016534	2	0	0	0	0	0	0	0	2
OG0016535	2	0	0	0	0	0	0	0	2
OG0016536	2	0	0	0	0	0	0	0	2
OG0016537	2	0	0	0	0	0	0	0	2
OG0016538	2	0	0	0	0	0	0	0	2
OG0016539	2	0	0	0	0	0	0	0	2
OG0016540	2	0	0	0	0	0	0	0	2
OG0016541	2	0	0	0	0	0	0	0	2
OG0016542	2	0	0	0	0	0	0	0	2
OG0016543	2	0	0	0	0	0	0	0	2
OG0016544	2	0	0	0	0	0	0	0	2
OG0016545	2	0	0	0	0	0	0	0	2
OG0016546	2	0	0	0	0	0	0	0	2
OG0016547	2	0	0	0	0	0	0	0	2
OG0016548	2	0	0	0	0	0	0	0	2
OG0016549	2	0	0	0	0	0	0	0	2
OG0016550	2	0	0	0	0	0	0	0	2
OG0016551	2	0	0	0	0	0	0	0	2
OG0016552	2	0	0	0	0	0	0	0	2
OG0016553	2	0	0	0	0	0	0	0	2
OG0016554	1	1	0	0	0	0	0	0	2
OG0016555	2	0	0	0	0	0	0	0	2
OG0016556	1	0	0	0	0	0	1	0	2
OG0016557	2	0	0	0	0	0	0	0	2
OG0016558	2	0	0	0	0	0	0	0	2
OG0016559	2	0	0	0	0	0	0	0	2
OG0016560	2	0	0	0	0	0	0	0	2
OG0016561	2	0	0	0	0	0	0	0	2
OG0016562	2	0	0	0	0	0	0	0	2
OG0016563	2	0	0	0	0	0	0	0	2
OG0016564	2	0	0	0	0	0	0	0	2
OG0016565	2	0	0	0	0	0	0	0	2
OG0016566	2	0	0	0	0	0	0	0	2
OG0016567	2	0	0	0	0	0	0	0	2
OG0016568	2	0	0	0	0	0	0	0	2
OG0016569	2	0	0	0	0	0	0	0	2
OG0016570	2	0	0	0	0	0	0	0	2
OG0016571	2	0	0	0	0	0	0	0	2
OG0016572	2	0	0	0	0	0	0	0	2
OG0016573	2	0	0	0	0	0	0	0	2
OG0016574	2	0	0	0	0	0	0	0	2
OG0016575	2	0	0	0	0	0	0	0	2
OG0016576	2	0	0	0	0	0	0	0	2
OG0016577	2	0	0	0	0	0	0	0	2
OG0016578	1	1	0	0	0	0	0	0	2
OG0016579	2	0	0	0	0	0	0	0	2
OG0016580	2	0	0	0	0	0	0	0	2
OG0016581	2	0	0	0	0	0	0	0	2
OG0016582	1	1	0	0	0	0	0	0	2
OG0016583	2	0	0	0	0	0	0	0	2
OG0016584	1	1	0	0	0	0	0	0	2
OG0016585	2	0	0	0	0	0	0	0	2
OG0016586	1	0	0	0	1	0	0	0	2
OG0016587	2	0	0	0	0	0	0	0	2
OG0016588	2	0	0	0	0	0	0	0	2
OG0016589	2	0	0	0	0	0	0	0	2
OG0016590	2	0	0	0	0	0	0	0	2
OG0016591	2	0	0	0	0	0	0	0	2
OG0016592	2	0	0	0	0	0	0	0	2
OG0016593	2	0	0	0	0	0	0	0	2
OG0016594	2	0	0	0	0	0	0	0	2
OG0016595	1	0	0	0	0	1	0	0	2
OG0016596	2	0	0	0	0	0	0	0	2
OG0016597	2	0	0	0	0	0	0	0	2
OG0016598	2	0	0	0	0	0	0	0	2
OG0016599	2	0	0	0	0	0	0	0	2
OG0016600	2	0	0	0	0	0	0	0	2
OG0016601	2	0	0	0	0	0	0	0	2
OG0016602	2	0	0	0	0	0	0	0	2
OG0016603	2	0	0	0	0	0	0	0	2
OG0016604	2	0	0	0	0	0	0	0	2
OG0016605	2	0	0	0	0	0	0	0	2
OG0016606	2	0	0	0	0	0	0	0	2
OG0016607	2	0	0	0	0	0	0	0	2
OG0016608	2	0	0	0	0	0	0	0	2
OG0016609	2	0	0	0	0	0	0	0	2
OG0016610	2	0	0	0	0	0	0	0	2
OG0016611	2	0	0	0	0	0	0	0	2
OG0016612	1	1	0	0	0	0	0	0	2
OG0016613	2	0	0	0	0	0	0	0	2
OG0016614	2	0	0	0	0	0	0	0	2
OG0016615	2	0	0	0	0	0	0	0	2
OG0016616	1	1	0	0	0	0	0	0	2
OG0016617	2	0	0	0	0	0	0	0	2
OG0016618	2	0	0	0	0	0	0	0	2
OG0016619	2	0	0	0	0	0	0	0	2
OG0016620	2	0	0	0	0	0	0	0	2
OG0016621	2	0	0	0	0	0	0	0	2
OG0016622	2	0	0	0	0	0	0	0	2
OG0016623	2	0	0	0	0	0	0	0	2
OG0016624	2	0	0	0	0	0	0	0	2
OG0016625	2	0	0	0	0	0	0	0	2
OG0016626	1	1	0	0	0	0	0	0	2
OG0016627	2	0	0	0	0	0	0	0	2
OG0016628	2	0	0	0	0	0	0	0	2
OG0016629	2	0	0	0	0	0	0	0	2
OG0016630	2	0	0	0	0	0	0	0	2
OG0016631	1	1	0	0	0	0	0	0	2
OG0016632	2	0	0	0	0	0	0	0	2
OG0016633	2	0	0	0	0	0	0	0	2
OG0016634	2	0	0	0	0	0	0	0	2
OG0016635	2	0	0	0	0	0	0	0	2
OG0016636	2	0	0	0	0	0	0	0	2
OG0016637	1	1	0	0	0	0	0	0	2
OG0016638	2	0	0	0	0	0	0	0	2
OG0016639	2	0	0	0	0	0	0	0	2
OG0016640	2	0	0	0	0	0	0	0	2
OG0016641	2	0	0	0	0	0	0	0	2
OG0016642	2	0	0	0	0	0	0	0	2
OG0016643	2	0	0	0	0	0	0	0	2
OG0016644	2	0	0	0	0	0	0	0	2
OG0016645	2	0	0	0	0	0	0	0	2
OG0016646	2	0	0	0	0	0	0	0	2
OG0016647	2	0	0	0	0	0	0	0	2
OG0016648	2	0	0	0	0	0	0	0	2
OG0016649	1	1	0	0	0	0	0	0	2
OG0016650	2	0	0	0	0	0	0	0	2
OG0016651	2	0	0	0	0	0	0	0	2
OG0016652	2	0	0	0	0	0	0	0	2
OG0016653	2	0	0	0	0	0	0	0	2
OG0016654	2	0	0	0	0	0	0	0	2
OG0016655	2	0	0	0	0	0	0	0	2
OG0016656	2	0	0	0	0	0	0	0	2
OG0016657	2	0	0	0	0	0	0	0	2
OG0016658	2	0	0	0	0	0	0	0	2
OG0016659	2	0	0	0	0	0	0	0	2
OG0016660	2	0	0	0	0	0	0	0	2
OG0016661	2	0	0	0	0	0	0	0	2
OG0016662	2	0	0	0	0	0	0	0	2
OG0016663	2	0	0	0	0	0	0	0	2
OG0016664	2	0	0	0	0	0	0	0	2
OG0016665	2	0	0	0	0	0	0	0	2
OG0016666	2	0	0	0	0	0	0	0	2
OG0016667	2	0	0	0	0	0	0	0	2
OG0016668	2	0	0	0	0	0	0	0	2
OG0016669	1	1	0	0	0	0	0	0	2
OG0016670	2	0	0	0	0	0	0	0	2
OG0016671	2	0	0	0	0	0	0	0	2
OG0016672	2	0	0	0	0	0	0	0	2
OG0016673	1	1	0	0	0	0	0	0	2
OG0016674	2	0	0	0	0	0	0	0	2
OG0016675	2	0	0	0	0	0	0	0	2
OG0016676	2	0	0	0	0	0	0	0	2
OG0016677	2	0	0	0	0	0	0	0	2
OG0016678	2	0	0	0	0	0	0	0	2
OG0016679	2	0	0	0	0	0	0	0	2
OG0016680	2	0	0	0	0	0	0	0	2
OG0016681	2	0	0	0	0	0	0	0	2
OG0016682	2	0	0	0	0	0	0	0	2
OG0016683	2	0	0	0	0	0	0	0	2
OG0016684	2	0	0	0	0	0	0	0	2
OG0016685	2	0	0	0	0	0	0	0	2
OG0016686	2	0	0	0	0	0	0	0	2
OG0016687	2	0	0	0	0	0	0	0	2
OG0016688	2	0	0	0	0	0	0	0	2
OG0016689	2	0	0	0	0	0	0	0	2
OG0016690	2	0	0	0	0	0	0	0	2
OG0016691	2	0	0	0	0	0	0	0	2
OG0016692	2	0	0	0	0	0	0	0	2
OG0016693	2	0	0	0	0	0	0	0	2
OG0016694	2	0	0	0	0	0	0	0	2
OG0016695	2	0	0	0	0	0	0	0	2
OG0016696	2	0	0	0	0	0	0	0	2
OG0016697	2	0	0	0	0	0	0	0	2
OG0016698	1	0	0	0	0	0	1	0	2
OG0016699	2	0	0	0	0	0	0	0	2
OG0016700	2	0	0	0	0	0	0	0	2
OG0016701	2	0	0	0	0	0	0	0	2
OG0016702	2	0	0	0	0	0	0	0	2
OG0016703	2	0	0	0	0	0	0	0	2
OG0016704	2	0	0	0	0	0	0	0	2
OG0016705	2	0	0	0	0	0	0	0	2
OG0016706	2	0	0	0	0	0	0	0	2
OG0016707	2	0	0	0	0	0	0	0	2
OG0016708	2	0	0	0	0	0	0	0	2
OG0016709	2	0	0	0	0	0	0	0	2
OG0016710	2	0	0	0	0	0	0	0	2
OG0016711	2	0	0	0	0	0	0	0	2
OG0016712	2	0	0	0	0	0	0	0	2
OG0016713	2	0	0	0	0	0	0	0	2
OG0016714	2	0	0	0	0	0	0	0	2
OG0016715	2	0	0	0	0	0	0	0	2
OG0016716	2	0	0	0	0	0	0	0	2
OG0016717	2	0	0	0	0	0	0	0	2
OG0016718	2	0	0	0	0	0	0	0	2
OG0016719	2	0	0	0	0	0	0	0	2
OG0016720	2	0	0	0	0	0	0	0	2
OG0016721	2	0	0	0	0	0	0	0	2
OG0016722	2	0	0	0	0	0	0	0	2
OG0016723	2	0	0	0	0	0	0	0	2
OG0016724	2	0	0	0	0	0	0	0	2
OG0016725	2	0	0	0	0	0	0	0	2
OG0016726	2	0	0	0	0	0	0	0	2
OG0016727	2	0	0	0	0	0	0	0	2
OG0016728	2	0	0	0	0	0	0	0	2
OG0016729	2	0	0	0	0	0	0	0	2
OG0016730	2	0	0	0	0	0	0	0	2
OG0016731	2	0	0	0	0	0	0	0	2
OG0016732	2	0	0	0	0	0	0	0	2
OG0016733	2	0	0	0	0	0	0	0	2
OG0016734	2	0	0	0	0	0	0	0	2
OG0016735	2	0	0	0	0	0	0	0	2
OG0016736	2	0	0	0	0	0	0	0	2
OG0016737	2	0	0	0	0	0	0	0	2
OG0016738	2	0	0	0	0	0	0	0	2
OG0016739	2	0	0	0	0	0	0	0	2
OG0016740	2	0	0	0	0	0	0	0	2
OG0016741	2	0	0	0	0	0	0	0	2
OG0016742	2	0	0	0	0	0	0	0	2
OG0016743	2	0	0	0	0	0	0	0	2
OG0016744	2	0	0	0	0	0	0	0	2
OG0016745	2	0	0	0	0	0	0	0	2
OG0016746	2	0	0	0	0	0	0	0	2
OG0016747	2	0	0	0	0	0	0	0	2
OG0016748	2	0	0	0	0	0	0	0	2
OG0016749	2	0	0	0	0	0	0	0	2
OG0016750	2	0	0	0	0	0	0	0	2
OG0016751	2	0	0	0	0	0	0	0	2
OG0016752	2	0	0	0	0	0	0	0	2
OG0016753	1	1	0	0	0	0	0	0	2
OG0016754	2	0	0	0	0	0	0	0	2
OG0016755	2	0	0	0	0	0	0	0	2
OG0016756	2	0	0	0	0	0	0	0	2
OG0016757	2	0	0	0	0	0	0	0	2
OG0016758	2	0	0	0	0	0	0	0	2
OG0016759	2	0	0	0	0	0	0	0	2
OG0016760	2	0	0	0	0	0	0	0	2
OG0016761	2	0	0	0	0	0	0	0	2
OG0016762	2	0	0	0	0	0	0	0	2
OG0016763	2	0	0	0	0	0	0	0	2
OG0016764	2	0	0	0	0	0	0	0	2
OG0016765	2	0	0	0	0	0	0	0	2
OG0016766	2	0	0	0	0	0	0	0	2
OG0016767	2	0	0	0	0	0	0	0	2
OG0016768	2	0	0	0	0	0	0	0	2
OG0016769	2	0	0	0	0	0	0	0	2
OG0016770	2	0	0	0	0	0	0	0	2
OG0016771	2	0	0	0	0	0	0	0	2
OG0016772	2	0	0	0	0	0	0	0	2
OG0016773	2	0	0	0	0	0	0	0	2
OG0016774	2	0	0	0	0	0	0	0	2
OG0016775	2	0	0	0	0	0	0	0	2
OG0016776	2	0	0	0	0	0	0	0	2
OG0016777	2	0	0	0	0	0	0	0	2
OG0016778	2	0	0	0	0	0	0	0	2
OG0016779	1	1	0	0	0	0	0	0	2
OG0016780	2	0	0	0	0	0	0	0	2
OG0016781	2	0	0	0	0	0	0	0	2
OG0016782	1	0	0	0	0	1	0	0	2
OG0016783	2	0	0	0	0	0	0	0	2
OG0016784	2	0	0	0	0	0	0	0	2
OG0016785	2	0	0	0	0	0	0	0	2
OG0016786	2	0	0	0	0	0	0	0	2
OG0016787	2	0	0	0	0	0	0	0	2
OG0016788	2	0	0	0	0	0	0	0	2
OG0016789	2	0	0	0	0	0	0	0	2
OG0016790	2	0	0	0	0	0	0	0	2
OG0016791	2	0	0	0	0	0	0	0	2
OG0016792	1	1	0	0	0	0	0	0	2
OG0016793	2	0	0	0	0	0	0	0	2
OG0016794	2	0	0	0	0	0	0	0	2
OG0016795	2	0	0	0	0	0	0	0	2
OG0016796	2	0	0	0	0	0	0	0	2
OG0016797	2	0	0	0	0	0	0	0	2
OG0016798	2	0	0	0	0	0	0	0	2
OG0016799	2	0	0	0	0	0	0	0	2
OG0016800	2	0	0	0	0	0	0	0	2
OG0016801	2	0	0	0	0	0	0	0	2
OG0016802	2	0	0	0	0	0	0	0	2
OG0016803	2	0	0	0	0	0	0	0	2
OG0016804	2	0	0	0	0	0	0	0	2
OG0016805	2	0	0	0	0	0	0	0	2
OG0016806	2	0	0	0	0	0	0	0	2
OG0016807	2	0	0	0	0	0	0	0	2
OG0016808	2	0	0	0	0	0	0	0	2
OG0016809	2	0	0	0	0	0	0	0	2
OG0016810	2	0	0	0	0	0	0	0	2
OG0016811	2	0	0	0	0	0	0	0	2
OG0016812	2	0	0	0	0	0	0	0	2
OG0016813	2	0	0	0	0	0	0	0	2
OG0016814	2	0	0	0	0	0	0	0	2
OG0016815	2	0	0	0	0	0	0	0	2
OG0016816	2	0	0	0	0	0	0	0	2
OG0016817	2	0	0	0	0	0	0	0	2
OG0016818	2	0	0	0	0	0	0	0	2
OG0016819	2	0	0	0	0	0	0	0	2
OG0016820	2	0	0	0	0	0	0	0	2
OG0016821	2	0	0	0	0	0	0	0	2
OG0016822	2	0	0	0	0	0	0	0	2
OG0016823	2	0	0	0	0	0	0	0	2
OG0016824	2	0	0	0	0	0	0	0	2
OG0016825	2	0	0	0	0	0	0	0	2
OG0016826	1	1	0	0	0	0	0	0	2
OG0016827	1	1	0	0	0	0	0	0	2
OG0016828	2	0	0	0	0	0	0	0	2
OG0016829	2	0	0	0	0	0	0	0	2
OG0016830	2	0	0	0	0	0	0	0	2
OG0016831	2	0	0	0	0	0	0	0	2
OG0016832	2	0	0	0	0	0	0	0	2
OG0016833	2	0	0	0	0	0	0	0	2
OG0016834	2	0	0	0	0	0	0	0	2
OG0016835	2	0	0	0	0	0	0	0	2
OG0016836	2	0	0	0	0	0	0	0	2
OG0016837	1	1	0	0	0	0	0	0	2
OG0016838	2	0	0	0	0	0	0	0	2
OG0016839	2	0	0	0	0	0	0	0	2
OG0016840	2	0	0	0	0	0	0	0	2
OG0016841	2	0	0	0	0	0	0	0	2
OG0016842	2	0	0	0	0	0	0	0	2
OG0016843	2	0	0	0	0	0	0	0	2
OG0016844	2	0	0	0	0	0	0	0	2
OG0016845	2	0	0	0	0	0	0	0	2
OG0016846	2	0	0	0	0	0	0	0	2
OG0016847	2	0	0	0	0	0	0	0	2
OG0016848	2	0	0	0	0	0	0	0	2
OG0016849	2	0	0	0	0	0	0	0	2
OG0016850	2	0	0	0	0	0	0	0	2
OG0016851	2	0	0	0	0	0	0	0	2
OG0016852	2	0	0	0	0	0	0	0	2
OG0016853	2	0	0	0	0	0	0	0	2
OG0016854	2	0	0	0	0	0	0	0	2
OG0016855	2	0	0	0	0	0	0	0	2
OG0016856	2	0	0	0	0	0	0	0	2
OG0016857	2	0	0	0	0	0	0	0	2
OG0016858	2	0	0	0	0	0	0	0	2
OG0016859	2	0	0	0	0	0	0	0	2
OG0016860	2	0	0	0	0	0	0	0	2
OG0016861	2	0	0	0	0	0	0	0	2
OG0016862	2	0	0	0	0	0	0	0	2
OG0016863	1	1	0	0	0	0	0	0	2
OG0016864	2	0	0	0	0	0	0	0	2
OG0016865	1	1	0	0	0	0	0	0	2
OG0016866	1	1	0	0	0	0	0	0	2
OG0016867	1	1	0	0	0	0	0	0	2
OG0016868	2	0	0	0	0	0	0	0	2
OG0016869	2	0	0	0	0	0	0	0	2
OG0016870	2	0	0	0	0	0	0	0	2
OG0016871	2	0	0	0	0	0	0	0	2
OG0016872	2	0	0	0	0	0	0	0	2
OG0016873	2	0	0	0	0	0	0	0	2
OG0016874	2	0	0	0	0	0	0	0	2
OG0016875	2	0	0	0	0	0	0	0	2
OG0016876	2	0	0	0	0	0	0	0	2
OG0016877	2	0	0	0	0	0	0	0	2
OG0016878	2	0	0	0	0	0	0	0	2
OG0016879	2	0	0	0	0	0	0	0	2
OG0016880	2	0	0	0	0	0	0	0	2
OG0016881	2	0	0	0	0	0	0	0	2
OG0016882	2	0	0	0	0	0	0	0	2
OG0016883	2	0	0	0	0	0	0	0	2
OG0016884	2	0	0	0	0	0	0	0	2
OG0016885	1	1	0	0	0	0	0	0	2
OG0016886	2	0	0	0	0	0	0	0	2
OG0016887	2	0	0	0	0	0	0	0	2
OG0016888	2	0	0	0	0	0	0	0	2
OG0016889	2	0	0	0	0	0	0	0	2
OG0016890	2	0	0	0	0	0	0	0	2
OG0016891	2	0	0	0	0	0	0	0	2
OG0016892	2	0	0	0	0	0	0	0	2
OG0016893	2	0	0	0	0	0	0	0	2
OG0016894	2	0	0	0	0	0	0	0	2
OG0016895	1	1	0	0	0	0	0	0	2
OG0016896	2	0	0	0	0	0	0	0	2
OG0016897	2	0	0	0	0	0	0	0	2
OG0016898	2	0	0	0	0	0	0	0	2
OG0016899	1	0	0	0	0	0	0	1	2
OG0016900	2	0	0	0	0	0	0	0	2
OG0016901	2	0	0	0	0	0	0	0	2
OG0016902	2	0	0	0	0	0	0	0	2
OG0016903	2	0	0	0	0	0	0	0	2
OG0016904	2	0	0	0	0	0	0	0	2
OG0016905	2	0	0	0	0	0	0	0	2
OG0016906	2	0	0	0	0	0	0	0	2
OG0016907	2	0	0	0	0	0	0	0	2
OG0016908	2	0	0	0	0	0	0	0	2
OG0016909	2	0	0	0	0	0	0	0	2
OG0016910	1	0	0	1	0	0	0	0	2
OG0016911	2	0	0	0	0	0	0	0	2
OG0016912	1	1	0	0	0	0	0	0	2
OG0016913	2	0	0	0	0	0	0	0	2
OG0016914	2	0	0	0	0	0	0	0	2
OG0016915	2	0	0	0	0	0	0	0	2
OG0016916	2	0	0	0	0	0	0	0	2
OG0016917	2	0	0	0	0	0	0	0	2
OG0016918	2	0	0	0	0	0	0	0	2
OG0016919	2	0	0	0	0	0	0	0	2
OG0016920	2	0	0	0	0	0	0	0	2
OG0016921	2	0	0	0	0	0	0	0	2
OG0016922	2	0	0	0	0	0	0	0	2
OG0016923	2	0	0	0	0	0	0	0	2
OG0016924	2	0	0	0	0	0	0	0	2
OG0016925	2	0	0	0	0	0	0	0	2
OG0016926	2	0	0	0	0	0	0	0	2
OG0016927	1	1	0	0	0	0	0	0	2
OG0016928	2	0	0	0	0	0	0	0	2
OG0016929	2	0	0	0	0	0	0	0	2
OG0016930	2	0	0	0	0	0	0	0	2
OG0016931	2	0	0	0	0	0	0	0	2
OG0016932	2	0	0	0	0	0	0	0	2
OG0016933	2	0	0	0	0	0	0	0	2
OG0016934	2	0	0	0	0	0	0	0	2
OG0016935	2	0	0	0	0	0	0	0	2
OG0016936	2	0	0	0	0	0	0	0	2
OG0016937	2	0	0	0	0	0	0	0	2
OG0016938	2	0	0	0	0	0	0	0	2
OG0016939	2	0	0	0	0	0	0	0	2
OG0016940	1	1	0	0	0	0	0	0	2
OG0016941	2	0	0	0	0	0	0	0	2
OG0016942	2	0	0	0	0	0	0	0	2
OG0016943	2	0	0	0	0	0	0	0	2
OG0016944	2	0	0	0	0	0	0	0	2
OG0016945	2	0	0	0	0	0	0	0	2
OG0016946	2	0	0	0	0	0	0	0	2
OG0016947	1	0	0	0	0	0	0	1	2
OG0016948	2	0	0	0	0	0	0	0	2
OG0016949	2	0	0	0	0	0	0	0	2
OG0016950	2	0	0	0	0	0	0	0	2
OG0016951	2	0	0	0	0	0	0	0	2
OG0016952	2	0	0	0	0	0	0	0	2
OG0016953	2	0	0	0	0	0	0	0	2
OG0016954	2	0	0	0	0	0	0	0	2
OG0016955	1	0	0	0	0	1	0	0	2
OG0016956	2	0	0	0	0	0	0	0	2
OG0016957	2	0	0	0	0	0	0	0	2
OG0016958	1	0	0	0	0	1	0	0	2
OG0016959	2	0	0	0	0	0	0	0	2
OG0016960	1	1	0	0	0	0	0	0	2
OG0016961	1	1	0	0	0	0	0	0	2
OG0016962	2	0	0	0	0	0	0	0	2
OG0016963	2	0	0	0	0	0	0	0	2
OG0016964	2	0	0	0	0	0	0	0	2
OG0016965	2	0	0	0	0	0	0	0	2
OG0016966	2	0	0	0	0	0	0	0	2
OG0016967	2	0	0	0	0	0	0	0	2
OG0016968	2	0	0	0	0	0	0	0	2
OG0016969	2	0	0	0	0	0	0	0	2
OG0016970	2	0	0	0	0	0	0	0	2
OG0016971	2	0	0	0	0	0	0	0	2
OG0016972	2	0	0	0	0	0	0	0	2
OG0016973	2	0	0	0	0	0	0	0	2
OG0016974	2	0	0	0	0	0	0	0	2
OG0016975	2	0	0	0	0	0	0	0	2
OG0016976	1	1	0	0	0	0	0	0	2
OG0016977	2	0	0	0	0	0	0	0	2
OG0016978	2	0	0	0	0	0	0	0	2
OG0016979	2	0	0	0	0	0	0	0	2
OG0016980	2	0	0	0	0	0	0	0	2
OG0016981	2	0	0	0	0	0	0	0	2
OG0016982	2	0	0	0	0	0	0	0	2
OG0016983	1	1	0	0	0	0	0	0	2
OG0016984	1	1	0	0	0	0	0	0	2
OG0016985	1	1	0	0	0	0	0	0	2
OG0016986	2	0	0	0	0	0	0	0	2
OG0016987	2	0	0	0	0	0	0	0	2
OG0016988	2	0	0	0	0	0	0	0	2
OG0016989	2	0	0	0	0	0	0	0	2
OG0016990	2	0	0	0	0	0	0	0	2
OG0016991	2	0	0	0	0	0	0	0	2
OG0016992	2	0	0	0	0	0	0	0	2
OG0016993	2	0	0	0	0	0	0	0	2
OG0016994	2	0	0	0	0	0	0	0	2
OG0016995	2	0	0	0	0	0	0	0	2
OG0016996	2	0	0	0	0	0	0	0	2
OG0016997	2	0	0	0	0	0	0	0	2
OG0016998	2	0	0	0	0	0	0	0	2
OG0016999	2	0	0	0	0	0	0	0	2
OG0017000	2	0	0	0	0	0	0	0	2
OG0017001	2	0	0	0	0	0	0	0	2
OG0017002	2	0	0	0	0	0	0	0	2
OG0017003	2	0	0	0	0	0	0	0	2
OG0017004	2	0	0	0	0	0	0	0	2
OG0017005	2	0	0	0	0	0	0	0	2
OG0017006	2	0	0	0	0	0	0	0	2
OG0017007	2	0	0	0	0	0	0	0	2
OG0017008	2	0	0	0	0	0	0	0	2
OG0017009	2	0	0	0	0	0	0	0	2
OG0017010	2	0	0	0	0	0	0	0	2
OG0017011	2	0	0	0	0	0	0	0	2
OG0017012	2	0	0	0	0	0	0	0	2
OG0017013	2	0	0	0	0	0	0	0	2
OG0017014	2	0	0	0	0	0	0	0	2
OG0017015	2	0	0	0	0	0	0	0	2
OG0017016	2	0	0	0	0	0	0	0	2
OG0017017	2	0	0	0	0	0	0	0	2
OG0017018	1	1	0	0	0	0	0	0	2
OG0017019	2	0	0	0	0	0	0	0	2
OG0017020	2	0	0	0	0	0	0	0	2
OG0017021	2	0	0	0	0	0	0	0	2
OG0017022	2	0	0	0	0	0	0	0	2
OG0017023	2	0	0	0	0	0	0	0	2
OG0017024	2	0	0	0	0	0	0	0	2
OG0017025	2	0	0	0	0	0	0	0	2
OG0017026	2	0	0	0	0	0	0	0	2
OG0017027	2	0	0	0	0	0	0	0	2
OG0017028	2	0	0	0	0	0	0	0	2
OG0017029	2	0	0	0	0	0	0	0	2
OG0017030	2	0	0	0	0	0	0	0	2
OG0017031	2	0	0	0	0	0	0	0	2
OG0017032	2	0	0	0	0	0	0	0	2
OG0017033	2	0	0	0	0	0	0	0	2
OG0017034	2	0	0	0	0	0	0	0	2
OG0017035	2	0	0	0	0	0	0	0	2
OG0017036	2	0	0	0	0	0	0	0	2
OG0017037	2	0	0	0	0	0	0	0	2
OG0017038	2	0	0	0	0	0	0	0	2
OG0017039	2	0	0	0	0	0	0	0	2
OG0017040	2	0	0	0	0	0	0	0	2
OG0017041	2	0	0	0	0	0	0	0	2
OG0017042	2	0	0	0	0	0	0	0	2
OG0017043	1	1	0	0	0	0	0	0	2
OG0017044	1	1	0	0	0	0	0	0	2
OG0017045	2	0	0	0	0	0	0	0	2
OG0017046	2	0	0	0	0	0	0	0	2
OG0017047	2	0	0	0	0	0	0	0	2
OG0017048	2	0	0	0	0	0	0	0	2
OG0017049	2	0	0	0	0	0	0	0	2
OG0017050	2	0	0	0	0	0	0	0	2
OG0017051	2	0	0	0	0	0	0	0	2
OG0017052	2	0	0	0	0	0	0	0	2
OG0017053	2	0	0	0	0	0	0	0	2
OG0017054	2	0	0	0	0	0	0	0	2
OG0017055	2	0	0	0	0	0	0	0	2
OG0017056	2	0	0	0	0	0	0	0	2
OG0017057	2	0	0	0	0	0	0	0	2
OG0017058	2	0	0	0	0	0	0	0	2
OG0017059	2	0	0	0	0	0	0	0	2
OG0017060	2	0	0	0	0	0	0	0	2
OG0017061	2	0	0	0	0	0	0	0	2
OG0017062	2	0	0	0	0	0	0	0	2
OG0017063	2	0	0	0	0	0	0	0	2
OG0017064	2	0	0	0	0	0	0	0	2
OG0017065	2	0	0	0	0	0	0	0	2
OG0017066	2	0	0	0	0	0	0	0	2
OG0017067	2	0	0	0	0	0	0	0	2
OG0017068	2	0	0	0	0	0	0	0	2
OG0017069	2	0	0	0	0	0	0	0	2
OG0017070	2	0	0	0	0	0	0	0	2
OG0017071	2	0	0	0	0	0	0	0	2
OG0017072	2	0	0	0	0	0	0	0	2
OG0017073	2	0	0	0	0	0	0	0	2
OG0017074	2	0	0	0	0	0	0	0	2
OG0017075	2	0	0	0	0	0	0	0	2
OG0017076	2	0	0	0	0	0	0	0	2
OG0017077	2	0	0	0	0	0	0	0	2
OG0017078	1	1	0	0	0	0	0	0	2
OG0017079	2	0	0	0	0	0	0	0	2
OG0017080	2	0	0	0	0	0	0	0	2
OG0017081	2	0	0	0	0	0	0	0	2
OG0017082	2	0	0	0	0	0	0	0	2
OG0017083	2	0	0	0	0	0	0	0	2
OG0017084	2	0	0	0	0	0	0	0	2
OG0017085	2	0	0	0	0	0	0	0	2
OG0017086	2	0	0	0	0	0	0	0	2
OG0017087	2	0	0	0	0	0	0	0	2
OG0017088	2	0	0	0	0	0	0	0	2
OG0017089	2	0	0	0	0	0	0	0	2
OG0017090	2	0	0	0	0	0	0	0	2
OG0017091	2	0	0	0	0	0	0	0	2
OG0017092	1	1	0	0	0	0	0	0	2
OG0017093	2	0	0	0	0	0	0	0	2
OG0017094	1	0	0	0	0	0	0	1	2
OG0017095	2	0	0	0	0	0	0	0	2
OG0017096	2	0	0	0	0	0	0	0	2
OG0017097	2	0	0	0	0	0	0	0	2
OG0017098	2	0	0	0	0	0	0	0	2
OG0017099	2	0	0	0	0	0	0	0	2
OG0017100	2	0	0	0	0	0	0	0	2
OG0017101	2	0	0	0	0	0	0	0	2
OG0017102	2	0	0	0	0	0	0	0	2
OG0017103	2	0	0	0	0	0	0	0	2
OG0017104	2	0	0	0	0	0	0	0	2
OG0017105	2	0	0	0	0	0	0	0	2
OG0017106	2	0	0	0	0	0	0	0	2
OG0017107	2	0	0	0	0	0	0	0	2
OG0017108	2	0	0	0	0	0	0	0	2
OG0017109	2	0	0	0	0	0	0	0	2
OG0017110	2	0	0	0	0	0	0	0	2
OG0017111	2	0	0	0	0	0	0	0	2
OG0017112	2	0	0	0	0	0	0	0	2
OG0017113	2	0	0	0	0	0	0	0	2
OG0017114	2	0	0	0	0	0	0	0	2
OG0017115	2	0	0	0	0	0	0	0	2
OG0017116	2	0	0	0	0	0	0	0	2
OG0017117	2	0	0	0	0	0	0	0	2
OG0017118	2	0	0	0	0	0	0	0	2
OG0017119	2	0	0	0	0	0	0	0	2
OG0017120	2	0	0	0	0	0	0	0	2
OG0017121	2	0	0	0	0	0	0	0	2
OG0017122	2	0	0	0	0	0	0	0	2
OG0017123	2	0	0	0	0	0	0	0	2
OG0017124	2	0	0	0	0	0	0	0	2
OG0017125	2	0	0	0	0	0	0	0	2
OG0017126	2	0	0	0	0	0	0	0	2
OG0017127	2	0	0	0	0	0	0	0	2
OG0017128	2	0	0	0	0	0	0	0	2
OG0017129	2	0	0	0	0	0	0	0	2
OG0017130	2	0	0	0	0	0	0	0	2
OG0017131	2	0	0	0	0	0	0	0	2
OG0017132	2	0	0	0	0	0	0	0	2
OG0017133	1	1	0	0	0	0	0	0	2
OG0017134	2	0	0	0	0	0	0	0	2
OG0017135	2	0	0	0	0	0	0	0	2
OG0017136	2	0	0	0	0	0	0	0	2
OG0017137	2	0	0	0	0	0	0	0	2
OG0017138	2	0	0	0	0	0	0	0	2
OG0017139	2	0	0	0	0	0	0	0	2
OG0017140	2	0	0	0	0	0	0	0	2
OG0017141	2	0	0	0	0	0	0	0	2
OG0017142	2	0	0	0	0	0	0	0	2
OG0017143	2	0	0	0	0	0	0	0	2
OG0017144	1	1	0	0	0	0	0	0	2
OG0017145	2	0	0	0	0	0	0	0	2
OG0017146	1	1	0	0	0	0	0	0	2
OG0017147	2	0	0	0	0	0	0	0	2
OG0017148	2	0	0	0	0	0	0	0	2
OG0017149	2	0	0	0	0	0	0	0	2
OG0017150	2	0	0	0	0	0	0	0	2
OG0017151	1	1	0	0	0	0	0	0	2
OG0017152	2	0	0	0	0	0	0	0	2
OG0017153	2	0	0	0	0	0	0	0	2
OG0017154	2	0	0	0	0	0	0	0	2
OG0017155	2	0	0	0	0	0	0	0	2
OG0017156	2	0	0	0	0	0	0	0	2
OG0017157	2	0	0	0	0	0	0	0	2
OG0017158	2	0	0	0	0	0	0	0	2
OG0017159	2	0	0	0	0	0	0	0	2
OG0017160	2	0	0	0	0	0	0	0	2
OG0017161	2	0	0	0	0	0	0	0	2
OG0017162	2	0	0	0	0	0	0	0	2
OG0017163	2	0	0	0	0	0	0	0	2
OG0017164	2	0	0	0	0	0	0	0	2
OG0017165	2	0	0	0	0	0	0	0	2
OG0017166	2	0	0	0	0	0	0	0	2
OG0017167	2	0	0	0	0	0	0	0	2
OG0017168	2	0	0	0	0	0	0	0	2
OG0017169	2	0	0	0	0	0	0	0	2
OG0017170	2	0	0	0	0	0	0	0	2
OG0017171	2	0	0	0	0	0	0	0	2
OG0017172	2	0	0	0	0	0	0	0	2
OG0017173	2	0	0	0	0	0	0	0	2
OG0017174	2	0	0	0	0	0	0	0	2
OG0017175	2	0	0	0	0	0	0	0	2
OG0017176	2	0	0	0	0	0	0	0	2
OG0017177	2	0	0	0	0	0	0	0	2
OG0017178	2	0	0	0	0	0	0	0	2
OG0017179	2	0	0	0	0	0	0	0	2
OG0017180	2	0	0	0	0	0	0	0	2
OG0017181	2	0	0	0	0	0	0	0	2
OG0017182	1	1	0	0	0	0	0	0	2
OG0017183	2	0	0	0	0	0	0	0	2
OG0017184	2	0	0	0	0	0	0	0	2
OG0017185	2	0	0	0	0	0	0	0	2
OG0017186	2	0	0	0	0	0	0	0	2
OG0017187	2	0	0	0	0	0	0	0	2
OG0017188	1	1	0	0	0	0	0	0	2
OG0017189	2	0	0	0	0	0	0	0	2
OG0017190	2	0	0	0	0	0	0	0	2
OG0017191	2	0	0	0	0	0	0	0	2
OG0017192	2	0	0	0	0	0	0	0	2
OG0017193	2	0	0	0	0	0	0	0	2
OG0017194	2	0	0	0	0	0	0	0	2
OG0017195	2	0	0	0	0	0	0	0	2
OG0017196	2	0	0	0	0	0	0	0	2
OG0017197	2	0	0	0	0	0	0	0	2
OG0017198	2	0	0	0	0	0	0	0	2
OG0017199	2	0	0	0	0	0	0	0	2
OG0017200	2	0	0	0	0	0	0	0	2
OG0017201	2	0	0	0	0	0	0	0	2
OG0017202	2	0	0	0	0	0	0	0	2
OG0017203	2	0	0	0	0	0	0	0	2
OG0017204	2	0	0	0	0	0	0	0	2
OG0017205	2	0	0	0	0	0	0	0	2
OG0017206	2	0	0	0	0	0	0	0	2
OG0017207	2	0	0	0	0	0	0	0	2
OG0017208	2	0	0	0	0	0	0	0	2
OG0017209	2	0	0	0	0	0	0	0	2
OG0017210	2	0	0	0	0	0	0	0	2
OG0017211	1	1	0	0	0	0	0	0	2
OG0017212	2	0	0	0	0	0	0	0	2
OG0017213	2	0	0	0	0	0	0	0	2
OG0017214	2	0	0	0	0	0	0	0	2
OG0017215	2	0	0	0	0	0	0	0	2
OG0017216	2	0	0	0	0	0	0	0	2
OG0017217	2	0	0	0	0	0	0	0	2
OG0017218	2	0	0	0	0	0	0	0	2
OG0017219	2	0	0	0	0	0	0	0	2
OG0017220	2	0	0	0	0	0	0	0	2
OG0017221	1	1	0	0	0	0	0	0	2
OG0017222	2	0	0	0	0	0	0	0	2
OG0017223	2	0	0	0	0	0	0	0	2
OG0017224	2	0	0	0	0	0	0	0	2
OG0017225	2	0	0	0	0	0	0	0	2
OG0017226	2	0	0	0	0	0	0	0	2
OG0017227	2	0	0	0	0	0	0	0	2
OG0017228	2	0	0	0	0	0	0	0	2
OG0017229	2	0	0	0	0	0	0	0	2
OG0017230	2	0	0	0	0	0	0	0	2
OG0017231	2	0	0	0	0	0	0	0	2
OG0017232	2	0	0	0	0	0	0	0	2
OG0017233	2	0	0	0	0	0	0	0	2
OG0017234	2	0	0	0	0	0	0	0	2
OG0017235	2	0	0	0	0	0	0	0	2
OG0017236	2	0	0	0	0	0	0	0	2
OG0017237	2	0	0	0	0	0	0	0	2
OG0017238	2	0	0	0	0	0	0	0	2
OG0017239	2	0	0	0	0	0	0	0	2
OG0017240	2	0	0	0	0	0	0	0	2
OG0017241	2	0	0	0	0	0	0	0	2
OG0017242	2	0	0	0	0	0	0	0	2
OG0017243	2	0	0	0	0	0	0	0	2
OG0017244	1	1	0	0	0	0	0	0	2
OG0017245	2	0	0	0	0	0	0	0	2
OG0017246	2	0	0	0	0	0	0	0	2
OG0017247	2	0	0	0	0	0	0	0	2
OG0017248	2	0	0	0	0	0	0	0	2
OG0017249	2	0	0	0	0	0	0	0	2
OG0017250	1	1	0	0	0	0	0	0	2
OG0017251	2	0	0	0	0	0	0	0	2
OG0017252	2	0	0	0	0	0	0	0	2
OG0017253	2	0	0	0	0	0	0	0	2
OG0017254	2	0	0	0	0	0	0	0	2
OG0017255	2	0	0	0	0	0	0	0	2
OG0017256	2	0	0	0	0	0	0	0	2
OG0017257	2	0	0	0	0	0	0	0	2
OG0017258	2	0	0	0	0	0	0	0	2
OG0017259	2	0	0	0	0	0	0	0	2
OG0017260	2	0	0	0	0	0	0	0	2
OG0017261	2	0	0	0	0	0	0	0	2
OG0017262	2	0	0	0	0	0	0	0	2
OG0017263	2	0	0	0	0	0	0	0	2
OG0017264	2	0	0	0	0	0	0	0	2
OG0017265	2	0	0	0	0	0	0	0	2
OG0017266	2	0	0	0	0	0	0	0	2
OG0017267	2	0	0	0	0	0	0	0	2
OG0017268	1	1	0	0	0	0	0	0	2
OG0017269	1	0	0	0	1	0	0	0	2
OG0017270	1	1	0	0	0	0	0	0	2
OG0017271	2	0	0	0	0	0	0	0	2
OG0017272	2	0	0	0	0	0	0	0	2
OG0017273	2	0	0	0	0	0	0	0	2
OG0017274	2	0	0	0	0	0	0	0	2
OG0017275	2	0	0	0	0	0	0	0	2
OG0017276	2	0	0	0	0	0	0	0	2
OG0017277	2	0	0	0	0	0	0	0	2
OG0017278	2	0	0	0	0	0	0	0	2
OG0017279	2	0	0	0	0	0	0	0	2
OG0017280	2	0	0	0	0	0	0	0	2
OG0017281	2	0	0	0	0	0	0	0	2
OG0017282	2	0	0	0	0	0	0	0	2
OG0017283	2	0	0	0	0	0	0	0	2
OG0017284	2	0	0	0	0	0	0	0	2
OG0017285	2	0	0	0	0	0	0	0	2
OG0017286	2	0	0	0	0	0	0	0	2
OG0017287	2	0	0	0	0	0	0	0	2
OG0017288	2	0	0	0	0	0	0	0	2
OG0017289	2	0	0	0	0	0	0	0	2
OG0017290	2	0	0	0	0	0	0	0	2
OG0017291	2	0	0	0	0	0	0	0	2
OG0017292	2	0	0	0	0	0	0	0	2
OG0017293	2	0	0	0	0	0	0	0	2
OG0017294	1	1	0	0	0	0	0	0	2
OG0017295	2	0	0	0	0	0	0	0	2
OG0017296	2	0	0	0	0	0	0	0	2
OG0017297	2	0	0	0	0	0	0	0	2
OG0017298	2	0	0	0	0	0	0	0	2
OG0017299	2	0	0	0	0	0	0	0	2
OG0017300	1	1	0	0	0	0	0	0	2
OG0017301	2	0	0	0	0	0	0	0	2
OG0017302	2	0	0	0	0	0	0	0	2
OG0017303	2	0	0	0	0	0	0	0	2
OG0017304	2	0	0	0	0	0	0	0	2
OG0017305	2	0	0	0	0	0	0	0	2
OG0017306	2	0	0	0	0	0	0	0	2
OG0017307	2	0	0	0	0	0	0	0	2
OG0017308	2	0	0	0	0	0	0	0	2
OG0017309	2	0	0	0	0	0	0	0	2
OG0017310	2	0	0	0	0	0	0	0	2
OG0017311	2	0	0	0	0	0	0	0	2
OG0017312	2	0	0	0	0	0	0	0	2
OG0017313	1	1	0	0	0	0	0	0	2
OG0017314	1	0	0	1	0	0	0	0	2
OG0017315	1	1	0	0	0	0	0	0	2
OG0017316	2	0	0	0	0	0	0	0	2
OG0017317	2	0	0	0	0	0	0	0	2
OG0017318	2	0	0	0	0	0	0	0	2
OG0017319	2	0	0	0	0	0	0	0	2
OG0017320	1	1	0	0	0	0	0	0	2
OG0017321	2	0	0	0	0	0	0	0	2
OG0017322	2	0	0	0	0	0	0	0	2
OG0017323	1	1	0	0	0	0	0	0	2
OG0017324	2	0	0	0	0	0	0	0	2
OG0017325	2	0	0	0	0	0	0	0	2
OG0017326	2	0	0	0	0	0	0	0	2
OG0017327	2	0	0	0	0	0	0	0	2
OG0017328	1	1	0	0	0	0	0	0	2
OG0017329	2	0	0	0	0	0	0	0	2
OG0017330	2	0	0	0	0	0	0	0	2
OG0017331	2	0	0	0	0	0	0	0	2
OG0017332	2	0	0	0	0	0	0	0	2
OG0017333	2	0	0	0	0	0	0	0	2
OG0017334	2	0	0	0	0	0	0	0	2
OG0017335	2	0	0	0	0	0	0	0	2
OG0017336	2	0	0	0	0	0	0	0	2
OG0017337	1	1	0	0	0	0	0	0	2
OG0017338	2	0	0	0	0	0	0	0	2
OG0017339	2	0	0	0	0	0	0	0	2
OG0017340	2	0	0	0	0	0	0	0	2
OG0017341	2	0	0	0	0	0	0	0	2
OG0017342	2	0	0	0	0	0	0	0	2
OG0017343	2	0	0	0	0	0	0	0	2
OG0017344	2	0	0	0	0	0	0	0	2
OG0017345	2	0	0	0	0	0	0	0	2
OG0017346	2	0	0	0	0	0	0	0	2
OG0017347	2	0	0	0	0	0	0	0	2
OG0017348	2	0	0	0	0	0	0	0	2
OG0017349	1	1	0	0	0	0	0	0	2
OG0017350	2	0	0	0	0	0	0	0	2
OG0017351	2	0	0	0	0	0	0	0	2
OG0017352	2	0	0	0	0	0	0	0	2
OG0017353	2	0	0	0	0	0	0	0	2
OG0017354	2	0	0	0	0	0	0	0	2
OG0017355	2	0	0	0	0	0	0	0	2
OG0017356	2	0	0	0	0	0	0	0	2
OG0017357	2	0	0	0	0	0	0	0	2
OG0017358	2	0	0	0	0	0	0	0	2
OG0017359	2	0	0	0	0	0	0	0	2
OG0017360	2	0	0	0	0	0	0	0	2
OG0017361	2	0	0	0	0	0	0	0	2
OG0017362	1	1	0	0	0	0	0	0	2
OG0017363	2	0	0	0	0	0	0	0	2
OG0017364	2	0	0	0	0	0	0	0	2
OG0017365	2	0	0	0	0	0	0	0	2
OG0017366	2	0	0	0	0	0	0	0	2
OG0017367	2	0	0	0	0	0	0	0	2
OG0017368	2	0	0	0	0	0	0	0	2
OG0017369	1	1	0	0	0	0	0	0	2
OG0017370	2	0	0	0	0	0	0	0	2
OG0017371	2	0	0	0	0	0	0	0	2
OG0017372	2	0	0	0	0	0	0	0	2
OG0017373	1	1	0	0	0	0	0	0	2
OG0017374	2	0	0	0	0	0	0	0	2
OG0017375	1	1	0	0	0	0	0	0	2
OG0017376	2	0	0	0	0	0	0	0	2
OG0017377	2	0	0	0	0	0	0	0	2
OG0017378	2	0	0	0	0	0	0	0	2
OG0017379	2	0	0	0	0	0	0	0	2
OG0017380	2	0	0	0	0	0	0	0	2
OG0017381	1	1	0	0	0	0	0	0	2
OG0017382	1	1	0	0	0	0	0	0	2
OG0017383	2	0	0	0	0	0	0	0	2
OG0017384	2	0	0	0	0	0	0	0	2
OG0017385	2	0	0	0	0	0	0	0	2
OG0017386	2	0	0	0	0	0	0	0	2
OG0017387	2	0	0	0	0	0	0	0	2
OG0017388	2	0	0	0	0	0	0	0	2
OG0017389	2	0	0	0	0	0	0	0	2
OG0017390	1	1	0	0	0	0	0	0	2
OG0017391	2	0	0	0	0	0	0	0	2
OG0017392	2	0	0	0	0	0	0	0	2
OG0017393	2	0	0	0	0	0	0	0	2
OG0017394	2	0	0	0	0	0	0	0	2
OG0017395	2	0	0	0	0	0	0	0	2
OG0017396	2	0	0	0	0	0	0	0	2
OG0017397	2	0	0	0	0	0	0	0	2
OG0017398	2	0	0	0	0	0	0	0	2
OG0017399	2	0	0	0	0	0	0	0	2
OG0017400	2	0	0	0	0	0	0	0	2
OG0017401	2	0	0	0	0	0	0	0	2
OG0017402	2	0	0	0	0	0	0	0	2
OG0017403	2	0	0	0	0	0	0	0	2
OG0017404	2	0	0	0	0	0	0	0	2
OG0017405	1	1	0	0	0	0	0	0	2
OG0017406	2	0	0	0	0	0	0	0	2
OG0017407	2	0	0	0	0	0	0	0	2
OG0017408	2	0	0	0	0	0	0	0	2
OG0017409	2	0	0	0	0	0	0	0	2
OG0017410	2	0	0	0	0	0	0	0	2
OG0017411	2	0	0	0	0	0	0	0	2
OG0017412	2	0	0	0	0	0	0	0	2
OG0017413	1	1	0	0	0	0	0	0	2
OG0017414	2	0	0	0	0	0	0	0	2
OG0017415	1	1	0	0	0	0	0	0	2
OG0017416	2	0	0	0	0	0	0	0	2
OG0017417	2	0	0	0	0	0	0	0	2
OG0017418	2	0	0	0	0	0	0	0	2
OG0017419	2	0	0	0	0	0	0	0	2
OG0017420	2	0	0	0	0	0	0	0	2
OG0017421	2	0	0	0	0	0	0	0	2
OG0017422	2	0	0	0	0	0	0	0	2
OG0017423	2	0	0	0	0	0	0	0	2
OG0017424	2	0	0	0	0	0	0	0	2
OG0017425	2	0	0	0	0	0	0	0	2
OG0017426	2	0	0	0	0	0	0	0	2
OG0017427	2	0	0	0	0	0	0	0	2
OG0017428	1	1	0	0	0	0	0	0	2
OG0017429	2	0	0	0	0	0	0	0	2
OG0017430	2	0	0	0	0	0	0	0	2
OG0017431	2	0	0	0	0	0	0	0	2
OG0017432	2	0	0	0	0	0	0	0	2
OG0017433	2	0	0	0	0	0	0	0	2
OG0017434	2	0	0	0	0	0	0	0	2
OG0017435	1	1	0	0	0	0	0	0	2
OG0017436	1	0	0	1	0	0	0	0	2
OG0017437	2	0	0	0	0	0	0	0	2
OG0017438	2	0	0	0	0	0	0	0	2
OG0017439	2	0	0	0	0	0	0	0	2
OG0017440	2	0	0	0	0	0	0	0	2
OG0017441	1	1	0	0	0	0	0	0	2
OG0017442	2	0	0	0	0	0	0	0	2
OG0017443	2	0	0	0	0	0	0	0	2
OG0017444	2	0	0	0	0	0	0	0	2
OG0017445	2	0	0	0	0	0	0	0	2
OG0017446	2	0	0	0	0	0	0	0	2
OG0017447	2	0	0	0	0	0	0	0	2
OG0017448	2	0	0	0	0	0	0	0	2
OG0017449	2	0	0	0	0	0	0	0	2
OG0017450	2	0	0	0	0	0	0	0	2
OG0017451	2	0	0	0	0	0	0	0	2
OG0017452	1	1	0	0	0	0	0	0	2
OG0017453	2	0	0	0	0	0	0	0	2
OG0017454	2	0	0	0	0	0	0	0	2
OG0017455	2	0	0	0	0	0	0	0	2
OG0017456	1	1	0	0	0	0	0	0	2
OG0017457	2	0	0	0	0	0	0	0	2
OG0017458	2	0	0	0	0	0	0	0	2
OG0017459	0	2	0	0	0	0	0	0	2
OG0017460	0	2	0	0	0	0	0	0	2
OG0017461	0	2	0	0	0	0	0	0	2
OG0017462	0	1	0	0	0	0	1	0	2
OG0017463	0	2	0	0	0	0	0	0	2
OG0017464	0	1	0	0	1	0	0	0	2
OG0017465	0	2	0	0	0	0	0	0	2
OG0017466	0	2	0	0	0	0	0	0	2
OG0017467	0	2	0	0	0	0	0	0	2
OG0017468	0	1	0	0	0	1	0	0	2
OG0017469	0	2	0	0	0	0	0	0	2
OG0017470	0	2	0	0	0	0	0	0	2
OG0017471	0	2	0	0	0	0	0	0	2
OG0017472	0	2	0	0	0	0	0	0	2
OG0017473	0	2	0	0	0	0	0	0	2
OG0017474	0	1	0	0	0	0	1	0	2
OG0017475	0	2	0	0	0	0	0	0	2
OG0017476	0	2	0	0	0	0	0	0	2
OG0017477	0	1	0	0	0	1	0	0	2
OG0017478	0	2	0	0	0	0	0	0	2
OG0017479	0	2	0	0	0	0	0	0	2
OG0017480	0	2	0	0	0	0	0	0	2
OG0017481	0	2	0	0	0	0	0	0	2
OG0017482	0	2	0	0	0	0	0	0	2
OG0017483	0	2	0	0	0	0	0	0	2
OG0017484	0	2	0	0	0	0	0	0	2
OG0017485	0	2	0	0	0	0	0	0	2
OG0017486	0	2	0	0	0	0	0	0	2
OG0017487	0	2	0	0	0	0	0	0	2
OG0017488	0	2	0	0	0	0	0	0	2
OG0017489	0	2	0	0	0	0	0	0	2
OG0017490	0	1	1	0	0	0	0	0	2
OG0017491	0	2	0	0	0	0	0	0	2
OG0017492	0	2	0	0	0	0	0	0	2
OG0017493	0	2	0	0	0	0	0	0	2
OG0017494	0	2	0	0	0	0	0	0	2
OG0017495	0	2	0	0	0	0	0	0	2
OG0017496	0	2	0	0	0	0	0	0	2
OG0017497	0	2	0	0	0	0	0	0	2
OG0017498	0	2	0	0	0	0	0	0	2
OG0017499	0	2	0	0	0	0	0	0	2
OG0017500	0	2	0	0	0	0	0	0	2
OG0017501	0	2	0	0	0	0	0	0	2
OG0017502	0	2	0	0	0	0	0	0	2
OG0017503	0	2	0	0	0	0	0	0	2
OG0017504	0	2	0	0	0	0	0	0	2
OG0017505	0	2	0	0	0	0	0	0	2
OG0017506	0	2	0	0	0	0	0	0	2
OG0017507	0	2	0	0	0	0	0	0	2
OG0017508	0	2	0	0	0	0	0	0	2
OG0017509	0	2	0	0	0	0	0	0	2
OG0017510	0	2	0	0	0	0	0	0	2
OG0017511	0	2	0	0	0	0	0	0	2
OG0017512	0	2	0	0	0	0	0	0	2
OG0017513	0	2	0	0	0	0	0	0	2
OG0017514	0	2	0	0	0	0	0	0	2
OG0017515	0	2	0	0	0	0	0	0	2
OG0017516	0	2	0	0	0	0	0	0	2
OG0017517	0	2	0	0	0	0	0	0	2
OG0017518	0	2	0	0	0	0	0	0	2
OG0017519	0	2	0	0	0	0	0	0	2
OG0017520	0	2	0	0	0	0	0	0	2
OG0017521	0	2	0	0	0	0	0	0	2
OG0017522	0	2	0	0	0	0	0	0	2
OG0017523	0	2	0	0	0	0	0	0	2
OG0017524	0	2	0	0	0	0	0	0	2
OG0017525	0	2	0	0	0	0	0	0	2
OG0017526	0	1	0	0	0	1	0	0	2
OG0017527	0	2	0	0	0	0	0	0	2
OG0017528	0	1	0	0	0	0	0	1	2
OG0017529	0	2	0	0	0	0	0	0	2
OG0017530	0	2	0	0	0	0	0	0	2
OG0017531	0	2	0	0	0	0	0	0	2
OG0017532	0	2	0	0	0	0	0	0	2
OG0017533	0	2	0	0	0	0	0	0	2
OG0017534	0	2	0	0	0	0	0	0	2
OG0017535	0	2	0	0	0	0	0	0	2
OG0017536	0	2	0	0	0	0	0	0	2
OG0017537	0	2	0	0	0	0	0	0	2
OG0017538	0	2	0	0	0	0	0	0	2
OG0017539	0	2	0	0	0	0	0	0	2
OG0017540	0	2	0	0	0	0	0	0	2
OG0017541	0	2	0	0	0	0	0	0	2
OG0017542	0	2	0	0	0	0	0	0	2
OG0017543	0	2	0	0	0	0	0	0	2
OG0017544	0	2	0	0	0	0	0	0	2
OG0017545	0	2	0	0	0	0	0	0	2
OG0017546	0	2	0	0	0	0	0	0	2
OG0017547	0	2	0	0	0	0	0	0	2
OG0017548	0	2	0	0	0	0	0	0	2
OG0017549	0	2	0	0	0	0	0	0	2
OG0017550	0	2	0	0	0	0	0	0	2
OG0017551	0	2	0	0	0	0	0	0	2
OG0017552	0	2	0	0	0	0	0	0	2
OG0017553	0	2	0	0	0	0	0	0	2
OG0017554	0	1	0	0	0	1	0	0	2
OG0017555	0	2	0	0	0	0	0	0	2
OG0017556	0	2	0	0	0	0	0	0	2
OG0017557	0	2	0	0	0	0	0	0	2
OG0017558	0	2	0	0	0	0	0	0	2
OG0017559	0	1	1	0	0	0	0	0	2
OG0017560	0	1	1	0	0	0	0	0	2
OG0017561	0	2	0	0	0	0	0	0	2
OG0017562	0	2	0	0	0	0	0	0	2
OG0017563	0	2	0	0	0	0	0	0	2
OG0017564	0	2	0	0	0	0	0	0	2
OG0017565	0	2	0	0	0	0	0	0	2
OG0017566	0	2	0	0	0	0	0	0	2
OG0017567	0	2	0	0	0	0	0	0	2
OG0017568	0	2	0	0	0	0	0	0	2
OG0017569	0	2	0	0	0	0	0	0	2
OG0017570	0	2	0	0	0	0	0	0	2
OG0017571	0	2	0	0	0	0	0	0	2
OG0017572	0	2	0	0	0	0	0	0	2
OG0017573	0	2	0	0	0	0	0	0	2
OG0017574	0	2	0	0	0	0	0	0	2
OG0017575	0	2	0	0	0	0	0	0	2
OG0017576	0	2	0	0	0	0	0	0	2
OG0017577	0	2	0	0	0	0	0	0	2
OG0017578	0	1	1	0	0	0	0	0	2
OG0017579	0	2	0	0	0	0	0	0	2
OG0017580	0	1	0	1	0	0	0	0	2
OG0017581	0	2	0	0	0	0	0	0	2
OG0017582	0	2	0	0	0	0	0	0	2
OG0017583	0	2	0	0	0	0	0	0	2
OG0017584	0	2	0	0	0	0	0	0	2
OG0017585	0	1	0	0	0	1	0	0	2
OG0017586	0	2	0	0	0	0	0	0	2
OG0017587	0	1	0	0	0	1	0	0	2
OG0017588	0	2	0	0	0	0	0	0	2
OG0017589	0	2	0	0	0	0	0	0	2
OG0017590	0	2	0	0	0	0	0	0	2
OG0017591	0	2	0	0	0	0	0	0	2
OG0017592	0	2	0	0	0	0	0	0	2
OG0017593	0	2	0	0	0	0	0	0	2
OG0017594	0	2	0	0	0	0	0	0	2
OG0017595	0	2	0	0	0	0	0	0	2
OG0017596	0	2	0	0	0	0	0	0	2
OG0017597	0	2	0	0	0	0	0	0	2
OG0017598	0	2	0	0	0	0	0	0	2
OG0017599	0	2	0	0	0	0	0	0	2
OG0017600	0	2	0	0	0	0	0	0	2
OG0017601	0	2	0	0	0	0	0	0	2
OG0017602	0	2	0	0	0	0	0	0	2
OG0017603	0	2	0	0	0	0	0	0	2
OG0017604	0	2	0	0	0	0	0	0	2
OG0017605	0	1	0	0	0	1	0	0	2
OG0017606	0	2	0	0	0	0	0	0	2
OG0017607	0	1	0	0	0	1	0	0	2
OG0017608	0	2	0	0	0	0	0	0	2
OG0017609	0	2	0	0	0	0	0	0	2
OG0017610	0	2	0	0	0	0	0	0	2
OG0017611	0	2	0	0	0	0	0	0	2
OG0017612	0	2	0	0	0	0	0	0	2
OG0017613	0	2	0	0	0	0	0	0	2
OG0017614	0	2	0	0	0	0	0	0	2
OG0017615	0	2	0	0	0	0	0	0	2
OG0017616	0	2	0	0	0	0	0	0	2
OG0017617	0	2	0	0	0	0	0	0	2
OG0017618	0	1	0	0	0	1	0	0	2
OG0017619	0	2	0	0	0	0	0	0	2
OG0017620	0	2	0	0	0	0	0	0	2
OG0017621	0	2	0	0	0	0	0	0	2
OG0017622	0	2	0	0	0	0	0	0	2
OG0017623	0	2	0	0	0	0	0	0	2
OG0017624	0	2	0	0	0	0	0	0	2
OG0017625	0	2	0	0	0	0	0	0	2
OG0017626	0	2	0	0	0	0	0	0	2
OG0017627	0	2	0	0	0	0	0	0	2
OG0017628	0	2	0	0	0	0	0	0	2
OG0017629	0	2	0	0	0	0	0	0	2
OG0017630	0	1	0	0	0	1	0	0	2
OG0017631	0	2	0	0	0	0	0	0	2
OG0017632	0	2	0	0	0	0	0	0	2
OG0017633	0	2	0	0	0	0	0	0	2
OG0017634	0	2	0	0	0	0	0	0	2
OG0017635	0	2	0	0	0	0	0	0	2
OG0017636	0	1	0	0	0	0	0	1	2
OG0017637	0	2	0	0	0	0	0	0	2
OG0017638	0	2	0	0	0	0	0	0	2
OG0017639	0	2	0	0	0	0	0	0	2
OG0017640	0	2	0	0	0	0	0	0	2
OG0017641	0	2	0	0	0	0	0	0	2
OG0017642	0	2	0	0	0	0	0	0	2
OG0017643	0	1	0	0	0	1	0	0	2
OG0017644	0	2	0	0	0	0	0	0	2
OG0017645	0	2	0	0	0	0	0	0	2
OG0017646	0	2	0	0	0	0	0	0	2
OG0017647	0	2	0	0	0	0	0	0	2
OG0017648	0	1	0	0	0	1	0	0	2
OG0017649	0	1	0	0	0	1	0	0	2
OG0017650	0	2	0	0	0	0	0	0	2
OG0017651	0	2	0	0	0	0	0	0	2
OG0017652	0	2	0	0	0	0	0	0	2
OG0017653	0	2	0	0	0	0	0	0	2
OG0017654	0	2	0	0	0	0	0	0	2
OG0017655	0	2	0	0	0	0	0	0	2
OG0017656	0	1	0	0	0	0	1	0	2
OG0017657	0	1	1	0	0	0	0	0	2
OG0017658	0	2	0	0	0	0	0	0	2
OG0017659	0	2	0	0	0	0	0	0	2
OG0017660	0	2	0	0	0	0	0	0	2
OG0017661	0	2	0	0	0	0	0	0	2
OG0017662	0	2	0	0	0	0	0	0	2
OG0017663	0	2	0	0	0	0	0	0	2
OG0017664	0	2	0	0	0	0	0	0	2
OG0017665	0	2	0	0	0	0	0	0	2
OG0017666	0	1	0	0	0	1	0	0	2
OG0017667	0	2	0	0	0	0	0	0	2
OG0017668	0	2	0	0	0	0	0	0	2
OG0017669	0	1	0	0	0	0	0	1	2
OG0017670	0	2	0	0	0	0	0	0	2
OG0017671	0	2	0	0	0	0	0	0	2
OG0017672	0	2	0	0	0	0	0	0	2
OG0017673	0	2	0	0	0	0	0	0	2
OG0017674	0	2	0	0	0	0	0	0	2
OG0017675	0	2	0	0	0	0	0	0	2
OG0017676	0	2	0	0	0	0	0	0	2
OG0017677	0	2	0	0	0	0	0	0	2
OG0017678	0	2	0	0	0	0	0	0	2
OG0017679	0	2	0	0	0	0	0	0	2
OG0017680	0	2	0	0	0	0	0	0	2
OG0017681	0	2	0	0	0	0	0	0	2
OG0017682	0	2	0	0	0	0	0	0	2
OG0017683	0	2	0	0	0	0	0	0	2
OG0017684	0	1	0	0	0	1	0	0	2
OG0017685	0	2	0	0	0	0	0	0	2
OG0017686	0	2	0	0	0	0	0	0	2
OG0017687	0	2	0	0	0	0	0	0	2
OG0017688	0	2	0	0	0	0	0	0	2
OG0017689	0	1	0	0	0	1	0	0	2
OG0017690	0	2	0	0	0	0	0	0	2
OG0017691	0	2	0	0	0	0	0	0	2
OG0017692	0	2	0	0	0	0	0	0	2
OG0017693	0	2	0	0	0	0	0	0	2
OG0017694	0	1	0	0	0	0	0	1	2
OG0017695	0	2	0	0	0	0	0	0	2
OG0017696	0	2	0	0	0	0	0	0	2
OG0017697	0	1	1	0	0	0	0	0	2
OG0017698	0	2	0	0	0	0	0	0	2
OG0017699	0	1	0	0	0	1	0	0	2
OG0017700	0	2	0	0	0	0	0	0	2
OG0017701	0	1	0	0	0	1	0	0	2
OG0017702	0	2	0	0	0	0	0	0	2
OG0017703	0	2	0	0	0	0	0	0	2
OG0017704	0	2	0	0	0	0	0	0	2
OG0017705	0	2	0	0	0	0	0	0	2
OG0017706	0	2	0	0	0	0	0	0	2
OG0017707	0	2	0	0	0	0	0	0	2
OG0017708	0	2	0	0	0	0	0	0	2
OG0017709	0	1	0	0	0	1	0	0	2
OG0017710	0	2	0	0	0	0	0	0	2
OG0017711	0	2	0	0	0	0	0	0	2
OG0017712	0	2	0	0	0	0	0	0	2
OG0017713	0	1	0	1	0	0	0	0	2
OG0017714	0	2	0	0	0	0	0	0	2
OG0017715	0	2	0	0	0	0	0	0	2
OG0017716	0	2	0	0	0	0	0	0	2
OG0017717	0	2	0	0	0	0	0	0	2
OG0017718	0	2	0	0	0	0	0	0	2
OG0017719	0	2	0	0	0	0	0	0	2
OG0017720	0	2	0	0	0	0	0	0	2
OG0017721	0	2	0	0	0	0	0	0	2
OG0017722	0	2	0	0	0	0	0	0	2
OG0017723	0	2	0	0	0	0	0	0	2
OG0017724	0	2	0	0	0	0	0	0	2
OG0017725	0	1	1	0	0	0	0	0	2
OG0017726	0	1	0	1	0	0	0	0	2
OG0017727	0	2	0	0	0	0	0	0	2
OG0017728	0	2	0	0	0	0	0	0	2
OG0017729	0	2	0	0	0	0	0	0	2
OG0017730	0	2	0	0	0	0	0	0	2
OG0017731	0	2	0	0	0	0	0	0	2
OG0017732	0	2	0	0	0	0	0	0	2
OG0017733	0	2	0	0	0	0	0	0	2
OG0017734	0	1	0	0	0	1	0	0	2
OG0017735	0	1	0	0	0	1	0	0	2
OG0017736	0	2	0	0	0	0	0	0	2
OG0017737	0	2	0	0	0	0	0	0	2
OG0017738	0	2	0	0	0	0	0	0	2
OG0017739	0	2	0	0	0	0	0	0	2
OG0017740	0	2	0	0	0	0	0	0	2
OG0017741	0	2	0	0	0	0	0	0	2
OG0017742	0	2	0	0	0	0	0	0	2
OG0017743	0	2	0	0	0	0	0	0	2
OG0017744	0	2	0	0	0	0	0	0	2
OG0017745	0	2	0	0	0	0	0	0	2
OG0017746	0	2	0	0	0	0	0	0	2
OG0017747	0	2	0	0	0	0	0	0	2
OG0017748	0	1	0	0	0	0	0	1	2
OG0017749	0	2	0	0	0	0	0	0	2
OG0017750	0	1	0	0	0	1	0	0	2
OG0017751	0	2	0	0	0	0	0	0	2
OG0017752	0	2	0	0	0	0	0	0	2
OG0017753	0	1	0	0	0	0	0	1	2
OG0017754	0	2	0	0	0	0	0	0	2
OG0017755	0	2	0	0	0	0	0	0	2
OG0017756	0	2	0	0	0	0	0	0	2
OG0017757	0	2	0	0	0	0	0	0	2
OG0017758	0	2	0	0	0	0	0	0	2
OG0017759	0	2	0	0	0	0	0	0	2
OG0017760	0	2	0	0	0	0	0	0	2
OG0017761	0	1	0	1	0	0	0	0	2
OG0017762	0	2	0	0	0	0	0	0	2
OG0017763	0	2	0	0	0	0	0	0	2
OG0017764	0	2	0	0	0	0	0	0	2
OG0017765	0	2	0	0	0	0	0	0	2
OG0017766	0	2	0	0	0	0	0	0	2
OG0017767	0	2	0	0	0	0	0	0	2
OG0017768	0	2	0	0	0	0	0	0	2
OG0017769	0	2	0	0	0	0	0	0	2
OG0017770	0	1	1	0	0	0	0	0	2
OG0017771	0	2	0	0	0	0	0	0	2
OG0017772	0	2	0	0	0	0	0	0	2
OG0017773	0	1	0	0	0	1	0	0	2
OG0017774	0	2	0	0	0	0	0	0	2
OG0017775	0	2	0	0	0	0	0	0	2
OG0017776	0	2	0	0	0	0	0	0	2
OG0017777	0	2	0	0	0	0	0	0	2
OG0017778	0	2	0	0	0	0	0	0	2
OG0017779	0	2	0	0	0	0	0	0	2
OG0017780	0	2	0	0	0	0	0	0	2
OG0017781	0	1	0	0	0	1	0	0	2
OG0017782	0	2	0	0	0	0	0	0	2
OG0017783	0	1	0	0	1	0	0	0	2
OG0017784	0	2	0	0	0	0	0	0	2
OG0017785	0	2	0	0	0	0	0	0	2
OG0017786	0	2	0	0	0	0	0	0	2
OG0017787	0	2	0	0	0	0	0	0	2
OG0017788	0	2	0	0	0	0	0	0	2
OG0017789	0	2	0	0	0	0	0	0	2
OG0017790	0	1	0	0	0	1	0	0	2
OG0017791	0	2	0	0	0	0	0	0	2
OG0017792	0	2	0	0	0	0	0	0	2
OG0017793	0	1	0	0	0	0	0	1	2
OG0017794	0	1	0	0	0	0	0	1	2
OG0017795	0	2	0	0	0	0	0	0	2
OG0017796	0	1	0	0	1	0	0	0	2
OG0017797	0	1	0	0	0	1	0	0	2
OG0017798	0	1	0	0	0	1	0	0	2
OG0017799	0	2	0	0	0	0	0	0	2
OG0017800	0	2	0	0	0	0	0	0	2
OG0017801	0	2	0	0	0	0	0	0	2
OG0017802	0	2	0	0	0	0	0	0	2
OG0017803	0	2	0	0	0	0	0	0	2
OG0017804	0	2	0	0	0	0	0	0	2
OG0017805	0	1	0	1	0	0	0	0	2
OG0017806	0	1	0	0	0	1	0	0	2
OG0017807	0	2	0	0	0	0	0	0	2
OG0017808	0	2	0	0	0	0	0	0	2
OG0017809	0	2	0	0	0	0	0	0	2
OG0017810	0	2	0	0	0	0	0	0	2
OG0017811	0	2	0	0	0	0	0	0	2
OG0017812	0	2	0	0	0	0	0	0	2
OG0017813	0	2	0	0	0	0	0	0	2
OG0017814	0	1	1	0	0	0	0	0	2
OG0017815	0	2	0	0	0	0	0	0	2
OG0017816	0	2	0	0	0	0	0	0	2
OG0017817	0	1	0	0	1	0	0	0	2
OG0017818	0	1	1	0	0	0	0	0	2
OG0017819	0	2	0	0	0	0	0	0	2
OG0017820	0	2	0	0	0	0	0	0	2
OG0017821	0	1	0	0	1	0	0	0	2
OG0017822	0	2	0	0	0	0	0	0	2
OG0017823	0	2	0	0	0	0	0	0	2
OG0017824	0	2	0	0	0	0	0	0	2
OG0017825	0	2	0	0	0	0	0	0	2
OG0017826	0	2	0	0	0	0	0	0	2
OG0017827	0	2	0	0	0	0	0	0	2
OG0017828	0	2	0	0	0	0	0	0	2
OG0017829	0	2	0	0	0	0	0	0	2
OG0017830	0	2	0	0	0	0	0	0	2
OG0017831	0	2	0	0	0	0	0	0	2
OG0017832	0	2	0	0	0	0	0	0	2
OG0017833	0	2	0	0	0	0	0	0	2
OG0017834	0	2	0	0	0	0	0	0	2
OG0017835	0	2	0	0	0	0	0	0	2
OG0017836	0	2	0	0	0	0	0	0	2
OG0017837	0	2	0	0	0	0	0	0	2
OG0017838	0	2	0	0	0	0	0	0	2
OG0017839	0	2	0	0	0	0	0	0	2
OG0017840	0	2	0	0	0	0	0	0	2
OG0017841	0	2	0	0	0	0	0	0	2
OG0017842	0	2	0	0	0	0	0	0	2
OG0017843	0	2	0	0	0	0	0	0	2
OG0017844	0	2	0	0	0	0	0	0	2
OG0017845	0	2	0	0	0	0	0	0	2
OG0017846	0	2	0	0	0	0	0	0	2
OG0017847	0	2	0	0	0	0	0	0	2
OG0017848	0	1	1	0	0	0	0	0	2
OG0017849	0	2	0	0	0	0	0	0	2
OG0017850	0	2	0	0	0	0	0	0	2
OG0017851	0	2	0	0	0	0	0	0	2
OG0017852	0	2	0	0	0	0	0	0	2
OG0017853	0	2	0	0	0	0	0	0	2
OG0017854	0	2	0	0	0	0	0	0	2
OG0017855	0	2	0	0	0	0	0	0	2
OG0017856	0	2	0	0	0	0	0	0	2
OG0017857	0	2	0	0	0	0	0	0	2
OG0017858	0	2	0	0	0	0	0	0	2
OG0017859	0	2	0	0	0	0	0	0	2
OG0017860	0	2	0	0	0	0	0	0	2
OG0017861	0	2	0	0	0	0	0	0	2
OG0017862	0	2	0	0	0	0	0	0	2
OG0017863	0	2	0	0	0	0	0	0	2
OG0017864	0	2	0	0	0	0	0	0	2
OG0017865	0	2	0	0	0	0	0	0	2
OG0017866	0	2	0	0	0	0	0	0	2
OG0017867	0	1	0	0	0	0	0	1	2
OG0017868	0	2	0	0	0	0	0	0	2
OG0017869	0	2	0	0	0	0	0	0	2
OG0017870	0	1	0	0	0	0	0	1	2
OG0017871	0	2	0	0	0	0	0	0	2
OG0017872	0	2	0	0	0	0	0	0	2
OG0017873	0	1	0	0	0	1	0	0	2
OG0017874	0	2	0	0	0	0	0	0	2
OG0017875	0	2	0	0	0	0	0	0	2
OG0017876	0	2	0	0	0	0	0	0	2
OG0017877	0	2	0	0	0	0	0	0	2
OG0017878	0	2	0	0	0	0	0	0	2
OG0017879	0	2	0	0	0	0	0	0	2
OG0017880	0	2	0	0	0	0	0	0	2
OG0017881	0	2	0	0	0	0	0	0	2
OG0017882	0	2	0	0	0	0	0	0	2
OG0017883	0	1	0	0	1	0	0	0	2
OG0017884	0	2	0	0	0	0	0	0	2
OG0017885	0	2	0	0	0	0	0	0	2
OG0017886	0	1	0	0	1	0	0	0	2
OG0017887	0	2	0	0	0	0	0	0	2
OG0017888	0	2	0	0	0	0	0	0	2
OG0017889	0	2	0	0	0	0	0	0	2
OG0017890	0	2	0	0	0	0	0	0	2
OG0017891	0	2	0	0	0	0	0	0	2
OG0017892	0	1	0	0	0	1	0	0	2
OG0017893	0	2	0	0	0	0	0	0	2
OG0017894	0	2	0	0	0	0	0	0	2
OG0017895	0	1	1	0	0	0	0	0	2
OG0017896	0	2	0	0	0	0	0	0	2
OG0017897	0	1	1	0	0	0	0	0	2
OG0017898	0	2	0	0	0	0	0	0	2
OG0017899	0	2	0	0	0	0	0	0	2
OG0017900	0	2	0	0	0	0	0	0	2
OG0017901	0	2	0	0	0	0	0	0	2
OG0017902	0	2	0	0	0	0	0	0	2
OG0017903	0	2	0	0	0	0	0	0	2
OG0017904	0	2	0	0	0	0	0	0	2
OG0017905	0	2	0	0	0	0	0	0	2
OG0017906	0	2	0	0	0	0	0	0	2
OG0017907	0	2	0	0	0	0	0	0	2
OG0017908	0	2	0	0	0	0	0	0	2
OG0017909	0	2	0	0	0	0	0	0	2
OG0017910	0	2	0	0	0	0	0	0	2
OG0017911	0	1	0	0	0	1	0	0	2
OG0017912	0	2	0	0	0	0	0	0	2
OG0017913	0	2	0	0	0	0	0	0	2
OG0017914	0	1	0	1	0	0	0	0	2
OG0017915	0	1	0	0	1	0	0	0	2
OG0017916	0	2	0	0	0	0	0	0	2
OG0017917	0	2	0	0	0	0	0	0	2
OG0017918	0	2	0	0	0	0	0	0	2
OG0017919	0	2	0	0	0	0	0	0	2
OG0017920	0	2	0	0	0	0	0	0	2
OG0017921	0	2	0	0	0	0	0	0	2
OG0017922	0	2	0	0	0	0	0	0	2
OG0017923	0	2	0	0	0	0	0	0	2
OG0017924	0	2	0	0	0	0	0	0	2
OG0017925	0	2	0	0	0	0	0	0	2
OG0017926	0	2	0	0	0	0	0	0	2
OG0017927	0	2	0	0	0	0	0	0	2
OG0017928	0	1	0	0	0	1	0	0	2
OG0017929	0	2	0	0	0	0	0	0	2
OG0017930	0	2	0	0	0	0	0	0	2
OG0017931	0	2	0	0	0	0	0	0	2
OG0017932	0	1	0	0	0	0	1	0	2
OG0017933	0	2	0	0	0	0	0	0	2
OG0017934	0	1	0	0	0	0	1	0	2
OG0017935	0	2	0	0	0	0	0	0	2
OG0017936	0	2	0	0	0	0	0	0	2
OG0017937	0	2	0	0	0	0	0	0	2
OG0017938	0	2	0	0	0	0	0	0	2
OG0017939	0	2	0	0	0	0	0	0	2
OG0017940	0	1	0	0	0	0	0	1	2
OG0017941	0	2	0	0	0	0	0	0	2
OG0017942	0	1	0	0	0	1	0	0	2
OG0017943	0	1	0	0	0	0	0	1	2
OG0017944	0	2	0	0	0	0	0	0	2
OG0017945	0	2	0	0	0	0	0	0	2
OG0017946	0	2	0	0	0	0	0	0	2
OG0017947	0	1	0	0	0	1	0	0	2
OG0017948	0	1	0	0	0	1	0	0	2
OG0017949	0	2	0	0	0	0	0	0	2
OG0017950	0	2	0	0	0	0	0	0	2
OG0017951	0	2	0	0	0	0	0	0	2
OG0017952	0	2	0	0	0	0	0	0	2
OG0017953	0	2	0	0	0	0	0	0	2
OG0017954	0	1	0	0	0	1	0	0	2
OG0017955	0	1	0	0	0	0	0	1	2
OG0017956	0	2	0	0	0	0	0	0	2
OG0017957	0	2	0	0	0	0	0	0	2
OG0017958	0	1	1	0	0	0	0	0	2
OG0017959	0	1	1	0	0	0	0	0	2
OG0017960	0	1	0	0	0	0	0	1	2
OG0017961	0	1	0	1	0	0	0	0	2
OG0017962	0	2	0	0	0	0	0	0	2
OG0017963	0	2	0	0	0	0	0	0	2
OG0017964	0	1	0	0	0	1	0	0	2
OG0017965	0	1	0	0	0	1	0	0	2
OG0017966	0	2	0	0	0	0	0	0	2
OG0017967	0	1	0	0	0	1	0	0	2
OG0017968	0	0	1	0	0	0	0	1	2
OG0017969	0	0	1	1	0	0	0	0	2
OG0017970	0	0	2	0	0	0	0	0	2
OG0017971	0	0	1	0	0	0	0	1	2
OG0017972	0	0	1	0	0	0	0	1	2
OG0017973	0	0	1	1	0	0	0	0	2
OG0017974	0	0	2	0	0	0	0	0	2
OG0017975	0	0	1	0	0	0	0	1	2
OG0017976	0	0	1	1	0	0	0	0	2
OG0017977	0	0	1	0	0	0	0	1	2
OG0017978	0	0	1	0	0	0	0	1	2
OG0017979	0	0	1	0	0	0	0	1	2
OG0017980	0	0	1	0	0	0	0	1	2
OG0017981	0	0	1	0	0	0	0	1	2
OG0017982	0	0	1	0	0	0	0	1	2
OG0017983	0	0	2	0	0	0	0	0	2
OG0017984	0	0	1	0	0	0	0	1	2
OG0017985	0	0	1	0	0	0	0	1	2
OG0017986	0	0	1	0	0	0	0	1	2
OG0017987	0	0	1	1	0	0	0	0	2
OG0017988	0	0	1	0	0	0	0	1	2
OG0017989	0	0	1	0	1	0	0	0	2
OG0017990	0	0	1	0	0	1	0	0	2
OG0017991	0	0	1	0	0	0	0	1	2
OG0017992	0	0	1	0	0	0	0	1	2
OG0017993	0	0	1	0	0	0	0	1	2
OG0017994	0	0	1	0	0	0	0	1	2
OG0017995	0	0	1	0	0	0	0	1	2
OG0017996	0	0	1	0	0	0	0	1	2
OG0017997	0	0	1	0	0	1	0	0	2
OG0017998	0	0	1	0	0	0	0	1	2
OG0017999	0	0	1	0	0	0	0	1	2
OG0018000	0	0	1	0	0	0	0	1	2
OG0018001	0	0	1	0	0	0	0	1	2
OG0018002	0	0	1	1	0	0	0	0	2
OG0018003	0	0	1	0	0	0	0	1	2
OG0018004	0	0	1	0	0	0	0	1	2
OG0018005	0	0	1	0	0	0	0	1	2
OG0018006	0	0	1	0	0	0	0	1	2
OG0018007	0	0	2	0	0	0	0	0	2
OG0018008	0	0	2	0	0	0	0	0	2
OG0018009	0	0	1	0	0	0	0	1	2
OG0018010	0	0	1	0	0	0	0	1	2
OG0018011	0	0	2	0	0	0	0	0	2
OG0018012	0	0	1	0	0	0	0	1	2
OG0018013	0	0	1	0	0	0	0	1	2
OG0018014	0	0	1	0	0	0	0	1	2
OG0018015	0	0	1	0	0	0	0	1	2
OG0018016	0	0	1	0	0	0	0	1	2
OG0018017	0	0	2	0	0	0	0	0	2
OG0018018	0	0	2	0	0	0	0	0	2
OG0018019	0	0	1	0	0	0	0	1	2
OG0018020	0	0	1	0	0	0	0	1	2
OG0018021	0	0	1	0	0	0	0	1	2
OG0018022	0	0	1	1	0	0	0	0	2
OG0018023	0	0	1	0	0	0	0	1	2
OG0018024	0	0	1	1	0	0	0	0	2
OG0018025	0	0	1	0	0	0	0	1	2
OG0018026	0	0	1	0	0	0	0	1	2
OG0018027	0	0	1	0	0	0	0	1	2
OG0018028	0	0	2	0	0	0	0	0	2
OG0018029	0	0	2	0	0	0	0	0	2
OG0018030	0	0	1	0	0	0	0	1	2
OG0018031	0	0	2	0	0	0	0	0	2
OG0018032	0	0	1	0	0	0	0	1	2
OG0018033	0	0	1	0	0	0	0	1	2
OG0018034	0	0	1	0	0	0	0	1	2
OG0018035	0	0	1	0	0	0	0	1	2
OG0018036	0	0	1	0	0	0	0	1	2
OG0018037	0	0	1	0	0	0	0	1	2
OG0018038	0	0	1	0	0	0	0	1	2
OG0018039	0	0	1	0	0	0	0	1	2
OG0018040	0	0	2	0	0	0	0	0	2
OG0018041	0	0	1	0	0	0	0	1	2
OG0018042	0	0	1	0	0	0	0	1	2
OG0018043	0	0	1	0	0	0	0	1	2
OG0018044	0	0	1	0	0	0	0	1	2
OG0018045	0	0	1	0	0	0	0	1	2
OG0018046	0	0	1	0	0	0	0	1	2
OG0018047	0	0	1	0	0	0	0	1	2
OG0018048	0	0	1	0	0	0	0	1	2
OG0018049	0	0	1	0	0	0	0	1	2
OG0018050	0	0	1	0	0	1	0	0	2
OG0018051	0	0	1	0	0	0	0	1	2
OG0018052	0	0	1	0	0	0	0	1	2
OG0018053	0	0	1	0	1	0	0	0	2
OG0018054	0	0	1	0	0	0	0	1	2
OG0018055	0	0	1	0	0	0	0	1	2
OG0018056	0	0	1	0	0	0	0	1	2
OG0018057	0	0	1	0	0	0	0	1	2
OG0018058	0	0	1	0	0	0	0	1	2
OG0018059	0	0	1	0	0	0	0	1	2
OG0018060	0	0	1	0	0	0	0	1	2
OG0018061	0	0	1	0	0	0	0	1	2
OG0018062	0	0	1	0	0	0	0	1	2
OG0018063	0	0	1	0	0	0	0	1	2
OG0018064	0	0	1	0	0	0	0	1	2
OG0018065	0	0	2	0	0	0	0	0	2
OG0018066	0	0	1	0	0	0	0	1	2
OG0018067	0	0	1	0	0	0	0	1	2
OG0018068	0	0	1	0	0	0	0	1	2
OG0018069	0	0	1	0	0	0	0	1	2
OG0018070	0	0	1	0	1	0	0	0	2
OG0018071	0	0	2	0	0	0	0	0	2
OG0018072	0	0	1	0	0	0	0	1	2
OG0018073	0	0	1	1	0	0	0	0	2
OG0018074	0	0	1	0	0	0	0	1	2
OG0018075	0	0	2	0	0	0	0	0	2
OG0018076	0	0	1	0	0	0	0	1	2
OG0018077	0	0	1	1	0	0	0	0	2
OG0018078	0	0	1	0	0	0	0	1	2
OG0018079	0	0	1	0	0	0	0	1	2
OG0018080	0	0	1	1	0	0	0	0	2
OG0018081	0	0	1	0	0	0	0	1	2
OG0018082	0	0	1	0	0	0	0	1	2
OG0018083	0	0	1	0	0	0	0	1	2
OG0018084	0	0	2	0	0	0	0	0	2
OG0018085	0	0	1	1	0	0	0	0	2
OG0018086	0	0	1	0	0	0	0	1	2
OG0018087	0	0	1	0	0	0	0	1	2
OG0018088	0	0	1	0	0	0	0	1	2
OG0018089	0	0	1	0	0	0	0	1	2
OG0018090	0	0	1	1	0	0	0	0	2
OG0018091	0	0	1	0	0	0	0	1	2
OG0018092	0	0	1	1	0	0	0	0	2
OG0018093	0	0	1	0	0	0	0	1	2
OG0018094	0	0	1	0	0	0	0	1	2
OG0018095	0	0	1	0	0	0	0	1	2
OG0018096	0	0	1	0	0	0	0	1	2
OG0018097	0	0	2	0	0	0	0	0	2
OG0018098	0	0	2	0	0	0	0	0	2
OG0018099	0	0	1	0	0	0	0	1	2
OG0018100	0	0	1	0	0	0	0	1	2
OG0018101	0	0	1	0	0	0	0	1	2
OG0018102	0	0	1	0	0	0	0	1	2
OG0018103	0	0	1	0	0	0	0	1	2
OG0018104	0	0	1	0	0	0	0	1	2
OG0018105	0	0	1	0	0	0	0	1	2
OG0018106	0	0	1	0	0	0	0	1	2
OG0018107	0	0	1	0	0	0	0	1	2
OG0018108	0	0	1	0	0	0	0	1	2
OG0018109	0	0	1	0	0	0	0	1	2
OG0018110	0	0	1	0	0	0	0	1	2
OG0018111	0	0	1	0	0	0	0	1	2
OG0018112	0	0	1	0	0	0	0	1	2
OG0018113	0	0	1	0	0	0	0	1	2
OG0018114	0	0	1	0	0	0	0	1	2
OG0018115	0	0	1	0	0	0	0	1	2
OG0018116	0	0	1	0	0	0	0	1	2
OG0018117	0	0	1	0	0	0	0	1	2
OG0018118	0	0	1	0	0	0	0	1	2
OG0018119	0	0	1	0	0	0	0	1	2
OG0018120	0	0	1	0	0	0	0	1	2
OG0018121	0	0	1	0	0	0	0	1	2
OG0018122	0	0	1	0	0	0	0	1	2
OG0018123	0	0	1	1	0	0	0	0	2
OG0018124	0	0	1	0	0	0	0	1	2
OG0018125	0	0	1	0	0	0	0	1	2
OG0018126	0	0	1	0	0	0	0	1	2
OG0018127	0	0	1	0	0	0	0	1	2
OG0018128	0	0	1	0	0	1	0	0	2
OG0018129	0	0	1	0	0	0	0	1	2
OG0018130	0	0	1	0	0	0	0	1	2
OG0018131	0	0	1	0	0	0	0	1	2
OG0018132	0	0	1	0	0	0	0	1	2
OG0018133	0	0	1	0	0	0	0	1	2
OG0018134	0	0	1	0	0	0	0	1	2
OG0018135	0	0	1	0	0	0	0	1	2
OG0018136	0	0	1	0	0	0	0	1	2
OG0018137	0	0	1	0	0	0	0	1	2
OG0018138	0	0	1	0	0	0	0	1	2
OG0018139	0	0	1	0	0	0	0	1	2
OG0018140	0	0	1	0	0	0	0	1	2
OG0018141	0	0	1	0	0	0	0	1	2
OG0018142	0	0	1	0	0	0	0	1	2
OG0018143	0	0	1	0	0	0	0	1	2
OG0018144	0	0	1	0	0	0	0	1	2
OG0018145	0	0	1	0	0	0	0	1	2
OG0018146	0	0	1	0	0	0	0	1	2
OG0018147	0	0	1	1	0	0	0	0	2
OG0018148	0	0	1	0	0	0	0	1	2
OG0018149	0	0	2	0	0	0	0	0	2
OG0018150	0	0	1	0	0	0	0	1	2
OG0018151	0	0	1	0	0	0	0	1	2
OG0018152	0	0	1	0	0	0	0	1	2
OG0018153	0	0	1	0	0	0	0	1	2
OG0018154	0	0	1	0	0	0	0	1	2
OG0018155	0	0	1	0	0	0	0	1	2
OG0018156	0	0	1	0	0	0	0	1	2
OG0018157	0	0	1	1	0	0	0	0	2
OG0018158	0	0	1	0	0	0	0	1	2
OG0018159	0	0	1	0	0	0	0	1	2
OG0018160	0	0	1	0	0	0	0	1	2
OG0018161	0	0	1	0	0	0	0	1	2
OG0018162	0	0	1	0	0	0	0	1	2
OG0018163	0	0	1	0	0	0	0	1	2
OG0018164	0	0	1	0	0	0	0	1	2
OG0018165	0	0	1	0	0	0	0	1	2
OG0018166	0	0	1	0	0	0	0	1	2
OG0018167	0	0	1	0	0	0	0	1	2
OG0018168	0	0	1	0	0	0	0	1	2
OG0018169	0	0	1	0	0	0	0	1	2
OG0018170	0	0	1	0	0	0	0	1	2
OG0018171	0	0	1	0	0	0	0	1	2
OG0018172	0	0	1	0	0	0	0	1	2
OG0018173	0	0	1	0	0	0	0	1	2
OG0018174	0	0	1	0	0	0	0	1	2
OG0018175	0	0	1	0	0	0	0	1	2
OG0018176	0	0	1	0	0	0	0	1	2
OG0018177	0	0	1	0	0	0	0	1	2
OG0018178	0	0	1	0	0	0	0	1	2
OG0018179	0	0	1	0	0	0	0	1	2
OG0018180	0	0	1	0	0	0	0	1	2
OG0018181	0	0	1	0	0	0	0	1	2
OG0018182	0	0	1	0	0	0	0	1	2
OG0018183	0	0	1	0	0	0	0	1	2
OG0018184	0	0	1	0	0	0	0	1	2
OG0018185	0	0	1	0	0	0	0	1	2
OG0018186	0	0	1	0	0	0	0	1	2
OG0018187	0	0	1	0	0	0	0	1	2
OG0018188	0	0	1	0	0	0	0	1	2
OG0018189	0	0	1	0	0	0	0	1	2
OG0018190	0	0	1	0	0	0	0	1	2
OG0018191	0	0	1	0	0	0	0	1	2
OG0018192	0	0	1	0	0	0	0	1	2
OG0018193	0	0	1	0	0	0	0	1	2
OG0018194	0	0	1	0	0	0	0	1	2
OG0018195	0	0	1	0	0	0	0	1	2
OG0018196	0	0	1	0	0	0	0	1	2
OG0018197	0	0	1	0	0	0	0	1	2
OG0018198	0	0	1	0	0	0	0	1	2
OG0018199	0	0	1	0	0	0	0	1	2
OG0018200	0	0	1	1	0	0	0	0	2
OG0018201	0	0	1	0	0	0	0	1	2
OG0018202	0	0	2	0	0	0	0	0	2
OG0018203	0	0	1	0	0	0	0	1	2
OG0018204	0	0	1	0	0	0	0	1	2
OG0018205	0	0	1	0	0	0	0	1	2
OG0018206	0	0	1	0	0	0	0	1	2
OG0018207	0	0	1	0	0	0	0	1	2
OG0018208	0	0	1	0	0	0	0	1	2
OG0018209	0	0	1	0	0	0	0	1	2
OG0018210	0	0	1	0	0	0	0	1	2
OG0018211	0	0	1	0	0	0	0	1	2
OG0018212	0	0	1	0	0	0	0	1	2
OG0018213	0	0	1	0	0	0	0	1	2
OG0018214	0	0	1	0	0	0	0	1	2
OG0018215	0	0	1	0	0	0	0	1	2
OG0018216	0	0	1	0	0	0	0	1	2
OG0018217	0	0	1	0	0	0	0	1	2
OG0018218	0	0	1	0	0	0	0	1	2
OG0018219	0	0	1	0	0	0	0	1	2
OG0018220	0	0	1	0	0	0	0	1	2
OG0018221	0	0	1	0	0	0	0	1	2
OG0018222	0	0	1	0	0	0	0	1	2
OG0018223	0	0	1	0	0	0	0	1	2
OG0018224	0	0	1	0	0	0	0	1	2
OG0018225	0	0	1	0	0	0	0	1	2
OG0018226	0	0	1	0	0	0	0	1	2
OG0018227	0	0	1	0	0	0	0	1	2
OG0018228	0	0	1	0	0	0	0	1	2
OG0018229	0	0	1	0	0	0	0	1	2
OG0018230	0	0	1	0	0	0	0	1	2
OG0018231	0	0	1	0	0	0	0	1	2
OG0018232	0	0	1	0	0	0	0	1	2
OG0018233	0	0	1	0	0	0	0	1	2
OG0018234	0	0	1	0	0	0	0	1	2
OG0018235	0	0	1	0	0	0	0	1	2
OG0018236	0	0	1	0	0	0	0	1	2
OG0018237	0	0	1	0	0	0	0	1	2
OG0018238	0	0	1	0	0	0	0	1	2
OG0018239	0	0	2	0	0	0	0	0	2
OG0018240	0	0	2	0	0	0	0	0	2
OG0018241	0	0	1	0	0	0	0	1	2
OG0018242	0	0	1	0	0	0	0	1	2
OG0018243	0	0	1	0	0	0	0	1	2
OG0018244	0	0	1	0	0	0	0	1	2
OG0018245	0	0	1	0	0	0	0	1	2
OG0018246	0	0	1	0	0	0	0	1	2
OG0018247	0	0	2	0	0	0	0	0	2
OG0018248	0	0	2	0	0	0	0	0	2
OG0018249	0	0	1	0	0	0	0	1	2
OG0018250	0	0	1	0	0	0	0	1	2
OG0018251	0	0	1	0	0	0	0	1	2
OG0018252	0	0	1	0	0	0	0	1	2
OG0018253	0	0	1	0	0	0	0	1	2
OG0018254	0	0	1	0	0	0	0	1	2
OG0018255	0	0	1	0	0	0	0	1	2
OG0018256	0	0	1	0	0	0	0	1	2
OG0018257	0	0	1	0	0	0	0	1	2
OG0018258	0	0	1	0	0	0	0	1	2
OG0018259	0	0	1	0	0	0	0	1	2
OG0018260	0	0	1	0	0	0	0	1	2
OG0018261	0	0	2	0	0	0	0	0	2
OG0018262	0	0	1	0	0	0	0	1	2
OG0018263	0	0	1	0	0	0	0	1	2
OG0018264	0	0	1	0	0	0	0	1	2
OG0018265	0	0	1	0	0	0	0	1	2
OG0018266	0	0	1	0	0	0	0	1	2
OG0018267	0	0	1	0	0	0	0	1	2
OG0018268	0	0	2	0	0	0	0	0	2
OG0018269	0	0	1	0	0	0	0	1	2
OG0018270	0	0	1	0	0	0	0	1	2
OG0018271	0	0	1	0	0	0	0	1	2
OG0018272	0	0	1	0	0	0	0	1	2
OG0018273	0	0	1	0	0	0	0	1	2
OG0018274	0	0	1	0	0	0	0	1	2
OG0018275	0	0	1	0	0	0	0	1	2
OG0018276	0	0	1	0	0	0	0	1	2
OG0018277	0	0	1	0	0	0	0	1	2
OG0018278	0	0	1	0	0	0	0	1	2
OG0018279	0	0	1	0	0	0	0	1	2
OG0018280	0	0	1	0	0	0	0	1	2
OG0018281	0	0	1	0	0	0	0	1	2
OG0018282	0	0	1	0	0	0	0	1	2
OG0018283	0	0	1	0	0	0	0	1	2
OG0018284	0	0	1	0	0	0	0	1	2
OG0018285	0	0	1	0	0	0	0	1	2
OG0018286	0	0	1	0	0	0	0	1	2
OG0018287	0	0	1	0	0	0	0	1	2
OG0018288	0	0	1	0	0	0	0	1	2
OG0018289	0	0	1	0	0	0	0	1	2
OG0018290	0	0	1	0	0	0	0	1	2
OG0018291	0	0	1	0	0	0	0	1	2
OG0018292	0	0	1	0	0	0	0	1	2
OG0018293	0	0	1	0	0	0	0	1	2
OG0018294	0	0	1	0	0	0	0	1	2
OG0018295	0	0	1	0	0	0	0	1	2
OG0018296	0	0	1	0	0	0	0	1	2
OG0018297	0	0	1	0	0	0	0	1	2
OG0018298	0	0	1	0	0	0	0	1	2
OG0018299	0	0	1	0	0	0	0	1	2
OG0018300	0	0	1	0	0	0	0	1	2
OG0018301	0	0	1	0	0	0	0	1	2
OG0018302	0	0	1	0	0	0	0	1	2
OG0018303	0	0	1	0	0	0	0	1	2
OG0018304	0	0	1	0	0	0	0	1	2
OG0018305	0	0	1	0	0	0	0	1	2
OG0018306	0	0	1	0	0	0	0	1	2
OG0018307	0	0	1	0	0	0	0	1	2
OG0018308	0	0	1	0	0	0	0	1	2
OG0018309	0	0	1	0	0	0	0	1	2
OG0018310	0	0	1	0	0	0	0	1	2
OG0018311	0	0	1	0	0	0	0	1	2
OG0018312	0	0	1	0	0	0	0	1	2
OG0018313	0	0	1	0	0	0	0	1	2
OG0018314	0	0	1	0	0	0	0	1	2
OG0018315	0	0	1	0	0	0	0	1	2
OG0018316	0	0	1	0	0	0	0	1	2
OG0018317	0	0	1	0	0	0	0	1	2
OG0018318	0	0	1	1	0	0	0	0	2
OG0018319	0	0	1	0	0	0	0	1	2
OG0018320	0	0	1	0	0	0	0	1	2
OG0018321	0	0	1	0	0	0	0	1	2
OG0018322	0	0	1	0	0	0	0	1	2
OG0018323	0	0	1	0	0	0	0	1	2
OG0018324	0	0	1	0	0	0	0	1	2
OG0018325	0	0	1	0	0	0	0	1	2
OG0018326	0	0	1	0	0	0	0	1	2
OG0018327	0	0	1	0	0	0	0	1	2
OG0018328	0	0	2	0	0	0	0	0	2
OG0018329	0	0	1	0	0	0	0	1	2
OG0018330	0	0	2	0	0	0	0	0	2
OG0018331	0	0	1	0	0	0	0	1	2
OG0018332	0	0	1	0	0	0	0	1	2
OG0018333	0	0	1	0	0	0	0	1	2
OG0018334	0	0	1	0	0	0	0	1	2
OG0018335	0	0	1	0	0	0	0	1	2
OG0018336	0	0	1	0	0	0	0	1	2
OG0018337	0	0	1	0	0	0	0	1	2
OG0018338	0	0	1	0	0	0	0	1	2
OG0018339	0	0	1	0	0	0	0	1	2
OG0018340	0	0	1	0	0	0	0	1	2
OG0018341	0	0	1	0	0	0	0	1	2
OG0018342	0	0	1	0	0	0	0	1	2
OG0018343	0	0	1	0	0	0	0	1	2
OG0018344	0	0	1	0	0	0	0	1	2
OG0018345	0	0	1	0	0	0	0	1	2
OG0018346	0	0	1	0	0	0	0	1	2
OG0018347	0	0	1	0	0	0	0	1	2
OG0018348	0	0	1	0	0	0	0	1	2
OG0018349	0	0	1	0	0	0	0	1	2
OG0018350	0	0	1	0	0	0	0	1	2
OG0018351	0	0	1	0	0	0	0	1	2
OG0018352	0	0	1	0	0	0	0	1	2
OG0018353	0	0	1	0	0	0	0	1	2
OG0018354	0	0	1	0	0	0	0	1	2
OG0018355	0	0	1	0	0	0	0	1	2
OG0018356	0	0	1	0	0	0	0	1	2
OG0018357	0	0	1	0	0	0	0	1	2
OG0018358	0	0	1	0	0	0	0	1	2
OG0018359	0	0	1	0	0	0	0	1	2
OG0018360	0	0	1	0	0	0	0	1	2
OG0018361	0	0	2	0	0	0	0	0	2
OG0018362	0	0	1	0	0	0	0	1	2
OG0018363	0	0	1	0	0	0	0	1	2
OG0018364	0	0	1	0	0	0	0	1	2
OG0018365	0	0	1	0	0	0	0	1	2
OG0018366	0	0	1	0	0	0	0	1	2
OG0018367	0	0	1	0	0	0	0	1	2
OG0018368	0	0	1	0	0	0	0	1	2
OG0018369	0	0	1	0	0	0	0	1	2
OG0018370	0	0	2	0	0	0	0	0	2
OG0018371	0	0	1	0	0	0	0	1	2
OG0018372	0	0	2	0	0	0	0	0	2
OG0018373	0	0	1	0	0	0	0	1	2
OG0018374	0	0	1	0	0	0	0	1	2
OG0018375	0	0	1	0	0	0	0	1	2
OG0018376	0	0	1	0	0	0	0	1	2
OG0018377	0	0	2	0	0	0	0	0	2
OG0018378	0	0	1	0	0	0	0	1	2
OG0018379	0	0	1	0	0	0	0	1	2
OG0018380	0	0	1	0	0	0	0	1	2
OG0018381	0	0	1	0	0	0	0	1	2
OG0018382	0	0	1	0	0	0	0	1	2
OG0018383	0	0	1	0	0	0	0	1	2
OG0018384	0	0	1	0	0	0	0	1	2
OG0018385	0	0	1	0	0	0	0	1	2
OG0018386	0	0	1	0	0	0	0	1	2
OG0018387	0	0	1	0	0	0	0	1	2
OG0018388	0	0	2	0	0	0	0	0	2
OG0018389	0	0	1	0	0	0	0	1	2
OG0018390	0	0	1	0	0	0	0	1	2
OG0018391	0	0	1	0	0	0	0	1	2
OG0018392	0	0	1	0	0	1	0	0	2
OG0018393	0	0	1	0	0	0	0	1	2
OG0018394	0	0	1	0	0	0	0	1	2
OG0018395	0	0	1	0	0	0	0	1	2
OG0018396	0	0	1	0	0	0	0	1	2
OG0018397	0	0	1	0	0	0	0	1	2
OG0018398	0	0	1	0	0	0	0	1	2
OG0018399	0	0	1	0	0	0	0	1	2
OG0018400	0	0	1	0	0	0	0	1	2
OG0018401	0	0	1	0	0	0	0	1	2
OG0018402	0	0	1	0	0	0	0	1	2
OG0018403	0	0	1	0	0	0	0	1	2
OG0018404	0	0	1	0	0	0	0	1	2
OG0018405	0	0	1	0	0	0	0	1	2
OG0018406	0	0	1	0	0	0	0	1	2
OG0018407	0	0	1	0	0	0	0	1	2
OG0018408	0	0	1	0	0	0	0	1	2
OG0018409	0	0	1	0	0	0	0	1	2
OG0018410	0	0	1	0	0	0	0	1	2
OG0018411	0	0	1	0	0	0	0	1	2
OG0018412	0	0	1	0	0	0	0	1	2
OG0018413	0	0	1	0	0	0	0	1	2
OG0018414	0	0	1	0	0	0	0	1	2
OG0018415	0	0	1	0	0	0	0	1	2
OG0018416	0	0	1	1	0	0	0	0	2
OG0018417	0	0	2	0	0	0	0	0	2
OG0018418	0	0	1	0	0	0	0	1	2
OG0018419	0	0	1	0	0	0	0	1	2
OG0018420	0	0	1	0	0	0	0	1	2
OG0018421	0	0	1	0	0	0	0	1	2
OG0018422	0	0	1	1	0	0	0	0	2
OG0018423	0	0	1	0	0	0	0	1	2
OG0018424	0	0	1	0	0	0	0	1	2
OG0018425	0	0	1	0	0	0	0	1	2
OG0018426	0	0	1	0	0	0	0	1	2
OG0018427	0	0	2	0	0	0	0	0	2
OG0018428	0	0	2	0	0	0	0	0	2
OG0018429	0	0	1	0	0	0	0	1	2
OG0018430	0	0	1	1	0	0	0	0	2
OG0018431	0	0	1	0	0	0	0	1	2
OG0018432	0	0	1	0	0	0	0	1	2
OG0018433	0	0	1	0	0	0	0	1	2
OG0018434	0	0	1	0	0	0	0	1	2
OG0018435	0	0	1	0	0	0	0	1	2
OG0018436	0	0	1	0	0	0	0	1	2
OG0018437	0	0	2	0	0	0	0	0	2
OG0018438	0	0	1	0	0	0	0	1	2
OG0018439	0	0	1	0	0	0	0	1	2
OG0018440	0	0	1	0	0	0	0	1	2
OG0018441	0	0	1	0	0	0	0	1	2
OG0018442	0	0	1	0	0	0	0	1	2
OG0018443	0	0	1	0	0	0	0	1	2
OG0018444	0	0	1	0	0	0	0	1	2
OG0018445	0	0	1	0	0	0	0	1	2
OG0018446	0	0	1	0	0	0	0	1	2
OG0018447	0	0	1	0	0	0	0	1	2
OG0018448	0	0	1	0	0	0	0	1	2
OG0018449	0	0	1	0	0	0	0	1	2
OG0018450	0	0	1	0	0	0	0	1	2
OG0018451	0	0	1	0	0	0	0	1	2
OG0018452	0	0	1	0	0	0	0	1	2
OG0018453	0	0	1	0	0	0	0	1	2
OG0018454	0	0	1	0	0	0	0	1	2
OG0018455	0	0	1	0	0	0	0	1	2
OG0018456	0	0	1	0	0	0	0	1	2
OG0018457	0	0	1	0	0	0	0	1	2
OG0018458	0	0	1	0	0	0	0	1	2
OG0018459	0	0	1	0	0	0	0	1	2
OG0018460	0	0	1	1	0	0	0	0	2
OG0018461	0	0	1	0	0	0	0	1	2
OG0018462	0	0	1	0	0	0	0	1	2
OG0018463	0	0	1	0	0	0	0	1	2
OG0018464	0	0	1	0	0	0	0	1	2
OG0018465	0	0	1	0	0	0	0	1	2
OG0018466	0	0	1	0	0	0	0	1	2
OG0018467	0	0	2	0	0	0	0	0	2
OG0018468	0	0	1	0	0	0	0	1	2
OG0018469	0	0	2	0	0	0	0	0	2
OG0018470	0	0	1	0	0	0	0	1	2
OG0018471	0	0	1	0	0	0	0	1	2
OG0018472	0	0	1	0	0	0	0	1	2
OG0018473	0	0	1	0	0	0	0	1	2
OG0018474	0	0	1	0	0	0	0	1	2
OG0018475	0	0	1	0	0	0	0	1	2
OG0018476	0	0	1	0	0	0	0	1	2
OG0018477	0	0	1	0	0	0	0	1	2
OG0018478	0	0	1	0	0	0	0	1	2
OG0018479	0	0	2	0	0	0	0	0	2
OG0018480	0	0	1	0	0	0	0	1	2
OG0018481	0	0	1	0	0	0	0	1	2
OG0018482	0	0	1	0	0	0	0	1	2
OG0018483	0	0	1	0	0	0	0	1	2
OG0018484	0	0	2	0	0	0	0	0	2
OG0018485	0	0	1	0	0	0	0	1	2
OG0018486	0	0	1	0	0	0	0	1	2
OG0018487	0	0	1	0	0	0	0	1	2
OG0018488	0	0	1	0	0	0	0	1	2
OG0018489	0	0	1	0	0	0	0	1	2
OG0018490	0	0	1	0	0	0	0	1	2
OG0018491	0	0	1	0	0	0	0	1	2
OG0018492	0	0	1	0	0	0	0	1	2
OG0018493	0	0	1	0	0	0	0	1	2
OG0018494	0	0	1	0	0	0	0	1	2
OG0018495	0	0	1	0	0	0	0	1	2
OG0018496	0	0	1	0	0	0	0	1	2
OG0018497	0	0	1	0	0	0	0	1	2
OG0018498	0	0	1	0	0	0	0	1	2
OG0018499	0	0	1	0	0	0	0	1	2
OG0018500	0	0	1	0	0	0	0	1	2
OG0018501	0	0	1	0	0	0	0	1	2
OG0018502	0	0	1	0	0	0	0	1	2
OG0018503	0	0	1	0	0	0	0	1	2
OG0018504	0	0	1	0	0	0	0	1	2
OG0018505	0	0	1	0	0	0	0	1	2
OG0018506	0	0	1	0	0	0	0	1	2
OG0018507	0	0	1	0	0	0	0	1	2
OG0018508	0	0	1	0	0	0	0	1	2
OG0018509	0	0	1	0	0	0	0	1	2
OG0018510	0	0	1	0	0	0	0	1	2
OG0018511	0	0	1	0	0	0	0	1	2
OG0018512	0	0	1	0	0	0	0	1	2
OG0018513	0	0	1	0	0	0	0	1	2
OG0018514	0	0	1	0	0	0	0	1	2
OG0018515	0	0	1	0	0	0	0	1	2
OG0018516	0	0	1	0	0	0	0	1	2
OG0018517	0	0	1	0	0	0	0	1	2
OG0018518	0	0	1	1	0	0	0	0	2
OG0018519	0	0	1	0	0	0	0	1	2
OG0018520	0	0	1	0	0	0	0	1	2
OG0018521	0	0	1	0	0	0	0	1	2
OG0018522	0	0	1	0	0	0	0	1	2
OG0018523	0	0	1	0	0	0	0	1	2
OG0018524	0	0	1	0	0	0	0	1	2
OG0018525	0	0	1	0	0	0	0	1	2
OG0018526	0	0	1	0	0	0	0	1	2
OG0018527	0	0	1	0	0	0	0	1	2
OG0018528	0	0	1	0	0	0	0	1	2
OG0018529	0	0	2	0	0	0	0	0	2
OG0018530	0	0	1	0	0	0	0	1	2
OG0018531	0	0	1	0	0	0	0	1	2
OG0018532	0	0	1	0	0	0	0	1	2
OG0018533	0	0	1	0	0	0	0	1	2
OG0018534	0	0	1	0	0	0	0	1	2
OG0018535	0	0	1	0	0	0	0	1	2
OG0018536	0	0	1	0	0	0	0	1	2
OG0018537	0	0	1	0	0	0	0	1	2
OG0018538	0	0	1	0	0	0	0	1	2
OG0018539	0	0	1	0	0	0	0	1	2
OG0018540	0	0	1	0	0	0	0	1	2
OG0018541	0	0	1	0	0	0	0	1	2
OG0018542	0	0	1	0	0	0	0	1	2
OG0018543	0	0	1	0	0	0	0	1	2
OG0018544	0	0	1	0	0	0	0	1	2
OG0018545	0	0	1	0	0	0	0	1	2
OG0018546	0	0	1	0	0	0	0	1	2
OG0018547	0	0	1	0	0	0	0	1	2
OG0018548	0	0	1	0	0	0	0	1	2
OG0018549	0	0	1	0	0	0	0	1	2
OG0018550	0	0	1	0	0	0	0	1	2
OG0018551	0	0	1	0	0	0	0	1	2
OG0018552	0	0	1	0	0	0	0	1	2
OG0018553	0	0	1	0	0	0	0	1	2
OG0018554	0	0	1	0	0	0	0	1	2
OG0018555	0	0	1	0	0	0	0	1	2
OG0018556	0	0	1	0	0	0	0	1	2
OG0018557	0	0	1	0	0	0	0	1	2
OG0018558	0	0	1	0	0	0	0	1	2
OG0018559	0	0	1	0	0	0	0	1	2
OG0018560	0	0	1	0	0	0	0	1	2
OG0018561	0	0	1	0	0	0	0	1	2
OG0018562	0	0	1	0	0	0	0	1	2
OG0018563	0	0	1	0	0	0	0	1	2
OG0018564	0	0	1	0	0	0	0	1	2
OG0018565	0	0	1	0	0	0	0	1	2
OG0018566	0	0	1	0	0	0	0	1	2
OG0018567	0	0	1	0	0	0	0	1	2
OG0018568	0	0	1	0	0	0	0	1	2
OG0018569	0	0	1	0	0	0	0	1	2
OG0018570	0	0	1	0	0	0	0	1	2
OG0018571	0	0	1	0	0	0	0	1	2
OG0018572	0	0	1	0	0	0	0	1	2
OG0018573	0	0	1	0	0	0	0	1	2
OG0018574	0	0	1	0	0	0	0	1	2
OG0018575	0	0	1	0	0	0	0	1	2
OG0018576	0	0	1	1	0	0	0	0	2
OG0018577	0	0	1	0	0	0	0	1	2
OG0018578	0	0	2	0	0	0	0	0	2
OG0018579	0	0	1	0	0	0	0	1	2
OG0018580	0	0	1	0	0	0	0	1	2
OG0018581	0	0	1	0	0	0	0	1	2
OG0018582	0	0	1	0	0	0	0	1	2
OG0018583	0	0	1	0	0	0	0	1	2
OG0018584	0	0	1	0	0	0	0	1	2
OG0018585	0	0	1	0	0	0	0	1	2
OG0018586	0	0	1	0	0	0	0	1	2
OG0018587	0	0	1	0	0	0	0	1	2
OG0018588	0	0	1	0	0	0	0	1	2
OG0018589	0	0	1	0	0	0	0	1	2
OG0018590	0	0	1	0	0	0	0	1	2
OG0018591	0	0	1	0	0	0	0	1	2
OG0018592	0	0	1	0	0	0	0	1	2
OG0018593	0	0	1	0	0	0	0	1	2
OG0018594	0	0	1	0	0	0	0	1	2
OG0018595	0	0	1	0	0	0	0	1	2
OG0018596	0	0	1	0	0	0	0	1	2
OG0018597	0	0	1	0	0	0	0	1	2
OG0018598	0	0	2	0	0	0	0	0	2
OG0018599	0	0	2	0	0	0	0	0	2
OG0018600	0	0	1	0	0	0	0	1	2
OG0018601	0	0	1	0	0	0	0	1	2
OG0018602	0	0	1	0	0	0	0	1	2
OG0018603	0	0	1	0	0	0	0	1	2
OG0018604	0	0	1	0	0	0	0	1	2
OG0018605	0	0	1	0	0	0	0	1	2
OG0018606	0	0	1	0	0	0	0	1	2
OG0018607	0	0	1	0	0	0	0	1	2
OG0018608	0	0	1	0	0	0	0	1	2
OG0018609	0	0	1	0	0	0	0	1	2
OG0018610	0	0	1	0	0	0	0	1	2
OG0018611	0	0	1	0	0	0	0	1	2
OG0018612	0	0	1	0	0	0	0	1	2
OG0018613	0	0	1	0	0	0	0	1	2
OG0018614	0	0	1	0	0	0	0	1	2
OG0018615	0	0	1	0	0	0	0	1	2
OG0018616	0	0	1	0	0	0	0	1	2
OG0018617	0	0	1	0	0	0	0	1	2
OG0018618	0	0	1	0	0	0	0	1	2
OG0018619	0	0	1	0	0	0	0	1	2
OG0018620	0	0	1	0	0	0	0	1	2
OG0018621	0	0	1	0	0	0	0	1	2
OG0018622	0	0	1	0	0	0	0	1	2
OG0018623	0	0	1	0	0	0	0	1	2
OG0018624	0	0	1	0	0	0	0	1	2
OG0018625	0	0	1	1	0	0	0	0	2
OG0018626	0	0	1	0	0	0	0	1	2
OG0018627	0	0	1	0	0	0	0	1	2
OG0018628	0	0	1	0	0	0	0	1	2
OG0018629	0	0	1	0	0	0	0	1	2
OG0018630	0	0	1	0	0	0	0	1	2
OG0018631	0	0	2	0	0	0	0	0	2
OG0018632	0	0	1	0	0	0	0	1	2
OG0018633	0	0	1	0	0	0	0	1	2
OG0018634	0	0	1	0	0	0	0	1	2
OG0018635	0	0	1	0	0	0	0	1	2
OG0018636	0	0	1	0	0	0	0	1	2
OG0018637	0	0	1	0	0	0	0	1	2
OG0018638	0	0	1	0	0	0	0	1	2
OG0018639	0	0	1	0	0	0	0	1	2
OG0018640	0	0	1	0	0	0	0	1	2
OG0018641	0	0	1	0	0	0	0	1	2
OG0018642	0	0	1	0	0	0	0	1	2
OG0018643	0	0	1	0	0	0	0	1	2
OG0018644	0	0	2	0	0	0	0	0	2
OG0018645	0	0	1	0	0	0	0	1	2
OG0018646	0	0	1	0	0	0	0	1	2
OG0018647	0	0	1	0	0	0	0	1	2
OG0018648	0	0	1	0	0	0	0	1	2
OG0018649	0	0	1	0	0	0	0	1	2
OG0018650	0	0	1	0	0	0	0	1	2
OG0018651	0	0	1	0	0	0	0	1	2
OG0018652	0	0	1	0	0	0	0	1	2
OG0018653	0	0	1	0	0	0	0	1	2
OG0018654	0	0	1	0	0	0	0	1	2
OG0018655	0	0	1	1	0	0	0	0	2
OG0018656	0	0	1	0	0	0	0	1	2
OG0018657	0	0	1	0	0	0	0	1	2
OG0018658	0	0	1	0	0	0	0	1	2
OG0018659	0	0	1	0	0	0	0	1	2
OG0018660	0	0	1	0	0	0	0	1	2
OG0018661	0	0	1	0	0	0	0	1	2
OG0018662	0	0	1	1	0	0	0	0	2
OG0018663	0	0	1	0	0	0	0	1	2
OG0018664	0	0	1	0	0	0	0	1	2
OG0018665	0	0	1	0	0	0	0	1	2
OG0018666	0	0	2	0	0	0	0	0	2
OG0018667	0	0	1	0	0	0	0	1	2
OG0018668	0	0	1	0	0	0	0	1	2
OG0018669	0	0	1	0	0	0	0	1	2
OG0018670	0	0	2	0	0	0	0	0	2
OG0018671	0	0	1	0	0	0	0	1	2
OG0018672	0	0	1	0	0	0	0	1	2
OG0018673	0	0	1	0	0	0	0	1	2
OG0018674	0	0	1	0	0	0	0	1	2
OG0018675	0	0	1	0	0	0	0	1	2
OG0018676	0	0	2	0	0	0	0	0	2
OG0018677	0	0	1	0	0	0	0	1	2
OG0018678	0	0	1	0	0	0	0	1	2
OG0018679	0	0	1	0	0	0	0	1	2
OG0018680	0	0	1	0	0	0	0	1	2
OG0018681	0	0	1	0	0	0	0	1	2
OG0018682	0	0	1	0	0	0	0	1	2
OG0018683	0	0	1	0	0	0	0	1	2
OG0018684	0	0	1	0	0	0	0	1	2
OG0018685	0	0	1	0	0	0	0	1	2
OG0018686	0	0	1	0	0	0	0	1	2
OG0018687	0	0	1	0	0	0	0	1	2
OG0018688	0	0	1	0	0	0	0	1	2
OG0018689	0	0	1	0	0	0	0	1	2
OG0018690	0	0	1	0	0	0	0	1	2
OG0018691	0	0	1	0	0	0	0	1	2
OG0018692	0	0	1	0	0	0	0	1	2
OG0018693	0	0	1	0	0	0	0	1	2
OG0018694	0	0	1	0	0	0	0	1	2
OG0018695	0	0	1	0	0	0	0	1	2
OG0018696	0	0	1	0	0	0	0	1	2
OG0018697	0	0	1	0	0	0	0	1	2
OG0018698	0	0	1	0	0	0	0	1	2
OG0018699	0	0	1	0	0	0	0	1	2
OG0018700	0	0	2	0	0	0	0	0	2
OG0018701	0	0	1	0	0	0	0	1	2
OG0018702	0	0	1	0	0	0	0	1	2
OG0018703	0	0	2	0	0	0	0	0	2
OG0018704	0	0	1	0	0	0	0	1	2
OG0018705	0	0	1	0	0	0	0	1	2
OG0018706	0	0	2	0	0	0	0	0	2
OG0018707	0	0	1	0	0	0	0	1	2
OG0018708	0	0	1	0	0	0	0	1	2
OG0018709	0	0	1	0	0	0	0	1	2
OG0018710	0	0	1	0	0	0	0	1	2
OG0018711	0	0	1	0	0	0	0	1	2
OG0018712	0	0	1	0	0	0	0	1	2
OG0018713	0	0	1	0	0	0	0	1	2
OG0018714	0	0	1	0	0	0	0	1	2
OG0018715	0	0	1	0	0	0	0	1	2
OG0018716	0	0	1	0	0	0	0	1	2
OG0018717	0	0	1	1	0	0	0	0	2
OG0018718	0	0	1	0	0	0	0	1	2
OG0018719	0	0	1	0	0	0	0	1	2
OG0018720	0	0	1	0	0	0	0	1	2
OG0018721	0	0	1	0	0	0	0	1	2
OG0018722	0	0	1	0	0	0	0	1	2
OG0018723	0	0	1	0	0	0	0	1	2
OG0018724	0	0	1	0	0	0	0	1	2
OG0018725	0	0	1	0	0	0	0	1	2
OG0018726	0	0	1	0	0	0	0	1	2
OG0018727	0	0	1	0	0	0	0	1	2
OG0018728	0	0	1	0	0	0	0	1	2
OG0018729	0	0	1	0	0	0	0	1	2
OG0018730	0	0	1	0	0	0	0	1	2
OG0018731	0	0	1	0	0	0	0	1	2
OG0018732	0	0	1	0	0	0	0	1	2
OG0018733	0	0	1	0	0	0	0	1	2
OG0018734	0	0	1	0	0	0	0	1	2
OG0018735	0	0	2	0	0	0	0	0	2
OG0018736	0	0	1	0	0	0	0	1	2
OG0018737	0	0	1	0	0	0	0	1	2
OG0018738	0	0	2	0	0	0	0	0	2
OG0018739	0	0	1	0	0	0	0	1	2
OG0018740	0	0	1	0	0	0	0	1	2
OG0018741	0	0	1	1	0	0	0	0	2
OG0018742	0	0	1	0	0	0	0	1	2
OG0018743	0	0	1	0	0	0	0	1	2
OG0018744	0	0	1	0	0	0	0	1	2
OG0018745	0	0	1	0	0	0	0	1	2
OG0018746	0	0	1	0	0	0	0	1	2
OG0018747	0	0	1	0	0	0	0	1	2
OG0018748	0	0	1	0	0	0	0	1	2
OG0018749	0	0	1	0	0	0	0	1	2
OG0018750	0	0	1	0	0	0	0	1	2
OG0018751	0	0	1	0	0	0	0	1	2
OG0018752	0	0	1	0	0	0	0	1	2
OG0018753	0	0	1	0	0	0	0	1	2
OG0018754	0	0	1	0	0	0	0	1	2
OG0018755	0	0	1	0	0	0	0	1	2
OG0018756	0	0	1	0	0	0	0	1	2
OG0018757	0	0	1	0	0	0	0	1	2
OG0018758	0	0	1	0	0	0	0	1	2
OG0018759	0	0	1	0	0	0	0	1	2
OG0018760	0	0	1	0	1	0	0	0	2
OG0018761	0	0	1	0	0	0	0	1	2
OG0018762	0	0	1	0	0	0	0	1	2
OG0018763	0	0	1	0	0	1	0	0	2
OG0018764	0	0	1	0	0	0	0	1	2
OG0018765	0	0	1	0	0	0	0	1	2
OG0018766	0	0	1	0	0	0	0	1	2
OG0018767	0	0	1	0	0	0	0	1	2
OG0018768	0	0	1	0	0	0	0	1	2
OG0018769	0	0	1	1	0	0	0	0	2
OG0018770	0	0	1	0	0	0	0	1	2
OG0018771	0	0	2	0	0	0	0	0	2
OG0018772	0	0	1	0	0	0	0	1	2
OG0018773	0	0	1	0	0	0	0	1	2
OG0018774	0	0	1	0	0	0	0	1	2
OG0018775	0	0	1	0	0	0	0	1	2
OG0018776	0	0	1	0	0	0	0	1	2
OG0018777	0	0	1	0	0	0	0	1	2
OG0018778	0	0	1	0	0	0	0	1	2
OG0018779	0	0	1	0	0	0	0	1	2
OG0018780	0	0	1	0	0	0	0	1	2
OG0018781	0	0	1	0	0	0	0	1	2
OG0018782	0	0	1	0	0	0	0	1	2
OG0018783	0	0	1	0	0	0	0	1	2
OG0018784	0	0	1	0	0	0	0	1	2
OG0018785	0	0	1	1	0	0	0	0	2
OG0018786	0	0	1	0	0	0	0	1	2
OG0018787	0	0	1	0	0	0	0	1	2
OG0018788	0	0	1	0	0	0	0	1	2
OG0018789	0	0	1	0	0	0	0	1	2
OG0018790	0	0	1	0	0	0	0	1	2
OG0018791	0	0	1	0	0	0	0	1	2
OG0018792	0	0	1	0	0	0	0	1	2
OG0018793	0	0	1	1	0	0	0	0	2
OG0018794	0	0	2	0	0	0	0	0	2
OG0018795	0	0	1	0	0	0	0	1	2
OG0018796	0	0	1	0	0	0	0	1	2
OG0018797	0	0	1	0	0	0	0	1	2
OG0018798	0	0	1	0	0	0	0	1	2
OG0018799	0	0	1	0	0	0	0	1	2
OG0018800	0	0	1	0	0	0	0	1	2
OG0018801	0	0	1	0	0	0	0	1	2
OG0018802	0	0	1	0	0	0	0	1	2
OG0018803	0	0	1	0	0	0	0	1	2
OG0018804	0	0	1	1	0	0	0	0	2
OG0018805	0	0	1	0	0	0	0	1	2
OG0018806	0	0	1	0	0	0	0	1	2
OG0018807	0	0	1	0	0	0	0	1	2
OG0018808	0	0	1	0	0	0	0	1	2
OG0018809	0	0	1	0	1	0	0	0	2
OG0018810	0	0	1	0	0	0	0	1	2
OG0018811	0	0	1	0	0	0	0	1	2
OG0018812	0	0	1	0	0	0	0	1	2
OG0018813	0	0	1	0	0	0	0	1	2
OG0018814	0	0	1	1	0	0	0	0	2
OG0018815	0	0	1	0	0	0	0	1	2
OG0018816	0	0	1	0	0	0	0	1	2
OG0018817	0	0	1	0	0	0	0	1	2
OG0018818	0	0	1	0	0	0	0	1	2
OG0018819	0	0	1	0	0	0	0	1	2
OG0018820	0	0	1	0	0	0	0	1	2
OG0018821	0	0	1	0	0	0	0	1	2
OG0018822	0	0	1	1	0	0	0	0	2
OG0018823	0	0	1	0	0	0	0	1	2
OG0018824	0	0	1	0	0	0	0	1	2
OG0018825	0	0	1	0	0	0	0	1	2
OG0018826	0	0	1	0	0	0	0	1	2
OG0018827	0	0	1	0	0	0	0	1	2
OG0018828	0	0	1	0	0	0	0	1	2
OG0018829	0	0	1	0	0	0	0	1	2
OG0018830	0	0	1	0	0	0	0	1	2
OG0018831	0	0	1	0	0	0	0	1	2
OG0018832	0	0	1	0	0	0	0	1	2
OG0018833	0	0	1	0	0	0	0	1	2
OG0018834	0	0	1	0	0	0	0	1	2
OG0018835	0	0	1	0	0	0	0	1	2
OG0018836	0	0	1	0	0	0	0	1	2
OG0018837	0	0	1	0	0	0	1	0	2
OG0018838	0	0	1	0	0	0	0	1	2
OG0018839	0	0	1	0	0	0	0	1	2
OG0018840	0	0	1	0	0	0	0	1	2
OG0018841	0	0	1	0	0	0	0	1	2
OG0018842	0	0	2	0	0	0	0	0	2
OG0018843	0	0	1	0	0	0	0	1	2
OG0018844	0	0	1	0	0	0	0	1	2
OG0018845	0	0	1	0	0	0	0	1	2
OG0018846	0	0	1	0	0	0	0	1	2
OG0018847	0	0	1	0	0	0	0	1	2
OG0018848	0	0	1	0	0	0	0	1	2
OG0018849	0	0	1	0	0	0	0	1	2
OG0018850	0	0	1	0	0	0	0	1	2
OG0018851	0	0	1	0	0	0	0	1	2
OG0018852	0	0	1	0	0	0	0	1	2
OG0018853	0	0	1	0	0	0	0	1	2
OG0018854	0	0	1	0	0	0	0	1	2
OG0018855	0	0	1	0	0	0	0	1	2
OG0018856	0	0	1	1	0	0	0	0	2
OG0018857	0	0	2	0	0	0	0	0	2
OG0018858	0	0	1	0	0	0	0	1	2
OG0018859	0	0	1	0	0	0	0	1	2
OG0018860	0	0	1	0	0	0	0	1	2
OG0018861	0	0	1	0	0	0	0	1	2
OG0018862	0	0	1	0	0	0	0	1	2
OG0018863	0	0	1	0	0	0	0	1	2
OG0018864	0	0	1	0	0	0	0	1	2
OG0018865	0	0	1	0	0	0	0	1	2
OG0018866	0	0	1	0	0	0	0	1	2
OG0018867	0	0	1	0	0	0	0	1	2
OG0018868	0	0	1	0	0	0	0	1	2
OG0018869	0	0	1	0	0	0	0	1	2
OG0018870	0	0	1	0	0	0	0	1	2
OG0018871	0	0	1	0	0	0	0	1	2
OG0018872	0	0	1	0	0	0	0	1	2
OG0018873	0	0	1	0	0	0	0	1	2
OG0018874	0	0	1	0	0	0	0	1	2
OG0018875	0	0	1	0	0	0	0	1	2
OG0018876	0	0	1	0	0	0	0	1	2
OG0018877	0	0	1	0	0	0	0	1	2
OG0018878	0	0	1	0	0	0	0	1	2
OG0018879	0	0	1	0	0	0	0	1	2
OG0018880	0	0	1	0	0	0	0	1	2
OG0018881	0	0	1	0	0	0	0	1	2
OG0018882	0	0	1	0	0	0	0	1	2
OG0018883	0	0	1	0	0	0	0	1	2
OG0018884	0	0	1	0	0	0	0	1	2
OG0018885	0	0	1	0	0	0	0	1	2
OG0018886	0	0	1	0	0	0	0	1	2
OG0018887	0	0	1	1	0	0	0	0	2
OG0018888	0	0	1	0	0	0	0	1	2
OG0018889	0	0	1	0	0	0	0	1	2
OG0018890	0	0	1	0	0	0	0	1	2
OG0018891	0	0	1	0	0	0	0	1	2
OG0018892	0	0	1	0	0	0	0	1	2
OG0018893	0	0	1	0	0	0	0	1	2
OG0018894	0	0	1	0	0	0	0	1	2
OG0018895	0	0	2	0	0	0	0	0	2
OG0018896	0	0	1	0	0	0	0	1	2
OG0018897	0	0	1	0	0	0	0	1	2
OG0018898	0	0	1	0	0	0	0	1	2
OG0018899	0	0	1	0	0	0	0	1	2
OG0018900	0	0	1	0	0	0	0	1	2
OG0018901	0	0	1	0	0	0	0	1	2
OG0018902	0	0	1	0	0	0	0	1	2
OG0018903	0	0	1	0	0	0	0	1	2
OG0018904	0	0	1	0	0	0	0	1	2
OG0018905	0	0	1	0	0	0	0	1	2
OG0018906	0	0	1	0	0	0	0	1	2
OG0018907	0	0	2	0	0	0	0	0	2
OG0018908	0	0	1	0	0	0	0	1	2
OG0018909	0	0	1	0	0	0	0	1	2
OG0018910	0	0	1	0	0	0	0	1	2
OG0018911	0	0	1	0	0	1	0	0	2
OG0018912	0	0	1	0	0	0	0	1	2
OG0018913	0	0	1	0	0	0	0	1	2
OG0018914	0	0	1	0	0	0	0	1	2
OG0018915	0	0	1	0	0	0	0	1	2
OG0018916	0	0	1	0	0	0	0	1	2
OG0018917	0	0	1	0	0	0	0	1	2
OG0018918	0	0	1	0	0	0	0	1	2
OG0018919	0	0	1	0	0	0	0	1	2
OG0018920	0	0	1	0	0	0	0	1	2
OG0018921	0	0	1	0	0	0	0	1	2
OG0018922	0	0	1	0	0	0	0	1	2
OG0018923	0	0	1	0	0	0	0	1	2
OG0018924	0	0	1	0	0	0	0	1	2
OG0018925	0	0	1	0	0	0	0	1	2
OG0018926	0	0	1	0	0	0	0	1	2
OG0018927	0	0	1	0	0	0	0	1	2
OG0018928	0	0	1	0	0	0	0	1	2
OG0018929	0	0	1	0	0	0	0	1	2
OG0018930	0	0	1	0	0	0	0	1	2
OG0018931	0	0	1	0	0	0	0	1	2
OG0018932	0	0	1	0	0	0	0	1	2
OG0018933	0	0	1	0	0	0	0	1	2
OG0018934	0	0	1	0	0	0	0	1	2
OG0018935	0	0	1	0	0	0	0	1	2
OG0018936	0	0	2	0	0	0	0	0	2
OG0018937	0	0	1	0	0	0	0	1	2
OG0018938	0	0	1	0	0	0	0	1	2
OG0018939	0	0	1	0	0	0	0	1	2
OG0018940	0	0	1	0	0	0	0	1	2
OG0018941	0	0	1	0	0	0	0	1	2
OG0018942	0	0	1	0	0	0	0	1	2
OG0018943	0	0	1	0	0	0	0	1	2
OG0018944	0	0	1	0	0	0	0	1	2
OG0018945	0	0	1	0	0	0	0	1	2
OG0018946	0	0	1	0	0	0	0	1	2
OG0018947	0	0	1	0	0	0	0	1	2
OG0018948	0	0	1	0	0	0	0	1	2
OG0018949	0	0	1	0	0	0	0	1	2
OG0018950	0	0	2	0	0	0	0	0	2
OG0018951	0	0	1	0	0	0	0	1	2
OG0018952	0	0	1	0	0	0	0	1	2
OG0018953	0	0	1	0	0	0	0	1	2
OG0018954	0	0	1	0	0	0	0	1	2
OG0018955	0	0	1	0	0	0	0	1	2
OG0018956	0	0	1	0	0	0	0	1	2
OG0018957	0	0	1	0	0	0	0	1	2
OG0018958	0	0	1	0	0	0	0	1	2
OG0018959	0	0	1	0	0	0	0	1	2
OG0018960	0	0	1	0	0	0	0	1	2
OG0018961	0	0	1	0	0	0	0	1	2
OG0018962	0	0	1	0	0	0	0	1	2
OG0018963	0	0	1	0	0	0	0	1	2
OG0018964	0	0	1	0	0	0	0	1	2
OG0018965	0	0	1	0	0	0	0	1	2
OG0018966	0	0	2	0	0	0	0	0	2
OG0018967	0	0	1	0	0	0	0	1	2
OG0018968	0	0	1	0	0	0	0	1	2
OG0018969	0	0	1	0	0	0	0	1	2
OG0018970	0	0	1	0	0	0	0	1	2
OG0018971	0	0	1	0	0	0	0	1	2
OG0018972	0	0	2	0	0	0	0	0	2
OG0018973	0	0	1	0	0	0	0	1	2
OG0018974	0	0	1	0	0	0	0	1	2
OG0018975	0	0	1	0	0	0	0	1	2
OG0018976	0	0	1	0	0	0	0	1	2
OG0018977	0	0	1	0	0	0	0	1	2
OG0018978	0	0	2	0	0	0	0	0	2
OG0018979	0	0	1	0	0	0	0	1	2
OG0018980	0	0	1	0	0	0	0	1	2
OG0018981	0	0	2	0	0	0	0	0	2
OG0018982	0	0	1	0	0	0	0	1	2
OG0018983	0	0	1	0	0	0	0	1	2
OG0018984	0	0	1	0	0	0	0	1	2
OG0018985	0	0	1	0	0	0	0	1	2
OG0018986	0	0	1	0	0	0	0	1	2
OG0018987	0	0	1	0	0	0	0	1	2
OG0018988	0	0	1	0	0	0	0	1	2
OG0018989	0	0	1	0	0	0	0	1	2
OG0018990	0	0	1	0	0	0	0	1	2
OG0018991	0	0	1	0	0	0	0	1	2
OG0018992	0	0	1	0	0	0	0	1	2
OG0018993	0	0	1	0	0	0	0	1	2
OG0018994	0	0	1	0	0	0	0	1	2
OG0018995	0	0	1	0	0	0	0	1	2
OG0018996	0	0	1	0	0	0	0	1	2
OG0018997	0	0	2	0	0	0	0	0	2
OG0018998	0	0	1	0	0	0	0	1	2
OG0018999	0	0	1	0	0	0	0	1	2
OG0019000	0	0	1	0	0	0	0	1	2
OG0019001	0	0	1	0	0	0	0	1	2
OG0019002	0	0	1	0	0	0	0	1	2
OG0019003	0	0	1	0	0	0	0	1	2
OG0019004	0	0	1	0	0	0	0	1	2
OG0019005	0	0	1	0	0	0	0	1	2
OG0019006	0	0	1	0	0	0	0	1	2
OG0019007	0	0	1	0	0	0	0	1	2
OG0019008	0	0	1	0	0	0	0	1	2
OG0019009	0	0	1	0	0	0	0	1	2
OG0019010	0	0	1	0	0	0	0	1	2
OG0019011	0	0	1	0	0	0	0	1	2
OG0019012	0	0	1	0	0	0	0	1	2
OG0019013	0	0	1	0	0	0	0	1	2
OG0019014	0	0	1	0	0	0	0	1	2
OG0019015	0	0	2	0	0	0	0	0	2
OG0019016	0	0	1	0	0	0	0	1	2
OG0019017	0	0	1	0	0	0	0	1	2
OG0019018	0	0	1	0	0	0	0	1	2
OG0019019	0	0	1	0	0	0	0	1	2
OG0019020	0	0	1	0	0	0	0	1	2
OG0019021	0	0	1	0	0	0	0	1	2
OG0019022	0	0	1	0	0	0	0	1	2
OG0019023	0	0	1	0	0	0	0	1	2
OG0019024	0	0	1	0	0	0	0	1	2
OG0019025	0	0	1	0	0	0	0	1	2
OG0019026	0	0	1	0	0	0	0	1	2
OG0019027	0	0	1	0	0	0	0	1	2
OG0019028	0	0	1	0	0	0	0	1	2
OG0019029	0	0	1	0	0	0	0	1	2
OG0019030	0	0	1	1	0	0	0	0	2
OG0019031	0	0	1	0	0	0	0	1	2
OG0019032	0	0	1	0	0	0	0	1	2
OG0019033	0	0	1	0	0	0	0	1	2
OG0019034	0	0	1	0	0	0	0	1	2
OG0019035	0	0	1	0	0	0	0	1	2
OG0019036	0	0	1	0	0	0	0	1	2
OG0019037	0	0	1	0	0	0	0	1	2
OG0019038	0	0	1	0	0	0	0	1	2
OG0019039	0	0	1	0	0	0	0	1	2
OG0019040	0	0	1	0	0	0	0	1	2
OG0019041	0	0	1	0	0	0	0	1	2
OG0019042	0	0	1	0	0	0	0	1	2
OG0019043	0	0	1	0	0	0	0	1	2
OG0019044	0	0	1	0	0	0	0	1	2
OG0019045	0	0	1	1	0	0	0	0	2
OG0019046	0	0	1	0	0	0	0	1	2
OG0019047	0	0	1	0	0	0	0	1	2
OG0019048	0	0	1	0	0	0	0	1	2
OG0019049	0	0	1	0	0	0	0	1	2
OG0019050	0	0	1	0	0	0	0	1	2
OG0019051	0	0	1	0	0	0	0	1	2
OG0019052	0	0	1	0	0	0	0	1	2
OG0019053	0	0	1	0	0	0	0	1	2
OG0019054	0	0	1	0	0	0	0	1	2
OG0019055	0	0	1	0	0	0	0	1	2
OG0019056	0	0	1	0	0	0	0	1	2
OG0019057	0	0	1	0	0	0	0	1	2
OG0019058	0	0	1	0	0	0	0	1	2
OG0019059	0	0	1	0	0	0	0	1	2
OG0019060	0	0	1	0	0	0	0	1	2
OG0019061	0	0	1	0	0	0	0	1	2
OG0019062	0	0	1	0	0	0	0	1	2
OG0019063	0	0	1	0	0	0	0	1	2
OG0019064	0	0	1	0	0	0	0	1	2
OG0019065	0	0	1	0	0	0	0	1	2
OG0019066	0	0	1	0	0	0	0	1	2
OG0019067	0	0	1	0	0	0	0	1	2
OG0019068	0	0	1	0	0	0	0	1	2
OG0019069	0	0	1	0	0	0	0	1	2
OG0019070	0	0	1	0	0	0	0	1	2
OG0019071	0	0	1	0	0	0	0	1	2
OG0019072	0	0	1	0	0	0	0	1	2
OG0019073	0	0	2	0	0	0	0	0	2
OG0019074	0	0	1	0	0	0	0	1	2
OG0019075	0	0	1	0	0	0	0	1	2
OG0019076	0	0	1	0	0	0	0	1	2
OG0019077	0	0	1	0	0	0	0	1	2
OG0019078	0	0	1	0	0	0	0	1	2
OG0019079	0	0	1	0	0	0	0	1	2
OG0019080	0	0	1	0	0	0	0	1	2
OG0019081	0	0	1	0	0	0	0	1	2
OG0019082	0	0	1	0	0	0	0	1	2
OG0019083	0	0	1	0	0	0	0	1	2
OG0019084	0	0	1	0	0	0	0	1	2
OG0019085	0	0	1	0	0	0	0	1	2
OG0019086	0	0	1	0	0	0	0	1	2
OG0019087	0	0	1	0	0	0	0	1	2
OG0019088	0	0	2	0	0	0	0	0	2
OG0019089	0	0	1	1	0	0	0	0	2
OG0019090	0	0	1	0	0	0	0	1	2
OG0019091	0	0	2	0	0	0	0	0	2
OG0019092	0	0	1	0	0	0	0	1	2
OG0019093	0	0	1	0	0	0	0	1	2
OG0019094	0	0	1	1	0	0	0	0	2
OG0019095	0	0	1	0	0	0	0	1	2
OG0019096	0	0	1	0	0	0	0	1	2
OG0019097	0	0	1	0	0	0	0	1	2
OG0019098	0	0	1	0	0	0	0	1	2
OG0019099	0	0	1	0	0	0	0	1	2
OG0019100	0	0	1	1	0	0	0	0	2
OG0019101	0	0	1	0	0	0	0	1	2
OG0019102	0	0	1	0	0	0	0	1	2
OG0019103	0	0	1	0	0	0	0	1	2
OG0019104	0	0	1	0	0	0	0	1	2
OG0019105	0	0	1	1	0	0	0	0	2
OG0019106	0	0	1	0	0	0	0	1	2
OG0019107	0	0	1	0	0	0	0	1	2
OG0019108	0	0	1	0	0	0	0	1	2
OG0019109	0	0	1	1	0	0	0	0	2
OG0019110	0	0	1	0	0	0	0	1	2
OG0019111	0	0	1	0	0	0	0	1	2
OG0019112	0	0	1	0	0	0	0	1	2
OG0019113	0	0	1	0	0	0	0	1	2
OG0019114	0	0	1	1	0	0	0	0	2
OG0019115	0	0	1	0	0	0	0	1	2
OG0019116	0	0	1	1	0	0	0	0	2
OG0019117	0	0	1	0	0	0	0	1	2
OG0019118	0	0	1	0	0	0	0	1	2
OG0019119	0	0	1	0	0	0	0	1	2
OG0019120	0	0	1	0	0	0	0	1	2
OG0019121	0	0	1	0	0	0	0	1	2
OG0019122	0	0	1	0	0	0	0	1	2
OG0019123	0	0	2	0	0	0	0	0	2
OG0019124	0	0	1	0	0	0	0	1	2
OG0019125	0	0	1	0	0	0	0	1	2
OG0019126	0	0	1	0	0	0	0	1	2
OG0019127	0	0	1	0	0	0	0	1	2
OG0019128	0	0	1	0	0	0	0	1	2
OG0019129	0	0	1	0	0	0	0	1	2
OG0019130	0	0	2	0	0	0	0	0	2
OG0019131	0	0	1	0	0	0	0	1	2
OG0019132	0	0	1	0	0	0	0	1	2
OG0019133	0	0	1	0	0	0	0	1	2
OG0019134	0	0	1	0	0	0	0	1	2
OG0019135	0	0	1	0	0	0	0	1	2
OG0019136	0	0	1	0	0	0	0	1	2
OG0019137	0	0	1	0	0	0	0	1	2
OG0019138	0	0	1	0	0	0	0	1	2
OG0019139	0	0	2	0	0	0	0	0	2
OG0019140	0	0	2	0	0	0	0	0	2
OG0019141	0	0	2	0	0	0	0	0	2
OG0019142	0	0	1	0	0	0	0	1	2
OG0019143	0	0	1	0	0	0	0	1	2
OG0019144	0	0	1	0	0	0	0	1	2
OG0019145	0	0	1	0	0	0	0	1	2
OG0019146	0	0	1	0	0	0	0	1	2
OG0019147	0	0	1	0	0	0	0	1	2
OG0019148	0	0	1	0	0	0	0	1	2
OG0019149	0	0	2	0	0	0	0	0	2
OG0019150	0	0	1	0	0	0	0	1	2
OG0019151	0	0	1	0	0	0	0	1	2
OG0019152	0	0	1	0	0	0	0	1	2
OG0019153	0	0	1	0	0	0	0	1	2
OG0019154	0	0	1	0	0	0	0	1	2
OG0019155	0	0	1	0	0	0	0	1	2
OG0019156	0	0	1	1	0	0	0	0	2
OG0019157	0	0	1	0	0	0	0	1	2
OG0019158	0	0	2	0	0	0	0	0	2
OG0019159	0	0	1	0	0	0	0	1	2
OG0019160	0	0	1	0	0	0	0	1	2
OG0019161	0	0	1	0	0	0	0	1	2
OG0019162	0	0	1	0	0	0	0	1	2
OG0019163	0	0	1	0	0	0	0	1	2
OG0019164	0	0	1	0	0	0	0	1	2
OG0019165	0	0	1	0	0	0	0	1	2
OG0019166	0	0	1	0	0	0	0	1	2
OG0019167	0	0	1	0	0	0	0	1	2
OG0019168	0	0	1	0	0	0	0	1	2
OG0019169	0	0	1	0	0	0	0	1	2
OG0019170	0	0	2	0	0	0	0	0	2
OG0019171	0	0	1	0	0	0	0	1	2
OG0019172	0	0	1	0	0	0	0	1	2
OG0019173	0	0	1	0	0	0	0	1	2
OG0019174	0	0	1	0	0	0	0	1	2
OG0019175	0	0	2	0	0	0	0	0	2
OG0019176	0	0	1	0	0	0	0	1	2
OG0019177	0	0	1	0	0	0	0	1	2
OG0019178	0	0	1	0	0	0	0	1	2
OG0019179	0	0	1	0	0	0	0	1	2
OG0019180	0	0	1	0	0	0	0	1	2
OG0019181	0	0	1	0	0	0	0	1	2
OG0019182	0	0	1	0	0	0	0	1	2
OG0019183	0	0	1	0	0	0	0	1	2
OG0019184	0	0	1	0	0	0	0	1	2
OG0019185	0	0	1	0	0	0	0	1	2
OG0019186	0	0	1	0	0	0	0	1	2
OG0019187	0	0	1	0	0	0	0	1	2
OG0019188	0	0	2	0	0	0	0	0	2
OG0019189	0	0	1	0	0	0	0	1	2
OG0019190	0	0	1	0	0	0	0	1	2
OG0019191	0	0	2	0	0	0	0	0	2
OG0019192	0	0	1	0	0	0	0	1	2
OG0019193	0	0	1	0	0	0	0	1	2
OG0019194	0	0	1	0	0	0	0	1	2
OG0019195	0	0	1	0	0	0	0	1	2
OG0019196	0	0	1	0	0	0	0	1	2
OG0019197	0	0	1	0	0	0	0	1	2
OG0019198	0	0	1	0	0	0	0	1	2
OG0019199	0	0	1	0	0	0	0	1	2
OG0019200	0	0	1	0	0	0	0	1	2
OG0019201	0	0	1	0	0	0	0	1	2
OG0019202	0	0	1	0	0	0	0	1	2
OG0019203	0	0	1	0	0	0	0	1	2
OG0019204	0	0	1	0	0	0	0	1	2
OG0019205	0	0	1	0	0	0	0	1	2
OG0019206	0	0	1	0	0	0	0	1	2
OG0019207	0	0	1	0	0	0	0	1	2
OG0019208	0	0	1	0	0	0	0	1	2
OG0019209	0	0	1	0	0	0	0	1	2
OG0019210	0	0	1	0	0	0	0	1	2
OG0019211	0	0	1	0	0	0	0	1	2
OG0019212	0	0	1	0	0	0	0	1	2
OG0019213	0	0	1	0	0	0	0	1	2
OG0019214	0	0	1	0	0	0	0	1	2
OG0019215	0	0	1	0	0	0	0	1	2
OG0019216	0	0	1	0	0	0	0	1	2
OG0019217	0	0	1	0	0	0	0	1	2
OG0019218	0	0	1	0	0	0	0	1	2
OG0019219	0	0	1	0	0	0	0	1	2
OG0019220	0	0	1	0	0	0	0	1	2
OG0019221	0	0	1	0	0	0	0	1	2
OG0019222	0	0	1	0	0	0	0	1	2
OG0019223	0	0	1	0	0	0	0	1	2
OG0019224	0	0	1	0	0	0	0	1	2
OG0019225	0	0	1	0	0	0	0	1	2
OG0019226	0	0	1	0	0	0	0	1	2
OG0019227	0	0	1	0	0	0	0	1	2
OG0019228	0	0	1	0	0	0	0	1	2
OG0019229	0	0	1	0	0	0	0	1	2
OG0019230	0	0	1	0	0	0	0	1	2
OG0019231	0	0	1	0	0	0	0	1	2
OG0019232	0	0	1	0	0	0	0	1	2
OG0019233	0	0	1	0	0	0	0	1	2
OG0019234	0	0	1	0	0	0	0	1	2
OG0019235	0	0	1	0	0	0	0	1	2
OG0019236	0	0	1	0	0	0	0	1	2
OG0019237	0	0	1	0	0	0	0	1	2
OG0019238	0	0	1	0	0	0	0	1	2
OG0019239	0	0	1	0	0	0	0	1	2
OG0019240	0	0	1	0	0	0	0	1	2
OG0019241	0	0	2	0	0	0	0	0	2
OG0019242	0	0	2	0	0	0	0	0	2
OG0019243	0	0	1	0	0	0	0	1	2
OG0019244	0	0	1	0	0	0	0	1	2
OG0019245	0	0	1	0	0	0	0	1	2
OG0019246	0	0	1	0	0	0	0	1	2
OG0019247	0	0	1	0	0	0	0	1	2
OG0019248	0	0	1	0	0	0	0	1	2
OG0019249	0	0	1	0	0	0	0	1	2
OG0019250	0	0	1	0	0	0	0	1	2
OG0019251	0	0	1	0	0	0	0	1	2
OG0019252	0	0	1	0	0	0	0	1	2
OG0019253	0	0	1	0	0	0	0	1	2
OG0019254	0	0	1	0	0	0	0	1	2
OG0019255	0	0	1	1	0	0	0	0	2
OG0019256	0	0	1	0	0	0	0	1	2
OG0019257	0	0	1	0	0	0	0	1	2
OG0019258	0	0	1	0	0	0	0	1	2
OG0019259	0	0	1	0	0	0	0	1	2
OG0019260	0	0	2	0	0	0	0	0	2
OG0019261	0	0	1	0	0	0	0	1	2
OG0019262	0	0	1	0	0	0	0	1	2
OG0019263	0	0	1	0	0	0	0	1	2
OG0019264	0	0	1	0	0	0	0	1	2
OG0019265	0	0	1	0	0	0	0	1	2
OG0019266	0	0	1	0	0	0	0	1	2
OG0019267	0	0	1	1	0	0	0	0	2
OG0019268	0	0	1	0	0	0	0	1	2
OG0019269	0	0	1	0	0	0	0	1	2
OG0019270	0	0	1	0	0	0	0	1	2
OG0019271	0	0	1	0	0	0	0	1	2
OG0019272	0	0	1	0	0	0	0	1	2
OG0019273	0	0	1	0	0	0	0	1	2
OG0019274	0	0	1	0	0	0	0	1	2
OG0019275	0	0	1	0	0	0	0	1	2
OG0019276	0	0	1	0	0	0	0	1	2
OG0019277	0	0	1	0	0	0	0	1	2
OG0019278	0	0	1	0	0	0	0	1	2
OG0019279	0	0	1	0	0	0	0	1	2
OG0019280	0	0	1	0	0	0	0	1	2
OG0019281	0	0	1	0	0	0	0	1	2
OG0019282	0	0	1	0	0	0	0	1	2
OG0019283	0	0	1	0	0	0	0	1	2
OG0019284	0	0	1	0	0	0	0	1	2
OG0019285	0	0	1	0	0	0	0	1	2
OG0019286	0	0	1	0	0	0	0	1	2
OG0019287	0	0	1	0	0	0	0	1	2
OG0019288	0	0	1	0	0	0	0	1	2
OG0019289	0	0	1	0	0	0	0	1	2
OG0019290	0	0	1	0	0	0	0	1	2
OG0019291	0	0	1	0	0	0	0	1	2
OG0019292	0	0	1	0	0	0	0	1	2
OG0019293	0	0	1	0	0	0	0	1	2
OG0019294	0	0	1	0	0	0	0	1	2
OG0019295	0	0	1	0	0	0	0	1	2
OG0019296	0	0	1	0	0	0	0	1	2
OG0019297	0	0	1	0	0	0	0	1	2
OG0019298	0	0	1	0	0	0	0	1	2
OG0019299	0	0	1	0	0	0	0	1	2
OG0019300	0	0	1	0	0	0	0	1	2
OG0019301	0	0	1	0	0	0	0	1	2
OG0019302	0	0	1	0	0	0	0	1	2
OG0019303	0	0	1	0	0	0	0	1	2
OG0019304	0	0	1	0	0	0	0	1	2
OG0019305	0	0	1	0	0	0	0	1	2
OG0019306	0	0	1	0	0	0	0	1	2
OG0019307	0	0	1	0	0	0	0	1	2
OG0019308	0	0	1	0	0	0	0	1	2
OG0019309	0	0	1	0	0	0	0	1	2
OG0019310	0	0	1	0	0	0	0	1	2
OG0019311	0	0	1	0	0	0	0	1	2
OG0019312	0	0	1	0	0	0	0	1	2
OG0019313	0	0	1	0	0	0	0	1	2
OG0019314	0	0	1	0	0	0	0	1	2
OG0019315	0	0	1	0	0	0	0	1	2
OG0019316	0	0	1	0	0	0	0	1	2
OG0019317	0	0	1	0	0	0	0	1	2
OG0019318	0	0	1	0	0	0	0	1	2
OG0019319	0	0	1	0	0	0	0	1	2
OG0019320	0	0	1	0	0	0	0	1	2
OG0019321	0	0	1	0	0	0	0	1	2
OG0019322	0	0	1	0	0	0	0	1	2
OG0019323	0	0	1	0	0	0	0	1	2
OG0019324	0	0	1	0	0	0	0	1	2
OG0019325	0	0	1	0	0	0	0	1	2
OG0019326	0	0	1	0	0	0	0	1	2
OG0019327	0	0	1	1	0	0	0	0	2
OG0019328	0	0	1	0	0	0	0	1	2
OG0019329	0	0	1	0	0	0	0	1	2
OG0019330	0	0	1	0	0	0	0	1	2
OG0019331	0	0	1	0	0	0	0	1	2
OG0019332	0	0	1	0	0	0	0	1	2
OG0019333	0	0	1	0	0	0	0	1	2
OG0019334	0	0	1	0	0	0	0	1	2
OG0019335	0	0	1	0	0	0	0	1	2
OG0019336	0	0	2	0	0	0	0	0	2
OG0019337	0	0	1	0	0	0	0	1	2
OG0019338	0	0	1	0	0	0	0	1	2
OG0019339	0	0	1	0	0	0	0	1	2
OG0019340	0	0	1	0	0	0	0	1	2
OG0019341	0	0	1	0	0	0	0	1	2
OG0019342	0	0	1	0	0	0	0	1	2
OG0019343	0	0	1	0	0	0	0	1	2
OG0019344	0	0	1	0	0	0	0	1	2
OG0019345	0	0	1	0	0	0	0	1	2
OG0019346	0	0	1	0	0	0	0	1	2
OG0019347	0	0	1	0	0	0	0	1	2
OG0019348	0	0	1	0	0	0	0	1	2
OG0019349	0	0	1	0	0	0	0	1	2
OG0019350	0	0	1	0	0	0	0	1	2
OG0019351	0	0	1	0	0	0	0	1	2
OG0019352	0	0	2	0	0	0	0	0	2
OG0019353	0	0	1	0	0	0	0	1	2
OG0019354	0	0	1	0	0	0	0	1	2
OG0019355	0	0	1	0	0	0	0	1	2
OG0019356	0	0	2	0	0	0	0	0	2
OG0019357	0	0	1	0	0	0	0	1	2
OG0019358	0	0	1	0	0	0	0	1	2
OG0019359	0	0	1	0	0	0	0	1	2
OG0019360	0	0	1	0	0	0	0	1	2
OG0019361	0	0	1	0	0	0	0	1	2
OG0019362	0	0	1	0	0	0	0	1	2
OG0019363	0	0	1	0	0	0	0	1	2
OG0019364	0	0	1	0	0	0	0	1	2
OG0019365	0	0	1	0	0	0	0	1	2
OG0019366	0	0	1	0	0	0	0	1	2
OG0019367	0	0	1	0	0	0	0	1	2
OG0019368	0	0	1	0	0	0	0	1	2
OG0019369	0	0	1	0	0	0	0	1	2
OG0019370	0	0	1	0	0	0	0	1	2
OG0019371	0	0	1	0	0	0	0	1	2
OG0019372	0	0	1	0	0	0	0	1	2
OG0019373	0	0	1	0	0	0	0	1	2
OG0019374	0	0	1	0	0	0	0	1	2
OG0019375	0	0	1	0	0	0	0	1	2
OG0019376	0	0	1	0	0	0	0	1	2
OG0019377	0	0	1	0	0	0	0	1	2
OG0019378	0	0	1	0	0	0	0	1	2
OG0019379	0	0	1	0	0	0	0	1	2
OG0019380	0	0	1	0	0	0	0	1	2
OG0019381	0	0	1	0	0	0	0	1	2
OG0019382	0	0	1	0	0	0	0	1	2
OG0019383	0	0	1	0	0	0	0	1	2
OG0019384	0	0	1	0	0	0	0	1	2
OG0019385	0	0	2	0	0	0	0	0	2
OG0019386	0	0	1	0	0	0	0	1	2
OG0019387	0	0	1	0	0	0	0	1	2
OG0019388	0	0	1	0	0	0	0	1	2
OG0019389	0	0	1	0	0	0	0	1	2
OG0019390	0	0	1	0	0	0	0	1	2
OG0019391	0	0	1	0	0	0	0	1	2
OG0019392	0	0	1	0	0	0	0	1	2
OG0019393	0	0	1	0	0	0	0	1	2
OG0019394	0	0	1	0	0	0	0	1	2
OG0019395	0	0	1	0	0	0	0	1	2
OG0019396	0	0	1	0	0	0	0	1	2
OG0019397	0	0	1	0	0	0	0	1	2
OG0019398	0	0	2	0	0	0	0	0	2
OG0019399	0	0	1	0	0	0	0	1	2
OG0019400	0	0	1	0	0	0	0	1	2
OG0019401	0	0	1	0	0	0	0	1	2
OG0019402	0	0	1	0	0	0	0	1	2
OG0019403	0	0	1	0	0	0	0	1	2
OG0019404	0	0	1	0	0	0	0	1	2
OG0019405	0	0	1	0	0	0	0	1	2
OG0019406	0	0	1	0	0	0	0	1	2
OG0019407	0	0	1	0	0	0	0	1	2
OG0019408	0	0	1	0	0	0	0	1	2
OG0019409	0	0	1	0	0	0	0	1	2
OG0019410	0	0	1	0	0	0	0	1	2
OG0019411	0	0	1	0	0	0	0	1	2
OG0019412	0	0	1	0	0	0	0	1	2
OG0019413	0	0	1	0	0	0	0	1	2
OG0019414	0	0	1	0	0	0	0	1	2
OG0019415	0	0	1	0	0	0	0	1	2
OG0019416	0	0	1	0	0	0	0	1	2
OG0019417	0	0	1	0	0	0	0	1	2
OG0019418	0	0	1	0	0	0	0	1	2
OG0019419	0	0	1	0	0	0	0	1	2
OG0019420	0	0	1	0	0	0	0	1	2
OG0019421	0	0	1	0	0	0	0	1	2
OG0019422	0	0	1	0	0	0	0	1	2
OG0019423	0	0	2	0	0	0	0	0	2
OG0019424	0	0	1	0	0	0	0	1	2
OG0019425	0	0	2	0	0	0	0	0	2
OG0019426	0	0	1	0	0	0	0	1	2
OG0019427	0	0	1	0	0	0	0	1	2
OG0019428	0	0	1	0	0	0	0	1	2
OG0019429	0	0	1	0	0	0	0	1	2
OG0019430	0	0	1	0	0	0	0	1	2
OG0019431	0	0	1	0	0	0	0	1	2
OG0019432	0	0	1	0	0	0	0	1	2
OG0019433	0	0	1	0	0	0	0	1	2
OG0019434	0	0	1	0	0	0	0	1	2
OG0019435	0	0	1	0	0	0	0	1	2
OG0019436	0	0	1	0	0	0	0	1	2
OG0019437	0	0	1	0	0	0	0	1	2
OG0019438	0	0	1	0	0	0	0	1	2
OG0019439	0	0	1	0	0	0	0	1	2
OG0019440	0	0	1	0	0	0	0	1	2
OG0019441	0	0	1	0	0	0	0	1	2
OG0019442	0	0	1	0	0	0	0	1	2
OG0019443	0	0	1	0	0	0	0	1	2
OG0019444	0	0	1	0	0	0	0	1	2
OG0019445	0	0	1	0	0	0	0	1	2
OG0019446	0	0	1	0	0	0	0	1	2
OG0019447	0	0	1	0	0	0	0	1	2
OG0019448	0	0	1	0	0	0	0	1	2
OG0019449	0	0	1	1	0	0	0	0	2
OG0019450	0	0	1	0	0	0	0	1	2
OG0019451	0	0	1	0	0	0	0	1	2
OG0019452	0	0	1	0	0	0	0	1	2
OG0019453	0	0	1	0	0	0	0	1	2
OG0019454	0	0	1	0	0	0	0	1	2
OG0019455	0	0	1	0	0	0	0	1	2
OG0019456	0	0	2	0	0	0	0	0	2
OG0019457	0	0	1	0	0	0	0	1	2
OG0019458	0	0	1	0	0	0	0	1	2
OG0019459	0	0	1	0	0	0	0	1	2
OG0019460	0	0	1	0	0	0	0	1	2
OG0019461	0	0	1	0	0	0	0	1	2
OG0019462	0	0	1	0	0	0	0	1	2
OG0019463	0	0	1	0	0	0	0	1	2
OG0019464	0	0	1	0	0	0	0	1	2
OG0019465	0	0	1	0	0	0	0	1	2
OG0019466	0	0	1	0	0	0	0	1	2
OG0019467	0	0	1	0	0	0	0	1	2
OG0019468	0	0	1	0	0	0	0	1	2
OG0019469	0	0	1	0	0	0	0	1	2
OG0019470	0	0	1	0	0	0	0	1	2
OG0019471	0	0	1	0	0	0	0	1	2
OG0019472	0	0	1	0	0	0	0	1	2
OG0019473	0	0	1	0	0	0	0	1	2
OG0019474	0	0	1	0	0	0	0	1	2
OG0019475	0	0	2	0	0	0	0	0	2
OG0019476	0	0	1	0	0	0	0	1	2
OG0019477	0	0	1	0	0	0	0	1	2
OG0019478	0	0	1	0	0	0	0	1	2
OG0019479	0	0	1	0	0	0	0	1	2
OG0019480	0	0	1	0	0	0	0	1	2
OG0019481	0	0	1	0	0	0	0	1	2
OG0019482	0	0	1	0	0	0	0	1	2
OG0019483	0	0	1	0	0	0	0	1	2
OG0019484	0	0	1	0	0	0	0	1	2
OG0019485	0	0	1	0	0	0	0	1	2
OG0019486	0	0	1	0	0	0	0	1	2
OG0019487	0	0	1	0	0	0	0	1	2
OG0019488	0	0	1	0	0	0	0	1	2
OG0019489	0	0	1	0	0	0	0	1	2
OG0019490	0	0	1	0	0	0	0	1	2
OG0019491	0	0	1	0	0	0	0	1	2
OG0019492	0	0	1	0	0	0	0	1	2
OG0019493	0	0	1	0	0	0	0	1	2
OG0019494	0	0	1	0	0	0	0	1	2
OG0019495	0	0	1	0	0	0	0	1	2
OG0019496	0	0	1	0	0	0	0	1	2
OG0019497	0	0	1	0	0	0	0	1	2
OG0019498	0	0	1	0	0	0	0	1	2
OG0019499	0	0	1	0	0	0	0	1	2
OG0019500	0	0	1	0	0	0	0	1	2
OG0019501	0	0	1	0	0	0	0	1	2
OG0019502	0	0	1	0	0	0	0	1	2
OG0019503	0	0	1	0	0	0	0	1	2
OG0019504	0	0	1	0	0	0	0	1	2
OG0019505	0	0	1	0	0	0	0	1	2
OG0019506	0	0	1	0	0	0	0	1	2
OG0019507	0	0	1	0	0	0	0	1	2
OG0019508	0	0	1	0	0	0	0	1	2
OG0019509	0	0	1	0	0	0	0	1	2
OG0019510	0	0	1	0	0	0	0	1	2
OG0019511	0	0	1	0	0	0	0	1	2
OG0019512	0	0	1	0	0	0	0	1	2
OG0019513	0	0	1	0	0	0	0	1	2
OG0019514	0	0	1	0	0	0	0	1	2
OG0019515	0	0	1	0	0	0	0	1	2
OG0019516	0	0	1	0	0	0	0	1	2
OG0019517	0	0	1	0	0	0	0	1	2
OG0019518	0	0	1	0	0	0	0	1	2
OG0019519	0	0	1	0	0	0	0	1	2
OG0019520	0	0	1	0	0	0	0	1	2
OG0019521	0	0	1	0	0	0	0	1	2
OG0019522	0	0	1	0	0	0	0	1	2
OG0019523	0	0	1	0	0	0	0	1	2
OG0019524	0	0	1	0	0	0	0	1	2
OG0019525	0	0	1	0	0	0	0	1	2
OG0019526	0	0	1	0	0	0	0	1	2
OG0019527	0	0	1	0	0	0	0	1	2
OG0019528	0	0	1	0	0	0	0	1	2
OG0019529	0	0	1	0	0	0	0	1	2
OG0019530	0	0	1	0	0	0	0	1	2
OG0019531	0	0	1	0	0	0	0	1	2
OG0019532	0	0	1	0	0	0	0	1	2
OG0019533	0	0	1	0	0	0	0	1	2
OG0019534	0	0	1	0	0	0	0	1	2
OG0019535	0	0	1	0	0	0	0	1	2
OG0019536	0	0	1	0	0	0	0	1	2
OG0019537	0	0	1	0	0	0	0	1	2
OG0019538	0	0	1	0	0	0	0	1	2
OG0019539	0	0	1	0	0	0	0	1	2
OG0019540	0	0	1	0	0	0	0	1	2
OG0019541	0	0	1	0	0	0	0	1	2
OG0019542	0	0	1	0	0	0	0	1	2
OG0019543	0	0	1	0	0	0	0	1	2
OG0019544	0	0	1	0	0	0	0	1	2
OG0019545	0	0	1	0	0	0	0	1	2
OG0019546	0	0	1	0	0	0	0	1	2
OG0019547	0	0	1	0	0	0	0	1	2
OG0019548	0	0	1	0	0	0	0	1	2
OG0019549	0	0	1	0	0	0	0	1	2
OG0019550	0	0	1	0	0	0	0	1	2
OG0019551	0	0	1	0	0	0	0	1	2
OG0019552	0	0	1	0	0	0	0	1	2
OG0019553	0	0	1	0	0	0	0	1	2
OG0019554	0	0	1	0	0	0	0	1	2
OG0019555	0	0	1	0	0	0	0	1	2
OG0019556	0	0	1	0	0	0	0	1	2
OG0019557	0	0	1	0	0	0	0	1	2
OG0019558	0	0	1	0	0	0	0	1	2
OG0019559	0	0	1	0	0	0	0	1	2
OG0019560	0	0	1	0	0	0	0	1	2
OG0019561	0	0	1	0	0	0	0	1	2
OG0019562	0	0	1	0	0	0	0	1	2
OG0019563	0	0	1	0	0	0	0	1	2
OG0019564	0	0	1	0	0	0	0	1	2
OG0019565	0	0	1	0	0	0	0	1	2
OG0019566	0	0	1	0	0	0	0	1	2
OG0019567	0	0	1	0	0	0	0	1	2
OG0019568	0	0	1	0	0	0	0	1	2
OG0019569	0	0	1	0	0	0	0	1	2
OG0019570	0	0	1	0	0	0	0	1	2
OG0019571	0	0	1	0	0	0	0	1	2
OG0019572	0	0	1	0	0	0	0	1	2
OG0019573	0	0	1	0	0	0	0	1	2
OG0019574	0	0	1	0	0	0	0	1	2
OG0019575	0	0	1	0	0	0	0	1	2
OG0019576	0	0	1	0	0	0	0	1	2
OG0019577	0	0	1	0	0	0	0	1	2
OG0019578	0	0	1	0	0	0	0	1	2
OG0019579	0	0	1	0	0	0	0	1	2
OG0019580	0	0	1	1	0	0	0	0	2
OG0019581	0	0	1	0	0	0	0	1	2
OG0019582	0	0	1	0	0	0	0	1	2
OG0019583	0	0	1	0	0	0	0	1	2
OG0019584	0	0	1	0	0	0	0	1	2
OG0019585	0	0	1	0	0	0	0	1	2
OG0019586	0	0	1	0	0	0	0	1	2
OG0019587	0	0	1	0	0	0	0	1	2
OG0019588	0	0	1	0	0	0	0	1	2
OG0019589	0	0	1	0	0	0	0	1	2
OG0019590	0	0	1	0	0	0	0	1	2
OG0019591	0	0	1	0	0	0	0	1	2
OG0019592	0	0	1	0	0	0	0	1	2
OG0019593	0	0	1	0	0	0	0	1	2
OG0019594	0	0	1	0	0	0	0	1	2
OG0019595	0	0	1	0	0	0	0	1	2
OG0019596	0	0	1	0	0	0	0	1	2
OG0019597	0	0	1	0	0	0	0	1	2
OG0019598	0	0	1	0	0	0	0	1	2
OG0019599	0	0	1	0	0	0	0	1	2
OG0019600	0	0	1	0	0	0	0	1	2
OG0019601	0	0	1	1	0	0	0	0	2
OG0019602	0	0	1	0	0	0	0	1	2
OG0019603	0	0	1	0	0	0	0	1	2
OG0019604	0	0	1	0	0	0	0	1	2
OG0019605	0	0	1	1	0	0	0	0	2
OG0019606	0	0	1	0	0	0	0	1	2
OG0019607	0	0	1	0	0	0	0	1	2
OG0019608	0	0	1	0	0	0	0	1	2
OG0019609	0	0	1	0	0	0	0	1	2
OG0019610	0	0	1	0	0	0	0	1	2
OG0019611	0	0	1	0	0	0	0	1	2
OG0019612	0	0	1	0	0	0	0	1	2
OG0019613	0	0	1	0	0	0	0	1	2
OG0019614	0	0	1	0	0	0	0	1	2
OG0019615	0	0	1	0	0	0	0	1	2
OG0019616	0	0	1	0	0	0	0	1	2
OG0019617	0	0	1	0	0	0	0	1	2
OG0019618	0	0	1	0	0	0	0	1	2
OG0019619	0	0	1	0	0	0	0	1	2
OG0019620	0	0	1	0	0	0	0	1	2
OG0019621	0	0	1	0	0	0	0	1	2
OG0019622	0	0	1	0	0	0	0	1	2
OG0019623	0	0	1	0	0	0	0	1	2
OG0019624	0	0	1	0	0	0	0	1	2
OG0019625	0	0	1	0	0	0	0	1	2
OG0019626	0	0	1	0	0	0	0	1	2
OG0019627	0	0	1	0	0	0	0	1	2
OG0019628	0	0	1	0	0	0	0	1	2
OG0019629	0	0	1	0	0	0	0	1	2
OG0019630	0	0	1	0	0	0	0	1	2
OG0019631	0	0	1	0	0	0	0	1	2
OG0019632	0	0	1	0	0	0	0	1	2
OG0019633	0	0	1	0	0	0	0	1	2
OG0019634	0	0	1	0	0	0	0	1	2
OG0019635	0	0	1	0	0	0	0	1	2
OG0019636	0	0	1	0	0	0	0	1	2
OG0019637	0	0	1	0	0	0	0	1	2
OG0019638	0	0	1	0	0	0	0	1	2
OG0019639	0	0	1	0	0	0	0	1	2
OG0019640	0	0	1	0	0	0	0	1	2
OG0019641	0	0	1	0	0	0	0	1	2
OG0019642	0	0	1	1	0	0	0	0	2
OG0019643	0	0	1	0	0	0	0	1	2
OG0019644	0	0	1	0	0	0	0	1	2
OG0019645	0	0	1	0	0	0	0	1	2
OG0019646	0	0	1	0	0	0	0	1	2
OG0019647	0	0	1	0	0	0	0	1	2
OG0019648	0	0	1	0	0	0	0	1	2
OG0019649	0	0	1	0	0	0	0	1	2
OG0019650	0	0	1	0	0	0	0	1	2
OG0019651	0	0	1	0	0	0	0	1	2
OG0019652	0	0	1	0	0	0	0	1	2
OG0019653	0	0	1	0	0	0	0	1	2
OG0019654	0	0	1	0	0	0	0	1	2
OG0019655	0	0	1	0	0	0	0	1	2
OG0019656	0	0	1	0	0	0	0	1	2
OG0019657	0	0	1	0	0	0	0	1	2
OG0019658	0	0	1	0	0	0	0	1	2
OG0019659	0	0	1	0	0	0	0	1	2
OG0019660	0	0	1	0	0	0	0	1	2
OG0019661	0	0	1	0	0	0	0	1	2
OG0019662	0	0	1	0	0	0	0	1	2
OG0019663	0	0	1	0	0	0	0	1	2
OG0019664	0	0	1	0	0	0	0	1	2
OG0019665	0	0	1	0	0	0	0	1	2
OG0019666	0	0	1	0	0	0	0	1	2
OG0019667	0	0	1	0	0	0	0	1	2
OG0019668	0	0	1	0	0	0	0	1	2
OG0019669	0	0	1	0	0	0	0	1	2
OG0019670	0	0	1	0	0	0	0	1	2
OG0019671	0	0	2	0	0	0	0	0	2
OG0019672	0	0	1	0	0	0	0	1	2
OG0019673	0	0	1	0	0	0	0	1	2
OG0019674	0	0	1	0	0	0	0	1	2
OG0019675	0	0	1	0	0	0	0	1	2
OG0019676	0	0	1	0	0	0	0	1	2
OG0019677	0	0	1	0	0	0	0	1	2
OG0019678	0	0	1	0	0	0	0	1	2
OG0019679	0	0	1	0	0	0	0	1	2
OG0019680	0	0	1	0	0	0	0	1	2
OG0019681	0	0	1	0	0	0	0	1	2
OG0019682	0	0	1	0	0	0	0	1	2
OG0019683	0	0	1	0	0	0	0	1	2
OG0019684	0	0	1	0	0	0	0	1	2
OG0019685	0	0	1	0	0	0	0	1	2
OG0019686	0	0	2	0	0	0	0	0	2
OG0019687	0	0	1	0	0	0	0	1	2
OG0019688	0	0	1	0	0	0	0	1	2
OG0019689	0	0	1	0	0	0	0	1	2
OG0019690	0	0	1	0	0	0	0	1	2
OG0019691	0	0	1	0	0	0	0	1	2
OG0019692	0	0	1	0	0	0	0	1	2
OG0019693	0	0	1	0	0	0	0	1	2
OG0019694	0	0	1	0	0	0	0	1	2
OG0019695	0	0	1	0	0	0	0	1	2
OG0019696	0	0	1	0	0	0	0	1	2
OG0019697	0	0	1	0	0	0	0	1	2
OG0019698	0	0	1	0	0	0	0	1	2
OG0019699	0	0	1	0	0	0	0	1	2
OG0019700	0	0	1	0	0	0	0	1	2
OG0019701	0	0	1	0	0	0	0	1	2
OG0019702	0	0	1	0	0	1	0	0	2
OG0019703	0	0	1	0	0	0	0	1	2
OG0019704	0	0	1	0	0	0	0	1	2
OG0019705	0	0	1	0	0	0	0	1	2
OG0019706	0	0	1	0	0	0	0	1	2
OG0019707	0	0	1	0	0	0	0	1	2
OG0019708	0	0	1	0	0	0	0	1	2
OG0019709	0	0	1	0	0	0	0	1	2
OG0019710	0	0	1	0	0	0	0	1	2
OG0019711	0	0	1	0	0	0	0	1	2
OG0019712	0	0	1	0	0	0	0	1	2
OG0019713	0	0	1	0	0	0	0	1	2
OG0019714	0	0	1	0	0	0	0	1	2
OG0019715	0	0	1	0	0	0	0	1	2
OG0019716	0	0	1	0	0	0	0	1	2
OG0019717	0	0	1	0	0	0	0	1	2
OG0019718	0	0	1	0	0	0	0	1	2
OG0019719	0	0	1	1	0	0	0	0	2
OG0019720	0	0	1	0	0	0	0	1	2
OG0019721	0	0	1	0	0	0	0	1	2
OG0019722	0	0	1	0	0	0	0	1	2
OG0019723	0	0	1	0	0	0	0	1	2
OG0019724	0	0	1	0	0	0	0	1	2
OG0019725	0	0	1	0	0	0	0	1	2
OG0019726	0	0	1	0	0	0	0	1	2
OG0019727	0	0	1	0	0	0	0	1	2
OG0019728	0	0	1	0	0	0	0	1	2
OG0019729	0	0	1	0	0	0	0	1	2
OG0019730	0	0	2	0	0	0	0	0	2
OG0019731	0	0	1	0	0	0	0	1	2
OG0019732	0	0	1	0	0	0	0	1	2
OG0019733	0	0	1	0	0	0	0	1	2
OG0019734	0	0	1	1	0	0	0	0	2
OG0019735	0	0	1	0	0	0	0	1	2
OG0019736	0	0	1	0	0	0	0	1	2
OG0019737	0	0	1	0	0	0	0	1	2
OG0019738	0	0	1	0	0	0	0	1	2
OG0019739	0	0	1	0	0	0	0	1	2
OG0019740	0	0	1	0	0	0	0	1	2
OG0019741	0	0	1	0	0	0	0	1	2
OG0019742	0	0	1	0	0	0	0	1	2
OG0019743	0	0	1	0	0	0	0	1	2
OG0019744	0	0	1	0	0	0	0	1	2
OG0019745	0	0	1	0	0	0	0	1	2
OG0019746	0	0	1	0	0	0	0	1	2
OG0019747	0	0	1	0	0	0	1	0	2
OG0019748	0	0	1	0	0	0	0	1	2
OG0019749	0	0	1	0	0	0	0	1	2
OG0019750	0	0	1	0	0	0	0	1	2
OG0019751	0	0	1	0	0	0	0	1	2
OG0019752	0	0	1	0	0	0	0	1	2
OG0019753	0	0	1	0	0	0	0	1	2
OG0019754	0	0	1	0	0	0	0	1	2
OG0019755	0	0	1	0	0	0	0	1	2
OG0019756	0	0	1	0	0	0	0	1	2
OG0019757	0	0	1	0	0	0	0	1	2
OG0019758	0	0	1	0	0	0	0	1	2
OG0019759	0	0	1	0	0	0	0	1	2
OG0019760	0	0	1	0	0	0	0	1	2
OG0019761	0	0	1	0	0	0	0	1	2
OG0019762	0	0	1	0	0	1	0	0	2
OG0019763	0	0	1	0	0	0	0	1	2
OG0019764	0	0	1	0	0	0	0	1	2
OG0019765	0	0	1	0	0	0	0	1	2
OG0019766	0	0	1	0	0	0	0	1	2
OG0019767	0	0	1	0	0	0	0	1	2
OG0019768	0	0	1	0	0	0	0	1	2
OG0019769	0	0	1	0	0	0	0	1	2
OG0019770	0	0	1	0	0	0	0	1	2
OG0019771	0	0	1	0	0	0	0	1	2
OG0019772	0	0	1	0	0	0	0	1	2
OG0019773	0	0	1	0	0	0	0	1	2
OG0019774	0	0	1	0	0	0	0	1	2
OG0019775	0	0	1	0	0	0	0	1	2
OG0019776	0	0	1	0	0	0	0	1	2
OG0019777	0	0	1	0	0	0	0	1	2
OG0019778	0	0	1	0	0	0	0	1	2
OG0019779	0	0	1	0	0	0	0	1	2
OG0019780	0	0	1	0	0	0	0	1	2
OG0019781	0	0	1	0	0	0	0	1	2
OG0019782	0	0	1	0	0	0	0	1	2
OG0019783	0	0	1	0	0	0	0	1	2
OG0019784	0	0	1	0	0	0	0	1	2
OG0019785	0	0	1	0	0	0	0	1	2
OG0019786	0	0	1	0	0	0	0	1	2
OG0019787	0	0	1	0	0	0	0	1	2
OG0019788	0	0	1	0	0	0	0	1	2
OG0019789	0	0	1	0	0	0	0	1	2
OG0019790	0	0	1	0	0	0	0	1	2
OG0019791	0	0	1	0	0	0	0	1	2
OG0019792	0	0	1	0	0	0	0	1	2
OG0019793	0	0	1	0	0	0	0	1	2
OG0019794	0	0	1	1	0	0	0	0	2
OG0019795	0	0	1	0	0	0	0	1	2
OG0019796	0	0	1	0	0	0	0	1	2
OG0019797	0	0	1	0	0	0	0	1	2
OG0019798	0	0	1	0	0	0	0	1	2
OG0019799	0	0	1	0	0	0	0	1	2
OG0019800	0	0	1	0	0	0	0	1	2
OG0019801	0	0	1	0	0	0	0	1	2
OG0019802	0	0	1	0	0	0	0	1	2
OG0019803	0	0	1	0	0	0	0	1	2
OG0019804	0	0	1	0	0	0	0	1	2
OG0019805	0	0	1	0	0	0	0	1	2
OG0019806	0	0	1	1	0	0	0	0	2
OG0019807	0	0	1	0	0	0	0	1	2
OG0019808	0	0	1	0	0	0	0	1	2
OG0019809	0	0	1	0	0	0	0	1	2
OG0019810	0	0	2	0	0	0	0	0	2
OG0019811	0	0	1	0	0	0	0	1	2
OG0019812	0	0	1	1	0	0	0	0	2
OG0019813	0	0	1	0	0	0	0	1	2
OG0019814	0	0	1	0	0	0	0	1	2
OG0019815	0	0	1	0	0	0	0	1	2
OG0019816	0	0	1	0	0	0	0	1	2
OG0019817	0	0	1	0	0	0	0	1	2
OG0019818	0	0	1	0	0	0	0	1	2
OG0019819	0	0	1	0	0	0	0	1	2
OG0019820	0	0	1	0	0	0	0	1	2
OG0019821	0	0	1	0	0	0	0	1	2
OG0019822	0	0	1	0	0	0	0	1	2
OG0019823	0	0	1	0	0	0	0	1	2
OG0019824	0	0	2	0	0	0	0	0	2
OG0019825	0	0	1	0	0	0	0	1	2
OG0019826	0	0	1	0	0	0	0	1	2
OG0019827	0	0	1	0	0	0	0	1	2
OG0019828	0	0	1	0	0	0	0	1	2
OG0019829	0	0	1	0	0	0	0	1	2
OG0019830	0	0	1	0	0	0	0	1	2
OG0019831	0	0	1	0	0	0	0	1	2
OG0019832	0	0	1	0	0	0	0	1	2
OG0019833	0	0	1	0	0	0	0	1	2
OG0019834	0	0	1	0	0	0	0	1	2
OG0019835	0	0	1	0	0	0	0	1	2
OG0019836	0	0	1	0	0	0	0	1	2
OG0019837	0	0	1	0	0	0	0	1	2
OG0019838	0	0	1	0	0	0	0	1	2
OG0019839	0	0	1	0	0	0	0	1	2
OG0019840	0	0	1	0	0	0	0	1	2
OG0019841	0	0	1	0	0	0	0	1	2
OG0019842	0	0	1	0	0	0	0	1	2
OG0019843	0	0	1	0	0	0	0	1	2
OG0019844	0	0	1	0	0	0	0	1	2
OG0019845	0	0	1	0	0	0	0	1	2
OG0019846	0	0	1	0	0	0	0	1	2
OG0019847	0	0	1	0	0	0	0	1	2
OG0019848	0	0	1	0	0	0	0	1	2
OG0019849	0	0	1	0	0	0	0	1	2
OG0019850	0	0	1	0	0	0	0	1	2
OG0019851	0	0	1	0	0	0	0	1	2
OG0019852	0	0	1	0	0	0	0	1	2
OG0019853	0	0	1	0	0	0	0	1	2
OG0019854	0	0	1	0	0	0	0	1	2
OG0019855	0	0	1	0	0	0	0	1	2
OG0019856	0	0	1	0	0	0	0	1	2
OG0019857	0	0	1	0	0	0	0	1	2
OG0019858	0	0	1	0	0	0	0	1	2
OG0019859	0	0	1	0	0	0	0	1	2
OG0019860	0	0	1	0	0	0	0	1	2
OG0019861	0	0	1	0	0	0	0	1	2
OG0019862	0	0	1	0	0	0	0	1	2
OG0019863	0	0	1	0	0	0	0	1	2
OG0019864	0	0	1	0	0	0	0	1	2
OG0019865	0	0	1	0	0	0	0	1	2
OG0019866	0	0	1	1	0	0	0	0	2
OG0019867	0	0	1	0	0	0	0	1	2
OG0019868	0	0	1	0	0	0	0	1	2
OG0019869	0	0	1	0	0	0	0	1	2
OG0019870	0	0	1	0	0	0	0	1	2
OG0019871	0	0	1	0	0	0	0	1	2
OG0019872	0	0	1	0	0	0	0	1	2
OG0019873	0	0	1	0	0	0	0	1	2
OG0019874	0	0	1	0	0	0	0	1	2
OG0019875	0	0	1	0	0	0	0	1	2
OG0019876	0	0	1	0	0	0	0	1	2
OG0019877	0	0	1	0	0	1	0	0	2
OG0019878	0	0	1	0	0	0	0	1	2
OG0019879	0	0	1	0	0	0	0	1	2
OG0019880	0	0	1	0	0	0	0	1	2
OG0019881	0	0	1	0	0	0	0	1	2
OG0019882	0	0	1	0	0	0	0	1	2
OG0019883	0	0	1	0	0	0	0	1	2
OG0019884	0	0	1	0	0	0	0	1	2
OG0019885	0	0	1	0	0	0	0	1	2
OG0019886	0	0	1	0	0	0	0	1	2
OG0019887	0	0	1	0	0	0	0	1	2
OG0019888	0	0	1	0	0	0	0	1	2
OG0019889	0	0	1	0	0	0	0	1	2
OG0019890	0	0	1	0	0	0	0	1	2
OG0019891	0	0	1	0	0	0	0	1	2
OG0019892	0	0	1	0	0	0	0	1	2
OG0019893	0	0	1	0	0	0	0	1	2
OG0019894	0	0	1	0	0	0	0	1	2
OG0019895	0	0	1	0	0	0	0	1	2
OG0019896	0	0	1	0	0	0	0	1	2
OG0019897	0	0	1	0	0	0	0	1	2
OG0019898	0	0	1	0	0	0	0	1	2
OG0019899	0	0	1	0	0	0	0	1	2
OG0019900	0	0	1	0	0	0	0	1	2
OG0019901	0	0	1	0	0	0	0	1	2
OG0019902	0	0	1	0	0	0	0	1	2
OG0019903	0	0	1	0	0	0	0	1	2
OG0019904	0	0	1	0	0	0	0	1	2
OG0019905	0	0	1	0	0	0	0	1	2
OG0019906	0	0	1	0	0	0	0	1	2
OG0019907	0	0	1	0	0	0	0	1	2
OG0019908	0	0	1	0	0	0	0	1	2
OG0019909	0	0	1	0	0	0	0	1	2
OG0019910	0	0	1	0	0	0	0	1	2
OG0019911	0	0	1	0	0	0	0	1	2
OG0019912	0	0	1	0	0	0	0	1	2
OG0019913	0	0	1	0	0	0	0	1	2
OG0019914	0	0	1	0	0	0	0	1	2
OG0019915	0	0	1	0	0	0	0	1	2
OG0019916	0	0	1	0	0	0	0	1	2
OG0019917	0	0	1	0	0	0	0	1	2
OG0019918	0	0	1	0	0	0	0	1	2
OG0019919	0	0	1	0	0	0	0	1	2
OG0019920	0	0	1	0	0	0	0	1	2
OG0019921	0	0	1	0	0	0	0	1	2
OG0019922	0	0	1	0	0	0	0	1	2
OG0019923	0	0	1	0	0	0	0	1	2
OG0019924	0	0	1	0	0	0	0	1	2
OG0019925	0	0	1	0	0	0	0	1	2
OG0019926	0	0	1	0	0	0	0	1	2
OG0019927	0	0	1	0	0	0	0	1	2
OG0019928	0	0	1	0	0	0	0	1	2
OG0019929	0	0	1	0	0	0	0	1	2
OG0019930	0	0	1	0	0	0	0	1	2
OG0019931	0	0	1	0	0	0	0	1	2
OG0019932	0	0	1	0	0	0	0	1	2
OG0019933	0	0	1	0	0	0	0	1	2
OG0019934	0	0	1	0	0	0	0	1	2
OG0019935	0	0	1	1	0	0	0	0	2
OG0019936	0	0	1	0	0	0	0	1	2
OG0019937	0	0	1	0	0	0	0	1	2
OG0019938	0	0	1	0	0	0	0	1	2
OG0019939	0	0	1	0	0	0	0	1	2
OG0019940	0	0	1	0	0	0	0	1	2
OG0019941	0	0	1	0	0	0	0	1	2
OG0019942	0	0	1	0	0	0	0	1	2
OG0019943	0	0	1	0	0	0	0	1	2
OG0019944	0	0	1	0	0	0	0	1	2
OG0019945	0	0	1	0	0	0	0	1	2
OG0019946	0	0	1	0	0	0	0	1	2
OG0019947	0	0	1	0	0	0	0	1	2
OG0019948	0	0	1	0	0	0	0	1	2
OG0019949	0	0	1	1	0	0	0	0	2
OG0019950	0	0	1	0	0	0	0	1	2
OG0019951	0	0	1	0	0	0	0	1	2
OG0019952	0	0	1	0	0	0	0	1	2
OG0019953	0	0	1	0	0	0	0	1	2
OG0019954	0	0	1	1	0	0	0	0	2
OG0019955	0	0	1	0	0	0	0	1	2
OG0019956	0	0	1	0	0	0	0	1	2
OG0019957	0	0	1	0	0	0	0	1	2
OG0019958	0	0	1	0	0	0	0	1	2
OG0019959	0	0	1	0	0	0	0	1	2
OG0019960	0	0	1	0	0	0	0	1	2
OG0019961	0	0	1	0	0	0	0	1	2
OG0019962	0	0	1	0	0	0	0	1	2
OG0019963	0	0	1	0	0	0	0	1	2
OG0019964	0	0	1	0	0	0	0	1	2
OG0019965	0	0	1	0	0	0	0	1	2
OG0019966	0	0	1	0	0	0	0	1	2
OG0019967	0	0	1	0	0	0	0	1	2
OG0019968	0	0	1	0	0	0	0	1	2
OG0019969	0	0	1	0	0	0	0	1	2
OG0019970	0	0	1	0	0	0	0	1	2
OG0019971	0	0	1	0	0	0	0	1	2
OG0019972	0	0	1	0	0	0	0	1	2
OG0019973	0	0	2	0	0	0	0	0	2
OG0019974	0	0	1	0	0	0	0	1	2
OG0019975	0	0	1	0	0	0	0	1	2
OG0019976	0	0	1	0	0	0	0	1	2
OG0019977	0	0	1	0	0	0	0	1	2
OG0019978	0	0	1	0	0	0	0	1	2
OG0019979	0	0	1	0	0	0	0	1	2
OG0019980	0	0	1	0	0	0	0	1	2
OG0019981	0	0	1	0	0	0	0	1	2
OG0019982	0	0	1	0	0	0	0	1	2
OG0019983	0	0	1	0	0	0	0	1	2
OG0019984	0	0	1	0	0	0	0	1	2
OG0019985	0	0	1	0	0	0	0	1	2
OG0019986	0	0	1	0	0	0	0	1	2
OG0019987	0	0	1	0	0	0	0	1	2
OG0019988	0	0	1	0	0	0	0	1	2
OG0019989	0	0	1	0	0	0	0	1	2
OG0019990	0	0	1	0	0	0	0	1	2
OG0019991	0	0	1	0	0	0	0	1	2
OG0019992	0	0	1	0	0	0	0	1	2
OG0019993	0	0	2	0	0	0	0	0	2
OG0019994	0	0	1	0	0	0	0	1	2
OG0019995	0	0	1	0	0	0	0	1	2
OG0019996	0	0	1	0	0	0	0	1	2
OG0019997	0	0	1	0	0	0	0	1	2
OG0019998	0	0	1	0	0	0	0	1	2
OG0019999	0	0	1	0	0	0	0	1	2
OG0020000	0	0	1	0	0	0	0	1	2
OG0020001	0	0	1	0	0	0	0	1	2
OG0020002	0	0	1	0	0	0	0	1	2
OG0020003	0	0	1	0	0	0	0	1	2
OG0020004	0	0	1	0	0	0	0	1	2
OG0020005	0	0	1	0	0	0	0	1	2
OG0020006	0	0	1	0	0	0	0	1	2
OG0020007	0	0	1	0	0	0	0	1	2
OG0020008	0	0	1	0	0	0	0	1	2
OG0020009	0	0	1	0	0	0	0	1	2
OG0020010	0	0	1	0	0	0	0	1	2
OG0020011	0	0	1	0	0	0	0	1	2
OG0020012	0	0	1	0	0	0	0	1	2
OG0020013	0	0	1	0	0	1	0	0	2
OG0020014	0	0	1	0	0	0	0	1	2
OG0020015	0	0	1	0	0	0	0	1	2
OG0020016	0	0	1	0	0	0	0	1	2
OG0020017	0	0	1	0	0	0	0	1	2
OG0020018	0	0	1	0	0	0	0	1	2
OG0020019	0	0	1	0	0	0	0	1	2
OG0020020	0	0	1	0	0	0	0	1	2
OG0020021	0	0	1	0	0	0	0	1	2
OG0020022	0	0	1	0	0	0	0	1	2
OG0020023	0	0	1	1	0	0	0	0	2
OG0020024	0	0	1	0	0	0	0	1	2
OG0020025	0	0	1	0	0	0	0	1	2
OG0020026	0	0	1	0	0	0	0	1	2
OG0020027	0	0	1	0	0	0	0	1	2
OG0020028	0	0	1	0	0	0	0	1	2
OG0020029	0	0	1	0	0	0	0	1	2
OG0020030	0	0	1	0	0	0	0	1	2
OG0020031	0	0	1	0	0	0	0	1	2
OG0020032	0	0	1	0	0	0	0	1	2
OG0020033	0	0	1	0	0	0	0	1	2
OG0020034	0	0	1	0	0	0	0	1	2
OG0020035	0	0	1	0	0	0	0	1	2
OG0020036	0	0	1	0	0	0	0	1	2
OG0020037	0	0	1	0	0	0	0	1	2
OG0020038	0	0	1	0	0	0	0	1	2
OG0020039	0	0	1	0	0	0	0	1	2
OG0020040	0	0	1	0	0	0	0	1	2
OG0020041	0	0	1	0	0	0	0	1	2
OG0020042	0	0	1	0	0	0	0	1	2
OG0020043	0	0	1	0	0	0	0	1	2
OG0020044	0	0	1	0	0	0	0	1	2
OG0020045	0	0	1	0	0	0	0	1	2
OG0020046	0	0	1	0	0	0	0	1	2
OG0020047	0	0	1	0	0	0	0	1	2
OG0020048	0	0	1	0	0	0	0	1	2
OG0020049	0	0	1	0	0	0	0	1	2
OG0020050	0	0	1	0	0	0	0	1	2
OG0020051	0	0	1	0	0	0	0	1	2
OG0020052	0	0	1	0	0	0	0	1	2
OG0020053	0	0	1	0	0	0	0	1	2
OG0020054	0	0	1	0	0	0	0	1	2
OG0020055	0	0	1	0	0	0	0	1	2
OG0020056	0	0	1	0	0	0	0	1	2
OG0020057	0	0	1	1	0	0	0	0	2
OG0020058	0	0	1	0	0	0	0	1	2
OG0020059	0	0	1	0	0	0	0	1	2
OG0020060	0	0	1	0	0	0	0	1	2
OG0020061	0	0	1	0	0	0	0	1	2
OG0020062	0	0	1	0	0	0	0	1	2
OG0020063	0	0	1	0	0	0	0	1	2
OG0020064	0	0	1	0	0	0	0	1	2
OG0020065	0	0	1	0	0	0	0	1	2
OG0020066	0	0	1	0	0	0	0	1	2
OG0020067	0	0	1	0	0	0	0	1	2
OG0020068	0	0	1	0	0	0	0	1	2
OG0020069	0	0	1	0	0	0	0	1	2
OG0020070	0	0	1	0	0	0	0	1	2
OG0020071	0	0	1	0	0	0	0	1	2
OG0020072	0	0	1	0	0	0	0	1	2
OG0020073	0	0	1	0	0	0	0	1	2
OG0020074	0	0	1	0	0	0	0	1	2
OG0020075	0	0	1	0	0	0	0	1	2
OG0020076	0	0	1	0	0	0	0	1	2
OG0020077	0	0	1	0	0	0	0	1	2
OG0020078	0	0	1	0	0	0	0	1	2
OG0020079	0	0	1	0	0	0	0	1	2
OG0020080	0	0	1	0	0	0	0	1	2
OG0020081	0	0	1	0	0	0	0	1	2
OG0020082	0	0	1	1	0	0	0	0	2
OG0020083	0	0	1	0	0	0	0	1	2
OG0020084	0	0	1	0	0	0	0	1	2
OG0020085	0	0	1	0	0	0	0	1	2
OG0020086	0	0	1	0	0	0	0	1	2
OG0020087	0	0	1	0	0	0	0	1	2
OG0020088	0	0	1	0	0	0	0	1	2
OG0020089	0	0	1	0	0	0	0	1	2
OG0020090	0	0	1	0	0	0	0	1	2
OG0020091	0	0	1	0	0	0	0	1	2
OG0020092	0	0	1	0	0	0	0	1	2
OG0020093	0	0	1	0	0	0	0	1	2
OG0020094	0	0	1	0	0	0	0	1	2
OG0020095	0	0	1	0	0	0	0	1	2
OG0020096	0	0	1	0	0	0	0	1	2
OG0020097	0	0	1	0	0	0	0	1	2
OG0020098	0	0	1	0	0	0	0	1	2
OG0020099	0	0	1	0	0	0	0	1	2
OG0020100	0	0	1	0	0	0	0	1	2
OG0020101	0	0	1	0	0	0	0	1	2
OG0020102	0	0	1	0	0	0	0	1	2
OG0020103	0	0	1	0	0	0	0	1	2
OG0020104	0	0	1	0	0	0	0	1	2
OG0020105	0	0	1	0	0	0	0	1	2
OG0020106	0	0	1	0	0	0	0	1	2
OG0020107	0	0	1	0	0	0	0	1	2
OG0020108	0	0	1	0	0	0	0	1	2
OG0020109	0	0	1	0	0	0	0	1	2
OG0020110	0	0	1	0	0	0	0	1	2
OG0020111	0	0	1	0	0	0	0	1	2
OG0020112	0	0	1	0	0	0	0	1	2
OG0020113	0	0	1	0	0	0	0	1	2
OG0020114	0	0	1	0	0	0	0	1	2
OG0020115	0	0	1	0	0	0	0	1	2
OG0020116	0	0	1	0	0	0	0	1	2
OG0020117	0	0	1	0	0	0	0	1	2
OG0020118	0	0	1	0	0	0	0	1	2
OG0020119	0	0	2	0	0	0	0	0	2
OG0020120	0	0	1	0	0	0	0	1	2
OG0020121	0	0	1	0	0	0	0	1	2
OG0020122	0	0	1	0	0	0	0	1	2
OG0020123	0	0	1	0	0	0	0	1	2
OG0020124	0	0	1	0	0	0	0	1	2
OG0020125	0	0	1	0	0	0	0	1	2
OG0020126	0	0	1	0	0	0	0	1	2
OG0020127	0	0	1	0	0	0	0	1	2
OG0020128	0	0	1	0	0	0	0	1	2
OG0020129	0	0	1	0	0	0	0	1	2
OG0020130	0	0	1	0	0	0	0	1	2
OG0020131	0	0	1	0	0	0	0	1	2
OG0020132	0	0	1	0	0	0	0	1	2
OG0020133	0	0	1	0	0	0	0	1	2
OG0020134	0	0	1	0	0	0	0	1	2
OG0020135	0	0	1	0	0	0	0	1	2
OG0020136	0	0	1	0	0	0	0	1	2
OG0020137	0	0	1	0	0	0	0	1	2
OG0020138	0	0	1	0	0	0	0	1	2
OG0020139	0	0	1	0	0	0	0	1	2
OG0020140	0	0	1	0	0	0	0	1	2
OG0020141	0	0	1	0	0	0	0	1	2
OG0020142	0	0	1	0	0	0	0	1	2
OG0020143	0	0	1	0	0	0	0	1	2
OG0020144	0	0	1	0	0	0	0	1	2
OG0020145	0	0	1	0	0	0	0	1	2
OG0020146	0	0	1	0	0	0	0	1	2
OG0020147	0	0	1	0	0	0	0	1	2
OG0020148	0	0	1	0	0	0	0	1	2
OG0020149	0	0	1	0	0	0	0	1	2
OG0020150	0	0	1	1	0	0	0	0	2
OG0020151	0	0	1	0	0	0	0	1	2
OG0020152	0	0	1	0	0	0	0	1	2
OG0020153	0	0	1	0	0	0	0	1	2
OG0020154	0	0	1	0	0	0	0	1	2
OG0020155	0	0	1	0	0	0	0	1	2
OG0020156	0	0	1	0	0	0	0	1	2
OG0020157	0	0	1	0	0	0	0	1	2
OG0020158	0	0	1	0	0	0	0	1	2
OG0020159	0	0	1	0	0	0	0	1	2
OG0020160	0	0	1	0	0	0	0	1	2
OG0020161	0	0	1	0	0	0	0	1	2
OG0020162	0	0	1	0	0	0	0	1	2
OG0020163	0	0	1	0	0	0	0	1	2
OG0020164	0	0	1	0	0	0	0	1	2
OG0020165	0	0	1	0	0	0	0	1	2
OG0020166	0	0	1	0	0	0	0	1	2
OG0020167	0	0	1	0	0	0	0	1	2
OG0020168	0	0	1	0	0	0	0	1	2
OG0020169	0	0	1	0	0	0	0	1	2
OG0020170	0	0	1	0	0	0	0	1	2
OG0020171	0	0	1	0	0	0	0	1	2
OG0020172	0	0	1	0	0	0	0	1	2
OG0020173	0	0	1	0	0	0	0	1	2
OG0020174	0	0	1	0	0	1	0	0	2
OG0020175	0	0	1	0	0	0	0	1	2
OG0020176	0	0	1	0	0	0	0	1	2
OG0020177	0	0	1	0	0	0	0	1	2
OG0020178	0	0	1	0	0	0	0	1	2
OG0020179	0	0	1	0	0	0	0	1	2
OG0020180	0	0	1	0	0	0	0	1	2
OG0020181	0	0	1	0	0	0	0	1	2
OG0020182	0	0	1	0	0	0	0	1	2
OG0020183	0	0	1	0	0	0	0	1	2
OG0020184	0	0	1	0	0	0	0	1	2
OG0020185	0	0	1	1	0	0	0	0	2
OG0020186	0	0	1	0	0	0	0	1	2
OG0020187	0	0	1	0	0	0	0	1	2
OG0020188	0	0	1	0	0	0	0	1	2
OG0020189	0	0	1	0	0	0	0	1	2
OG0020190	0	0	1	0	0	0	0	1	2
OG0020191	0	0	1	0	0	0	0	1	2
OG0020192	0	0	1	0	0	0	0	1	2
OG0020193	0	0	1	0	0	0	0	1	2
OG0020194	0	0	1	0	0	0	0	1	2
OG0020195	0	0	1	0	0	0	0	1	2
OG0020196	0	0	1	0	0	0	0	1	2
OG0020197	0	0	1	0	0	0	0	1	2
OG0020198	0	0	1	0	0	0	0	1	2
OG0020199	0	0	1	0	0	0	0	1	2
OG0020200	0	0	1	0	0	0	0	1	2
OG0020201	0	0	1	0	0	0	0	1	2
OG0020202	0	0	1	1	0	0	0	0	2
OG0020203	0	0	1	0	0	0	0	1	2
OG0020204	0	0	1	0	0	0	0	1	2
OG0020205	0	0	1	0	0	0	0	1	2
OG0020206	0	0	1	0	0	0	0	1	2
OG0020207	0	0	1	0	0	0	0	1	2
OG0020208	0	0	1	0	0	0	0	1	2
OG0020209	0	0	1	0	0	0	0	1	2
OG0020210	0	0	1	0	0	0	0	1	2
OG0020211	0	0	1	0	0	0	0	1	2
OG0020212	0	0	1	0	0	0	0	1	2
OG0020213	0	0	1	0	0	0	0	1	2
OG0020214	0	0	1	0	0	0	0	1	2
OG0020215	0	0	1	0	0	0	0	1	2
OG0020216	0	0	1	1	0	0	0	0	2
OG0020217	0	0	1	0	0	0	0	1	2
OG0020218	0	0	1	0	0	0	0	1	2
OG0020219	0	0	1	0	0	0	0	1	2
OG0020220	0	0	1	0	0	0	0	1	2
OG0020221	0	0	1	0	0	0	0	1	2
OG0020222	0	0	1	0	0	0	0	1	2
OG0020223	0	0	1	0	0	0	0	1	2
OG0020224	0	0	1	0	0	0	0	1	2
OG0020225	0	0	1	0	0	0	0	1	2
OG0020226	0	0	1	0	0	0	0	1	2
OG0020227	0	0	1	0	0	0	0	1	2
OG0020228	0	0	1	0	0	0	0	1	2
OG0020229	0	0	1	0	0	0	0	1	2
OG0020230	0	0	1	0	0	0	0	1	2
OG0020231	0	0	1	0	0	0	0	1	2
OG0020232	0	0	1	0	0	0	0	1	2
OG0020233	0	0	1	0	0	0	0	1	2
OG0020234	0	0	1	0	0	0	0	1	2
OG0020235	0	0	1	0	0	0	0	1	2
OG0020236	0	0	1	0	0	0	0	1	2
OG0020237	0	0	1	0	0	0	0	1	2
OG0020238	0	0	1	0	0	0	0	1	2
OG0020239	0	0	1	0	0	0	0	1	2
OG0020240	0	0	1	1	0	0	0	0	2
OG0020241	0	0	1	0	0	0	0	1	2
OG0020242	0	0	1	0	0	0	0	1	2
OG0020243	0	0	1	0	0	0	0	1	2
OG0020244	0	0	1	0	0	0	0	1	2
OG0020245	0	0	1	0	0	0	0	1	2
OG0020246	0	0	1	0	0	0	0	1	2
OG0020247	0	0	1	0	0	0	0	1	2
OG0020248	0	0	1	1	0	0	0	0	2
OG0020249	0	0	1	0	0	0	0	1	2
OG0020250	0	0	1	0	0	0	0	1	2
OG0020251	0	0	1	0	0	0	0	1	2
OG0020252	0	0	1	0	0	0	0	1	2
OG0020253	0	0	1	1	0	0	0	0	2
OG0020254	0	0	1	0	0	0	0	1	2
OG0020255	0	0	1	0	0	0	0	1	2
OG0020256	0	0	1	0	0	0	0	1	2
OG0020257	0	0	1	0	0	0	0	1	2
OG0020258	0	0	1	0	0	0	0	1	2
OG0020259	0	0	1	0	0	1	0	0	2
OG0020260	0	0	1	0	0	0	0	1	2
OG0020261	0	0	1	0	0	0	0	1	2
OG0020262	0	0	1	0	0	0	0	1	2
OG0020263	0	0	1	0	0	0	0	1	2
OG0020264	0	0	1	0	0	0	0	1	2
OG0020265	0	0	1	0	0	0	0	1	2
OG0020266	0	0	1	0	0	0	0	1	2
OG0020267	0	0	1	0	0	0	0	1	2
OG0020268	0	0	1	0	0	0	0	1	2
OG0020269	0	0	1	0	0	0	0	1	2
OG0020270	0	0	1	0	0	0	0	1	2
OG0020271	0	0	1	0	0	0	0	1	2
OG0020272	0	0	1	0	0	0	0	1	2
OG0020273	0	0	1	0	0	0	0	1	2
OG0020274	0	0	1	0	0	0	0	1	2
OG0020275	0	0	1	0	0	0	0	1	2
OG0020276	0	0	1	0	0	0	0	1	2
OG0020277	0	0	1	0	0	0	0	1	2
OG0020278	0	0	1	0	0	0	0	1	2
OG0020279	0	0	1	0	0	0	0	1	2
OG0020280	0	0	1	0	0	0	0	1	2
OG0020281	0	0	1	0	0	0	0	1	2
OG0020282	0	0	1	0	0	0	0	1	2
OG0020283	0	0	1	0	0	0	0	1	2
OG0020284	0	0	1	0	0	0	0	1	2
OG0020285	0	0	1	0	0	0	0	1	2
OG0020286	0	0	1	0	0	0	0	1	2
OG0020287	0	0	1	0	0	0	0	1	2
OG0020288	0	0	1	0	0	0	0	1	2
OG0020289	0	0	1	0	0	0	0	1	2
OG0020290	0	0	1	0	0	0	0	1	2
OG0020291	0	0	1	0	0	0	0	1	2
OG0020292	0	0	1	0	0	0	0	1	2
OG0020293	0	0	1	0	0	0	0	1	2
OG0020294	0	0	1	0	0	0	0	1	2
OG0020295	0	0	1	0	0	0	0	1	2
OG0020296	0	0	1	0	0	0	0	1	2
OG0020297	0	0	1	0	0	0	0	1	2
OG0020298	0	0	1	1	0	0	0	0	2
OG0020299	0	0	1	0	0	0	0	1	2
OG0020300	0	0	1	0	0	0	0	1	2
OG0020301	0	0	1	0	0	0	0	1	2
OG0020302	0	0	1	0	0	0	0	1	2
OG0020303	0	0	1	0	0	0	0	1	2
OG0020304	0	0	1	0	0	0	0	1	2
OG0020305	0	0	1	0	0	0	0	1	2
OG0020306	0	0	1	0	0	0	0	1	2
OG0020307	0	0	1	0	0	0	0	1	2
OG0020308	0	0	1	0	0	0	0	1	2
OG0020309	0	0	1	0	0	0	0	1	2
OG0020310	0	0	1	0	0	0	0	1	2
OG0020311	0	0	1	0	0	0	0	1	2
OG0020312	0	0	1	0	0	0	0	1	2
OG0020313	0	0	1	0	0	0	0	1	2
OG0020314	0	0	1	0	0	0	0	1	2
OG0020315	0	0	1	0	0	0	0	1	2
OG0020316	0	0	1	0	0	0	0	1	2
OG0020317	0	0	1	0	0	0	0	1	2
OG0020318	0	0	1	0	0	0	0	1	2
OG0020319	0	0	1	0	0	0	0	1	2
OG0020320	0	0	1	0	0	0	0	1	2
OG0020321	0	0	1	0	0	0	0	1	2
OG0020322	0	0	1	0	0	0	0	1	2
OG0020323	0	0	1	0	0	0	0	1	2
OG0020324	0	0	1	0	0	0	0	1	2
OG0020325	0	0	1	1	0	0	0	0	2
OG0020326	0	0	1	0	0	0	0	1	2
OG0020327	0	0	1	0	0	0	0	1	2
OG0020328	0	0	1	0	0	0	0	1	2
OG0020329	0	0	1	0	0	0	0	1	2
OG0020330	0	0	1	0	0	0	0	1	2
OG0020331	0	0	1	0	0	0	0	1	2
OG0020332	0	0	1	0	0	0	0	1	2
OG0020333	0	0	1	0	0	0	0	1	2
OG0020334	0	0	1	0	0	0	0	1	2
OG0020335	0	0	1	0	0	0	0	1	2
OG0020336	0	0	1	0	0	0	0	1	2
OG0020337	0	0	1	0	0	0	0	1	2
OG0020338	0	0	1	0	0	0	0	1	2
OG0020339	0	0	1	0	0	0	0	1	2
OG0020340	0	0	1	0	0	0	0	1	2
OG0020341	0	0	1	0	0	0	0	1	2
OG0020342	0	0	1	1	0	0	0	0	2
OG0020343	0	0	1	0	0	0	0	1	2
OG0020344	0	0	1	0	0	0	0	1	2
OG0020345	0	0	1	0	0	0	0	1	2
OG0020346	0	0	2	0	0	0	0	0	2
OG0020347	0	0	1	0	0	0	0	1	2
OG0020348	0	0	1	0	0	0	0	1	2
OG0020349	0	0	1	0	0	0	0	1	2
OG0020350	0	0	1	0	0	0	0	1	2
OG0020351	0	0	1	0	0	0	0	1	2
OG0020352	0	0	1	0	0	0	0	1	2
OG0020353	0	0	1	0	0	0	0	1	2
OG0020354	0	0	1	0	0	0	0	1	2
OG0020355	0	0	1	0	0	0	0	1	2
OG0020356	0	0	1	0	0	0	0	1	2
OG0020357	0	0	1	0	0	0	0	1	2
OG0020358	0	0	1	0	0	0	0	1	2
OG0020359	0	0	1	0	0	0	0	1	2
OG0020360	0	0	1	0	0	0	0	1	2
OG0020361	0	0	1	0	0	0	0	1	2
OG0020362	0	0	1	0	0	0	0	1	2
OG0020363	0	0	1	0	0	0	0	1	2
OG0020364	0	0	1	0	0	0	0	1	2
OG0020365	0	0	1	0	0	0	0	1	2
OG0020366	0	0	1	0	0	0	0	1	2
OG0020367	0	0	1	0	0	0	0	1	2
OG0020368	0	0	1	0	0	0	0	1	2
OG0020369	0	0	1	0	0	0	0	1	2
OG0020370	0	0	1	0	0	0	0	1	2
OG0020371	0	0	1	0	0	0	0	1	2
OG0020372	0	0	1	1	0	0	0	0	2
OG0020373	0	0	1	0	0	0	0	1	2
OG0020374	0	0	1	0	0	0	0	1	2
OG0020375	0	0	1	0	0	0	0	1	2
OG0020376	0	0	1	0	0	0	0	1	2
OG0020377	0	0	1	0	0	0	0	1	2
OG0020378	0	0	1	0	0	0	0	1	2
OG0020379	0	0	1	0	0	0	0	1	2
OG0020380	0	0	1	0	0	0	0	1	2
OG0020381	0	0	1	0	0	0	0	1	2
OG0020382	0	0	1	0	0	0	0	1	2
OG0020383	0	0	1	0	0	0	0	1	2
OG0020384	0	0	1	0	0	0	0	1	2
OG0020385	0	0	1	0	0	0	0	1	2
OG0020386	0	0	1	0	0	0	0	1	2
OG0020387	0	0	1	0	0	0	0	1	2
OG0020388	0	0	1	0	0	0	0	1	2
OG0020389	0	0	1	0	0	0	0	1	2
OG0020390	0	0	1	0	0	0	0	1	2
OG0020391	0	0	1	0	0	0	0	1	2
OG0020392	0	0	1	0	0	0	0	1	2
OG0020393	0	0	1	0	0	0	0	1	2
OG0020394	0	0	1	0	0	0	0	1	2
OG0020395	0	0	1	0	0	0	0	1	2
OG0020396	0	0	1	0	0	0	0	1	2
OG0020397	0	0	1	0	0	0	0	1	2
OG0020398	0	0	1	0	0	0	0	1	2
OG0020399	0	0	1	0	0	0	0	1	2
OG0020400	0	0	1	0	0	0	0	1	2
OG0020401	0	0	1	0	0	0	0	1	2
OG0020402	0	0	1	0	0	0	0	1	2
OG0020403	0	0	1	0	0	0	0	1	2
OG0020404	0	0	1	0	0	0	0	1	2
OG0020405	0	0	1	0	0	0	0	1	2
OG0020406	0	0	1	0	0	0	0	1	2
OG0020407	0	0	1	0	0	0	0	1	2
OG0020408	0	0	1	0	0	0	0	1	2
OG0020409	0	0	1	0	0	0	0	1	2
OG0020410	0	0	1	0	0	0	0	1	2
OG0020411	0	0	1	0	0	0	0	1	2
OG0020412	0	0	1	0	0	0	0	1	2
OG0020413	0	0	1	0	0	0	0	1	2
OG0020414	0	0	1	0	0	0	0	1	2
OG0020415	0	0	1	0	0	0	0	1	2
OG0020416	0	0	1	0	0	0	0	1	2
OG0020417	0	0	1	0	0	0	0	1	2
OG0020418	0	0	1	0	0	0	0	1	2
OG0020419	0	0	1	0	0	0	0	1	2
OG0020420	0	0	1	0	0	0	0	1	2
OG0020421	0	0	1	0	0	0	0	1	2
OG0020422	0	0	1	0	0	0	0	1	2
OG0020423	0	0	1	0	0	0	0	1	2
OG0020424	0	0	1	0	0	0	0	1	2
OG0020425	0	0	1	0	0	0	0	1	2
OG0020426	0	0	1	0	0	0	0	1	2
OG0020427	0	0	1	0	0	0	0	1	2
OG0020428	0	0	1	0	0	0	0	1	2
OG0020429	0	0	1	0	0	0	0	1	2
OG0020430	0	0	1	0	0	0	0	1	2
OG0020431	0	0	1	0	0	0	0	1	2
OG0020432	0	0	1	0	0	0	0	1	2
OG0020433	0	0	1	0	0	0	0	1	2
OG0020434	0	0	1	0	0	0	0	1	2
OG0020435	0	0	1	0	0	0	0	1	2
OG0020436	0	0	1	0	0	0	0	1	2
OG0020437	0	0	1	0	0	0	0	1	2
OG0020438	0	0	1	0	0	0	0	1	2
OG0020439	0	0	1	0	0	0	0	1	2
OG0020440	0	0	1	0	0	0	0	1	2
OG0020441	0	0	1	0	0	0	0	1	2
OG0020442	0	0	1	0	0	0	0	1	2
OG0020443	0	0	1	0	0	0	0	1	2
OG0020444	0	0	1	0	0	0	0	1	2
OG0020445	0	0	1	0	0	0	0	1	2
OG0020446	0	0	1	0	0	0	0	1	2
OG0020447	0	0	1	0	0	0	0	1	2
OG0020448	0	0	1	0	0	0	0	1	2
OG0020449	0	0	1	0	0	0	0	1	2
OG0020450	0	0	1	0	0	0	0	1	2
OG0020451	0	0	1	0	0	0	0	1	2
OG0020452	0	0	1	0	0	0	0	1	2
OG0020453	0	0	1	0	0	0	0	1	2
OG0020454	0	0	1	0	0	0	0	1	2
OG0020455	0	0	1	0	0	0	0	1	2
OG0020456	0	0	1	0	0	0	0	1	2
OG0020457	0	0	1	0	0	0	0	1	2
OG0020458	0	0	1	0	0	0	0	1	2
OG0020459	0	0	1	0	0	0	0	1	2
OG0020460	0	0	1	0	0	0	0	1	2
OG0020461	0	0	1	0	0	0	0	1	2
OG0020462	0	0	1	0	0	0	0	1	2
OG0020463	0	0	2	0	0	0	0	0	2
OG0020464	0	0	1	0	0	0	0	1	2
OG0020465	0	0	1	0	0	0	0	1	2
OG0020466	0	0	1	0	0	0	0	1	2
OG0020467	0	0	1	0	0	0	0	1	2
OG0020468	0	0	1	0	0	0	0	1	2
OG0020469	0	0	1	0	0	0	0	1	2
OG0020470	0	0	1	0	0	0	0	1	2
OG0020471	0	0	1	0	0	0	0	1	2
OG0020472	0	0	1	0	0	0	0	1	2
OG0020473	0	0	1	0	0	0	0	1	2
OG0020474	0	0	1	0	0	0	0	1	2
OG0020475	0	0	1	0	0	0	0	1	2
OG0020476	0	0	1	0	0	0	0	1	2
OG0020477	0	0	1	0	0	0	0	1	2
OG0020478	0	0	1	0	0	0	0	1	2
OG0020479	0	0	1	0	0	0	0	1	2
OG0020480	0	0	1	0	0	0	0	1	2
OG0020481	0	0	1	0	0	0	0	1	2
OG0020482	0	0	1	0	0	0	0	1	2
OG0020483	0	0	1	0	0	0	0	1	2
OG0020484	0	0	1	0	0	0	0	1	2
OG0020485	0	0	1	0	0	0	0	1	2
OG0020486	0	0	1	0	0	0	0	1	2
OG0020487	0	0	1	0	0	0	0	1	2
OG0020488	0	0	1	0	0	0	0	1	2
OG0020489	0	0	1	0	0	0	0	1	2
OG0020490	0	0	1	0	0	0	0	1	2
OG0020491	0	0	1	0	0	0	0	1	2
OG0020492	0	0	1	0	0	0	0	1	2
OG0020493	0	0	1	0	0	0	0	1	2
OG0020494	0	0	1	0	0	0	0	1	2
OG0020495	0	0	1	0	0	0	0	1	2
OG0020496	0	0	1	0	0	0	0	1	2
OG0020497	0	0	1	0	0	0	0	1	2
OG0020498	0	0	1	0	0	0	0	1	2
OG0020499	0	0	1	0	0	0	0	1	2
OG0020500	0	0	1	0	0	0	0	1	2
OG0020501	0	0	1	0	0	0	0	1	2
OG0020502	0	0	1	0	0	0	0	1	2
OG0020503	0	0	1	0	0	0	0	1	2
OG0020504	0	0	1	0	0	0	0	1	2
OG0020505	0	0	1	0	0	0	0	1	2
OG0020506	0	0	1	0	0	0	0	1	2
OG0020507	0	0	1	1	0	0	0	0	2
OG0020508	0	0	1	0	0	0	0	1	2
OG0020509	0	0	1	0	0	0	0	1	2
OG0020510	0	0	1	0	0	0	0	1	2
OG0020511	0	0	1	0	0	0	0	1	2
OG0020512	0	0	1	0	0	0	0	1	2
OG0020513	0	0	1	0	0	0	0	1	2
OG0020514	0	0	1	0	0	0	0	1	2
OG0020515	0	0	1	0	0	0	0	1	2
OG0020516	0	0	1	0	0	0	0	1	2
OG0020517	0	0	1	0	0	0	0	1	2
OG0020518	0	0	1	0	0	0	0	1	2
OG0020519	0	0	1	0	0	0	0	1	2
OG0020520	0	0	1	0	0	0	0	1	2
OG0020521	0	0	1	0	0	0	0	1	2
OG0020522	0	0	1	0	0	0	0	1	2
OG0020523	0	0	1	0	0	0	0	1	2
OG0020524	0	0	1	0	0	0	0	1	2
OG0020525	0	0	1	0	0	0	0	1	2
OG0020526	0	0	1	0	0	0	0	1	2
OG0020527	0	0	1	0	0	0	0	1	2
OG0020528	0	0	1	0	0	0	0	1	2
OG0020529	0	0	1	0	0	0	0	1	2
OG0020530	0	0	1	0	0	0	0	1	2
OG0020531	0	0	1	0	0	0	0	1	2
OG0020532	0	0	1	1	0	0	0	0	2
OG0020533	0	0	1	0	0	0	0	1	2
OG0020534	0	0	1	0	0	0	0	1	2
OG0020535	0	0	1	0	0	0	0	1	2
OG0020536	0	0	1	0	0	0	0	1	2
OG0020537	0	0	1	0	0	0	0	1	2
OG0020538	0	0	1	0	0	0	0	1	2
OG0020539	0	0	1	0	0	0	0	1	2
OG0020540	0	0	1	0	0	0	0	1	2
OG0020541	0	0	1	1	0	0	0	0	2
OG0020542	0	0	1	0	0	0	0	1	2
OG0020543	0	0	1	0	0	0	0	1	2
OG0020544	0	0	1	0	0	0	0	1	2
OG0020545	0	0	1	1	0	0	0	0	2
OG0020546	0	0	1	1	0	0	0	0	2
OG0020547	0	0	1	0	0	0	0	1	2
OG0020548	0	0	1	0	0	0	0	1	2
OG0020549	0	0	1	0	0	0	0	1	2
OG0020550	0	0	1	0	0	0	0	1	2
OG0020551	0	0	1	0	0	0	0	1	2
OG0020552	0	0	1	0	0	0	0	1	2
OG0020553	0	0	1	1	0	0	0	0	2
OG0020554	0	0	1	1	0	0	0	0	2
OG0020555	0	0	1	0	0	0	0	1	2
OG0020556	0	0	1	0	0	1	0	0	2
OG0020557	0	0	1	1	0	0	0	0	2
OG0020558	0	0	1	0	0	1	0	0	2
OG0020559	0	0	1	0	0	0	0	1	2
OG0020560	0	0	1	0	0	0	0	1	2
OG0020561	0	0	1	0	0	0	0	1	2
OG0020562	0	0	2	0	0	0	0	0	2
OG0020563	0	0	1	0	0	0	0	1	2
OG0020564	0	0	1	0	0	0	0	1	2
OG0020565	0	0	1	0	0	0	1	0	2
OG0020566	0	0	1	1	0	0	0	0	2
OG0020567	0	0	1	0	0	0	0	1	2
OG0020568	0	0	1	0	0	0	0	1	2
OG0020569	0	0	0	1	0	0	0	1	2
OG0020570	0	0	0	2	0	0	0	0	2
OG0020571	0	0	0	2	0	0	0	0	2
OG0020572	0	0	0	2	0	0	0	0	2
OG0020573	0	0	0	1	1	0	0	0	2
OG0020574	0	0	0	2	0	0	0	0	2
OG0020575	0	0	0	1	0	0	0	1	2
OG0020576	0	0	0	1	1	0	0	0	2
OG0020577	0	0	0	2	0	0	0	0	2
OG0020578	0	0	0	2	0	0	0	0	2
OG0020579	0	0	0	2	0	0	0	0	2
OG0020580	0	0	0	2	0	0	0	0	2
OG0020581	0	0	0	2	0	0	0	0	2
OG0020582	0	0	0	2	0	0	0	0	2
OG0020583	0	0	0	2	0	0	0	0	2
OG0020584	0	0	0	1	0	0	0	1	2
OG0020585	0	0	0	2	0	0	0	0	2
OG0020586	0	0	0	1	0	0	0	1	2
OG0020587	0	0	0	2	0	0	0	0	2
OG0020588	0	0	0	1	0	0	0	1	2
OG0020589	0	0	0	2	0	0	0	0	2
OG0020590	0	0	0	2	0	0	0	0	2
OG0020591	0	0	0	2	0	0	0	0	2
OG0020592	0	0	0	2	0	0	0	0	2
OG0020593	0	0	0	2	0	0	0	0	2
OG0020594	0	0	0	1	0	0	0	1	2
OG0020595	0	0	0	2	0	0	0	0	2
OG0020596	0	0	0	2	0	0	0	0	2
OG0020597	0	0	0	1	0	0	0	1	2
OG0020598	0	0	0	1	0	0	0	1	2
OG0020599	0	0	0	2	0	0	0	0	2
OG0020600	0	0	0	1	0	0	0	1	2
OG0020601	0	0	0	2	0	0	0	0	2
OG0020602	0	0	0	2	0	0	0	0	2
OG0020603	0	0	0	2	0	0	0	0	2
OG0020604	0	0	0	1	0	0	1	0	2
OG0020605	0	0	0	1	0	0	0	1	2
OG0020606	0	0	0	1	0	0	0	1	2
OG0020607	0	0	0	1	1	0	0	0	2
OG0020608	0	0	0	1	0	0	0	1	2
OG0020609	0	0	0	1	1	0	0	0	2
OG0020610	0	0	0	2	0	0	0	0	2
OG0020611	0	0	0	2	0	0	0	0	2
OG0020612	0	0	0	2	0	0	0	0	2
OG0020613	0	0	0	2	0	0	0	0	2
OG0020614	0	0	0	1	1	0	0	0	2
OG0020615	0	0	0	2	0	0	0	0	2
OG0020616	0	0	0	1	0	0	0	1	2
OG0020617	0	0	0	1	0	0	0	1	2
OG0020618	0	0	0	2	0	0	0	0	2
OG0020619	0	0	0	1	0	0	0	1	2
OG0020620	0	0	0	2	0	0	0	0	2
OG0020621	0	0	0	1	0	0	0	1	2
OG0020622	0	0	0	1	0	0	0	1	2
OG0020623	0	0	0	1	0	0	0	1	2
OG0020624	0	0	0	1	0	0	0	1	2
OG0020625	0	0	0	1	0	0	0	1	2
OG0020626	0	0	0	1	0	0	0	1	2
OG0020627	0	0	0	1	0	0	0	1	2
OG0020628	0	0	0	1	0	0	0	1	2
OG0020629	0	0	0	1	0	0	0	1	2
OG0020630	0	0	0	1	0	0	0	1	2
OG0020631	0	0	0	1	0	0	0	1	2
OG0020632	0	0	0	2	0	0	0	0	2
OG0020633	0	0	0	2	0	0	0	0	2
OG0020634	0	0	0	1	0	0	0	1	2
OG0020635	0	0	0	1	0	0	0	1	2
OG0020636	0	0	0	1	0	0	0	1	2
OG0020637	0	0	0	1	0	0	0	1	2
OG0020638	0	0	0	2	0	0	0	0	2
OG0020639	0	0	0	1	0	0	0	1	2
OG0020640	0	0	0	1	0	0	0	1	2
OG0020641	0	0	0	2	0	0	0	0	2
OG0020642	0	0	0	1	0	0	0	1	2
OG0020643	0	0	0	1	0	0	0	1	2
OG0020644	0	0	0	1	0	0	0	1	2
OG0020645	0	0	0	1	0	0	0	1	2
OG0020646	0	0	0	1	0	0	0	1	2
OG0020647	0	0	0	2	0	0	0	0	2
OG0020648	0	0	0	1	0	0	0	1	2
OG0020649	0	0	0	2	0	0	0	0	2
OG0020650	0	0	0	1	0	0	0	1	2
OG0020651	0	0	0	1	0	1	0	0	2
OG0020652	0	0	0	2	0	0	0	0	2
OG0020653	0	0	0	2	0	0	0	0	2
OG0020654	0	0	0	1	0	0	0	1	2
OG0020655	0	0	0	2	0	0	0	0	2
OG0020656	0	0	0	1	0	0	0	1	2
OG0020657	0	0	0	2	0	0	0	0	2
OG0020658	0	0	0	1	0	0	0	1	2
OG0020659	0	0	0	1	0	0	0	1	2
OG0020660	0	0	0	1	0	0	0	1	2
OG0020661	0	0	0	1	0	0	0	1	2
OG0020662	0	0	0	1	0	0	0	1	2
OG0020663	0	0	0	1	0	0	0	1	2
OG0020664	0	0	0	2	0	0	0	0	2
OG0020665	0	0	0	1	0	0	0	1	2
OG0020666	0	0	0	1	0	0	0	1	2
OG0020667	0	0	0	1	0	0	0	1	2
OG0020668	0	0	0	2	0	0	0	0	2
OG0020669	0	0	0	1	0	0	0	1	2
OG0020670	0	0	0	1	0	0	0	1	2
OG0020671	0	0	0	2	0	0	0	0	2
OG0020672	0	0	0	2	0	0	0	0	2
OG0020673	0	0	0	1	0	0	0	1	2
OG0020674	0	0	0	1	1	0	0	0	2
OG0020675	0	0	0	1	0	0	0	1	2
OG0020676	0	0	0	1	0	0	0	1	2
OG0020677	0	0	0	2	0	0	0	0	2
OG0020678	0	0	0	1	0	0	0	1	2
OG0020679	0	0	0	1	0	0	0	1	2
OG0020680	0	0	0	2	0	0	0	0	2
OG0020681	0	0	0	1	0	0	0	1	2
OG0020682	0	0	0	1	0	0	0	1	2
OG0020683	0	0	0	1	0	0	0	1	2
OG0020684	0	0	0	1	0	0	0	1	2
OG0020685	0	0	0	1	0	0	0	1	2
OG0020686	0	0	0	2	0	0	0	0	2
OG0020687	0	0	0	1	0	0	0	1	2
OG0020688	0	0	0	1	0	0	0	1	2
OG0020689	0	0	0	1	0	0	0	1	2
OG0020690	0	0	0	1	0	0	0	1	2
OG0020691	0	0	0	2	0	0	0	0	2
OG0020692	0	0	0	1	0	0	0	1	2
OG0020693	0	0	0	1	0	0	0	1	2
OG0020694	0	0	0	1	0	0	0	1	2
OG0020695	0	0	0	1	0	0	0	1	2
OG0020696	0	0	0	1	0	0	0	1	2
OG0020697	0	0	0	1	0	0	0	1	2
OG0020698	0	0	0	1	0	0	0	1	2
OG0020699	0	0	0	1	0	0	0	1	2
OG0020700	0	0	0	2	0	0	0	0	2
OG0020701	0	0	0	1	0	0	0	1	2
OG0020702	0	0	0	2	0	0	0	0	2
OG0020703	0	0	0	2	0	0	0	0	2
OG0020704	0	0	0	1	0	0	0	1	2
OG0020705	0	0	0	2	0	0	0	0	2
OG0020706	0	0	0	1	0	0	0	1	2
OG0020707	0	0	0	1	0	0	0	1	2
OG0020708	0	0	0	1	0	0	0	1	2
OG0020709	0	0	0	1	0	0	0	1	2
OG0020710	0	0	0	1	0	0	0	1	2
OG0020711	0	0	0	1	0	0	0	1	2
OG0020712	0	0	0	1	0	0	0	1	2
OG0020713	0	0	0	1	0	0	0	1	2
OG0020714	0	0	0	2	0	0	0	0	2
OG0020715	0	0	0	2	0	0	0	0	2
OG0020716	0	0	0	2	0	0	0	0	2
OG0020717	0	0	0	1	0	0	0	1	2
OG0020718	0	0	0	1	0	0	0	1	2
OG0020719	0	0	0	1	0	0	0	1	2
OG0020720	0	0	0	2	0	0	0	0	2
OG0020721	0	0	0	1	0	0	0	1	2
OG0020722	0	0	0	1	0	0	0	1	2
OG0020723	0	0	0	1	0	0	0	1	2
OG0020724	0	0	0	1	0	0	0	1	2
OG0020725	0	0	0	1	0	0	0	1	2
OG0020726	0	0	0	2	0	0	0	0	2
OG0020727	0	0	0	1	0	0	0	1	2
OG0020728	0	0	0	2	0	0	0	0	2
OG0020729	0	0	0	2	0	0	0	0	2
OG0020730	0	0	0	1	0	0	0	1	2
OG0020731	0	0	0	1	0	0	0	1	2
OG0020732	0	0	0	1	0	0	0	1	2
OG0020733	0	0	0	1	0	0	0	1	2
OG0020734	0	0	0	2	0	0	0	0	2
OG0020735	0	0	0	2	0	0	0	0	2
OG0020736	0	0	0	2	0	0	0	0	2
OG0020737	0	0	0	2	0	0	0	0	2
OG0020738	0	0	0	1	0	0	0	1	2
OG0020739	0	0	0	1	0	0	0	1	2
OG0020740	0	0	0	2	0	0	0	0	2
OG0020741	0	0	0	1	0	0	0	1	2
OG0020742	0	0	0	1	0	0	0	1	2
OG0020743	0	0	0	1	0	0	0	1	2
OG0020744	0	0	0	1	0	0	0	1	2
OG0020745	0	0	0	1	0	0	0	1	2
OG0020746	0	0	0	1	0	0	0	1	2
OG0020747	0	0	0	1	0	0	0	1	2
OG0020748	0	0	0	1	0	0	0	1	2
OG0020749	0	0	0	2	0	0	0	0	2
OG0020750	0	0	0	1	0	0	0	1	2
OG0020751	0	0	0	1	0	0	0	1	2
OG0020752	0	0	0	1	0	0	0	1	2
OG0020753	0	0	0	1	1	0	0	0	2
OG0020754	0	0	0	1	0	0	0	1	2
OG0020755	0	0	0	1	0	0	0	1	2
OG0020756	0	0	0	2	0	0	0	0	2
OG0020757	0	0	0	2	0	0	0	0	2
OG0020758	0	0	0	1	0	0	0	1	2
OG0020759	0	0	0	1	0	0	0	1	2
OG0020760	0	0	0	1	0	0	0	1	2
OG0020761	0	0	0	1	0	0	0	1	2
OG0020762	0	0	0	1	0	0	0	1	2
OG0020763	0	0	0	1	0	0	0	1	2
OG0020764	0	0	0	2	0	0	0	0	2
OG0020765	0	0	0	2	0	0	0	0	2
OG0020766	0	0	0	2	0	0	0	0	2
OG0020767	0	0	0	2	0	0	0	0	2
OG0020768	0	0	0	1	0	0	0	1	2
OG0020769	0	0	0	1	0	0	0	1	2
OG0020770	0	0	0	1	0	1	0	0	2
OG0020771	0	0	0	1	0	0	0	1	2
OG0020772	0	0	0	1	0	0	0	1	2
OG0020773	0	0	0	1	0	0	0	1	2
OG0020774	0	0	0	2	0	0	0	0	2
OG0020775	0	0	0	1	0	0	0	1	2
OG0020776	0	0	0	2	0	0	0	0	2
OG0020777	0	0	0	1	0	0	0	1	2
OG0020778	0	0	0	0	2	0	0	0	2
OG0020779	0	0	0	0	2	0	0	0	2
OG0020780	0	0	0	0	2	0	0	0	2
OG0020781	0	0	0	0	1	1	0	0	2
OG0020782	0	0	0	0	2	0	0	0	2
OG0020783	0	0	0	0	2	0	0	0	2
OG0020784	0	0	0	0	1	1	0	0	2
OG0020785	0	0	0	0	2	0	0	0	2
OG0020786	0	0	0	0	1	0	1	0	2
OG0020787	0	0	0	0	2	0	0	0	2
OG0020788	0	0	0	0	2	0	0	0	2
OG0020789	0	0	0	0	1	1	0	0	2
OG0020790	0	0	0	0	2	0	0	0	2
OG0020791	0	0	0	0	2	0	0	0	2
OG0020792	0	0	0	0	2	0	0	0	2
OG0020793	0	0	0	0	2	0	0	0	2
OG0020794	0	0	0	0	2	0	0	0	2
OG0020795	0	0	0	0	2	0	0	0	2
OG0020796	0	0	0	0	1	0	1	0	2
OG0020797	0	0	0	0	2	0	0	0	2
OG0020798	0	0	0	0	1	1	0	0	2
OG0020799	0	0	0	0	2	0	0	0	2
OG0020800	0	0	0	0	2	0	0	0	2
OG0020801	0	0	0	0	2	0	0	0	2
OG0020802	0	0	0	0	2	0	0	0	2
OG0020803	0	0	0	0	2	0	0	0	2
OG0020804	0	0	0	0	2	0	0	0	2
OG0020805	0	0	0	0	2	0	0	0	2
OG0020806	0	0	0	0	2	0	0	0	2
OG0020807	0	0	0	0	1	1	0	0	2
OG0020808	0	0	0	0	1	0	0	1	2
OG0020809	0	0	0	0	2	0	0	0	2
OG0020810	0	0	0	0	2	0	0	0	2
OG0020811	0	0	0	0	2	0	0	0	2
OG0020812	0	0	0	0	2	0	0	0	2
OG0020813	0	0	0	0	2	0	0	0	2
OG0020814	0	0	0	0	2	0	0	0	2
OG0020815	0	0	0	0	2	0	0	0	2
OG0020816	0	0	0	0	2	0	0	0	2
OG0020817	0	0	0	0	2	0	0	0	2
OG0020818	0	0	0	0	1	0	1	0	2
OG0020819	0	0	0	0	1	0	1	0	2
OG0020820	0	0	0	0	1	1	0	0	2
OG0020821	0	0	0	0	2	0	0	0	2
OG0020822	0	0	0	0	2	0	0	0	2
OG0020823	0	0	0	0	1	0	1	0	2
OG0020824	0	0	0	0	1	1	0	0	2
OG0020825	0	0	0	0	2	0	0	0	2
OG0020826	0	0	0	0	1	1	0	0	2
OG0020827	0	0	0	0	2	0	0	0	2
OG0020828	0	0	0	0	2	0	0	0	2
OG0020829	0	0	0	0	1	0	1	0	2
OG0020830	0	0	0	0	2	0	0	0	2
OG0020831	0	0	0	0	2	0	0	0	2
OG0020832	0	0	0	0	1	1	0	0	2
OG0020833	0	0	0	0	1	0	1	0	2
OG0020834	0	0	0	0	1	0	1	0	2
OG0020835	0	0	0	0	2	0	0	0	2
OG0020836	0	0	0	0	2	0	0	0	2
OG0020837	0	0	0	0	2	0	0	0	2
OG0020838	0	0	0	0	2	0	0	0	2
OG0020839	0	0	0	0	2	0	0	0	2
OG0020840	0	0	0	0	2	0	0	0	2
OG0020841	0	0	0	0	2	0	0	0	2
OG0020842	0	0	0	0	1	0	1	0	2
OG0020843	0	0	0	0	2	0	0	0	2
OG0020844	0	0	0	0	2	0	0	0	2
OG0020845	0	0	0	0	2	0	0	0	2
OG0020846	0	0	0	0	2	0	0	0	2
OG0020847	0	0	0	0	2	0	0	0	2
OG0020848	0	0	0	0	2	0	0	0	2
OG0020849	0	0	0	0	2	0	0	0	2
OG0020850	0	0	0	0	2	0	0	0	2
OG0020851	0	0	0	0	1	0	1	0	2
OG0020852	0	0	0	0	1	0	1	0	2
OG0020853	0	0	0	0	1	0	1	0	2
OG0020854	0	0	0	0	2	0	0	0	2
OG0020855	0	0	0	0	2	0	0	0	2
OG0020856	0	0	0	0	1	1	0	0	2
OG0020857	0	0	0	0	2	0	0	0	2
OG0020858	0	0	0	0	2	0	0	0	2
OG0020859	0	0	0	0	1	0	0	1	2
OG0020860	0	0	0	0	2	0	0	0	2
OG0020861	0	0	0	0	2	0	0	0	2
OG0020862	0	0	0	0	2	0	0	0	2
OG0020863	0	0	0	0	1	0	1	0	2
OG0020864	0	0	0	0	2	0	0	0	2
OG0020865	0	0	0	0	2	0	0	0	2
OG0020866	0	0	0	0	2	0	0	0	2
OG0020867	0	0	0	0	2	0	0	0	2
OG0020868	0	0	0	0	2	0	0	0	2
OG0020869	0	0	0	0	2	0	0	0	2
OG0020870	0	0	0	0	1	0	1	0	2
OG0020871	0	0	0	0	2	0	0	0	2
OG0020872	0	0	0	0	2	0	0	0	2
OG0020873	0	0	0	0	2	0	0	0	2
OG0020874	0	0	0	0	1	1	0	0	2
OG0020875	0	0	0	0	2	0	0	0	2
OG0020876	0	0	0	0	2	0	0	0	2
OG0020877	0	0	0	0	1	0	1	0	2
OG0020878	0	0	0	0	2	0	0	0	2
OG0020879	0	0	0	0	1	1	0	0	2
OG0020880	0	0	0	0	2	0	0	0	2
OG0020881	0	0	0	0	1	1	0	0	2
OG0020882	0	0	0	0	1	1	0	0	2
OG0020883	0	0	0	0	2	0	0	0	2
OG0020884	0	0	0	0	2	0	0	0	2
OG0020885	0	0	0	0	1	0	1	0	2
OG0020886	0	0	0	0	2	0	0	0	2
OG0020887	0	0	0	0	1	1	0	0	2
OG0020888	0	0	0	0	2	0	0	0	2
OG0020889	0	0	0	0	1	0	1	0	2
OG0020890	0	0	0	0	2	0	0	0	2
OG0020891	0	0	0	0	1	1	0	0	2
OG0020892	0	0	0	0	2	0	0	0	2
OG0020893	0	0	0	0	2	0	0	0	2
OG0020894	0	0	0	0	1	0	1	0	2
OG0020895	0	0	0	0	1	0	1	0	2
OG0020896	0	0	0	0	1	1	0	0	2
OG0020897	0	0	0	0	1	1	0	0	2
OG0020898	0	0	0	0	1	1	0	0	2
OG0020899	0	0	0	0	2	0	0	0	2
OG0020900	0	0	0	0	2	0	0	0	2
OG0020901	0	0	0	0	2	0	0	0	2
OG0020902	0	0	0	0	2	0	0	0	2
OG0020903	0	0	0	0	1	1	0	0	2
OG0020904	0	0	0	0	1	1	0	0	2
OG0020905	0	0	0	0	1	1	0	0	2
OG0020906	0	0	0	0	2	0	0	0	2
OG0020907	0	0	0	0	2	0	0	0	2
OG0020908	0	0	0	0	2	0	0	0	2
OG0020909	0	0	0	0	2	0	0	0	2
OG0020910	0	0	0	0	2	0	0	0	2
OG0020911	0	0	0	0	2	0	0	0	2
OG0020912	0	0	0	0	2	0	0	0	2
OG0020913	0	0	0	0	2	0	0	0	2
OG0020914	0	0	0	0	2	0	0	0	2
OG0020915	0	0	0	0	1	0	1	0	2
OG0020916	0	0	0	0	1	0	1	0	2
OG0020917	0	0	0	0	1	1	0	0	2
OG0020918	0	0	0	0	2	0	0	0	2
OG0020919	0	0	0	0	2	0	0	0	2
OG0020920	0	0	0	0	1	1	0	0	2
OG0020921	0	0	0	0	2	0	0	0	2
OG0020922	0	0	0	0	2	0	0	0	2
OG0020923	0	0	0	0	2	0	0	0	2
OG0020924	0	0	0	0	2	0	0	0	2
OG0020925	0	0	0	0	2	0	0	0	2
OG0020926	0	0	0	0	1	0	1	0	2
OG0020927	0	0	0	0	2	0	0	0	2
OG0020928	0	0	0	0	1	0	0	1	2
OG0020929	0	0	0	0	2	0	0	0	2
OG0020930	0	0	0	0	1	0	1	0	2
OG0020931	0	0	0	0	2	0	0	0	2
OG0020932	0	0	0	0	2	0	0	0	2
OG0020933	0	0	0	0	1	1	0	0	2
OG0020934	0	0	0	0	2	0	0	0	2
OG0020935	0	0	0	0	1	1	0	0	2
OG0020936	0	0	0	0	2	0	0	0	2
OG0020937	0	0	0	0	2	0	0	0	2
OG0020938	0	0	0	0	2	0	0	0	2
OG0020939	0	0	0	0	1	0	1	0	2
OG0020940	0	0	0	0	1	0	1	0	2
OG0020941	0	0	0	0	1	0	0	1	2
OG0020942	0	0	0	0	1	1	0	0	2
OG0020943	0	0	0	0	2	0	0	0	2
OG0020944	0	0	0	0	2	0	0	0	2
OG0020945	0	0	0	0	2	0	0	0	2
OG0020946	0	0	0	0	2	0	0	0	2
OG0020947	0	0	0	0	1	0	1	0	2
OG0020948	0	0	0	0	1	0	1	0	2
OG0020949	0	0	0	0	1	0	1	0	2
OG0020950	0	0	0	0	1	0	1	0	2
OG0020951	0	0	0	0	2	0	0	0	2
OG0020952	0	0	0	0	1	1	0	0	2
OG0020953	0	0	0	0	1	1	0	0	2
OG0020954	0	0	0	0	2	0	0	0	2
OG0020955	0	0	0	0	2	0	0	0	2
OG0020956	0	0	0	0	2	0	0	0	2
OG0020957	0	0	0	0	2	0	0	0	2
OG0020958	0	0	0	0	2	0	0	0	2
OG0020959	0	0	0	0	2	0	0	0	2
OG0020960	0	0	0	0	1	1	0	0	2
OG0020961	0	0	0	0	1	0	1	0	2
OG0020962	0	0	0	0	2	0	0	0	2
OG0020963	0	0	0	0	2	0	0	0	2
OG0020964	0	0	0	0	1	0	1	0	2
OG0020965	0	0	0	0	1	0	1	0	2
OG0020966	0	0	0	0	1	0	1	0	2
OG0020967	0	0	0	0	2	0	0	0	2
OG0020968	0	0	0	0	1	0	1	0	2
OG0020969	0	0	0	0	1	0	1	0	2
OG0020970	0	0	0	0	2	0	0	0	2
OG0020971	0	0	0	0	2	0	0	0	2
OG0020972	0	0	0	0	2	0	0	0	2
OG0020973	0	0	0	0	2	0	0	0	2
OG0020974	0	0	0	0	1	1	0	0	2
OG0020975	0	0	0	0	1	1	0	0	2
OG0020976	0	0	0	0	1	1	0	0	2
OG0020977	0	0	0	0	2	0	0	0	2
OG0020978	0	0	0	0	1	1	0	0	2
OG0020979	0	0	0	0	2	0	0	0	2
OG0020980	0	0	0	0	2	0	0	0	2
OG0020981	0	0	0	0	2	0	0	0	2
OG0020982	0	0	0	0	2	0	0	0	2
OG0020983	0	0	0	0	2	0	0	0	2
OG0020984	0	0	0	0	2	0	0	0	2
OG0020985	0	0	0	0	1	0	1	0	2
OG0020986	0	0	0	0	2	0	0	0	2
OG0020987	0	0	0	0	2	0	0	0	2
OG0020988	0	0	0	0	2	0	0	0	2
OG0020989	0	0	0	0	2	0	0	0	2
OG0020990	0	0	0	0	2	0	0	0	2
OG0020991	0	0	0	0	2	0	0	0	2
OG0020992	0	0	0	0	2	0	0	0	2
OG0020993	0	0	0	0	2	0	0	0	2
OG0020994	0	0	0	0	2	0	0	0	2
OG0020995	0	0	0	0	1	1	0	0	2
OG0020996	0	0	0	0	1	1	0	0	2
OG0020997	0	0	0	0	1	1	0	0	2
OG0020998	0	0	0	0	1	1	0	0	2
OG0020999	0	0	0	0	2	0	0	0	2
OG0021000	0	0	0	0	2	0	0	0	2
OG0021001	0	0	0	0	1	0	1	0	2
OG0021002	0	0	0	0	2	0	0	0	2
OG0021003	0	0	0	0	2	0	0	0	2
OG0021004	0	0	0	0	2	0	0	0	2
OG0021005	0	0	0	0	1	1	0	0	2
OG0021006	0	0	0	0	1	1	0	0	2
OG0021007	0	0	0	0	1	1	0	0	2
OG0021008	0	0	0	0	1	1	0	0	2
OG0021009	0	0	0	0	2	0	0	0	2
OG0021010	0	0	0	0	1	0	1	0	2
OG0021011	0	0	0	0	2	0	0	0	2
OG0021012	0	0	0	0	1	0	0	1	2
OG0021013	0	0	0	0	2	0	0	0	2
OG0021014	0	0	0	0	2	0	0	0	2
OG0021015	0	0	0	0	2	0	0	0	2
OG0021016	0	0	0	0	1	1	0	0	2
OG0021017	0	0	0	0	1	1	0	0	2
OG0021018	0	0	0	0	2	0	0	0	2
OG0021019	0	0	0	0	1	0	1	0	2
OG0021020	0	0	0	0	2	0	0	0	2
OG0021021	0	0	0	0	1	1	0	0	2
OG0021022	0	0	0	0	2	0	0	0	2
OG0021023	0	0	0	0	1	0	1	0	2
OG0021024	0	0	0	0	2	0	0	0	2
OG0021025	0	0	0	0	2	0	0	0	2
OG0021026	0	0	0	0	2	0	0	0	2
OG0021027	0	0	0	0	1	0	1	0	2
OG0021028	0	0	0	0	2	0	0	0	2
OG0021029	0	0	0	0	2	0	0	0	2
OG0021030	0	0	0	0	1	1	0	0	2
OG0021031	0	0	0	0	2	0	0	0	2
OG0021032	0	0	0	0	1	1	0	0	2
OG0021033	0	0	0	0	1	1	0	0	2
OG0021034	0	0	0	0	1	0	1	0	2
OG0021035	0	0	0	0	2	0	0	0	2
OG0021036	0	0	0	0	2	0	0	0	2
OG0021037	0	0	0	0	2	0	0	0	2
OG0021038	0	0	0	0	2	0	0	0	2
OG0021039	0	0	0	0	2	0	0	0	2
OG0021040	0	0	0	0	1	0	1	0	2
OG0021041	0	0	0	0	2	0	0	0	2
OG0021042	0	0	0	0	1	0	1	0	2
OG0021043	0	0	0	0	1	0	1	0	2
OG0021044	0	0	0	0	2	0	0	0	2
OG0021045	0	0	0	0	2	0	0	0	2
OG0021046	0	0	0	0	1	1	0	0	2
OG0021047	0	0	0	0	2	0	0	0	2
OG0021048	0	0	0	0	2	0	0	0	2
OG0021049	0	0	0	0	1	0	1	0	2
OG0021050	0	0	0	0	1	1	0	0	2
OG0021051	0	0	0	0	2	0	0	0	2
OG0021052	0	0	0	0	2	0	0	0	2
OG0021053	0	0	0	0	2	0	0	0	2
OG0021054	0	0	0	0	1	0	0	1	2
OG0021055	0	0	0	0	2	0	0	0	2
OG0021056	0	0	0	0	2	0	0	0	2
OG0021057	0	0	0	0	2	0	0	0	2
OG0021058	0	0	0	0	1	1	0	0	2
OG0021059	0	0	0	0	1	1	0	0	2
OG0021060	0	0	0	0	1	1	0	0	2
OG0021061	0	0	0	0	2	0	0	0	2
OG0021062	0	0	0	0	1	1	0	0	2
OG0021063	0	0	0	0	2	0	0	0	2
OG0021064	0	0	0	0	1	1	0	0	2
OG0021065	0	0	0	0	2	0	0	0	2
OG0021066	0	0	0	0	1	0	1	0	2
OG0021067	0	0	0	0	1	1	0	0	2
OG0021068	0	0	0	0	2	0	0	0	2
OG0021069	0	0	0	0	1	0	1	0	2
OG0021070	0	0	0	0	1	1	0	0	2
OG0021071	0	0	0	0	1	1	0	0	2
OG0021072	0	0	0	0	1	1	0	0	2
OG0021073	0	0	0	0	2	0	0	0	2
OG0021074	0	0	0	0	1	1	0	0	2
OG0021075	0	0	0	0	1	1	0	0	2
OG0021076	0	0	0	0	1	1	0	0	2
OG0021077	0	0	0	0	2	0	0	0	2
OG0021078	0	0	0	0	1	1	0	0	2
OG0021079	0	0	0	0	2	0	0	0	2
OG0021080	0	0	0	0	1	1	0	0	2
OG0021081	0	0	0	0	2	0	0	0	2
OG0021082	0	0	0	0	1	1	0	0	2
OG0021083	0	0	0	0	2	0	0	0	2
OG0021084	0	0	0	0	1	0	1	0	2
OG0021085	0	0	0	0	1	1	0	0	2
OG0021086	0	0	0	0	2	0	0	0	2
OG0021087	0	0	0	0	2	0	0	0	2
OG0021088	0	0	0	0	2	0	0	0	2
OG0021089	0	0	0	0	2	0	0	0	2
OG0021090	0	0	0	0	1	0	1	0	2
OG0021091	0	0	0	0	2	0	0	0	2
OG0021092	0	0	0	0	0	2	0	0	2
OG0021093	0	0	0	0	0	2	0	0	2
OG0021094	0	0	0	0	0	2	0	0	2
OG0021095	0	0	0	0	0	2	0	0	2
OG0021096	0	0	0	0	0	1	1	0	2
OG0021097	0	0	0	0	0	1	1	0	2
OG0021098	0	0	0	0	0	2	0	0	2
OG0021099	0	0	0	0	0	1	1	0	2
OG0021100	0	0	0	0	0	1	1	0	2
OG0021101	0	0	0	0	0	2	0	0	2
OG0021102	0	0	0	0	0	2	0	0	2
OG0021103	0	0	0	0	0	2	0	0	2
OG0021104	0	0	0	0	0	1	1	0	2
OG0021105	0	0	0	0	0	2	0	0	2
OG0021106	0	0	0	0	0	2	0	0	2
OG0021107	0	0	0	0	0	2	0	0	2
OG0021108	0	0	0	0	0	1	1	0	2
OG0021109	0	0	0	0	0	1	1	0	2
OG0021110	0	0	0	0	0	2	0	0	2
OG0021111	0	0	0	0	0	2	0	0	2
OG0021112	0	0	0	0	0	1	1	0	2
OG0021113	0	0	0	0	0	1	0	1	2
OG0021114	0	0	0	0	0	2	0	0	2
OG0021115	0	0	0	0	0	2	0	0	2
OG0021116	0	0	0	0	0	2	0	0	2
OG0021117	0	0	0	0	0	1	1	0	2
OG0021118	0	0	0	0	0	1	1	0	2
OG0021119	0	0	0	0	0	1	0	1	2
OG0021120	0	0	0	0	0	2	0	0	2
OG0021121	0	0	0	0	0	2	0	0	2
OG0021122	0	0	0	0	0	1	1	0	2
OG0021123	0	0	0	0	0	1	1	0	2
OG0021124	0	0	0	0	0	2	0	0	2
OG0021125	0	0	0	0	0	2	0	0	2
OG0021126	0	0	0	0	0	2	0	0	2
OG0021127	0	0	0	0	0	2	0	0	2
OG0021128	0	0	0	0	0	2	0	0	2
OG0021129	0	0	0	0	0	2	0	0	2
OG0021130	0	0	0	0	0	1	1	0	2
OG0021131	0	0	0	0	0	1	1	0	2
OG0021132	0	0	0	0	0	2	0	0	2
OG0021133	0	0	0	0	0	1	1	0	2
OG0021134	0	0	0	0	0	1	1	0	2
OG0021135	0	0	0	0	0	2	0	0	2
OG0021136	0	0	0	0	0	1	1	0	2
OG0021137	0	0	0	0	0	1	1	0	2
OG0021138	0	0	0	0	0	2	0	0	2
OG0021139	0	0	0	0	0	2	0	0	2
OG0021140	0	0	0	0	0	1	1	0	2
OG0021141	0	0	0	0	0	1	1	0	2
OG0021142	0	0	0	0	0	1	1	0	2
OG0021143	0	0	0	0	0	1	1	0	2
OG0021144	0	0	0	0	0	2	0	0	2
OG0021145	0	0	0	0	0	2	0	0	2
OG0021146	0	0	0	0	0	1	1	0	2
OG0021147	0	0	0	0	0	2	0	0	2
OG0021148	0	0	0	0	0	1	1	0	2
OG0021149	0	0	0	0	0	1	1	0	2
OG0021150	0	0	0	0	0	2	0	0	2
OG0021151	0	0	0	0	0	2	0	0	2
OG0021152	0	0	0	0	0	2	0	0	2
OG0021153	0	0	0	0	0	2	0	0	2
OG0021154	0	0	0	0	0	2	0	0	2
OG0021155	0	0	0	0	0	2	0	0	2
OG0021156	0	0	0	0	0	2	0	0	2
OG0021157	0	0	0	0	0	2	0	0	2
OG0021158	0	0	0	0	0	0	2	0	2
OG0021159	0	0	0	0	0	0	2	0	2
OG0021160	0	0	0	0	0	0	2	0	2
OG0021161	0	0	0	0	0	0	2	0	2
OG0021162	0	0	0	0	0	0	2	0	2
OG0021163	0	0	0	0	0	0	2	0	2
OG0021164	0	0	0	0	0	0	2	0	2
OG0021165	0	0	0	0	0	0	2	0	2
OG0021166	0	0	0	0	0	0	2	0	2
OG0021167	0	0	0	0	0	0	2	0	2
OG0021168	0	0	0	0	0	0	2	0	2
OG0021169	0	0	0	0	0	0	2	0	2
OG0021170	0	0	0	0	0	0	2	0	2
OG0021171	0	0	0	0	0	0	2	0	2
OG0021172	0	0	0	0	0	0	2	0	2
OG0021173	0	0	0	0	0	0	2	0	2
OG0021174	0	0	0	0	0	0	2	0	2
OG0021175	0	0	0	0	0	0	2	0	2
OG0021176	0	0	0	0	0	0	2	0	2
OG0021177	0	0	0	0	0	0	2	0	2
OG0021178	0	0	0	0	0	0	2	0	2
OG0021179	0	0	0	0	0	0	2	0	2
OG0021180	0	0	0	0	0	0	2	0	2
OG0021181	0	0	0	0	0	0	2	0	2
OG0021182	0	0	0	0	0	0	2	0	2
OG0021183	0	0	0	0	0	0	2	0	2
OG0021184	0	0	0	0	0	0	2	0	2
OG0021185	0	0	0	0	0	0	2	0	2
OG0021186	0	0	0	0	0	0	2	0	2
OG0021187	0	0	0	0	0	0	2	0	2
OG0021188	0	0	0	0	0	0	2	0	2
OG0021189	0	0	0	0	0	0	2	0	2
OG0021190	0	0	0	0	0	0	2	0	2
OG0021191	0	0	0	0	0	0	2	0	2
OG0021192	0	0	0	0	0	0	2	0	2
OG0021193	0	0	0	0	0	0	1	1	2
OG0021194	0	0	0	0	0	0	2	0	2
OG0021195	0	0	0	0	0	0	2	0	2
OG0021196	0	0	0	0	0	0	2	0	2
OG0021197	0	0	0	0	0	0	2	0	2
OG0021198	0	0	0	0	0	0	2	0	2
OG0021199	0	0	0	0	0	0	2	0	2
OG0021200	0	0	0	0	0	0	2	0	2
OG0021201	0	0	0	0	0	0	2	0	2
OG0021202	0	0	0	0	0	0	2	0	2
OG0021203	0	0	0	0	0	0	2	0	2
OG0021204	0	0	0	0	0	0	2	0	2
OG0021205	0	0	0	0	0	0	2	0	2
OG0021206	0	0	0	0	0	0	2	0	2
OG0021207	0	0	0	0	0	0	2	0	2
OG0021208	0	0	0	0	0	0	2	0	2
OG0021209	0	0	0	0	0	0	2	0	2
OG0021210	0	0	0	0	0	0	2	0	2
OG0021211	0	0	0	0	0	0	2	0	2
OG0021212	0	0	0	0	0	0	2	0	2
OG0021213	0	0	0	0	0	0	2	0	2
OG0021214	0	0	0	0	0	0	2	0	2
OG0021215	0	0	0	0	0	0	2	0	2
OG0021216	0	0	0	0	0	0	2	0	2
OG0021217	0	0	0	0	0	0	2	0	2
OG0021218	0	0	0	0	0	0	2	0	2
OG0021219	0	0	0	0	0	0	2	0	2
OG0021220	0	0	0	0	0	0	2	0	2
OG0021221	0	0	0	0	0	0	2	0	2
OG0021222	0	0	0	0	0	0	2	0	2
OG0021223	0	0	0	0	0	0	2	0	2
OG0021224	0	0	0	0	0	0	2	0	2
OG0021225	0	0	0	0	0	0	2	0	2
OG0021226	0	0	0	0	0	0	2	0	2
OG0021227	0	0	0	0	0	0	2	0	2
OG0021228	0	0	0	0	0	0	2	0	2
OG0021229	0	0	0	0	0	0	2	0	2
OG0021230	0	0	0	0	0	0	2	0	2
OG0021231	0	0	0	0	0	0	2	0	2
OG0021232	0	0	0	0	0	0	2	0	2
OG0021233	0	0	0	0	0	0	2	0	2
OG0021234	0	0	0	0	0	0	1	1	2
OG0021235	0	0	0	0	0	0	2	0	2
OG0021236	0	0	0	0	0	0	2	0	2
OG0021237	0	0	0	0	0	0	2	0	2
OG0021238	0	0	0	0	0	0	2	0	2
OG0021239	0	0	0	0	0	0	2	0	2
OG0021240	0	0	0	0	0	0	2	0	2
OG0021241	0	0	0	0	0	0	1	1	2
OG0021242	0	0	0	0	0	0	2	0	2
OG0021243	0	0	0	0	0	0	2	0	2
OG0021244	0	0	0	0	0	0	1	1	2
OG0021245	0	0	0	0	0	0	2	0	2
OG0021246	0	0	0	0	0	0	1	1	2
OG0021247	0	0	0	0	0	0	2	0	2
OG0021248	0	0	0	0	0	0	2	0	2
OG0021249	0	0	0	0	0	0	2	0	2
OG0021250	0	0	0	0	0	0	2	0	2
OG0021251	0	0	0	0	0	0	2	0	2
OG0021252	0	0	0	0	0	0	2	0	2
OG0021253	0	0	0	0	0	0	2	0	2
OG0021254	0	0	0	0	0	0	2	0	2
OG0021255	0	0	0	0	0	0	2	0	2
OG0021256	0	0	0	0	0	0	2	0	2
OG0021257	0	0	0	0	0	0	2	0	2
OG0021258	0	0	0	0	0	0	2	0	2
OG0021259	0	0	0	0	0	0	2	0	2
OG0021260	0	0	0	0	0	0	2	0	2
OG0021261	0	0	0	0	0	0	2	0	2
OG0021262	0	0	0	0	0	0	2	0	2
OG0021263	0	0	0	0	0	0	2	0	2
OG0021264	0	0	0	0	0	0	2	0	2
OG0021265	0	0	0	0	0	0	2	0	2
OG0021266	0	0	0	0	0	0	2	0	2
OG0021267	0	0	0	0	0	0	2	0	2
OG0021268	0	0	0	0	0	0	2	0	2
OG0021269	0	0	0	0	0	0	2	0	2
OG0021270	0	0	0	0	0	0	2	0	2
OG0021271	0	0	0	0	0	0	2	0	2
OG0021272	0	0	0	0	0	0	2	0	2
OG0021273	0	0	0	0	0	0	2	0	2
OG0021274	0	0	0	0	0	0	2	0	2
OG0021275	0	0	0	0	0	0	2	0	2
OG0021276	0	0	0	0	0	0	1	1	2
OG0021277	0	0	0	0	0	0	2	0	2
OG0021278	0	0	0	0	0	0	2	0	2
OG0021279	0	0	0	0	0	0	2	0	2
OG0021280	0	0	0	0	0	0	2	0	2
OG0021281	0	0	0	0	0	0	2	0	2
OG0021282	0	0	0	0	0	0	1	1	2
OG0021283	0	0	0	0	0	0	2	0	2
OG0021284	0	0	0	0	0	0	2	0	2
OG0021285	0	0	0	0	0	0	2	0	2
OG0021286	0	0	0	0	0	0	2	0	2
OG0021287	0	0	0	0	0	0	2	0	2
OG0021288	0	0	0	0	0	0	0	2	2
OG0021289	0	0	0	0	0	0	0	2	2
OG0021290	0	0	0	0	0	0	0	2	2
OG0021291	0	0	0	0	0	0	0	2	2
OG0021292	0	0	0	0	0	0	0	2	2
OG0021293	0	0	0	0	0	0	0	2	2
OG0021294	0	0	0	0	0	0	0	2	2
OG0021295	0	0	0	0	0	0	0	2	2
OG0021296	0	0	0	0	0	0	0	2	2
OG0021297	0	0	0	0	0	0	0	2	2
OG0021298	0	0	0	0	0	0	0	2	2
OG0021299	0	0	0	0	0	0	0	2	2
OG0021300	0	0	0	0	0	0	0	2	2
OG0021301	0	0	0	0	0	0	0	2	2
OG0021302	0	0	0	0	0	0	0	2	2
OG0021303	0	0	0	0	0	0	0	2	2
OG0021304	0	0	0	0	0	0	0	2	2
OG0021305	0	0	0	0	0	0	0	2	2
OG0021306	0	0	0	0	0	0	0	2	2
OG0021307	0	0	0	0	0	0	0	2	2
OG0021308	0	0	0	0	0	0	0	2	2
OG0021309	0	0	0	0	0	0	0	2	2
OG0021310	0	0	0	0	0	0	0	2	2
OG0021311	0	0	0	0	0	0	0	2	2
OG0021312	0	0	0	0	0	0	0	2	2
OG0021313	0	0	0	0	0	0	0	2	2
OG0021314	0	0	0	0	0	0	0	2	2
OG0021315	0	0	0	0	0	0	0	2	2
OG0021316	0	0	0	0	0	0	0	2	2
OG0021317	0	0	0	0	0	0	0	2	2
OG0021318	0	0	0	0	0	0	0	2	2
OG0021319	0	0	0	0	0	0	0	2	2
OG0021320	0	0	0	0	0	0	0	2	2
OG0021321	0	0	0	0	0	0	0	2	2
OG0021322	0	0	0	0	0	0	0	2	2
OG0021323	0	0	0	0	0	0	0	2	2
OG0021324	0	0	0	0	0	0	0	2	2
OG0021325	0	0	0	0	0	0	0	2	2
OG0021326	0	0	0	0	0	0	0	2	2
OG0021327	0	0	0	0	0	0	0	2	2
OG0021328	0	0	0	0	0	0	0	2	2
OG0021329	0	0	0	0	0	0	0	2	2
OG0021330	0	0	0	0	0	0	0	2	2
OG0021331	0	0	0	0	0	0	0	2	2
OG0021332	0	0	0	0	0	0	0	2	2
OG0021333	0	0	0	0	0	0	0	2	2
OG0021334	0	0	0	0	0	0	0	2	2
OG0021335	0	0	0	0	0	0	0	2	2
OG0021336	0	0	0	0	0	0	0	2	2
OG0021337	0	0	0	0	0	0	0	2	2
OG0021338	0	0	0	0	0	0	0	2	2
OG0021339	0	0	0	0	0	0	0	2	2
OG0021340	0	0	0	0	0	0	0	2	2
OG0021341	0	0	0	0	0	0	0	2	2
OG0021342	0	0	0	0	0	0	0	2	2
OG0021343	0	0	0	0	0	0	0	2	2
OG0021344	0	0	0	0	0	0	0	2	2
OG0021345	0	0	0	0	0	0	0	2	2
OG0021346	0	0	0	0	0	0	0	2	2
OG0021347	0	0	0	0	0	0	0	2	2
OG0021348	0	0	0	0	0	0	0	2	2
OG0021349	0	0	0	0	0	0	0	2	2
OG0021350	0	0	0	0	0	0	0	2	2
OG0021351	0	0	0	0	0	0	0	2	2
OG0021352	0	0	0	0	0	0	0	2	2
OG0021353	0	0	0	0	0	0	0	2	2
OG0021354	0	0	0	0	0	0	0	2	2
OG0021355	0	0	0	0	0	0	0	2	2
OG0021356	0	0	0	0	0	0	0	2	2
OG0021357	0	0	0	0	0	0	0	2	2
OG0021358	0	0	0	0	0	0	0	2	2
OG0021359	0	0	0	0	0	0	0	2	2
OG0021360	0	0	0	0	0	0	0	2	2
OG0021361	0	0	0	0	0	0	0	2	2
OG0021362	0	0	0	0	0	0	0	2	2
OG0021363	0	0	0	0	0	0	0	2	2
OG0021364	0	0	0	0	0	0	0	2	2
OG0021365	0	0	0	0	0	0	0	2	2
OG0021366	0	0	0	0	0	0	0	2	2
OG0021367	0	0	0	0	0	0	0	2	2
OG0021368	0	0	0	0	0	0	0	2	2
OG0021369	0	0	0	0	0	0	0	2	2
OG0021370	0	0	0	0	0	0	0	2	2
OG0021371	0	0	0	0	0	0	0	2	2
OG0021372	0	0	0	0	0	0	0	2	2
OG0021373	0	0	0	0	0	0	0	2	2
OG0021374	0	0	0	0	0	0	0	2	2
OG0021375	0	0	0	0	0	0	0	2	2
OG0021376	0	0	0	0	0	0	0	2	2
OG0021377	0	0	0	0	0	0	0	2	2
OG0021378	0	0	0	0	0	0	0	2	2
OG0021379	0	0	0	0	0	0	0	2	2
OG0021380	0	0	0	0	0	0	0	2	2
OG0021381	0	0	0	0	0	0	0	2	2
OG0021382	0	0	0	0	0	0	0	2	2
OG0021383	0	0	0	0	0	0	0	2	2
OG0021384	0	0	0	0	0	0	0	2	2
OG0021385	0	0	0	0	0	0	0	2	2
OG0021386	0	0	0	0	0	0	0	2	2
OG0021387	0	0	0	0	0	0	0	2	2
OG0021388	0	0	0	0	0	0	0	2	2
OG0021389	0	0	0	0	0	0	0	2	2
OG0021390	0	0	0	0	0	0	0	2	2
OG0021391	0	0	0	0	0	0	0	2	2
OG0021392	0	0	0	0	0	0	0	2	2
OG0021393	0	0	0	0	0	0	0	2	2
OG0021394	0	0	0	0	0	0	0	2	2
OG0021395	0	0	0	0	0	0	0	2	2
OG0021396	0	0	0	0	0	0	0	2	2
OG0021397	0	0	0	0	0	0	0	2	2
OG0021398	0	0	0	0	0	0	0	2	2
OG0021399	0	0	0	0	0	0	0	2	2
OG0021400	0	0	0	0	0	0	0	2	2
OG0021401	0	0	0	0	0	0	0	2	2
OG0021402	0	0	0	0	0	0	0	2	2
OG0021403	0	0	0	0	0	0	0	2	2
OG0021404	0	0	0	0	0	0	0	2	2
OG0021405	0	0	0	0	0	0	0	2	2
OG0021406	0	0	0	0	0	0	0	2	2
OG0021407	0	0	0	0	0	0	0	2	2
OG0021408	0	0	0	0	0	0	0	2	2
OG0021409	0	0	0	0	0	0	0	2	2
OG0021410	0	0	0	0	0	0	0	2	2
OG0021411	0	0	0	0	0	0	0	2	2
OG0021412	0	0	0	0	0	0	0	2	2
OG0021413	0	0	0	0	0	0	0	2	2
OG0021414	0	0	0	0	0	0	0	2	2
OG0021415	0	0	0	0	0	0	0	2	2
OG0021416	0	0	0	0	0	0	0	2	2
OG0021417	0	0	0	0	0	0	0	2	2
OG0021418	0	0	0	0	0	0	0	2	2
OG0021419	0	0	0	0	0	0	0	2	2
OG0021420	0	0	0	0	0	0	0	2	2
OG0021421	0	0	0	0	0	0	0	2	2
OG0021422	0	0	0	0	0	0	0	2	2
OG0021423	0	0	0	0	0	0	0	2	2
OG0021424	0	0	0	0	0	0	0	2	2
OG0021425	0	0	0	0	0	0	0	2	2
OG0021426	0	0	0	0	0	0	0	2	2
OG0021427	0	0	0	0	0	0	0	2	2
OG0021428	0	0	0	0	0	0	0	2	2
OG0021429	0	0	0	0	0	0	0	2	2
OG0021430	0	0	0	0	0	0	0	2	2
OG0021431	0	0	0	0	0	0	0	2	2
OG0021432	0	0	0	0	0	0	0	2	2
OG0021433	0	0	0	0	0	0	0	2	2
OG0021434	0	0	0	0	0	0	0	2	2
OG0021435	0	0	0	0	0	0	0	2	2
OG0021436	0	0	0	0	0	0	0	2	2
OG0021437	0	0	0	0	0	0	0	2	2
OG0021438	0	0	0	0	0	0	0	2	2
OG0021439	0	0	0	0	0	0	0	2	2
OG0021440	0	0	0	0	0	0	0	2	2
OG0021441	0	0	0	0	0	0	0	2	2
OG0021442	0	0	0	0	0	0	0	2	2
OG0021443	0	0	0	0	0	0	0	2	2
OG0021444	0	0	0	0	0	0	0	2	2
OG0021445	0	0	0	0	0	0	0	2	2
OG0021446	0	0	0	0	0	0	0	2	2
OG0021447	0	0	0	0	0	0	0	2	2
OG0021448	0	0	0	0	0	0	0	2	2
OG0021449	0	0	0	0	0	0	0	2	2
OG0021450	0	0	0	0	0	0	0	2	2
OG0021451	0	0	0	0	0	0	0	2	2
OG0021452	0	0	0	0	0	0	0	2	2
OG0021453	0	0	0	0	0	0	0	2	2
OG0021454	0	0	0	0	0	0	0	2	2
OG0021455	0	0	0	0	0	0	0	2	2
OG0021456	0	0	0	0	0	0	0	2	2
OG0021457	0	0	0	0	0	0	0	2	2
OG0021458	0	0	0	0	0	0	0	2	2
OG0021459	0	0	0	0	0	0	0	2	2
OG0021460	0	0	0	0	0	0	0	2	2
OG0021461	0	0	0	0	0	0	0	2	2
OG0021462	0	0	0	0	0	0	0	2	2
OG0021463	0	0	0	0	0	0	0	2	2
OG0021464	0	0	0	0	0	0	0	2	2
OG0021465	0	0	0	0	0	0	0	2	2
OG0021466	0	0	0	0	0	0	0	2	2
OG0021467	0	0	0	0	0	0	0	2	2
OG0021468	0	0	0	0	0	0	0	2	2
OG0021469	0	0	0	0	0	0	0	2	2
OG0021470	0	0	0	0	0	0	0	2	2
OG0021471	0	0	0	0	0	0	0	2	2
OG0021472	0	0	0	0	0	0	0	2	2
OG0021473	0	0	0	0	0	0	0	2	2
OG0021474	0	0	0	0	0	0	0	2	2
OG0021475	0	0	0	0	0	0	0	2	2
OG0021476	0	0	0	0	0	0	0	2	2
OG0021477	0	0	0	0	0	0	0	2	2
OG0021478	0	0	0	0	0	0	0	2	2
OG0021479	0	0	0	0	0	0	0	2	2
OG0021480	0	0	0	0	0	0	0	2	2
OG0021481	0	0	0	0	0	0	0	2	2
OG0021482	0	0	0	0	0	0	0	2	2
OG0021483	0	0	0	0	0	0	0	2	2
OG0021484	0	0	0	0	0	0	0	2	2
OG0021485	0	0	0	0	0	0	0	2	2
OG0021486	0	0	0	0	0	0	0	2	2
OG0021487	0	0	0	0	0	0	0	2	2
OG0021488	0	0	0	0	0	0	0	2	2
OG0021489	0	0	0	0	0	0	0	2	2
OG0021490	0	0	0	0	0	0	0	2	2
OG0021491	0	0	0	0	0	0	0	2	2
OG0021492	0	0	0	0	0	0	0	2	2
OG0021493	0	0	0	0	0	0	0	2	2
OG0021494	0	0	0	0	0	0	0	2	2
OG0021495	0	0	0	0	0	0	0	2	2
OG0021496	0	0	0	0	0	0	0	2	2
OG0021497	0	0	0	0	0	0	0	2	2
OG0021498	0	0	0	0	0	0	0	2	2
OG0021499	0	0	0	0	0	0	0	2	2
OG0021500	0	0	0	0	0	0	0	2	2
OG0021501	0	0	0	0	0	0	0	2	2
OG0021502	0	0	0	0	0	0	0	2	2
OG0021503	0	0	0	0	0	0	0	2	2
OG0021504	0	0	0	0	0	0	0	2	2
OG0021505	0	0	0	0	0	0	0	2	2
OG0021506	0	0	0	0	0	0	0	2	2
OG0021507	0	0	0	0	0	0	0	2	2
OG0021508	0	0	0	0	0	0	0	2	2
OG0021509	0	0	0	0	0	0	0	2	2
OG0021510	0	0	0	0	0	0	0	2	2
OG0021511	0	0	0	0	0	0	0	2	2
OG0021512	0	0	0	0	0	0	0	2	2
OG0021513	0	0	0	0	0	0	0	2	2
OG0021514	0	0	0	0	0	0	0	2	2
OG0021515	0	0	0	0	0	0	0	2	2
OG0021516	0	0	0	0	0	0	0	2	2
OG0021517	0	0	0	0	0	0	0	2	2
OG0021518	0	0	0	0	0	0	0	2	2
OG0021519	0	0	0	0	0	0	0	2	2
OG0021520	0	0	0	0	0	0	0	2	2
OG0021521	0	0	0	0	0	0	0	2	2
OG0021522	0	0	0	0	0	0	0	2	2
OG0021523	0	0	0	0	0	0	0	2	2
OG0021524	0	0	0	0	0	0	0	2	2
OG0021525	0	0	0	0	0	0	0	2	2
OG0021526	0	0	0	0	0	0	0	2	2
OG0021527	0	0	0	0	0	0	0	2	2
OG0021528	0	0	0	0	0	0	0	2	2
OG0021529	0	0	0	0	0	0	0	2	2
OG0021530	0	0	0	0	0	0	0	2	2
OG0021531	0	0	0	0	0	0	0	2	2
OG0021532	0	0	0	0	0	0	0	2	2
OG0021533	0	0	0	0	0	0	0	2	2
OG0021534	0	0	0	0	0	0	0	2	2
OG0021535	0	0	0	0	0	0	0	2	2
OG0021536	0	0	0	0	0	0	0	2	2
OG0021537	0	0	0	0	0	0	0	2	2
OG0021538	0	0	0	0	0	0	0	2	2
OG0021539	0	0	0	0	0	0	0	2	2
OG0021540	0	0	0	0	0	0	0	2	2
OG0021541	0	0	0	0	0	0	0	2	2
OG0021542	0	0	0	0	0	0	0	2	2
OG0021543	0	0	0	0	0	0	0	2	2
OG0021544	0	0	0	0	0	0	0	2	2
OG0021545	0	0	0	0	0	0	0	2	2
OG0021546	0	0	0	0	0	0	0	2	2
OG0021547	0	0	0	0	0	0	0	2	2
OG0021548	0	0	0	0	0	0	0	2	2
OG0021549	0	0	0	0	0	0	0	2	2
OG0021550	0	0	0	0	0	0	0	2	2
OG0021551	0	0	0	0	0	0	0	2	2
OG0021552	0	0	0	0	0	0	0	2	2
OG0021553	0	0	0	0	0	0	0	2	2
OG0021554	0	0	0	0	0	0	0	2	2
OG0021555	0	0	0	0	0	0	0	2	2
OG0021556	0	0	0	0	0	0	0	2	2
OG0021557	0	0	0	0	0	0	0	2	2
OG0021558	0	0	0	0	0	0	0	2	2
OG0021559	0	0	0	0	0	0	0	2	2
OG0021560	0	0	0	0	0	0	0	2	2
OG0021561	0	0	0	0	0	0	0	2	2
OG0021562	0	0	0	0	0	0	0	2	2
OG0021563	0	0	0	0	0	0	0	2	2
OG0021564	0	0	0	0	0	0	0	2	2
OG0021565	0	0	0	0	0	0	0	2	2
OG0021566	0	0	0	0	0	0	0	2	2
OG0021567	0	0	0	0	0	0	0	2	2
OG0021568	0	0	0	0	0	0	0	2	2
OG0021569	0	0	0	0	0	0	0	2	2
OG0021570	0	0	0	0	0	0	0	2	2
OG0021571	0	0	0	0	0	0	0	2	2
OG0021572	0	0	0	0	0	0	0	2	2
OG0021573	0	0	0	0	0	0	0	2	2
OG0021574	0	0	0	0	0	0	0	2	2
OG0021575	0	0	0	0	0	0	0	2	2
OG0021576	0	0	0	0	0	0	0	2	2
OG0021577	0	0	0	0	0	0	0	2	2
OG0021578	0	0	0	0	0	0	0	2	2
OG0021579	0	0	0	0	0	0	0	2	2
OG0021580	0	0	0	0	0	0	0	2	2
OG0021581	0	0	0	0	0	0	0	2	2
OG0021582	0	0	0	0	0	0	0	2	2
OG0021583	0	0	0	0	0	0	0	2	2
OG0021584	0	0	0	0	0	0	0	2	2
OG0021585	0	0	0	0	0	0	0	2	2
OG0021586	0	0	0	0	0	0	0	2	2
OG0021587	0	0	0	0	0	0	0	2	2
OG0021588	0	0	0	0	0	0	0	2	2
OG0021589	0	0	0	0	0	0	0	2	2
OG0021590	0	0	0	0	0	0	0	2	2
OG0021591	0	0	0	0	0	0	0	2	2
OG0021592	0	0	0	0	0	0	0	2	2
OG0021593	0	0	0	0	0	0	0	2	2
OG0021594	0	0	0	0	0	0	0	2	2
OG0021595	0	0	0	0	0	0	0	2	2
OG0021596	0	0	0	0	0	0	0	2	2
OG0021597	0	0	0	0	0	0	0	2	2
OG0021598	0	0	0	0	0	0	0	2	2
OG0021599	0	0	0	0	0	0	0	2	2
OG0021600	0	0	0	0	0	0	0	2	2
OG0021601	0	0	0	0	0	0	0	2	2
OG0021602	0	0	0	0	0	0	0	2	2
OG0021603	0	0	0	0	0	0	0	2	2
OG0021604	0	0	0	0	0	0	0	2	2
OG0021605	0	0	0	0	0	0	0	2	2
OG0021606	0	0	0	0	0	0	0	2	2
OG0021607	0	0	0	0	0	0	0	2	2
OG0021608	0	0	0	0	0	0	0	2	2
OG0021609	0	0	0	0	0	0	0	2	2
OG0021610	0	0	0	0	0	0	0	2	2
OG0021611	0	0	0	0	0	0	0	2	2
OG0021612	0	0	0	0	0	0	0	2	2
OG0021613	0	0	0	0	0	0	0	2	2
OG0021614	0	0	0	0	0	0	0	2	2
OG0021615	0	0	0	0	0	0	0	2	2
OG0021616	0	0	0	0	0	0	0	2	2
OG0021617	0	0	0	0	0	0	0	2	2
OG0021618	0	0	0	0	0	0	0	2	2
OG0021619	0	0	0	0	0	0	0	2	2
OG0021620	0	0	0	0	0	0	0	2	2
OG0021621	0	0	0	0	0	0	0	2	2
OG0021622	0	0	0	0	0	0	0	2	2
OG0021623	0	0	0	0	0	0	0	2	2
OG0021624	0	0	0	0	0	0	0	2	2
