OG,species,dN_total,dS_total,omega_rootToTip
OG0000391,Laeq,0.13907,0.24107,0.57687
OG0000391,Lgib,0.08538,0.12986,0.65745
OG0000391,Wa,0.38265,0.26962,1.41921
OG0000391,Wo,0.38496,0.26144,1.47247
OG0000391,Sp,0.06583,0.11704,0.56241
OG0000552,La,0.08158,0.14193,0.57479
OG0000552,Laeq,0.1423,0.25311,0.56224
OG0000552,Lgib,0.10281,0.17836,0.57638
OG0000552,Wa,0.16683,0.22357,0.74622
OG0000552,Wo,0.23416,0.26054,0.89874
OG0000552,Sp,0.026,0.03949,0.65843
OG0000590,La,0.04439,0.12765,0.34777
OG0000590,Laeq,5.05441,0.24602,20.54443
OG0000590,Lgib,5.05356,0.12613,40.06563
OG0000590,Wa,0.06136,0.15774,0.38899
OG0000590,Wo,0.06452,0.14947,0.43163
OG0000590,Sp,0.05122,0.08926,0.57378
OG0000711,La,2.22982,0.12516,17.81554
OG0000711,Laeq,6.05626,0.22113,27.38795
OG0000711,Lgib,0.13183,0.18283,0.72107
OG0000711,Wa,7.57113,0.21226,35.66897
OG0000711,Wo,8.1476,0.24598,33.12325
OG0000711,Sp,0.2048,0.03208,6.3832
OG0000789,La,95.19488,0.16607,573.20684
OG0000789,Wo,112.63946,0.25503,441.67967
OG0000789,Laeq,1.32876,0.24166,5.49855
OG0000789,Lgib,3.74334,0.14906,25.11236
OG0000789,Sp,0.50631,0.03677,13.7695
OG0000939,La,0.0367,0.11642,0.31524
OG0000939,Laeq,0.10633,0.25313,0.42006
OG0000939,Lgib,0.26696,0.18463,1.44588
OG0000939,Wa,0.33508,0.26611,1.25918
OG0000939,Wo,3.8572,0.32513,11.86371
OG0000939,Sp,3.65468,0.06339,57.65361
OG0001023,La,0.08772,0.1186,0.73964
OG0001023,Laeq,0.15256,0.30143,0.50612
OG0001023,Lgib,0.36294,0.23724,1.52987
OG0001023,Wa,6.47261,0.2319,27.91087
OG0001023,Wo,6.36057,0.31482,20.20411
OG0001023,Sp,0.05216,0.03048,1.71137
OG0001035,La,0.18532,0.10474,1.76936
OG0001035,Laeq,0.18449,0.19792,0.93213
OG0001035,Lgib,3.70468,0.14834,24.97358
OG0001035,Wa,0.19194,0.16608,1.15567
OG0001035,Wo,0.20902,0.18422,1.13466
OG0001035,Sp,0.02974,0.03,0.9915
OG0001158,La,0.04779,0.14238,0.33564
OG0001158,Wa,0.06239,0.17525,0.35598
OG0001158,Wo,0.06658,0.20779,0.32041
OG0001158,Laeq,0.05862,0.1706,0.34362
OG0001158,Lgib,0.03972,0.15794,0.25151
OG0001158,Sp,0.28669,0.03554,8.06602
OG0001164,La,0.03102,0.09986,0.3106
OG0001164,Laeq,0.04109,0.1904,0.21582
OG0001164,Lgib,0.02456,0.13053,0.18818
OG0001164,Wa,1.53776,0.15861,9.69526
OG0001164,Wo,1.54635,0.18447,8.38243
OG0001164,Sp,0.01136,0.01997,0.56874
OG0001259,La,0.07428,0.10484,0.70849
OG0001259,Laeq,0.19353,0.1747,1.10782
OG0001259,Lgib,1.22171,0.15299,7.9853
OG0001259,Wa,0.10212,0.1697,0.60177
OG0001259,Wo,0.10959,0.17913,0.61178
OG0001259,Sp,0.00988,0.03112,0.3175
OG0001270,La,0.12374,0.28958,0.4273
OG0001270,Laeq,4.31594,0.41258,10.46089
OG0001270,Lgib,4.26506,0.4116,10.36217
OG0001270,Wa,1.48201,0.31988,4.63301
OG0001270,Wo,1.47569,0.35298,4.1806
OG0001270,Sp,0.12914,0.20006,0.64552
OG0001340,La,0.05608,0.12847,0.43652
OG0001340,Laeq,0.08591,0.19077,0.45035
OG0001340,Lgib,0.06805,0.13416,0.5072
OG0001340,Wa,0.06909,0.20248,0.3412
OG0001340,Wo,0.08395,0.23526,0.35685
OG0001340,Sp,0.01926,0.03496,0.55089
OG0001462,La,6.77085,0.12367,54.75149
OG0001462,Laeq,2.68324,0.2989,8.97694
OG0001462,Lgib,2.64167,0.22915,11.52832
OG0001462,Wa,2.71412,0.30376,8.93506
OG0001462,Sp,1.55569,0.04274,36.39579
OG0001493,La,3.89708,0.13305,29.28981
OG0001493,Laeq,5.70798,0.24005,23.77819
OG0001493,Lgib,5.53453,0.20134,27.48836
OG0001493,Wa,4.63675,0.22205,20.8815
OG0001493,Wo,4.7101,0.34215,13.76599
OG0001493,Sp,7.58298,0.03902,194.32748
OG0001572,La,9.08297,0.11424,79.51083
OG0001572,Laeq,0.12167,0.17857,0.68135
OG0001572,Lgib,0.07719,0.13957,0.55302
OG0001572,Wa,0.12237,0.21667,0.56475
OG0001572,Wo,0.12448,0.19191,0.64863
OG0001572,Sp,2.72521,0.02444,111.50429
OG0001594,La,20.11205,0.12394,162.27561
OG0001594,Lgib,20.1054,0.15977,125.83687
OG0001594,Wa,20.11553,0.20459,98.32297
OG0001594,Wo,20.13179,0.27141,74.17582
OG0001594,Sp,0.04927,0.03216,1.53205
OG0001657,La,1.19843,0.22976,5.2161
OG0001657,Laeq,1.49565,0.19782,7.56069
OG0001657,Lgib,1.43456,0.1727,8.3067
OG0001657,Wa,1.21058,0.18265,6.62801
OG0001657,Wo,2.47076,0.24201,10.20929
OG0001657,Sp,0.00721,0.01521,0.47402
OG0001658,La,4.77158,0.08184,58.30569
OG0001658,Laeq,4.81264,0.1825,26.37003
OG0001658,Lgib,4.72457,0.12502,37.78918
OG0001658,Wa,4.74584,0.16952,27.99567
OG0001658,Wo,4.76248,0.2501,19.04242
OG0001658,Sp,0.02217,0.06677,0.33199
OG0001721,La,0.05709,0.0814,0.70144
OG0001721,Laeq,0.38143,0.18734,2.03599
OG0001721,Lgib,18.75543,0.16417,114.24408
OG0001721,Wa,0.04345,0.2282,0.19038
OG0001721,Wo,0.06251,0.2859,0.21863
OG0001721,Sp,22.44751,0.07404,303.16791
OG0001815,La,1.83784,0.09021,20.37322
OG0001815,Laeq,0.12257,0.17553,0.69827
OG0001815,Lgib,0.10391,0.18792,0.55292
OG0001815,Wa,0.10242,0.15467,0.66214
OG0001815,Wo,2.56039,0.16708,15.32422
OG0001815,Sp,0.08543,0.05812,1.46992
OG0001848,La,0.11757,0.16173,0.72698
OG0001848,Wa,0.13155,0.16336,0.80528
OG0001848,Wo,0.14586,0.19652,0.74224
OG0001848,Laeq,6.5529,0.17725,36.96966
OG0001848,Lgib,0.14586,0.11732,1.24331
OG0001848,Sp,0.03928,0.05109,0.76878
OG0001850,La,0.04152,0.17325,0.23967
OG0001850,Laeq,0.13283,0.19785,0.67139
OG0001850,Lgib,0.08183,0.17039,0.48022
OG0001850,Wa,3.51098,0.1671,21.01166
OG0001850,Wo,0.17261,0.22283,0.77461
OG0001850,Sp,0.00677,0.02706,0.25036
OG0001858,La,5.86329,0.1456,40.27021
OG0001858,Wa,5.88662,0.19083,30.84781
OG0001858,Wo,5.90285,0.20309,29.06558
OG0001858,Laeq,0.13283,0.20689,0.64201
OG0001858,Lgib,0.12089,0.17615,0.6863
OG0001858,Sp,0.03254,0.08866,0.36704
OG0001905,La,0.21154,0.15537,1.36153
OG0001905,Laeq,0.10979,0.18037,0.60866
OG0001905,Lgib,0.08539,0.15416,0.55389
OG0001905,Wa,0.13746,0.18276,0.75215
OG0001905,Wo,3.60813,0.20129,17.9249
OG0001905,Sp,2.02958,0.04481,45.29564
OG0001910,La,0.01563,0.09769,0.15998
OG0001910,Laeq,0.03718,0.17654,0.21062
OG0001910,Lgib,0.02932,0.15044,0.19492
OG0001910,Wa,0.03821,0.18117,0.21089
OG0001910,Wo,0.69905,0.20657,3.38402
OG0001910,Sp,0.00668,0.02393,0.27907
OG0001911,La,6.97976,0.16308,42.80007
OG0001911,Laeq,0.34259,0.26113,1.31194
OG0001911,Lgib,0.25882,0.21858,1.18408
OG0001911,Wa,0.36109,0.22168,1.62888
OG0001911,Wo,0.31001,0.23875,1.29847
OG0001911,Sp,0.07017,0.02707,2.59194
OG0002081,La,0.18141,0.1274,1.42393
OG0002081,Laeq,0.07683,0.2099,0.36604
OG0002081,Lgib,41.11577,0.20618,199.41376
OG0002081,Wa,1.56608,0.17867,8.76514
OG0002081,Wo,1.57793,0.2181,7.235
OG0002081,Sp,1.84634,0.03513,52.56033
OG0002086,La,1.52257,0.13617,11.18124
OG0002086,Laeq,1.56504,0.21856,7.16081
OG0002086,Lgib,1.54571,0.18217,8.48516
OG0002086,Wa,1.75411,0.19569,8.96361
OG0002086,Wo,1.87601,0.23714,7.91089
OG0002086,Sp,0.04473,0.03915,1.14264
OG0002091,La,0.18068,0.13853,1.30429
OG0002091,Sp,0.15981,0.10769,1.48401
OG0002091,Laeq,0.17876,0.1716,1.04173
OG0002091,Lgib,0.16236,0.10625,1.52805
OG0002091,Wa,0.07308,0.18146,0.40272
OG0002091,Wo,0.19858,0.20173,0.98438
OG0002125,La,0.05456,0.09654,0.56516
OG0002125,Laeq,0.10184,0.22396,0.45472
OG0002125,Lgib,0.08247,0.16805,0.49074
OG0002125,Wa,1.78835,0.1549,11.54521
OG0002125,Wo,2.60618,0.18187,14.33004
OG0002125,Sp,0.02279,0.03943,0.578
OG0002131,La,0.1036,0.2404,0.43095
OG0002131,Laeq,0.15111,0.22619,0.66808
OG0002131,Lgib,0.25273,0.13816,1.82935
OG0002131,Wa,0.12776,0.14465,0.88325
OG0002131,Wo,2.69516,0.16554,16.28115
OG0002131,Sp,0.0227,0.03273,0.69356
OG0002164,La,23.89108,0.22513,106.11971
OG0002164,Laeq,23.86015,0.26593,89.72247
OG0002164,Lgib,24.0391,0.22913,104.91284
OG0002164,Wa,22.04711,0.2055,107.28307
OG0002164,Wo,20.2723,0.35211,57.57457
OG0002164,Sp,2.12177,0.01732,122.52698
OG0002168,La,5.54122,0.13376,41.42622
OG0002168,Wa,0.3092,0.21005,1.47202
OG0002168,Wo,0.32183,0.2347,1.37124
OG0002168,Laeq,0.21179,0.22063,0.95994
OG0002168,Lgib,0.06473,0.15632,0.41406
OG0002168,Sp,0.03671,0.02357,1.55778
OG0002176,La,0.08762,0.11545,0.75892
OG0002176,Laeq,0.14935,0.19932,0.74933
OG0002176,Lgib,0.08752,0.1606,0.54493
OG0002176,Wa,3.1558,0.21852,14.44185
OG0002176,Wo,0.16363,0.27462,0.59587
OG0002176,Sp,0.02601,0.05111,0.50879
OG0002194,La,0.52046,0.12711,4.09445
OG0002194,Laeq,0.17029,0.20655,0.82445
OG0002194,Lgib,0.17459,0.13444,1.29864
OG0002194,Wa,0.20961,0.21412,0.97892
OG0002194,Wo,4.10669,0.27485,14.94181
OG0002194,Sp,0.03347,0.02718,1.23148
OG0002207,La,0.12033,0.10961,1.09774
OG0002207,Laeq,0.29455,0.2214,1.33037
OG0002207,Lgib,0.15133,0.17954,0.84285
OG0002207,Wa,2.54979,0.17606,14.48222
OG0002207,Wo,2.52699,0.19541,12.93175
OG0002207,Sp,1.7612,0.04963,35.48553
OG0002290,La,1.1999,0.1421,8.44385
OG0002290,Laeq,1.22174,0.23508,5.19712
OG0002290,Lgib,1.21266,0.18598,6.52046
OG0002290,Wa,1.22455,0.18686,6.55337
OG0002290,Wo,1.23921,0.20454,6.0586
OG0002290,Sp,0.01218,0.05028,0.24224
OG0002296,La,3.25648,0.18671,17.44146
OG0002296,Wa,3.4947,0.25804,13.54352
OG0002296,Wo,3.50947,0.32392,10.83453
OG0002296,Laeq,3.23736,0.21292,15.20426
OG0002296,Lgib,4.08392,0.16855,24.23
OG0002296,Sp,0.21953,0.03471,6.32413
OG0002323,La,0.38552,0.12498,3.08465
OG0002323,Laeq,3.62413,0.24603,14.7306
OG0002323,Lgib,3.61604,0.27578,13.1119
OG0002323,Wa,4.95306,0.29616,16.72447
OG0002323,Wo,1.39518,0.32919,4.2382
OG0002323,Sp,8.90487,0.1183,75.27094
OG0002328,La,0.06123,0.18577,0.32957
OG0002328,Laeq,5.01271,0.30867,16.23954
OG0002328,Lgib,4.97787,0.26593,18.71902
OG0002328,Wa,0.13359,0.30166,0.44285
OG0002328,Wo,0.1873,0.32087,0.58372
OG0002328,Sp,0.00907,0.0146,0.62153
OG0002329,La,0.16367,0.0863,1.89663
OG0002329,Sp,1.79939,0.15987,11.25515
OG0002329,Wa,14.95849,0.32612,45.86847
OG0002329,Wo,14.93452,0.23498,63.55628
OG0002329,Laeq,0.20415,0.28445,0.71771
OG0002329,Lgib,0.17652,0.23858,0.73988
OG0002354,La,0.13642,0.1259,1.08359
OG0002354,Laeq,3.03063,0.26455,11.45577
OG0002354,Lgib,3.02734,0.22511,13.4482
OG0002354,Wa,0.14324,0.33508,0.42747
OG0002354,Wo,2.3172,0.38782,5.97492
OG0002354,Sp,0.06462,0.05661,1.1416
OG0002357,La,0.22518,0.12686,1.775
OG0002357,Laeq,0.19385,0.25394,0.76337
OG0002357,Lgib,0.17832,0.16406,1.08696
OG0002357,Wa,0.42101,0.19382,2.17222
OG0002357,Wo,0.33505,0.24805,1.35074
OG0002357,Sp,3.03542,0.0451,67.30632
OG0002371,La,0.04157,0.1219,0.34101
OG0002371,Laeq,0.20685,0.20551,1.00655
OG0002371,Lgib,0.04231,0.16681,0.25365
OG0002371,Wa,0.04184,0.16039,0.26087
OG0002371,Wo,0.04292,0.18862,0.22758
OG0002371,Sp,0.08875,0.06052,1.46649
OG0002377,La,0.11018,0.08885,1.24006
OG0002377,Wa,0.09996,0.16143,0.61919
OG0002377,Wo,0.15514,0.13513,1.14808
OG0002377,Laeq,0.09917,0.15389,0.64439
OG0002377,Lgib,0.08579,0.10351,0.8288
OG0002377,Sp,0.01355,0.05989,0.22623
OG0002380,La,1.06928,0.16749,6.38406
OG0002380,Laeq,0.20074,0.21182,0.94765
OG0002380,Lgib,0.42171,0.16179,2.60647
OG0002380,Wa,8.28733,0.19266,43.01535
OG0002380,Wo,8.34648,0.28197,29.60032
OG0002380,Sp,0.03543,0.02284,1.55114
OG0002387,La,0.28593,0.21126,1.35344
OG0002387,Laeq,0.31952,0.34106,0.93686
OG0002387,Lgib,0.29467,0.26101,1.12895
OG0002387,Wa,9.88741,0.25143,39.3242
OG0002387,Wo,5.10995,0.29168,17.51896
OG0002387,Sp,0.02702,0.03157,0.85576
OG0002391,La,0.09694,0.15821,0.61273
OG0002391,Laeq,0.1506,0.22239,0.67718
OG0002391,Lgib,9.24283,0.20524,45.03495
OG0002391,Wa,0.16982,0.27187,0.62463
OG0002391,Wo,3.76849,0.26518,14.21086
OG0002391,Sp,2.44082,0.04033,60.52351
OG0002408,La,0.93911,0.15342,6.12104
OG0002408,Laeq,16.5179,0.25042,65.96091
OG0002408,Lgib,16.43039,0.18949,86.71072
OG0002408,Wa,24.36661,0.27787,87.69144
OG0002408,Wo,25.42405,0.30971,82.09059
OG0002408,Sp,7.28621,0.02462,295.93192
OG0002420,La,0.04937,0.20907,0.23615
OG0002420,Wa,0.11897,0.26848,0.44313
OG0002420,Wo,0.43113,0.30085,1.43307
OG0002420,Laeq,0.06941,0.23997,0.28924
OG0002420,Lgib,0.05655,0.1984,0.28503
OG0002420,Sp,0.01152,0.03326,0.34639
OG0002424,La,0.31408,0.138,2.27593
OG0002424,Wa,0.26085,0.19401,1.34452
OG0002424,Wo,0.86076,0.24274,3.54609
OG0002424,Laeq,0.17615,0.22113,0.79659
OG0002424,Lgib,0.15013,0.16194,0.92703
OG0002424,Sp,0.02218,0.03459,0.64135
OG0002426,La,0.11547,0.11503,1.00382
OG0002426,Laeq,28.12907,0.19628,143.30826
OG0002426,Lgib,28.01041,0.14452,193.81323
OG0002426,Wa,28.15075,0.20672,136.17645
OG0002426,Wo,28.15586,0.21087,133.5238
OG0002426,Sp,0.02328,0.04636,0.50216
OG0002431,La,0.17958,0.11863,1.51374
OG0002431,Laeq,0.18225,0.22003,0.82829
OG0002431,Lgib,0.119,0.1815,0.65568
OG0002431,Wa,0.21354,0.20161,1.05918
OG0002431,Wo,3.15804,0.2294,13.76643
OG0002431,Sp,0.01833,0.01954,0.93811
OG0002436,La,0.04897,0.12814,0.38215
OG0002436,Wa,0.06675,0.19252,0.34671
OG0002436,Wo,0.07319,0.20658,0.3543
OG0002436,Laeq,0.05224,0.28853,0.18105
OG0002436,Lgib,0.05783,0.24907,0.23217
OG0002436,Sp,0.00817,0.04226,0.19327
OG0002442,La,0.104,0.09136,1.13831
OG0002442,Wa,0.67949,0.18795,3.61532
OG0002442,Wo,0.57614,0.2048,2.81316
OG0002442,Laeq,0.1534,0.21994,0.69746
OG0002442,Lgib,14.2696,0.20596,69.28462
OG0002442,Sp,0.0274,0.01728,1.5855
OG0002445,La,0.10633,0.10595,1.00362
OG0002445,Laeq,0.14478,0.20112,0.71985
OG0002445,Lgib,6.30062,0.1586,39.7263
OG0002445,Wa,0.25496,0.17954,1.42008
OG0002445,Wo,2.75964,0.2516,10.96826
OG0002445,Sp,0.02189,0.03029,0.7227
OG0002446,La,7.62183,0.14252,53.47911
OG0002446,Wa,0.19882,0.20172,0.98565
OG0002446,Wo,0.23341,0.25643,0.91022
OG0002446,Laeq,0.17688,0.1849,0.95665
OG0002446,Lgib,0.10136,0.18473,0.54869
OG0002446,Sp,0.03925,0.04937,0.79514
OG0002464,La,0.82008,0.14738,5.56435
OG0002464,Laeq,2.91641,0.18478,15.7835
OG0002464,Lgib,2.89247,0.15829,18.27376
OG0002464,Wa,0.09865,0.21967,0.44911
OG0002464,Wo,0.14298,0.23866,0.59908
OG0002464,Sp,0.01674,0.02462,0.67971
OG0002483,Laeq,0.1605,0.30488,0.52645
OG0002483,Lgib,0.15222,0.26056,0.58418
OG0002483,Wa,0.46368,0.20273,2.2872
OG0002483,Wo,0.48057,0.32901,1.46065
OG0002483,Sp,0.02704,0.03337,0.81046
OG0002487,La,0.06768,0.09713,0.6968
OG0002487,Laeq,0.16526,0.12432,1.32934
OG0002487,Lgib,0.09036,0.13595,0.66465
OG0002487,Wa,0.18552,0.20791,0.89231
OG0002487,Wo,0.17815,0.23027,0.77369
OG0002487,Sp,0.0296,0.05809,0.50952
OG0002490,La,0.45162,0.107,4.22068
OG0002490,Laeq,0.51276,0.16931,3.02855
OG0002490,Lgib,0.4492,0.13515,3.3238
OG0002490,Wa,7.03293,0.16383,42.92786
OG0002490,Wo,7.07236,0.1643,43.04604
OG0002490,Sp,4.97425,0.0353,140.92873
OG0002522,La,0.07024,0.19297,0.364
OG0002522,Laeq,0.07532,0.23587,0.31933
OG0002522,Lgib,0.06135,0.2462,0.2492
OG0002522,Wa,0.09482,0.23045,0.41146
OG0002522,Sp,0.01465,0.033,0.44386
OG0002533,La,0.39925,0.1358,2.93994
OG0002533,Laeq,0.39467,0.21407,1.84371
OG0002533,Lgib,0.43962,0.19787,2.22175
OG0002533,Wa,0.78412,0.21341,3.67423
OG0002533,Wo,0.80396,0.22218,3.61847
OG0002533,Sp,0.58955,0.07334,8.03883
OG0002601,La,0.15188,0.10745,1.41345
OG0002601,Laeq,0.24126,0.15589,1.54766
OG0002601,Lgib,0.15032,0.13089,1.1485
OG0002601,Wa,0.16779,0.17493,0.95916
OG0002601,Wo,0.19187,0.21277,0.90176
OG0002601,Sp,0.02105,0.05447,0.38648
OG0002603,La,0.94622,0.13436,7.04242
OG0002603,Laeq,0.20766,0.21147,0.98197
OG0002603,Lgib,0.12715,0.18345,0.69308
OG0002603,Wa,6.41689,0.21929,29.26168
OG0002603,Wo,6.43449,0.24565,26.19368
OG0002603,Sp,7.51359,0.02646,283.95257
OG0002614,La,0.03323,0.07941,0.41841
OG0002614,Laeq,0.06273,0.18537,0.33842
OG0002614,Lgib,60.19263,0.20136,298.93607
OG0002614,Wa,3.19476,0.16289,19.61277
OG0002614,Wo,0.09134,0.1986,0.4599
OG0002614,Sp,0.00495,0.04732,0.10461
OG0002625,La,3.39843,0.0812,41.85469
OG0002625,Laeq,0.5519,0.13942,3.95856
OG0002625,Lgib,1.06056,0.0902,11.7585
OG0002625,Wa,0.90417,0.19685,4.5933
OG0002625,Wo,0.12968,0.19358,0.66991
OG0002625,Sp,0.03423,0.04925,0.69502
OG0002631,La,0.04512,0.12118,0.37231
OG0002631,Laeq,0.09569,0.2133,0.44859
OG0002631,Lgib,0.08875,0.18528,0.47899
OG0002631,Wa,0.10439,0.15305,0.68208
OG0002631,Wo,0.37519,0.17718,2.11756
OG0002631,Sp,0.01147,0.01996,0.57484
OG0002652,La,0.07056,0.09062,0.7787
OG0002652,Laeq,0.12386,0.11726,1.05634
OG0002652,Lgib,14.03764,0.10077,139.29707
OG0002652,Sp,0.11807,0.0743,1.58916
OG0002652,Wa,0.15504,0.11178,1.38704
OG0002652,Wo,0.12469,0.12564,0.99249
OG0002715,Laeq,0.6121,0.16196,3.77927
OG0002715,Lgib,0.13028,0.14695,0.88658
OG0002715,Wa,1.83094,0.17122,10.69374
OG0002715,Wo,0.33772,0.2922,1.15577
OG0002715,Sp,0.02366,0.04415,0.53579
OG0002728,La,211.23129,0.17345,1217.83832
OG0002728,Laeq,211.14924,0.22202,951.04597
OG0002728,Lgib,211.13859,0.17363,1216.04374
OG0002728,Wa,211.14106,0.18463,1143.56795
OG0002728,Wo,211.14867,0.22175,952.1945
OG0002728,Sp,2.39127,0.03958,60.42057
OG0002737,La,0.03401,0.05108,0.66572
OG0002737,Sp,0.68596,0.07908,8.67449
OG0002737,Laeq,3.27512,0.26656,12.2867
OG0002737,Lgib,3.24015,0.14437,22.44273
OG0002737,Wa,15.531,0.42476,36.56383
OG0002737,Wo,15.67822,0.46821,33.48534
OG0002743,La,1.44558,0.15084,9.58368
OG0002743,Laeq,0.08389,0.26979,0.31094
OG0002743,Lgib,0.06214,0.14022,0.44319
OG0002743,Wa,0.09233,0.23558,0.39192
OG0002743,Wo,0.09457,0.25563,0.36996
OG0002743,Sp,0.01101,0.03504,0.31435
OG0002798,La,0.04764,0.09395,0.50711
OG0002798,Laeq,0.0504,0.1945,0.25912
OG0002798,Lgib,2.42939,0.17535,13.8548
OG0002798,Wa,2.23969,0.20716,10.81161
OG0002798,Wo,0.34505,0.17826,1.93567
OG0002798,Sp,0.06451,0.05132,1.25701
OG0002802,La,0.0466,0.12384,0.37633
OG0002802,Laeq,0.05506,0.21575,0.25519
OG0002802,Lgib,0.0442,0.15669,0.28208
OG0002802,Wa,0.05734,0.15644,0.36655
OG0002802,Wo,0.06484,0.2126,0.30497
OG0002802,Sp,0.02451,0.04739,0.51714
OG0002820,La,0.05857,0.12475,0.46948
OG0002820,Laeq,3.01399,0.1834,16.4342
OG0002820,Lgib,2.99637,0.17125,17.49711
OG0002820,Wa,3.01276,0.19957,15.09633
OG0002820,Wo,3.04879,0.23751,12.83635
OG0002820,Sp,0.01036,0.03954,0.26215
OG0002834,La,0.33457,0.14206,2.3551
OG0002834,Wa,0.61949,0.18016,3.43852
OG0002834,Wo,0.65622,0.22818,2.87588
OG0002834,Laeq,0.32682,0.20254,1.61362
OG0002834,Lgib,4.19604,0.11637,36.05908
OG0002834,Sp,0.03712,0.03703,1.00247
OG0002847,La,0.23296,0.15477,1.50517
OG0002847,Laeq,0.18472,0.20567,0.89811
OG0002847,Lgib,10.99967,0.19347,56.85593
OG0002847,Wa,0.62033,0.18115,3.42443
OG0002847,Wo,0.46447,0.28446,1.63279
OG0002847,Sp,0.02255,0.04526,0.49823
OG0002860,La,0.06783,0.11159,0.60785
OG0002860,Laeq,10.39231,0.19123,54.34525
OG0002860,Wa,10.49402,0.19242,54.53634
OG0002860,Wo,10.455,0.17362,60.21728
OG0002860,Lgib,0.0846,0.15137,0.55887
OG0002860,Sp,2.36238,0.03065,77.06422
OG0002866,La,0.07456,0.14583,0.51128
OG0002866,Laeq,0.33386,0.25163,1.32681
OG0002866,Lgib,27.44089,0.21688,126.52788
OG0002866,Wa,0.11845,0.2118,0.55928
OG0002866,Wo,0.13148,0.24119,0.54515
OG0002866,Sp,0.01752,0.02567,0.68258
OG0002892,La,0.04675,0.11525,0.40566
OG0002892,Laeq,0.08841,0.23456,0.37693
OG0002892,Lgib,0.06483,0.19329,0.33542
OG0002892,Wa,0.06227,0.1796,0.34673
OG0002892,Wo,0.11619,0.19826,0.58607
OG0002892,Sp,0.01125,0.04238,0.26547
OG0002895,La,0.72473,0.20785,3.48673
OG0002895,Wa,8.60732,0.39093,22.01768
OG0002895,Wo,1.48923,0.45098,3.30221
OG0002895,Lgib,0.30752,0.23109,1.33073
OG0002895,Sp,1.47209,0.08844,16.64533
OG0002909,La,0.03724,0.16327,0.22808
OG0002909,Laeq,0.07792,0.25848,0.30146
OG0002909,Lgib,0.05581,0.21118,0.26428
OG0002909,Wa,0.08552,0.235,0.36393
OG0002909,Wo,0.08232,0.24844,0.33134
OG0002909,Sp,0.01659,0.03131,0.52989
OG0002911,La,0.01615,0.05198,0.31066
OG0002911,Laeq,0.14777,0.19143,0.77189
OG0002911,Lgib,0.11532,0.11023,1.04616
OG0002911,Wa,0.11961,0.21114,0.56652
OG0002911,Wo,0.17348,0.33567,0.51682
OG0002911,Sp,5.00449,0.13118,38.1509
OG0002917,La,0.12741,0.12949,0.98396
OG0002917,Wa,0.15756,0.216,0.72944
OG0002917,Wo,0.17027,0.23199,0.73395
OG0002917,Laeq,0.1394,0.21926,0.63576
OG0002917,Lgib,0.09131,0.18954,0.48173
OG0002917,Sp,0.06228,0.02732,2.2796
OG0002918,La,0.06495,0.09717,0.66843
OG0002918,Wa,0.12956,0.17171,0.75452
OG0002918,Wo,0.21399,0.21484,0.99606
OG0002918,Laeq,0.13795,0.17653,0.78146
OG0002918,Lgib,0.06222,0.13581,0.4581
OG0002918,Sp,0.01707,0.04193,0.40705
OG0002940,La,0.08294,0.11962,0.69339
OG0002940,Laeq,0.13828,0.18886,0.7322
OG0002940,Lgib,0.13277,0.16734,0.79341
OG0002940,Wa,1.4854,0.23974,6.19585
OG0002940,Wo,0.27008,0.34702,0.77829
OG0002940,Sp,0.03402,0.07562,0.44991
OG0002942,La,0.04068,0.18185,0.22372
OG0002942,Wa,10.69492,0.26671,40.09926
OG0002942,Wo,10.75624,0.26136,41.15442
OG0002942,Laeq,2.82657,0.24665,11.45966
OG0002942,Lgib,0.68609,0.20254,3.38739
OG0002942,Sp,0.02687,0.07215,0.37235
OG0002945,La,0.26062,0.31941,0.81596
OG0002945,Laeq,0.23286,0.41578,0.56004
OG0002945,Lgib,0.1731,0.2895,0.59794
OG0002945,Wa,0.23653,0.2568,0.92109
OG0002945,Wo,0.43867,0.27688,1.58433
OG0002945,Sp,0.02636,0.03289,0.80135
OG0002947,La,0.04477,0.13158,0.34026
OG0002947,Wa,0.06363,0.16416,0.38758
OG0002947,Wo,0.07526,0.17883,0.42086
OG0002947,Laeq,0.05776,0.19993,0.28893
OG0002947,Lgib,0.04689,0.14929,0.31407
OG0002947,Sp,0.01275,0.02685,0.47491
OG0002951,La,0.16353,0.10948,1.49367
OG0002951,Laeq,0.22763,0.17841,1.27585
OG0002951,Lgib,0.22642,0.14353,1.57755
OG0002951,Wa,0.22947,0.20652,1.11116
OG0002951,Wo,0.23266,0.21447,1.08481
OG0002951,Sp,0.12741,0.03919,3.25132
OG0002952,La,0.07211,0.13878,0.51961
OG0002952,Wa,0.06966,0.20463,0.34044
OG0002952,Wo,0.4138,0.23305,1.77563
OG0002952,Laeq,0.07281,0.2158,0.33742
OG0002952,Lgib,0.87351,0.15101,5.78447
OG0002952,Sp,0.01579,0.04569,0.34563
OG0002960,La,0.07386,0.11089,0.66601
OG0002960,Laeq,0.11448,0.15789,0.72508
OG0002960,Lgib,0.1251,0.14863,0.84168
OG0002960,Wa,1.03603,0.17072,6.06863
OG0002960,Wo,0.23424,0.22485,1.04177
OG0002960,Sp,0.37684,0.07552,4.98989
OG0002965,La,0.44622,0.09762,4.57108
OG0002965,Laeq,12.13374,0.2038,59.53694
OG0002965,Lgib,12.12499,0.16565,73.1984
OG0002965,Wa,7.34247,0.21117,34.76994
OG0002965,Wo,7.54102,0.22621,33.33606
OG0002965,Sp,0.01603,0.04246,0.37745
OG0002966,La,0.06122,0.0895,0.68403
OG0002966,Lgib,0.28973,0.15384,1.88338
OG0002966,Wa,0.11341,0.18158,0.62459
OG0002966,Wo,0.15881,0.25128,0.63202
OG0002966,Sp,0.58117,0.05293,10.98077
OG0002980,La,0.0627,0.11201,0.55981
OG0002980,Laeq,0.12425,0.21089,0.58915
OG0002980,Lgib,0.15726,0.17362,0.90582
OG0002980,Wa,0.15521,0.19817,0.78323
OG0002980,Wo,0.15982,0.23113,0.69147
OG0002980,Sp,0.02329,0.04321,0.539
OG0002991,La,2.05579,0.18236,11.27357
OG0002991,Laeq,0.30961,0.18241,1.69735
OG0002991,Lgib,0.27104,0.17746,1.52732
OG0002991,Wa,9.59055,0.13318,72.01282
OG0002991,Wo,8.98412,0.16935,53.05068
OG0002991,Sp,0.02526,0.06829,0.36988
OG0003008,La,0.02733,0.15255,0.17913
OG0003008,Laeq,0.06634,0.28826,0.23015
OG0003008,Lgib,0.07929,0.25482,0.31117
OG0003008,Wa,0.05675,0.23552,0.24097
OG0003008,Wo,0.06688,0.25457,0.26271
OG0003008,Sp,0.17565,0.04434,3.96146
OG0003013,La,0.20844,0.08648,2.41015
OG0003013,Laeq,7.25173,0.26729,27.13039
OG0003013,Lgib,8.31873,0.18961,43.87227
OG0003013,Wa,0.24173,0.35863,0.67405
OG0003013,Wo,0.24415,0.48298,0.50551
OG0003013,Sp,0.01188,0.03211,0.36988
OG0003042,La,2.1407,0.12646,16.92739
OG0003042,Laeq,2.1153,0.31523,6.71028
OG0003042,Wa,2.20143,0.43846,5.0208
OG0003042,Wo,2.21397,0.39578,5.5939
OG0003042,Lgib,2.17476,0.22508,9.66211
OG0003042,Sp,0.03531,0.04665,0.75701
OG0003052,La,0.05778,0.09335,0.61891
OG0003052,Laeq,0.14196,0.14405,0.98547
OG0003052,Lgib,31.03362,0.13901,223.25506
OG0003052,Wa,16.82867,0.1903,88.43174
OG0003052,Wo,0.16264,0.22041,0.73793
OG0003052,Sp,0.03145,0.01667,1.88645
OG0003064,La,37.5397,0.17906,209.64288
OG0003064,Laeq,37.6079,0.25254,148.91749
OG0003064,Lgib,57.27978,0.17117,334.63521
OG0003064,Wa,0.9324,0.2244,4.15506
OG0003064,Wo,1.62813,0.27243,5.97632
OG0003064,Sp,0.02702,0.03667,0.73677
OG0003067,La,0.04377,0.06684,0.65479
OG0003067,Laeq,8.10928,0.12617,64.27491
OG0003067,Lgib,8.246,0.09814,84.02416
OG0003067,Wa,0.62956,0.11631,5.41272
OG0003067,Wo,0.96596,0.12981,7.44164
OG0003067,Sp,0.0284,0.06164,0.46079
OG0003070,La,0.06805,0.11633,0.58495
OG0003070,Sp,0.13753,0.18034,0.76261
OG0003070,Laeq,0.12777,0.24147,0.52915
OG0003070,Lgib,0.08229,0.19696,0.41782
OG0003070,Wa,6.41888,0.1192,53.85114
OG0003070,Wo,0.05421,0.16142,0.33581
OG0003091,La,0.02735,0.07659,0.35706
OG0003091,Laeq,0.0618,0.18803,0.32868
OG0003091,Lgib,0.06179,0.137,0.451
OG0003091,Wa,0.11109,0.17641,0.62971
OG0003091,Wo,2.92193,0.18515,15.7811
OG0003091,Sp,0.02969,0.0629,0.4721
OG0003092,La,0.04212,0.12494,0.3371
OG0003092,Laeq,0.31064,0.29831,1.04136
OG0003092,Lgib,0.15156,0.15905,0.95292
OG0003092,Wa,2.05882,0.19132,10.7613
OG0003092,Sp,0.01497,0.01732,0.86405
OG0003093,La,0.07364,0.09254,0.79581
OG0003093,Laeq,0.13612,0.1698,0.80166
OG0003093,Lgib,0.10789,0.1356,0.79566
OG0003093,Wa,0.21506,0.18545,1.15969
OG0003093,Wo,0.23272,0.19443,1.19693
OG0003093,Sp,0.17363,0.03998,4.34332
OG0003099,La,0.30316,0.14006,2.16446
OG0003099,Wa,0.36144,0.21749,1.66186
OG0003099,Wo,0.37108,0.28323,1.31019
OG0003099,Laeq,0.47717,0.28829,1.65517
OG0003099,Lgib,0.30791,0.15902,1.93629
OG0003099,Sp,0.01386,0.05375,0.25781
OG0003101,La,0.06978,0.09115,0.76555
OG0003101,Laeq,12.04358,0.14634,82.29661
OG0003101,Lgib,0.20145,0.09417,2.13913
OG0003101,Sp,0.06723,0.09575,0.70211
OG0003101,Wa,5.80284,0.16606,34.94362
OG0003101,Wo,5.82476,0.27236,21.38646
OG0003134,La,0.47909,0.12635,3.79171
OG0003134,Laeq,0.51596,0.1872,2.75616
OG0003134,Lgib,0.47808,0.15027,3.18153
OG0003134,Wa,2.88305,0.17129,16.83123
OG0003134,Wo,2.91184,0.19733,14.7562
OG0003134,Sp,0.05988,0.03801,1.57556
OG0003211,La,0.05497,0.12344,0.44527
OG0003211,Laeq,0.55667,0.31694,1.75639
OG0003211,Lgib,0.48344,0.23266,2.07787
OG0003211,Wa,0.20726,0.24722,0.83836
OG0003211,Wo,0.26921,0.26394,1.01995
OG0003211,Sp,14.06567,0.05433,258.87537
OG0003238,La,0.11037,0.12734,0.86672
OG0003238,Laeq,0.11529,0.23272,0.49539
OG0003238,Lgib,0.11738,0.17161,0.68398
OG0003238,Wa,0.11634,0.21922,0.53073
OG0003238,Wo,0.14834,0.31718,0.46768
OG0003238,Sp,0.03644,0.02473,1.47357
OG0003265,La,0.04491,0.1049,0.42808
OG0003265,Laeq,0.08864,0.21679,0.40886
OG0003265,Lgib,0.06592,0.12164,0.54193
OG0003265,Sp,0.02889,0.14181,0.20374
OG0003265,Wa,0.06952,0.16851,0.41253
OG0003265,Wo,0.26688,0.23334,1.14374
OG0003270,La,0.08812,0.16142,0.5459
OG0003270,Laeq,0.19336,0.40735,0.47467
OG0003270,Wa,14.46204,0.36858,39.2376
OG0003270,Wo,0.21798,0.47664,0.45733
OG0003270,Lgib,0.15067,0.3106,0.48509
OG0003270,Sp,0.0319,0.03251,0.9812
OG0003292,Laeq,0.9318,0.17137,5.43724
OG0003292,Lgib,0.04342,0.13726,0.31633
OG0003292,Sp,0.62286,0.15236,4.08817
OG0003292,Wa,0.08451,0.17979,0.47006
OG0003292,Wo,0.17154,0.19774,0.86749
OG0003299,La,7.78421,0.17699,43.9813
OG0003299,Wa,4.03024,0.20473,19.68606
OG0003299,Wo,4.00038,0.26829,14.91074
OG0003299,Laeq,6.71518,0.1987,33.79543
OG0003299,Lgib,6.68249,0.16594,40.271
OG0003299,Sp,0.02957,0.03331,0.88751
OG0003308,La,0.24768,0.17431,1.42093
OG0003308,Laeq,0.18971,0.26933,0.70437
OG0003308,Lgib,0.15748,0.21678,0.72642
OG0003308,Wa,1.21085,0.27551,4.39491
OG0003308,Wo,1.22931,0.27437,4.48043
OG0003308,Sp,0.02946,0.06261,0.47045
OG0003309,La,5.37865,0.11061,48.62858
OG0003309,Laeq,5.72501,0.19012,30.11316
OG0003309,Lgib,2.77997,0.17226,16.13843
OG0003309,Wa,6.12788,0.19918,30.76533
OG0003309,Wo,6.15357,0.21352,28.8194
OG0003309,Sp,0.04267,0.04508,0.94658
OG0003325,La,0.06612,0.15968,0.41409
OG0003325,Laeq,0.09472,0.27223,0.34795
OG0003325,Lgib,0.08059,0.21698,0.37141
OG0003325,Wa,4.02525,0.23785,16.9237
OG0003325,Wo,6.18574,0.30703,20.14718
OG0003325,Sp,0.01302,0.04116,0.31634
OG0003329,La,0.03375,0.11279,0.2992
OG0003329,Laeq,3.07966,0.23578,13.06151
OG0003329,Lgib,3.07989,0.21168,14.54962
OG0003329,Wa,7.14995,0.27053,26.42955
OG0003329,Wo,4.77555,0.27771,17.19634
OG0003329,Sp,0.02204,0.04065,0.54222
OG0003334,La,0.79645,0.12893,6.17734
OG0003334,Laeq,0.8384,0.20957,4.00062
OG0003334,Lgib,0.81355,0.1637,4.96977
OG0003334,Wa,0.81713,0.15957,5.12089
OG0003334,Wo,0.84205,0.17881,4.70907
OG0003334,Sp,0.03275,0.03422,0.95723
OG0003353,La,0.07957,0.11996,0.66329
OG0003353,Laeq,0.22006,0.2522,0.87254
OG0003353,Lgib,0.14568,0.20044,0.7268
OG0003353,Wa,0.78807,0.367,2.14734
OG0003353,Wo,0.35311,0.36921,0.95639
OG0003353,Sp,0.03674,0.03213,1.14342
OG0003354,La,0.04449,0.11551,0.38518
OG0003354,Laeq,0.04654,0.1914,0.24318
OG0003354,Lgib,0.05032,0.16239,0.30986
OG0003354,Wa,0.05542,0.16411,0.33767
OG0003354,Wo,0.07141,0.21436,0.33314
OG0003354,Sp,0.00958,0.02937,0.32628
OG0003359,La,0.11065,0.11968,0.92451
OG0003359,Wa,0.17743,0.24211,0.73284
OG0003359,Wo,0.20087,0.28166,0.71317
OG0003359,Laeq,0.13145,0.19914,0.66008
OG0003359,Lgib,0.11035,0.16779,0.6577
OG0003359,Sp,0.02632,0.05135,0.51255
OG0003360,La,3.73981,0.11669,32.0503
OG0003360,Laeq,2.24217,0.21498,10.42968
OG0003360,Lgib,2.23206,0.20116,11.09619
OG0003360,Wa,2.20189,0.1894,11.62561
OG0003360,Wo,2.28026,0.25585,8.91253
OG0003360,Sp,0.03803,0.04142,0.91804
OG0003362,La,6.33991,0.1112,57.01522
OG0003362,Laeq,0.29877,0.20448,1.46112
OG0003362,Lgib,0.37438,0.11408,3.28165
OG0003362,Wa,3.97562,0.18306,21.71791
OG0003362,Wo,14.09958,0.24728,57.01813
OG0003362,Sp,0.0455,0.05467,0.83226
OG0003369,Laeq,0.05757,0.25422,0.22647
OG0003369,Lgib,1.97342,0.28963,6.8135
OG0003369,Wa,0.38255,0.33647,1.13694
OG0003369,Wo,0.39878,0.33629,1.18582
OG0003369,Sp,14.42818,0.01436,1004.59391
OG0003381,La,0.02919,0.13002,0.22454
OG0003381,Laeq,0.04612,0.3502,0.13169
OG0003381,Lgib,0.04126,0.22011,0.18747
OG0003381,Wa,0.06329,0.24752,0.2557
OG0003381,Wo,7.57045,0.31592,23.96292
OG0003381,Sp,10.24011,0.0261,392.27275
OG0003386,La,0.057,0.13444,0.42398
OG0003386,Wa,1.35669,0.19587,6.92644
OG0003386,Wo,1.6989,0.23857,7.12131
OG0003386,Laeq,0.08166,0.20343,0.40144
OG0003386,Lgib,0.05431,0.18265,0.29737
OG0003386,Sp,0.00768,0.01836,0.41854
OG0003402,La,0.07873,0.11431,0.6887
OG0003402,Laeq,5.83743,0.17172,33.99487
OG0003402,Lgib,0.46536,0.17496,2.65987
OG0003402,Wa,6.68254,0.20835,32.07417
OG0003402,Wo,7.30816,0.22006,33.21006
OG0003402,Sp,0.18516,0.03191,5.80304
OG0003409,La,0.21396,0.22014,0.97191
OG0003409,Laeq,8.69322,0.27334,31.80326
OG0003409,Lgib,8.76109,0.21826,40.14105
OG0003409,Wa,0.93555,0.25673,3.64412
OG0003409,Wo,9.41122,0.39185,24.0173
OG0003409,Sp,3.91302,0.07515,52.06894
OG0003414,La,0.10369,0.10803,0.95981
OG0003414,Laeq,0.10584,0.28018,0.37777
OG0003414,Lgib,0.09015,0.24311,0.37083
OG0003414,Wa,0.22755,0.19895,1.14375
OG0003414,Wo,0.279,0.40837,0.68321
OG0003414,Sp,0.18851,0.07672,2.45709
OG0003419,La,16.57756,0.18868,87.86143
OG0003419,Laeq,16.58451,0.35736,46.40831
OG0003419,Lgib,16.52309,0.23046,71.69671
OG0003419,Wa,4.54453,0.23619,19.2408
OG0003419,Wo,4.56807,0.28695,15.91935
OG0003419,Sp,0.03086,0.03562,0.86653
OG0003429,La,2.95278,0.17198,17.16883
OG0003429,Laeq,10.79234,0.21692,49.75361
OG0003429,Lgib,10.7366,0.201,53.41679
OG0003429,Wa,7.92034,0.23896,33.14572
OG0003429,Wo,7.92744,0.26271,30.17521
OG0003429,Sp,0.645,0.04621,13.9592
OG0003435,La,0.06841,0.17038,0.40153
OG0003435,Wa,0.02712,0.17782,0.15249
OG0003435,Wo,0.02763,0.21092,0.13099
OG0003435,Laeq,0.03146,0.19252,0.16339
OG0003435,Lgib,0.02464,0.14961,0.16469
OG0003435,Sp,1.41664,0.04028,35.16612
OG0003437,La,0.11286,0.12128,0.93061
OG0003437,Laeq,0.68813,0.18945,3.6323
OG0003437,Lgib,2.09522,0.15238,13.74999
OG0003437,Wa,0.16567,0.18591,0.89111
OG0003437,Wo,0.17557,0.21725,0.80813
OG0003437,Sp,0.02897,0.03594,0.8062
OG0003441,La,6.56297,0.10242,64.07891
OG0003441,Laeq,0.2124,0.15206,1.39682
OG0003441,Lgib,3.65328,0.14197,25.73323
OG0003441,Wa,3.81555,0.17306,22.04726
OG0003441,Wo,0.31797,0.21216,1.49871
OG0003441,Sp,0.03074,0.03446,0.89205
OG0003445,La,0.06999,0.1466,0.47742
OG0003445,Laeq,0.22666,0.24499,0.92518
OG0003445,Lgib,3063.45356,0.21629,14163.54693
OG0003445,Wa,13.34384,0.13699,97.40428
OG0003445,Wo,13.34566,0.20475,65.179
OG0003445,Sp,0.01825,0.04102,0.44492
OG0003446,La,0.08267,0.14145,0.58442
OG0003446,Laeq,0.11585,0.17872,0.64823
OG0003446,Lgib,25.54379,0.13658,187.02203
OG0003446,Wa,0.10755,0.18787,0.57244
OG0003446,Wo,0.10693,0.27639,0.38687
OG0003446,Sp,3.92341,0.0123,319.02247
OG0003447,La,0.10249,0.12682,0.80811
OG0003447,Laeq,0.78208,0.28206,2.77273
OG0003447,Lgib,0.11776,0.17661,0.66678
OG0003447,Wa,0.15413,0.17365,0.88759
OG0003447,Wo,0.14293,0.26056,0.54857
OG0003447,Sp,0.74633,0.05824,12.81489
OG0003448,La,0.03747,0.29409,0.1274
OG0003448,Lgib,0.02822,0.22564,0.12509
OG0003448,Laeq,0.02481,0.19087,0.12998
OG0003448,Wa,0.02576,0.15401,0.16724
OG0003448,Wo,0.03158,0.17219,0.18339
OG0003448,Sp,0.009,0.04976,0.18093
OG0003456,La,9.80887,0.1306,75.10751
OG0003456,Laeq,1.09526,0.25105,4.36277
OG0003456,Lgib,3.15229,0.19623,16.06444
OG0003456,Wa,0.20692,0.22798,0.90762
OG0003456,Wo,0.20932,0.24234,0.86374
OG0003456,Sp,13.61186,0.02617,520.08422
OG0003458,La,0.09225,0.18149,0.50829
OG0003458,Laeq,3.86271,0.23617,16.35563
OG0003458,Lgib,3.82803,0.18002,21.26454
OG0003458,Wa,0.0886,0.21765,0.40708
OG0003458,Wo,0.08153,0.25117,0.3246
OG0003458,Sp,0.02881,0.05872,0.49068
OG0003472,La,3.23043,0.12542,25.75606
OG0003472,Laeq,5.29209,0.21348,24.79017
OG0003472,Lgib,3.29259,0.16618,19.81371
OG0003472,Wa,4.52345,0.16231,27.86906
OG0003472,Wo,3.39773,0.25107,13.53278
OG0003472,Sp,0.06835,0.04283,1.59609
OG0003477,La,0.11092,0.10042,1.10453
OG0003477,Laeq,0.10055,0.20267,0.49613
OG0003477,Lgib,0.09326,0.1939,0.48097
OG0003477,Wa,0.08632,0.16305,0.52942
OG0003477,Wo,0.10517,0.18894,0.5566
OG0003477,Sp,0.01509,0.05232,0.28836
OG0003480,La,0.09947,0.11258,0.88351
OG0003480,Laeq,2.45571,0.25256,9.72339
OG0003480,Lgib,4.12679,0.22376,18.44321
OG0003480,Wa,1.47214,0.22102,6.66073
OG0003480,Wo,4.6126,0.27445,16.80642
OG0003480,Sp,1.08508,0.05811,18.67426
OG0003491,La,0.77182,0.16764,4.60414
OG0003491,Laeq,0.18569,0.35502,0.52303
OG0003491,Lgib,0.14793,0.23447,0.63091
OG0003491,Wa,0.55894,0.16178,3.45496
OG0003491,Wo,0.57768,0.2321,2.48888
OG0003491,Sp,1.67085,0.02354,70.96971
OG0003493,La,0.46365,0.14806,3.13152
OG0003493,Laeq,0.05655,0.18269,0.30952
OG0003493,Lgib,0.10076,0.14394,0.69999
OG0003493,Wa,0.04547,0.14389,0.31597
OG0003493,Wo,0.05994,0.21343,0.28083
OG0003493,Sp,0.01223,0.05587,0.2189
OG0003499,La,3.90417,0.1658,23.54704
OG0003499,Laeq,3.97985,0.24206,16.44167
OG0003499,Lgib,3.89179,0.20765,18.74243
OG0003499,Wa,10.27411,0.20717,49.5916
OG0003499,Wo,7.45937,0.25903,28.79782
OG0003499,Sp,0.03317,0.02083,1.59209
OG0003500,La,4.18815,0.17351,24.13824
OG0003500,Laeq,1.26144,0.23139,5.45167
OG0003500,Lgib,1.22039,0.21049,5.79797
OG0003500,Wa,1.22643,0.19636,6.24598
OG0003500,Wo,1.27296,0.21644,5.88128
OG0003500,Sp,0.0473,0.04116,1.14925
OG0003507,La,0.59459,0.14508,4.09839
OG0003507,Wa,9.55149,0.14596,65.44057
OG0003507,Wo,9.61565,0.22318,43.08407
OG0003507,Laeq,0.17676,0.1979,0.89316
OG0003507,Lgib,0.4426,0.17219,2.57037
OG0003507,Sp,0.12772,0.05376,2.37551
OG0003522,La,2.48119,0.1597,15.53617
OG0003522,Lgib,0.06266,0.16464,0.38059
OG0003522,Wa,2.69449,0.19754,13.64001
OG0003522,Wo,2.70821,0.26192,10.33991
OG0003522,Sp,0.02016,0.01698,1.18679
OG0003533,La,0.07399,0.0789,0.93772
OG0003533,Laeq,0.10855,0.13301,0.81604
OG0003533,Lgib,0.09437,0.15002,0.62907
OG0003533,Wa,3.52259,0.19319,18.23387
OG0003533,Wo,0.89062,0.17291,5.15072
OG0003533,Sp,0.02357,0.07059,0.33384
OG0003541,La,0.20747,0.17812,1.16476
OG0003541,Laeq,0.33506,0.25574,1.31017
OG0003541,Lgib,0.25127,0.22763,1.10385
OG0003541,Wa,0.31955,0.24726,1.29239
OG0003541,Wo,0.3407,0.22867,1.48994
OG0003541,Sp,0.02029,0.02772,0.73187
OG0003547,La,0.05731,0.07963,0.71972
OG0003547,Laeq,0.15525,0.15816,0.98161
OG0003547,Lgib,1.66017,0.10388,15.98124
OG0003547,Sp,0.06213,0.08102,0.76691
OG0003547,Wa,0.16583,0.14716,1.12683
OG0003547,Wo,0.3276,0.16672,1.96499
OG0003552,La,0.37559,0.14988,2.50592
OG0003552,Laeq,0.1583,0.20052,0.78945
OG0003552,Lgib,0.17257,0.18762,0.91983
OG0003552,Wa,0.20354,0.23251,0.87539
OG0003552,Wo,0.24018,0.2585,0.92914
OG0003552,Sp,0.01083,0.03226,0.33574
OG0003554,La,0.06008,0.08916,0.67381
OG0003554,Laeq,0.11875,0.16202,0.7329
OG0003554,Lgib,0.08021,0.12174,0.65887
OG0003554,Wa,0.53334,0.19801,2.69344
OG0003554,Wo,2.02406,0.2347,8.62416
OG0003554,Sp,0.05635,0.05134,1.0977
OG0003566,La,0.33555,0.14226,2.35864
OG0003566,Laeq,0.14843,0.31099,0.47729
OG0003566,Lgib,0.13236,0.22433,0.59002
OG0003566,Wa,0.17922,0.29145,0.61492
OG0003566,Wo,0.17481,0.33195,0.52662
OG0003566,Sp,0.0237,0.0515,0.4601
OG0003577,La,0.03351,0.12477,0.26859
OG0003577,Laeq,3.52527,0.25367,13.89692
OG0003577,Lgib,3.4998,0.19042,18.37958
OG0003577,Wa,9.12676,0.25132,36.31594
OG0003577,Wo,7.05614,0.25613,27.54907
OG0003577,Sp,0.00645,0.06289,0.10249
OG0003588,La,1.79076,0.19934,8.98358
OG0003588,Laeq,3.03948,0.20926,14.52495
OG0003588,Lgib,2.61375,0.19747,13.23599
OG0003588,Wa,1.66854,0.23422,7.12375
OG0003588,Wo,1.68969,0.25112,6.72852
OG0003588,Sp,3.3567,0.03411,98.4061
OG0003596,La,0.07461,0.12929,0.57706
OG0003596,Laeq,0.12776,0.16126,0.79229
OG0003596,Lgib,0.10611,0.15203,0.69795
OG0003596,Wa,0.20289,0.24059,0.84331
OG0003596,Wo,0.31499,0.27452,1.14745
OG0003596,Sp,0.13797,0.05399,2.55569
OG0003597,La,0.00976,0.09228,0.10576
OG0003597,Laeq,0.03219,0.19065,0.16884
OG0003597,Lgib,0.01693,0.12462,0.13589
OG0003597,Sp,0.01991,0.08042,0.24755
OG0003597,Wa,0.02228,0.13747,0.16209
OG0003597,Wo,0.04326,0.14206,0.30453
OG0003625,La,0.46549,0.21794,2.13586
OG0003625,Laeq,0.14606,0.42363,0.34478
OG0003625,Lgib,0.40558,0.46354,0.87497
OG0003625,Sp,0.11952,0.30196,0.3958
OG0003625,Wa,0.0438,0.0363,1.20656
OG0003625,Wo,0.10574,0.1611,0.65637
OG0003631,La,1.10511,0.09195,12.01879
OG0003631,Laeq,3.64003,0.17454,20.85551
OG0003631,Lgib,0.08391,0.11877,0.70644
OG0003631,Wa,3.83015,0.13901,27.55205
OG0003631,Wo,0.11385,0.17347,0.65633
OG0003631,Sp,0.026,0.08266,0.31459
OG0003634,La,0.09704,0.11777,0.82394
OG0003634,Wa,5.44874,0.16396,33.23181
OG0003634,Wo,6.73663,0.2137,31.52364
OG0003634,Laeq,0.17285,0.19482,0.88723
OG0003634,Lgib,0.12164,0.18578,0.65473
OG0003634,Sp,0.03193,0.04718,0.67677
OG0003652,La,0.05207,0.12962,0.40171
OG0003652,Wa,0.08301,0.20003,0.41499
OG0003652,Wo,0.12625,0.19633,0.64303
OG0003652,Laeq,0.09186,0.18849,0.48734
OG0003652,Lgib,0.09914,0.17092,0.58003
OG0003652,Sp,0.01713,0.04099,0.4178
OG0003662,La,9.82165,0.17715,55.44184
OG0003662,Wa,9.89893,0.22384,44.22398
OG0003662,Wo,19.02781,0.36657,51.90809
OG0003662,Lgib,9.71175,0.19578,49.60662
OG0003662,Sp,8.70934,0.04393,198.24759
OG0003667,La,0.07785,0.07254,1.07326
OG0003667,Wa,0.0641,0.15945,0.40202
OG0003667,Wo,0.0611,0.20256,0.30164
OG0003667,Laeq,0.05545,0.23705,0.23393
OG0003667,Lgib,0.05227,0.10376,0.50376
OG0003667,Sp,0.03504,0.05505,0.63659
OG0003688,La,1.14696,0.1038,11.04982
OG0003688,Lgib,13.34463,0.13178,101.26514
OG0003688,Laeq,0.14767,0.13735,1.07516
OG0003688,Sp,0.05717,0.04362,1.31077
OG0003688,Wa,0.0944,0.11921,0.79187
OG0003688,Wo,0.10055,0.171,0.588
OG0003699,La,0.11904,0.26399,0.45092
OG0003699,Lgib,0.1424,0.2121,0.67139
OG0003699,Wa,0.27935,0.15978,1.7484
OG0003699,Wo,0.37551,0.21445,1.75105
OG0003699,Sp,0.04842,0.04941,0.98009
OG0003710,La,0.41335,0.08998,4.59371
OG0003710,Laeq,0.2119,0.17842,1.18765
OG0003710,Lgib,0.19084,0.14751,1.29374
OG0003710,Wa,0.37381,0.19662,1.90121
OG0003710,Wo,0.24106,0.2266,1.06381
OG0003710,Sp,0.04571,0.0531,0.86086
OG0003712,La,0.14314,0.12016,1.19121
OG0003712,Wa,0.22897,0.21002,1.09021
OG0003712,Wo,0.2279,0.19942,1.1428
OG0003712,Laeq,0.16983,0.22893,0.74183
OG0003712,Lgib,0.1196,0.13395,0.89284
OG0003712,Sp,0.02143,0.0292,0.73398
OG0003717,La,14.08833,0.1835,76.77447
OG0003717,Wa,10.10195,0.24486,41.25621
OG0003717,Wo,10.09176,0.36745,27.46401
OG0003717,Laeq,6.12617,0.28207,21.71875
OG0003717,Lgib,6.1104,0.22075,27.68068
OG0003717,Sp,0.02274,0.0104,2.18595
OG0003719,La,3.02478,0.09677,31.25645
OG0003719,Laeq,3.38236,0.15326,22.06951
OG0003719,Lgib,3.33967,0.12126,27.54133
OG0003719,Wa,3.42839,0.15838,21.64672
OG0003719,Wo,3.44939,0.20071,17.18558
OG0003719,Sp,0.01714,0.03891,0.4406
OG0003720,La,4.33164,0.15219,28.46146
OG0003720,Laeq,4.34145,0.26902,16.13821
OG0003720,Lgib,4.32885,0.17493,24.74568
OG0003720,Wa,0.17188,0.18634,0.92242
OG0003720,Wo,0.20638,0.25313,0.81532
OG0003720,Sp,0.13993,0.04038,3.46496
OG0003727,La,0.01561,0.06004,0.25999
OG0003727,Laeq,0.02711,0.13951,0.19434
OG0003727,Lgib,0.02439,0.13584,0.17954
OG0003727,Sp,0.01828,0.06888,0.26545
OG0003727,Wa,0.02406,0.14847,0.16203
OG0003727,Wo,0.07828,0.15824,0.49466
OG0003785,La,0.07273,0.17239,0.42185
OG0003785,Laeq,0.07909,0.23133,0.34187
OG0003785,Lgib,0.07633,0.21618,0.35306
OG0003785,Wa,2.13065,0.15861,13.43354
OG0003785,Wo,0.04826,0.22672,0.21286
OG0003785,Sp,0.03964,0.03377,1.1737
OG0003816,La,0.07082,0.09938,0.7127
OG0003816,Laeq,0.37452,0.24355,1.53774
OG0003816,Lgib,0.11845,0.13894,0.85258
OG0003816,Wa,0.07492,0.13053,0.57397
OG0003816,Wo,0.09261,0.16486,0.56173
OG0003816,Sp,0.05816,0.0875,0.66471
OG0003835,La,0.06231,0.13112,0.47523
OG0003835,Laeq,0.11666,0.17918,0.65106
OG0003835,Lgib,0.07656,0.14867,0.51493
OG0003835,Wa,3.1432,0.15191,20.69146
OG0003835,Wo,0.18337,0.17677,1.0373
OG0003835,Sp,0.0221,0.04861,0.45464
OG0003841,La,0.72672,0.17815,4.07928
OG0003841,Laeq,0.67032,0.31753,2.11102
OG0003841,Lgib,0.65835,0.26065,2.52581
OG0003841,Wa,8.26152,0.32423,25.48009
OG0003841,Wo,12.16909,0.3916,31.07543
OG0003841,Sp,0.89971,0.0392,22.95061
OG0003847,La,0.03371,0.12663,0.26619
OG0003847,Wa,0.21012,0.21565,0.97433
OG0003847,Wo,0.3135,0.23206,1.35095
OG0003847,Laeq,0.05185,0.34062,0.15221
OG0003847,Lgib,0.04676,0.25473,0.18356
OG0003847,Sp,0.14941,0.04324,3.455
OG0003862,La,0.0809,0.24709,0.3274
OG0003862,Laeq,0.08931,0.37888,0.23573
OG0003862,Lgib,0.05227,0.27582,0.18952
OG0003862,Wa,0.05279,0.19063,0.27692
OG0003862,Wo,0.06368,0.21728,0.29307
OG0003862,Sp,0.02686,0.01832,1.46586
OG0003866,La,0.13961,0.19993,0.69829
OG0003866,Laeq,4.6549,0.30692,15.1665
OG0003866,Lgib,0.11888,0.2266,0.52465
OG0003866,Wa,2.89643,0.22255,13.01477
OG0003866,Wo,2.87515,0.27288,10.53623
OG0003866,Sp,5.00124,0.0468,106.85601
OG0003872,La,0.16574,0.20049,0.82664
OG0003872,Lgib,0.17019,0.28568,0.59574
OG0003872,Wa,0.17863,0.35529,0.50278
OG0003872,Sp,0.15821,0.21511,0.73551
OG0003872,Laeq,0.067,0.2586,0.25908
OG0003887,La,0.04295,0.13174,0.32602
OG0003887,Wa,0.06613,0.20142,0.32833
OG0003887,Wo,0.24245,0.25326,0.95731
OG0003887,Laeq,0.04924,0.18839,0.26136
OG0003887,Lgib,0.04183,0.09189,0.4552
OG0003917,La,0.046,0.12385,0.37143
OG0003917,Laeq,0.10588,0.2088,0.50709
OG0003917,Lgib,0.06644,0.16341,0.40658
OG0003917,Wa,0.09888,0.24568,0.40248
OG0003917,Wo,0.11263,0.32843,0.34295
OG0003917,Sp,126.71139,0.04368,2901.12686
OG0003929,La,0.0,0.07551,0.0
OG0003929,Laeq,0.0,0.21097,0.0
OG0003929,Lgib,0.00218,0.10523,0.02074
OG0003929,Wa,0.0,0.12493,0.0
OG0003929,Wo,0.0,0.13415,0.0
OG0003929,Sp,0.0,0.05209,0.0
OG0003938,La,0.08436,0.16347,0.51605
OG0003938,Wa,40.23348,0.21997,182.90837
OG0003938,Wo,2.34946,0.2934,8.00777
OG0003938,Laeq,0.12359,0.24312,0.50836
OG0003938,Lgib,0.1264,0.15671,0.80663
OG0003938,Sp,0.0183,0.06234,0.2935
OG0003940,La,0.08238,0.14919,0.55221
OG0003940,Laeq,0.09143,0.20661,0.44253
OG0003940,Lgib,0.0952,0.18678,0.50972
OG0003940,Wa,0.23336,0.19508,1.19625
OG0003940,Wo,0.47558,0.27213,1.74761
OG0003940,Sp,0.01609,0.0357,0.45071
OG0003943,La,0.05375,0.12541,0.42858
OG0003943,Laeq,0.11252,0.1608,0.69974
OG0003943,Lgib,0.08987,0.15135,0.59375
OG0003943,Wa,0.07886,0.18118,0.43526
OG0003943,Wo,0.08716,0.19474,0.44757
OG0003943,Sp,0.01845,0.02709,0.68104
OG0003961,La,0.44496,0.15219,2.92365
OG0003961,Laeq,0.66637,0.1927,3.4581
OG0003961,Lgib,0.55193,0.16737,3.29761
OG0003961,Wa,6.63353,0.19307,34.3588
OG0003961,Wo,7.75837,0.24356,31.85392
OG0003961,Sp,0.13772,0.03378,4.07729
OG0003975,La,0.01913,0.11675,0.16382
OG0003975,Laeq,0.05074,0.25135,0.20188
OG0003975,Lgib,0.02741,0.16735,0.16381
OG0003975,Sp,16.11194,0.1127,142.96561
OG0003975,Wa,2.56704,0.11499,22.32432
OG0003975,Wo,3.65225,0.14078,25.94235
OG0003983,La,0.09814,0.08922,1.09994
OG0003983,Laeq,0.81931,0.18929,4.32839
OG0003983,Lgib,14.61512,0.12976,112.62761
OG0003983,Wa,0.20915,0.17451,1.19847
OG0003983,Wo,0.55528,0.20322,2.73235
OG0003983,Sp,0.05225,0.04687,1.11461
OG0003987,La,0.03721,0.08771,0.42423
OG0003987,Laeq,0.85799,0.19432,4.41529
OG0003987,Lgib,0.01857,0.12023,0.15449
OG0003987,Sp,0.00953,0.10486,0.09087
OG0003987,Wa,0.01559,0.13805,0.11295
OG0003987,Wo,0.01721,0.15558,0.11064
OG0004001,La,0.10806,0.08978,1.20353
OG0004001,Laeq,18.95193,0.18716,101.26269
OG0004001,Lgib,18.92327,0.15952,118.62979
OG0004001,Wa,78.49301,0.21855,359.1608
OG0004001,Wo,35.72462,0.30482,117.19965
OG0004001,Sp,0.04569,0.05229,0.87378
OG0004013,La,0.07902,0.06633,1.1914
OG0004013,Laeq,0.22418,0.24351,0.9206
OG0004013,Lgib,0.23291,0.19146,1.21651
OG0004013,Sp,0.12026,0.03621,3.32176
OG0004013,Wa,0.18357,0.22552,0.81398
OG0004013,Wo,0.27202,0.39548,0.68784
OG0004015,La,0.03554,0.09591,0.37057
OG0004015,Laeq,0.29434,0.17444,1.68737
OG0004015,Lgib,0.05413,0.15923,0.33994
OG0004015,Wa,0.04041,0.15208,0.26569
OG0004015,Wo,0.06442,0.16126,0.39947
OG0004015,Sp,12.39415,0.042,295.07554
OG0004025,La,2.03295,0.12272,16.56618
OG0004025,Laeq,0.28679,0.21475,1.33545
OG0004025,Lgib,0.12083,0.18412,0.65626
OG0004025,Wa,0.11495,0.18796,0.61158
OG0004025,Wo,0.61354,0.22799,2.69111
OG0004025,Sp,0.01155,0.03212,0.35949
OG0004027,La,0.0138,0.11198,0.12325
OG0004027,Laeq,0.03556,0.26895,0.13221
OG0004027,Lgib,0.03316,0.17028,0.19473
OG0004027,Wa,0.02689,0.23303,0.1154
OG0004027,Wo,0.09558,0.28894,0.33078
OG0004027,Sp,0.00535,0.05949,0.08996
OG0004034,La,0.0394,0.13762,0.2863
OG0004034,Laeq,0.2163,0.29519,0.73276
OG0004034,Lgib,0.21491,0.27071,0.79387
OG0004034,Wa,0.05578,0.22218,0.25105
OG0004034,Wo,0.0677,0.22151,0.30562
OG0004034,Sp,1.01795,0.03787,26.87801
OG0004037,La,2.88469,0.13198,21.85653
OG0004037,Laeq,0.13597,0.18777,0.7241
OG0004037,Lgib,0.11098,0.15179,0.73116
OG0004037,Wa,0.22457,0.18483,1.21502
OG0004037,Wo,0.24003,0.19461,1.23338
OG0004037,Sp,0.69475,0.03278,21.19487
OG0004057,La,0.28799,0.12611,2.2837
OG0004057,Laeq,4.18178,0.23395,17.8747
OG0004057,Lgib,3.1357,0.18367,17.07222
OG0004057,Wa,0.15446,0.20685,0.74669
OG0004057,Wo,0.20438,0.183,1.11685
OG0004057,Sp,0.74794,0.03371,22.1854
OG0004063,La,0.06862,0.13702,0.50078
OG0004063,Lgib,17.74987,0.23263,76.30144
OG0004063,Wa,7.56609,0.29809,25.38147
OG0004063,Wo,0.44097,0.42005,1.04981
OG0004063,Sp,0.0455,0.12619,0.36055
OG0004063,Laeq,0.0402,0.03832,1.04889
OG0004069,La,3.45368,0.12736,27.11745
OG0004069,Laeq,4.64471,0.19039,24.3959
OG0004069,Lgib,6.04761,0.13225,45.72827
OG0004069,Wa,3.70408,0.18896,19.60266
OG0004069,Wo,3.49331,0.19692,17.73947
OG0004069,Sp,0.03864,0.02525,1.53048
OG0004081,La,0.03236,0.11152,0.29015
OG0004081,Wa,0.08225,0.16162,0.50892
OG0004081,Wo,0.06134,0.18188,0.33725
OG0004081,Laeq,0.05072,0.18693,0.27134
OG0004081,Lgib,0.02923,0.13361,0.21876
OG0004081,Sp,0.00526,0.07593,0.06926
OG0004087,La,4.1517,0.09644,43.05138
OG0004087,Laeq,2.70451,0.25239,10.71551
OG0004087,Lgib,0.06105,0.18033,0.33855
OG0004087,Wa,0.10488,0.17034,0.61569
OG0004087,Wo,0.12277,0.19534,0.62846
OG0004087,Sp,0.01156,0.04746,0.24368
OG0004089,La,0.05197,0.14877,0.34934
OG0004089,Laeq,0.07472,0.27665,0.2701
OG0004089,Lgib,0.04875,0.2102,0.23194
OG0004089,Wa,0.12394,0.22776,0.54414
OG0004089,Wo,1.07962,0.28322,3.81196
OG0004089,Sp,4.26821,0.06079,70.21628
OG0004090,La,0.07342,0.1207,0.60832
OG0004090,Laeq,0.16234,0.19028,0.85316
OG0004090,Lgib,0.04834,0.17577,0.27501
OG0004090,Wa,0.08159,0.16106,0.50659
OG0004090,Wo,0.08293,0.17656,0.4697
OG0004090,Sp,0.03653,0.05252,0.6955
OG0004118,La,11.08762,0.15446,71.7848
OG0004118,Laeq,8.90763,0.26495,33.62061
OG0004118,Lgib,9.81042,0.23889,41.0662
OG0004118,Wa,8.82475,0.21835,40.41512
OG0004118,Wo,9.51412,0.21579,44.09017
OG0004118,Sp,8.36483,0.03687,226.84388
OG0004139,La,0.0877,0.15149,0.5789
OG0004139,Wa,0.12741,0.20182,0.63129
OG0004139,Wo,0.16192,0.24087,0.67226
OG0004139,Laeq,0.12287,0.19034,0.64553
OG0004139,Lgib,0.08845,0.16224,0.54516
OG0004139,Sp,0.02328,0.02386,0.97566
OG0004142,La,5.64811,0.14566,38.77616
OG0004142,Wa,0.12288,0.19119,0.6427
OG0004142,Wo,0.21068,0.23926,0.88056
OG0004142,Laeq,0.25467,0.20191,1.26132
OG0004142,Lgib,0.23057,0.14688,1.56976
OG0004142,Sp,2.84524,0.04139,68.75003
OG0004153,La,0.08146,0.16716,0.48733
OG0004153,Wa,0.15849,0.17446,0.90847
OG0004153,Wo,0.13294,0.22181,0.59933
OG0004153,Laeq,0.05152,0.16293,0.31622
OG0004153,Lgib,0.03602,0.12784,0.28177
OG0004153,Sp,0.15516,0.01344,11.54392
OG0004155,La,0.07169,0.12015,0.59671
OG0004155,Laeq,0.11801,0.24056,0.49054
OG0004155,Lgib,0.22195,0.1768,1.25535
OG0004155,Wa,5.57638,0.19859,28.08043
OG0004155,Wo,5.60724,0.26335,21.29161
OG0004155,Sp,0.035,0.04125,0.84837
OG0004164,La,0.03213,0.12301,0.26122
OG0004164,Laeq,0.05375,0.19826,0.2711
OG0004164,Lgib,0.03798,0.17875,0.21247
OG0004164,Wa,0.06393,0.18437,0.34677
OG0004164,Wo,0.18396,0.21478,0.85652
OG0004164,Sp,0.01877,0.01434,1.30929
OG0004165,La,0.1431,0.10767,1.329
OG0004165,Wa,4.65574,0.17478,26.63837
OG0004165,Wo,0.32711,0.17504,1.86881
OG0004165,Laeq,0.31378,0.14738,2.12909
OG0004165,Lgib,0.17995,0.11585,1.55331
OG0004165,Sp,0.03592,0.04155,0.86459
OG0004181,La,9.45992,0.15309,61.79153
OG0004181,Laeq,0.46008,0.26836,1.71443
OG0004181,Lgib,4.83159,0.23255,20.77661
OG0004181,Wa,0.44953,0.21539,2.08702
OG0004181,Wo,0.23395,0.29876,0.78308
OG0004181,Sp,0.05936,0.05118,1.15988
OG0004182,La,17.46352,0.11981,145.76259
OG0004182,Wa,17.5063,0.3317,52.7774
OG0004182,Wo,17.62536,0.25948,67.92514
OG0004182,Laeq,0.27995,0.28009,0.99953
OG0004182,Lgib,0.25488,0.22887,1.11368
OG0004182,Sp,0.02058,0.04942,0.41639
OG0004186,La,4.89773,0.10769,45.48181
OG0004186,Laeq,4.84695,0.18433,26.29461
OG0004186,Lgib,4.76685,0.12238,38.95194
OG0004186,Wa,7.88743,0.15733,50.13229
OG0004186,Wo,5.25613,0.1912,27.48956
OG0004186,Sp,0.03475,0.02283,1.52241
OG0004195,La,0.05574,0.17141,0.32516
OG0004195,Laeq,9.99676,0.28285,35.34275
OG0004195,Lgib,10.0086,0.28461,35.16574
OG0004195,Wa,10.02909,0.29638,33.83832
OG0004195,Sp,0.05853,0.02782,2.10392
OG0004214,La,6.83638,0.3074,22.23957
OG0004214,Laeq,0.19494,0.35373,0.5511
OG0004214,Lgib,0.1455,0.2765,0.52625
OG0004214,Wa,0.09825,0.21591,0.45505
OG0004214,Wo,0.11522,0.24886,0.46299
OG0004214,Sp,0.06738,0.03405,1.97892
OG0004215,La,0.04122,0.10735,0.384
OG0004215,Laeq,0.0512,0.22658,0.22597
OG0004215,Lgib,0.04264,0.21391,0.19932
OG0004215,Wa,0.0758,0.21485,0.35283
OG0004215,Wo,0.07402,0.28493,0.25978
OG0004215,Sp,12.73969,0.04956,257.06066
OG0004221,La,0.87908,0.24476,3.5916
OG0004221,Laeq,0.31984,0.36597,0.87395
OG0004221,Lgib,0.28567,0.3396,0.84119
OG0004221,Wa,0.71473,0.33247,2.14976
OG0004221,Wo,0.86697,0.32785,2.64444
OG0004221,Sp,0.09763,0.02374,4.11277
OG0004228,La,0.06208,0.14481,0.42871
OG0004228,Laeq,0.23411,0.17848,1.31171
OG0004228,Lgib,3.70743,0.13573,27.31423
OG0004228,Wa,0.0768,0.17228,0.44581
OG0004228,Wo,0.1321,0.17264,0.76513
OG0004228,Sp,0.04003,0.03758,1.06515
OG0004230,La,0.04968,0.11343,0.43794
OG0004230,Laeq,0.0777,0.21727,0.35763
OG0004230,Lgib,0.06129,0.14567,0.42075
OG0004230,Wa,1.38653,0.16482,8.41256
OG0004230,Wo,0.11359,0.18947,0.59954
OG0004230,Sp,0.02908,0.09421,0.30864
OG0004238,La,2.79661,0.10113,27.65478
OG0004238,Wa,0.05455,0.14274,0.38219
OG0004238,Wo,0.09218,0.18195,0.50664
OG0004238,Laeq,0.04961,0.12831,0.38668
OG0004238,Lgib,0.03969,0.12263,0.32365
OG0004238,Sp,0.0156,0.05151,0.3028
OG0004240,La,0.12282,0.08017,1.53194
OG0004240,Laeq,11.31578,0.14446,78.32905
OG0004240,Lgib,2.82509,0.10635,26.5642
OG0004240,Wa,8.78769,0.16186,54.29233
OG0004240,Wo,0.53569,0.25014,2.14156
OG0004240,Sp,0.05337,0.04465,1.19534
OG0004247,La,0.10062,0.18648,0.53959
OG0004247,Laeq,2.20193,0.36787,5.98557
OG0004247,Lgib,0.13434,0.27053,0.49659
OG0004247,Wa,0.1567,0.31529,0.49699
OG0004247,Wo,0.16599,0.35946,0.46179
OG0004247,Sp,0.15194,0.15785,0.9626
OG0004250,La,4.40909,0.1063,41.47772
OG0004250,Laeq,0.13308,0.17688,0.75235
OG0004250,Lgib,0.11758,0.14545,0.80839
OG0004250,Wa,0.39501,0.16838,2.34587
OG0004250,Wo,0.4677,0.19915,2.34843
OG0004250,Sp,0.04905,0.05135,0.95532
OG0004255,La,0.18916,0.16059,1.1779
OG0004255,Wa,0.26654,0.28256,0.94329
OG0004255,Wo,0.40977,0.32486,1.26138
OG0004255,Laeq,0.2446,0.26201,0.93354
OG0004255,Lgib,0.20663,0.21302,0.96999
OG0004255,Sp,0.01697,0.08763,0.19371
OG0004260,La,0.09218,0.11324,0.81401
OG0004260,Laeq,0.11127,0.19459,0.5718
OG0004260,Lgib,0.13314,0.15257,0.87264
OG0004260,Wa,8.39182,0.22406,37.45365
OG0004260,Wo,0.22241,0.22614,0.98351
OG0004260,Sp,0.04909,0.04591,1.06927
OG0004261,La,0.57672,0.1195,4.82592
OG0004261,Wa,0.42198,0.16218,2.60201
OG0004261,Wo,0.46752,0.2066,2.26291
OG0004261,Laeq,0.39982,0.20945,1.9089
OG0004261,Lgib,0.34211,0.09906,3.45346
OG0004261,Sp,0.07697,0.09925,0.77554
OG0004269,La,0.04886,0.12746,0.38333
OG0004269,Laeq,0.0725,0.22354,0.32432
OG0004269,Lgib,0.04889,0.14338,0.341
OG0004269,Wa,0.06646,0.22506,0.29529
OG0004269,Wo,0.08527,0.22114,0.38561
OG0004269,Sp,0.41768,0.01588,26.30093
OG0004272,La,0.05754,0.18777,0.30643
OG0004272,Wa,0.09148,0.17991,0.50848
OG0004272,Wo,0.09386,0.23366,0.40168
OG0004272,Laeq,0.08106,0.19825,0.40891
OG0004272,Lgib,0.05739,0.14621,0.39255
OG0004272,Sp,0.01595,0.01663,0.95918
OG0004273,La,0.60268,0.12993,4.63868
OG0004273,Laeq,0.28025,0.21374,1.31116
OG0004273,Lgib,0.27464,0.20497,1.33988
OG0004273,Wa,0.26413,0.25218,1.04741
OG0004273,Wo,0.27115,0.36726,0.73831
OG0004273,Sp,0.04014,0.02551,1.57366
OG0004278,La,4.64497,0.11675,39.78624
OG0004278,Laeq,0.11739,0.25982,0.45183
OG0004278,Lgib,0.09602,0.19607,0.48973
OG0004278,Wa,0.15316,0.1797,0.85229
OG0004278,Wo,0.16809,0.21888,0.76794
OG0004278,Sp,4.58969,0.03396,135.15151
OG0004280,La,0.05357,0.08999,0.59532
OG0004280,Laeq,0.18528,0.38742,0.47823
OG0004280,Lgib,0.08187,0.19227,0.4258
OG0004280,Wa,0.20932,0.23994,0.87242
OG0004280,Sp,0.04526,0.04481,1.00995
OG0004282,La,0.05612,0.09496,0.59099
OG0004282,Laeq,0.11977,0.13311,0.89978
OG0004282,Lgib,0.26952,0.09272,2.90692
OG0004282,Sp,0.10253,0.13858,0.73981
OG0004282,Wa,0.34928,0.10744,3.25084
OG0004282,Wo,1.07502,0.16003,6.71778
OG0004285,La,0.2076,0.04691,4.4258
OG0004285,Laeq,0.40074,0.14421,2.77889
OG0004285,Lgib,0.16551,0.12694,1.30385
OG0004285,Wa,3.33668,0.14657,22.76572
OG0004285,Wo,0.27713,0.18901,1.46622
OG0004285,Sp,0.08001,0.05365,1.49132
OG0004286,La,0.14792,0.12432,1.18982
OG0004286,Laeq,0.35812,0.22515,1.59058
OG0004286,Lgib,0.24078,0.18077,1.33197
OG0004286,Wa,0.09155,0.18892,0.48461
OG0004286,Wo,0.16993,0.22447,0.75703
OG0004286,Sp,0.18299,0.0541,3.38261
OG0004301,La,51.26009,0.07278,704.26799
OG0004301,Laeq,50.36595,0.40955,122.97937
OG0004301,Lgib,57.41164,0.14095,407.3076
OG0004301,Wa,0.73636,0.28658,2.56943
OG0004301,Wo,21.07737,0.24705,85.31758
OG0004301,Sp,17.30011,0.09666,178.97961
OG0004328,La,0.1735,0.15445,1.12334
OG0004328,Laeq,0.2582,0.28802,0.89648
OG0004328,Lgib,0.22031,0.21748,1.013
OG0004328,Wa,0.32598,0.21128,1.54288
OG0004328,Wo,0.40481,0.24264,1.66836
OG0004328,Sp,0.04389,0.07865,0.558
OG0004337,La,5.47412,0.09908,55.24954
OG0004337,Laeq,0.27933,0.21021,1.32883
OG0004337,Lgib,0.21976,0.1729,1.27102
OG0004337,Wa,3.63633,0.20526,17.71552
OG0004337,Wo,13.62112,0.21234,64.14797
OG0004337,Sp,0.03247,0.04309,0.75347
OG0004343,La,0.03861,0.15376,0.25108
OG0004343,Laeq,0.07667,0.28495,0.26908
OG0004343,Lgib,0.06879,0.24902,0.27624
OG0004343,Wa,0.06307,0.21915,0.28781
OG0004343,Wo,0.07118,0.2574,0.27654
OG0004343,Sp,0.02239,0.03929,0.5699
OG0004345,La,2332.60315,0.16918,13787.94701
OG0004345,Lgib,2384.60025,0.20941,11387.48374
OG0004345,Wa,2365.7492,0.19485,12141.5796
OG0004345,Wo,2361.61202,0.24067,9812.60945
OG0004345,Sp,0.05315,0.06372,0.83412
OG0004346,La,0.09381,0.12214,0.76801
OG0004346,Laeq,0.23755,0.22729,1.04514
OG0004346,Lgib,0.14801,0.14975,0.98838
OG0004346,Wa,0.32319,0.15052,2.14711
OG0004346,Wo,0.36488,0.20783,1.75568
OG0004346,Sp,0.0551,0.04883,1.12826
OG0004352,La,0.0758,0.13403,0.56554
OG0004352,Lgib,0.09753,0.21378,0.45622
OG0004352,Wa,0.12238,0.21734,0.56309
OG0004352,Wo,0.1336,0.25021,0.53393
OG0004352,Sp,0.66943,0.04027,16.62448
OG0004354,La,0.12541,0.09887,1.26844
OG0004354,Laeq,0.59678,0.22513,2.65083
OG0004354,Lgib,0.51303,0.17827,2.87786
OG0004354,Wa,4.48931,0.24435,18.37213
OG0004354,Wo,4.82005,0.43445,11.09472
OG0004354,Sp,0.06492,0.02574,2.5216
OG0004362,La,0.47536,0.18496,2.57003
OG0004362,Lgib,0.20007,0.20299,0.98564
OG0004362,Wa,6.65122,0.29956,22.20358
OG0004362,Wo,6.6441,0.27831,23.87329
OG0004362,Sp,0.22848,0.0339,6.74074
OG0004380,La,2.15276,0.14447,14.90064
OG0004380,Laeq,7.70439,0.2325,33.13715
OG0004380,Lgib,2.2337,0.18793,11.88603
OG0004380,Wa,2.1973,0.20696,10.61726
OG0004380,Wo,2.25552,0.26005,8.67325
OG0004380,Sp,1.70151,0.02677,63.57135
OG0004383,La,0.1042,0.13703,0.76042
OG0004383,Laeq,7.45704,0.25487,29.25801
OG0004383,Lgib,1.12107,0.18845,5.94898
OG0004383,Wa,0.15034,0.2706,0.55558
OG0004383,Wo,0.21371,0.26768,0.7984
OG0004383,Sp,0.03248,0.02405,1.3507
OG0004402,La,0.07233,0.13574,0.53286
OG0004402,Laeq,0.16173,0.21317,0.7587
OG0004402,Lgib,0.13055,0.18108,0.72095
OG0004402,Wa,0.12224,0.18537,0.65946
OG0004402,Wo,0.1553,0.20187,0.7693
OG0004402,Sp,0.72452,0.04786,15.13932
OG0004405,La,0.07414,0.11542,0.64233
OG0004405,Laeq,0.15339,0.1718,0.89282
OG0004405,Lgib,0.09801,0.1254,0.78154
OG0004405,Wa,0.15377,0.18487,0.83178
OG0004405,Wo,0.19637,0.19282,1.01839
OG0004405,Sp,0.06058,0.01791,3.38318
OG0004406,La,0.08206,0.10838,0.75715
OG0004406,Laeq,0.11789,0.16565,0.71165
OG0004406,Lgib,3.18913,0.13081,24.38027
OG0004406,Wa,0.2445,0.18663,1.31007
OG0004406,Wo,0.15315,0.19538,0.78382
OG0004406,Sp,0.0353,0.04293,0.82226
OG0004411,La,0.0832,0.11558,0.71985
OG0004411,Wa,0.8365,0.15891,5.26412
OG0004411,Wo,0.90881,0.22648,4.01269
OG0004411,Laeq,0.10734,0.19774,0.54282
OG0004411,Lgib,0.07031,0.13718,0.51251
OG0004411,Sp,0.1013,0.05761,1.7584
OG0004415,La,37.85874,0.11011,343.82059
OG0004415,Laeq,37.9221,0.24186,156.79306
OG0004415,Lgib,37.8839,0.18621,203.44566
OG0004415,Wa,0.80724,0.20661,3.90714
OG0004415,Wo,0.84643,0.28997,2.91905
OG0004415,Sp,20.63174,0.0361,571.5198
OG0004419,Laeq,0.29571,0.15862,1.86428
OG0004419,Lgib,2.12422,0.11853,17.92113
OG0004419,Wa,0.31268,0.23547,1.32792
OG0004419,Wo,0.3191,0.25213,1.26559
OG0004419,Sp,47.05917,0.07343,640.89483
OG0004421,La,0.7015,0.1304,5.37962
OG0004421,Laeq,0.14194,0.33366,0.42539
OG0004421,Lgib,0.31023,0.21386,1.4506
OG0004421,Wa,0.17953,0.21265,0.84427
OG0004421,Wo,0.18498,0.27649,0.66901
OG0004421,Sp,0.04503,0.05212,0.86408
OG0004423,La,2.57417,0.11604,22.18288
OG0004423,Laeq,0.18604,0.215,0.86527
OG0004423,Lgib,0.12171,0.16979,0.71688
OG0004423,Wa,0.54571,0.36228,1.50633
OG0004423,Wo,3.72896,0.45258,8.23941
OG0004423,Sp,0.03045,0.01717,1.7736
OG0004436,La,2.33486,0.29028,8.04357
OG0004436,Laeq,10.98023,0.42702,25.71358
OG0004436,Lgib,10.94659,0.33264,32.90865
OG0004436,Wa,1.23595,0.30751,4.01924
OG0004436,Wo,6.51532,0.40012,16.28335
OG0004436,Sp,0.03326,0.04912,0.67703
OG0004437,La,0.062,0.08802,0.7044
OG0004437,Wa,0.14008,0.16807,0.83348
OG0004437,Wo,0.14227,0.19293,0.73742
OG0004437,Laeq,0.11988,0.19144,0.62619
OG0004437,Lgib,0.06024,0.1508,0.39947
OG0004437,Sp,0.0212,0.0272,0.77921
OG0004462,La,0.03012,0.13826,0.21782
OG0004462,Laeq,0.04544,0.18704,0.24294
OG0004462,Lgib,0.04432,0.13126,0.33764
OG0004462,Wa,6.36629,0.19849,32.07397
OG0004462,Wo,6.39082,0.22588,28.293
OG0004462,Sp,0.01311,0.0298,0.43985
OG0004473,La,5.79239,0.11048,52.42803
OG0004473,Laeq,0.27911,0.21249,1.31348
OG0004473,Lgib,0.21777,0.16371,1.3302
OG0004473,Wa,0.2353,0.15939,1.47629
OG0004473,Wo,0.25128,0.17922,1.40208
OG0004473,Sp,0.04888,0.02982,1.63931
OG0004477,La,0.07491,0.11705,0.63998
OG0004477,Laeq,0.21615,0.20115,1.0746
OG0004477,Lgib,0.2033,0.14928,1.36187
OG0004477,Wa,0.08879,0.19125,0.46429
OG0004477,Wo,0.09246,0.18973,0.48732
OG0004477,Sp,0.03048,0.0926,0.3291
OG0004483,La,0.12473,0.14373,0.86777
OG0004483,Laeq,0.16684,0.24137,0.69124
OG0004483,Lgib,0.10652,0.19953,0.53385
OG0004483,Wa,2.13531,0.1767,12.08468
OG0004483,Wo,2.20954,0.1693,13.05137
OG0004483,Sp,0.04548,0.09543,0.47661
OG0004494,La,0.04376,0.09655,0.45324
OG0004494,Laeq,1.80381,0.16098,11.20516
OG0004494,Lgib,2.94652,0.12197,24.15778
OG0004494,Wa,0.0955,0.17951,0.53198
OG0004494,Wo,0.1133,0.19668,0.57609
OG0004494,Sp,0.02988,0.03514,0.85045
OG0004501,La,0.19503,0.14679,1.32867
OG0004501,Laeq,5.01249,0.31367,15.97993
OG0004501,Lgib,4.83189,0.23718,20.37223
OG0004501,Wa,0.2175,0.26234,0.82907
OG0004501,Wo,0.26847,0.28393,0.94553
OG0004501,Sp,0.03178,0.03296,0.96423
OG0004505,La,9.58181,0.18385,52.11827
OG0004505,Laeq,16.97372,0.38076,44.57895
OG0004505,Lgib,16.99132,0.3154,53.87197
OG0004505,Wa,24.99272,0.32592,76.68319
OG0004505,Wo,25.00834,0.3467,72.13285
OG0004505,Sp,0.08418,0.05778,1.45689
OG0004511,La,3.15677,0.17965,17.5717
OG0004511,Laeq,1.04452,0.29948,3.48773
OG0004511,Lgib,4.16839,0.24531,16.9922
OG0004511,Wa,2.74572,0.27692,9.91505
OG0004511,Wo,0.66934,0.32438,2.06342
OG0004511,Sp,0.56899,0.01966,28.9385
OG0004512,La,0.06903,0.18433,0.37449
OG0004512,Wa,0.20911,0.3208,0.65183
OG0004512,Wo,0.23575,0.37727,0.62488
OG0004512,Laeq,0.2094,0.23492,0.89137
OG0004512,Lgib,0.14795,0.2275,0.65032
OG0004512,Sp,1.56178,0.07696,20.29431
OG0004517,La,1.24186,0.13569,9.15242
OG0004517,Laeq,1.28422,0.18481,6.94891
OG0004517,Lgib,1.26601,0.16973,7.45897
OG0004517,Wa,1.28579,0.21993,5.84637
OG0004517,Wo,5.41306,0.28255,19.15805
OG0004517,Sp,0.02596,0.04302,0.60337
OG0004518,La,0.06686,0.08852,0.75535
OG0004518,Laeq,0.09679,0.16172,0.59851
OG0004518,Lgib,0.08079,0.13072,0.61804
OG0004518,Wa,0.33262,0.1515,2.19554
OG0004518,Wo,1.36977,0.17857,7.67063
OG0004518,Sp,0.01333,0.03699,0.36031
OG0004527,La,4.80065,0.10417,46.08573
OG0004527,Wa,12.93054,0.17556,73.65401
OG0004527,Wo,7.59735,0.21119,35.97353
OG0004527,Laeq,0.32237,0.24795,1.30014
OG0004527,Lgib,5.23105,0.1759,29.73816
OG0004527,Sp,0.20372,0.10459,1.94792
OG0004542,La,1.52097,0.14057,10.82031
OG0004542,Laeq,0.09561,0.20602,0.46407
OG0004542,Lgib,0.0749,0.20582,0.36393
OG0004542,Wa,0.09675,0.30859,0.31351
OG0004542,Wo,0.13748,0.32889,0.418
OG0004542,Sp,0.01899,0.08925,0.2128
OG0004550,La,0.47715,0.12892,3.70114
OG0004550,Wa,0.89178,0.15609,5.71338
OG0004550,Wo,12.08211,0.18742,64.46445
OG0004550,Laeq,0.18223,0.13451,1.35477
OG0004550,Lgib,3.80974,0.1151,33.09945
OG0004550,Sp,0.02395,0.04826,0.49613
OG0004601,La,0.11873,0.16374,0.72511
OG0004601,Laeq,3.20797,0.39073,8.2103
OG0004601,Lgib,2.51328,0.30441,8.25623
OG0004601,Wa,12.06786,0.34362,35.12016
OG0004601,Wo,12.12764,0.48819,24.84213
OG0004601,Sp,0.05813,0.03783,1.53674
OG0004604,La,0.04935,0.09977,0.49459
OG0004604,Laeq,0.0853,0.19776,0.43135
OG0004604,Lgib,0.07814,0.16828,0.46434
OG0004604,Wa,0.08246,0.17902,0.46062
OG0004604,Wo,0.09218,0.27765,0.33201
OG0004604,Sp,0.01514,0.04095,0.36981
OG0004612,La,0.16109,0.10334,1.55875
OG0004612,Laeq,0.23636,0.18325,1.28988
OG0004612,Lgib,0.27711,0.18387,1.50704
OG0004612,Wa,0.38841,0.17617,2.20474
OG0004612,Wo,0.47206,0.20501,2.30265
OG0004612,Sp,0.02518,0.0666,0.37803
OG0004642,La,0.06951,0.13206,0.52634
OG0004642,Laeq,0.12613,0.19313,0.6531
OG0004642,Lgib,8.81453,0.17039,51.73241
OG0004642,Wa,0.12976,0.19654,0.66022
OG0004642,Wo,0.15046,0.29971,0.50202
OG0004642,Sp,0.04398,0.03138,1.40162
OG0004660,La,0.17529,0.10025,1.74854
OG0004660,Laeq,0.84303,0.17391,4.84756
OG0004660,Lgib,0.66492,0.17682,3.76045
OG0004660,Wa,0.24524,0.26982,0.90892
OG0004660,Wo,0.24323,0.23671,1.02755
OG0004660,Sp,0.057,0.05168,1.10303
OG0004668,La,0.02793,0.13095,0.21329
OG0004668,Wa,0.05585,0.18621,0.29992
OG0004668,Wo,0.05611,0.24895,0.22538
OG0004668,Laeq,0.03962,0.23781,0.16662
OG0004668,Lgib,0.03098,0.21527,0.14393
OG0004668,Sp,0.0053,0.01768,0.29995
OG0004670,La,0.09568,0.13936,0.68659
OG0004670,Laeq,0.28311,0.28781,0.98366
OG0004670,Lgib,0.55026,0.30124,1.82667
OG0004670,Wa,0.40487,0.30595,1.32333
OG0004670,Wo,0.70203,0.37057,1.89448
OG0004670,Sp,0.40838,0.26013,1.56992
OG0004673,La,13.15627,0.13316,98.79999
OG0004673,Laeq,0.26266,0.23359,1.12445
OG0004673,Lgib,0.29629,0.2012,1.47263
OG0004673,Wa,0.30455,0.21683,1.40453
OG0004673,Wo,0.3197,0.28256,1.13145
OG0004673,Sp,0.14415,0.0331,4.35516
OG0004684,La,3.36082,0.08506,39.51175
OG0004684,Laeq,5.70229,0.23203,24.57555
OG0004684,Lgib,5.66663,0.21855,25.92837
OG0004684,Wa,4.26075,0.29334,14.5251
OG0004684,Wo,3.40999,0.37631,9.06175
OG0004684,Sp,0.03059,0.06305,0.4852
OG0004692,La,0.05632,0.17149,0.32843
OG0004692,Laeq,0.11453,0.24372,0.46992
OG0004692,Lgib,0.13256,0.26629,0.49778
OG0004692,Wa,0.15624,0.27681,0.56445
OG0004692,Wo,0.17794,0.33233,0.53543
OG0004692,Sp,2.25204,0.03627,62.09558
OG0004698,La,0.02142,0.13423,0.15961
OG0004698,Laeq,2.7381,0.20772,13.18157
OG0004698,Lgib,0.05416,0.15164,0.35715
OG0004698,Wa,0.05783,0.19144,0.30206
OG0004698,Wo,0.13553,0.21845,0.62041
OG0004698,Sp,0.01307,0.0668,0.19564
OG0004710,La,0.05068,0.09532,0.53162
OG0004710,Laeq,0.16112,0.13162,1.22414
OG0004710,Lgib,0.11876,0.12476,0.95188
OG0004710,Wa,0.20378,0.16028,1.27136
OG0004710,Sp,0.34097,0.08131,4.19374
OG0004710,Wo,59.9725,0.24143,248.40026
OG0004711,Laeq,0.08897,0.15342,0.57994
OG0004711,Lgib,0.08715,0.17496,0.49809
OG0004711,Wa,2.75334,0.17949,15.34008
OG0004711,Wo,5.89792,0.22137,26.64261
OG0004711,Sp,0.01607,0.05948,0.27017
OG0004718,La,0.25806,0.09128,2.82713
OG0004718,Laeq,0.17474,0.20826,0.83902
OG0004718,Lgib,0.07681,0.12611,0.60903
OG0004718,Sp,7.79937,0.14338,54.39707
OG0004718,Wa,5.29797,0.13613,38.91781
OG0004718,Wo,5.34113,0.12493,42.7539
OG0004734,La,0.10961,0.16372,0.66948
OG0004734,Laeq,3.0187,0.31076,9.71396
OG0004734,Lgib,0.18472,0.24689,0.74818
OG0004734,Wa,0.23716,0.31124,0.76198
OG0004734,Wo,17.40327,0.37661,46.21034
OG0004734,Sp,0.02504,0.01581,1.58345
OG0004739,La,0.02292,0.25487,0.08992
OG0004739,Laeq,0.08437,0.20115,0.41945
OG0004739,Lgib,0.13564,0.23658,0.57336
OG0004739,Wa,0.06328,0.20829,0.3038
OG0004739,Wo,0.07922,0.28693,0.27608
OG0004739,Sp,0.0044,0.0132,0.33322
OG0004754,La,0.53716,0.06832,7.86204
OG0004754,Laeq,0.1467,0.15456,0.94915
OG0004754,Lgib,0.11531,0.09273,1.24353
OG0004754,Wa,2.92233,0.13858,21.08828
OG0004754,Wo,0.21139,0.19194,1.10133
OG0004754,Sp,0.01439,0.07323,0.19649
OG0004761,La,0.05671,0.14071,0.403
OG0004761,Laeq,0.37638,0.2969,1.2677
OG0004761,Lgib,0.1029,0.19435,0.52946
OG0004761,Wa,0.13624,0.22599,0.60284
OG0004761,Wo,0.17289,0.31333,0.55177
OG0004761,Sp,0.0384,0.02719,1.41225
OG0004762,La,6.94643,0.11585,59.96237
OG0004762,Laeq,13.63399,0.27153,50.21136
OG0004762,Lgib,13.57815,0.24267,55.95352
OG0004762,Wa,17.7285,0.22048,80.40818
OG0004762,Wo,17.72303,0.26053,68.02708
OG0004762,Sp,11.72936,0.03785,309.85584
OG0004763,La,0.07236,0.14786,0.4894
OG0004763,Laeq,0.06768,0.16374,0.41334
OG0004763,Lgib,3.90727,0.14735,26.51704
OG0004763,Wa,0.7352,0.12997,5.65667
OG0004763,Wo,0.3423,0.16117,2.12388
OG0004763,Sp,0.16109,0.11123,1.44829
OG0004764,La,0.08427,0.10263,0.82107
OG0004764,Laeq,0.08747,0.18438,0.47441
OG0004764,Lgib,0.06201,0.1669,0.37152
OG0004764,Wa,0.10493,0.15541,0.6752
OG0004764,Wo,0.10033,0.16403,0.61165
OG0004764,Sp,0.03643,0.08624,0.42249
OG0004778,La,0.0318,0.09912,0.32085
OG0004778,Laeq,0.12719,0.26332,0.48304
OG0004778,Lgib,0.10395,0.2929,0.35489
OG0004778,Wa,0.05471,0.16228,0.33711
OG0004778,Sp,0.02312,0.04135,0.55899
OG0004787,La,0.05462,0.12109,0.45108
OG0004787,Laeq,0.1038,0.21274,0.48793
OG0004787,Lgib,0.10547,0.23238,0.45385
OG0004787,Wa,0.11221,0.27462,0.40861
OG0004787,Wo,0.14361,0.33694,0.42621
OG0004787,Sp,0.03238,0.01945,1.665
OG0004788,La,0.0622,0.12835,0.48459
OG0004788,Laeq,0.07105,0.17916,0.39659
OG0004788,Lgib,0.05231,0.11579,0.45178
OG0004788,Wa,0.07653,0.18051,0.42398
OG0004788,Wo,5.77132,0.21971,26.26763
OG0004788,Sp,0.97933,0.05401,18.13178
OG0004794,La,0.08479,0.13326,0.63624
OG0004794,Laeq,0.1745,0.22941,0.76064
OG0004794,Lgib,0.08741,0.18842,0.46391
OG0004794,Wa,0.15687,0.21063,0.74475
OG0004794,Wo,4.51589,0.24689,18.29088
OG0004794,Sp,10.08155,0.08246,122.2555
OG0004796,La,0.46664,0.09808,4.75791
OG0004796,Laeq,0.15124,0.17648,0.85698
OG0004796,Lgib,0.10255,0.13024,0.78741
OG0004796,Wa,0.15072,0.17067,0.88312
OG0004796,Wo,0.18467,0.20366,0.90676
OG0004796,Sp,5.95962,0.05736,103.8904
OG0004810,La,0.02398,0.08985,0.26684
OG0004810,Wa,0.04189,0.13965,0.29994
OG0004810,Wo,0.04526,0.17543,0.25798
OG0004810,Laeq,0.03962,0.19671,0.20141
OG0004810,Lgib,0.03317,0.11209,0.29593
OG0004810,Sp,0.00448,0.05719,0.07832
OG0004811,La,0.14791,0.12454,1.1876
OG0004811,Laeq,0.2057,0.28331,0.72605
OG0004811,Lgib,0.15555,0.22466,0.69235
OG0004811,Wa,8.35879,0.22065,37.88249
OG0004811,Wo,8.69108,0.24842,34.98571
OG0004811,Sp,0.64346,0.04466,14.40849
OG0004814,La,0.07092,0.07742,0.91613
OG0004814,Laeq,0.11808,0.23465,0.50323
OG0004814,Lgib,0.12244,0.22298,0.5491
OG0004814,Wa,17.16467,0.12578,136.46656
OG0004814,Wo,1.94498,0.21387,9.09442
OG0004817,La,0.05102,0.22089,0.23098
OG0004817,Laeq,0.07336,0.29559,0.24817
OG0004817,Lgib,0.06312,0.25852,0.24414
OG0004817,Wa,0.12515,0.36462,0.34324
OG0004817,Wo,0.22503,0.39317,0.57236
OG0004817,Sp,0.02033,0.08684,0.23411
OG0004820,La,0.12414,0.11374,1.09145
OG0004820,Laeq,7.12326,0.28721,24.80124
OG0004820,Lgib,0.18476,0.2202,0.83905
OG0004820,Wa,10.09537,0.26432,38.1933
OG0004820,Wo,0.45655,0.3657,1.24842
OG0004820,Sp,0.02653,0.04196,0.6322
OG0004825,La,0.01964,0.09849,0.19943
OG0004825,Laeq,0.06949,0.18409,0.3775
OG0004825,Lgib,0.03906,0.19652,0.19878
OG0004825,Wa,0.05607,0.20617,0.27195
OG0004825,Wo,0.07688,0.26594,0.2891
OG0004825,Sp,0.00479,0.0658,0.07283
OG0004826,La,0.13142,0.13288,0.98904
OG0004826,Laeq,20.83159,0.33178,62.78732
OG0004826,Lgib,0.11213,0.22117,0.50698
OG0004826,Wa,0.2026,0.20566,0.98513
OG0004826,Wo,20.16741,0.16236,124.21424
OG0004826,Sp,0.02366,0.0247,0.95759
OG0004832,La,0.37959,0.16505,2.2999
OG0004832,Laeq,10.82252,0.33012,32.78326
OG0004832,Lgib,20.11472,0.23211,86.66022
OG0004832,Wa,10.79462,0.20671,52.22008
OG0004832,Wo,10.80667,0.23616,45.76082
OG0004832,Sp,0.03186,0.05634,0.5655
OG0004839,La,0.21295,0.09555,2.22862
OG0004839,Laeq,0.16194,0.12915,1.25385
OG0004839,Lgib,0.09933,0.07459,1.33175
OG0004839,Wa,3.26195,0.16565,19.69224
OG0004839,Wo,3.3329,0.22813,14.60965
OG0004839,Sp,0.03436,0.06194,0.55478
OG0004846,La,0.08459,0.19128,0.44225
OG0004846,Laeq,0.13971,0.19678,0.70999
OG0004846,Lgib,0.0682,0.18445,0.36977
OG0004846,Wa,8.3537,0.21222,39.3637
OG0004846,Wo,0.40306,0.23534,1.71263
OG0004846,Sp,0.02604,0.03125,0.83328
OG0004848,La,0.0369,0.08986,0.4106
OG0004848,Laeq,0.16044,0.3366,0.47665
OG0004848,Lgib,0.1246,0.24064,0.51778
OG0004848,Wa,2.38438,0.23542,10.12801
OG0004848,Wo,0.28822,0.43408,0.66399
OG0004848,Sp,0.0156,0.09866,0.1581
OG0004849,La,0.04259,0.10791,0.39466
OG0004849,Laeq,0.11396,0.24175,0.47138
OG0004849,Lgib,0.07714,0.17449,0.44211
OG0004849,Wa,3.86862,0.15612,24.77939
OG0004849,Wo,0.1508,0.23944,0.62981
OG0004849,Sp,1.89066,0.04761,39.70974
OG0004851,La,0.09665,0.12293,0.78618
OG0004851,Laeq,0.17193,0.24726,0.69535
OG0004851,Lgib,0.16692,0.18732,0.89109
OG0004851,Wa,1.05155,0.26976,3.89811
OG0004851,Wo,1.13314,0.32824,3.45213
OG0004851,Sp,3.7978,0.07119,53.34452
OG0004863,La,0.04249,0.13785,0.30821
OG0004863,Laeq,0.89285,0.22536,3.96181
OG0004863,Lgib,0.89022,0.19964,4.45912
OG0004863,Wa,0.06286,0.19798,0.31748
OG0004863,Wo,0.05519,0.22207,0.24852
OG0004863,Sp,0.0203,0.09152,0.22183
OG0004866,La,0.03644,0.10394,0.35061
OG0004866,Lgib,0.08585,0.24053,0.35693
OG0004866,Wa,3.1061,0.28764,10.79868
OG0004866,Wo,3.12922,0.3535,8.8521
OG0004866,Sp,0.02875,0.06015,0.47802
OG0004869,La,0.06102,0.09106,0.67013
OG0004869,Laeq,0.10158,0.15565,0.65258
OG0004869,Lgib,0.0528,0.20262,0.26058
OG0004869,Wa,0.05823,0.19729,0.29515
OG0004869,Wo,0.10975,0.23634,0.46435
OG0004869,Sp,14.884,0.04264,349.07378
OG0004872,La,0.14723,0.08979,1.63969
OG0004872,Laeq,0.15739,0.25501,0.61719
OG0004872,Lgib,0.13649,0.14191,0.96183
OG0004872,Wa,0.23644,0.14749,1.60314
OG0004872,Sp,0.75986,0.10802,7.03429
OG0004874,La,0.08715,0.11629,0.74939
OG0004874,Laeq,0.1354,0.2238,0.60501
OG0004874,Lgib,0.11111,0.17384,0.63913
OG0004874,Wa,0.153,0.2188,0.69931
OG0004874,Wo,0.14792,0.2935,0.504
OG0004874,Sp,0.04541,0.03205,1.41708
OG0004876,La,0.46095,0.11862,3.88605
OG0004876,Laeq,0.13934,0.20596,0.67653
OG0004876,Lgib,0.13074,0.17325,0.75462
OG0004876,Wa,0.16058,0.20735,0.77444
OG0004876,Wo,0.17062,0.27941,0.61063
OG0004876,Sp,11.25636,0.04663,241.37879
OG0004887,La,0.05659,0.13327,0.42464
OG0004887,Laeq,0.10419,0.22098,0.47149
OG0004887,Lgib,0.07263,0.19988,0.36339
OG0004887,Wa,0.07253,0.19572,0.37057
OG0004887,Wo,0.07127,0.20942,0.34031
OG0004887,Sp,0.01512,0.04229,0.35753
OG0004895,La,0.04127,0.11503,0.35877
OG0004895,Wa,0.0484,0.21866,0.22137
OG0004895,Wo,2.93402,0.27264,10.76157
OG0004895,Laeq,0.08646,0.31991,0.27027
OG0004895,Lgib,0.0502,0.24367,0.20603
OG0004895,Sp,0.02832,0.01975,1.43436
OG0004898,La,0.06218,0.1456,0.4271
OG0004898,Wa,0.09468,0.18509,0.51154
OG0004898,Wo,0.14384,0.19688,0.7306
OG0004898,Laeq,0.07156,0.19311,0.37055
OG0004898,Lgib,0.42662,0.12116,3.52118
OG0004898,Sp,0.02566,0.03325,0.77178
OG0004913,La,856.36675,0.1505,5690.09573
OG0004913,Wa,0.23321,0.23478,0.99331
OG0004913,Wo,0.35209,0.31653,1.11234
OG0004913,Laeq,0.45196,0.24929,1.813
OG0004913,Lgib,0.06392,0.20668,0.30925
OG0004913,Sp,0.0253,0.07099,0.35637
OG0004916,La,0.02783,0.07692,0.36177
OG0004916,Laeq,0.07135,0.13862,0.51472
OG0004916,Lgib,0.02763,0.119,0.23222
OG0004916,Wa,0.15783,0.24483,0.64466
OG0004916,Wo,0.18234,0.32831,0.55539
OG0004916,Sp,0.00383,0.02281,0.16772
OG0004920,La,0.09598,0.11372,0.84405
OG0004920,Laeq,0.10274,0.15341,0.66973
OG0004920,Lgib,0.08192,0.12779,0.64108
OG0004920,Wa,0.0937,0.18358,0.51042
OG0004920,Wo,4.4952,0.1606,27.98996
OG0004920,Sp,0.03147,0.0396,0.79474
OG0004921,La,0.33138,0.17671,1.87525
OG0004921,Laeq,0.29473,0.18863,1.56246
OG0004921,Lgib,0.22849,0.21107,1.08255
OG0004921,Wa,0.17829,0.17205,1.03627
OG0004921,Wo,0.20237,0.18888,1.07145
OG0004921,Sp,0.08254,0.04718,1.74948
OG0004922,La,0.16071,0.14281,1.12535
OG0004922,Laeq,0.21735,0.23588,0.92145
OG0004922,Lgib,0.13551,0.18754,0.72259
OG0004922,Wa,0.1968,0.24239,0.81194
OG0004922,Wo,0.22159,0.3,0.73864
OG0004922,Sp,0.03792,0.03365,1.12706
OG0004923,La,0.05857,0.08734,0.67058
OG0004923,Laeq,0.14968,0.15729,0.95162
OG0004923,Lgib,0.14347,0.13092,1.09582
OG0004923,Wa,0.08142,0.13996,0.58172
OG0004923,Wo,0.25851,0.17221,1.50111
OG0004923,Sp,0.02517,0.03005,0.83758
OG0004926,La,0.08423,0.1185,0.71084
OG0004926,Laeq,0.13233,0.19982,0.66226
OG0004926,Lgib,0.11421,0.15485,0.73757
OG0004926,Wa,0.10916,0.15512,0.70371
OG0004926,Wo,0.1722,0.22196,0.77581
OG0004926,Sp,0.02215,0.05001,0.44285
OG0004931,La,128.21149,0.10846,1182.11422
OG0004931,Laeq,128.30933,0.41337,310.39904
OG0004931,Lgib,128.46343,0.10924,1176.01815
OG0004931,Wa,128.29015,0.17333,740.16662
OG0004931,Wo,157.4251,0.15335,1026.55354
OG0004931,Sp,0.03069,0.04491,0.68339
OG0004934,La,19.55127,0.13074,149.53857
OG0004934,Laeq,19.63758,0.22812,86.08297
OG0004934,Lgib,19.67554,0.18433,106.74266
OG0004934,Wa,21.12949,0.23515,89.85361
OG0004934,Sp,9.75786,0.07241,134.76364
OG0004937,La,0.24987,0.09926,2.51747
OG0004937,Laeq,0.41654,0.23981,1.73699
OG0004937,Lgib,0.28573,0.19407,1.47226
OG0004937,Wa,0.248,0.31229,0.79414
OG0004937,Wo,0.24386,0.3442,0.70849
OG0004937,Sp,0.89327,0.09293,9.61266
OG0004939,La,3.41754,0.12262,27.87081
OG0004939,Laeq,3.4764,0.24272,14.32255
OG0004939,Lgib,3.48438,0.19685,17.70036
OG0004939,Wa,10.30664,0.19506,52.83909
OG0004939,Wo,10.29331,0.23645,43.53337
OG0004939,Sp,0.02814,0.03065,0.91807
OG0004941,La,2.39193,0.10149,23.56762
OG0004941,Laeq,2.50529,0.20653,12.13012
OG0004941,Lgib,3.3821,0.12813,26.39632
OG0004941,Wa,2.59755,0.13821,18.79378
OG0004941,Wo,2.46702,0.19098,12.91796
OG0004941,Sp,1.19632,0.04022,29.74116
OG0004950,La,25.31762,0.07969,317.71213
OG0004950,Laeq,0.248,0.21616,1.14729
OG0004950,Lgib,0.23544,0.15141,1.55496
OG0004950,Wa,0.21599,0.16857,1.28128
OG0004950,Wo,0.2008,0.18681,1.07494
OG0004950,Sp,0.04703,0.05674,0.82889
OG0004952,La,1.65702,0.20222,8.19437
OG0004952,Laeq,0.11711,0.27194,0.43064
OG0004952,Lgib,0.08869,0.19881,0.4461
OG0004952,Wa,10.53818,0.24876,42.36248
OG0004952,Wo,0.1561,0.29369,0.53151
OG0004952,Sp,6.22299,0.0357,174.29223
OG0004953,La,0.28442,0.12833,2.21632
OG0004953,Laeq,0.31464,0.20717,1.51874
OG0004953,Lgib,0.30934,0.18628,1.66066
OG0004953,Wa,0.21597,0.17421,1.23974
OG0004953,Wo,0.23923,0.29746,0.80424
OG0004953,Sp,0.92602,0.06005,15.42032
OG0004956,La,0.05455,0.07545,0.72303
OG0004956,Wa,4.60225,0.18537,24.82723
OG0004956,Wo,0.11511,0.25374,0.45366
OG0004956,Laeq,0.09889,0.1672,0.59146
OG0004956,Lgib,0.11622,0.14163,0.82058
OG0004956,Sp,0.08304,0.01949,4.26042
OG0004959,La,0.06523,0.08711,0.74885
OG0004959,Laeq,18.49422,0.14288,129.43978
OG0004959,Lgib,13.94959,0.12934,107.85369
OG0004959,Wa,14.0157,0.15579,89.96764
OG0004959,Wo,14.04374,0.18448,76.1265
OG0004959,Sp,0.02836,0.08292,0.34208
OG0004962,La,0.09116,0.10612,0.85909
OG0004962,Laeq,0.28572,0.17335,1.6482
OG0004962,Lgib,0.14135,0.12509,1.13
OG0004962,Wa,2.51663,0.15933,15.79555
OG0004962,Wo,0.20318,0.18864,1.07704
OG0004962,Sp,0.06013,0.03578,1.6806
OG0004963,La,0.08815,0.12145,0.72576
OG0004963,Laeq,3.97893,0.18393,21.63251
OG0004963,Lgib,3.10284,0.15604,19.88489
OG0004963,Wa,0.23943,0.1642,1.45813
OG0004963,Wo,0.27149,0.21939,1.23748
OG0004963,Sp,0.06162,0.02686,2.29397
OG0004971,La,0.24561,0.12816,1.91639
OG0004971,Laeq,0.55252,0.20219,2.73266
OG0004971,Lgib,0.50618,0.16395,3.08745
OG0004971,Wa,0.19517,0.16728,1.16671
OG0004971,Wo,2.58075,0.20987,12.29712
OG0004971,Sp,0.0414,0.03919,1.05655
OG0004985,La,1.46867,0.15241,9.63651
OG0004985,Laeq,8.18157,0.20552,39.80911
OG0004985,Lgib,8.35958,0.15647,53.42712
OG0004985,Wa,8.20934,0.1966,41.75591
OG0004985,Wo,8.22672,0.2312,35.58265
OG0004985,Sp,0.04804,0.05163,0.93035
OG0004986,La,0.08455,0.18408,0.45931
OG0004986,Laeq,6.49939,0.19645,33.08498
OG0004986,Lgib,0.28365,0.18031,1.57311
OG0004986,Wa,5.39941,0.18063,29.89193
OG0004986,Wo,5.43576,0.25566,21.26142
OG0004986,Sp,0.03862,0.04603,0.8391
OG0004994,La,0.05004,0.09299,0.53816
OG0004994,Laeq,0.11811,0.14702,0.80336
OG0004994,Lgib,0.09043,0.11763,0.76873
OG0004994,Wa,0.30331,0.16366,1.85325
OG0004994,Wo,0.13761,0.18674,0.73693
OG0004994,Sp,0.02343,0.0379,0.61827
OG0004999,La,0.03918,0.12664,0.30939
OG0004999,Laeq,0.07404,0.18938,0.39094
OG0004999,Lgib,0.02869,0.14175,0.20243
OG0004999,Wa,0.04989,0.21618,0.2308
OG0004999,Wo,0.07234,0.23116,0.31295
OG0004999,Sp,0.01055,0.01154,0.91435
OG0005009,La,0.04153,0.2235,0.18579
OG0005009,Laeq,0.07259,0.34515,0.21033
OG0005009,Lgib,0.07134,0.28426,0.25096
OG0005009,Sp,0.07286,0.16384,0.44474
OG0005009,Wa,0.05443,0.17517,0.31074
OG0005009,Wo,13.3416,0.19955,66.85902
OG0005015,La,0.10247,0.13776,0.74379
OG0005015,Laeq,0.13593,0.27742,0.48996
OG0005015,Lgib,0.11449,0.25988,0.44053
OG0005015,Wa,0.17804,0.33772,0.52717
OG0005015,Wo,0.28922,0.45081,0.64155
OG0005015,Sp,0.01812,0.02904,0.62387
OG0005025,La,0.06834,0.13046,0.52386
OG0005025,Laeq,0.10026,0.23999,0.41775
OG0005025,Lgib,13.19012,0.15966,82.61475
OG0005025,Wa,0.12941,0.22656,0.57121
OG0005025,Wo,0.14985,0.28483,0.5261
OG0005025,Sp,64.22312,0.01888,3402.3659
OG0005030,La,0.04751,0.09068,0.52389
OG0005030,Laeq,0.08925,0.14122,0.63201
OG0005030,Lgib,0.0621,0.1272,0.48823
OG0005030,Wa,0.13936,0.24465,0.56962
OG0005030,Wo,3.08152,0.30072,10.24706
OG0005030,Sp,0.02981,0.04908,0.60743
OG0005036,La,0.06129,0.08994,0.6814
OG0005036,Laeq,0.32526,0.29189,1.11434
OG0005036,Lgib,0.29836,0.14891,2.00358
OG0005036,Wa,0.22123,0.31822,0.69521
OG0005036,Wo,0.30127,0.27744,1.08591
OG0005036,Sp,3.52218,0.08327,42.29796
OG0005045,La,0.10653,0.11466,0.92904
OG0005045,Laeq,18.54236,0.15569,119.09958
OG0005045,Lgib,0.09577,0.12782,0.74925
OG0005045,Wa,0.33928,0.23968,1.41554
OG0005045,Wo,0.21196,0.28152,0.75291
OG0005045,Sp,0.00512,0.01975,0.25919
OG0005048,La,0.4233,0.19509,2.16971
OG0005048,Wa,0.26189,0.28931,0.90522
OG0005048,Wo,0.25244,0.30593,0.82516
OG0005048,Laeq,18.97847,0.26109,72.68869
OG0005048,Lgib,0.18985,0.25589,0.74194
OG0005048,Sp,0.01907,0.06049,0.31517
OG0005062,La,0.06139,0.13811,0.4445
OG0005062,Laeq,0.184,0.2025,0.9086
OG0005062,Lgib,0.07841,0.18761,0.41792
OG0005062,Wa,0.14804,0.31441,0.47086
OG0005062,Wo,7.82471,0.36104,21.67277
OG0005062,Sp,0.01997,0.0438,0.45607
OG0005066,Laeq,3.43741,0.20361,16.88225
OG0005066,Lgib,2.42847,0.14268,17.02068
OG0005066,Wa,2.63408,0.14571,18.07727
OG0005066,Wo,2.454,0.19429,12.63054
OG0005066,Sp,0.03817,0.06636,0.57514
OG0005068,La,0.03873,0.14063,0.27538
OG0005068,Laeq,0.28766,0.22717,1.26627
OG0005068,Lgib,0.03906,0.15712,0.24863
OG0005068,Wa,0.06763,0.18538,0.36485
OG0005068,Wo,0.17656,0.21743,0.812
OG0005068,Sp,0.99163,0.02786,35.59573
OG0005075,La,0.03246,0.12529,0.2591
OG0005075,Laeq,0.04516,0.22023,0.20504
OG0005075,Lgib,0.03466,0.16397,0.21137
OG0005075,Wa,0.06117,0.1928,0.31729
OG0005075,Wo,0.06742,0.20718,0.32541
OG0005075,Sp,9.00876,0.04046,222.64857
OG0005078,La,0.03184,0.13263,0.24008
OG0005078,Laeq,0.26272,0.18027,1.45732
OG0005078,Lgib,0.03525,0.15138,0.23289
OG0005078,Wa,0.04512,0.17904,0.252
OG0005078,Wo,0.05714,0.20434,0.27961
OG0005078,Sp,0.01023,0.02882,0.35479
OG0005081,La,1.21224,0.11535,10.50885
OG0005081,Laeq,0.13639,0.22208,0.61413
OG0005081,Lgib,0.09375,0.12806,0.73208
OG0005081,Wa,0.124,0.20089,0.61724
OG0005081,Wo,0.16616,0.25427,0.65348
OG0005081,Sp,0.10736,0.03645,2.94522
OG0005097,La,1.90143,0.11241,16.91478
OG0005097,Laeq,0.07446,0.18389,0.40488
OG0005097,Lgib,0.06558,0.13849,0.47355
OG0005097,Wa,0.11651,0.19293,0.60391
OG0005097,Wo,0.11328,0.20431,0.55443
OG0005097,Sp,0.01227,0.03011,0.40733
OG0005100,La,0.02593,0.118,0.21971
OG0005100,Laeq,0.04891,0.22423,0.21813
OG0005100,Lgib,0.04482,0.13931,0.32171
OG0005100,Wa,0.20479,0.18288,1.11978
OG0005100,Wo,0.05687,0.21403,0.2657
OG0005100,Sp,3.05891,0.09847,31.06432
OG0005118,La,0.05498,0.11179,0.49182
OG0005118,Wa,0.1518,0.17933,0.84651
OG0005118,Wo,0.1603,0.22095,0.7255
OG0005118,Laeq,0.09465,0.1701,0.55641
OG0005118,Lgib,0.09376,0.12916,0.72596
OG0005118,Sp,183.7223,0.03431,5354.64239
OG0005129,La,6.16172,0.23099,26.67512
OG0005129,Laeq,3.79269,0.26806,14.14875
OG0005129,Lgib,0.2069,0.2204,0.93873
OG0005129,Wa,6.34421,0.17467,36.32057
OG0005129,Wo,11.93598,0.21959,54.3565
OG0005129,Sp,0.07063,0.0254,2.78033
OG0005131,La,0.10591,0.14185,0.74662
OG0005131,Laeq,0.19759,0.34217,0.57745
OG0005131,Lgib,0.18012,0.16385,1.09929
OG0005131,Wa,7.20501,0.1393,51.72144
OG0005131,Wo,5.40727,0.248,21.80347
OG0005131,Sp,0.03799,0.0613,0.61968
OG0005135,La,0.11487,0.16898,0.67976
OG0005135,Laeq,4.85447,0.26126,18.58099
OG0005135,Lgib,0.20409,0.21318,0.95735
OG0005135,Wa,0.42921,0.31136,1.37847
OG0005135,Wo,0.33148,0.37698,0.87931
OG0005135,Sp,0.06257,0.02518,2.4854
OG0005142,La,0.08032,0.20042,0.40078
OG0005142,Laeq,0.12941,0.36107,0.35842
OG0005142,Lgib,0.21382,0.29782,0.71793
OG0005142,Wa,0.14989,0.24639,0.60836
OG0005142,Wo,0.17194,0.25302,0.67957
OG0005142,Sp,0.00714,0.0605,0.11805
OG0005146,La,0.04205,0.12224,0.34399
OG0005146,Laeq,1.86589,0.19046,9.79694
OG0005146,Lgib,0.04603,0.16932,0.27183
OG0005146,Wa,0.08669,0.18841,0.46012
OG0005146,Wo,0.13318,0.23065,0.57741
OG0005146,Sp,0.01734,0.02256,0.76867
OG0005147,La,1.43211,0.07287,19.65374
OG0005147,Laeq,0.08194,0.14462,0.56659
OG0005147,Lgib,0.06109,0.11917,0.51262
OG0005147,Wa,0.05763,0.17895,0.32203
OG0005147,Sp,0.02097,0.06255,0.33533
OG0005148,La,0.05354,0.10327,0.51845
OG0005148,Laeq,0.14337,0.19868,0.72161
OG0005148,Lgib,0.08642,0.24368,0.35464
OG0005148,Wa,0.07392,0.16922,0.43682
OG0005148,Wo,0.07158,0.21114,0.33901
OG0005148,Sp,0.00763,0.03682,0.20732
OG0005152,La,4.02441,0.08615,46.71567
OG0005152,Laeq,0.08616,0.31286,0.2754
OG0005152,Lgib,0.06676,0.21324,0.31307
OG0005152,Wa,0.09494,0.21121,0.4495
OG0005152,Wo,0.1196,0.29413,0.40662
OG0005152,Sp,0.013,0.0188,0.69145
OG0005157,La,1.21212,0.15786,7.67829
OG0005157,Laeq,1.27998,0.24916,5.13721
OG0005157,Lgib,1.23905,0.20298,6.10433
OG0005157,Wa,1.25172,0.23787,5.26227
OG0005157,Wo,1.27211,0.31306,4.06342
OG0005157,Sp,0.02539,0.03416,0.74323
OG0005167,La,17.59711,0.02805,627.39569
OG0005167,Laeq,0.1022,0.34907,0.29277
OG0005167,Lgib,0.08079,0.26617,0.30351
OG0005167,Sp,1.09928,0.31658,3.47232
OG0005167,Wa,0.30806,0.31842,0.96745
OG0005167,Wo,0.41772,0.41632,1.00335
OG0005171,La,9.20167,0.10335,89.03322
OG0005171,Laeq,29.16427,0.19587,148.89727
OG0005171,Lgib,4.98026,0.15797,31.52692
OG0005171,Wo,0.28982,0.3016,0.96095
OG0005171,Sp,6.67811,0.03333,200.36587
OG0005173,La,0.05025,0.18532,0.27117
OG0005173,Laeq,0.08561,0.31812,0.26912
OG0005173,Lgib,0.05668,0.22579,0.25102
OG0005173,Wa,0.84734,0.22446,3.77504
OG0005173,Wo,0.74117,0.26551,2.79147
OG0005173,Sp,0.01068,0.01649,0.64783
OG0005177,La,0.20385,0.27508,0.74104
OG0005177,Laeq,0.23165,0.2901,0.79852
OG0005177,Lgib,0.17826,0.2134,0.83533
OG0005177,Wa,0.34294,0.22136,1.54926
OG0005177,Wo,0.36538,0.26748,1.36602
OG0005177,Sp,0.06553,0.02848,2.30038
OG0005184,La,0.07811,0.14871,0.52524
OG0005184,Laeq,0.10812,0.2029,0.53287
OG0005184,Lgib,0.10162,0.16644,0.61054
OG0005184,Wa,0.11001,0.18965,0.58006
OG0005184,Wo,0.19598,0.21992,0.89116
OG0005184,Sp,0.01927,0.04066,0.47392
OG0005185,La,0.11933,0.17643,0.67634
OG0005185,Laeq,0.2099,0.25352,0.82793
OG0005185,Lgib,0.07741,0.18393,0.42088
OG0005185,Wa,0.15959,0.22658,0.70436
OG0005185,Wo,0.75562,0.24167,3.12661
OG0005185,Sp,0.08473,0.01217,6.96345
OG0005189,La,0.60182,0.13686,4.39751
OG0005189,Laeq,0.49984,0.38749,1.28994
OG0005189,Lgib,0.49936,0.26313,1.89779
OG0005189,Wa,17.77625,0.24669,72.06014
OG0005189,Wo,2.47661,0.33981,7.28825
OG0005189,Sp,0.02974,0.02764,1.07603
OG0005198,La,0.06012,0.12745,0.47172
OG0005198,Laeq,0.56723,0.154,3.6833
OG0005198,Lgib,0.55499,0.12702,4.36917
OG0005198,Wa,2.3908,0.14544,16.43808
OG0005198,Wo,2.20341,0.19215,11.46733
OG0005198,Sp,0.11034,0.04009,2.75259
OG0005202,La,0.05899,0.09096,0.64859
OG0005202,Laeq,0.21648,0.16055,1.34832
OG0005202,Lgib,0.13761,0.13028,1.0563
OG0005202,Wa,0.09932,0.16011,0.6203
OG0005202,Wo,0.11343,0.19833,0.57194
OG0005202,Sp,0.01362,0.04171,0.32647
OG0005203,La,0.03248,0.09808,0.33113
OG0005203,Wa,0.09384,0.18243,0.51441
OG0005203,Wo,0.06118,0.20409,0.29975
OG0005203,Laeq,0.04361,0.15858,0.27503
OG0005203,Lgib,0.06278,0.1163,0.53982
OG0005203,Sp,0.01403,0.03323,0.42207
OG0005206,La,9.56197,0.24067,39.73021
OG0005206,Laeq,1.9146,0.22398,8.54804
OG0005206,Lgib,0.03954,0.19667,0.20104
OG0005206,Wa,0.17906,0.15552,1.15139
OG0005206,Wo,0.24429,0.22615,1.08021
OG0005206,Sp,0.01746,0.06467,0.27005
OG0005210,La,0.05412,0.10018,0.54026
OG0005210,Wa,0.06692,0.16644,0.40208
OG0005210,Wo,0.10202,0.25617,0.39823
OG0005210,Laeq,0.12821,0.27837,0.46059
OG0005210,Lgib,0.09082,0.16496,0.55058
OG0005210,Sp,0.01641,0.053,0.30968
OG0005215,La,0.2421,0.14894,1.62541
OG0005215,Wa,0.31847,0.14733,2.16161
OG0005215,Wo,0.30496,0.17863,1.7072
OG0005215,Laeq,5.80419,0.20174,28.77033
OG0005215,Lgib,0.22705,0.18263,1.2432
OG0005215,Sp,0.04424,0.01395,3.17116
OG0005223,La,0.21378,0.1283,1.66625
OG0005223,Laeq,7.14579,0.22965,31.11558
OG0005223,Lgib,0.23617,0.19587,1.20575
OG0005223,Wa,0.27281,0.20896,1.30555
OG0005223,Wo,0.30646,0.24549,1.24836
OG0005223,Sp,7.44419,0.05226,142.44351
OG0005227,La,5.17236,0.11956,43.26136
OG0005227,Laeq,0.10285,0.19497,0.52752
OG0005227,Lgib,0.07264,0.19284,0.37667
OG0005227,Wa,0.06042,0.1916,0.31535
OG0005227,Wo,0.29945,0.17467,1.71439
OG0005227,Sp,0.03271,0.04565,0.71666
OG0005228,La,0.14958,0.16793,0.89075
OG0005228,Laeq,0.23934,0.29054,0.82379
OG0005228,Lgib,8.57148,0.19068,44.95113
OG0005228,Wa,7.08756,0.18283,38.76507
OG0005228,Wo,7.35249,0.19375,37.94857
OG0005228,Sp,0.07962,0.03604,2.20907
OG0005230,La,0.03203,0.13332,0.24027
OG0005230,Laeq,0.12005,0.23053,0.52074
OG0005230,Lgib,0.08223,0.17072,0.48165
OG0005230,Wa,0.20477,0.19201,1.06645
OG0005230,Wo,0.26854,0.25548,1.05114
OG0005230,Sp,0.03276,0.01215,2.69587
OG0005241,La,0.02595,0.10272,0.25268
OG0005241,Laeq,0.04354,0.19398,0.22446
OG0005241,Lgib,0.04656,0.12473,0.3733
OG0005241,Wa,0.05636,0.20196,0.27908
OG0005241,Wo,0.07,0.23632,0.29623
OG0005241,Sp,0.00953,0.05012,0.1901
OG0005257,La,0.19959,0.21548,0.92629
OG0005257,Wa,10.2676,0.31776,32.31241
OG0005257,Wo,10.26061,0.35484,28.91628
OG0005257,Laeq,0.19976,0.30353,0.6581
OG0005257,Lgib,0.15158,0.23506,0.64485
OG0005257,Sp,0.65559,0.02466,26.58174
OG0005261,La,0.61286,0.09271,6.61036
OG0005261,Wa,0.84076,0.28112,2.99068
OG0005261,Wo,3.69857,0.34482,10.72599
OG0005261,Laeq,0.81657,0.33856,2.4119
OG0005261,Lgib,0.7017,0.23329,3.0078
OG0005261,Sp,0.13949,0.04384,3.18194
OG0005267,La,0.04828,0.0938,0.51469
OG0005267,Laeq,3.80752,0.18619,20.44914
OG0005267,Lgib,0.10866,0.1424,0.76311
OG0005267,Wa,0.13676,0.15817,0.86465
OG0005267,Wo,0.66233,0.21354,3.10169
OG0005267,Sp,0.02389,0.06239,0.38284
OG0005268,La,0.02786,0.11891,0.23433
OG0005268,Wa,0.0527,0.18411,0.28626
OG0005268,Wo,0.04585,0.20566,0.22294
OG0005268,Laeq,0.02723,0.19183,0.14193
OG0005268,Lgib,0.0188,0.2114,0.08892
OG0005268,Sp,0.01848,0.02884,0.64068
OG0005273,La,2.44427,0.14298,17.09487
OG0005273,Laeq,2.49365,0.27263,9.14649
OG0005273,Lgib,2.46324,0.26419,9.32377
OG0005273,Wa,2.5689,0.22989,11.17456
OG0005273,Wo,2.57487,0.26539,9.70217
OG0005273,Sp,0.00986,0.03762,0.26202
OG0005276,La,0.02599,0.10695,0.24304
OG0005276,Laeq,0.04862,0.17506,0.27775
OG0005276,Lgib,0.95293,0.14618,6.5191
OG0005276,Wa,0.06528,0.18676,0.34954
OG0005276,Wo,0.07761,0.22003,0.35272
OG0005276,Sp,19.80785,0.0554,357.52435
OG0005278,La,0.15823,0.09492,1.66689
OG0005278,Laeq,0.30641,0.17061,1.79602
OG0005278,Lgib,0.32763,0.14489,2.26122
OG0005278,Wa,820.16278,0.18449,4445.44881
OG0005278,Wo,820.17447,0.1954,4197.41061
OG0005278,Sp,0.02876,0.02274,1.26471
OG0005285,La,0.06854,0.14394,0.47618
OG0005285,Laeq,0.12681,0.24367,0.52043
OG0005285,Lgib,0.0809,0.17263,0.46864
OG0005285,Wa,0.10366,0.19336,0.53612
OG0005285,Sp,0.03079,0.04165,0.73927
OG0005288,La,0.03189,0.09849,0.32376
OG0005288,Laeq,0.06634,0.18848,0.35199
OG0005288,Lgib,0.05712,0.13993,0.4082
OG0005288,Wa,0.03206,0.13159,0.24359
OG0005288,Wo,0.03465,0.17466,0.19836
OG0005288,Sp,0.0099,0.10671,0.09279
OG0005294,La,0.14728,0.09732,1.51341
OG0005294,Laeq,0.20024,0.23963,0.83562
OG0005294,Lgib,27.13613,0.18664,145.39489
OG0005294,Wa,0.30516,0.20782,1.46841
OG0005294,Sp,0.03977,0.08766,0.45362
OG0005296,La,0.10072,0.12595,0.79971
OG0005296,Laeq,0.19065,0.15878,1.20073
OG0005296,Lgib,0.16352,0.159,1.02841
OG0005296,Wa,251.51257,0.15408,1632.31429
OG0005296,Wo,0.16394,0.19161,0.85555
OG0005296,Sp,0.02675,0.03534,0.75687
OG0005300,La,5.87208,0.11189,52.4809
OG0005300,Laeq,3.21737,0.15563,20.67295
OG0005300,Lgib,3.23146,0.11798,27.38902
OG0005300,Wa,3.22853,0.18449,17.49935
OG0005300,Wo,3.23283,0.23744,13.61515
OG0005300,Sp,0.01927,0.05323,0.36204
OG0005302,La,0.0617,0.10641,0.57982
OG0005302,Laeq,0.10247,0.21022,0.48747
OG0005302,Lgib,0.08239,0.16803,0.49033
OG0005302,Wa,2.61262,0.16246,16.08196
OG0005302,Wo,2.64887,0.19825,13.3615
OG0005302,Sp,0.02508,0.03462,0.72452
OG0005314,La,0.66245,0.21549,3.07409
OG0005314,Wa,0.74222,0.29967,2.47676
OG0005314,Wo,0.7376,0.31784,2.32066
OG0005314,Laeq,0.75432,0.26306,2.86744
OG0005314,Lgib,0.74433,0.22131,3.36336
OG0005314,Sp,0.01426,0.06571,0.21696
OG0005315,La,0.56403,0.11402,4.94657
OG0005315,Laeq,1.52657,0.24836,6.14659
OG0005315,Lgib,0.40457,0.1909,2.1193
OG0005315,Wa,8.98423,0.19282,46.5948
OG0005315,Wo,9.00934,0.2213,40.71169
OG0005315,Sp,0.09642,0.0566,1.7034
OG0005325,La,18.83409,0.13217,142.50068
OG0005325,Lgib,0.03599,0.23192,0.15519
OG0005325,Wa,0.05172,0.19976,0.25891
OG0005325,Wo,0.05408,0.3115,0.1736
OG0005325,Sp,0.00662,0.01569,0.42183
OG0005326,La,0.68961,0.10208,6.75572
OG0005326,Laeq,3.55106,0.17938,19.79597
OG0005326,Lgib,5.55635,0.12134,45.79104
OG0005326,Wa,14.12797,0.20006,70.61957
OG0005326,Wo,14.00032,0.20091,69.68577
OG0005326,Sp,0.04063,0.04746,0.85612
OG0005327,La,0.05119,0.12141,0.42159
OG0005327,Wa,0.11944,0.16799,0.71097
OG0005327,Wo,0.15007,0.17254,0.86973
OG0005327,Laeq,0.11957,0.17913,0.66751
OG0005327,Lgib,0.06509,0.10597,0.61421
OG0005327,Sp,0.01953,0.03335,0.58567
OG0005328,La,0.04681,0.09793,0.47795
OG0005328,Laeq,0.07054,0.17276,0.40832
OG0005328,Lgib,0.06435,0.14014,0.4592
OG0005328,Wa,0.06862,0.15553,0.44123
OG0005328,Wo,0.08249,0.19085,0.43221
OG0005328,Sp,0.01337,0.04164,0.32111
OG0005331,La,11.64349,0.09567,121.70084
OG0005331,Laeq,11.72336,0.19135,61.26743
OG0005331,Lgib,11.94291,0.15835,75.41889
OG0005331,Wa,11.87745,0.16301,72.86465
OG0005331,Wo,11.72403,0.24151,48.54431
OG0005331,Sp,0.03532,0.0577,0.61209
OG0005335,La,0.07156,0.19372,0.36943
OG0005335,Laeq,10.93337,0.40319,27.11747
OG0005335,Lgib,0.70421,0.39622,1.77735
OG0005335,Wa,13.91927,0.40345,34.50066
OG0005335,Wo,14.04434,0.52618,26.69102
OG0005335,Sp,0.03309,0.02502,1.32221
OG0005344,La,0.03469,0.11531,0.30088
OG0005344,Laeq,0.12268,0.19616,0.62538
OG0005344,Lgib,0.09473,0.15303,0.619
OG0005344,Wa,0.11758,0.24724,0.47558
OG0005344,Wo,0.13826,0.28349,0.48772
OG0005344,Sp,0.94543,0.04033,23.44303
OG0005348,La,6.93424,0.15382,45.08031
OG0005348,Laeq,0.30581,0.28134,1.08699
OG0005348,Lgib,0.56315,0.20779,2.71014
OG0005348,Wa,2.92553,0.21992,13.30238
OG0005348,Wo,0.22106,0.25484,0.86742
OG0005348,Sp,0.04596,0.03421,1.34332
OG0005349,La,4.70106,0.13307,35.32822
OG0005349,Laeq,3.06346,0.21945,13.96003
OG0005349,Lgib,3.0438,0.17289,17.60569
OG0005349,Wa,7.28721,0.17175,42.43003
OG0005349,Wo,6.19691,0.2426,25.54326
OG0005349,Sp,0.26705,0.03815,7.00024
OG0005352,La,0.10232,0.10352,0.98842
OG0005352,Laeq,0.19896,0.20145,0.98764
OG0005352,Lgib,0.17428,0.14936,1.16683
OG0005352,Wa,0.14208,0.18336,0.77489
OG0005352,Wo,0.18796,0.24158,0.77802
OG0005352,Sp,0.04272,0.04065,1.05092
OG0005357,La,0.17535,0.12334,1.42166
OG0005357,Laeq,0.30014,0.2283,1.31464
OG0005357,Lgib,0.15655,0.14762,1.06049
OG0005357,Wa,0.20237,0.17482,1.15759
OG0005357,Wo,0.19549,0.2017,0.96922
OG0005357,Sp,0.02579,0.03921,0.6577
OG0005361,La,0.17026,0.13763,1.23709
OG0005361,Wa,0.22876,0.16709,1.36907
OG0005361,Wo,0.25398,0.22403,1.13369
OG0005361,Laeq,0.17911,0.2078,0.86193
OG0005361,Lgib,0.16976,0.13547,1.25311
OG0005361,Sp,0.07797,0.03759,2.07396
OG0005366,La,0.07456,0.17526,0.42541
OG0005366,Laeq,0.12664,0.24805,0.51055
OG0005366,Lgib,0.10989,0.21029,0.52256
OG0005366,Wa,0.16173,0.25953,0.62318
OG0005366,Sp,0.02741,0.03416,0.80244
OG0005372,La,0.171,0.12084,1.4151
OG0005372,Laeq,0.65081,0.20804,3.12838
OG0005372,Lgib,0.46469,0.18586,2.50027
OG0005372,Wa,1.20985,0.27458,4.40617
OG0005372,Wo,1.25732,0.38491,3.26655
OG0005372,Sp,0.55869,0.02618,21.34216
OG0005378,La,0.01995,0.05541,0.35994
OG0005378,Laeq,0.04526,0.18304,0.2473
OG0005378,Lgib,0.03913,0.09711,0.40291
OG0005378,Wa,11.35857,0.13295,85.43308
OG0005378,Wo,0.04362,0.19278,0.22626
OG0005378,Sp,0.00308,0.04754,0.06477
OG0005380,La,0.35392,0.11862,2.98371
OG0005380,Laeq,0.29894,0.19246,1.55321
OG0005380,Lgib,0.17918,0.1551,1.15524
OG0005380,Wa,0.80781,0.18657,4.32972
OG0005380,Wo,0.21417,0.21807,0.98213
OG0005380,Sp,0.0353,0.04325,0.81634
OG0005381,Laeq,0.07952,0.20509,0.38773
OG0005381,Lgib,0.0659,0.16749,0.39346
OG0005381,Wa,0.06458,0.18179,0.35527
OG0005381,Wo,0.25949,0.20303,1.27812
OG0005381,Sp,0.00656,0.02432,0.26982
OG0005382,La,5.82784,0.1631,35.73199
OG0005382,Laeq,6.35361,0.30915,20.55197
OG0005382,Lgib,6.29268,0.25504,24.67341
OG0005382,Wa,6.52746,0.30397,21.474
OG0005382,Wo,6.4989,0.28193,23.05168
OG0005382,Sp,0.0402,0.04556,0.88233
OG0005392,La,5.76435,0.21044,27.39253
OG0005392,Laeq,0.11926,0.29888,0.39902
OG0005392,Lgib,0.08882,0.25989,0.34177
OG0005392,Wa,0.22458,0.32307,0.69514
OG0005392,Wo,0.27418,0.37455,0.73203
OG0005392,Sp,2.75124,0.03065,89.75238
OG0005393,La,0.12327,0.12379,0.9958
OG0005393,Laeq,1.31079,0.25665,5.10739
OG0005393,Lgib,2.06685,0.18911,10.92961
OG0005393,Wa,1.36525,0.25832,5.28502
OG0005393,Wo,1.37851,0.26351,5.23143
OG0005393,Sp,0.03887,0.04788,0.81178
OG0005394,La,0.10612,0.14706,0.72162
OG0005394,Laeq,0.3397,0.19916,1.70566
OG0005394,Lgib,0.07133,0.23041,0.30956
OG0005394,Wa,386.08609,0.19465,1983.53756
OG0005394,Wo,0.08313,0.24328,0.3417
OG0005394,Sp,0.04816,0.05257,0.91598
OG0005401,La,47.99584,0.17187,279.24856
OG0005401,Lgib,37.28984,0.14999,248.61257
OG0005401,Wa,46.71343,0.17617,265.16577
OG0005401,Wo,46.75311,0.15128,309.04934
OG0005401,Sp,15.76722,0.08878,177.58887
OG0005407,La,0.11968,0.12211,0.98013
OG0005407,Laeq,0.23368,0.2015,1.15968
OG0005407,Lgib,5.98801,0.14914,40.15075
OG0005407,Wa,0.43852,0.19971,2.19581
OG0005407,Wo,0.26338,0.24187,1.08894
OG0005407,Sp,0.03631,0.035,1.03749
OG0005411,La,0.14567,0.08714,1.67165
OG0005411,Laeq,0.59083,0.2215,2.66739
OG0005411,Lgib,0.31829,0.16305,1.9521
OG0005411,Wa,0.557,0.23194,2.4015
OG0005411,Wo,0.87926,0.23981,3.66641
OG0005411,Sp,5.86514,0.10723,54.69515
OG0005417,La,0.36241,0.21013,1.72468
OG0005417,Wa,0.41383,0.2569,1.61087
OG0005417,Wo,0.42649,0.27615,1.54441
OG0005417,Laeq,0.36742,0.27609,1.33083
OG0005417,Lgib,0.35413,0.22943,1.54354
OG0005417,Sp,0.09555,0.02121,4.50571
OG0005418,La,0.03472,0.10738,0.32337
OG0005418,Laeq,0.07588,0.27439,0.27654
OG0005418,Lgib,0.07094,0.25298,0.28041
OG0005418,Wa,0.20928,0.23622,0.88597
OG0005418,Wo,0.49497,0.28166,1.75734
OG0005418,Sp,0.02285,0.04448,0.51384
OG0005427,La,0.01238,0.15209,0.08141
OG0005427,Laeq,0.02322,0.32013,0.07253
OG0005427,Lgib,0.01777,0.28408,0.06255
OG0005427,Wa,0.02113,0.22037,0.09591
OG0005427,Wo,0.04314,0.26574,0.16236
OG0005427,Sp,0.00373,0.08455,0.04417
OG0005431,La,0.05257,0.10656,0.49339
OG0005431,Laeq,0.13457,0.2265,0.59413
OG0005431,Lgib,0.09457,0.15647,0.60441
OG0005431,Wa,0.09324,0.1951,0.47789
OG0005431,Wo,0.10857,0.20426,0.53153
OG0005431,Sp,3.36076,0.03873,86.77882
OG0005436,La,0.02976,0.10515,0.28304
OG0005436,Laeq,2.55659,0.17379,14.71077
OG0005436,Lgib,0.05546,0.16053,0.34551
OG0005436,Wa,0.13784,0.21316,0.64665
OG0005436,Wo,0.14371,0.20721,0.69353
OG0005436,Sp,0.01559,0.02565,0.60761
OG0005440,La,0.06168,0.14745,0.41833
OG0005440,Laeq,0.12307,0.30691,0.401
OG0005440,Lgib,0.10377,0.26013,0.39893
OG0005440,Wa,0.07535,0.30373,0.24809
OG0005440,Wo,0.17242,0.43055,0.40045
OG0005440,Sp,0.02473,0.06923,0.35721
OG0005443,La,0.16954,0.08308,2.04057
OG0005443,Laeq,0.08057,0.14247,0.56552
OG0005443,Lgib,17.7822,0.16846,105.55859
OG0005443,Wa,0.06964,0.17823,0.39073
OG0005443,Wo,0.08305,0.2661,0.31209
OG0005443,Sp,0.01005,0.05475,0.1836
OG0005447,La,1.56778,0.1123,13.96035
OG0005447,Laeq,1.46747,0.17395,8.43639
OG0005447,Lgib,0.05063,0.13369,0.37869
OG0005447,Wa,0.0633,0.11697,0.54119
OG0005447,Wo,0.2452,0.12514,1.9594
OG0005447,Sp,0.03923,0.07132,0.55013
OG0005464,La,138.96978,0.17551,791.81557
OG0005464,Wa,0.05002,0.21871,0.22869
OG0005464,Wo,0.05773,0.2346,0.24608
OG0005464,Laeq,0.04378,0.21368,0.2049
OG0005464,Lgib,0.03745,0.16734,0.2238
OG0005464,Sp,358.855,0.02838,12642.67904
OG0005468,La,0.43104,0.11615,3.71121
OG0005468,Laeq,0.47234,0.16332,2.8921
OG0005468,Lgib,1.67583,0.15553,10.77513
OG0005468,Wa,0.25392,0.17388,1.46027
OG0005468,Wo,0.2889,0.20429,1.41417
OG0005468,Sp,0.89491,0.02915,30.69634
OG0005471,La,6.91757,0.23465,29.4798
OG0005471,Laeq,0.4192,0.36099,1.16127
OG0005471,Lgib,0.38677,0.33824,1.14346
OG0005471,Wa,0.64491,0.32142,2.00645
OG0005471,Wo,0.63887,0.33632,1.8996
OG0005471,Sp,0.0416,0.03473,1.19775
OG0005472,La,0.08116,0.06678,1.21527
OG0005472,Laeq,0.08409,0.13824,0.60831
OG0005472,Lgib,0.0798,0.07231,1.10366
OG0005472,Wa,0.14123,0.14957,0.94423
OG0005472,Wo,0.76204,0.16257,4.68744
OG0005472,Sp,0.15165,0.07061,2.14761
OG0005476,La,0.05893,0.15965,0.36911
OG0005476,Laeq,0.058,0.2528,0.22942
OG0005476,Lgib,0.05855,0.22894,0.25573
OG0005476,Wa,2.19889,0.17864,12.30923
OG0005476,Wo,2.21533,0.23163,9.56426
OG0005476,Sp,0.13859,0.02526,5.48652
OG0005482,La,0.05648,0.11417,0.49472
OG0005482,Laeq,0.04287,0.20839,0.20572
OG0005482,Lgib,0.03519,0.14093,0.24971
OG0005482,Wa,32.64455,0.18997,171.8385
OG0005482,Wo,0.08459,0.20373,0.41518
OG0005482,Sp,0.23446,0.06668,3.51639
OG0005486,La,0.63605,0.12486,5.094
OG0005486,Laeq,5.12334,0.22816,22.45524
OG0005486,Lgib,13.64141,0.13434,101.54445
OG0005486,Wa,0.63842,0.13755,4.64154
OG0005486,Wo,0.67346,0.16889,3.98748
OG0005486,Sp,0.0305,0.08689,0.35101
OG0005487,La,1.1479,0.19301,5.94727
OG0005487,Laeq,0.03036,0.23161,0.13106
OG0005487,Lgib,0.031,0.21178,0.14638
OG0005487,Wa,0.02393,0.18933,0.12637
OG0005487,Wo,0.03585,0.21132,0.16963
OG0005487,Sp,1.67306,0.02696,62.06173
OG0005488,La,0.03609,0.11913,0.30296
OG0005488,Laeq,0.06205,0.19842,0.3127
OG0005488,Lgib,0.05211,0.17774,0.29321
OG0005488,Wa,0.06205,0.18576,0.33403
OG0005488,Wo,0.06799,0.21452,0.31693
OG0005488,Sp,0.01584,0.03579,0.4425
OG0005495,La,0.40343,0.20438,1.9739
OG0005495,Laeq,0.12495,0.18558,0.67328
OG0005495,Lgib,0.11597,0.13119,0.88402
OG0005495,Wa,0.21393,0.22209,0.96327
OG0005495,Wo,24.86802,0.17948,138.55921
OG0005495,Sp,0.00479,0.09227,0.05188
OG0005497,La,0.20042,0.12344,1.62366
OG0005497,Laeq,0.13309,0.1981,0.67183
OG0005497,Lgib,0.11086,0.15899,0.69729
OG0005497,Wa,0.23849,0.19183,1.2432
OG0005497,Wo,0.23591,0.19906,1.18509
OG0005497,Sp,0.02404,0.03906,0.61549
OG0005499,La,0.17807,0.11429,1.55798
OG0005499,Laeq,0.26837,0.29227,0.91824
OG0005499,Lgib,0.14109,0.18442,0.76503
OG0005499,Wa,0.15512,0.18345,0.84555
OG0005499,Sp,4.36399,0.03284,132.88383
OG0005501,La,0.04858,0.15642,0.31057
OG0005501,Sp,0.02109,0.12332,0.171
OG0005501,Wa,0.07439,0.25279,0.2943
OG0005501,Wo,0.06592,0.27204,0.24233
OG0005501,Laeq,0.01424,0.19376,0.07352
OG0005501,Lgib,0.01799,0.08902,0.20212
OG0005502,La,0.24881,0.28122,0.88475
OG0005502,Lgib,0.24652,0.23997,1.02728
OG0005502,Wa,0.38727,0.44893,0.86264
OG0005502,Wo,14.02404,0.34861,40.22841
OG0005502,Sp,27.85458,0.01593,1748.5555
OG0005505,La,0.16147,0.12464,1.2955
OG0005505,Laeq,0.12119,0.19184,0.63174
OG0005505,Lgib,0.10292,0.14749,0.69777
OG0005505,Wa,0.10349,0.25627,0.40383
OG0005505,Wo,0.15892,0.23876,0.66563
OG0005505,Sp,0.04483,0.05242,0.85505
OG0005507,La,0.08435,0.0953,0.88501
OG0005507,Laeq,0.11821,0.17682,0.66852
OG0005507,Lgib,0.10171,0.13709,0.74195
OG0005507,Wa,0.13705,0.20096,0.68197
OG0005507,Wo,0.13178,0.21854,0.60302
OG0005507,Sp,0.24314,0.03215,7.5624
OG0005515,La,0.10268,0.23391,0.43899
OG0005515,Laeq,0.37709,0.41301,0.91303
OG0005515,Lgib,0.28345,0.37697,0.75192
OG0005515,Wa,0.192,0.33471,0.57364
OG0005515,Wo,3.414,0.3849,8.8699
OG0005515,Sp,18.49863,0.0202,915.89556
OG0005530,La,0.14729,0.11926,1.23501
OG0005530,Wa,0.27603,0.2013,1.37124
OG0005530,Wo,0.3083,0.26893,1.1464
OG0005530,Laeq,0.69096,0.19212,3.59644
OG0005530,Lgib,0.38738,0.16131,2.40146
OG0005530,Sp,0.05311,0.03822,1.38974
OG0005533,La,0.06501,0.15677,0.41468
OG0005533,Wa,0.13634,0.33905,0.40212
OG0005533,Wo,0.34595,0.37745,0.91654
OG0005533,Laeq,0.10071,0.36215,0.27808
OG0005533,Lgib,0.07311,0.25255,0.2895
OG0005533,Sp,0.0164,0.02477,0.66195
OG0005535,La,0.98267,0.08476,11.59303
OG0005535,Laeq,1.01775,0.18933,5.37558
OG0005535,Lgib,0.99658,0.14732,6.76476
OG0005535,Wa,1.02775,0.15621,6.57943
OG0005535,Wo,1.04857,0.20024,5.23669
OG0005535,Sp,0.01384,0.02899,0.47743
OG0005539,La,0.11929,0.10528,1.13312
OG0005539,Laeq,1.60851,0.17911,8.98073
OG0005539,Lgib,1.57317,0.14213,11.06828
OG0005539,Wa,0.25238,0.15575,1.62038
OG0005539,Wo,2.25311,0.17704,12.72657
OG0005539,Sp,0.02974,0.04262,0.69769
OG0005557,La,0.05282,0.11816,0.447
OG0005557,Laeq,0.28253,0.22102,1.27831
OG0005557,Lgib,0.24914,0.17005,1.46505
OG0005557,Wa,0.64879,0.19243,3.37149
OG0005557,Wo,0.64634,0.20131,3.21076
OG0005557,Sp,0.02031,0.03782,0.53712
OG0005564,La,0.04577,0.06036,0.75833
OG0005564,Laeq,5.44651,0.20839,26.1364
OG0005564,Lgib,0.03111,0.21234,0.14654
OG0005564,Wa,0.29695,0.21596,1.37501
OG0005564,Wo,0.12811,0.32282,0.39684
OG0005564,Sp,0.53838,0.13795,3.9027
OG0005567,La,0.0498,0.15759,0.316
OG0005567,Wa,0.081,0.22866,0.35424
OG0005567,Wo,0.07476,0.24049,0.31085
OG0005567,Laeq,0.0878,0.24858,0.35319
OG0005567,Lgib,0.07639,0.22306,0.34245
OG0005567,Sp,0.01885,0.0379,0.49734
OG0005573,La,9.11205,0.11851,76.88745
OG0005573,Laeq,0.25316,0.16146,1.56795
OG0005573,Lgib,0.05081,0.11709,0.43394
OG0005573,Wa,0.09867,0.17813,0.55396
OG0005573,Wo,1.02055,0.35807,2.85009
OG0005573,Sp,0.0159,0.07861,0.2022
OG0005574,La,0.06838,0.09945,0.68755
OG0005574,Wa,0.10646,0.16462,0.64673
OG0005574,Wo,2.78979,0.18405,15.1581
OG0005574,Laeq,1.07485,0.15554,6.91032
OG0005574,Lgib,1.06092,0.12498,8.48845
OG0005574,Sp,0.01961,0.02852,0.68745
OG0005580,La,0.0753,0.12072,0.62378
OG0005580,Laeq,0.20175,0.2274,0.88718
OG0005580,Lgib,0.17964,0.17796,1.00946
OG0005580,Wa,0.47307,0.21812,2.16885
OG0005580,Wo,3.16265,0.2493,12.68612
OG0005580,Sp,0.0133,0.04956,0.2684
OG0005581,La,0.0702,0.11302,0.62114
OG0005581,Laeq,0.11557,0.21839,0.52919
OG0005581,Lgib,0.09683,0.17708,0.54681
OG0005581,Wa,0.15872,0.2106,0.75365
OG0005581,Wo,0.25659,0.28259,0.908
OG0005581,Sp,0.01552,0.03477,0.44642
OG0005584,La,0.35406,0.17865,1.98193
OG0005584,Laeq,0.16611,0.41771,0.39766
OG0005584,Lgib,0.09184,0.25571,0.35914
OG0005584,Wa,0.08275,0.31518,0.26254
OG0005584,Wo,0.13061,0.35276,0.37025
OG0005584,Sp,0.12962,0.01382,9.37845
OG0005587,La,0.04599,0.08473,0.54284
OG0005587,Laeq,0.0798,0.23566,0.33862
OG0005587,Lgib,0.0682,0.16964,0.40204
OG0005587,Wa,0.12465,0.15942,0.78186
OG0005587,Wo,0.11121,0.20676,0.5379
OG0005587,Sp,0.05095,0.07639,0.66701
OG0005593,La,0.05902,0.10826,0.54514
OG0005593,Wa,0.10111,0.17425,0.58027
OG0005593,Wo,0.1111,0.22653,0.49045
OG0005593,Laeq,0.16221,0.18897,0.85841
OG0005593,Lgib,0.08731,0.12881,0.67787
OG0005593,Sp,0.0127,0.06355,0.19991
OG0005595,La,0.03971,0.07598,0.52271
OG0005595,Laeq,0.0541,0.13542,0.39951
OG0005595,Lgib,0.04351,0.14154,0.30741
OG0005595,Wa,13.76317,0.17049,80.72746
OG0005595,Wo,0.04351,0.19443,0.22376
OG0005595,Sp,0.03318,0.05177,0.64084
OG0005607,La,18.49263,0.15356,120.42423
OG0005607,Lgib,3.79324,0.14374,26.38965
OG0005607,Wa,3.84336,0.22244,17.27815
OG0005607,Wo,3.92284,0.25709,15.25872
OG0005607,Sp,22.95917,0.02429,945.20031
OG0005608,La,0.46044,0.07261,6.34123
OG0005608,Laeq,0.48779,0.13142,3.71167
OG0005608,Lgib,0.50769,0.12209,4.1582
OG0005608,Wa,0.46015,0.13092,3.51467
OG0005608,Wo,0.46341,0.18418,2.51608
OG0005608,Sp,9.55663,0.02874,332.49748
OG0005610,La,0.06657,0.13277,0.50141
OG0005610,Laeq,0.67934,0.20845,3.25902
OG0005610,Lgib,0.41319,0.16309,2.53348
OG0005610,Wa,2.83504,0.17019,16.65817
OG0005610,Wo,12.97202,0.17133,75.71531
OG0005610,Sp,0.02583,0.02842,0.90867
OG0005616,La,1.79468,0.11861,15.13123
OG0005616,Laeq,0.18586,0.1831,1.01508
OG0005616,Lgib,0.14317,0.14046,1.01925
OG0005616,Wa,0.23748,0.2019,1.17623
OG0005616,Wo,0.26346,0.22343,1.17915
OG0005616,Sp,2.51384,0.02461,102.13155
OG0005618,La,0.23302,0.09731,2.39462
OG0005618,Laeq,0.13734,0.16388,0.83809
OG0005618,Lgib,0.03766,0.11356,0.33161
OG0005618,Wa,0.06453,0.1803,0.35788
OG0005618,Wo,9.06124,0.19802,45.75828
OG0005618,Sp,0.01386,0.03766,0.36806
OG0005621,La,0.14918,0.15905,0.93794
OG0005621,Laeq,0.16226,0.17312,0.93727
OG0005621,Lgib,0.14078,0.20295,0.69366
OG0005621,Wa,0.4204,0.21945,1.91564
OG0005621,Wo,5.52949,0.25926,21.32832
OG0005621,Sp,0.02358,0.02386,0.98814
OG0005622,La,0.06028,0.2168,0.27804
OG0005622,Wa,0.11551,0.25255,0.4574
OG0005622,Wo,0.12625,0.25764,0.49004
OG0005622,Laeq,0.10192,0.23248,0.43842
OG0005622,Lgib,0.0975,0.2043,0.47724
OG0005622,Sp,0.03681,0.03004,1.22544
OG0005627,La,13.96882,0.10687,130.70732
OG0005627,Laeq,7.53345,0.20497,36.75407
OG0005627,Lgib,7.48341,0.14349,52.15129
OG0005627,Wa,0.24427,0.17027,1.4346
OG0005627,Wo,0.41183,0.24706,1.66693
OG0005627,Sp,0.4034,0.05197,7.76206
OG0005629,La,1.93497,0.11261,17.18352
OG0005629,Laeq,1.93987,0.19306,10.04794
OG0005629,Lgib,1.94897,0.16485,11.82271
OG0005629,Wa,2.2909,0.18284,12.5298
OG0005629,Wo,2.34376,0.24349,9.62559
OG0005629,Sp,0.00981,0.03386,0.28956
OG0005633,La,3.89346,0.14247,27.32896
OG0005633,Laeq,2.54761,0.21806,11.68322
OG0005633,Lgib,2.51544,0.19189,13.10851
OG0005633,Wa,2.58747,0.18158,14.24996
OG0005633,Wo,4.14457,0.21549,19.23296
OG0005633,Sp,0.09465,0.03744,2.52799
OG0005636,La,0.05933,0.10373,0.57196
OG0005636,Laeq,0.06324,0.21998,0.28746
OG0005636,Lgib,0.0596,0.17706,0.33661
OG0005636,Wa,0.087,0.15326,0.56764
OG0005636,Wo,0.53169,0.18359,2.89614
OG0005636,Sp,0.03522,0.03551,0.99186
OG0005637,La,0.07245,0.12069,0.60029
OG0005637,Laeq,0.15771,0.2335,0.67542
OG0005637,Lgib,0.12077,0.13981,0.8638
OG0005637,Wa,0.14393,0.20159,0.71396
OG0005637,Wo,4.97949,0.20939,23.78122
OG0005637,Sp,0.02729,0.02224,1.22709
OG0005638,La,0.14075,0.13248,1.06242
OG0005638,Laeq,0.32942,0.21171,1.55597
OG0005638,Lgib,0.24265,0.16842,1.44068
OG0005638,Wa,0.56894,0.23528,2.41815
OG0005638,Wo,0.35479,0.27475,1.29132
OG0005638,Sp,0.03845,0.03244,1.18534
OG0005660,La,0.03863,0.0676,0.57148
OG0005660,Laeq,0.09104,0.14811,0.61466
OG0005660,Lgib,0.05766,0.16207,0.3558
OG0005660,Sp,0.08052,0.11141,0.72275
OG0005660,Wa,0.17177,0.21176,0.81117
OG0005660,Wo,0.08618,0.22289,0.38666
OG0005664,La,0.03039,0.26909,0.11294
OG0005664,Laeq,0.04912,0.46745,0.10509
OG0005664,Lgib,0.04922,0.37419,0.13153
OG0005664,Wa,0.04293,0.29911,0.14351
OG0005664,Wo,0.04147,0.38269,0.10837
OG0005664,Sp,0.0,0.02754,0.0
OG0005667,La,0.08302,0.10584,0.78432
OG0005667,Laeq,0.19291,0.18347,1.05142
OG0005667,Lgib,0.09059,0.12601,0.7189
OG0005667,Wa,0.13263,0.19788,0.67029
OG0005667,Wo,0.24167,0.24327,0.99341
OG0005667,Sp,0.02013,0.04348,0.46292
OG0005739,Laeq,0.17017,0.28028,0.60717
OG0005739,Lgib,0.00945,0.17775,0.05315
OG0005739,Wa,0.03239,0.2512,0.12893
OG0005739,Wo,0.03592,0.16666,0.21554
OG0005739,Sp,0.0076,0.05901,0.12876
OG0005740,La,0.0643,0.13686,0.46981
OG0005740,Laeq,0.17136,0.26574,0.64483
OG0005740,Lgib,0.06901,0.15568,0.44327
OG0005740,Wa,0.08773,0.17878,0.49074
OG0005740,Wo,13.15062,0.24431,53.82782
OG0005740,Sp,0.44154,0.02983,14.8026
OG0005751,La,0.04005,0.12294,0.32581
OG0005751,Sp,1.01133,0.14489,6.98013
OG0005751,Laeq,0.04341,0.2086,0.20812
OG0005751,Lgib,0.0279,0.15045,0.18545
OG0005751,Wa,0.03699,0.15792,0.2342
OG0005751,Wo,0.09688,0.2804,0.34552
OG0005753,La,4.28181,0.09816,43.61925
OG0005753,Laeq,1.21215,0.22854,5.3039
OG0005753,Lgib,1.49485,0.15253,9.80031
OG0005753,Wa,1.34499,0.22731,5.91709
OG0005753,Wo,1.59481,0.30416,5.24331
OG0005753,Sp,0.02382,0.06404,0.3719
OG0005761,La,0.03725,0.1474,0.25273
OG0005761,Laeq,0.04295,0.37131,0.11567
OG0005761,Lgib,0.02904,0.24631,0.11791
OG0005761,Wa,0.09172,0.21161,0.43344
OG0005761,Sp,0.00992,0.01812,0.54779
OG0005766,La,0.0867,0.1385,0.62597
OG0005766,Laeq,0.2814,0.22154,1.27023
OG0005766,Lgib,0.13029,0.15581,0.83624
OG0005766,Wa,0.41091,0.20325,2.02168
OG0005766,Wo,0.1828,0.22475,0.81337
OG0005766,Sp,0.68184,0.04716,14.4593
OG0005781,La,0.18804,0.16243,1.15768
OG0005781,Laeq,3.4162,0.28223,12.10437
OG0005781,Lgib,0.30463,0.21393,1.42397
OG0005781,Wa,3.1479,0.24827,12.67923
OG0005781,Wo,0.43559,0.29031,1.50044
OG0005781,Sp,0.03087,0.03623,0.85222
OG0005795,La,0.22672,0.15861,1.4294
OG0005795,Sp,0.39918,0.14834,2.69102
OG0005795,Laeq,0.44875,0.14115,3.17923
OG0005795,Lgib,0.22679,0.10923,2.07626
OG0005795,Wa,0.02063,0.12023,0.1716
OG0005795,Wo,0.09034,0.15897,0.56827
OG0005796,La,7.96002,0.14445,55.10432
OG0005796,Laeq,0.31834,0.21129,1.50663
OG0005796,Lgib,0.30964,0.18273,1.69453
OG0005796,Wa,3.00511,0.16876,17.80739
OG0005796,Wo,0.18287,0.21722,0.84187
OG0005796,Sp,0.01453,0.03112,0.46703
OG0005800,La,0.11207,0.0917,1.22224
OG0005800,Laeq,0.69321,0.35617,1.94627
OG0005800,Lgib,0.15108,0.16128,0.93672
OG0005800,Wa,0.23902,0.13691,1.74585
OG0005800,Wo,0.28114,0.25429,1.10558
OG0005800,Sp,0.044,0.04519,0.97372
OG0005804,La,0.10499,0.04697,2.23504
OG0005804,Laeq,0.13232,0.15803,0.8373
OG0005804,Lgib,2.61385,0.09258,28.23231
OG0005804,Wa,0.21103,0.20782,1.01546
OG0005804,Wo,0.39427,0.25236,1.56232
OG0005804,Sp,0.14308,0.09337,1.53245
OG0005805,La,0.12232,0.07186,1.70211
OG0005805,Laeq,0.25384,0.16258,1.56132
OG0005805,Lgib,0.28069,0.14037,1.99957
OG0005805,Wa,0.10312,0.13974,0.73793
OG0005805,Sp,0.01104,0.04741,0.23297
OG0005806,La,0.04732,0.1886,0.25088
OG0005806,Wa,0.05978,0.22335,0.26763
OG0005806,Wo,0.04498,0.24336,0.18481
OG0005806,Laeq,0.03333,0.22328,0.14926
OG0005806,Lgib,0.05662,0.19666,0.28793
OG0005806,Sp,0.00267,0.02915,0.09152
OG0005807,La,0.03578,0.15904,0.22495
OG0005807,Laeq,5.37126,0.30472,17.62705
OG0005807,Lgib,0.08736,0.24895,0.35092
OG0005807,Wa,0.05545,0.18923,0.29301
OG0005807,Wo,0.05501,0.21106,0.26063
OG0005807,Sp,0.02412,0.04659,0.5176
OG0005809,La,30.25257,0.23804,127.08926
OG0005809,Laeq,19.47729,0.42413,45.92326
OG0005809,Lgib,19.45382,0.31656,61.4531
OG0005809,Wa,19.62547,0.1861,105.45773
OG0005809,Wo,19.69371,0.42709,46.11097
OG0005809,Sp,29.70694,0.08487,350.02201
OG0005813,La,0.09822,0.10112,0.97128
OG0005813,Wa,12.97596,0.2445,53.07227
OG0005813,Wo,14.06311,0.27725,50.72364
OG0005813,Laeq,2.48998,0.1896,13.13258
OG0005813,Lgib,0.10728,0.15223,0.70474
OG0005813,Sp,0.50616,0.01983,25.52479
OG0005815,La,0.12534,0.11853,1.05746
OG0005815,Laeq,3.07152,0.1822,16.85798
OG0005815,Lgib,0.13157,0.16244,0.80993
OG0005815,Wa,0.17405,0.20243,0.8598
OG0005815,Sp,1.53687,0.05154,29.81999
OG0005817,La,0.03505,0.14243,0.24607
OG0005817,Wa,0.05209,0.18263,0.28521
OG0005817,Wo,0.07722,0.21695,0.35592
OG0005817,Laeq,0.03724,0.15815,0.23546
OG0005817,Lgib,0.90471,0.13935,6.49236
OG0005817,Sp,0.00977,0.05341,0.18299
OG0005820,La,0.10359,0.12759,0.81192
OG0005820,Laeq,1.50342,0.41573,3.61636
OG0005820,Wa,0.27418,0.21273,1.2889
OG0005820,Wo,0.41256,0.25368,1.62625
OG0005820,Lgib,0.15972,0.2344,0.6814
OG0005820,Sp,3.64306,0.03458,105.35687
OG0005821,La,0.07821,0.15619,0.50073
OG0005821,Laeq,3.14361,0.28638,10.9772
OG0005821,Lgib,0.14356,0.2303,0.62336
OG0005821,Wa,10.32583,0.18545,55.67869
OG0005821,Wo,22.44906,0.29162,76.97946
OG0005821,Sp,7.55368,0.05737,131.65636
OG0005823,La,0.11937,0.11924,1.00115
OG0005823,Laeq,0.15648,0.23516,0.66541
OG0005823,Lgib,0.20508,0.13598,1.50815
OG0005823,Wa,0.72035,0.17816,4.04338
OG0005823,Wo,0.26449,0.21323,1.24039
OG0005823,Sp,0.06675,0.04684,1.42506
OG0005827,La,0.02874,0.08744,0.32874
OG0005827,Laeq,2.75948,0.22577,12.22236
OG0005827,Lgib,64.25605,0.21949,292.75102
OG0005827,Wa,0.09041,0.21029,0.42994
OG0005827,Sp,0.02683,0.0125,2.14618
OG0005839,La,0.08176,0.08687,0.94119
OG0005839,Laeq,0.14138,0.13503,1.04702
OG0005839,Lgib,0.14195,0.15143,0.93738
OG0005839,Wa,0.14304,0.13932,1.02673
OG0005839,Wo,10.60068,0.10724,98.84931
OG0005839,Sp,1.84756,0.06928,26.66972
OG0005841,La,0.03709,0.1239,0.29937
OG0005841,Laeq,8.21718,0.21346,38.49547
OG0005841,Lgib,8.21414,0.13537,60.68018
OG0005841,Wa,0.09483,0.17574,0.53959
OG0005841,Wo,6.56754,0.2045,32.11489
OG0005841,Sp,0.01858,0.04897,0.37942
OG0005845,La,0.13871,0.16291,0.85149
OG0005845,Wa,4.2359,0.25039,16.91717
OG0005845,Wo,0.30066,0.29726,1.01142
OG0005845,Laeq,0.2373,0.29484,0.80484
OG0005845,Lgib,0.30796,0.23735,1.29751
OG0005845,Sp,0.37483,0.02322,16.14285
OG0005850,La,0.01077,0.11109,0.09693
OG0005850,Laeq,0.03908,0.19881,0.19658
OG0005850,Lgib,0.01569,0.16845,0.09311
OG0005850,Wa,0.01867,0.15981,0.11684
OG0005850,Wo,0.0219,0.2409,0.0909
OG0005850,Sp,0.00244,0.03308,0.07381
OG0005853,La,6.45453,0.138,46.77089
OG0005853,Laeq,0.35848,0.21765,1.64704
OG0005853,Lgib,0.50305,0.18066,2.78456
OG0005853,Wa,0.44981,0.34791,1.2929
OG0005853,Wo,0.50793,0.44907,1.13106
OG0005853,Sp,0.08587,0.06717,1.27841
OG0005859,La,0.06233,0.13047,0.4777
OG0005859,Laeq,0.10013,0.24321,0.41172
OG0005859,Lgib,0.06769,0.17849,0.37921
OG0005859,Wa,0.12124,0.19488,0.62212
OG0005859,Wo,0.15488,0.23809,0.65049
OG0005859,Sp,0.0334,0.02242,1.48982
OG0005864,La,8.28774,0.16856,49.16726
OG0005864,Laeq,7.86601,0.25618,30.70538
OG0005864,Lgib,7.85755,0.21721,36.17411
OG0005864,Wa,0.11236,0.22963,0.48933
OG0005864,Wo,3.65633,0.2377,15.38215
OG0005864,Sp,17.27104,0.05885,293.49036
OG0005866,La,0.0966,0.13857,0.69712
OG0005866,Laeq,0.38061,0.46631,0.81621
OG0005866,Lgib,0.18134,0.27548,0.65826
OG0005866,Wa,22.19398,0.20403,108.78043
OG0005866,Sp,1.77281,0.05883,30.13569
OG0005876,La,3.23848,0.11163,29.01166
OG0005876,Laeq,3.51751,0.19312,18.21416
OG0005876,Lgib,4.41843,0.14777,29.90066
OG0005876,Wa,3.69168,0.18849,19.58547
OG0005876,Wo,6.43832,0.23014,27.97587
OG0005876,Sp,0.03838,0.04447,0.86309
OG0005886,La,0.0678,0.13874,0.48867
OG0005886,Laeq,7.22613,0.19801,36.49385
OG0005886,Lgib,0.37214,0.16609,2.24064
OG0005886,Wa,0.10738,0.21683,0.49524
OG0005886,Wo,0.12596,0.2698,0.46687
OG0005886,Sp,0.02988,0.04457,0.67039
OG0005888,La,3.90886,0.08939,43.72886
OG0005888,Laeq,0.06652,0.1789,0.37181
OG0005888,Lgib,0.05327,0.13403,0.39741
OG0005888,Wa,0.06798,0.17416,0.39034
OG0005888,Wo,0.08138,0.17299,0.4704
OG0005888,Sp,0.00676,0.1385,0.04882
OG0005891,La,0.12433,0.14228,0.87383
OG0005891,Laeq,0.16725,0.27601,0.60594
OG0005891,Lgib,0.14685,0.30312,0.48445
OG0005891,Wa,0.19572,0.36217,0.54042
OG0005891,Sp,0.08053,0.02382,3.38096
OG0005893,La,3.43761,0.12491,27.52098
OG0005893,Laeq,0.30398,0.21056,1.44367
OG0005893,Lgib,0.11216,0.15036,0.74593
OG0005893,Wa,0.1384,0.16211,0.85372
OG0005893,Wo,0.85731,0.16671,5.14266
OG0005893,Sp,0.6068,0.0329,18.44579
OG0005898,La,0.04185,0.11956,0.35004
OG0005898,Laeq,0.06504,0.18889,0.34435
OG0005898,Lgib,0.04791,0.13899,0.3447
OG0005898,Wa,7.51516,0.16178,46.45403
OG0005898,Wo,3.47838,0.17926,19.4038
OG0005898,Sp,0.02022,0.03569,0.56653
OG0005904,La,0.01463,0.08263,0.17708
OG0005904,Sp,0.01575,0.05741,0.27426
OG0005904,Wa,0.04645,0.15465,0.30034
OG0005904,Wo,0.06114,0.2142,0.28544
OG0005904,Laeq,0.0151,0.16971,0.08895
OG0005904,Lgib,0.01782,0.12399,0.14374
OG0005907,La,0.24173,0.10892,2.21935
OG0005907,Laeq,0.28035,0.17667,1.58688
OG0005907,Lgib,0.31555,0.13606,2.31913
OG0005907,Wa,0.28244,0.17296,1.63294
OG0005907,Wo,0.29854,0.20835,1.43288
OG0005907,Sp,0.05976,0.04745,1.25947
OG0005910,La,0.14668,0.15092,0.97187
OG0005910,Laeq,0.25139,0.24587,1.02245
OG0005910,Lgib,0.18584,0.1878,0.98959
OG0005910,Wa,0.29943,0.25636,1.16804
OG0005910,Wo,2.07287,0.28063,7.3865
OG0005910,Sp,30.19572,0.01127,2678.71883
OG0005915,La,0.04826,0.11589,0.41644
OG0005915,Laeq,4.3077,0.17967,23.97502
OG0005915,Lgib,4.01846,0.14728,27.28415
OG0005915,Wa,4.03364,0.16705,24.14617
OG0005915,Wo,4.092,0.18803,21.76233
OG0005915,Sp,0.07677,0.03775,2.03359
OG0005916,La,0.02432,0.09644,0.25213
OG0005916,Laeq,0.06824,0.29151,0.23411
OG0005916,Lgib,0.05227,0.20852,0.25065
OG0005916,Wa,26.50481,0.16491,160.72135
OG0005916,Wo,26.50522,0.23558,112.5101
OG0005916,Sp,0.02048,0.04222,0.48516
OG0005918,La,0.11298,0.18829,0.60003
OG0005918,Laeq,5.987,0.32234,18.57368
OG0005918,Lgib,5.97433,0.26338,22.68365
OG0005918,Wa,0.15717,0.22227,0.70711
OG0005918,Wo,0.1796,0.23684,0.75833
OG0005918,Sp,2.43045,0.03351,72.52866
OG0005922,La,6.7551,0.17148,39.39399
OG0005922,Laeq,0.39647,0.3099,1.27936
OG0005922,Lgib,2.44182,0.22968,10.63155
OG0005922,Wa,0.14203,0.20776,0.68365
OG0005922,Wo,1.61649,0.79716,2.0278
OG0005922,Sp,0.04591,0.05905,0.77739
OG0005927,La,0.1663,0.10807,1.5389
OG0005927,Laeq,0.16032,0.34644,0.46278
OG0005927,Lgib,1.37566,0.26374,5.21605
OG0005927,Wa,11.68805,0.25075,46.61145
OG0005927,Wo,2.6952,0.48059,5.60806
OG0005927,Sp,0.03244,0.04316,0.75162
OG0005929,La,0.05887,0.15757,0.37359
OG0005929,Laeq,0.18065,0.24241,0.74523
OG0005929,Lgib,0.17205,0.23264,0.73957
OG0005929,Wa,0.08661,0.23779,0.36423
OG0005929,Wo,0.27535,0.29219,0.94235
OG0005929,Sp,0.01507,0.03609,0.41738
OG0005930,La,0.06434,0.11642,0.55267
OG0005930,Laeq,0.1467,0.231,0.63507
OG0005930,Lgib,0.10105,0.18669,0.5413
OG0005930,Wa,0.16174,0.22528,0.71792
OG0005930,Wo,0.21775,0.31489,0.69151
OG0005930,Sp,0.03887,0.0455,0.85432
OG0005933,Laeq,0.16811,0.17723,0.94852
OG0005933,Lgib,4.6871,0.13457,34.82988
OG0005933,Wa,18.06059,0.1623,111.28223
OG0005933,Wo,5.27819,0.18451,28.60704
OG0005933,Sp,0.0288,0.06177,0.46617
OG0005934,La,0.28185,0.12561,2.24385
OG0005934,Laeq,0.02575,0.29371,0.08766
OG0005934,Lgib,0.02799,0.22606,0.12382
OG0005934,Wa,0.02296,0.20085,0.11432
OG0005934,Wo,0.049,0.22468,0.21809
OG0005934,Sp,0.00595,0.03761,0.15835
OG0005935,La,0.08959,0.12555,0.71353
OG0005935,Laeq,0.15989,0.21955,0.72828
OG0005935,Lgib,0.14105,0.19707,0.71571
OG0005935,Wa,0.69208,0.19042,3.63448
OG0005935,Wo,0.33498,0.23113,1.44932
OG0005935,Sp,14.98555,0.04625,324.00786
OG0005937,La,0.12373,0.24641,0.50213
OG0005937,Laeq,0.38266,0.27872,1.37294
OG0005937,Lgib,0.20166,0.32666,0.61735
OG0005937,Wa,0.21672,0.21805,0.99389
OG0005937,Sp,0.02097,0.04463,0.4699
OG0005939,La,0.09673,0.12333,0.78427
OG0005939,Laeq,1.16331,0.16784,6.93107
OG0005939,Lgib,1.13955,0.14287,7.97626
OG0005939,Wa,3.12397,0.17114,18.25356
OG0005939,Wo,3.13295,0.19482,16.0812
OG0005939,Sp,0.01701,0.03795,0.44806
OG0005942,La,0.03384,0.09454,0.35796
OG0005942,Wa,0.07804,0.17414,0.44811
OG0005942,Wo,0.0731,0.19112,0.3825
OG0005942,Laeq,0.04914,0.16509,0.29764
OG0005942,Lgib,0.04771,0.09703,0.4917
OG0005953,La,0.15066,0.12337,1.22122
OG0005953,Laeq,0.21004,0.18831,1.1154
OG0005953,Lgib,0.84911,0.12512,6.78635
OG0005953,Wa,1.07734,0.15166,7.10367
OG0005953,Wo,0.87188,0.19532,4.46393
OG0005953,Sp,0.12906,0.10869,1.18747
OG0005954,La,0.91605,0.10291,8.90171
OG0005954,Laeq,7.96014,0.24034,33.1201
OG0005954,Lgib,7.91381,0.16501,47.96066
OG0005954,Wa,20.0011,0.21198,94.35324
OG0005954,Wo,26.19581,0.30129,86.94438
OG0005954,Sp,0.10392,0.05332,1.9489
OG0005955,La,0.0509,0.16378,0.3108
OG0005955,Laeq,21.59132,0.40921,52.76389
OG0005955,Lgib,0.02985,0.36344,0.08214
OG0005955,Wa,0.03146,0.27153,0.11587
OG0005955,Wo,0.05482,0.30078,0.18227
OG0005955,Sp,0.00475,0.0432,0.1099
OG0005963,La,0.05871,0.17529,0.33494
OG0005963,Sp,0.07614,0.22708,0.33531
OG0005963,Laeq,0.09478,0.2475,0.38295
OG0005963,Lgib,0.46035,0.23026,1.99926
OG0005963,Wa,0.04287,0.05742,0.74671
OG0005963,Wo,0.08353,0.06248,1.33686
OG0005965,La,0.05623,0.08646,0.65039
OG0005965,Laeq,0.13104,0.16775,0.78116
OG0005965,Lgib,0.09442,0.13262,0.71194
OG0005965,Wa,2.94809,0.15026,19.6195
OG0005965,Wo,2.97142,0.18146,16.37534
OG0005965,Sp,0.53025,0.03764,14.08707
OG0005972,La,0.03708,0.1929,0.19221
OG0005972,Wa,4.10662,0.2509,16.36727
OG0005972,Wo,3.26895,0.27972,11.68629
OG0005972,Laeq,0.36843,0.25417,1.44953
OG0005972,Lgib,0.23363,0.24989,0.93493
OG0005972,Sp,0.10188,0.0334,3.05051
OG0005973,La,0.04994,0.12962,0.38525
OG0005973,Laeq,0.07422,0.23073,0.32169
OG0005973,Lgib,0.16091,0.20419,0.78805
OG0005973,Wa,0.08795,0.23225,0.37867
OG0005973,Wo,0.09204,0.24655,0.37329
OG0005973,Sp,0.02486,0.06775,0.36693
OG0005977,La,0.39069,0.11902,3.28268
OG0005977,Laeq,0.13844,0.35154,0.39381
OG0005977,Lgib,0.12214,0.28581,0.42734
OG0005977,Wa,0.21536,0.46691,0.46123
OG0005977,Wo,0.21543,0.43323,0.49727
OG0005977,Sp,0.01884,0.04612,0.40848
OG0005982,La,6.77914,0.05151,131.60328
OG0005982,Laeq,0.26278,0.30411,0.8641
OG0005982,Lgib,0.13555,0.1303,1.04034
OG0005982,Wa,14.03225,0.20586,68.16519
OG0005982,Wo,14.02719,0.35319,39.71602
OG0005982,Sp,0.11873,0.11993,0.99002
OG0005984,La,0.13004,0.12636,1.02917
OG0005984,Laeq,0.21238,0.14517,1.46294
OG0005984,Lgib,0.1657,0.12598,1.31526
OG0005984,Wa,0.56431,0.15464,3.6493
OG0005984,Wo,0.2054,0.15651,1.3124
OG0005984,Sp,0.13281,0.09541,1.392
OG0005993,La,0.48308,0.19701,2.45207
OG0005993,Laeq,0.16676,0.35254,0.47302
OG0005993,Lgib,0.90647,0.24073,3.76555
OG0005993,Wa,1.25178,0.37604,3.32884
OG0005993,Wo,1.40252,0.42725,3.28267
OG0005993,Sp,0.20093,0.06907,2.90903
OG0005996,La,0.29059,0.13369,2.17352
OG0005996,Laeq,1.16397,0.19019,6.12009
OG0005996,Wa,42.35385,0.26104,162.25074
OG0005996,Wo,25.4319,0.22708,111.99529
OG0005996,Sp,0.06613,0.02748,2.40638
OG0005997,La,0.09458,0.12193,0.77563
OG0005997,Laeq,0.17429,0.16966,1.02728
OG0005997,Lgib,0.16637,0.12036,1.38222
OG0005997,Wa,0.1184,0.21263,0.55683
OG0005997,Wo,0.59007,0.27202,2.16921
OG0005997,Sp,0.09623,0.08301,1.15931
OG0005998,La,0.35428,0.31928,1.10964
OG0005998,Wa,7.03148,0.24126,29.14427
OG0005998,Wo,0.36011,0.22948,1.56926
OG0005998,Laeq,0.3103,0.1993,1.55699
OG0005998,Lgib,6.49391,0.20408,31.82108
OG0005998,Sp,0.04377,0.06515,0.6719
OG0006001,La,8.40589,0.27668,30.38158
OG0006001,Laeq,9.6776,0.39952,24.22287
OG0006001,Lgib,9.66471,0.32105,30.1033
OG0006001,Wa,0.27116,0.29115,0.93134
OG0006001,Wo,0.33207,0.35692,0.93036
OG0006001,Sp,12.54643,0.05888,213.07215
OG0006002,La,0.02261,0.14583,0.15507
OG0006002,Laeq,0.03923,0.20293,0.19331
OG0006002,Lgib,0.027,0.15512,0.17405
OG0006002,Wa,0.04225,0.22402,0.1886
OG0006002,Wo,0.04857,0.24381,0.19923
OG0006002,Sp,0.09409,0.02638,3.56679
OG0006006,La,0.0635,0.17384,0.36526
OG0006006,Laeq,0.23068,0.31334,0.73621
OG0006006,Lgib,0.07771,0.24517,0.31697
OG0006006,Wa,0.10668,0.28583,0.37323
OG0006006,Sp,0.03742,0.03355,1.11542
OG0006019,La,4.75283,0.08393,56.62704
OG0006019,Laeq,7.27431,0.17433,41.72844
OG0006019,Lgib,7.31208,0.17764,41.16133
OG0006019,Wa,4.75932,0.15739,30.2398
OG0006019,Wo,4.76862,0.15236,31.29796
OG0006019,Sp,0.00614,0.03231,0.18999
OG0006024,La,3.11756,0.13132,23.73986
OG0006024,Laeq,3.12657,0.2381,13.13113
OG0006024,Lgib,3.11958,0.18196,17.14418
OG0006024,Wa,3.12616,0.13104,23.8557
OG0006024,Sp,0.01453,0.02764,0.52574
OG0006025,La,0.19871,0.28099,0.70717
OG0006025,Laeq,0.26607,0.46674,0.57005
OG0006025,Lgib,0.26773,0.40738,0.65719
OG0006025,Wa,0.34095,0.36876,0.92456
OG0006025,Wo,0.36637,0.45303,0.80871
OG0006025,Sp,0.05947,0.11855,0.50162
OG0006030,La,0.15634,0.12291,1.27203
OG0006030,Laeq,0.28008,0.21642,1.29419
OG0006030,Lgib,0.16777,0.19215,0.8731
OG0006030,Wa,0.2106,0.29978,0.7025
OG0006030,Wo,4.64011,0.31669,14.65197
OG0006030,Sp,0.02466,0.05177,0.47632
OG0006033,La,0.07576,0.14039,0.53962
OG0006033,Laeq,0.07951,0.28181,0.28215
OG0006033,Lgib,0.08744,0.26567,0.32913
OG0006033,Wa,0.07286,0.32857,0.22176
OG0006033,Wo,0.0925,0.29347,0.31519
OG0006033,Sp,0.02398,0.02846,0.84247
OG0006035,La,0.06934,0.15296,0.45335
OG0006035,Laeq,1.56881,0.22125,7.09054
OG0006035,Lgib,0.08332,0.18167,0.4586
OG0006035,Wa,0.64719,0.16824,3.84687
OG0006035,Wo,0.57296,0.20172,2.84036
OG0006035,Sp,0.0198,0.03272,0.60514
OG0006042,La,2.91026,0.17399,16.72612
OG0006042,Wa,0.16987,0.30008,0.56609
OG0006042,Wo,4.04566,0.34652,11.67504
OG0006042,Laeq,0.1367,0.33335,0.41008
OG0006042,Lgib,0.10235,0.23215,0.44087
OG0006042,Sp,14.70766,0.04776,307.92719
OG0006043,La,0.05041,0.14447,0.34895
OG0006043,Laeq,0.09635,0.29717,0.32423
OG0006043,Lgib,0.08709,0.15544,0.56028
OG0006043,Wa,0.21042,0.2786,0.75528
OG0006043,Wo,0.27211,0.31886,0.85337
OG0006043,Sp,0.04109,0.1002,0.41013
OG0006046,La,0.13299,0.08464,1.5713
OG0006046,Laeq,0.30919,0.23663,1.3066
OG0006046,Lgib,0.53958,0.20222,2.66826
OG0006046,Wa,3.74294,0.16356,22.88484
OG0006046,Wo,0.35915,0.21892,1.64053
OG0006046,Sp,0.01655,0.04062,0.40754
OG0006051,La,0.11507,0.11783,0.97655
OG0006051,Laeq,8.78475,0.30254,29.0368
OG0006051,Lgib,0.3114,0.21664,1.43741
OG0006051,Wa,0.22396,0.23221,0.96446
OG0006051,Wo,0.48109,0.3423,1.40547
OG0006051,Sp,0.04829,0.04013,1.20335
OG0006056,La,0.00548,0.1208,0.04539
OG0006056,Laeq,0.02991,0.27047,0.1106
OG0006056,Lgib,0.01693,0.19738,0.08579
OG0006056,Wa,0.02501,0.24222,0.10323
OG0006056,Wo,0.0284,0.28576,0.09938
OG0006056,Sp,0.0,0.04633,0.0
OG0006059,La,0.02653,0.05586,0.4749
OG0006059,Laeq,0.05021,0.24628,0.20388
OG0006059,Lgib,0.03666,0.16261,0.22544
OG0006059,Sp,0.04634,0.10004,0.46327
OG0006059,Wa,0.0738,0.18122,0.40722
OG0006059,Wo,0.11785,0.24838,0.47445
OG0006065,La,0.06242,0.17164,0.36367
OG0006065,Laeq,0.17607,0.28377,0.62048
OG0006065,Lgib,0.08302,0.23443,0.35414
OG0006065,Wa,0.17226,0.25178,0.68416
OG0006065,Wo,0.16844,0.28394,0.59322
OG0006065,Sp,0.03418,0.05909,0.57848
OG0006066,La,0.00992,0.1017,0.09757
OG0006066,Laeq,0.02149,0.22276,0.09648
OG0006066,Lgib,0.01182,0.1623,0.07284
OG0006066,Wa,0.01175,0.16545,0.071
OG0006066,Wo,0.01829,0.19366,0.09443
OG0006066,Sp,0.0055,0.09219,0.05971
OG0006067,La,0.02169,0.0768,0.28245
OG0006067,Wa,0.07598,0.11639,0.65282
OG0006067,Wo,1.94145,0.17401,11.15727
OG0006067,Laeq,0.0766,0.15601,0.49101
OG0006067,Lgib,0.57994,0.1014,5.71935
OG0006067,Sp,0.02389,0.05919,0.40353
OG0006072,La,0.12796,0.13815,0.92621
OG0006072,Wa,0.13244,0.21457,0.61723
OG0006072,Wo,0.14464,0.25489,0.56746
OG0006072,Laeq,0.15314,0.18872,0.81151
OG0006072,Lgib,0.12535,0.15672,0.79982
OG0006072,Sp,0.04273,0.02533,1.68644
OG0006084,La,0.13487,0.10035,1.34398
OG0006084,Wa,0.16946,0.16755,1.01143
OG0006084,Wo,0.17254,0.18271,0.94432
OG0006084,Laeq,0.20294,0.14705,1.38008
OG0006084,Lgib,0.15457,0.12772,1.21022
OG0006084,Sp,0.5269,0.0371,14.20298
OG0006094,La,0.03338,0.1159,0.28801
OG0006094,Laeq,0.05003,0.18646,0.26832
OG0006094,Lgib,0.04181,0.17876,0.23392
OG0006094,Wa,0.05127,0.22631,0.22655
OG0006094,Wo,1.58002,0.42153,3.74826
OG0006094,Sp,0.01821,0.02388,0.76261
OG0006096,La,0.08838,0.16678,0.52992
OG0006096,Laeq,9.65946,0.22805,42.357
OG0006096,Lgib,6.47865,0.14953,43.32538
OG0006096,Wa,0.60153,0.17009,3.53654
OG0006096,Wo,9.44441,0.26766,35.28489
OG0006096,Sp,0.01147,0.03323,0.34519
OG0006097,La,0.07459,0.13726,0.54342
OG0006097,Laeq,0.1434,0.21213,0.676
OG0006097,Lgib,0.08787,0.17032,0.5159
OG0006097,Wa,0.08787,0.18732,0.46909
OG0006097,Wo,0.11531,0.20855,0.55291
OG0006097,Sp,0.02904,0.02714,1.06992
OG0006098,La,0.04479,0.08126,0.55122
OG0006098,Laeq,0.06188,0.12061,0.51309
OG0006098,Lgib,0.03915,0.11982,0.32679
OG0006098,Wa,0.05554,0.16086,0.34525
OG0006098,Wo,0.08949,0.19093,0.46867
OG0006098,Sp,0.01145,0.01778,0.64362
OG0006100,La,0.08772,0.10714,0.81875
OG0006100,Laeq,0.14099,0.1577,0.89399
OG0006100,Lgib,0.1036,0.15097,0.6862
OG0006100,Wa,0.15798,0.20152,0.78394
OG0006100,Wo,3.84379,0.20213,19.01611
OG0006100,Sp,0.03436,0.03118,1.10177
OG0006101,La,0.10143,0.21787,0.46553
OG0006101,Wa,0.07971,0.24064,0.33125
OG0006101,Wo,0.11233,0.32366,0.34705
OG0006101,Laeq,9.23839,0.21456,43.058
OG0006101,Lgib,2.9408,0.17474,16.82926
OG0006101,Sp,0.06801,0.02417,2.81433
OG0006108,La,2.74645,0.11472,23.94011
OG0006108,Laeq,0.15042,0.27538,0.54621
OG0006108,Lgib,0.12121,0.18478,0.65597
OG0006108,Wa,0.40618,0.18421,2.20497
OG0006108,Wo,0.42357,0.19642,2.1564
OG0006108,Sp,0.02075,0.02991,0.69361
OG0006114,La,0.06624,0.10984,0.60303
OG0006114,Laeq,0.09545,0.16396,0.58212
OG0006114,Lgib,0.06168,0.14975,0.4119
OG0006114,Wa,0.09744,0.15728,0.61953
OG0006114,Wo,0.14506,0.18577,0.78086
OG0006114,Sp,0.04286,0.05188,0.82623
OG0006118,La,0.09173,0.11763,0.77984
OG0006118,Wa,0.11435,0.15049,0.75987
OG0006118,Wo,0.24353,0.16885,1.44229
OG0006118,Laeq,1.4322,0.19729,7.25956
OG0006118,Lgib,0.30686,0.15349,1.99922
OG0006118,Sp,0.02143,0.04045,0.52969
OG0006122,La,1519.167,0.08037,18902.82731
OG0006122,Laeq,1520.83871,0.34756,4375.73704
OG0006122,Lgib,1519.21759,0.30326,5009.5616
OG0006122,Wa,1519.37503,0.32724,4643.0581
OG0006122,Wo,1519.34347,0.31931,4758.13711
OG0006122,Sp,40.02913,0.07372,543.00316
OG0006125,La,6.55779,0.07959,82.39221
OG0006125,Wa,0.38875,0.27592,1.40893
OG0006125,Wo,0.40289,0.31967,1.26031
OG0006125,Laeq,0.35104,0.22526,1.55837
OG0006125,Lgib,0.33086,0.11383,2.90664
OG0006125,Sp,0.0164,0.0489,0.33537
OG0006128,La,0.02341,0.17947,0.13043
OG0006128,Laeq,0.02886,0.24123,0.11964
OG0006128,Lgib,0.02586,0.23014,0.11238
OG0006128,Wa,25.65666,0.2145,119.60883
OG0006128,Wo,0.0457,0.25002,0.18278
OG0006128,Sp,0.0052,0.03142,0.16555
OG0006139,La,10.33848,0.11471,90.13084
OG0006139,Laeq,23.2134,0.34856,66.59758
OG0006139,Lgib,23.14087,0.24047,96.23234
OG0006139,Wo,25.0135,0.24134,103.64498
OG0006139,Sp,0.08113,0.04883,1.66125
OG0006142,La,0.09612,0.22597,0.42535
OG0006142,Laeq,0.4455,0.40877,1.08986
OG0006142,Lgib,0.12688,0.28393,0.44686
OG0006142,Wa,2.72519,0.26033,10.46811
OG0006142,Wo,5.65914,0.29064,19.47156
OG0006142,Sp,0.0339,0.03602,0.94115
OG0006143,La,2.66381,0.1926,13.83102
OG0006143,Laeq,0.07591,0.17683,0.42926
OG0006143,Lgib,0.04951,0.14225,0.34801
OG0006143,Wa,0.13817,0.17395,0.79431
OG0006143,Wo,0.15898,0.2046,0.77705
OG0006143,Sp,0.35067,0.03465,10.12029
OG0006159,La,0.04575,0.15779,0.28998
OG0006159,Laeq,0.03449,0.28328,0.12175
OG0006159,Lgib,0.03851,0.23047,0.16708
OG0006159,Wa,0.1401,0.25631,0.54659
OG0006159,Wo,0.13254,0.31245,0.42419
OG0006159,Sp,0.00809,0.01712,0.47236
OG0006169,La,0.07339,0.13044,0.56261
OG0006169,Laeq,0.17151,0.43556,0.39378
OG0006169,Lgib,2.73362,0.19625,13.92895
OG0006169,Wa,0.11455,0.24352,0.4704
OG0006169,Wo,9.61963,0.38578,24.93579
OG0006169,Sp,0.00735,0.04663,0.15768
OG0006177,La,0.07017,0.12538,0.55964
OG0006177,Laeq,0.10456,0.21429,0.48792
OG0006177,Lgib,0.08332,0.15478,0.53833
OG0006177,Wa,0.08925,0.17476,0.51072
OG0006177,Wo,0.08918,0.19524,0.45678
OG0006177,Sp,0.21408,0.01995,10.72917
OG0006178,La,0.06458,0.12069,0.53512
OG0006178,Laeq,0.11318,0.16326,0.69325
OG0006178,Lgib,0.11164,0.19161,0.58264
OG0006178,Wa,0.11106,0.22203,0.50022
OG0006178,Wo,0.29495,0.28085,1.05018
OG0006178,Sp,0.02767,0.02811,0.9846
OG0006179,La,0.07376,0.11123,0.66317
OG0006179,Laeq,0.10702,0.17089,0.62622
OG0006179,Lgib,0.17111,0.16089,1.0635
OG0006179,Wa,0.37687,0.2179,1.72953
OG0006179,Wo,21.97162,0.25777,85.2381
OG0006179,Sp,0.19598,0.06114,3.20517
OG0006182,La,0.07382,0.07564,0.97603
OG0006182,Laeq,0.45137,0.12033,3.75117
OG0006182,Lgib,0.341,0.10858,3.14052
OG0006182,Wa,0.14935,0.15515,0.96264
OG0006182,Wo,0.19941,0.18302,1.08953
OG0006182,Sp,0.0176,0.0355,0.49572
OG0006183,La,0.20085,0.12865,1.56128
OG0006183,Laeq,2.46253,0.20689,11.90274
OG0006183,Lgib,2.43228,0.13164,18.47696
OG0006183,Wa,0.25783,0.18011,1.43156
OG0006183,Wo,0.27948,0.18841,1.48335
OG0006183,Sp,0.01998,0.0417,0.47914
OG0006184,La,6.53293,0.12137,53.82578
OG0006184,Laeq,1.97226,0.27711,7.11722
OG0006184,Lgib,1.77175,0.18759,9.44496
OG0006184,Wa,1.81835,0.15207,11.95762
OG0006184,Wo,1.86803,0.24871,7.51097
OG0006184,Sp,0.01502,0.04447,0.33776
OG0006192,La,5.48772,0.10984,49.96039
OG0006192,Laeq,10.21108,0.25258,40.42666
OG0006192,Lgib,5.61848,0.26105,21.52248
OG0006192,Wa,5.59251,0.24078,23.22685
OG0006192,Wo,5.61044,0.29597,18.95603
OG0006192,Sp,860.69475,0.05457,15771.74572
OG0006193,La,0.05292,0.09567,0.55313
OG0006193,Laeq,0.11129,0.19617,0.5673
OG0006193,Lgib,0.09737,0.20194,0.48219
OG0006193,Wa,0.05291,0.15205,0.34798
OG0006193,Wo,0.04393,0.21204,0.20719
OG0006193,Sp,0.01149,0.07715,0.14894
OG0006203,La,0.06019,0.12876,0.46747
OG0006203,Laeq,0.10466,0.19853,0.52715
OG0006203,Lgib,0.07224,0.18488,0.39074
OG0006203,Wa,0.11612,0.1909,0.60826
OG0006203,Wo,0.2136,0.23229,0.91951
OG0006203,Sp,0.02688,0.02792,0.96282
OG0006209,Laeq,0.08116,0.21326,0.38058
OG0006209,Lgib,0.22493,0.19453,1.15625
OG0006209,Wa,0.12396,0.23362,0.5306
OG0006209,Wo,0.11252,0.24696,0.45562
OG0006209,Sp,0.07074,0.03006,2.35304
OG0006213,La,0.06511,0.12527,0.5198
OG0006213,Laeq,0.14362,0.18135,0.79192
OG0006213,Lgib,0.07277,0.15816,0.46013
OG0006213,Wa,0.10604,0.18271,0.58036
OG0006213,Wo,1.17504,0.19261,6.1005
OG0006213,Sp,1.27058,0.04144,30.66386
OG0006216,La,0.66765,0.18003,3.70844
OG0006216,Laeq,1.5828,0.44192,3.58166
OG0006216,Lgib,1.61512,0.31336,5.15418
OG0006216,Wa,8.72751,0.42246,20.65875
OG0006216,Wo,21.28049,0.55831,38.11588
OG0006216,Sp,0.02515,0.03997,0.62911
OG0006217,La,0.04115,0.04736,0.86894
OG0006217,Sp,0.04566,0.06073,0.75176
OG0006217,Wa,0.0605,0.22548,0.2683
OG0006217,Wo,0.16518,0.23316,0.70842
OG0006217,Laeq,0.06464,0.19004,0.34014
OG0006217,Lgib,0.0449,0.12495,0.35934
OG0006221,La,0.09555,0.13595,0.70281
OG0006221,Laeq,0.0811,0.3252,0.24937
OG0006221,Lgib,0.05556,0.22457,0.24739
OG0006221,Wa,0.08632,0.24393,0.35388
OG0006221,Wo,0.09773,0.28593,0.34179
OG0006221,Sp,0.01724,0.04853,0.35513
OG0006229,La,0.11387,0.11745,0.96949
OG0006229,Laeq,0.17749,0.18699,0.9492
OG0006229,Lgib,0.13205,0.12716,1.03848
OG0006229,Wa,0.14226,0.1556,0.91431
OG0006229,Wo,4.39064,0.19395,22.63819
OG0006229,Sp,0.05484,0.03656,1.50012
OG0006231,La,0.03417,0.05275,0.64789
OG0006231,Laeq,0.7434,0.11677,6.36642
OG0006231,Lgib,0.72255,0.07995,9.03714
OG0006231,Wa,0.09711,0.14721,0.65963
OG0006231,Wo,0.1168,0.19381,0.60264
OG0006231,Sp,1.33343,0.06302,21.15748
OG0006234,La,0.12809,0.17227,0.74357
OG0006234,Laeq,0.36294,0.44507,0.81546
OG0006234,Lgib,0.19868,0.16705,1.18934
OG0006234,Wa,0.58248,0.26124,2.22965
OG0006234,Wo,0.61631,0.2032,3.03295
OG0006234,Sp,0.04507,0.04386,1.02761
OG0006241,La,0.07182,0.13539,0.53047
OG0006241,Wa,1.84667,0.20198,9.14261
OG0006241,Wo,0.38343,0.19661,1.95026
OG0006241,Laeq,0.28947,0.3052,0.94846
OG0006241,Lgib,0.24964,0.22483,1.11032
OG0006241,Sp,0.01469,0.05214,0.28178
OG0006252,La,0.0356,0.12604,0.28247
OG0006252,Laeq,0.07595,0.26925,0.28207
OG0006252,Lgib,0.06016,0.19324,0.31134
OG0006252,Wa,0.05245,0.20703,0.25335
OG0006252,Wo,0.06288,0.26098,0.24093
OG0006252,Sp,0.06422,0.03618,1.77517
OG0006255,La,0.48537,0.25098,1.93388
OG0006255,Laeq,10.88387,0.463,23.50727
OG0006255,Lgib,10.83178,0.34438,31.45325
OG0006255,Wa,22.04008,0.34514,63.85918
OG0006255,Wo,11.71292,0.44965,26.04912
OG0006255,Sp,2.08824,0.03714,56.23271
OG0006256,La,0.04125,0.11943,0.34534
OG0006256,Laeq,0.06245,0.24758,0.25223
OG0006256,Lgib,4.98297,0.19885,25.05877
OG0006256,Wa,0.1792,0.23967,0.74771
OG0006256,Wo,0.2237,0.31821,0.70298
OG0006256,Sp,0.01313,0.01848,0.71077
OG0006258,La,5.13957,0.09261,55.4979
OG0006258,Laeq,5.01441,0.14814,33.84958
OG0006258,Lgib,4.88849,0.12255,39.88812
OG0006258,Wa,4.93991,0.17305,28.54544
OG0006258,Wo,4.96769,0.20538,24.18781
OG0006258,Sp,0.04711,0.04543,1.03719
OG0006263,La,0.097,0.13866,0.69952
OG0006263,Laeq,0.3984,0.22614,1.76179
OG0006263,Lgib,0.29099,0.20331,1.43125
OG0006263,Wa,4.01142,0.18874,21.25406
OG0006263,Wo,0.19399,0.2434,0.79702
OG0006263,Sp,0.02051,0.07285,0.28151
OG0006264,La,16.90151,0.16827,100.44009
OG0006264,Wa,3.97976,0.2713,14.669
OG0006264,Wo,3.96389,0.2698,14.69183
OG0006264,Laeq,0.18498,0.29825,0.62023
OG0006264,Lgib,0.15511,0.17895,0.86676
OG0006264,Sp,0.19354,0.05843,3.31248
OG0006269,La,2.75685,0.10943,25.19357
OG0006269,Wa,2.82371,0.17558,16.08224
OG0006269,Wo,2.8315,0.20351,13.91309
OG0006269,Laeq,5.61911,0.20283,27.70409
OG0006269,Lgib,4.7885,0.14073,34.0255
OG0006269,Sp,0.0395,0.03463,1.14042
OG0006274,La,0.07565,0.10337,0.73182
OG0006274,Laeq,0.12064,0.18291,0.65955
OG0006274,Lgib,0.10926,0.12227,0.89358
OG0006274,Wa,0.73782,0.17406,4.23891
OG0006274,Wo,0.73357,0.20006,3.66679
OG0006274,Sp,0.03415,0.05626,0.60708
OG0006278,La,23.67409,0.17312,136.75333
OG0006278,Laeq,23.74983,0.27975,84.8975
OG0006278,Lgib,23.69697,0.20722,114.35582
OG0006278,Wa,23.72722,0.19517,121.57429
OG0006278,Wo,23.98746,0.27116,88.46158
OG0006278,Sp,0.02611,0.01618,1.61427
OG0006280,La,0.07854,0.15717,0.49972
OG0006280,Laeq,0.27537,0.20258,1.35929
OG0006280,Lgib,0.25478,0.17351,1.46839
OG0006280,Wa,9.86041,0.25313,38.95437
OG0006280,Wo,0.14221,0.26369,0.5393
OG0006280,Sp,0.05225,0.06435,0.81197
OG0006283,La,0.50803,0.12708,3.99789
OG0006283,Laeq,0.60693,0.23427,2.59076
OG0006283,Lgib,0.57559,0.18799,3.06176
OG0006283,Wa,0.67741,0.37546,1.80422
OG0006283,Wo,0.80475,0.44749,1.79835
OG0006283,Sp,6.23059,0.07126,87.43348
OG0006289,La,0.03597,0.11632,0.30925
OG0006289,Laeq,2.48049,0.21163,11.72079
OG0006289,Lgib,2.4635,0.13133,18.75743
OG0006289,Wa,0.0785,0.14079,0.55757
OG0006289,Wo,0.10052,0.17253,0.58259
OG0006289,Sp,0.0286,0.07375,0.38772
OG0006304,La,0.94039,0.09468,9.93207
OG0006304,Laeq,0.15453,0.18674,0.82751
OG0006304,Lgib,0.15149,0.18919,0.80074
OG0006304,Wa,0.2656,0.21146,1.25602
OG0006304,Wo,0.40553,0.20693,1.9597
OG0006304,Sp,0.02764,0.0144,1.91912
OG0006321,La,0.19633,0.04323,4.54104
OG0006321,Wa,0.21289,0.16488,1.29118
OG0006321,Wo,1.15453,0.29851,3.86763
OG0006321,Lgib,0.12216,0.11535,1.05902
OG0006321,Sp,0.05597,0.11267,0.49675
OG0006322,La,6.41189,0.10389,61.71653
OG0006322,Laeq,6.45756,0.17177,37.5944
OG0006322,Lgib,6.44622,0.1354,47.60965
OG0006322,Wa,11.86138,0.29427,40.30731
OG0006322,Wo,6.55037,0.30658,21.36568
OG0006322,Sp,0.04568,0.03891,1.17385
OG0006323,La,6.57178,0.09683,67.86609
OG0006323,Laeq,6.69554,0.1566,42.75609
OG0006323,Lgib,6.59078,0.11826,55.73271
OG0006323,Wa,6.75579,0.14301,47.24015
OG0006323,Wo,6.75702,0.19648,34.38982
OG0006323,Sp,1.43307,0.05073,28.24655
OG0006324,La,3.7326,0.1603,23.28564
OG0006324,Laeq,3.76526,0.23239,16.20213
OG0006324,Lgib,3.7603,0.20833,18.04965
OG0006324,Wa,3.77172,0.23875,15.79797
OG0006324,Wo,6.2463,0.28739,21.73429
OG0006324,Sp,7.04797,0.073,96.54158
OG0006327,La,18.26569,0.11827,154.44297
OG0006327,Wa,0.05446,0.17171,0.31719
OG0006327,Wo,2.99985,0.19802,15.14962
OG0006327,Laeq,0.04851,0.16157,0.30026
OG0006327,Lgib,0.04743,0.13389,0.35424
OG0006327,Sp,0.01604,0.0327,0.49033
OG0006330,La,0.04273,0.22325,0.1914
OG0006330,Laeq,3.21368,0.17284,18.59388
OG0006330,Lgib,0.07176,0.17876,0.40145
OG0006330,Wa,0.05342,0.17837,0.29948
OG0006330,Wo,0.06192,0.26716,0.23178
OG0006330,Sp,0.01164,0.04513,0.25786
OG0006332,La,0.03141,0.14545,0.21594
OG0006332,Laeq,0.08111,0.30367,0.2671
OG0006332,Lgib,0.06112,0.22092,0.27667
OG0006332,Wa,0.10731,0.22061,0.48643
OG0006332,Wo,0.09593,0.2916,0.32898
OG0006332,Sp,0.01094,0.03684,0.29693
OG0006336,La,0.15465,0.11229,1.37722
OG0006336,Laeq,4.34952,0.14647,29.69526
OG0006336,Lgib,1.50126,0.11035,13.60503
OG0006336,Wa,0.18913,0.23833,0.79358
OG0006336,Wo,0.23737,0.26229,0.905
OG0006336,Sp,0.00416,0.07278,0.05716
OG0006337,La,0.04846,0.0878,0.55187
OG0006337,Laeq,1.68408,0.18891,8.91456
OG0006337,Lgib,1.66189,0.14026,11.84852
OG0006337,Wa,0.13173,0.16649,0.79122
OG0006337,Wo,0.79086,0.19554,4.04458
OG0006337,Sp,0.01924,0.04394,0.438
OG0006338,La,0.04927,0.06325,0.77899
OG0006338,Laeq,0.18424,0.2561,0.71939
OG0006338,Lgib,0.11592,0.13244,0.87526
OG0006338,Wa,0.15176,0.35081,0.43259
OG0006338,Wo,0.37806,0.38312,0.98677
OG0006338,Sp,0.0184,0.01838,1.00114
OG0006340,La,13.67237,0.17054,80.17314
OG0006340,Laeq,78.34812,0.24076,325.41712
OG0006340,Lgib,78.33943,0.18241,429.47367
OG0006340,Wo,78.6413,0.28886,272.24947
OG0006340,Sp,0.06375,0.01573,4.05217
OG0006342,La,0.04752,0.08146,0.58336
OG0006342,Laeq,1.2194,0.14109,8.64298
OG0006342,Lgib,1.20243,0.12693,9.4734
OG0006342,Wa,0.07297,0.15579,0.46837
OG0006342,Wo,0.08837,0.17305,0.51065
OG0006342,Sp,0.01506,0.03677,0.40973
OG0006343,La,0.02798,0.12371,0.22617
OG0006343,Laeq,0.02549,0.17516,0.14555
OG0006343,Lgib,0.02498,0.21923,0.11396
OG0006343,Wa,0.04362,0.15671,0.27836
OG0006343,Wo,0.06792,0.16555,0.41029
OG0006343,Sp,0.00678,0.03724,0.18196
OG0006353,La,4.92396,0.22206,22.17383
OG0006353,Laeq,5.03251,0.35018,14.37114
OG0006353,Lgib,5.00035,0.2024,24.70519
OG0006353,Wa,0.1421,0.26117,0.5441
OG0006353,Wo,0.22017,0.26104,0.84342
OG0006353,Sp,19.35106,0.10351,186.95108
OG0006356,La,0.99277,0.09257,10.72427
OG0006356,Laeq,1.77167,0.20618,8.59298
OG0006356,Lgib,0.15787,0.17439,0.90523
OG0006356,Wa,2.33327,0.1656,14.08937
OG0006356,Wo,1.73785,0.22156,7.84377
OG0006356,Sp,0.0045,0.0471,0.09549
OG0006357,La,10.00734,0.11861,84.37453
OG0006357,Laeq,7.62232,0.11757,64.83218
OG0006357,Lgib,6.24118,0.12299,50.7445
OG0006357,Wa,3.44455,0.16138,21.34471
OG0006357,Wo,3.42212,0.19107,17.91019
OG0006357,Sp,0.04132,0.07902,0.52289
OG0006358,La,0.02734,0.12855,0.21266
OG0006358,Wa,0.15634,0.19903,0.78551
OG0006358,Wo,0.22684,0.25747,0.88102
OG0006358,Laeq,8.52076,0.18892,45.10269
OG0006358,Lgib,5.70969,0.15559,36.69626
OG0006358,Sp,2.64518,0.05778,45.78085
OG0006364,La,4.33232,0.19799,21.88152
OG0006364,Laeq,4.30466,0.27236,15.80495
OG0006364,Lgib,4.28843,0.24083,17.80665
OG0006364,Wa,1.82388,0.23814,7.65895
OG0006364,Wo,3.72026,0.32861,11.32129
OG0006364,Sp,0.01914,0.03699,0.51729
OG0006365,La,0.0631,0.11084,0.5693
OG0006365,Laeq,0.18184,0.21926,0.82933
OG0006365,Lgib,0.12845,0.13347,0.96241
OG0006365,Wa,0.12597,0.17997,0.69995
OG0006365,Wo,0.16514,0.23083,0.71541
OG0006365,Sp,0.02261,0.04965,0.45543
OG0006372,La,0.06413,0.18906,0.3392
OG0006372,Laeq,0.10514,0.23429,0.44878
OG0006372,Lgib,0.09181,0.21244,0.43215
OG0006372,Wa,0.74299,0.23265,3.19362
OG0006372,Wo,0.19829,0.28371,0.69891
OG0006372,Sp,0.02415,0.03801,0.63528
OG0006378,La,0.02826,0.19679,0.14359
OG0006378,Laeq,0.06143,0.28692,0.2141
OG0006378,Lgib,0.06163,0.23873,0.25816
OG0006378,Wa,0.04213,0.20935,0.20126
OG0006378,Wo,0.05741,0.24569,0.23365
OG0006378,Sp,0.01031,0.02839,0.36302
OG0006379,La,0.05579,0.09891,0.56403
OG0006379,Laeq,0.06922,0.13073,0.52952
OG0006379,Lgib,0.05411,0.10906,0.49615
OG0006379,Wa,0.07567,0.15259,0.49588
OG0006379,Wo,0.17601,0.16816,1.0467
OG0006379,Sp,0.01386,0.04652,0.29798
OG0006380,La,0.06949,0.14274,0.48685
OG0006380,Laeq,0.1086,0.26428,0.41092
OG0006380,Lgib,0.09253,0.18727,0.49411
OG0006380,Wa,0.0931,0.16831,0.55315
OG0006380,Wo,4.08379,0.19473,20.97142
OG0006380,Sp,0.02684,0.04128,0.65022
OG0006382,La,0.0964,0.1635,0.58959
OG0006382,Laeq,1.0438,0.22091,4.72505
OG0006382,Lgib,0.40009,0.20754,1.92778
OG0006382,Wa,0.17139,0.20555,0.83381
OG0006382,Wo,0.19511,0.28964,0.67362
OG0006382,Sp,12.34313,0.01935,637.92508
OG0006387,La,0.02087,0.13718,0.15217
OG0006387,Laeq,0.03312,0.42086,0.07871
OG0006387,Lgib,0.02053,0.2956,0.06946
OG0006387,Wa,0.05194,0.36748,0.14135
OG0006387,Wo,0.19895,0.59378,0.33505
OG0006387,Sp,17.49649,0.03022,578.90797
OG0006389,La,3.30761,0.05025,65.81752
OG0006389,Sp,0.07807,0.05594,1.3956
OG0006389,Laeq,0.14382,0.2248,0.63977
OG0006389,Lgib,0.07806,0.20717,0.37678
OG0006389,Wa,0.22931,0.14503,1.58116
OG0006389,Wo,0.25958,0.43523,0.59641
OG0006392,La,1.82697,0.12629,14.46658
OG0006392,Laeq,1.88732,0.21139,8.92825
OG0006392,Lgib,1.84487,0.15667,11.77578
OG0006392,Wa,2.55235,0.19407,13.15167
OG0006392,Wo,1.90247,0.23883,7.96564
OG0006392,Sp,0.37195,0.02346,15.85593
OG0006395,La,0.10314,0.1041,0.99079
OG0006395,Laeq,1.51865,0.12802,11.86284
OG0006395,Lgib,1.5102,0.13596,11.10752
OG0006395,Wa,0.23517,0.17073,1.3775
OG0006395,Wo,0.13441,0.13983,0.9612
OG0006395,Sp,0.28187,0.1161,2.42792
OG0006396,La,0.06442,0.08699,0.74052
OG0006396,Laeq,0.71156,0.19059,3.73343
OG0006396,Lgib,0.13187,0.14264,0.92448
OG0006396,Wa,0.2545,0.19598,1.29862
OG0006396,Wo,0.2736,0.21106,1.29635
OG0006396,Sp,0.02563,0.06024,0.42552
OG0006398,La,0.1108,0.09198,1.20459
OG0006398,Laeq,0.21132,0.14369,1.47071
OG0006398,Lgib,2.83566,0.10029,28.27439
OG0006398,Wa,1.79121,0.17302,10.3529
OG0006398,Wo,0.21342,0.17798,1.19914
OG0006398,Sp,0.04077,0.01508,2.70295
OG0006401,La,0.07791,0.11937,0.65266
OG0006401,Wa,0.11232,0.17013,0.6602
OG0006401,Wo,1.19449,0.21034,5.67895
OG0006401,Laeq,4.20697,0.17246,24.39328
OG0006401,Lgib,2.70035,0.13968,19.33265
OG0006401,Sp,0.03897,0.04282,0.91016
OG0006404,La,0.05613,0.1266,0.44335
OG0006404,Laeq,0.08643,0.22357,0.38659
OG0006404,Lgib,0.06946,0.18174,0.38217
OG0006404,Wa,0.09164,0.18124,0.50565
OG0006404,Wo,0.12959,0.19912,0.65081
OG0006404,Sp,0.00309,0.03411,0.09047
OG0006405,La,0.03557,0.11363,0.31304
OG0006405,Laeq,0.07082,0.25313,0.27979
OG0006405,Lgib,0.05425,0.28362,0.19129
OG0006405,Wa,0.05305,0.18335,0.28933
OG0006405,Wo,0.07114,0.21572,0.32976
OG0006405,Sp,0.04412,0.04987,0.88482
OG0006413,La,0.14651,0.0506,2.89521
OG0006413,Laeq,0.30301,0.18167,1.66788
OG0006413,Lgib,0.26852,0.14837,1.80987
OG0006413,Wa,0.53254,0.22427,2.37452
OG0006413,Wo,0.58976,0.23793,2.47868
OG0006413,Sp,0.10402,0.12804,0.8124
OG0006414,La,0.16713,0.03969,4.21135
OG0006414,Laeq,0.36487,0.21015,1.73628
OG0006414,Lgib,0.10748,0.10369,1.03655
OG0006414,Wa,0.12273,0.17789,0.68992
OG0006414,Sp,0.34552,0.12039,2.86993
OG0006418,La,0.02752,0.07544,0.36474
OG0006418,Laeq,0.04073,0.17385,0.23427
OG0006418,Lgib,0.02683,0.12523,0.21426
OG0006418,Wa,0.04198,0.15187,0.27639
OG0006418,Wo,0.05178,0.16884,0.30667
OG0006418,Sp,0.01067,0.04441,0.24031
OG0006423,La,0.04011,0.14622,0.27429
OG0006423,Wa,0.06537,0.13579,0.48141
OG0006423,Wo,0.19464,0.17957,1.08393
OG0006423,Laeq,0.108,0.18517,0.58327
OG0006423,Lgib,0.10779,0.11583,0.93064
OG0006423,Sp,0.01609,0.03486,0.46145
OG0006426,La,0.15461,0.09533,1.62187
OG0006426,Laeq,0.25676,0.15266,1.68193
OG0006426,Lgib,0.10311,0.12169,0.84738
OG0006426,Wa,0.1273,0.16591,0.76729
OG0006426,Wo,0.65943,0.18262,3.61093
OG0006426,Sp,5.83192,0.06698,87.07116
OG0006432,La,0.09885,0.16375,0.60364
OG0006432,Wa,0.19301,0.24391,0.79131
OG0006432,Wo,0.14345,0.2749,0.52181
OG0006432,Laeq,0.50706,0.23616,2.14707
OG0006432,Lgib,0.19179,0.18532,1.0349
OG0006432,Sp,0.01295,0.03806,0.34026
OG0006433,Laeq,0.14078,0.1651,0.85267
OG0006433,Lgib,0.08847,0.12903,0.68568
OG0006433,Wa,0.09626,0.15278,0.63006
OG0006433,Wo,5.40741,0.19468,27.77542
OG0006433,Sp,0.00701,0.05401,0.1298
OG0006437,La,0.04926,0.09811,0.50205
OG0006437,Laeq,0.12278,0.09909,1.23903
OG0006437,Lgib,0.17194,0.10556,1.62891
OG0006437,Sp,0.21297,0.13339,1.59659
OG0006437,Wa,0.0937,0.16766,0.55887
OG0006437,Wo,0.15714,0.222,0.70784
OG0006439,La,1.34285,0.02193,61.22237
OG0006439,Laeq,0.62584,0.25652,2.43976
OG0006439,Lgib,0.32765,0.23084,1.41941
OG0006439,Wa,9.50388,0.28657,33.16388
OG0006439,Wo,7.26732,0.32268,22.52163
OG0006439,Sp,0.23611,0.24432,0.96637
OG0006443,La,0.05669,0.09751,0.58142
OG0006443,Laeq,0.11358,0.2663,0.42653
OG0006443,Lgib,0.07862,0.20266,0.38795
OG0006443,Wa,0.1358,0.36696,0.37006
OG0006443,Wo,0.18138,0.39944,0.45409
OG0006443,Sp,7.98502,0.07651,104.359
OG0006445,La,0.04016,0.16185,0.24811
OG0006445,Laeq,0.02772,0.22012,0.12592
OG0006445,Lgib,0.02634,0.13605,0.19362
OG0006445,Wa,0.02963,0.21249,0.13943
OG0006445,Wo,0.04245,0.24266,0.17493
OG0006445,Sp,0.00652,0.04145,0.1574
OG0006455,La,0.04734,0.14118,0.33533
OG0006455,Sp,0.01515,0.1443,0.10498
OG0006455,Laeq,0.19059,0.24351,0.78268
OG0006455,Lgib,0.0533,0.13037,0.40888
OG0006455,Wa,0.8786,0.23826,3.68757
OG0006455,Wo,0.14504,0.50989,0.28446
OG0006461,La,0.38467,0.20458,1.88027
OG0006461,Laeq,0.46127,0.37698,1.22358
OG0006461,Lgib,0.6529,0.32217,2.02657
OG0006461,Wa,0.40835,0.40306,1.01311
OG0006461,Wo,0.44524,0.43389,1.02615
OG0006461,Sp,0.42791,0.02854,14.99211
OG0006470,La,0.08438,0.12222,0.69037
OG0006470,Laeq,0.19968,0.25106,0.79536
OG0006470,Lgib,0.12147,0.1889,0.64304
OG0006470,Wa,10.62217,0.20905,50.81046
OG0006470,Wo,0.33574,0.25421,1.32069
OG0006470,Sp,0.03853,0.02753,1.3998
OG0006474,La,0.50432,0.11236,4.48825
OG0006474,Laeq,0.1331,0.2404,0.55368
OG0006474,Lgib,0.74821,0.22787,3.28348
OG0006474,Wa,0.14628,0.19498,0.75023
OG0006474,Wo,0.23501,0.20943,1.12215
OG0006474,Sp,1.34409,0.01837,73.15675
OG0006475,La,0.0356,0.13024,0.27335
OG0006475,Laeq,0.13341,0.1972,0.67655
OG0006475,Lgib,0.1232,0.17858,0.6899
OG0006475,Wa,0.08263,0.22313,0.37033
OG0006475,Wo,0.08394,0.23098,0.36342
OG0006475,Sp,0.05327,0.0193,2.76079
OG0006480,La,0.04419,0.13712,0.32225
OG0006480,Laeq,0.10539,0.23796,0.44287
OG0006480,Lgib,0.05722,0.19144,0.29888
OG0006480,Wa,0.10682,0.16802,0.63577
OG0006480,Wo,0.10496,0.25632,0.40947
OG0006480,Sp,0.01689,0.02807,0.60176
OG0006482,La,0.19223,0.06499,2.95783
OG0006482,Wa,0.09149,0.22025,0.41537
OG0006482,Wo,0.08895,0.24154,0.36829
OG0006482,Laeq,0.08078,0.2013,0.4013
OG0006482,Lgib,0.0575,0.13215,0.43514
OG0006482,Sp,0.02807,0.04657,0.60268
OG0006495,La,4.98105,0.12393,40.19367
OG0006495,Laeq,5.00423,0.21565,23.2054
OG0006495,Lgib,4.96691,0.15847,31.34193
OG0006495,Wa,802.53853,0.13754,5834.87255
OG0006495,Wo,802.55303,0.16396,4894.91394
OG0006495,Sp,2503.16552,0.05739,43617.09004
OG0006498,La,0.1227,0.11517,1.06535
OG0006498,Laeq,0.15609,0.19953,0.7823
OG0006498,Lgib,0.13896,0.15693,0.88552
OG0006498,Wa,0.63803,0.29981,2.12816
OG0006498,Wo,0.22638,0.3628,0.62398
OG0006498,Sp,0.03718,0.07307,0.5088
OG0006499,La,0.08953,0.26437,0.33864
OG0006499,Laeq,0.15555,0.33096,0.47001
OG0006499,Lgib,0.11369,0.21212,0.53598
OG0006499,Wa,0.11324,0.24713,0.45824
OG0006499,Wo,1.00595,0.30038,3.34889
OG0006499,Sp,0.01657,0.03036,0.54577
OG0006510,La,0.05283,0.09004,0.58671
OG0006510,Wa,0.05867,0.1394,0.42086
OG0006510,Wo,0.06706,0.16562,0.40489
OG0006510,Laeq,0.07191,0.15104,0.47608
OG0006510,Lgib,0.05535,0.07635,0.72489
OG0006510,Sp,0.02918,0.05007,0.58275
OG0006511,La,0.07122,0.12182,0.58462
OG0006511,Laeq,0.1151,0.20587,0.5591
OG0006511,Lgib,0.09157,0.12346,0.7417
OG0006511,Wa,0.10561,0.1759,0.60036
OG0006511,Wo,0.10792,0.19215,0.56163
OG0006511,Sp,0.02046,0.06825,0.29975
OG0006512,La,0.0866,0.13814,0.62688
OG0006512,Wa,0.1053,0.221,0.47646
OG0006512,Wo,0.14304,0.25201,0.56757
OG0006512,Laeq,0.1605,0.17546,0.91474
OG0006512,Lgib,0.26188,0.09106,2.87578
OG0006512,Sp,0.01395,0.03846,0.36272
OG0006513,La,1.10683,0.11024,10.0406
OG0006513,Laeq,0.04713,0.16014,0.29434
OG0006513,Lgib,0.04009,0.14308,0.28022
OG0006513,Wa,0.04299,0.17568,0.24468
OG0006513,Wo,0.04399,0.18063,0.24356
OG0006513,Sp,2.24689,0.06816,32.96532
OG0006514,La,0.04275,0.08142,0.52507
OG0006514,Laeq,0.07505,0.25853,0.2903
OG0006514,Lgib,0.07351,0.15107,0.48662
OG0006514,Wa,0.45681,0.24835,1.83935
OG0006514,Wo,0.54199,0.31539,1.71844
OG0006514,Sp,39.68814,0.06424,617.78889
OG0006518,La,0.30079,0.13206,2.27776
OG0006518,Wa,3.36095,0.21632,15.53709
OG0006518,Wo,2.53151,0.39547,6.40133
OG0006518,Lgib,2.28657,0.11522,19.84506
OG0006518,Sp,0.06069,0.04683,1.29583
OG0006526,La,0.04238,0.11208,0.3781
OG0006526,Laeq,3.94097,0.20336,19.37883
OG0006526,Lgib,3.93263,0.15642,25.1421
OG0006526,Wa,0.11349,0.24797,0.45766
OG0006526,Wo,0.1035,0.35469,0.29182
OG0006526,Sp,0.03669,0.03079,1.19153
OG0006528,La,0.4583,0.17142,2.67358
OG0006528,Wa,0.08296,0.22241,0.37302
OG0006528,Wo,0.10343,0.23368,0.44263
OG0006528,Laeq,0.0475,0.26552,0.17887
OG0006528,Lgib,0.04413,0.21261,0.20754
OG0006528,Sp,0.01992,0.03033,0.65671
OG0006533,La,0.60467,0.11474,5.26991
OG0006533,Laeq,0.17003,0.14866,1.14376
OG0006533,Lgib,0.14821,0.13923,1.06452
OG0006533,Wa,0.16382,0.16478,0.99416
OG0006533,Wo,14.10056,0.17826,79.10297
OG0006533,Sp,0.07511,0.0294,2.55498
OG0006536,La,28.6315,0.10649,268.86771
OG0006536,Wa,0.06773,0.16271,0.41623
OG0006536,Wo,2.10007,0.21374,9.82517
OG0006536,Laeq,0.0831,0.2205,0.3769
OG0006536,Lgib,0.06702,0.16475,0.40681
OG0006536,Sp,0.02584,0.04007,0.64485
OG0006538,La,0.11115,0.10561,1.05244
OG0006538,Laeq,0.17387,0.15212,1.14298
OG0006538,Lgib,0.10425,0.10452,0.99747
OG0006538,Wa,0.16085,0.1636,0.98319
OG0006538,Wo,0.31258,0.19288,1.6206
OG0006538,Sp,0.02276,0.03554,0.64043
OG0006544,La,0.21662,0.16139,1.3422
OG0006544,Wa,0.31818,0.16926,1.87978
OG0006544,Wo,0.28002,0.21803,1.2843
OG0006544,Laeq,0.35157,0.19607,1.79303
OG0006544,Lgib,0.21138,0.14994,1.40972
OG0006544,Sp,0.01783,0.06256,0.28504
OG0006546,La,0.04519,0.07917,0.57079
OG0006546,Laeq,0.10894,0.26561,0.41015
OG0006546,Lgib,0.1017,0.1752,0.58051
OG0006546,Wa,0.12112,0.18575,0.65206
OG0006546,Wo,0.17457,0.23867,0.73142
OG0006546,Sp,2.42033,0.02428,99.66381
OG0006550,La,0.08228,0.12188,0.67511
OG0006550,Laeq,0.17958,0.22574,0.7955
OG0006550,Lgib,0.11913,0.19752,0.60312
OG0006550,Wa,0.12605,0.21537,0.58526
OG0006550,Wo,0.16202,0.2302,0.70383
OG0006550,Sp,3.44885,0.0607,56.81709
OG0006554,La,0.04308,0.07969,0.54064
OG0006554,Laeq,0.06363,0.23651,0.26901
OG0006554,Lgib,0.08156,0.15487,0.52661
OG0006554,Wa,0.05036,0.18689,0.26946
OG0006554,Wo,0.05599,0.17894,0.31293
OG0006554,Sp,0.016,0.06085,0.26301
OG0006558,La,0.12314,0.13802,0.89218
OG0006558,Laeq,0.23031,0.24536,0.93865
OG0006558,Lgib,0.19953,0.21541,0.92626
OG0006558,Wa,0.3299,0.21743,1.5173
OG0006558,Wo,0.45741,0.27305,1.67516
OG0006558,Sp,2.12738,0.06965,30.54172
OG0006559,La,0.202,0.10873,1.85774
OG0006559,Laeq,0.13192,0.19456,0.67806
OG0006559,Lgib,0.13765,0.14435,0.95357
OG0006559,Wa,0.14948,0.17203,0.86889
OG0006559,Wo,0.63536,0.18465,3.44089
OG0006559,Sp,0.05638,0.06233,0.90445
OG0006566,La,0.87328,0.1303,6.70204
OG0006566,Laeq,0.91503,0.22703,4.03044
OG0006566,Lgib,0.94545,0.17323,5.45772
OG0006566,Wa,0.91116,0.18036,5.0518
OG0006566,Wo,0.9324,0.19642,4.74693
OG0006566,Sp,0.05069,0.04615,1.09827
OG0006574,La,0.05938,0.13838,0.42909
OG0006574,Laeq,0.10419,0.3553,0.29324
OG0006574,Lgib,0.06294,0.16791,0.37486
OG0006574,Wa,0.09355,0.21813,0.42889
OG0006574,Wo,0.17525,0.38454,0.45574
OG0006574,Sp,0.01533,0.04965,0.3087
OG0006576,La,8.93096,0.15945,56.01063
OG0006576,Laeq,4.70188,0.2917,16.11871
OG0006576,Lgib,0.15504,0.18393,0.8429
OG0006576,Wa,13.7544,0.30079,45.7281
OG0006576,Wo,14.08923,0.37408,37.66416
OG0006576,Sp,0.0582,0.04857,1.19832
OG0006580,Laeq,0.1007,0.2398,0.41991
OG0006580,Lgib,0.11706,0.16243,0.72067
OG0006580,Wa,0.10176,0.1245,0.81741
OG0006580,Wo,0.1113,0.26474,0.42043
OG0006580,Sp,10.21216,0.12587,81.13223
OG0006582,La,0.29456,0.1739,1.69387
OG0006582,Laeq,3.18019,0.24602,12.92663
OG0006582,Lgib,9.5427,0.19615,48.64982
OG0006582,Wa,3.12135,0.27566,11.32316
OG0006582,Wo,0.36757,0.29628,1.24062
OG0006582,Sp,0.02241,0.02787,0.80391
OG0006583,La,0.03431,0.10973,0.31263
OG0006583,Laeq,0.39581,0.17512,2.26029
OG0006583,Lgib,0.08139,0.16125,0.50477
OG0006583,Wa,0.94222,0.207,4.55169
OG0006583,Wo,0.11598,0.23896,0.48536
OG0006583,Sp,0.01784,0.03187,0.55973
OG0006587,La,0.12287,0.11234,1.09375
OG0006587,Laeq,0.72617,0.27682,2.62327
OG0006587,Lgib,0.40187,0.21211,1.89457
OG0006587,Wa,12.7286,0.25889,49.16622
OG0006587,Wo,0.55167,0.43713,1.26203
OG0006587,Sp,0.08058,0.03145,2.56229
OG0006590,La,10.02156,0.11159,89.80359
OG0006590,Laeq,0.39489,0.27893,1.41573
OG0006590,Lgib,0.41235,0.20261,2.03522
OG0006590,Wa,0.65252,0.20782,3.1399
OG0006590,Wo,0.50612,0.25311,1.99962
OG0006590,Sp,0.06733,0.03786,1.77853
OG0006591,La,0.1143,0.07464,1.5312
OG0006591,Laeq,0.06774,0.14443,0.46902
OG0006591,Lgib,0.06591,0.15699,0.41986
OG0006591,Wa,0.10926,0.23584,0.46328
OG0006591,Wo,0.12237,0.34905,0.35059
OG0006591,Sp,0.55813,0.02658,21.00177
OG0006593,La,0.17233,0.16584,1.0391
OG0006593,Laeq,0.10113,0.21886,0.46205
OG0006593,Lgib,0.0969,0.15396,0.62941
OG0006593,Wa,0.12824,0.19407,0.6608
OG0006593,Wo,0.12247,0.21787,0.56212
OG0006593,Sp,0.04426,0.04941,0.8957
OG0006595,La,0.04971,0.07749,0.64144
OG0006595,Laeq,0.13888,0.20162,0.68881
OG0006595,Lgib,0.12773,0.14845,0.86043
OG0006595,Wa,8.48664,0.18153,46.7507
OG0006595,Wo,0.09772,0.25141,0.38868
OG0006595,Sp,0.03443,0.05976,0.57606
OG0006597,La,0.13614,0.1075,1.26641
OG0006597,Laeq,0.23735,0.23584,1.00642
OG0006597,Lgib,3.25799,0.13367,24.37361
OG0006597,Wa,7.67429,0.17528,43.78373
OG0006597,Wo,0.22732,0.24238,0.93785
OG0006597,Sp,0.16874,0.0789,2.13863
OG0006603,La,0.07844,0.06253,1.25447
OG0006603,Laeq,0.23092,0.26321,0.87733
OG0006603,Lgib,0.40055,0.20835,1.92247
OG0006603,Wa,0.20989,0.2554,0.82184
OG0006603,Wo,0.36881,0.2921,1.26259
OG0006603,Sp,0.05825,0.09076,0.6418
OG0006609,La,4.75495,0.10758,44.20098
OG0006609,Laeq,4.83011,0.20768,23.25725
OG0006609,Lgib,4.89707,0.15982,30.64149
OG0006609,Wa,4.79816,0.19596,24.48487
OG0006609,Wo,4.83247,0.22628,21.3561
OG0006609,Sp,0.04705,0.03909,1.20383
OG0006611,La,0.08841,0.16987,0.52049
OG0006611,Laeq,0.29028,0.3217,0.90234
OG0006611,Lgib,0.10574,0.18002,0.58736
OG0006611,Wa,6.84819,0.28462,24.06069
OG0006611,Wo,9.12206,0.26217,34.79509
OG0006611,Sp,0.12144,0.03301,3.67892
OG0006614,La,0.06943,0.08796,0.78931
OG0006614,Laeq,0.10868,0.13861,0.78407
OG0006614,Lgib,0.06973,0.10216,0.68255
OG0006614,Wa,0.09253,0.09115,1.01508
OG0006614,Wo,0.30997,0.14774,2.09812
OG0006614,Sp,0.01873,0.06763,0.27701
OG0006618,La,0.07932,0.24476,0.32408
OG0006618,Laeq,0.13324,0.38673,0.34452
OG0006618,Lgib,0.12787,0.39369,0.32479
OG0006618,Wa,9.42955,0.3039,31.02847
OG0006618,Wo,1.72266,0.45293,3.80334
OG0006618,Sp,0.09535,0.0175,5.44835
OG0006621,La,1.42242,0.16196,8.78236
OG0006621,Laeq,1.53131,0.20901,7.32634
OG0006621,Lgib,3.73009,0.17873,20.86982
OG0006621,Wa,1.54545,0.21858,7.07049
OG0006621,Wo,10.25981,0.29898,34.31609
OG0006621,Sp,4.3629,0.02649,164.71719
OG0006623,La,0.03949,0.09778,0.40385
OG0006623,Laeq,0.07975,0.28183,0.28297
OG0006623,Lgib,0.05433,0.25309,0.21469
OG0006623,Wa,0.09268,0.13974,0.66324
OG0006623,Wo,0.10214,0.17775,0.57464
OG0006623,Sp,0.0019,0.02761,0.06886
OG0006625,La,0.0403,0.09698,0.41557
OG0006625,Wa,0.08778,0.17028,0.5155
OG0006625,Wo,0.2125,0.18112,1.17323
OG0006625,Laeq,0.06666,0.15413,0.4325
OG0006625,Lgib,0.05354,0.12604,0.42482
OG0006625,Sp,0.00882,0.03404,0.25907
OG0006626,La,0.05758,0.13889,0.41456
OG0006626,Laeq,0.07772,0.18927,0.41061
OG0006626,Lgib,0.06737,0.20338,0.33127
OG0006626,Wa,0.17196,0.173,0.99394
OG0006626,Wo,0.10636,0.20256,0.5251
OG0006626,Sp,0.02201,0.0386,0.57024
OG0006627,La,0.08635,0.15877,0.54389
OG0006627,Wa,5.16215,0.22393,23.05219
OG0006627,Wo,5.16329,0.28169,18.32985
OG0006627,Laeq,5.50961,0.22732,24.23745
OG0006627,Lgib,4.70779,0.19814,23.76011
OG0006627,Sp,0.05322,0.02021,2.63339
OG0006628,Laeq,0.85061,0.22361,3.80404
OG0006628,Lgib,0.83984,0.20168,4.16417
OG0006628,Wa,0.85188,0.20445,4.16663
OG0006628,Wo,0.86156,0.23716,3.63286
OG0006628,Sp,0.03391,0.02035,1.66646
OG0006629,La,0.06715,0.12139,0.55323
OG0006629,Wa,0.07847,0.18133,0.43273
OG0006629,Wo,0.08998,0.20654,0.43563
OG0006629,Laeq,0.07657,0.16621,0.46067
OG0006629,Lgib,0.06157,0.12298,0.5006
OG0006629,Sp,0.01381,0.04082,0.33825
OG0006630,La,0.07222,0.09695,0.74493
OG0006630,Laeq,2.56937,0.17412,14.75646
OG0006630,Lgib,0.166,0.12374,1.34151
OG0006630,Wa,0.13496,0.22924,0.58874
OG0006630,Wo,0.24577,0.22219,1.10611
OG0006630,Sp,0.0456,0.03627,1.25731
OG0006632,La,0.03279,0.12743,0.25729
OG0006632,Laeq,0.12793,0.24317,0.52611
OG0006632,Lgib,0.06746,0.20178,0.33435
OG0006632,Wa,0.09233,0.22383,0.41248
OG0006632,Wo,0.25172,0.39947,0.63013
OG0006632,Sp,0.03605,0.0247,1.45932
OG0006634,La,1.71773,0.09967,17.23455
OG0006634,Laeq,1.78988,0.16208,11.04343
OG0006634,Lgib,1.74516,0.12275,14.21748
OG0006634,Wa,6.18951,0.17952,34.47802
OG0006634,Wo,6.19852,0.19822,31.27026
OG0006634,Sp,3.03622,0.0238,127.56731
OG0006637,La,0.0916,0.14683,0.62385
OG0006637,Laeq,0.11592,0.19826,0.58468
OG0006637,Lgib,0.07847,0.15463,0.50746
OG0006637,Wa,0.11842,0.17303,0.68438
OG0006637,Wo,0.12356,0.19639,0.62915
OG0006637,Sp,11.62313,0.04312,269.5307
OG0006640,La,0.01107,0.08067,0.13724
OG0006640,Laeq,0.67818,0.17677,3.8366
OG0006640,Lgib,0.04851,0.13505,0.35921
OG0006640,Wa,0.09481,0.28907,0.32799
OG0006640,Wo,0.08973,0.33887,0.26479
OG0006640,Sp,0.04753,0.02172,2.18882
OG0006644,La,1.08778,0.1265,8.59893
OG0006644,Wa,0.09567,0.21384,0.44739
OG0006644,Wo,0.0937,0.26397,0.35497
OG0006644,Laeq,0.06397,0.18803,0.3402
OG0006644,Lgib,0.06096,0.14638,0.41644
OG0006644,Sp,0.02398,0.03025,0.7929
OG0006647,La,0.04224,0.21783,0.19391
OG0006647,Laeq,0.0651,0.33076,0.19683
OG0006647,Lgib,0.05302,0.27001,0.19635
OG0006647,Wa,0.0864,0.32533,0.26558
OG0006647,Wo,0.22192,0.3782,0.58677
OG0006647,Sp,0.00969,0.02744,0.35334
OG0006648,La,0.12691,0.16382,0.77468
OG0006648,Laeq,0.88467,0.20672,4.27962
OG0006648,Lgib,0.87024,0.16952,5.13343
OG0006648,Wa,0.91208,0.20708,4.40457
OG0006648,Wo,0.97762,0.27815,3.51468
OG0006648,Sp,0.00975,0.03854,0.25285
OG0006650,La,0.2191,0.18574,1.17959
OG0006650,Wa,0.26306,0.28723,0.91583
OG0006650,Wo,0.17131,0.32178,0.53238
OG0006650,Laeq,0.2109,0.29987,0.7033
OG0006650,Lgib,1.19755,0.19151,6.25317
OG0006650,Sp,0.02994,0.02708,1.10573
OG0006652,Laeq,2.76082,0.15671,17.61709
OG0006652,Lgib,0.03972,0.1664,0.23868
OG0006652,Wa,0.0502,0.18552,0.27061
OG0006652,Wo,0.06183,0.18801,0.32885
OG0006652,Sp,0.01875,0.0343,0.54674
OG0006657,La,0.06161,0.14202,0.43378
OG0006657,Laeq,0.0978,0.29426,0.33237
OG0006657,Lgib,0.08591,0.2095,0.41007
OG0006657,Wa,0.09705,0.30136,0.32203
OG0006657,Wo,0.15482,0.46862,0.33038
OG0006657,Sp,37.21246,0.02453,1516.89663
OG0006659,La,0.16067,0.17656,0.90998
OG0006659,Laeq,0.14871,0.23663,0.62846
OG0006659,Lgib,0.12236,0.18679,0.65504
OG0006659,Wa,1.61074,0.24147,6.67067
OG0006659,Wo,0.57208,0.27468,2.08272
OG0006659,Sp,0.02813,0.03427,0.82081
OG0006662,La,0.07174,0.1045,0.68649
OG0006662,Laeq,0.12381,0.15792,0.78403
OG0006662,Lgib,0.08666,0.12149,0.71329
OG0006662,Wa,0.10906,0.16114,0.67677
OG0006662,Wo,0.14968,0.1698,0.88153
OG0006662,Sp,0.01869,0.0292,0.64008
OG0006664,La,0.29348,0.12197,2.40618
OG0006664,Laeq,0.43706,0.34883,1.25292
OG0006664,Lgib,0.44499,0.23773,1.87182
OG0006664,Wa,0.75296,0.22461,3.35239
OG0006664,Wo,15.75835,0.30227,52.13361
OG0006664,Sp,0.05216,0.03874,1.34628
OG0006675,La,0.12989,0.11543,1.12532
OG0006675,Laeq,3.90539,0.18936,20.62394
OG0006675,Lgib,0.15709,0.15129,1.03833
OG0006675,Wa,0.22094,0.17511,1.26175
OG0006675,Wo,0.21352,0.2079,1.02704
OG0006675,Sp,0.03768,0.03416,1.10302
OG0006676,La,0.05606,0.10906,0.51408
OG0006676,Wa,0.24466,0.18503,1.32228
OG0006676,Wo,2.83395,0.18561,15.26819
OG0006676,Laeq,0.11692,0.16237,0.72007
OG0006676,Lgib,0.0724,0.09892,0.73191
OG0006676,Sp,0.02283,0.04291,0.53198
OG0006682,La,10.5324,0.07333,143.63908
OG0006682,Wa,7.86134,0.20109,39.0939
OG0006682,Wo,7.8864,0.22659,34.80396
OG0006682,Laeq,6.52069,0.20262,32.18167
OG0006682,Lgib,6.49775,0.18549,35.03113
OG0006682,Sp,0.02787,0.0905,0.30789
OG0006686,La,13.05717,0.08866,147.27154
OG0006686,Laeq,13.10233,0.237,55.28487
OG0006686,Lgib,13.0675,0.19371,67.46038
OG0006686,Wa,13.08088,0.17667,74.04262
OG0006686,Wo,13.11526,0.18564,70.65077
OG0006686,Sp,0.01496,0.07275,0.20568
OG0006688,La,3.15787,0.10057,31.39935
OG0006688,Laeq,0.34506,0.20894,1.6515
OG0006688,Lgib,0.33661,0.16361,2.05737
OG0006688,Wa,0.0763,0.22429,0.34018
OG0006688,Wo,0.10867,0.27494,0.39525
OG0006688,Sp,0.01511,0.03473,0.43521
OG0006689,La,0.03665,0.09605,0.38161
OG0006689,Laeq,0.06492,0.2028,0.32011
OG0006689,Lgib,0.04385,0.15992,0.2742
OG0006689,Wa,0.03565,0.15378,0.2318
OG0006689,Wo,0.04243,0.19716,0.21519
OG0006689,Sp,0.01257,0.06841,0.18367
OG0006690,La,0.03079,0.14104,0.21827
OG0006690,Wa,0.02934,0.15005,0.19556
OG0006690,Wo,0.03012,0.19216,0.15672
OG0006690,Laeq,0.01956,0.17617,0.11105
OG0006690,Lgib,0.01702,0.12137,0.14026
OG0006690,Sp,0.00598,0.0159,0.37609
OG0006693,La,0.11758,0.15987,0.73551
OG0006693,Wa,0.23972,0.22734,1.05447
OG0006693,Wo,0.28274,0.24032,1.17652
OG0006693,Laeq,1.90617,0.22375,8.51923
OG0006693,Lgib,0.11065,0.20358,0.54352
OG0006693,Sp,0.06145,0.027,2.27602
OG0006694,La,0.08221,0.10232,0.80348
OG0006694,Laeq,0.2093,0.20149,1.03878
OG0006694,Lgib,0.17092,0.15248,1.1209
OG0006694,Wa,1.50819,0.13811,10.92002
OG0006694,Sp,0.00511,0.02762,0.18499
OG0006705,La,0.15523,0.09149,1.69658
OG0006705,Wa,0.20392,0.15794,1.29118
OG0006705,Wo,10.73582,0.17713,60.61072
OG0006705,Laeq,0.15853,0.15282,1.03736
OG0006705,Lgib,0.15342,0.13209,1.16147
OG0006705,Sp,0.02093,0.03249,0.64414
OG0006707,La,11.34757,0.17669,64.2222
OG0006707,Wa,3.91402,0.19049,20.54715
OG0006707,Wo,3.94304,0.22712,17.3609
OG0006707,Laeq,3.87084,0.17262,22.42344
OG0006707,Lgib,3.8284,0.12832,29.83388
OG0006707,Sp,0.0554,0.03988,1.38914
OG0006715,La,0.17763,0.14034,1.26566
OG0006715,Laeq,0.32522,0.23191,1.40237
OG0006715,Lgib,0.15413,0.16999,0.9067
OG0006715,Wa,0.27643,0.25202,1.09685
OG0006715,Wo,0.6848,0.25407,2.69533
OG0006715,Sp,0.02964,0.03261,0.90874
OG0006719,La,1.85936,0.13894,13.38287
OG0006719,Laeq,0.10923,0.21326,0.51217
OG0006719,Lgib,0.48868,0.157,3.11265
OG0006719,Wa,0.13824,0.18713,0.73872
OG0006719,Wo,0.15011,0.20189,0.74349
OG0006719,Sp,0.03109,0.01213,2.56329
OG0006722,La,5.45521,0.13109,41.61509
OG0006722,Laeq,5.35638,0.18716,28.61977
OG0006722,Lgib,5.29336,0.1418,37.3307
OG0006722,Wa,5.26531,0.19055,27.63252
OG0006722,Wo,5.30383,0.24846,21.34665
OG0006722,Sp,0.03467,0.02953,1.17417
OG0006723,La,0.07225,0.15073,0.47935
OG0006723,Laeq,0.01433,0.22477,0.06374
OG0006723,Lgib,0.01625,0.23786,0.06833
OG0006723,Wa,0.0092,0.14277,0.06445
OG0006723,Wo,28.36197,0.19428,145.9866
OG0006723,Sp,0.00191,0.01583,0.12037
OG0006727,La,0.17643,0.10826,1.62969
OG0006727,Laeq,0.26939,0.16591,1.62372
OG0006727,Lgib,0.21123,0.15052,1.40334
OG0006727,Wa,1.05592,0.16957,6.22691
OG0006727,Wo,1.00149,0.20905,4.79072
OG0006727,Sp,0.46725,0.03926,11.90191
OG0006729,La,0.05753,0.0925,0.62197
OG0006729,Laeq,0.14315,0.19517,0.73345
OG0006729,Lgib,0.10318,0.14285,0.7223
OG0006729,Wa,0.14506,0.16451,0.8818
OG0006729,Wo,0.16845,0.18441,0.91341
OG0006729,Sp,3.84468,0.03457,111.20797
OG0006733,La,0.24176,0.1078,2.24275
OG0006733,Laeq,0.11563,0.27312,0.42338
OG0006733,Lgib,2.33469,0.23459,9.95229
OG0006733,Wa,0.16908,0.22808,0.74131
OG0006733,Wo,0.12989,0.29425,0.44142
OG0006733,Sp,0.07312,0.03495,2.09181
OG0006746,La,0.0582,0.11052,0.52656
OG0006746,Laeq,0.10651,0.19778,0.53854
OG0006746,Lgib,0.07705,0.18725,0.41146
OG0006746,Wa,0.10541,0.18552,0.56817
OG0006746,Wo,5.22397,0.23255,22.4641
OG0006746,Sp,0.01401,0.05622,0.24924
OG0006747,La,0.06551,0.14366,0.45604
OG0006747,Laeq,0.09583,0.27686,0.34612
OG0006747,Lgib,0.0593,0.16326,0.36323
OG0006747,Wa,0.07587,0.17659,0.42963
OG0006747,Wo,6.02474,0.22497,26.77989
OG0006747,Sp,0.05774,0.04635,1.24579
OG0006754,La,0.26141,0.15928,1.64119
OG0006754,Laeq,0.31501,0.22234,1.41679
OG0006754,Lgib,12.34221,0.17886,69.00563
OG0006754,Wa,0.28606,0.23232,1.23135
OG0006754,Wo,0.30069,0.22932,1.31122
OG0006754,Sp,0.03597,0.03003,1.19772
OG0006758,La,0.06287,0.11616,0.54125
OG0006758,Wa,0.24541,0.14618,1.67886
OG0006758,Wo,0.11883,0.17437,0.68146
OG0006758,Laeq,1.94181,0.15999,12.13718
OG0006758,Lgib,0.07553,0.12575,0.60065
OG0006758,Sp,0.01085,0.04096,0.2648
OG0006759,La,0.09152,0.16276,0.56232
OG0006759,Laeq,0.12711,0.21386,0.59436
OG0006759,Lgib,0.08973,0.14672,0.61155
OG0006759,Wa,1.69527,0.14737,11.50347
OG0006759,Wo,0.85016,0.18872,4.50492
OG0006759,Sp,0.02027,0.03471,0.58406
OG0006764,La,1.14887,0.10442,11.00284
OG0006764,Laeq,1.19776,0.19044,6.28948
OG0006764,Lgib,1.1785,0.15503,7.60201
OG0006764,Wa,1.19662,0.16999,7.03921
OG0006764,Wo,1.87802,0.19409,9.67624
OG0006764,Sp,0.01728,0.03879,0.44547
OG0006766,La,7.27912,0.12562,57.94388
OG0006766,Laeq,5.45129,0.23234,23.4621
OG0006766,Lgib,3.29457,0.18167,18.13539
OG0006766,Wa,13.48724,0.223,60.47985
OG0006766,Wo,13.34792,0.24995,53.4032
OG0006766,Sp,0.09493,0.10975,0.86501
OG0006772,La,0.08396,0.23171,0.36233
OG0006772,Wa,1.91512,0.32181,5.95113
OG0006772,Wo,9.42065,0.40976,22.99038
OG0006772,Laeq,0.07487,0.23777,0.31489
OG0006772,Lgib,0.07577,0.18048,0.41984
OG0006772,Sp,0.01935,0.04966,0.38972
OG0006776,La,0.07488,0.13444,0.55699
OG0006776,Laeq,0.3956,0.21482,1.84151
OG0006776,Lgib,0.24919,0.19154,1.30096
OG0006776,Wa,0.43375,0.21779,1.99159
OG0006776,Wo,0.64977,0.26467,2.45504
OG0006776,Sp,0.06262,0.03301,1.89717
OG0006778,La,241.30068,0.12355,1952.98685
OG0006778,Laeq,241.37744,0.28121,858.36539
OG0006778,Lgib,241.34119,0.16925,1425.96863
OG0006778,Wa,243.97782,0.21336,1143.49487
OG0006778,Wo,243.9838,0.2609,935.16053
OG0006778,Sp,0.15771,0.03031,5.20279
OG0006783,Laeq,0.04236,0.14861,0.28504
OG0006783,Lgib,0.04038,0.11902,0.33925
OG0006783,Wa,1.38127,0.15676,8.81113
OG0006783,Wo,1.37652,0.16414,8.38626
OG0006783,Sp,0.00651,0.04008,0.16229
OG0006785,La,0.30369,0.14059,2.16015
OG0006785,Laeq,0.37486,0.23398,1.6021
OG0006785,Lgib,0.39516,0.18026,2.1922
OG0006785,Wa,7.25495,0.15252,47.56611
OG0006785,Wo,7.46462,0.20895,35.72528
OG0006785,Sp,0.06712,0.08615,0.77907
OG0006787,La,4.89621,0.14532,33.69348
OG0006787,Laeq,0.12537,0.18263,0.68647
OG0006787,Lgib,0.09521,0.16778,0.56747
OG0006787,Wa,0.12275,0.17806,0.68941
OG0006787,Wo,2.23789,0.22239,10.06285
OG0006787,Sp,0.03291,0.01392,2.36385
OG0006791,La,0.00627,0.04802,0.13062
OG0006791,Laeq,0.02949,0.22846,0.12909
OG0006791,Lgib,0.01562,0.20599,0.07583
OG0006791,Wa,0.02449,0.15721,0.1558
OG0006791,Wo,0.02714,0.24872,0.10912
OG0006791,Sp,799.30631,0.0573,13949.83615
OG0006797,La,0.08121,0.07768,1.0454
OG0006797,Laeq,0.69405,0.11917,5.82417
OG0006797,Lgib,0.5909,0.08683,6.80516
OG0006797,Wa,16.59685,0.18253,90.92545
OG0006797,Wo,10.53157,0.29774,35.37136
OG0006797,Sp,0.08116,0.08285,0.97958
OG0006799,La,0.0227,0.15296,0.14842
OG0006799,Laeq,0.04698,0.27026,0.17384
OG0006799,Lgib,0.05033,0.23318,0.21584
OG0006799,Wa,0.02515,0.17673,0.14229
OG0006799,Wo,0.03566,0.2077,0.17169
OG0006799,Sp,0.01024,0.02025,0.50535
OG0006802,La,0.07129,0.08518,0.83694
OG0006802,Laeq,0.2317,0.19337,1.19827
OG0006802,Lgib,0.1865,0.19034,0.9798
OG0006802,Wa,9.66499,0.29428,32.84268
OG0006802,Wo,0.49361,0.33852,1.45812
OG0006802,Sp,0.06429,0.03788,1.69695
OG0006810,La,2.59691,0.15362,16.90515
OG0006810,Laeq,1.4692,0.27141,5.41322
OG0006810,Lgib,1.44779,0.22719,6.37253
OG0006810,Wa,1.48176,0.22634,6.54654
OG0006810,Wo,1.512,0.2769,5.46049
OG0006810,Sp,2.37235,0.0316,75.08537
OG0006811,Laeq,0.32499,0.22876,1.42064
OG0006811,Lgib,0.08405,0.19207,0.43761
OG0006811,Wa,0.0929,0.17383,0.53445
OG0006811,Wo,0.20448,0.23584,0.86705
OG0006811,Sp,0.0236,0.02818,0.83748
OG0006814,La,0.02286,0.12438,0.18382
OG0006814,Wa,0.02995,0.16737,0.17892
OG0006814,Wo,0.02793,0.22458,0.12438
OG0006814,Laeq,0.0318,0.21299,0.14931
OG0006814,Lgib,0.01691,0.16972,0.09961
OG0006814,Sp,0.0115,0.0479,0.24008
OG0006815,La,0.57259,0.17695,3.2359
OG0006815,Laeq,13.19817,0.26721,49.3919
OG0006815,Lgib,17.9179,0.22418,79.92748
OG0006815,Wa,11.46885,0.2571,44.60786
OG0006815,Wo,11.39576,0.27238,41.8375
OG0006815,Sp,0.05038,0.0275,1.83213
OG0006821,La,0.0578,0.1053,0.5489
OG0006821,Laeq,5.23526,0.22382,23.39015
OG0006821,Lgib,0.08854,0.20268,0.43687
OG0006821,Wa,1.59116,0.19661,8.09281
OG0006821,Wo,0.13426,0.18837,0.71272
OG0006821,Sp,0.01617,0.03901,0.41441
OG0006827,La,0.0429,0.15414,0.2783
OG0006827,Laeq,0.08388,0.22337,0.37553
OG0006827,Lgib,0.06475,0.1817,0.35637
OG0006827,Wa,0.09688,0.2322,0.41723
OG0006827,Wo,1.72591,0.24596,7.01693
OG0006827,Sp,0.01433,0.02138,0.67021
OG0006835,La,0.06309,0.11878,0.5312
OG0006835,Laeq,3.18476,0.21411,14.87465
OG0006835,Lgib,6.96406,0.16411,42.43532
OG0006835,Wa,0.11596,0.20608,0.5627
OG0006835,Wo,0.12127,0.23269,0.52115
OG0006835,Sp,0.01463,0.04617,0.3169
OG0006836,La,4.9757,0.1674,29.72397
OG0006836,Laeq,0.16441,0.22454,0.73225
OG0006836,Lgib,0.13419,0.18776,0.7147
OG0006836,Wa,12.63992,0.16695,75.70877
OG0006836,Wo,12.65047,0.24061,52.57574
OG0006836,Sp,0.03507,0.02568,1.36547
OG0006839,La,0.10999,0.1343,0.81904
OG0006839,Laeq,0.25745,0.3054,0.84298
OG0006839,Lgib,0.1126,0.32475,0.34673
OG0006839,Wa,0.36028,0.6514,0.55308
OG0006839,Sp,1.78586,0.11194,15.95351
OG0006844,La,0.0536,0.1706,0.31419
OG0006844,Laeq,0.07214,0.29219,0.24689
OG0006844,Lgib,0.06894,0.22724,0.30338
OG0006844,Wa,0.06224,0.20733,0.30018
OG0006844,Wo,0.07599,0.21449,0.35429
OG0006844,Sp,0.01145,0.0463,0.24727
OG0006848,La,0.07111,0.10015,0.71007
OG0006848,Laeq,0.14626,0.1472,0.99361
OG0006848,Lgib,0.11546,0.11703,0.98653
OG0006848,Wa,0.36447,0.15939,2.28672
OG0006848,Wo,0.39113,0.17755,2.20299
OG0006848,Sp,1.33443,0.03415,39.07634
OG0006853,La,0.1069,0.19027,0.56182
OG0006853,Laeq,0.24209,0.26356,0.91854
OG0006853,Lgib,0.14925,0.22215,0.67187
OG0006853,Wa,0.23643,0.19758,1.19666
OG0006853,Wo,0.15715,0.246,0.63883
OG0006853,Sp,0.01556,0.0137,1.13511
OG0006854,La,1.0239,0.08043,12.72978
OG0006854,Laeq,5.11859,0.14037,36.46506
OG0006854,Lgib,0.06513,0.11766,0.55356
OG0006854,Wa,0.08647,0.16026,0.53954
OG0006854,Wo,0.11568,0.22171,0.52174
OG0006854,Sp,0.0321,0.03453,0.92975
OG0006862,La,0.4837,0.14795,3.26931
OG0006862,Wa,2.34155,0.20292,11.53931
OG0006862,Wo,2.33917,0.21821,10.71977
OG0006862,Laeq,0.05319,0.20587,0.25838
OG0006862,Lgib,0.23497,0.18039,1.30258
OG0006862,Sp,0.00907,0.01825,0.49715
OG0006865,La,2.15731,0.13662,15.79093
OG0006865,Wa,0.12051,0.17209,0.70026
OG0006865,Wo,4.33341,0.22027,19.6729
OG0006865,Laeq,0.10752,0.17831,0.60296
OG0006865,Lgib,1.25693,0.12836,9.79185
OG0006865,Sp,0.00538,0.03389,0.15868
OG0006868,La,0.0574,0.09297,0.61735
OG0006868,Laeq,1.7489,0.3056,5.72277
OG0006868,Lgib,4.44905,0.33974,13.09556
OG0006868,Wa,0.27048,0.56533,0.47845
OG0006868,Wo,0.34123,0.76249,0.44752
OG0006868,Sp,0.04675,0.05105,0.91577
OG0006869,La,0.03043,0.07689,0.39575
OG0006869,Laeq,0.09096,0.16055,0.56654
OG0006869,Lgib,0.07467,0.11644,0.64126
OG0006869,Sp,0.0574,0.07175,0.79994
OG0006869,Wa,0.09549,0.12389,0.77074
OG0006869,Wo,0.12438,0.15352,0.81022
OG0006875,La,0.13035,0.12697,1.02659
OG0006875,Laeq,0.18252,0.30822,0.59216
OG0006875,Lgib,0.11209,0.27104,0.41356
OG0006875,Wa,0.32469,0.26961,1.20431
OG0006875,Wo,0.39437,0.3183,1.23901
OG0006875,Sp,0.03619,0.02756,1.31323
OG0006877,La,0.31194,0.13023,2.39535
OG0006877,Laeq,0.21827,0.21927,0.9954
OG0006877,Lgib,0.13144,0.17962,0.7318
OG0006877,Wa,0.32803,0.16055,2.04318
OG0006877,Wo,2.56769,0.19898,12.90439
OG0006877,Sp,1.64751,0.05026,32.779
OG0006882,La,0.07085,0.11693,0.60587
OG0006882,Wa,0.12403,0.18574,0.66776
OG0006882,Wo,0.12055,0.21282,0.56644
OG0006882,Laeq,0.11557,0.17903,0.64549
OG0006882,Lgib,0.07165,0.1236,0.57965
OG0006882,Sp,0.01928,0.04466,0.43175
OG0006887,La,0.07247,0.09227,0.78537
OG0006887,Laeq,0.08031,0.19247,0.41723
OG0006887,Lgib,0.06851,0.19019,0.36021
OG0006887,Wa,0.40413,0.20416,1.97943
OG0006887,Wo,0.4057,0.29059,1.3961
OG0006887,Sp,0.00413,0.01301,0.31759
OG0006890,La,5.53957,0.14782,37.47405
OG0006890,Laeq,0.14344,0.22302,0.64316
OG0006890,Lgib,0.18176,0.25234,0.72028
OG0006890,Wa,0.97584,0.23827,4.09549
OG0006890,Wo,0.29022,0.41378,0.70139
OG0006890,Sp,27.23346,0.02446,1113.58984
OG0006903,La,0.04596,0.08958,0.513
OG0006903,Laeq,0.15547,0.1648,0.94339
OG0006903,Lgib,0.07284,0.18989,0.38359
OG0006903,Wa,0.07789,0.25631,0.30389
OG0006903,Wo,0.22433,0.28715,0.78123
OG0006903,Sp,0.03173,0.0366,0.86703
OG0006904,La,0.00265,0.08222,0.03219
OG0006904,Laeq,0.00478,0.1017,0.04698
OG0006904,Lgib,2.36706,0.06222,38.04162
OG0006904,Sp,2.37923,0.1245,19.11082
OG0006904,Wa,2.368,0.18049,13.11948
OG0006904,Wo,2.38346,0.20635,11.55069
OG0006908,La,0.05793,0.10535,0.54993
OG0006908,Laeq,8.00263,0.17613,45.43471
OG0006908,Lgib,0.1017,0.15719,0.64698
OG0006908,Wa,0.10552,0.21894,0.48197
OG0006908,Wo,0.22824,0.23371,0.97658
OG0006908,Sp,0.01326,0.03558,0.37271
OG0006912,La,0.04158,0.07339,0.56652
OG0006912,Laeq,3.20187,0.17595,18.19792
OG0006912,Lgib,0.07159,0.1438,0.49785
OG0006912,Wa,1.96924,0.17674,11.14172
OG0006912,Wo,3.41423,0.20615,16.5618
OG0006912,Sp,0.02754,0.03845,0.71612
OG0006913,La,0.10703,0.10108,1.05884
OG0006913,Laeq,0.15329,0.23183,0.66123
OG0006913,Lgib,0.14519,0.1879,0.77271
OG0006913,Wa,0.18,0.16803,1.07128
OG0006913,Wo,0.20379,0.24919,0.81779
OG0006913,Sp,0.16526,0.05614,2.94396
OG0006915,La,0.09551,0.1389,0.68763
OG0006915,Laeq,0.20284,0.27151,0.74706
OG0006915,Lgib,0.15387,0.22166,0.69419
OG0006915,Wa,17.49939,0.31223,56.04731
OG0006915,Wo,13.268,0.34332,38.64634
OG0006915,Sp,0.02088,0.06858,0.30446
OG0006923,La,0.03193,0.07018,0.45489
OG0006923,Laeq,0.03529,0.17475,0.20192
OG0006923,Lgib,0.02834,0.1545,0.18346
OG0006923,Wa,0.06682,0.1732,0.38581
OG0006923,Wo,0.06809,0.17019,0.4001
OG0006923,Sp,0.01094,0.07374,0.14838
OG0006926,La,0.48905,0.17765,2.75295
OG0006926,Laeq,0.493,0.31573,1.56148
OG0006926,Lgib,0.4721,0.23158,2.03862
OG0006926,Wa,0.4907,0.13637,3.59818
OG0006926,Wo,0.51122,0.18903,2.7044
OG0006926,Sp,0.01226,0.04755,0.25777
OG0006927,La,0.14135,0.22184,0.63717
OG0006927,Laeq,0.15987,0.42279,0.37812
OG0006927,Lgib,0.16018,0.32423,0.49403
OG0006927,Wa,0.23399,0.27666,0.84576
OG0006927,Wo,0.53074,0.39222,1.35316
OG0006927,Sp,0.03951,0.09536,0.41433
OG0006934,La,0.04988,0.06366,0.78358
OG0006934,Laeq,0.11148,0.18123,0.61512
OG0006934,Lgib,0.14688,0.14784,0.99351
OG0006934,Wa,0.16135,0.18559,0.86941
OG0006934,Wo,0.14845,0.22496,0.65989
OG0006934,Sp,2.34949,0.06776,34.6731
OG0006938,La,0.22505,0.12283,1.83219
OG0006938,Laeq,0.28662,0.22908,1.2512
OG0006938,Lgib,0.27185,0.19509,1.39349
OG0006938,Wa,0.30453,0.19658,1.54916
OG0006938,Wo,0.32044,0.22917,1.39827
OG0006938,Sp,6.8645,0.10442,65.73927
OG0006940,La,0.04677,0.08874,0.52705
OG0006940,Laeq,0.09822,0.18216,0.53917
OG0006940,Lgib,0.06359,0.13908,0.45726
OG0006940,Wa,0.10276,0.15886,0.64689
OG0006940,Wo,0.17945,0.19044,0.94229
OG0006940,Sp,0.00989,0.04036,0.24505
OG0006951,La,0.06334,0.10027,0.63173
OG0006951,Wa,1.9511,0.21629,9.02094
OG0006951,Wo,3.37936,0.28189,11.98826
OG0006951,Laeq,0.25731,0.14269,1.80323
OG0006951,Lgib,0.05559,0.16763,0.33159
OG0006951,Sp,1.74239,0.04252,40.98209
OG0006955,La,0.0513,0.06085,0.84299
OG0006955,Lgib,0.07262,0.16945,0.42858
OG0006955,Wa,0.14673,0.16815,0.87259
OG0006955,Wo,0.34659,0.33568,1.03249
OG0006955,Sp,0.04812,0.03788,1.27049
OG0006961,La,0.03533,0.13487,0.26193
OG0006961,Laeq,0.17038,0.19456,0.87575
OG0006961,Lgib,0.03852,0.16402,0.23482
OG0006961,Wa,3.05949,0.16451,18.59793
OG0006961,Wo,3.0589,0.25876,11.82134
OG0006961,Sp,0.03115,0.03181,0.97937
OG0006963,La,14.68066,0.10289,142.67923
OG0006963,Laeq,3.97323,0.24097,16.48837
OG0006963,Lgib,3.93632,0.18604,21.15821
OG0006963,Wa,4.01607,0.29187,13.75964
OG0006963,Wo,4.04545,0.38246,10.57741
OG0006963,Sp,0.02176,0.05921,0.36746
OG0006973,La,0.72599,0.13732,5.28673
OG0006973,Wa,6.14831,0.21579,28.49168
OG0006973,Wo,6.20065,0.22164,27.97562
OG0006973,Laeq,0.14564,0.22383,0.65065
OG0006973,Lgib,0.24372,0.15949,1.52817
OG0006973,Sp,0.02706,0.02196,1.2323
OG0006978,La,0.01189,0.12994,0.09151
OG0006978,Laeq,0.01541,0.30142,0.05113
OG0006978,Lgib,0.08527,0.17676,0.48239
OG0006978,Wa,0.00882,0.19352,0.0456
OG0006978,Wo,0.0119,0.23139,0.05145
OG0006978,Sp,503.46111,0.02383,21128.75778
OG0006979,La,0.0773,0.07784,0.99313
OG0006979,Wa,0.81906,0.13305,6.15589
OG0006979,Wo,0.32783,0.21439,1.52911
OG0006979,Laeq,22.62007,0.14358,157.54646
OG0006979,Lgib,22.5781,0.11896,189.80032
OG0006979,Sp,1.55985,0.04211,37.03991
OG0006983,La,0.06688,0.10178,0.65708
OG0006983,Wa,0.12898,0.17672,0.7299
OG0006983,Wo,0.17239,0.21868,0.78832
OG0006983,Laeq,0.06356,0.18965,0.33513
OG0006983,Lgib,0.25397,0.20638,1.23062
OG0006983,Sp,0.03349,0.03857,0.86834
OG0006988,La,1.75027,0.10988,15.92898
OG0006988,Laeq,7.59561,0.16386,46.35468
OG0006988,Lgib,1.78911,0.14464,12.36959
OG0006988,Wa,1.85766,0.19378,9.58656
OG0006988,Wo,1.91054,0.22947,8.32599
OG0006988,Sp,0.09979,0.03467,2.87806
OG0006993,La,0.07746,0.24772,0.31271
OG0006993,Laeq,0.15292,0.34173,0.4475
OG0006993,Lgib,0.08038,0.30444,0.26403
OG0006993,Wa,0.08235,0.24164,0.34081
OG0006993,Wo,0.09546,0.29864,0.31965
OG0006993,Sp,1.7996,0.01919,93.79136
OG0006995,La,0.0506,0.14502,0.34888
OG0006995,Laeq,0.61472,0.19065,3.22425
OG0006995,Lgib,0.07634,0.11836,0.64504
OG0006995,Wa,0.10112,0.18211,0.5553
OG0006995,Wo,0.14637,0.19295,0.75857
OG0006995,Sp,0.0259,0.05833,0.44413
OG0006996,La,0.08936,0.14311,0.62443
OG0006996,Laeq,3.89308,0.20827,18.6929
OG0006996,Lgib,0.10335,0.16543,0.62471
OG0006996,Wa,0.35202,0.17609,1.99911
OG0006996,Wo,0.24772,0.34066,0.72716
OG0006996,Sp,15.05512,0.05643,266.80958
OG0006997,La,2.04148,0.54629,3.73698
OG0006997,Wa,7.81043,0.49319,15.83643
OG0006997,Wo,7.84241,0.54824,14.30478
OG0006997,Laeq,0.16578,0.29931,0.55387
OG0006997,Lgib,0.14482,0.36006,0.4022
OG0006997,Sp,0.01222,0.06251,0.19551
OG0007000,La,0.20997,0.11498,1.82617
OG0007000,Laeq,0.13918,0.1952,0.713
OG0007000,Lgib,0.09766,0.14866,0.65697
OG0007000,Wa,0.87265,0.16971,5.142
OG0007000,Sp,0.05477,0.05638,0.97142
OG0007002,La,0.67343,0.1534,4.39012
OG0007002,Wa,0.04988,0.19974,0.24973
OG0007002,Wo,0.06994,0.31474,0.22222
OG0007002,Laeq,0.04027,0.20435,0.19707
OG0007002,Lgib,0.04123,0.19584,0.21055
OG0007002,Sp,0.0762,0.03684,2.06854
OG0007017,La,0.05569,0.09103,0.61182
OG0007017,Laeq,0.0762,0.18523,0.4114
OG0007017,Lgib,0.0449,0.1003,0.44766
OG0007017,Wa,0.08788,0.16736,0.52509
OG0007017,Wo,296.09682,0.20608,1436.83683
OG0007017,Sp,0.0217,0.03685,0.58875
OG0007026,La,6.81488,0.13983,48.73839
OG0007026,Laeq,18.54073,0.19475,95.20183
OG0007026,Lgib,18.52656,0.16325,113.48795
OG0007026,Wa,21.15709,0.16273,130.01519
OG0007026,Wo,21.85313,0.20337,107.45733
OG0007026,Sp,0.12488,0.03193,3.91042
OG0007030,La,0.12234,0.09971,1.22695
OG0007030,Laeq,64.67244,0.19011,340.19063
OG0007030,Lgib,53.90186,0.14664,367.57122
OG0007030,Wa,0.14184,0.20417,0.69468
OG0007030,Wo,14.81715,0.23718,62.47202
OG0007030,Sp,0.05528,0.15225,0.36308
OG0007032,La,13.23456,0.18008,73.4915
OG0007032,Laeq,0.14207,0.34847,0.40769
OG0007032,Lgib,0.11475,0.21878,0.52451
OG0007032,Wa,0.12717,0.31139,0.40841
OG0007032,Wo,7.59572,0.31256,24.302
OG0007032,Sp,0.03034,0.01577,1.92382
OG0007035,La,0.13175,0.13305,0.99019
OG0007035,Laeq,0.21188,0.26067,0.81283
OG0007035,Lgib,0.16492,0.17398,0.94793
OG0007035,Wa,0.41283,0.22218,1.8581
OG0007035,Wo,0.53313,0.25304,2.10691
OG0007035,Sp,0.90661,0.0374,24.24047
OG0007038,La,0.09549,0.13129,0.72734
OG0007038,Laeq,0.11782,0.20676,0.56985
OG0007038,Lgib,0.12161,0.18746,0.64874
OG0007038,Wa,0.1489,0.17167,0.86738
OG0007038,Wo,0.20374,0.17406,1.17049
OG0007038,Sp,0.01696,0.04159,0.40783
OG0007047,La,0.19818,0.15196,1.30412
OG0007047,Laeq,2.0983,0.42606,4.92486
OG0007047,Lgib,6.34467,0.26921,23.56816
OG0007047,Wa,5.52691,0.29904,18.48191
OG0007047,Wo,0.18455,0.35125,0.5254
OG0007047,Sp,0.03719,0.07176,0.5183
OG0007048,La,2.22664,0.11946,18.63902
OG0007048,Laeq,2.26328,0.14242,15.89178
OG0007048,Lgib,2.23072,0.16199,13.77045
OG0007048,Wa,2.23579,0.16633,13.44205
OG0007048,Wo,2.25387,0.19613,11.49187
OG0007048,Sp,0.01576,0.02518,0.62588
OG0007050,La,5.43617,0.12184,44.61628
OG0007050,Laeq,0.10456,0.20075,0.52085
OG0007050,Lgib,0.07436,0.1577,0.47149
OG0007050,Wa,5.83438,0.19098,30.5493
OG0007050,Wo,5.83437,0.25338,23.02588
OG0007050,Sp,0.12933,0.04133,3.12904
OG0007058,La,1.04598,0.2147,4.87191
OG0007058,Laeq,1.05604,0.2719,3.88399
OG0007058,Lgib,1.04518,0.25238,4.14125
OG0007058,Wa,0.0525,0.19358,0.2712
OG0007058,Wo,0.08625,0.24771,0.34818
OG0007058,Sp,0.01892,0.02221,0.85219
OG0007059,La,0.69345,0.14544,4.76804
OG0007059,Laeq,0.27673,0.28231,0.98024
OG0007059,Lgib,0.22241,0.23017,0.96627
OG0007059,Wa,0.19876,0.21871,0.90877
OG0007059,Wo,0.2415,0.23522,1.02668
OG0007059,Sp,0.0369,0.02641,1.39709
OG0007061,La,0.0885,0.1529,0.57882
OG0007061,Wa,0.109,0.21245,0.51308
OG0007061,Wo,1.54199,0.21315,7.23438
OG0007061,Laeq,1.36749,0.18438,7.41685
OG0007061,Lgib,0.27924,0.15914,1.75469
OG0007061,Sp,0.01656,0.04439,0.37311
OG0007067,La,0.06049,0.19171,0.31553
OG0007067,Lgib,0.06941,0.21656,0.3205
OG0007067,Wa,3.69665,0.21426,17.2532
OG0007067,Wo,0.15601,0.27141,0.57483
OG0007067,Sp,0.00544,0.01007,0.53988
OG0007069,La,0.15877,0.1471,1.07935
OG0007069,Laeq,0.17333,0.30188,0.57417
OG0007069,Lgib,0.26814,0.14572,1.84009
OG0007069,Wa,0.44803,0.14359,3.12013
OG0007069,Wo,0.50291,0.1957,2.56987
OG0007069,Sp,0.04449,0.06294,0.70689
OG0007071,La,0.18875,0.14627,1.29046
OG0007071,Laeq,0.33581,0.28592,1.17448
OG0007071,Lgib,0.338,0.20664,1.63572
OG0007071,Wa,0.85648,0.48371,1.77067
OG0007071,Wo,0.33953,0.41995,0.80851
OG0007071,Sp,0.02507,0.03733,0.67165
OG0007073,La,0.11182,0.19383,0.57689
OG0007073,Laeq,0.7223,0.27835,2.5949
OG0007073,Lgib,1.40243,0.22728,6.1704
OG0007073,Wa,1.89936,0.24252,7.83163
OG0007073,Wo,0.19604,0.30096,0.65137
OG0007073,Sp,0.02336,0.01768,1.32157
OG0007079,La,5.43167,0.10165,53.43685
OG0007079,Laeq,1.37945,0.27459,5.02373
OG0007079,Lgib,1.36099,0.26802,5.07802
OG0007079,Wa,4.39558,0.18366,23.93326
OG0007079,Wo,8.83626,0.2113,41.81932
OG0007079,Sp,0.02431,0.0466,0.52164
OG0007084,La,0.07833,0.10652,0.73539
OG0007084,Laeq,2.01847,0.14714,13.71777
OG0007084,Lgib,0.20766,0.12192,1.7032
OG0007084,Wa,0.16307,0.21005,0.77632
OG0007084,Wo,0.16324,0.20148,0.81021
OG0007084,Sp,0.01785,0.07552,0.23639
OG0007094,La,10.16712,0.13323,76.31506
OG0007094,Wa,11.71528,0.18192,64.3968
OG0007094,Wo,12.21563,0.22442,54.43283
OG0007094,Lgib,0.05704,0.15708,0.3631
OG0007094,Sp,0.02135,0.03747,0.56977
OG0007095,La,0.13448,0.09346,1.43895
OG0007095,Laeq,0.2357,0.1596,1.47685
OG0007095,Lgib,0.15137,0.11921,1.26977
OG0007095,Wa,2.48208,0.16133,15.38526
OG0007095,Wo,2.47348,0.19594,12.62378
OG0007095,Sp,2.63076,0.02906,90.51584
OG0007097,La,0.34721,0.15928,2.17992
OG0007097,Laeq,0.28916,0.31303,0.92374
OG0007097,Lgib,0.25861,0.26713,0.96812
OG0007097,Wa,0.26298,0.29284,0.89802
OG0007097,Wo,0.29833,0.34012,0.87714
OG0007097,Sp,0.62862,0.03581,17.55526
OG0007099,La,0.12425,0.11238,1.10561
OG0007099,Wa,0.99621,0.20098,4.95666
OG0007099,Wo,0.29796,0.17954,1.65955
OG0007099,Laeq,0.11434,0.17521,0.65259
OG0007099,Lgib,0.09922,0.1314,0.75509
OG0007099,Sp,0.04134,0.04168,0.99196
OG0007104,La,0.03028,0.10853,0.27899
OG0007104,Lgib,0.05367,0.11543,0.46495
OG0007104,Wa,0.08383,0.23464,0.35725
OG0007104,Wo,0.14255,0.23046,0.61853
OG0007104,Sp,0.0443,0.03853,1.14979
OG0007107,La,0.91135,0.17065,5.34056
OG0007107,Laeq,0.03393,0.28337,0.11972
OG0007107,Lgib,0.02534,0.23569,0.10751
OG0007107,Wa,0.1466,0.28701,0.51078
OG0007107,Wo,0.04561,0.34354,0.13278
OG0007107,Sp,0.00835,0.0515,0.16204
OG0007113,La,4.8506,0.16201,29.93925
OG0007113,Laeq,0.20617,0.21241,0.97061
OG0007113,Lgib,0.19448,0.18389,1.05756
OG0007113,Wa,0.34667,0.22621,1.53254
OG0007113,Wo,0.33478,0.25562,1.3097
OG0007113,Sp,0.03945,0.01167,3.37992
OG0007114,La,3.24578,0.12818,25.32153
OG0007114,Laeq,16.19912,0.21529,75.24191
OG0007114,Lgib,3.32909,0.19197,17.34142
OG0007114,Wa,3.3449,0.16101,20.77456
OG0007114,Wo,3.4211,0.16381,20.88508
OG0007114,Sp,0.03829,0.03523,1.08692
OG0007115,La,0.10545,0.08871,1.18868
OG0007115,Laeq,0.23294,0.13381,1.74088
OG0007115,Lgib,0.23165,0.13733,1.68682
OG0007115,Wa,0.2248,0.15161,1.48275
OG0007115,Wo,3.23259,0.22192,14.56647
OG0007115,Sp,0.0385,0.07231,0.53244
OG0007118,La,16.62601,0.22224,74.8123
OG0007118,Wa,8.59567,0.22141,38.82185
OG0007118,Wo,20.20402,0.23686,85.29976
OG0007118,Lgib,7.89179,0.16312,48.37893
OG0007118,Laeq,7.72693,0.19995,38.64477
OG0007118,Sp,0.13609,0.06265,2.17224
OG0007119,La,0.11556,0.11906,0.97065
OG0007119,Laeq,1.55781,0.22794,6.83423
OG0007119,Lgib,0.06688,0.21741,0.3076
OG0007119,Wa,0.05217,0.16926,0.30822
OG0007119,Wo,0.06184,0.19193,0.32223
OG0007119,Sp,0.01007,0.04002,0.25164
OG0007120,La,0.07162,0.1168,0.61314
OG0007120,Laeq,0.11482,0.2402,0.47802
OG0007120,Lgib,0.1347,0.23795,0.56608
OG0007120,Wa,0.2311,0.12796,1.80598
OG0007120,Wo,9.67589,0.25567,37.84499
OG0007120,Sp,0.05028,0.02237,2.24759
OG0007124,La,0.12301,0.14602,0.84236
OG0007124,Laeq,3.68751,0.33659,10.95547
OG0007124,Lgib,3.58635,0.24145,14.85341
OG0007124,Wa,0.21549,0.21485,1.00298
OG0007124,Wo,0.23312,0.25502,0.9141
OG0007124,Sp,0.10007,0.02784,3.5945
OG0007133,La,0.07271,0.11739,0.61942
OG0007133,Laeq,0.10476,0.16296,0.64287
OG0007133,Lgib,0.07622,0.13103,0.5817
OG0007133,Wa,0.14932,0.16473,0.90646
OG0007133,Wo,0.15865,0.18929,0.83812
OG0007133,Sp,0.03734,0.03821,0.97733
OG0007136,La,5.50182,0.09295,59.19103
OG0007136,Laeq,5.74834,0.17825,32.249
OG0007136,Lgib,5.5266,0.13762,40.15858
OG0007136,Wa,5.58361,0.18681,29.89003
OG0007136,Wo,5.59854,0.23142,24.19199
OG0007136,Sp,0.04239,0.03368,1.25863
OG0007138,La,0.15016,0.07246,2.07221
OG0007138,Wa,0.53134,0.13545,3.92281
OG0007138,Wo,0.31209,0.15097,2.06715
OG0007138,Laeq,0.17716,0.15449,1.14674
OG0007138,Lgib,0.10623,0.10031,1.05908
OG0007138,Sp,0.03532,0.03319,1.06414
OG0007143,La,0.09625,0.15713,0.6125
OG0007143,Laeq,0.16902,0.22513,0.75077
OG0007143,Lgib,3.04548,0.17655,17.24948
OG0007143,Wa,0.14147,0.21153,0.66882
OG0007143,Wo,0.15583,0.21618,0.72084
OG0007143,Sp,0.02565,0.03462,0.74075
OG0007147,La,0.08782,0.1301,0.67507
OG0007147,Wa,0.19828,0.20145,0.98427
OG0007147,Wo,0.22647,0.23762,0.95309
OG0007147,Laeq,0.13223,0.23795,0.55568
OG0007147,Lgib,0.09515,0.18848,0.50481
OG0007147,Sp,0.02397,0.03624,0.66142
OG0007148,La,0.0624,0.23887,0.26123
OG0007148,Wa,0.14902,0.41752,0.35691
OG0007148,Wo,0.21169,0.45936,0.46084
OG0007148,Laeq,0.07489,0.25098,0.2984
OG0007148,Lgib,0.06651,0.21443,0.3102
OG0007148,Sp,0.01823,0.02805,0.65003
OG0007153,La,0.06089,0.13538,0.44974
OG0007153,Laeq,0.14461,0.2307,0.62684
OG0007153,Lgib,0.10371,0.19008,0.54558
OG0007153,Wa,0.14399,0.22969,0.62688
OG0007153,Wo,0.15452,0.2399,0.64407
OG0007153,Sp,0.13734,0.04535,3.02845
OG0007157,La,0.14986,0.09866,1.51891
OG0007157,Laeq,0.19875,0.17181,1.15678
OG0007157,Lgib,0.10642,0.15177,0.70117
OG0007157,Wa,0.43775,0.19321,2.26569
OG0007157,Wo,0.44698,0.20191,2.21378
OG0007157,Sp,0.0197,0.01671,1.17897
OG0007159,La,0.75494,0.11658,6.47598
OG0007159,Wa,0.08828,0.20443,0.43182
OG0007159,Wo,0.0942,0.22367,0.42116
OG0007159,Laeq,0.04758,0.23337,0.20386
OG0007159,Lgib,0.02998,0.15936,0.18813
OG0007159,Sp,0.00739,0.04103,0.18005
OG0007164,La,0.06662,0.14253,0.46743
OG0007164,Wa,0.07066,0.21132,0.33437
OG0007164,Wo,0.13215,0.3316,0.39853
OG0007164,Laeq,0.20369,0.2449,0.83172
OG0007164,Lgib,0.0953,0.18018,0.52892
OG0007164,Sp,1.86309,0.06138,30.35269
OG0007169,La,5.06905,0.13102,38.68866
OG0007169,Laeq,3.62494,0.16079,22.54515
OG0007169,Lgib,1.40142,0.13181,10.63179
OG0007169,Wa,0.14442,0.14596,0.98945
OG0007169,Wo,0.17988,0.2214,0.81247
OG0007169,Sp,4.51765,0.03265,138.38638
OG0007170,La,0.04057,0.12078,0.33587
OG0007170,Laeq,0.36458,0.23235,1.56907
OG0007170,Lgib,0.21515,0.17236,1.24827
OG0007170,Wa,2.61649,0.20943,12.49351
OG0007170,Wo,7.29087,0.27106,26.89748
OG0007170,Sp,0.02915,0.04004,0.72805
OG0007172,La,0.04218,0.16832,0.25061
OG0007172,Wa,2.50367,0.2273,11.01505
OG0007172,Wo,2.48768,0.2778,8.955
OG0007172,Laeq,0.06771,0.22429,0.30189
OG0007172,Lgib,0.05946,0.23512,0.25291
OG0007172,Sp,0.03043,0.01521,2.00101
OG0007180,La,2.60941,0.12778,20.42076
OG0007180,Wa,2.56886,0.18904,13.58869
OG0007180,Wo,2.56909,0.21062,12.19786
OG0007180,Laeq,2.47526,0.20838,11.87851
OG0007180,Lgib,2.81167,0.15412,18.24278
OG0007180,Sp,0.03533,0.04004,0.8823
OG0007181,La,0.12493,0.1242,1.00588
OG0007181,Wa,0.21092,0.20856,1.01132
OG0007181,Wo,0.24515,0.24691,0.99286
OG0007181,Laeq,0.35704,0.25514,1.39942
OG0007181,Lgib,0.17388,0.21825,0.79673
OG0007181,Sp,0.03291,0.05442,0.6048
OG0007182,La,0.0363,0.09523,0.38123
OG0007182,Sp,0.0257,0.10953,0.23467
OG0007182,Laeq,0.11859,0.23628,0.50191
OG0007182,Lgib,0.12905,0.17028,0.75791
OG0007182,Wa,0.08552,0.15496,0.55186
OG0007182,Wo,0.18108,0.16885,1.07244
OG0007183,La,0.04646,0.13119,0.35417
OG0007183,Wa,0.07986,0.18289,0.43663
OG0007183,Wo,0.0932,0.21753,0.42845
OG0007183,Laeq,0.06947,0.20555,0.33796
OG0007183,Lgib,0.05922,0.15043,0.3937
OG0007183,Sp,0.0113,0.03026,0.37353
OG0007184,La,0.08983,0.17315,0.51883
OG0007184,Laeq,0.17463,0.33195,0.52607
OG0007184,Lgib,0.13718,0.25682,0.53417
OG0007184,Wa,0.78922,0.29092,2.71286
OG0007184,Wo,0.36486,0.32349,1.12789
OG0007184,Sp,0.02607,0.04162,0.62641
OG0007259,La,0.06255,0.19748,0.31671
OG0007259,Laeq,0.07206,0.22083,0.32632
OG0007259,Lgib,0.05447,0.21943,0.24825
OG0007259,Wa,0.08546,0.16038,0.53283
OG0007259,Wo,0.08074,0.22287,0.36226
OG0007259,Sp,0.0048,0.06205,0.07737
OG0007260,Laeq,0.31104,0.25686,1.21092
OG0007260,Lgib,0.30687,0.26177,1.17227
OG0007260,Wa,0.3263,0.57236,0.57009
OG0007260,Wo,0.40985,0.50016,0.81944
OG0007260,Sp,0.10831,0.14133,0.76637
OG0007262,La,0.09791,0.16006,0.61168
OG0007262,Laeq,0.46092,0.32616,1.41318
OG0007262,Lgib,10.27473,0.19829,51.81643
OG0007262,Wa,0.36522,0.41917,0.8713
OG0007262,Wo,0.41512,0.4517,0.91902
OG0007262,Sp,2.44443,0.04256,57.44092
OG0007273,La,0.05082,0.13262,0.38321
OG0007273,Laeq,0.11086,0.21297,0.52054
OG0007273,Lgib,0.07464,0.13663,0.54628
OG0007273,Wa,0.1709,0.20866,0.81907
OG0007273,Wo,0.17099,0.27962,0.61149
OG0007273,Sp,1.03383,0.04558,22.68402
OG0007292,La,3.78579,0.13363,28.33072
OG0007292,Laeq,5.81447,0.30273,19.2067
OG0007292,Lgib,3.86259,0.2463,15.68232
OG0007292,Wa,8.05776,0.33937,23.74314
OG0007292,Wo,8.089,0.47522,17.02154
OG0007292,Sp,1.49913,0.06271,23.9048
OG0007295,La,0.18626,0.14004,1.33004
OG0007295,Laeq,0.11453,0.20697,0.55339
OG0007295,Lgib,0.07463,0.19216,0.38836
OG0007295,Wa,1.46604,0.20833,7.03694
OG0007295,Wo,0.09292,0.23219,0.40018
OG0007295,Sp,2.04394,0.06336,32.261
OG0007302,La,0.14429,0.10184,1.41685
OG0007302,Laeq,8.43028,0.20644,40.83592
OG0007302,Lgib,8.54631,0.20609,41.4688
OG0007302,Wa,8.51376,0.24288,35.053
OG0007302,Wo,8.48721,0.3125,27.15946
OG0007302,Sp,1.8111,0.05268,34.37759
OG0007303,La,0.1126,0.21522,0.52319
OG0007303,Laeq,0.09964,0.48693,0.20462
OG0007303,Lgib,0.07974,0.31665,0.25183
OG0007303,Wa,0.09952,0.31635,0.31459
OG0007303,Wo,0.1181,0.36304,0.3253
OG0007303,Sp,0.03404,0.04783,0.71181
OG0007306,La,0.28438,0.11025,2.57944
OG0007306,Laeq,2.36201,0.33038,7.14929
OG0007306,Lgib,2.32961,0.18069,12.89266
OG0007306,Wa,0.08088,0.27196,0.29742
OG0007306,Wo,0.20067,0.29161,0.68813
OG0007306,Sp,0.00984,0.10751,0.09154
OG0007311,La,0.12446,0.16086,0.77369
OG0007311,Laeq,0.32516,0.28856,1.12683
OG0007311,Lgib,0.26365,0.24987,1.05516
OG0007311,Wa,3.76728,0.27427,13.7359
OG0007311,Wo,11.57919,0.3111,37.22007
OG0007311,Sp,0.05951,0.01282,4.64322
OG0007312,La,24.27188,0.08313,291.9596
OG0007312,Sp,19.75477,0.062,318.61042
OG0007312,Laeq,0.26433,0.27402,0.96466
OG0007312,Lgib,0.20568,0.16484,1.24773
OG0007312,Wa,0.13888,0.26949,0.51533
OG0007312,Wo,0.21045,0.33126,0.63529
OG0007313,La,0.06162,0.19187,0.32116
OG0007313,Laeq,0.0922,0.33765,0.27307
OG0007313,Lgib,0.0825,0.29897,0.27595
OG0007313,Wa,0.12936,0.27838,0.4647
OG0007313,Wo,0.51532,0.35881,1.43621
OG0007313,Sp,0.01713,0.06769,0.25314
OG0007318,Laeq,6.58755,0.29553,22.29054
OG0007318,Lgib,6.11819,0.22261,27.48389
OG0007318,Wa,14.89754,0.25383,58.69215
OG0007318,Wo,14.84542,0.39803,37.29687
OG0007318,Sp,1.09583,0.01495,73.31199
OG0007320,La,0.10684,0.14273,0.74855
OG0007320,Laeq,0.17524,0.26391,0.664
OG0007320,Wa,0.21052,0.38319,0.54939
OG0007320,Wo,0.22287,0.37439,0.59529
OG0007320,Lgib,0.2619,0.17888,1.46415
OG0007320,Sp,0.02479,0.02389,1.03782
OG0007322,La,0.09394,0.1339,0.70156
OG0007322,Laeq,0.18816,0.40608,0.46336
OG0007322,Lgib,0.18126,0.22649,0.80029
OG0007322,Wa,0.25165,0.38186,0.65902
OG0007322,Wo,0.2511,0.47484,0.52881
OG0007322,Sp,0.35327,0.05523,6.39589
OG0007331,La,0.08631,0.11045,0.78144
OG0007331,Laeq,0.30454,0.50851,0.59888
OG0007331,Wa,0.14808,0.22708,0.6521
OG0007331,Wo,0.12292,0.3176,0.38704
OG0007331,Sp,0.15424,0.11922,1.29378
OG0007331,Lgib,0.05529,0.0704,0.78532
OG0007332,La,0.07344,0.13701,0.53599
OG0007332,Laeq,1.96149,0.20342,9.64233
OG0007332,Lgib,0.05986,0.17525,0.34159
OG0007332,Wa,0.04995,0.20557,0.243
OG0007332,Wo,0.06678,0.2396,0.27871
OG0007332,Sp,0.01734,0.06006,0.28872
OG0007337,La,0.09284,0.17287,0.53705
OG0007337,Laeq,0.18674,0.32279,0.57852
OG0007337,Lgib,0.21279,0.25567,0.83227
OG0007337,Wa,0.30731,0.33837,0.90821
OG0007337,Wo,0.33038,0.4201,0.78642
OG0007337,Sp,0.26529,0.05092,5.20965
OG0007344,La,0.06768,0.16651,0.40645
OG0007344,Wa,5.41926,0.23525,23.03597
OG0007344,Wo,0.12369,0.25627,0.48265
OG0007344,Laeq,0.05271,0.27063,0.19478
OG0007344,Lgib,0.03254,0.21527,0.15114
OG0007344,Sp,0.00587,0.01952,0.30064
OG0007346,La,12.78198,0.2439,52.40594
OG0007346,Wa,24.9141,0.27698,89.95045
OG0007346,Wo,21.14034,0.33376,63.33937
OG0007346,Laeq,3.3226,0.29957,11.09106
OG0007346,Lgib,2.64453,0.27753,9.52872
OG0007346,Sp,0.14538,0.03983,3.64975
OG0007348,La,0.06774,0.06922,0.97863
OG0007348,Laeq,0.4515,0.20352,2.21841
OG0007348,Lgib,0.48109,0.10665,4.51081
OG0007348,Wa,1.33508,0.151,8.8414
OG0007348,Wo,1.47454,0.18973,7.77186
OG0007348,Sp,0.15953,0.09085,1.75589
OG0007353,La,0.04696,0.1507,0.31163
OG0007353,Laeq,0.1792,0.21886,0.8188
OG0007353,Lgib,0.13153,0.18607,0.70691
OG0007353,Wa,0.08042,0.23068,0.34864
OG0007353,Wo,0.14082,0.30576,0.46056
OG0007353,Sp,0.02534,0.0704,0.35987
OG0007357,La,0.10923,0.1418,0.77032
OG0007357,Laeq,0.17103,0.2561,0.66781
OG0007357,Lgib,0.14724,0.2004,0.7347
OG0007357,Wa,0.18104,0.18677,0.96931
OG0007357,Wo,0.28209,0.29673,0.95066
OG0007357,Sp,0.02624,0.05821,0.45088
OG0007361,La,0.20066,0.07719,2.59941
OG0007361,Laeq,0.20013,0.37606,0.53216
OG0007361,Lgib,0.18932,0.27339,0.69249
OG0007361,Wa,5.94958,0.25439,23.38789
OG0007361,Wo,9.51811,0.57988,16.41392
OG0007361,Sp,4.31358,0.08381,51.47119
OG0007363,La,0.33972,0.15009,2.2634
OG0007363,Wa,0.38919,0.2678,1.45328
OG0007363,Wo,15.0053,0.28736,52.21774
OG0007363,Laeq,0.32915,0.25184,1.30697
OG0007363,Lgib,0.29574,0.22996,1.28605
OG0007363,Sp,0.04789,0.07182,0.66677
OG0007364,La,0.16861,0.09269,1.8191
OG0007364,Laeq,0.08238,0.19688,0.41843
OG0007364,Lgib,0.09916,0.20023,0.49523
OG0007364,Wa,0.34694,0.13225,2.62334
OG0007364,Wo,0.33186,0.18021,1.84145
OG0007364,Sp,0.01936,0.04659,0.41545
OG0007367,La,4.72375,0.11477,41.16013
OG0007367,Laeq,4.77811,0.30992,15.41705
OG0007367,Lgib,7.00597,0.27066,25.88445
OG0007367,Wa,10.3623,0.26311,39.38322
OG0007367,Wo,4.88224,0.40179,12.15118
OG0007367,Sp,0.07066,0.0594,1.18963
OG0007368,La,0.05611,0.10097,0.55567
OG0007368,Laeq,0.26623,0.1757,1.51529
OG0007368,Lgib,0.24202,0.13592,1.78059
OG0007368,Sp,0.67305,0.1256,5.35883
OG0007368,Wa,0.17139,0.15513,1.1048
OG0007368,Wo,0.2186,0.21675,1.00855
OG0007371,La,0.07512,0.268,0.28031
OG0007371,Laeq,0.18553,0.23394,0.79307
OG0007371,Lgib,0.13156,0.21626,0.60834
OG0007371,Wa,0.15317,0.33139,0.46221
OG0007371,Wo,0.19737,0.36957,0.53406
OG0007371,Sp,0.06679,0.0244,2.73722
OG0007373,La,0.0695,0.1388,0.50077
OG0007373,Laeq,1.22229,0.21777,5.61269
OG0007373,Lgib,1.08338,0.12723,8.51545
OG0007373,Wa,0.96602,0.1689,5.71934
OG0007373,Wo,1.07602,0.23482,4.58224
OG0007373,Sp,0.62221,0.27046,2.3006
OG0007377,La,47.90211,0.0983,487.31602
OG0007377,Sp,25.30479,0.03631,696.99877
OG0007377,Laeq,5.07158,0.25278,20.06341
OG0007377,Lgib,5.05533,0.2005,25.21374
OG0007377,Wa,0.67685,0.23906,2.83125
OG0007377,Wo,0.66972,0.2461,2.72131
OG0007381,La,0.12981,0.2164,0.59984
OG0007381,Laeq,0.47255,0.31557,1.49745
OG0007381,Lgib,0.3524,0.25166,1.40032
OG0007381,Wa,0.47034,0.32137,1.46356
OG0007381,Wo,0.4843,0.42601,1.13683
OG0007381,Sp,44.37448,0.04655,953.35026
OG0007382,La,0.03639,0.09292,0.39165
OG0007382,Laeq,0.05355,0.14659,0.36528
OG0007382,Lgib,0.04709,0.15455,0.30472
OG0007382,Wa,0.15797,0.15307,1.032
OG0007382,Wo,0.17471,0.16497,1.05906
OG0007382,Sp,0.01548,0.01868,0.82861
OG0007384,La,0.12939,0.08909,1.45236
OG0007384,Laeq,8.33214,0.21865,38.10765
OG0007384,Lgib,4.1673,0.19549,21.31664
OG0007384,Wa,3.28709,0.2135,15.39585
OG0007384,Wo,3.07961,0.36374,8.46652
OG0007384,Sp,19.60732,0.05816,337.12289
OG0007388,La,0.11168,0.14639,0.76288
OG0007388,Laeq,0.13638,0.19297,0.70672
OG0007388,Lgib,0.07787,0.17115,0.45499
OG0007388,Wa,0.2232,0.20348,1.09692
OG0007388,Wo,0.33803,0.21076,1.60382
OG0007388,Sp,6.3919,0.01618,395.11546
OG0007389,La,0.1871,0.76007,0.24616
OG0007389,Wa,0.24901,0.767,0.32465
OG0007389,Wo,0.27282,0.8295,0.3289
OG0007389,Laeq,0.28798,0.7919,0.36365
OG0007389,Lgib,0.19787,0.62965,0.31426
OG0007389,Sp,0.18775,0.15907,1.18031
OG0007390,La,0.04147,0.06198,0.66913
OG0007390,Laeq,0.01361,0.19641,0.06931
OG0007390,Lgib,0.01278,0.14423,0.0886
OG0007390,Wa,0.06457,0.1443,0.44749
OG0007390,Wo,0.07704,0.21326,0.36124
OG0007390,Sp,0.01931,0.09692,0.19927
OG0007392,La,0.04648,0.12705,0.36589
OG0007392,Laeq,0.0729,0.25016,0.29143
OG0007392,Lgib,0.0555,0.16142,0.34384
OG0007392,Wa,0.11132,0.21134,0.52672
OG0007392,Wo,0.15062,0.23852,0.63147
OG0007392,Sp,0.02286,0.06567,0.34817
OG0007395,La,0.01136,0.05301,0.21435
OG0007395,Laeq,0.07564,0.1745,0.43345
OG0007395,Lgib,0.07475,0.13862,0.53928
OG0007395,Wa,1371.2216,0.14736,9305.18249
OG0007395,Wo,4336.09446,0.2073,20916.69602
OG0007395,Sp,0.0681,0.07294,0.93367
OG0007396,La,0.10412,0.3359,0.30997
OG0007396,Laeq,0.15065,0.49561,0.30396
OG0007396,Lgib,0.09683,0.34107,0.28391
OG0007396,Wa,0.09196,0.2597,0.35411
OG0007396,Wo,0.11168,0.28848,0.38714
OG0007396,Sp,0.00705,0.01055,0.66821
OG0007397,La,5.7645,0.15632,36.87517
OG0007397,Wa,5.63675,0.21134,26.67165
OG0007397,Wo,5.67349,0.24063,23.57779
OG0007397,Laeq,0.17976,0.2187,0.82197
OG0007397,Lgib,0.13938,0.15852,0.87927
OG0007397,Sp,0.16134,0.02858,5.64568
OG0007398,La,0.15446,0.15555,0.99298
OG0007398,Lgib,0.13919,0.13005,1.07026
OG0007398,Laeq,0.25925,0.1967,1.31799
OG0007398,Wa,0.1449,0.20196,0.71748
OG0007398,Wo,0.14346,0.3197,0.44874
OG0007398,Sp,0.02354,0.05404,0.43563
OG0007405,La,0.03675,0.10616,0.34615
OG0007405,Laeq,0.05465,0.14995,0.36445
OG0007405,Lgib,0.04725,0.14353,0.3292
OG0007405,Wa,0.07699,0.14418,0.53398
OG0007405,Wo,0.07525,0.17918,0.41996
OG0007405,Sp,0.02805,0.07451,0.37646
OG0007410,La,0.02674,0.10503,0.25457
OG0007410,Laeq,0.08997,0.23255,0.38691
OG0007410,Lgib,0.03421,0.20596,0.16609
OG0007410,Wa,0.04169,0.21346,0.19531
OG0007410,Wo,0.0594,0.26676,0.22266
OG0007410,Sp,0.01019,0.06598,0.15448
OG0007411,La,0.05066,0.1106,0.45807
OG0007411,Laeq,0.08869,0.21212,0.41813
OG0007411,Lgib,0.09274,0.15824,0.58605
OG0007411,Wa,0.1083,0.16541,0.65472
OG0007411,Wo,0.1364,0.23045,0.5919
OG0007411,Sp,12.86585,0.08091,159.01671
OG0007412,La,1.17749,0.12678,9.28767
OG0007412,Laeq,0.13151,0.20777,0.63295
OG0007412,Lgib,0.48288,0.17949,2.69026
OG0007412,Wa,0.13224,0.20154,0.65615
OG0007412,Wo,0.157,0.24913,0.6302
OG0007412,Sp,0.02018,0.03668,0.55003
OG0007416,La,0.0469,0.12744,0.36805
OG0007416,Laeq,0.11226,0.18155,0.61834
OG0007416,Lgib,0.10811,0.16537,0.65374
OG0007416,Wa,0.23213,0.16395,1.41582
OG0007416,Wo,0.25652,0.19334,1.32676
OG0007416,Sp,8.05947,0.0467,172.58928
OG0007420,La,119.11041,0.11048,1078.12798
OG0007420,Laeq,126.86546,0.21383,593.29795
OG0007420,Lgib,126.84095,0.17966,706.01565
OG0007420,Wa,119.15847,0.14423,826.15803
OG0007420,Wo,119.17016,0.20432,583.25791
OG0007420,Sp,0.04037,0.03406,1.18514
OG0007422,La,2.86368,0.118,24.26942
OG0007422,Laeq,0.06422,0.22719,0.28269
OG0007422,Lgib,0.05249,0.15453,0.33969
OG0007422,Wa,0.06859,0.19039,0.36024
OG0007422,Wo,0.08352,0.24784,0.33698
OG0007422,Sp,0.05271,0.07476,0.70504
OG0007423,La,0.01699,0.11087,0.15326
OG0007423,Wa,1.2894,0.16971,7.59765
OG0007423,Wo,1.56658,0.30129,5.1996
OG0007423,Laeq,0.03128,0.17243,0.18142
OG0007423,Lgib,0.02661,0.13555,0.19634
OG0007423,Sp,0.01446,0.04521,0.31976
OG0007426,La,0.089,0.15943,0.55826
OG0007426,Laeq,0.14851,0.2734,0.54318
OG0007426,Lgib,0.17013,0.2219,0.76672
OG0007426,Wa,0.18703,0.26591,0.70335
OG0007426,Wo,0.16834,0.36201,0.465
OG0007426,Sp,10.64142,0.05709,186.39104
OG0007428,La,0.08052,0.12755,0.63131
OG0007428,Wa,0.11117,0.39044,0.28474
OG0007428,Wo,0.34921,0.58902,0.59287
OG0007428,Laeq,0.40367,0.38666,1.04398
OG0007428,Lgib,0.31653,0.1498,2.11304
OG0007428,Sp,0.13419,0.09621,1.39476
OG0007429,La,0.04136,0.10092,0.40983
OG0007429,Laeq,221.2409,0.52633,420.34796
OG0007429,Lgib,0.13133,0.17908,0.73339
OG0007429,Wa,0.86802,0.37345,2.32437
OG0007429,Wo,0.96535,0.58305,1.65571
OG0007429,Sp,0.10538,0.07686,1.37095
OG0007430,La,0.04991,0.18062,0.27633
OG0007430,Laeq,1.08016,0.25102,4.30308
OG0007430,Lgib,1.04082,0.24377,4.2696
OG0007430,Wa,0.08022,0.25805,0.31088
OG0007430,Wo,0.1654,0.2727,0.60653
OG0007430,Sp,0.051,0.0419,1.21705
OG0007432,La,0.01593,0.07145,0.22303
OG0007432,Laeq,0.03485,0.23083,0.15096
OG0007432,Lgib,0.0424,0.20788,0.20396
OG0007432,Wa,0.03226,0.16735,0.19279
OG0007432,Wo,0.03809,0.23267,0.16372
OG0007432,Sp,0.0058,0.03954,0.14664
OG0007436,La,0.08453,0.09926,0.85156
OG0007436,Laeq,1.70986,0.22065,7.74921
OG0007436,Lgib,0.1372,0.17379,0.78948
OG0007436,Wa,0.12989,0.2142,0.60641
OG0007436,Wo,0.15687,0.25578,0.61331
OG0007436,Sp,0.19886,0.04439,4.47993
OG0007439,La,0.0997,0.12898,0.77298
OG0007439,Wa,0.14247,0.20375,0.69921
OG0007439,Laeq,9.02091,0.23982,37.61553
OG0007439,Lgib,8.89108,0.17923,49.60639
OG0007439,Sp,2.43713,0.06972,34.95384
OG0007444,La,0.08462,0.1251,0.67639
OG0007444,Laeq,19.16014,0.32528,58.90338
OG0007444,Lgib,0.19021,0.22262,0.85442
OG0007444,Wa,0.32676,0.28093,1.16311
OG0007444,Wo,0.46684,0.35727,1.30667
OG0007444,Sp,4.42768,0.0653,67.80334
OG0007447,La,0.06283,0.07972,0.78807
OG0007447,Laeq,0.17445,0.20876,0.83563
OG0007447,Lgib,0.11567,0.12066,0.95864
OG0007447,Sp,0.12205,0.109,1.11975
OG0007447,Wa,0.24597,0.22143,1.11085
OG0007447,Wo,0.28221,0.27194,1.03777
OG0007453,La,0.65569,0.10356,6.3317
OG0007453,Laeq,0.68614,0.18146,3.78125
OG0007453,Lgib,0.68609,0.17384,3.94657
OG0007453,Wa,0.0511,0.13383,0.38188
OG0007453,Wo,0.05252,0.20094,0.26136
OG0007453,Sp,0.0145,0.05136,0.28235
OG0007459,La,2.86183,0.11392,25.12184
OG0007459,Laeq,2.94632,0.16337,18.03464
OG0007459,Lgib,2.88524,0.1168,24.7031
OG0007459,Wa,12.65147,0.1156,109.44066
OG0007459,Wo,11.33293,0.20428,55.47756
OG0007459,Sp,8.42507,0.03763,223.87225
OG0007461,La,0.03863,0.10356,0.37302
OG0007461,Laeq,0.12734,0.21968,0.57964
OG0007461,Lgib,0.13878,0.17359,0.79947
OG0007461,Wa,1.98029,0.21233,9.32629
OG0007461,Wo,1.9781,0.20683,9.56392
OG0007461,Sp,0.01194,0.09752,0.12245
OG0007463,La,0.3999,0.17767,2.25074
OG0007463,Laeq,0.57882,0.23345,2.47942
OG0007463,Lgib,2.78777,0.20936,13.31534
OG0007463,Wa,0.71956,0.23895,3.01142
OG0007463,Wo,0.73845,0.27922,2.64464
OG0007463,Sp,0.10032,0.04327,2.31856
OG0007465,La,2.61987,0.15552,16.84557
OG0007465,Wa,0.48499,0.24485,1.98079
OG0007465,Wo,0.72485,0.26196,2.76707
OG0007465,Laeq,0.33354,0.28209,1.18237
OG0007465,Lgib,0.34602,0.2208,1.56709
OG0007465,Sp,2.02427,0.0456,44.38808
OG0007466,La,3.44033,0.16041,21.44697
OG0007466,Laeq,3.48405,0.26641,13.07765
OG0007466,Lgib,3.42568,0.27126,12.62881
OG0007466,Wa,5.12947,0.20121,25.49348
OG0007466,Wo,5.37779,0.21129,25.45172
OG0007466,Sp,1.81133,0.02453,73.85188
OG0007467,La,1.91077,0.11553,16.53986
OG0007467,Laeq,1.87184,0.2629,7.11989
OG0007467,Lgib,1.66347,0.23297,7.14037
OG0007467,Wa,1.72337,0.1686,10.22181
OG0007467,Wo,2.07784,0.24066,8.63393
OG0007467,Sp,0.2644,0.0653,4.04893
OG0007476,La,1.2777,0.16346,7.81674
OG0007476,Laeq,13.48232,0.32208,41.86012
OG0007476,Lgib,0.19507,0.21081,0.92533
OG0007476,Wa,13.0673,0.30054,43.48005
OG0007476,Wo,0.46298,0.43256,1.07033
OG0007476,Sp,0.04011,0.02769,1.44855
OG0007478,La,0.04282,0.15645,0.27368
OG0007478,Laeq,0.09409,0.25471,0.36938
OG0007478,Lgib,0.05803,0.17875,0.32465
OG0007478,Wa,2.07721,0.21797,9.52959
OG0007478,Wo,0.10653,0.24818,0.42925
OG0007478,Sp,0.02,0.04651,0.43011
OG0007481,Laeq,2.49981,0.25554,9.78252
OG0007481,Lgib,0.14378,0.2977,0.48297
OG0007481,Wa,0.12884,0.2318,0.55584
OG0007481,Wo,7.54602,0.22521,33.50693
OG0007481,Sp,0.0187,0.08714,0.21456
OG0007484,La,0.07238,0.1423,0.50861
OG0007484,Laeq,0.08121,0.1893,0.42901
OG0007484,Lgib,0.0693,0.18853,0.36755
OG0007484,Wa,0.07695,0.20056,0.38368
OG0007484,Wo,0.08679,0.22002,0.39446
OG0007484,Sp,0.0136,0.03942,0.3451
OG0007485,La,7.01511,0.12732,55.10006
OG0007485,Laeq,10.0691,0.23429,42.97703
OG0007485,Lgib,9.99142,0.18564,53.82224
OG0007485,Sp,33.96098,0.077,441.04217
OG0007485,Wa,5.08352,0.1607,31.63415
OG0007485,Wo,0.25895,0.21254,1.21834
OG0007486,La,0.07119,0.11783,0.60423
OG0007486,Laeq,0.1474,0.20593,0.71577
OG0007486,Lgib,0.1489,0.1515,0.98288
OG0007486,Wa,0.13553,0.16557,0.81857
OG0007486,Wo,0.17406,0.21159,0.82261
OG0007486,Sp,0.03929,0.04006,0.9807
OG0007489,La,12.89187,0.07748,166.38286
OG0007489,Laeq,0.29877,0.22569,1.32378
OG0007489,Lgib,0.25768,0.20304,1.26907
OG0007489,Sp,1.03266,0.09931,10.39783
OG0007489,Wa,2.08757,0.1497,13.94476
OG0007489,Wo,0.18439,0.15107,1.22057
OG0007492,La,0.12553,0.18266,0.68721
OG0007492,Laeq,0.32749,0.22686,1.44358
OG0007492,Lgib,0.18712,0.21628,0.86515
OG0007492,Wa,4.81151,0.23376,20.58328
OG0007492,Wo,0.23518,0.32174,0.73097
OG0007492,Sp,3.62491,0.02693,134.6072
OG0007497,La,4.7757,0.04677,102.10171
OG0007497,Laeq,17.83415,0.20294,87.87857
OG0007497,Lgib,8.1686,0.1328,61.50857
OG0007497,Wa,8.20288,0.15752,52.07463
OG0007497,Wo,8.24573,0.22161,37.20864
OG0007497,Sp,0.07188,0.0945,0.76066
OG0007499,La,0.24475,0.13472,1.81677
OG0007499,Laeq,0.09466,0.25047,0.37791
OG0007499,Lgib,0.08431,0.21483,0.39243
OG0007499,Wa,0.06603,0.23909,0.27618
OG0007499,Wo,0.07399,0.27906,0.26513
OG0007499,Sp,0.01615,0.06593,0.24487
OG0007501,La,0.36782,0.18431,1.99569
OG0007501,Laeq,20.4166,0.25107,81.31996
OG0007501,Lgib,20.35567,0.19275,105.60785
OG0007501,Wa,0.53585,0.2396,2.23645
OG0007501,Wo,0.75695,0.27556,2.74693
OG0007501,Sp,0.25433,0.02756,9.22922
OG0007502,La,7.79558,0.16658,46.79781
OG0007502,Laeq,8.80801,0.30193,29.17205
OG0007502,Lgib,8.54374,0.2411,35.43634
OG0007502,Wa,7.89457,0.37406,21.10537
OG0007502,Wo,7.86937,0.36832,21.36538
OG0007502,Sp,0.02446,0.04976,0.49149
OG0007504,La,0.03675,0.11015,0.33359
OG0007504,Laeq,0.51498,0.2309,2.23037
OG0007504,Lgib,0.50154,0.16372,3.06339
OG0007504,Wa,0.51309,0.18256,2.81056
OG0007504,Wo,0.53376,0.20355,2.62227
OG0007504,Sp,0.00987,0.05577,0.177
OG0007506,La,8.83471,0.15266,57.87265
OG0007506,Wa,6.19501,0.29416,21.05992
OG0007506,Wo,6.25514,0.2664,23.48002
OG0007506,Laeq,0.13103,0.3084,0.42486
OG0007506,Lgib,2.9069,0.19229,15.11698
OG0007506,Sp,0.06253,0.01132,5.52592
OG0007508,La,0.01747,0.11102,0.15734
OG0007508,Laeq,3.49799,0.24108,14.50989
OG0007508,Lgib,3.4999,0.16947,20.6521
OG0007508,Wa,0.10297,0.20239,0.50878
OG0007508,Wo,0.08543,0.27582,0.30974
OG0007508,Sp,0.02662,0.03728,0.71404
OG0007511,La,0.30153,0.13761,2.19112
OG0007511,Lgib,10.62454,0.17423,60.97904
OG0007511,Wa,0.17119,0.24568,0.6968
OG0007511,Wo,0.36691,0.40794,0.89942
OG0007511,Sp,0.03012,0.03347,0.89973
OG0007515,La,0.08074,0.08556,0.94373
OG0007515,Laeq,0.09415,0.22666,0.41539
OG0007515,Lgib,0.08592,0.16777,0.51213
OG0007515,Wa,0.10619,0.20895,0.50822
OG0007515,Wo,0.11895,0.22535,0.52782
OG0007515,Sp,0.02316,0.03415,0.67806
OG0007518,La,0.14849,0.10953,1.35577
OG0007518,Lgib,0.12777,0.15818,0.80776
OG0007518,Wa,0.23164,0.26899,0.86114
OG0007518,Wo,0.29742,0.38491,0.77271
OG0007518,Sp,0.02876,0.02907,0.9895
OG0007519,La,0.09611,0.14365,0.66902
OG0007519,Laeq,20.43337,0.25284,80.81444
OG0007519,Lgib,6.3562,0.14326,44.36779
OG0007519,Wa,0.1124,0.26578,0.42292
OG0007519,Sp,24.05448,0.04949,486.05162
OG0007521,La,0.41435,0.08733,4.74442
OG0007521,Laeq,0.10741,0.2317,0.46359
OG0007521,Lgib,0.09373,0.2362,0.39683
OG0007521,Wa,0.33293,0.21674,1.53608
OG0007521,Wo,0.37325,0.35192,1.06062
OG0007521,Sp,0.02975,0.04016,0.74076
OG0007522,La,0.40181,0.06549,6.13554
OG0007522,Laeq,0.29217,0.19453,1.5019
OG0007522,Lgib,0.10056,0.10866,0.9254
OG0007522,Wa,0.08233,0.18554,0.44373
OG0007522,Wo,0.13564,0.23805,0.56979
OG0007522,Sp,0.17936,0.05789,3.09818
OG0007523,La,0.05858,0.10166,0.57623
OG0007523,Laeq,0.21934,0.31094,0.7054
OG0007523,Lgib,0.04038,0.16807,0.24023
OG0007523,Wa,0.02982,0.21673,0.13759
OG0007523,Wo,0.08988,0.26965,0.33332
OG0007523,Sp,0.00661,0.06255,0.1057
OG0007525,Laeq,3.38259,0.2547,13.28077
OG0007525,Lgib,0.08967,0.15356,0.58396
OG0007525,Wa,0.24648,0.26609,0.92631
OG0007525,Wo,5.91454,0.26545,22.28157
OG0007525,Sp,0.18288,0.07318,2.49917
OG0007528,La,0.3291,0.14128,2.32938
OG0007528,Wa,1.29333,0.22415,5.7699
OG0007528,Wo,1.38927,0.25821,5.38043
OG0007528,Laeq,311.87705,0.2428,1284.51242
OG0007528,Lgib,311.81556,0.20719,1504.94715
OG0007528,Sp,0.04178,0.02255,1.85235
OG0007541,La,0.01247,0.10427,0.11957
OG0007541,Sp,0.02139,0.09189,0.23277
OG0007541,Wa,0.02147,0.18948,0.11331
OG0007541,Wo,0.01839,0.16212,0.11344
OG0007541,Laeq,0.01731,0.07245,0.23893
OG0007541,Lgib,0.11088,0.05857,1.89299
OG0007545,La,0.08988,0.19926,0.45108
OG0007545,Laeq,0.70052,0.28515,2.4567
OG0007545,Lgib,10.73468,0.22958,46.75827
OG0007545,Wa,14.66445,0.29755,49.28474
OG0007545,Wo,14.68164,0.42619,34.44843
OG0007545,Sp,0.04698,0.05136,0.91477
OG0007546,La,1.33463,0.23618,5.65086
OG0007546,Sp,1.3713,0.19242,7.12671
OG0007546,Laeq,1.45338,0.23081,6.29675
OG0007546,Lgib,1.46904,0.13827,10.62436
OG0007546,Wa,0.16825,0.12472,1.34907
OG0007546,Wo,0.0845,0.26074,0.32407
OG0007547,La,0.26982,0.10959,2.46221
OG0007547,Laeq,5.26258,0.15562,33.81772
OG0007547,Lgib,0.10486,0.13771,0.76144
OG0007547,Wa,4.83877,0.1335,36.24472
OG0007547,Wo,4.88945,0.16584,29.48278
OG0007547,Sp,0.10066,0.04559,2.20794
OG0007550,La,0.60076,0.08374,7.17456
OG0007550,Laeq,0.68595,0.19852,3.45543
OG0007550,Lgib,0.60866,0.11623,5.23682
OG0007550,Wa,0.69722,0.19665,3.54543
OG0007550,Sp,0.01339,0.05083,0.26351
OG0007553,La,0.05994,0.09805,0.61137
OG0007553,Laeq,0.07856,0.1945,0.40393
OG0007553,Lgib,0.08972,0.14651,0.61236
OG0007553,Wa,0.10581,0.19203,0.551
OG0007553,Wo,0.34952,0.20986,1.66551
OG0007553,Sp,0.03105,0.06045,0.51365
OG0007554,La,0.17118,0.11365,1.5062
OG0007554,Laeq,0.07942,0.23586,0.33673
OG0007554,Lgib,0.07049,0.21197,0.33255
OG0007554,Wa,0.07189,0.21339,0.33691
OG0007554,Wo,0.08073,0.21432,0.37666
OG0007554,Sp,0.00957,0.07676,0.12471
OG0007557,La,0.02702,0.10961,0.24648
OG0007557,Wa,0.04767,0.17984,0.26508
OG0007557,Wo,0.06221,0.27114,0.22944
OG0007557,Laeq,0.02705,0.17504,0.15455
OG0007557,Lgib,0.02521,0.12687,0.19868
OG0007557,Sp,0.01367,0.04699,0.29088
OG0007561,La,2.32325,0.15902,14.60989
OG0007561,Laeq,0.15509,0.29051,0.53386
OG0007561,Lgib,0.1301,0.19707,0.6602
OG0007561,Wa,0.24888,0.24089,1.03316
OG0007561,Wo,12.96759,0.25606,50.64377
OG0007561,Sp,0.02613,0.02889,0.90453
OG0007562,La,0.06429,0.14182,0.45336
OG0007562,Laeq,0.09249,0.36424,0.25392
OG0007562,Wa,4.27415,0.37094,11.52243
OG0007562,Wo,0.23788,0.52844,0.45015
OG0007562,Lgib,0.0627,0.20387,0.30753
OG0007562,Sp,0.1276,0.04855,2.62797
OG0007564,La,2.40327,0.14473,16.60479
OG0007564,Laeq,2.48128,0.22593,10.98254
OG0007564,Lgib,2.43717,0.15441,15.78373
OG0007564,Wa,6.69658,0.21979,30.46757
OG0007564,Wo,2.59503,0.28555,9.08798
OG0007564,Sp,0.01323,0.05177,0.25556
OG0007565,La,0.04868,0.15654,0.31095
OG0007565,Laeq,4.02002,0.25676,15.6566
OG0007565,Lgib,4.00089,0.1922,20.81642
OG0007565,Wa,0.10929,0.26642,0.41021
OG0007565,Wo,0.11868,0.29538,0.40179
OG0007565,Sp,0.07302,0.10135,0.72051
OG0007569,La,0.043,0.16513,0.26038
OG0007569,Laeq,0.07553,0.31871,0.237
OG0007569,Lgib,0.08076,0.29892,0.27016
OG0007569,Wa,0.08426,0.38247,0.2203
OG0007569,Wo,0.10718,0.44554,0.24057
OG0007569,Sp,0.01998,0.04309,0.46369
OG0007570,La,0.09045,0.15139,0.59751
OG0007570,Laeq,9.41303,0.22677,41.50996
OG0007570,Lgib,0.14869,0.27787,0.53512
OG0007570,Wa,1.5768,0.35982,4.38215
OG0007570,Wo,1.62915,0.50482,3.22721
OG0007570,Sp,0.0261,0.0334,0.78144
OG0007571,La,5.98906,0.22105,27.09404
OG0007571,Laeq,6.09332,0.30351,20.07631
OG0007571,Lgib,6.06056,0.28328,21.39453
OG0007571,Wa,6.17795,0.24599,25.11438
OG0007571,Wo,6.25344,0.31611,19.78218
OG0007571,Sp,57.21441,0.01277,4478.90769
OG0007572,La,4.27574,0.24098,17.74326
OG0007572,Laeq,4.21687,0.31569,13.35756
OG0007572,Lgib,2.27086,0.26328,8.62532
OG0007572,Wa,4.36922,0.27214,16.05519
OG0007572,Wo,4.38375,0.27412,15.99186
OG0007572,Sp,0.05526,0.05572,0.99168
OG0007574,La,0.04609,0.13141,0.35074
OG0007574,Laeq,0.05699,0.18171,0.31364
OG0007574,Lgib,0.04668,0.15547,0.30023
OG0007574,Wa,0.04534,0.17984,0.2521
OG0007574,Wo,0.99568,0.22474,4.43037
OG0007574,Sp,0.00883,0.02409,0.36674
OG0007575,La,0.10135,0.11043,0.91784
OG0007575,Laeq,1.18174,0.22159,5.33306
OG0007575,Lgib,0.39563,0.16151,2.44955
OG0007575,Wa,0.10242,0.26399,0.38798
OG0007575,Wo,0.30083,0.30501,0.98631
OG0007575,Sp,0.10923,0.03665,2.98004
OG0007580,La,0.05855,0.12277,0.47694
OG0007580,Wa,0.10528,0.20575,0.5117
OG0007580,Wo,0.13839,0.35003,0.39538
OG0007580,Laeq,0.10136,0.23969,0.42286
OG0007580,Lgib,0.10334,0.20112,0.51383
OG0007580,Sp,0.01902,0.04269,0.44564
OG0007583,La,0.07503,0.06097,1.23061
OG0007583,Laeq,3.17913,0.13266,23.9641
OG0007583,Lgib,0.07583,0.08894,0.85266
OG0007583,Wa,0.11947,0.16527,0.72287
OG0007583,Wo,0.4395,0.21562,2.03835
OG0007583,Sp,0.01543,0.03793,0.40674
OG0007586,La,0.3754,0.18544,2.02434
OG0007586,Laeq,0.12033,0.33674,0.35734
OG0007586,Lgib,0.12081,0.23312,0.5182
OG0007586,Wa,4.07455,0.3474,11.72883
OG0007586,Wo,13.80796,0.42964,32.13865
OG0007586,Sp,0.04313,0.02048,2.10586
OG0007588,La,0.0563,0.1346,0.41827
OG0007588,Laeq,0.08087,0.16735,0.48323
OG0007588,Lgib,0.07791,0.17235,0.45204
OG0007588,Wa,0.19531,0.20583,0.94886
OG0007588,Wo,0.15726,0.24383,0.64495
OG0007588,Sp,0.03018,0.04888,0.61742
OG0007589,La,8.29513,0.25881,32.05141
OG0007589,Laeq,5.56165,0.23395,23.77322
OG0007589,Wa,5.53643,0.39718,13.93937
OG0007589,Wo,5.55867,0.62933,8.83265
OG0007589,Lgib,0.13131,0.14919,0.88015
OG0007589,Sp,0.01561,0.03943,0.39574
OG0007592,La,0.06396,0.14664,0.43617
OG0007592,Wa,0.11755,0.20732,0.56702
OG0007592,Wo,0.13062,0.22824,0.5723
OG0007592,Laeq,0.10111,0.16131,0.6268
OG0007592,Lgib,0.08643,0.16694,0.51773
OG0007592,Sp,0.03628,0.02901,1.2507
OG0007593,La,0.06123,0.11496,0.53262
OG0007593,Wa,0.10703,0.17081,0.6266
OG0007593,Wo,0.14089,0.1891,0.74505
OG0007593,Laeq,0.09234,0.17044,0.54175
OG0007593,Lgib,3.56931,0.12434,28.70603
OG0007593,Sp,0.47874,0.03468,13.8064
OG0007602,La,1.57733,0.21756,7.24998
OG0007602,Lgib,1.6632,0.28397,5.85689
OG0007602,Wa,1.59941,0.35798,4.46794
OG0007602,Wo,5.01552,0.40316,12.44057
OG0007602,Sp,0.16717,0.02263,7.38756
OG0007603,La,0.49139,0.16576,2.96436
OG0007603,Laeq,0.39898,0.22453,1.77692
OG0007603,Lgib,0.37477,0.21039,1.78135
OG0007603,Wa,0.37817,0.19748,1.91498
OG0007603,Wo,0.40158,0.24684,1.62692
OG0007603,Sp,0.05293,0.03005,1.76109
OG0007605,La,0.07457,0.11111,0.6711
OG0007605,Laeq,0.11304,0.24555,0.46034
OG0007605,Wa,0.17202,0.26893,0.63963
OG0007605,Wo,0.15568,0.34344,0.4533
OG0007605,Lgib,0.08852,0.18669,0.47418
OG0007605,Sp,0.01116,0.02295,0.48633
OG0007607,La,0.0858,0.17341,0.49479
OG0007607,Lgib,0.07942,0.18126,0.43813
OG0007607,Wa,0.15624,0.21696,0.72015
OG0007607,Wo,0.14314,0.27329,0.52376
OG0007607,Sp,0.03861,0.02968,1.30104
OG0007609,La,0.11973,0.13534,0.88464
OG0007609,Wa,0.75459,0.16988,4.44202
OG0007609,Wo,0.47365,0.21448,2.20831
OG0007609,Laeq,0.17812,0.15944,1.11715
OG0007609,Lgib,0.29322,0.12896,2.27377
OG0007609,Sp,0.06832,0.05769,1.18434
OG0007610,La,0.55212,0.27247,2.0264
OG0007610,Laeq,0.57757,0.34507,1.67381
OG0007610,Lgib,0.55527,0.29225,1.89998
OG0007610,Wa,2.15714,0.35718,6.03933
OG0007610,Wo,2.03902,0.35211,5.79091
OG0007610,Sp,0.04514,0.0237,1.905
OG0007613,La,0.03843,0.16073,0.23911
OG0007613,Laeq,0.05245,0.19669,0.26664
OG0007613,Lgib,0.04137,0.20755,0.19932
OG0007613,Wa,0.0533,0.13764,0.38725
OG0007613,Wo,0.0558,0.14327,0.38948
OG0007613,Sp,0.02539,0.03679,0.69029
OG0007614,La,0.10129,0.14357,0.7055
OG0007614,Laeq,0.16815,0.28209,0.59608
OG0007614,Lgib,0.14298,0.20027,0.71394
OG0007614,Wa,0.09773,0.18346,0.53269
OG0007614,Wo,0.12339,0.255,0.48388
OG0007614,Sp,0.34426,0.0258,13.34586
OG0007617,La,0.12926,0.11958,1.08087
OG0007617,Laeq,0.16127,0.22801,0.70727
OG0007617,Lgib,0.12744,0.15337,0.83098
OG0007617,Wa,0.13716,0.15596,0.87944
OG0007617,Wo,0.14778,0.18808,0.78575
OG0007617,Sp,0.04255,0.04318,0.98548
OG0007618,La,0.14758,0.10528,1.40183
OG0007618,Laeq,0.21251,0.28266,0.75182
OG0007618,Lgib,0.21492,0.29893,0.71896
OG0007618,Wa,0.26347,0.34907,0.75478
OG0007618,Wo,0.25348,0.3937,0.64384
OG0007618,Sp,0.04452,0.12617,0.35289
OG0007620,La,3.8535,0.22891,16.83395
OG0007620,Wa,8.09044,0.31662,25.55239
OG0007620,Wo,8.15198,0.53329,15.2862
OG0007620,Laeq,3.97315,0.30268,13.12678
OG0007620,Lgib,3.87567,0.23768,16.30649
OG0007620,Sp,16.55547,0.05402,306.4683
OG0007623,La,0.08405,0.11372,0.73913
OG0007623,Lgib,0.39848,0.17169,2.32091
OG0007623,Laeq,2.4934,0.26016,9.58417
OG0007623,Wa,5.67029,0.23482,24.14699
OG0007623,Wo,10.97708,0.21077,52.08176
OG0007623,Sp,0.02433,0.06409,0.37962
OG0007624,La,0.01633,0.11176,0.14613
OG0007624,Laeq,0.02524,0.13754,0.18352
OG0007624,Lgib,0.0178,0.12076,0.14743
OG0007624,Wa,0.0249,0.146,0.17054
OG0007624,Wo,0.02889,0.18569,0.15556
OG0007624,Sp,0.00785,0.02825,0.27777
OG0007625,La,0.08722,0.07035,1.23973
OG0007625,Laeq,0.13814,0.18166,0.76042
OG0007625,Lgib,0.09688,0.12916,0.75013
OG0007625,Wa,0.08498,0.22338,0.38043
OG0007625,Wo,0.11388,0.29115,0.39113
OG0007625,Sp,0.01964,0.07213,0.2723
OG0007630,La,0.0697,0.20031,0.34796
OG0007630,Laeq,0.09036,0.26385,0.34248
OG0007630,Lgib,0.08436,0.21434,0.39358
OG0007630,Wa,0.07402,0.22075,0.3353
OG0007630,Wo,0.09101,0.2495,0.36478
OG0007630,Sp,1.00144,0.03724,26.889
OG0007633,La,0.06482,0.2024,0.32023
OG0007633,Wa,2.02154,0.22938,8.81311
OG0007633,Wo,2.0293,0.25419,7.98342
OG0007633,Laeq,0.12508,0.29493,0.4241
OG0007633,Lgib,0.12429,0.22794,0.54528
OG0007633,Sp,2.01855,0.0187,107.95469
OG0007637,La,0.11745,0.21181,0.55451
OG0007637,Laeq,0.1981,0.27183,0.72876
OG0007637,Lgib,0.11545,0.18443,0.626
OG0007637,Wa,7.05791,0.26457,26.67701
OG0007637,Wo,7.09837,0.30689,23.13021
OG0007637,Sp,0.031,0.03287,0.94333
OG0007642,La,5.66987,0.10718,52.89843
OG0007642,Wa,28.36792,0.22548,125.80892
OG0007642,Wo,41.40162,0.27974,147.99949
OG0007642,Laeq,0.14611,0.15568,0.93853
OG0007642,Lgib,0.17773,0.11102,1.60087
OG0007642,Sp,0.02749,0.07431,0.37001
OG0007649,La,3.79243,0.15795,24.01066
OG0007649,Laeq,3.82508,0.17758,21.54042
OG0007649,Lgib,3.7991,0.15271,24.8774
OG0007649,Wa,6.73637,0.16912,39.83175
OG0007649,Wo,6.82146,0.23605,28.89861
OG0007649,Sp,0.02369,0.06243,0.37956
OG0007650,La,0.11303,0.15421,0.73299
OG0007650,Laeq,0.16038,0.43828,0.36594
OG0007650,Lgib,0.13158,0.3796,0.34663
OG0007650,Wa,0.2,0.31573,0.63344
OG0007650,Wo,0.27967,0.36907,0.75778
OG0007650,Sp,0.06898,0.04031,1.71098
OG0007652,La,0.07902,0.19289,0.40964
OG0007652,Laeq,0.09187,0.19055,0.48214
OG0007652,Lgib,0.07314,0.17864,0.40943
OG0007652,Wa,0.08981,0.22133,0.40578
OG0007652,Wo,0.16077,0.29986,0.53616
OG0007652,Sp,0.02295,0.02492,0.92085
OG0007655,La,2.70151,0.13899,19.43739
OG0007655,Laeq,3.18775,0.21032,15.15655
OG0007655,Lgib,2.73804,0.15749,17.38584
OG0007655,Wa,2.79905,0.21759,12.86409
OG0007655,Wo,2.7696,0.27926,9.91757
OG0007655,Sp,0.20631,0.01937,10.65022
OG0007657,La,0.0207,0.11453,0.18072
OG0007657,Laeq,3.44989,0.17582,19.62186
OG0007657,Lgib,1.1139,0.14822,7.51535
OG0007657,Wa,0.05173,0.14935,0.34634
OG0007657,Wo,0.05921,0.18715,0.3164
OG0007657,Sp,3.98555,0.14355,27.76442
OG0007661,La,0.01247,0.10212,0.12207
OG0007661,Laeq,0.04905,0.24776,0.19797
OG0007661,Lgib,0.08367,0.20955,0.3993
OG0007661,Wa,0.06484,0.21279,0.30472
OG0007661,Wo,0.0338,0.38145,0.08861
OG0007661,Sp,0.00444,0.02902,0.15307
OG0007663,La,0.0374,0.16764,0.2231
OG0007663,Laeq,0.24204,0.22376,1.08165
OG0007663,Lgib,0.08868,0.17934,0.49451
OG0007663,Wa,0.0509,0.27108,0.18778
OG0007663,Wo,4.98041,0.3025,16.46409
OG0007663,Sp,0.01008,0.0389,0.25918
OG0007675,La,0.1157,0.17951,0.64455
OG0007675,Laeq,7.24814,0.33295,21.7695
OG0007675,Lgib,0.12155,0.3425,0.35489
OG0007675,Wa,6.77675,0.38767,17.48088
OG0007675,Wo,10.80156,0.44661,24.18574
OG0007675,Sp,0.01614,0.05044,0.31991
OG0007679,La,0.70831,0.15219,4.65423
OG0007679,Wa,0.05639,0.16762,0.3364
OG0007679,Wo,0.06531,0.17304,0.37743
OG0007679,Laeq,0.06515,0.24098,0.27034
OG0007679,Lgib,0.08378,0.18094,0.46303
OG0007679,Sp,0.01483,0.04944,0.29988
OG0007680,La,2.30294,0.17929,12.84465
OG0007680,Wa,3.1842,0.26089,12.20523
OG0007680,Wo,2.36899,0.3214,7.37086
OG0007680,Laeq,4.92297,0.21478,22.92053
OG0007680,Lgib,4.87786,0.17685,27.58191
OG0007680,Sp,0.03118,0.01831,1.70286
OG0007681,La,0.06105,0.09593,0.63641
OG0007681,Laeq,0.11053,0.17364,0.63656
OG0007681,Lgib,0.08911,0.13608,0.65486
OG0007681,Wa,0.09532,0.14658,0.65033
OG0007681,Wo,0.11993,0.19218,0.62408
OG0007681,Sp,0.01135,0.03133,0.3623
OG0007685,La,0.05184,0.1882,0.27547
OG0007685,Laeq,0.06919,0.28756,0.2406
OG0007685,Lgib,0.06014,0.20834,0.28868
OG0007685,Wa,0.06367,0.19557,0.32556
OG0007685,Wo,0.08611,0.22908,0.37591
OG0007685,Sp,0.00791,0.0141,0.56087
OG0007686,La,0.11835,0.12708,0.93135
OG0007686,Laeq,0.40173,0.23235,1.72896
OG0007686,Lgib,0.15115,0.1696,0.89119
OG0007686,Wa,0.33495,0.23429,1.4296
OG0007686,Wo,0.33656,0.27834,1.20918
OG0007686,Sp,0.05094,0.03106,1.63976
OG0007690,La,0.09015,0.133,0.67777
OG0007690,Laeq,0.11231,0.18481,0.60769
OG0007690,Lgib,0.08774,0.16538,0.53053
OG0007690,Wa,0.20631,0.17616,1.17117
OG0007690,Wo,0.65303,0.24357,2.68105
OG0007690,Sp,0.02734,0.04201,0.65085
OG0007693,La,0.75572,0.11868,6.36776
OG0007693,Laeq,4.75523,0.25584,18.58661
OG0007693,Lgib,1.26049,0.20501,6.14856
OG0007693,Wa,1.44782,0.31576,4.58515
OG0007693,Wo,6.36473,0.33614,18.93453
OG0007693,Sp,0.03189,0.05495,0.58033
OG0007700,La,0.04827,0.12317,0.39193
OG0007700,Laeq,0.07786,0.18378,0.42363
OG0007700,Lgib,0.07254,0.11011,0.6588
OG0007700,Wa,0.05195,0.17915,0.28995
OG0007700,Wo,0.05076,0.22621,0.22439
OG0007700,Sp,0.01868,0.10238,0.18242
OG0007702,La,0.02218,0.07352,0.3017
OG0007702,Laeq,0.04028,0.09788,0.41157
OG0007702,Lgib,0.05371,0.10241,0.52446
OG0007702,Wa,0.04457,0.14002,0.31831
OG0007702,Wo,0.02898,0.18376,0.15773
OG0007702,Sp,0.01041,0.07386,0.14091
OG0007703,La,0.19806,0.12338,1.60527
OG0007703,Laeq,0.38565,0.23038,1.67394
OG0007703,Lgib,0.26953,0.17884,1.50711
OG0007703,Wa,0.48269,0.22089,2.18526
OG0007703,Wo,1.02426,0.28103,3.64469
OG0007703,Sp,0.08237,0.06597,1.24859
OG0007704,La,3.11358,0.21682,14.36004
OG0007704,Laeq,7.98194,0.50598,15.77508
OG0007704,Lgib,3.3276,0.3011,11.05166
OG0007704,Wa,0.14089,0.21275,0.66226
OG0007704,Wo,0.21688,0.30899,0.7019
OG0007704,Sp,3.74071,0.04544,82.32174
OG0007706,La,0.03292,0.11334,0.29042
OG0007706,Laeq,0.06723,0.25513,0.2635
OG0007706,Lgib,0.03613,0.15592,0.23169
OG0007706,Wa,0.0323,0.16703,0.19339
OG0007706,Wo,0.03876,0.20905,0.18541
OG0007706,Sp,0.01413,0.02257,0.62601
OG0007707,La,0.1014,0.0909,1.11555
OG0007707,Sp,0.03329,0.07665,0.43436
OG0007707,Wa,0.09743,0.23163,0.42062
OG0007707,Wo,0.08264,0.14589,0.56645
OG0007707,Laeq,0.65138,0.24562,2.65197
OG0007707,Lgib,0.06153,0.14205,0.43316
OG0007709,La,4.51964,0.10249,44.0995
OG0007709,Sp,4.5609,0.14084,32.38435
OG0007709,Laeq,0.07282,0.15989,0.45547
OG0007709,Lgib,0.84154,0.0922,9.12764
OG0007709,Wa,0.25027,0.06292,3.9776
OG0007709,Wo,0.05467,0.11099,0.49255
OG0007712,La,0.07073,0.14748,0.47961
OG0007712,Laeq,0.06469,0.21816,0.29652
OG0007712,Lgib,0.0442,0.13601,0.32499
OG0007712,Wa,0.20498,0.19531,1.04956
OG0007712,Wo,0.05291,0.2356,0.22458
OG0007712,Sp,0.00909,0.03334,0.27252
OG0007716,La,0.98565,0.21611,4.56079
OG0007716,Laeq,1.00127,0.22005,4.55019
OG0007716,Lgib,0.99875,0.2062,4.84369
OG0007716,Wa,0.9832,0.28611,3.43648
OG0007716,Wo,2.90267,0.30653,9.46932
OG0007716,Sp,0.0034,0.02245,0.15155
OG0007724,La,0.21449,0.13094,1.63816
OG0007724,Lgib,1.3534,0.20247,6.68456
OG0007724,Laeq,0.3585,0.17456,2.05378
OG0007724,Wa,0.27087,0.23774,1.13932
OG0007724,Wo,0.26318,0.36268,0.72565
OG0007724,Sp,0.03401,0.02419,1.40566
OG0007731,La,1.50746,0.09782,15.41009
OG0007731,Wa,5.19696,0.23454,22.15839
OG0007731,Wo,5.71887,0.27439,20.84247
OG0007731,Sp,0.34396,0.0884,3.89114
OG0007731,Laeq,0.05549,0.15396,0.36044
OG0007731,Lgib,2.70642,0.05672,47.7167
OG0007735,La,0.12174,0.11527,1.05617
OG0007735,Laeq,0.22427,0.18982,1.1815
OG0007735,Lgib,0.14312,0.16132,0.88722
OG0007735,Wa,0.18496,0.17406,1.06259
OG0007735,Wo,0.24811,0.26174,0.94791
OG0007735,Sp,0.02942,0.0374,0.78677
OG0007736,La,0.08506,0.10689,0.79573
OG0007736,Laeq,0.07072,0.18362,0.38512
OG0007736,Lgib,0.08432,0.11186,0.75379
OG0007736,Wa,5.6744,0.18495,30.6811
OG0007736,Wo,0.32149,0.19314,1.66458
OG0007736,Sp,0.03848,0.03712,1.03679
OG0007737,La,0.07376,0.06852,1.07653
OG0007737,Laeq,0.18759,0.17744,1.05723
OG0007737,Lgib,0.13813,0.16404,0.84204
OG0007737,Wa,0.29187,0.21385,1.36484
OG0007737,Wo,7.34163,0.27747,26.45871
OG0007737,Sp,0.0216,0.07406,0.29169
OG0007738,La,3.33968,0.13782,24.23191
OG0007738,Laeq,7.57828,0.32066,23.63364
OG0007738,Lgib,3.38726,0.20736,16.33515
OG0007738,Wa,0.16003,0.36044,0.44399
OG0007738,Wo,0.24127,0.44281,0.54486
OG0007738,Sp,0.0445,0.03466,1.28403
OG0007740,La,0.12606,0.1502,0.83927
OG0007740,Laeq,0.15995,0.21792,0.734
OG0007740,Lgib,0.15911,0.18424,0.86361
OG0007740,Wa,0.24708,0.18743,1.31822
OG0007740,Wo,0.25835,0.21657,1.19291
OG0007740,Sp,0.7673,0.03678,20.86215
OG0007743,La,0.16443,0.13274,1.23871
OG0007743,Laeq,1.95679,0.28478,6.8713
OG0007743,Lgib,1.87025,0.22156,8.44141
OG0007743,Wa,15.04165,0.22424,67.07761
OG0007743,Wo,15.02802,0.3204,46.9034
OG0007743,Sp,1.9556,0.08952,21.84623
OG0007744,La,2.97571,0.11985,24.82969
OG0007744,Laeq,0.17825,0.17316,1.02942
OG0007744,Lgib,0.13606,0.16285,0.83554
OG0007744,Wa,0.13256,0.16902,0.78425
OG0007744,Wo,0.15396,0.17128,0.89888
OG0007744,Sp,0.1186,0.03316,3.57642
OG0007747,La,0.04025,0.09934,0.40513
OG0007747,Laeq,0.05004,0.19949,0.25084
OG0007747,Lgib,0.04655,0.13093,0.35557
OG0007747,Wa,0.07097,0.16445,0.43154
OG0007747,Wo,0.07771,0.18332,0.42392
OG0007747,Sp,0.00575,0.07025,0.08182
OG0007750,La,0.18996,0.16799,1.13078
OG0007750,Wa,0.24377,0.28875,0.84424
OG0007750,Wo,0.23631,0.3336,0.70838
OG0007750,Laeq,0.15721,0.2428,0.64748
OG0007750,Lgib,0.16226,0.20447,0.79354
OG0007750,Sp,0.24194,0.03538,6.83882
OG0007751,La,0.34971,0.10654,3.28228
OG0007751,Laeq,0.3987,0.29107,1.36978
OG0007751,Lgib,0.37491,0.18244,2.05497
OG0007751,Wa,0.38921,0.22341,1.74216
OG0007751,Wo,5.2084,0.2548,20.44137
OG0007751,Sp,0.01382,0.04635,0.29828
OG0007752,La,0.08848,0.11913,0.74272
OG0007752,Laeq,1.32492,0.36087,3.67142
OG0007752,Lgib,1.27654,0.2442,5.22741
OG0007752,Wa,0.21181,0.30604,0.69211
OG0007752,Wo,0.24595,0.34766,0.70745
OG0007752,Sp,0.08973,0.07123,1.2598
OG0007754,La,4.69378,0.13086,35.86845
OG0007754,Wa,10.74121,0.19428,55.28725
OG0007754,Wo,0.23448,0.35176,0.6666
OG0007754,Laeq,0.20177,0.23396,0.86241
OG0007754,Lgib,0.1552,0.21724,0.71445
OG0007754,Sp,0.02983,0.05134,0.58099
OG0007755,La,0.53134,0.10748,4.94347
OG0007755,Wa,3.88988,0.1641,23.70402
OG0007755,Wo,3.91663,0.20213,19.37641
OG0007755,Laeq,0.12697,0.1629,0.77948
OG0007755,Lgib,0.1126,0.14402,0.78184
OG0007755,Sp,0.06358,0.05831,1.09046
OG0007759,La,0.06423,0.11474,0.55979
OG0007759,Wa,0.11261,0.31902,0.35298
OG0007759,Wo,10.76247,0.56812,18.94413
OG0007759,Laeq,0.1687,0.21396,0.78848
OG0007759,Lgib,0.10714,0.19514,0.54903
OG0007759,Sp,0.02156,0.04879,0.44188
OG0007761,La,0.08612,0.19361,0.44481
OG0007761,Laeq,0.11462,0.28601,0.40075
OG0007761,Lgib,5.23731,0.2031,25.78653
OG0007761,Wa,3.69031,0.18322,20.14121
OG0007761,Wo,0.22392,0.29197,0.76694
OG0007761,Sp,0.02995,0.03441,0.87037
OG0007762,La,0.08991,0.11955,0.75205
OG0007762,Laeq,4.39042,0.20001,21.95096
OG0007762,Lgib,0.09455,0.14861,0.63622
OG0007762,Wa,0.13177,0.1908,0.69062
OG0007762,Wo,2.47662,0.17365,14.26192
OG0007762,Sp,0.0152,0.07985,0.19034
OG0007765,La,0.06148,0.08624,0.71283
OG0007765,Laeq,0.76821,0.14794,5.19262
OG0007765,Lgib,7.20077,0.13456,53.51327
OG0007765,Wa,2.73814,0.24207,11.31139
OG0007765,Wo,2.74466,0.24279,11.30466
OG0007765,Sp,0.00969,0.06836,0.1418
OG0007766,La,1.9025,0.15832,12.01654
OG0007766,Laeq,8.7971,0.30952,28.42187
OG0007766,Lgib,1.92269,0.25135,7.64948
OG0007766,Wa,3.35212,0.38152,8.78625
OG0007766,Wo,3.39694,0.40033,8.48544
OG0007766,Sp,3.24002,0.03471,93.33521
OG0007770,La,0.11301,0.11197,1.00931
OG0007770,Laeq,0.15719,0.22063,0.71247
OG0007770,Lgib,2.47437,0.17592,14.06542
OG0007770,Wa,0.1519,0.1863,0.81535
OG0007770,Wo,2.493,0.22465,11.09738
OG0007770,Sp,0.02753,0.05629,0.48903
OG0007778,La,0.06667,0.14141,0.47143
OG0007778,Laeq,6.3902,0.27587,23.16372
OG0007778,Lgib,0.13382,0.29437,0.45458
OG0007778,Wa,1.21703,0.23718,5.13129
OG0007778,Wo,0.257,0.27386,0.93845
OG0007778,Sp,0.03375,0.04165,0.8103
OG0007780,La,0.07608,0.11869,0.64102
OG0007780,Laeq,0.13477,0.25562,0.52721
OG0007780,Lgib,0.12304,0.20896,0.5888
OG0007780,Wa,0.15924,0.22809,0.69814
OG0007780,Wo,2.76229,0.28538,9.67916
OG0007780,Sp,0.03259,0.07211,0.45192
OG0007781,La,0.06207,0.16142,0.38451
OG0007781,Sp,54.04482,0.13691,394.74947
OG0007781,Laeq,0.20311,0.13063,1.55479
OG0007781,Lgib,0.07066,0.07683,0.91979
OG0007781,Wa,0.21676,0.15394,1.4081
OG0007781,Wo,7.35853,0.24147,30.47352
OG0007783,La,0.03321,0.08728,0.38051
OG0007783,Laeq,0.40425,0.2555,1.58218
OG0007783,Lgib,4.71425,0.23571,20.00059
OG0007783,Wa,27.13941,0.55559,48.84805
OG0007783,Wo,7.54904,0.28596,26.39865
OG0007783,Sp,0.22023,0.05316,4.14308
OG0007786,La,0.03888,0.11886,0.32715
OG0007786,Laeq,0.0529,0.18055,0.29298
OG0007786,Lgib,0.03689,0.13093,0.28174
OG0007786,Wa,0.05089,0.18323,0.27774
OG0007786,Wo,0.05813,0.18172,0.31987
OG0007786,Sp,0.02092,0.04726,0.44261
OG0007790,La,0.13609,0.15966,0.85235
OG0007790,Laeq,0.23821,0.39516,0.60281
OG0007790,Lgib,5.28729,0.2575,20.53331
OG0007790,Wa,0.90306,0.30195,2.99079
OG0007790,Wo,1.0029,0.41745,2.40243
OG0007790,Sp,0.0483,0.04932,0.97924
OG0007795,La,0.02483,0.11528,0.21538
OG0007795,Laeq,6.67553,0.21637,30.85304
OG0007795,Lgib,6.61988,0.21017,31.49752
OG0007795,Sp,2.75387,0.08986,30.64505
OG0007795,Wa,0.0865,0.11271,0.76743
OG0007795,Wo,0.11182,0.14975,0.7467
OG0007796,La,0.07907,0.12998,0.6083
OG0007796,Wa,1.37324,0.23931,5.73838
OG0007796,Wo,1.30745,0.25774,5.07283
OG0007796,Laeq,0.18745,0.16175,1.15888
OG0007796,Lgib,0.12947,0.16641,0.77801
OG0007796,Sp,0.05326,0.0267,1.995
OG0007800,La,0.13689,0.04608,2.97086
OG0007800,Laeq,1.01372,0.17847,5.68006
OG0007800,Lgib,0.12301,0.13158,0.93486
OG0007800,Wa,0.15489,0.12384,1.25075
OG0007800,Sp,0.03738,0.0561,0.66627
OG0007802,La,0.02402,0.10334,0.2324
OG0007802,Wa,3.23641,0.18186,17.79663
OG0007802,Wo,3.27274,0.25196,12.98899
OG0007802,Laeq,0.07009,0.1679,0.41747
OG0007802,Lgib,0.05769,0.17397,0.33158
OG0007802,Sp,0.02959,0.03319,0.89147
OG0007803,La,0.1075,0.15287,0.70323
OG0007803,Laeq,5.46644,0.21169,25.82286
OG0007803,Lgib,5.46197,0.20759,26.31096
OG0007803,Wa,5.49124,0.23269,23.59847
OG0007803,Wo,5.53839,0.26356,21.01371
OG0007803,Sp,0.0282,0.03187,0.88492
OG0007804,La,0.03483,0.1129,0.30854
OG0007804,Wa,0.14479,0.175,0.82739
OG0007804,Wo,2.1395,0.2114,10.12064
OG0007804,Laeq,0.06,0.15694,0.38233
OG0007804,Lgib,0.05085,0.12635,0.40248
OG0007804,Sp,0.07503,0.03077,2.43876
OG0007805,La,0.44742,0.15061,2.97064
OG0007805,Laeq,0.15787,0.23146,0.68208
OG0007805,Lgib,0.06117,0.18284,0.33457
OG0007805,Wa,2734.79308,0.21397,12781.42874
OG0007805,Wo,2734.86407,0.36188,7557.40483
OG0007805,Sp,0.04805,0.04341,1.10675
OG0007806,La,7.44931,0.13834,53.84704
OG0007806,Laeq,8.34543,0.20793,40.13653
OG0007806,Lgib,5.08544,0.17534,29.00359
OG0007806,Wa,5.42793,0.18709,29.01253
OG0007806,Wo,4.78404,0.22076,21.67075
OG0007806,Sp,0.04732,0.0395,1.19802
OG0007822,La,0.04322,0.10225,0.42269
OG0007822,Laeq,0.04743,0.20842,0.22756
OG0007822,Lgib,0.05949,0.14338,0.41494
OG0007822,Wa,0.04755,0.15484,0.30707
OG0007822,Wo,0.04512,0.19039,0.23698
OG0007822,Sp,0.01485,0.05514,0.26924
OG0007827,La,0.04656,0.13841,0.33643
OG0007827,Laeq,0.06928,0.34123,0.20304
OG0007827,Lgib,0.06327,0.25446,0.24864
OG0007827,Wa,0.07751,0.32763,0.23658
OG0007827,Wo,0.07279,0.38819,0.18751
OG0007827,Sp,0.02031,0.0495,0.4102
OG0007828,La,0.12703,0.16335,0.77768
OG0007828,Laeq,0.22028,0.37364,0.58956
OG0007828,Lgib,0.18654,0.34025,0.54824
OG0007828,Wa,0.24584,0.29193,0.84213
OG0007828,Wo,6.19688,0.44294,13.99033
OG0007828,Sp,0.02957,0.05068,0.58349
OG0007831,La,0.0547,0.2023,0.2704
OG0007831,Laeq,11.26438,0.32424,34.74083
OG0007831,Lgib,11.15373,0.17728,62.91522
OG0007831,Wa,0.12919,0.24376,0.52998
OG0007831,Wo,0.17269,0.28093,0.6147
OG0007831,Sp,0.20262,0.02309,8.77329
OG0007832,La,0.15472,0.0879,1.76021
OG0007832,Laeq,0.16882,0.13957,1.20953
OG0007832,Lgib,30.08701,0.099,303.90709
OG0007832,Wa,0.90836,0.11435,7.94382
OG0007832,Wo,1.15822,0.17995,6.43627
OG0007832,Sp,0.05571,0.04039,1.3792
OG0007835,La,0.12227,0.16652,0.73429
OG0007835,Laeq,0.15686,0.31251,0.50193
OG0007835,Lgib,0.11454,0.28217,0.40591
OG0007835,Wa,0.16865,0.21651,0.77894
OG0007835,Wo,0.11699,0.28953,0.40406
OG0007835,Sp,17.4097,0.04875,357.10353
OG0007838,La,2.06537,0.12293,16.80174
OG0007838,Laeq,3.39167,0.26059,13.0152
OG0007838,Lgib,246.09241,0.17976,1369.04081
OG0007838,Wa,0.60241,0.19771,3.04697
OG0007838,Wo,0.54874,0.20637,2.65896
OG0007838,Sp,0.08063,0.04622,1.74446
OG0007840,La,0.47216,0.13735,3.43752
OG0007840,Laeq,0.05172,0.20134,0.25686
OG0007840,Lgib,0.03826,0.15762,0.24271
OG0007840,Wa,0.0447,0.18094,0.24701
OG0007840,Wo,1.43898,0.1923,7.48307
OG0007840,Sp,0.01995,0.04068,0.49048
OG0007844,Laeq,35.07541,0.19748,177.61359
OG0007844,Lgib,0.16063,0.15621,1.0283
OG0007844,Wa,0.59931,0.23949,2.5024
OG0007844,Wo,0.63782,0.20574,3.10008
OG0007844,Sp,0.03133,0.09435,0.33203
OG0007847,La,0.06658,0.14649,0.4545
OG0007847,Laeq,0.10388,0.20987,0.49497
OG0007847,Lgib,0.09501,0.20924,0.45405
OG0007847,Wa,0.24875,0.36605,0.67955
OG0007847,Wo,0.24722,0.46304,0.5339
OG0007847,Sp,0.02083,0.07753,0.26864
OG0007849,La,0.06803,0.12106,0.56192
OG0007849,Wa,1.70267,0.17616,9.66536
OG0007849,Wo,7.07415,0.22874,30.92686
OG0007849,Laeq,0.07637,0.20331,0.37563
OG0007849,Lgib,0.06852,0.13911,0.49258
OG0007849,Sp,0.02488,0.06688,0.37201
OG0007852,La,0.13451,0.12542,1.07247
OG0007852,Laeq,1.08831,0.28437,3.82713
OG0007852,Lgib,0.36732,0.23579,1.55785
OG0007852,Wa,0.2422,0.16618,1.45746
OG0007852,Wo,0.99864,0.25853,3.86278
OG0007852,Sp,0.05122,0.05112,1.002
OG0007855,La,0.105,0.10539,0.9963
OG0007855,Laeq,0.20998,0.23127,0.90797
OG0007855,Lgib,0.25933,0.20236,1.28154
OG0007855,Wa,0.13251,0.18935,0.69981
OG0007855,Wo,0.15507,0.26842,0.57772
OG0007855,Sp,0.0393,0.05013,0.78394
OG0007859,La,0.08053,0.10752,0.74898
OG0007859,Laeq,0.11003,0.22767,0.48327
OG0007859,Lgib,0.08873,0.17162,0.51701
OG0007859,Wa,2.05508,0.18483,11.1188
OG0007859,Wo,0.17281,0.2207,0.78302
OG0007859,Sp,0.03604,0.03163,1.13936
OG0007862,Laeq,0.86411,0.17905,4.826
OG0007862,Lgib,0.69172,0.12097,5.71809
OG0007862,Wa,0.89118,0.17582,5.06866
OG0007862,Wo,0.81012,0.24217,3.34529
OG0007862,Sp,0.05054,0.07155,0.70628
OG0007866,La,0.02471,0.09571,0.25816
OG0007866,Laeq,0.04396,0.22104,0.19888
OG0007866,Lgib,0.03374,0.2355,0.14327
OG0007866,Wa,0.03408,0.18285,0.18637
OG0007866,Wo,0.05235,0.28809,0.18173
OG0007866,Sp,0.00619,0.10252,0.06042
OG0007867,La,0.09199,0.09296,0.98963
OG0007867,Laeq,0.14343,0.29182,0.49149
OG0007867,Wa,8.12373,0.42837,18.9642
OG0007867,Wo,0.45646,0.55754,0.8187
OG0007867,Lgib,0.08445,0.22523,0.37494
OG0007867,Sp,0.01331,0.06691,0.19886
OG0007868,La,0.07387,0.14464,0.51073
OG0007868,Laeq,0.13429,0.3985,0.33698
OG0007868,Lgib,0.09602,0.2049,0.46861
OG0007868,Wa,0.1975,0.27677,0.71359
OG0007868,Wo,0.16859,0.37209,0.4531
OG0007868,Sp,0.31689,0.05103,6.21018
OG0007869,La,0.14235,0.13606,1.04623
OG0007869,Laeq,2.99465,0.20014,14.96294
OG0007869,Lgib,1.63857,0.18677,8.7734
OG0007869,Wa,0.19525,0.22227,0.87843
OG0007869,Wo,0.26749,0.31867,0.83941
OG0007869,Sp,0.03385,0.05593,0.6053
OG0007873,La,1.24256,0.08434,14.73186
OG0007873,Laeq,0.04251,0.19441,0.21863
OG0007873,Lgib,0.02336,0.1737,0.13449
OG0007873,Wa,0.047,0.1761,0.26688
OG0007873,Wo,0.04348,0.20763,0.20943
OG0007873,Sp,0.02981,0.04007,0.744
OG0007874,La,0.05575,0.10781,0.51706
OG0007874,Laeq,23.08277,0.27457,84.06857
OG0007874,Lgib,14.88464,0.16491,90.25941
OG0007874,Wa,19.38136,0.19508,99.35336
OG0007874,Wo,15.42806,0.26495,58.23098
OG0007874,Sp,0.04444,0.062,0.7169
OG0007876,La,0.0744,0.10975,0.67794
OG0007876,Laeq,0.23344,0.20079,1.16263
OG0007876,Lgib,0.18599,0.17602,1.05665
OG0007876,Wa,0.24474,0.28012,0.87368
OG0007876,Wo,0.49611,0.36782,1.34878
OG0007876,Sp,0.31478,0.02036,15.46177
OG0007881,La,0.05172,0.1146,0.4513
OG0007881,Laeq,0.05469,0.12983,0.42122
OG0007881,Lgib,0.04985,0.12059,0.41338
OG0007881,Wa,3.36165,0.16121,20.85315
OG0007881,Wo,3.37948,0.21709,15.56683
OG0007881,Sp,7.92987,0.06021,131.70117
OG0007882,La,4.28445,0.10764,39.8036
OG0007882,Laeq,12.41596,0.14834,83.70183
OG0007882,Lgib,12.36837,0.13891,89.04046
OG0007882,Wa,9.4241,0.15694,60.05031
OG0007882,Wo,9.43839,0.23139,40.79049
OG0007882,Sp,0.05127,0.03767,1.36117
OG0007883,La,0.03958,0.06326,0.62572
OG0007883,Sp,0.01811,0.06734,0.26895
OG0007883,Laeq,0.02614,0.12457,0.20989
OG0007883,Lgib,0.01809,0.10833,0.16703
OG0007883,Wa,0.03016,0.15444,0.19526
OG0007883,Wo,0.03638,0.16326,0.22283
OG0007884,La,23.0382,0.04466,515.90163
OG0007884,Laeq,23.08352,0.20573,112.20085
OG0007884,Lgib,23.08252,0.15065,153.22377
OG0007884,Wa,23.20825,0.22751,102.00982
OG0007884,Wo,23.16426,0.34067,67.9958
OG0007884,Sp,0.13719,0.06633,2.06833
OG0007886,La,4.5559,0.17512,26.01611
OG0007886,Laeq,4.56988,0.21016,21.74487
OG0007886,Lgib,0.17252,0.2147,0.80356
OG0007886,Wa,0.13931,0.19464,0.71573
OG0007886,Wo,3.43498,0.21492,15.98248
OG0007886,Sp,0.04081,0.02654,1.53752
OG0007887,La,0.05976,0.08934,0.66886
OG0007887,Laeq,0.19735,0.20436,0.96568
OG0007887,Lgib,1.50942,0.13458,11.21577
OG0007887,Wa,0.09377,0.14613,0.64165
OG0007887,Wo,0.2417,0.18282,1.32203
OG0007887,Sp,0.03132,0.08783,0.3566
OG0007888,La,0.10889,0.11846,0.91921
OG0007888,Laeq,0.1053,0.18394,0.57248
OG0007888,Lgib,0.11971,0.16698,0.71689
OG0007888,Wa,0.09982,0.19926,0.50093
OG0007888,Wo,0.10725,0.24003,0.44683
OG0007888,Sp,0.04919,0.02747,1.79082
OG0007890,La,2.31313,0.13578,17.03634
OG0007890,Laeq,0.06075,0.18227,0.33329
OG0007890,Lgib,0.05204,0.14923,0.34872
OG0007890,Wa,0.03466,0.17225,0.20119
OG0007890,Wo,0.5883,0.20984,2.80361
OG0007890,Sp,0.00769,0.02534,0.30343
OG0007892,Laeq,0.18385,0.21864,0.84088
OG0007892,Lgib,0.10249,0.11741,0.87296
OG0007892,Wa,0.13456,0.17353,0.77542
OG0007892,Wo,0.08985,0.17969,0.50004
OG0007892,Sp,0.06231,0.0286,2.17836
OG0007893,La,0.08958,0.09181,0.97572
OG0007893,Laeq,0.149,0.15897,0.93729
OG0007893,Lgib,0.12098,0.14127,0.85637
OG0007893,Wa,0.22973,0.18314,1.25436
OG0007893,Wo,0.17683,0.22165,0.7978
OG0007893,Sp,0.01883,0.03278,0.57451
OG0007894,La,0.05594,0.16438,0.34032
OG0007894,Laeq,0.07473,0.1826,0.40927
OG0007894,Lgib,0.06434,0.15181,0.42382
OG0007894,Wa,0.09922,0.19987,0.49645
OG0007894,Wo,0.10987,0.20722,0.53021
OG0007894,Sp,0.01251,0.04466,0.28002
OG0007895,La,0.03331,0.1179,0.28253
OG0007895,Laeq,0.36514,0.17967,2.03224
OG0007895,Lgib,0.04125,0.1675,0.24627
OG0007895,Wa,0.0381,0.19345,0.19697
OG0007895,Wo,0.03057,0.18874,0.16198
OG0007895,Sp,0.01722,0.05011,0.3437
OG0007899,La,0.06584,0.05363,1.22763
OG0007899,Laeq,0.19821,0.19343,1.02471
OG0007899,Lgib,0.09856,0.13088,0.75304
OG0007899,Wa,3.54935,0.15403,23.0432
OG0007899,Wo,3.5844,0.20657,17.35218
OG0007899,Sp,11.85769,0.09593,123.60725
OG0007904,La,76.8993,0.15,512.64924
OG0007904,Laeq,5.19204,0.18165,28.58294
OG0007904,Lgib,0.02565,0.17228,0.14889
OG0007904,Wa,0.04467,0.16433,0.27184
OG0007904,Wo,0.07244,0.21124,0.34292
OG0007904,Sp,0.0956,0.09481,1.00839
OG0007905,La,0.06862,0.11701,0.58647
OG0007905,Laeq,0.12449,0.21735,0.57274
OG0007905,Lgib,0.0979,0.13422,0.72942
OG0007905,Wa,0.14182,0.19067,0.74378
OG0007905,Wo,7.56428,0.19211,39.37475
OG0007905,Sp,9.53108,0.02303,413.81415
OG0007906,La,42.20552,0.21494,196.36053
OG0007906,Laeq,14.67469,0.40293,36.42001
OG0007906,Lgib,14.34673,0.24148,59.41144
OG0007906,Wa,13.90209,0.43256,32.13873
OG0007906,Wo,14.43252,0.44402,32.50407
OG0007906,Sp,1.44495,0.02733,52.87289
OG0007910,La,0.04172,0.13761,0.30317
OG0007910,Laeq,0.03915,0.20317,0.19271
OG0007910,Lgib,0.03898,0.16663,0.23394
OG0007910,Wa,0.05313,0.21782,0.24391
OG0007910,Wo,0.12955,0.20873,0.62064
OG0007910,Sp,0.01448,0.04662,0.31063
OG0007911,La,77.14655,0.05313,1452.10763
OG0007911,Laeq,0.17207,0.62093,0.27712
OG0007911,Lgib,0.09598,0.22557,0.42548
OG0007911,Wa,0.09457,0.24404,0.38753
OG0007911,Sp,0.01115,0.03933,0.28359
OG0007912,La,6.73229,0.12699,53.01267
OG0007912,Laeq,0.33471,0.20868,1.60396
OG0007912,Lgib,0.31429,0.15648,2.00851
OG0007912,Wa,0.22764,0.2064,1.10291
OG0007912,Wo,8.95645,0.24393,36.71802
OG0007912,Sp,0.0521,0.03071,1.6961
OG0007915,La,0.12028,0.15793,0.76157
OG0007915,Laeq,0.0509,0.22451,0.22674
OG0007915,Lgib,0.03542,0.15074,0.23496
OG0007915,Wa,0.05159,0.14268,0.36157
OG0007915,Wo,0.08995,0.17043,0.52776
OG0007915,Sp,0.0107,0.03905,0.27388
OG0007917,La,45.05343,0.15699,286.98156
OG0007917,Laeq,45.06795,0.24602,183.19027
OG0007917,Lgib,47.33563,0.18218,259.82541
OG0007917,Wa,0.10064,0.20876,0.4821
OG0007917,Wo,0.16387,0.21723,0.75435
OG0007917,Sp,0.01076,0.02747,0.39169
OG0007918,La,4.69287,0.04319,108.66091
OG0007918,Laeq,8.43507,0.14551,57.96804
OG0007918,Lgib,8.63354,0.13691,63.06004
OG0007918,Wa,7.11893,0.2575,27.64627
OG0007918,Wo,5.98887,0.27457,21.8122
OG0007918,Sp,3.90899,0.07549,51.78177
OG0007920,La,0.04271,0.1574,0.27134
OG0007920,Laeq,0.06017,0.30551,0.19696
OG0007920,Lgib,0.04098,0.26945,0.15209
OG0007920,Wa,0.07272,0.35248,0.20631
OG0007920,Wo,0.10531,0.41831,0.25175
OG0007920,Sp,3.15352,0.01656,190.42987
OG0007921,La,0.12903,0.15136,0.85248
OG0007921,Laeq,0.16709,0.2825,0.59147
OG0007921,Lgib,0.14483,0.23029,0.6289
OG0007921,Wa,0.17805,0.3042,0.58529
OG0007921,Wo,0.23635,0.38143,0.61965
OG0007921,Sp,0.26344,0.04392,5.99788
OG0007922,La,0.07555,0.11403,0.66258
OG0007922,Laeq,23.59067,0.16307,144.66793
OG0007922,Lgib,30.30168,0.1182,256.35475
OG0007922,Wa,25.20336,0.17602,143.18505
OG0007922,Wo,25.20531,0.20377,123.69441
OG0007922,Sp,3.95603,0.03241,122.05638
OG0007925,La,0.14057,0.2138,0.65749
OG0007925,Lgib,0.18571,0.23656,0.78503
OG0007925,Wa,0.16993,0.26561,0.63978
OG0007925,Wo,0.18294,0.35519,0.51505
OG0007925,Sp,0.47163,0.03406,13.8487
OG0007926,La,0.07121,0.12205,0.5834
OG0007926,Lgib,0.07393,0.16518,0.44756
OG0007926,Wa,7.1368,0.20779,34.34601
OG0007926,Wo,9.19741,0.19059,48.2577
OG0007926,Sp,0.02002,0.04401,0.4548
OG0007927,La,0.15995,0.12994,1.23094
OG0007927,Laeq,2.64753,0.23332,11.34735
OG0007927,Lgib,2.60694,0.17439,14.94931
OG0007927,Wa,11.01497,0.25472,43.24263
OG0007927,Wo,30.32273,0.35531,85.34209
OG0007927,Sp,0.05274,0.01297,4.06776
OG0007931,La,0.36091,0.1252,2.8827
OG0007931,Laeq,0.26414,0.28053,0.94155
OG0007931,Lgib,0.21469,0.19878,1.08004
OG0007931,Wa,0.17389,0.19957,0.87132
OG0007931,Wo,0.20603,0.23284,0.88483
OG0007931,Sp,0.01564,0.02594,0.60292
OG0007934,La,0.0834,0.16015,0.52079
OG0007934,Laeq,6.86048,0.23744,28.89304
OG0007934,Lgib,2.41524,0.16398,14.72933
OG0007934,Wa,0.33612,0.26389,1.27371
OG0007934,Wo,3.08784,0.30974,9.96924
OG0007934,Sp,0.56075,0.0103,54.43392
OG0007935,La,0.08688,0.11815,0.73539
OG0007935,Laeq,0.18637,0.22296,0.83586
OG0007935,Lgib,0.1898,0.20952,0.90588
OG0007935,Wa,4.24164,0.2156,19.67353
OG0007935,Wo,1.24933,0.28484,4.38603
OG0007935,Sp,0.0184,0.05623,0.3272
OG0007937,La,0.12278,0.1207,1.0172
OG0007937,Wa,0.47332,0.18391,2.57372
OG0007937,Wo,3.30339,0.18137,18.21391
OG0007937,Laeq,0.21161,0.23773,0.89014
OG0007937,Lgib,2.78506,0.21093,13.20355
OG0007937,Sp,0.03513,0.03176,1.10607
OG0007939,La,0.15542,0.20126,0.77223
OG0007939,Sp,41.58768,0.27148,153.18699
OG0007939,Wa,0.08593,0.26612,0.32289
OG0007939,Wo,0.08003,0.22733,0.35204
OG0007939,Laeq,0.10631,0.17704,0.6005
OG0007939,Lgib,0.07643,0.07289,1.04856
OG0007946,La,0.13573,0.08234,1.64836
OG0007946,Laeq,0.41504,0.16771,2.4747
OG0007946,Lgib,2.54789,0.15417,16.52638
OG0007946,Wa,0.14655,0.16675,0.87885
OG0007946,Sp,0.28205,0.05327,5.29453
OG0007949,La,0.10435,0.16651,0.62667
OG0007949,Laeq,0.12448,0.30487,0.40829
OG0007949,Lgib,0.11515,0.2454,0.46922
OG0007949,Wa,4.91671,0.2842,17.30023
OG0007949,Wo,0.26706,0.50253,0.53143
OG0007949,Sp,13.76284,0.02307,596.47713
OG0007950,La,0.06948,0.15915,0.43656
OG0007950,Laeq,0.10825,0.28845,0.37529
OG0007950,Lgib,0.09928,0.21518,0.46136
OG0007950,Wa,0.1372,0.21495,0.6383
OG0007950,Wo,2.46227,0.24302,10.13188
OG0007950,Sp,15.72797,0.03789,415.05661
OG0007951,La,13.1673,0.16152,81.52131
OG0007951,Wa,0.18667,0.22387,0.83384
OG0007951,Laeq,36.56639,0.17395,210.21553
OG0007951,Lgib,36.43822,0.10761,338.62281
OG0007951,Sp,0.02627,0.03071,0.85532
OG0007953,La,25.78293,0.20854,123.63325
OG0007953,Laeq,12.99024,0.49098,26.45757
OG0007953,Lgib,5.27317,0.33379,15.79767
OG0007953,Wa,5.23389,0.44073,11.87539
OG0007953,Wo,5.26224,0.52005,10.11882
OG0007953,Sp,0.02237,0.02427,0.92148
OG0007954,La,5.18816,0.12912,40.18064
OG0007954,Laeq,0.63083,0.21618,2.91811
OG0007954,Lgib,0.60806,0.18314,3.32013
OG0007954,Wa,0.78867,0.20776,3.79596
OG0007954,Wo,5.00623,0.26138,19.15277
OG0007954,Sp,0.04073,0.04202,0.96932
OG0007957,La,0.19891,0.07772,2.55928
OG0007957,Laeq,0.21734,0.1814,1.19811
OG0007957,Lgib,0.12823,0.16052,0.79883
OG0007957,Wa,0.13929,0.16706,0.83376
OG0007957,Wo,0.14721,0.23068,0.63817
OG0007957,Sp,1.28381,0.03071,41.80315
OG0007958,La,0.05081,0.1054,0.48203
OG0007958,Laeq,0.13513,0.20168,0.67005
OG0007958,Lgib,0.16407,0.26352,0.62259
OG0007958,Wa,0.08751,0.30344,0.28841
OG0007958,Wo,0.15263,0.34956,0.43665
OG0007958,Sp,0.01267,0.03013,0.42036
OG0007962,La,13.55106,0.14785,91.65238
OG0007962,Laeq,7.7919,0.35953,21.67251
OG0007962,Lgib,7.79713,0.25524,30.54873
OG0007962,Wa,8.00175,0.32067,24.95316
OG0007962,Wo,7.95943,0.40186,19.80652
OG0007962,Sp,0.03159,0.04717,0.66974
OG0007964,La,7.64374,0.16125,47.40383
OG0007964,Laeq,3.96518,0.24458,16.21211
OG0007964,Lgib,3.89255,0.20798,18.71609
OG0007964,Wa,4.36258,0.2772,15.73805
OG0007964,Wo,4.04828,0.31781,12.73818
OG0007964,Sp,0.17746,0.03541,5.01168
OG0007968,La,0.14699,0.11959,1.22905
OG0007968,Laeq,0.15681,0.27139,0.57781
OG0007968,Lgib,8.97627,0.17698,50.72013
OG0007968,Wa,2.11146,0.22208,9.50753
OG0007968,Wo,0.14142,0.23584,0.59964
OG0007968,Sp,0.06094,0.03828,1.59209
OG0007972,La,0.06446,0.11101,0.58066
OG0007972,Laeq,0.11429,0.2331,0.49032
OG0007972,Lgib,6.06789,0.17331,35.01232
OG0007972,Wa,0.09594,0.16397,0.58511
OG0007972,Wo,0.2912,0.22261,1.30811
OG0007972,Sp,0.0292,0.04217,0.69231
OG0007975,La,0.06912,0.16398,0.42152
OG0007975,Laeq,0.31717,0.38182,0.83068
OG0007975,Lgib,0.18107,0.29101,0.62223
OG0007975,Wa,11.10803,0.29894,37.15866
OG0007975,Wo,11.18659,0.45383,24.64916
OG0007975,Sp,0.03034,0.01155,2.62707
OG0007976,La,0.25315,0.11443,2.21239
OG0007976,Laeq,2.46325,0.1643,14.99245
OG0007976,Lgib,0.26649,0.11243,2.37034
OG0007976,Wa,0.30275,0.15333,1.97455
OG0007976,Wo,0.29923,0.16547,1.80833
OG0007976,Sp,0.02717,0.03378,0.80428
OG0007977,La,0.11151,0.12173,0.9161
OG0007977,Laeq,0.21972,0.15857,1.3856
OG0007977,Lgib,0.1895,0.14502,1.30674
OG0007977,Wa,0.53836,0.16427,3.27719
OG0007977,Wo,0.17732,0.20039,0.88488
OG0007977,Sp,0.03464,0.03369,1.02838
OG0007978,La,0.08214,0.12043,0.68204
OG0007978,Laeq,10.57227,0.27442,38.52583
OG0007978,Lgib,0.16084,0.14085,1.14196
OG0007978,Wa,0.2216,0.15488,1.43076
OG0007978,Wo,1.42751,0.16665,8.56599
OG0007978,Sp,5.05341,0.05626,89.8229
OG0007979,La,0.04019,0.09099,0.44168
OG0007979,Laeq,0.04962,0.2109,0.23529
OG0007979,Lgib,0.03573,0.17446,0.20482
OG0007979,Wa,0.054,0.14583,0.37028
OG0007979,Wo,0.05663,0.18773,0.30164
OG0007979,Sp,0.00887,0.04239,0.20914
OG0007980,La,2.61752,0.09786,26.74871
OG0007980,Laeq,2.68294,0.13552,19.79676
OG0007980,Lgib,2.65405,0.10642,24.93987
OG0007980,Wa,2.66148,0.16986,15.66889
OG0007980,Wo,2.72425,0.21346,12.76217
OG0007980,Sp,0.01758,0.02857,0.61537
OG0007982,La,1.91632,0.25002,7.66482
OG0007982,Laeq,1.97683,0.26718,7.39893
OG0007982,Lgib,1.94676,0.21396,9.09861
OG0007982,Wa,0.16895,0.2191,0.77108
OG0007982,Wo,10.39056,0.25251,41.14887
OG0007982,Sp,0.11523,0.02797,4.12027
OG0007985,La,0.13719,0.08944,1.53394
OG0007985,Laeq,0.28813,0.39737,0.7251
OG0007985,Lgib,0.25394,0.31047,0.81795
OG0007985,Wa,10.73815,0.27133,39.5759
OG0007985,Wo,10.60219,0.34679,30.57269
OG0007985,Sp,11.51633,0.05618,205.00455
OG0007990,La,0.09838,0.11826,0.83188
OG0007990,Laeq,0.14944,0.20753,0.7201
OG0007990,Lgib,0.13389,0.17091,0.78336
OG0007990,Wa,0.18447,0.16763,1.10047
OG0007990,Wo,0.18437,0.19707,0.93558
OG0007990,Sp,2.8981,0.0198,146.33236
OG0007991,La,0.11162,0.11166,0.99965
OG0007991,Laeq,0.19146,0.23116,0.82825
OG0007991,Lgib,3.30891,0.16505,20.04739
OG0007991,Wa,4.15763,0.21327,19.49501
OG0007991,Wo,4.17739,0.26975,15.48619
OG0007991,Sp,0.04353,0.05605,0.77667
OG0007992,La,0.02996,0.07053,0.42485
OG0007992,Laeq,0.07149,0.23516,0.30398
OG0007992,Lgib,0.05405,0.11716,0.4613
OG0007992,Wa,0.05611,0.18318,0.30631
OG0007992,Wo,1.12956,0.32533,3.47205
OG0007992,Sp,0.04682,0.10662,0.43916
OG0007997,La,4.27404,0.15474,27.62106
OG0007997,Laeq,0.28718,0.28322,1.01401
OG0007997,Lgib,0.18434,0.26828,0.68713
OG0007997,Wa,0.63714,0.2557,2.49169
OG0007997,Wo,0.34812,0.32359,1.07582
OG0007997,Sp,5.58095,0.05186,107.60863
OG0008000,La,0.12899,0.11334,1.13815
OG0008000,Wa,0.18651,0.21748,0.85763
OG0008000,Wo,0.19322,0.23275,0.83015
OG0008000,Laeq,7.06635,0.21853,32.33549
OG0008000,Lgib,0.08758,0.17022,0.51449
OG0008000,Sp,0.04902,0.02873,1.7063
OG0008002,La,0.06821,0.1608,0.42417
OG0008002,Laeq,0.05791,0.19897,0.29106
OG0008002,Lgib,0.08804,0.16441,0.53549
OG0008002,Wa,0.07715,0.19661,0.39239
OG0008002,Wo,0.08245,0.23,0.35846
OG0008002,Sp,14.74488,0.03264,451.81139
OG0008003,La,98.56322,0.22529,437.48591
OG0008003,Sp,0.00567,0.07053,0.08038
OG0008003,Laeq,0.04509,0.15039,0.29982
OG0008003,Lgib,0.02446,0.13464,0.1817
OG0008003,Wa,0.03454,0.15399,0.22428
OG0008003,Wo,1.01179,0.19789,5.11279
OG0008006,La,0.05078,0.10798,0.47022
OG0008006,Laeq,1.74376,0.42102,4.14177
OG0008006,Lgib,2.74967,0.24866,11.05773
OG0008006,Wa,0.35454,0.39033,0.90831
OG0008006,Wo,0.34871,0.48336,0.72142
OG0008006,Sp,0.01187,0.04438,0.26735
OG0008008,La,1.35019,0.12784,10.56126
OG0008008,Laeq,1.33052,0.23468,5.66951
OG0008008,Lgib,1.31584,0.13809,9.52882
OG0008008,Wa,1.354,0.17983,7.52944
OG0008008,Wo,1.3553,0.21302,6.36245
OG0008008,Sp,0.02393,0.04897,0.48869
OG0008011,La,0.02372,0.11583,0.20482
OG0008011,Laeq,0.02457,0.18867,0.13022
OG0008011,Lgib,0.02454,0.15856,0.15478
OG0008011,Wa,0.02844,0.16575,0.17161
OG0008011,Wo,0.03554,0.21842,0.16271
OG0008011,Sp,0.0168,0.0526,0.31946
OG0008017,La,0.09024,0.17263,0.52277
OG0008017,Sp,0.11705,0.15205,0.76981
OG0008017,Wa,0.29176,0.1905,1.53156
OG0008017,Wo,0.28388,0.23412,1.21254
OG0008017,Lgib,0.07289,0.12164,0.59919
OG0008017,Laeq,0.05618,0.16427,0.34202
OG0008020,Laeq,3.88005,0.24614,15.76354
OG0008020,Lgib,3.91471,0.18905,20.7076
OG0008020,Wa,3.93832,0.1734,22.71188
OG0008020,Wo,3.88444,0.21077,18.42977
OG0008020,Sp,0.01614,0.01221,1.32129
OG0008021,La,0.08736,0.12876,0.67846
OG0008021,Laeq,2.59456,0.2324,11.16418
OG0008021,Lgib,0.10934,0.18739,0.58347
OG0008021,Wa,1.60987,0.18404,8.74748
OG0008021,Wo,1.63432,0.1957,8.351
OG0008021,Sp,0.04306,0.03893,1.10606
OG0008026,La,0.04422,0.11362,0.38917
OG0008026,Wa,0.16278,0.22317,0.72943
OG0008026,Wo,0.22819,0.49515,0.46086
OG0008026,Laeq,0.1353,0.19313,0.70058
OG0008026,Lgib,0.06746,0.13869,0.48645
OG0008026,Sp,0.01983,0.01199,1.65336
OG0008029,La,0.26205,0.12818,2.04434
OG0008029,Laeq,0.25659,0.23576,1.08833
OG0008029,Lgib,0.23581,0.18196,1.2959
OG0008029,Wa,0.14561,0.19762,0.73682
OG0008029,Wo,0.31605,0.23407,1.35024
OG0008029,Sp,0.0225,0.0164,1.37171
OG0008030,La,1139.02609,0.1451,7849.97228
OG0008030,Laeq,6.26311,0.24024,26.07047
OG0008030,Lgib,6.21874,0.23448,26.52182
OG0008030,Wa,0.13049,0.20864,0.62541
OG0008030,Wo,6.34642,0.2981,21.28937
OG0008030,Sp,140.80516,0.03023,4657.30545
OG0008032,La,0.00849,0.12245,0.06929
OG0008032,Laeq,0.00838,0.20818,0.04025
OG0008032,Lgib,0.00907,0.15497,0.05853
OG0008032,Wa,0.01123,0.14716,0.07635
OG0008032,Wo,0.01037,0.17083,0.0607
OG0008032,Sp,0.00616,0.02549,0.24162
OG0008036,La,0.40745,0.12846,3.17194
OG0008036,Laeq,0.58588,0.17704,3.30928
OG0008036,Lgib,0.50811,0.13205,3.84772
OG0008036,Wa,4.63909,0.1898,24.44194
OG0008036,Wo,4.66835,0.2014,23.17924
OG0008036,Sp,0.0472,0.04042,1.16764
OG0008038,La,0.04951,0.08563,0.57814
OG0008038,Laeq,0.06061,0.1602,0.37837
OG0008038,Lgib,0.05436,0.13709,0.39655
OG0008038,Wa,0.07485,0.1786,0.41912
OG0008038,Wo,0.07542,0.2077,0.3631
OG0008038,Sp,0.13193,0.05002,2.63778
OG0008040,La,0.06112,0.14381,0.42498
OG0008040,Wa,0.14036,0.11425,1.22854
OG0008040,Wo,0.13062,0.17871,0.73089
OG0008040,Laeq,0.14604,0.17245,0.84683
OG0008040,Lgib,227.59932,0.11535,1973.13851
OG0008040,Sp,0.01022,0.04015,0.25462
OG0008043,La,2.46792,0.1075,22.95768
OG0008043,Sp,33.03764,0.17604,187.66792
OG0008043,Laeq,0.31379,0.11155,2.813
OG0008043,Lgib,0.11498,0.09132,1.25913
OG0008043,Wa,0.1528,0.22371,0.68303
OG0008043,Wo,0.7246,0.22727,3.18831
OG0008048,La,0.09124,0.12775,0.71416
OG0008048,Laeq,0.12333,0.3431,0.35947
OG0008048,Lgib,0.0899,0.17123,0.52501
OG0008048,Wa,0.30239,0.26566,1.13826
OG0008048,Wo,0.3471,0.42647,0.81388
OG0008048,Sp,0.02175,0.02112,1.03008
OG0008049,La,0.06279,0.10865,0.57793
OG0008049,Laeq,0.10197,0.20158,0.50587
OG0008049,Lgib,0.06783,0.10546,0.64323
OG0008049,Wa,0.07449,0.15396,0.48384
OG0008049,Wo,0.08402,0.20714,0.40561
OG0008049,Sp,0.0172,0.03997,0.43042
OG0008050,La,0.0333,0.10734,0.31024
OG0008050,Laeq,1.85677,0.21342,8.70019
OG0008050,Lgib,1.94984,0.13627,14.30871
OG0008050,Wa,0.07556,0.19243,0.39264
OG0008050,Wo,2.88353,0.21979,13.11961
OG0008050,Sp,0.2506,0.0322,7.782
OG0008056,La,0.08203,0.09415,0.8713
OG0008056,Laeq,0.15618,0.14751,1.05881
OG0008056,Lgib,0.10367,0.10082,1.02826
OG0008056,Wa,0.32746,0.1613,2.03012
OG0008056,Wo,3.99477,0.20093,19.88133
OG0008056,Sp,0.05263,0.03905,1.34797
OG0008057,La,0.02225,0.14351,0.15505
OG0008057,Wa,0.03328,0.18773,0.17726
OG0008057,Wo,0.04906,0.19843,0.24722
OG0008057,Laeq,0.03603,0.16391,0.21984
OG0008057,Lgib,0.02857,0.15259,0.18723
OG0008057,Sp,0.00978,0.03017,0.32415
OG0008062,La,0.07888,0.12935,0.60985
OG0008062,Laeq,0.14356,0.23692,0.60595
OG0008062,Lgib,0.11267,0.10173,1.10747
OG0008062,Wa,0.09085,0.16408,0.55372
OG0008062,Wo,0.07165,0.21874,0.32756
OG0008062,Sp,0.03922,0.0661,0.59333
OG0008068,La,0.03499,0.14188,0.24663
OG0008068,Laeq,0.04672,0.21513,0.21718
OG0008068,Lgib,0.03911,0.1925,0.20316
OG0008068,Wa,0.05485,0.20179,0.27183
OG0008068,Wo,1.76261,0.23138,7.61768
OG0008068,Sp,0.0117,0.03947,0.2964
OG0008069,La,388.79024,0.11746,3310.01773
OG0008069,Laeq,389.1265,0.16935,2297.70037
OG0008069,Lgib,388.95403,0.1747,2226.44246
OG0008069,Wa,399.50685,0.20472,1951.51793
OG0008069,Wo,399.53153,0.21601,1849.60629
OG0008069,Sp,0.01243,0.04797,0.25906
OG0008071,La,4.41,0.13488,32.69494
OG0008071,Laeq,0.34809,0.22278,1.56247
OG0008071,Lgib,0.2792,0.22986,1.21465
OG0008071,Wa,0.56888,0.18718,3.03921
OG0008071,Wo,0.29217,0.22393,1.30472
OG0008071,Sp,0.04141,0.03965,1.04433
OG0008075,La,0.08208,0.16037,0.51185
OG0008075,Laeq,0.21642,0.31622,0.6844
OG0008075,Lgib,0.39841,0.28414,1.40216
OG0008075,Wa,19.9918,0.27605,72.42057
OG0008075,Wo,20.01844,0.42334,47.28647
OG0008075,Sp,0.79678,0.08882,8.97091
OG0008077,La,0.48499,0.08489,5.71342
OG0008077,Laeq,5.86678,0.15017,39.06712
OG0008077,Lgib,0.07832,0.16572,0.47262
OG0008077,Wa,0.03187,0.14985,0.2127
OG0008077,Wo,0.09731,0.18846,0.51637
OG0008077,Sp,0.01024,0.05043,0.20305
OG0008078,La,0.03637,0.11497,0.31632
OG0008078,Laeq,0.05107,0.17843,0.28625
OG0008078,Lgib,0.04271,0.15575,0.27421
OG0008078,Wa,0.06547,0.19473,0.33622
OG0008078,Wo,0.07919,0.21375,0.37047
OG0008078,Sp,0.00896,0.03878,0.23098
OG0008079,La,0.02648,0.11447,0.23129
OG0008079,Sp,0.05578,0.15724,0.35472
OG0008079,Laeq,0.11834,0.22398,0.52836
OG0008079,Lgib,0.12535,0.22529,0.55639
OG0008079,Wa,0.05606,0.19907,0.2816
OG0008079,Wo,0.07831,0.30611,0.25582
OG0008081,La,2.45505,0.09592,25.59436
OG0008081,Laeq,2.26375,0.17278,13.102
OG0008081,Lgib,2.18422,0.15057,14.50621
OG0008081,Wa,5.77974,0.19782,29.21712
OG0008081,Wo,5.91605,0.19296,30.65975
OG0008081,Sp,0.00526,0.04089,0.1287
OG0008082,La,0.075,0.16182,0.4635
OG0008082,Laeq,6.40601,0.23519,27.23805
OG0008082,Lgib,6.27805,0.2565,24.47619
OG0008082,Wa,0.56654,0.26468,2.14046
OG0008082,Wo,1.14577,0.29679,3.86054
OG0008082,Sp,0.03725,0.0137,2.7193
OG0008095,La,0.06296,0.11475,0.54863
OG0008095,Laeq,0.12538,0.25928,0.4836
OG0008095,Lgib,0.1392,0.20149,0.69083
OG0008095,Wa,6.28374,0.29808,21.08042
OG0008095,Wo,6.17699,0.46229,13.36173
OG0008095,Sp,0.03338,0.04185,0.79757
OG0008101,La,0.11947,0.11091,1.07716
OG0008101,Laeq,0.2149,0.21247,1.01141
OG0008101,Lgib,0.20733,0.20158,1.0285
OG0008101,Wa,0.73004,0.18749,3.89377
OG0008101,Wo,0.68459,0.25867,2.64662
OG0008101,Sp,0.05865,0.07061,0.83073
OG0008103,La,0.06937,0.11179,0.62056
OG0008103,Laeq,0.0921,0.16695,0.55163
OG0008103,Lgib,0.07571,0.13058,0.57978
OG0008103,Wa,0.12632,0.19631,0.64349
OG0008103,Wo,1.28836,0.28569,4.50964
OG0008103,Sp,0.00747,0.05586,0.13377
OG0008106,La,0.0552,0.18547,0.29762
OG0008106,Laeq,0.0838,0.1957,0.42822
OG0008106,Lgib,0.07821,0.24994,0.3129
OG0008106,Wa,0.12779,0.16783,0.76143
OG0008106,Wo,0.11171,0.20769,0.53784
OG0008106,Sp,0.02392,0.04345,0.55047
OG0008107,La,0.04303,0.19662,0.21886
OG0008107,Laeq,1.56073,0.25207,6.19178
OG0008107,Lgib,1.50534,0.20645,7.29154
OG0008107,Wa,0.0741,0.18722,0.39579
OG0008107,Wo,0.08566,0.23292,0.36778
OG0008107,Sp,0.02044,0.025,0.81736
OG0008108,La,0.45577,0.09785,4.65771
OG0008108,Laeq,0.22749,0.22443,1.01367
OG0008108,Lgib,0.21351,0.21838,0.97773
OG0008108,Wa,0.43661,0.29331,1.48854
OG0008108,Wo,0.40195,0.36984,1.08682
OG0008108,Sp,0.02332,0.04396,0.53052
OG0008110,La,0.04323,0.13406,0.32248
OG0008110,Laeq,0.08493,0.18525,0.45846
OG0008110,Lgib,0.05895,0.1049,0.56194
OG0008110,Wa,0.1078,0.21227,0.50782
OG0008110,Wo,0.12423,0.23979,0.5181
OG0008110,Sp,0.08484,0.04621,1.83605
OG0008112,La,0.04667,0.12598,0.3705
OG0008112,Laeq,1.45044,0.18583,7.80533
OG0008112,Lgib,0.05369,0.17741,0.30262
OG0008112,Wa,0.07476,0.20345,0.36746
OG0008112,Wo,1.98037,0.20811,9.51592
OG0008112,Sp,0.00854,0.02691,0.31751
OG0008113,La,1.37404,0.1595,8.61488
OG0008113,Laeq,1.40041,0.21846,6.41022
OG0008113,Lgib,1.38083,0.19021,7.25949
OG0008113,Wa,1.65736,0.18111,9.15108
OG0008113,Wo,1.68418,0.27804,6.05725
OG0008113,Sp,0.01979,0.0326,0.60703
OG0008116,La,0.53623,0.09586,5.59374
OG0008116,Laeq,22.46974,0.1675,134.14456
OG0008116,Lgib,22.57386,0.13356,169.01044
OG0008116,Wa,10.40009,0.19625,52.99352
OG0008116,Wo,3.50356,0.25971,13.49012
OG0008116,Sp,0.02785,0.04658,0.59803
OG0008119,La,0.05931,0.10722,0.55315
OG0008119,Laeq,0.22113,0.24667,0.89646
OG0008119,Lgib,0.0734,0.1721,0.4265
OG0008119,Wa,0.19229,0.21286,0.90337
OG0008119,Wo,0.28034,0.29629,0.94615
OG0008119,Sp,0.00887,0.04766,0.18621
OG0008120,La,0.07326,0.08207,0.89266
OG0008120,Laeq,6.51226,0.17866,36.44973
OG0008120,Lgib,7.30154,0.1244,58.69218
OG0008120,Wa,0.58243,0.17691,3.29216
OG0008120,Wo,0.60144,0.18685,3.21888
OG0008120,Sp,0.01511,0.03295,0.45855
OG0008121,La,0.06596,0.14528,0.45401
OG0008121,Laeq,3.14641,0.25011,12.5802
OG0008121,Lgib,5.44347,0.19433,28.01123
OG0008121,Wa,0.20215,0.21707,0.93127
OG0008121,Wo,0.39163,0.29863,1.31144
OG0008121,Sp,0.03213,0.07191,0.44685
OG0008122,La,0.04731,0.06299,0.75106
OG0008122,Laeq,0.11979,0.25386,0.4719
OG0008122,Lgib,0.07596,0.19952,0.3807
OG0008122,Wo,0.10138,0.28199,0.35953
OG0008122,Wa,0.06438,0.11786,0.54627
OG0008122,Sp,7.90851,0.06096,129.73691
OG0008123,La,0.03086,0.04817,0.64057
OG0008123,Laeq,0.06302,0.16834,0.37438
OG0008123,Wa,0.18457,0.25516,0.72336
OG0008123,Wo,0.1751,0.25327,0.69138
OG0008123,Lgib,0.05545,0.11329,0.4895
OG0008123,Sp,0.02802,0.11513,0.2434
OG0008127,La,1.4785,0.10919,13.54103
OG0008127,Laeq,0.07287,0.18935,0.38484
OG0008127,Lgib,0.05815,0.18332,0.31717
OG0008127,Wa,0.09983,0.1923,0.51914
OG0008127,Wo,0.11286,0.19419,0.5812
OG0008127,Sp,0.02728,0.01922,1.41902
OG0008128,Laeq,0.06137,0.14992,0.40934
OG0008128,Lgib,0.04476,0.13871,0.32268
OG0008128,Wa,0.06065,0.09869,0.61459
OG0008128,Wo,0.07545,0.11975,0.63009
OG0008128,Sp,0.0121,0.03127,0.38703
OG0008129,La,0.05631,0.17219,0.32704
OG0008129,Laeq,0.05538,0.22309,0.24824
OG0008129,Wa,0.08112,0.11909,0.6812
OG0008129,Wo,1007.42835,0.18753,5372.07844
OG0008129,Sp,0.02018,0.02847,0.70887
OG0008130,La,0.12294,0.13752,0.89394
OG0008130,Laeq,0.20002,0.2177,0.91879
OG0008130,Lgib,0.14928,0.19495,0.76575
OG0008130,Wa,0.61897,0.28698,2.15683
OG0008130,Sp,51.68531,0.03679,1404.78831
OG0008134,Laeq,0.14607,0.21722,0.67248
OG0008134,Lgib,0.12231,0.30611,0.39957
OG0008134,Wa,0.25083,0.26979,0.92974
OG0008134,Wo,0.22885,0.36632,0.62472
OG0008134,Sp,0.01202,0.07669,0.15679
OG0008137,La,0.02376,0.18358,0.12945
OG0008137,Lgib,0.02641,0.14824,0.17816
OG0008137,Laeq,0.06303,0.17072,0.36919
OG0008137,Wa,18.7499,0.22006,85.20326
OG0008137,Wo,0.03379,0.22475,0.15036
OG0008137,Sp,0.01064,0.04155,0.256
OG0008138,La,0.30347,0.17744,1.71032
OG0008138,Lgib,0.24576,0.22613,1.0868
OG0008138,Wa,0.25794,0.25555,1.00935
OG0008138,Wo,5.31252,0.24038,22.10085
OG0008138,Sp,0.01802,0.02175,0.82837
OG0008142,La,0.61541,0.18609,3.30711
OG0008142,Laeq,3.36876,0.3253,10.35572
OG0008142,Lgib,69.67413,0.28005,248.78994
OG0008142,Wa,0.74289,0.23629,3.144
OG0008142,Wo,0.76114,0.34099,2.23213
OG0008142,Sp,0.52179,0.02498,20.88463
OG0008144,La,642.38548,0.12231,5252.07973
OG0008144,Wa,658.1738,0.21648,3040.40451
OG0008144,Wo,646.88126,0.25494,2537.40418
OG0008144,Laeq,642.52729,0.26727,2404.0391
OG0008144,Lgib,644.99916,0.19161,3366.14828
OG0008144,Sp,0.04721,0.05447,0.86671
OG0008145,La,0.04815,0.10295,0.46775
OG0008145,Laeq,0.10905,0.1344,0.8114
OG0008145,Lgib,0.08084,0.10814,0.74756
OG0008145,Wa,0.10718,0.11513,0.93093
OG0008145,Wo,0.84834,0.17344,4.89118
OG0008145,Sp,4.5894,0.08515,53.89656
OG0008146,La,1.83771,0.10138,18.12741
OG0008146,Laeq,7.89623,0.18209,43.36498
OG0008146,Lgib,2.13,0.14438,14.75229
OG0008146,Wa,0.41451,0.13051,3.17602
OG0008146,Wo,0.66477,0.20721,3.20816
OG0008146,Sp,0.02499,0.04281,0.58365
OG0008147,La,0.22777,0.10048,2.2668
OG0008147,Laeq,4.03712,0.18761,21.51844
OG0008147,Lgib,1.96475,0.15085,13.02472
OG0008147,Wa,1.30444,0.21448,6.08192
OG0008147,Wo,17.95894,0.24825,72.34241
OG0008147,Sp,0.08378,0.02766,3.02889
OG0008150,La,0.01764,0.1183,0.14908
OG0008150,Laeq,0.02031,0.20817,0.09755
OG0008150,Lgib,14.13469,0.17347,81.48117
OG0008150,Wa,0.01639,0.15561,0.10532
OG0008150,Wo,0.0218,0.21635,0.10076
OG0008150,Sp,0.00405,0.02163,0.18735
OG0008152,La,0.06883,0.0977,0.70454
OG0008152,Laeq,0.11469,0.1626,0.70535
OG0008152,Lgib,0.07364,0.12938,0.56917
OG0008152,Wa,0.39426,0.18798,2.09737
OG0008152,Wo,0.17456,0.19053,0.91621
OG0008152,Sp,0.02194,0.02629,0.8347
OG0008153,La,0.1232,0.12515,0.98437
OG0008153,Laeq,0.17121,0.29176,0.58681
OG0008153,Lgib,0.12652,0.23783,0.53196
OG0008153,Wa,0.14855,0.21184,0.70124
OG0008153,Wo,0.19138,0.24587,0.77836
OG0008153,Sp,0.01309,0.03961,0.33053
OG0008156,La,4.11083,0.09695,42.40366
OG0008156,Laeq,4.21939,0.17541,24.05444
OG0008156,Lgib,4.17409,0.12953,32.22583
OG0008156,Wa,4.21039,0.17672,23.82583
OG0008156,Wo,4.81245,0.17135,28.08584
OG0008156,Sp,0.06043,0.05087,1.18807
OG0008163,La,0.09969,0.16896,0.59005
OG0008163,Laeq,0.2047,0.23915,0.85592
OG0008163,Lgib,0.18933,0.2261,0.83737
OG0008163,Wa,0.09257,0.2405,0.38492
OG0008163,Wo,0.11598,0.2699,0.4297
OG0008163,Sp,0.59321,0.01914,30.99006
OG0008164,La,0.08454,0.12366,0.68363
OG0008164,Laeq,9.90853,0.2069,47.88948
OG0008164,Lgib,7.31751,0.15766,46.41367
OG0008164,Wa,15.93126,0.22924,69.4951
OG0008164,Wo,9.11859,0.25218,36.15918
OG0008164,Sp,0.03839,0.10873,0.35311
OG0008165,La,0.08078,0.14623,0.55243
OG0008165,Laeq,0.23328,0.32286,0.72253
OG0008165,Lgib,0.09798,0.25542,0.3836
OG0008165,Wa,1.65567,0.20705,7.99659
OG0008165,Wo,1.66749,0.23601,7.06523
OG0008165,Sp,0.0587,0.02541,2.31002
OG0008166,La,0.07577,0.16286,0.46526
OG0008166,Laeq,0.12159,0.20052,0.60636
OG0008166,Lgib,0.11698,0.17338,0.6747
OG0008166,Wa,0.06591,0.21378,0.30833
OG0008166,Wo,0.09067,0.27581,0.32876
OG0008166,Sp,0.011,0.04763,0.23092
OG0008168,La,2.45969,0.07567,32.50383
OG0008168,Laeq,2.50885,0.22096,11.35434
OG0008168,Lgib,2.50528,0.18182,13.77891
OG0008168,Wa,5.18039,0.22061,23.48205
OG0008168,Wo,2.58816,0.29951,8.64127
OG0008168,Sp,0.05199,0.04451,1.16807
OG0008170,La,1.32752,0.14456,9.18324
OG0008170,Wa,0.08857,0.13329,0.66446
OG0008170,Wo,0.13953,0.19051,0.73239
OG0008170,Laeq,0.07276,0.17132,0.42472
OG0008170,Lgib,0.0736,0.11556,0.6369
OG0008170,Sp,0.0172,0.02913,0.59045
OG0008172,La,0.15835,0.1357,1.16689
OG0008172,Laeq,3.46481,0.20567,16.84622
OG0008172,Lgib,0.13181,0.15506,0.85006
OG0008172,Wa,2.68972,0.18224,14.75886
OG0008172,Wo,5.86833,0.22345,26.2622
OG0008172,Sp,0.01832,0.04239,0.43204
OG0008174,La,0.03433,0.09634,0.35633
OG0008174,Lgib,0.06196,0.18618,0.33279
OG0008174,Wa,0.11149,0.15419,0.72307
OG0008174,Wo,0.08303,0.19715,0.42116
OG0008174,Sp,0.00837,0.03944,0.21222
OG0008175,La,0.07976,0.11577,0.68895
OG0008175,Laeq,0.20288,0.17194,1.17993
OG0008175,Lgib,0.14679,0.12115,1.21166
OG0008175,Wa,0.16872,0.19936,0.84632
OG0008175,Wo,0.44434,0.25447,1.74617
OG0008175,Sp,2.00936,0.02457,81.76918
OG0008176,La,0.19159,0.11514,1.66394
OG0008176,Laeq,2.41115,0.19941,12.09164
OG0008176,Lgib,2.39925,0.1492,16.08104
OG0008176,Wa,0.19173,0.19791,0.96878
OG0008176,Wo,0.19378,0.21174,0.91518
OG0008176,Sp,0.03847,0.06156,0.62489
OG0008183,La,0.03661,0.12764,0.28681
OG0008183,Laeq,0.06228,0.22489,0.27693
OG0008183,Lgib,0.05197,0.20576,0.25259
OG0008183,Wa,1.3386,0.17074,7.84011
OG0008183,Wo,1.34881,0.19947,6.76185
OG0008183,Sp,1.83136,0.05969,30.68216
OG0008187,La,0.0722,0.12915,0.55904
OG0008187,Laeq,0.20356,0.1972,1.03222
OG0008187,Lgib,0.18644,0.16975,1.09831
OG0008187,Wa,0.12515,0.19175,0.65264
OG0008187,Wo,0.16673,0.22793,0.73151
OG0008187,Sp,0.01928,0.04146,0.46505
OG0008191,La,0.0555,0.1473,0.37679
OG0008191,Wa,0.1006,0.21546,0.46689
OG0008191,Wo,0.11505,0.25526,0.45074
OG0008191,Laeq,0.08085,0.18062,0.44763
OG0008191,Lgib,0.0566,0.15822,0.35774
OG0008191,Sp,0.01297,0.02149,0.60381
OG0008196,La,0.1967,0.14868,1.32295
OG0008196,Laeq,0.15907,0.20446,0.77798
OG0008196,Lgib,0.13344,0.1716,0.77767
OG0008196,Wa,0.11432,0.22353,0.51143
OG0008196,Wo,0.13527,0.29001,0.46643
OG0008196,Sp,0.03825,0.01396,2.74118
OG0008197,La,0.22906,0.10281,2.22811
OG0008197,Laeq,0.06919,0.19137,0.36154
OG0008197,Lgib,0.062,0.13887,0.44645
OG0008197,Wa,0.08822,0.16714,0.52779
OG0008197,Wo,2.49734,0.1799,13.88171
OG0008197,Sp,0.02226,0.03948,0.56392
OG0008199,La,3.68736,0.15523,23.7539
OG0008199,Laeq,2.0948,0.24612,8.51122
OG0008199,Lgib,0.21709,0.22268,0.9749
OG0008199,Wa,23.01284,0.26653,86.34217
OG0008199,Wo,0.7142,0.27314,2.61474
OG0008199,Sp,0.03551,0.02171,1.63537
OG0008200,La,3.55258,0.14298,24.84684
OG0008200,Lgib,0.09607,0.20426,0.47032
OG0008200,Wa,3.90307,0.21549,18.11219
OG0008200,Wo,0.20405,0.31306,0.65177
OG0008200,Sp,0.03933,0.01158,3.39564
OG0008205,La,0.1928,0.09579,2.01279
OG0008205,Laeq,0.103,0.21017,0.49007
OG0008205,Lgib,0.07876,0.14424,0.54604
OG0008205,Wa,0.11101,0.20045,0.5538
OG0008205,Wo,0.11254,0.20959,0.53696
OG0008205,Sp,0.02921,0.09312,0.31364
OG0008206,La,0.07708,0.10237,0.75295
OG0008206,Wa,34.93278,0.26102,133.83062
OG0008206,Wo,0.1297,0.27688,0.46844
OG0008206,Laeq,0.13138,0.2179,0.60295
OG0008206,Lgib,0.10618,0.17256,0.61535
OG0008206,Sp,2.49155,0.03206,77.71506
OG0008210,La,0.1519,0.10755,1.41242
OG0008210,Laeq,0.22059,0.20684,1.06649
OG0008210,Lgib,0.09557,0.14696,0.65031
OG0008210,Sp,6.01848,0.06702,89.80349
OG0008210,Wa,0.02459,0.11097,0.22157
OG0008210,Wo,0.09426,0.12923,0.72941
OG0008211,La,0.09588,0.11596,0.82686
OG0008211,Laeq,10.39848,0.2164,48.05311
OG0008211,Lgib,0.13192,0.1661,0.7942
OG0008211,Wa,0.21985,0.23401,0.9395
OG0008211,Wo,10.41182,0.33951,30.66698
OG0008211,Sp,0.28735,0.02993,9.60164
OG0008212,La,0.13108,0.08953,1.46403
OG0008212,Laeq,0.79924,0.18266,4.37554
OG0008212,Lgib,0.77636,0.14296,5.43049
OG0008212,Wo,0.57987,0.21733,2.66809
OG0008212,Sp,0.314,0.05071,6.1923
OG0008214,La,0.07485,0.12659,0.59124
OG0008214,Laeq,0.15069,0.18834,0.80008
OG0008214,Lgib,0.13402,0.17324,0.77362
OG0008214,Wa,0.21571,0.20911,1.03157
OG0008214,Wo,7.95518,0.21653,36.74006
OG0008214,Sp,0.04271,0.02001,2.13428
OG0008216,La,8.18393,0.11714,69.86377
OG0008216,Lgib,11.38961,0.16998,67.00442
OG0008216,Wa,8.20981,0.22886,35.87255
OG0008216,Wo,8.88407,0.27313,32.52665
OG0008216,Sp,0.01644,0.0577,0.28492
OG0008217,La,0.20316,0.11084,1.83291
OG0008217,Laeq,0.51525,0.20383,2.5279
OG0008217,Lgib,0.46022,0.16011,2.87432
OG0008217,Wa,0.71626,0.18504,3.87092
OG0008217,Wo,0.51812,0.20146,2.57185
OG0008217,Sp,0.09444,0.04829,1.9558
OG0008218,La,0.08918,0.1426,0.62538
OG0008218,Laeq,0.12842,0.26421,0.48607
OG0008218,Lgib,0.10784,0.17803,0.60573
OG0008218,Wa,0.11137,0.2309,0.48235
OG0008218,Sp,0.0266,0.0563,0.47235
OG0008219,La,0.03536,0.12184,0.29023
OG0008219,Laeq,0.65442,0.25264,2.59031
OG0008219,Lgib,0.64813,0.21144,3.06534
OG0008219,Sp,26.30013,0.10736,244.97545
OG0008219,Wa,0.0662,0.17515,0.37796
OG0008219,Wo,0.12753,0.17646,0.72268
OG0008228,La,0.70435,0.12157,5.7937
OG0008228,Laeq,0.93683,0.1376,6.8085
OG0008228,Lgib,0.79628,0.12804,6.21883
OG0008228,Wa,3.99367,0.17088,23.37167
OG0008228,Wo,0.79303,0.18681,4.24516
OG0008228,Sp,0.03699,0.04387,0.84323
OG0008232,La,0.04154,0.12475,0.333
OG0008232,Laeq,0.07531,0.24415,0.30847
OG0008232,Lgib,0.05267,0.15732,0.33478
OG0008232,Wa,0.06903,0.17969,0.38417
OG0008232,Wo,0.06179,0.18305,0.33753
OG0008232,Sp,0.01597,0.03077,0.51906
OG0008233,La,0.07318,0.12886,0.56789
OG0008233,Laeq,0.2302,0.29443,0.78186
OG0008233,Lgib,0.13904,0.24684,0.56328
OG0008233,Wa,0.19786,0.38614,0.51241
OG0008233,Wo,0.20587,0.35641,0.57763
OG0008233,Sp,0.03392,0.05755,0.58936
OG0008235,La,0.06016,0.11887,0.50611
OG0008235,Laeq,0.12973,0.20033,0.64761
OG0008235,Lgib,0.11338,0.15977,0.70966
OG0008235,Wa,0.16575,0.23758,0.69765
OG0008235,Wo,0.2554,0.42981,0.59422
OG0008235,Sp,0.02324,0.06752,0.34418
OG0008237,La,0.09515,0.13404,0.70987
OG0008237,Laeq,0.07806,0.25293,0.30861
OG0008237,Lgib,0.05055,0.16385,0.30848
OG0008237,Wa,3.54253,0.16093,22.01342
OG0008237,Wo,5.47215,0.21086,25.95215
OG0008237,Sp,0.06537,0.04752,1.37582
OG0008243,La,0.06392,0.14613,0.43737
OG0008243,Wa,0.42824,0.18248,2.34678
OG0008243,Wo,1.66626,0.25224,6.60585
OG0008243,Laeq,0.0974,0.14364,0.67811
OG0008243,Lgib,0.09437,0.11797,0.79996
OG0008243,Sp,0.03184,0.04877,0.65289
OG0008251,La,0.06699,0.1159,0.57796
OG0008251,Laeq,0.14481,0.20534,0.7052
OG0008251,Lgib,0.10921,0.16261,0.6716
OG0008251,Wa,0.11511,0.1811,0.63565
OG0008251,Wo,0.15299,0.18518,0.82616
OG0008251,Sp,0.02369,0.03535,0.67025
OG0008254,La,0.21806,0.11108,1.9632
OG0008254,Wa,0.0548,0.2022,0.27103
OG0008254,Wo,0.07813,0.27336,0.28582
OG0008254,Laeq,0.07387,0.22023,0.33544
OG0008254,Lgib,0.0461,0.13292,0.34684
OG0008254,Sp,1.40016,0.04903,28.55439
OG0008258,La,8.93257,0.11144,80.15655
OG0008258,Laeq,8.95446,0.17451,51.31155
OG0008258,Lgib,8.9513,0.13728,65.20262
OG0008258,Wa,8.94972,0.18632,48.03475
OG0008258,Wo,8.97509,0.26135,34.34079
OG0008258,Sp,8.8313,0.04417,199.95436
OG0008259,La,0.09699,0.1207,0.8036
OG0008259,Laeq,0.11852,0.22179,0.53437
OG0008259,Lgib,0.11357,0.23281,0.48783
OG0008259,Wa,0.41245,0.20263,2.03553
OG0008259,Wo,0.22618,0.30372,0.74469
OG0008259,Sp,0.03875,0.04516,0.85805
OG0008270,La,2.56205,0.16982,15.08672
OG0008270,Laeq,5.21358,0.29926,17.42162
OG0008270,Lgib,5.12961,0.2166,23.6826
OG0008270,Wa,0.12481,0.24954,0.50014
OG0008270,Wo,0.2929,0.36213,0.80881
OG0008270,Sp,0.08045,0.03441,2.33803
OG0008271,La,0.26269,0.15445,1.70082
OG0008271,Laeq,0.79716,0.33412,2.38582
OG0008271,Lgib,0.39299,0.23708,1.65765
OG0008271,Wa,3.0007,0.25968,11.55536
OG0008271,Wo,2.99068,0.31321,9.54835
OG0008271,Sp,0.0507,0.0489,1.03678
OG0008272,La,0.04118,0.10344,0.39811
OG0008272,Laeq,0.0554,0.19381,0.28585
OG0008272,Lgib,0.03916,0.16666,0.23495
OG0008272,Wa,2.12667,0.1754,12.1247
OG0008272,Wo,0.08228,0.21455,0.38348
OG0008272,Sp,0.01111,0.02359,0.47095
OG0008274,La,0.03101,0.16029,0.19344
OG0008274,Sp,0.2605,0.09873,2.63852
OG0008274,Laeq,0.42776,0.2045,2.09176
OG0008274,Lgib,0.18355,0.16275,1.12779
OG0008274,Wa,1.78052,0.19312,9.21968
OG0008274,Wo,1.99825,0.27248,7.33363
OG0008278,La,0.08372,0.24042,0.34821
OG0008278,Laeq,12.99753,0.3331,39.02046
OG0008278,Lgib,0.10703,0.34188,0.31307
OG0008278,Wa,0.16009,0.32515,0.49235
OG0008278,Wo,1.67053,0.417,4.00608
OG0008278,Sp,7.45243,0.01996,373.27791
OG0008281,La,0.06261,0.12367,0.50626
OG0008281,Laeq,0.07843,0.2194,0.35747
OG0008281,Lgib,0.06311,0.14277,0.44206
OG0008281,Wa,226.78217,0.16382,1384.33382
OG0008281,Wo,226.79755,0.21703,1045.00719
OG0008281,Sp,0.0215,0.04324,0.49729
OG0008283,La,1.49036,0.13668,10.90388
OG0008283,Laeq,0.19629,0.22618,0.86783
OG0008283,Lgib,0.13253,0.15879,0.83459
OG0008283,Wa,0.22247,0.19061,1.1672
OG0008283,Wo,7.00173,0.28754,24.35024
OG0008283,Sp,0.04371,0.04477,0.97639
OG0008287,La,0.03809,0.08299,0.45893
OG0008287,Laeq,0.96161,0.18491,5.2004
OG0008287,Lgib,0.89077,0.17267,5.15869
OG0008287,Wa,0.88958,0.26699,3.33187
OG0008287,Wo,0.90374,0.35181,2.56881
OG0008287,Sp,639.19188,0.0714,8952.32195
OG0008289,La,0.01373,0.10822,0.12688
OG0008289,Laeq,0.03501,0.18597,0.18824
OG0008289,Lgib,0.02009,0.15362,0.1308
OG0008289,Wa,0.02648,0.11491,0.23049
OG0008289,Wo,0.07579,0.17215,0.44029
OG0008289,Sp,0.00441,0.04202,0.10498
OG0008290,La,0.06233,0.11067,0.56319
OG0008290,Lgib,0.08222,0.14086,0.58373
OG0008290,Sp,1.04004,0.10211,10.18589
OG0008290,Wa,19.91935,0.16358,121.76946
OG0008290,Wo,27.04311,0.15512,174.33333
OG0008291,La,0.06057,0.13511,0.4483
OG0008291,Laeq,0.17561,0.1723,1.01925
OG0008291,Lgib,0.14866,0.16717,0.88926
OG0008291,Wa,0.11961,0.20607,0.58043
OG0008291,Wo,0.36828,0.20966,1.75652
OG0008291,Sp,10.31297,0.01008,1023.27203
OG0008292,La,0.03804,0.12928,0.29424
OG0008292,Laeq,0.08099,0.20395,0.39712
OG0008292,Lgib,0.06924,0.13198,0.5246
OG0008292,Wa,0.07178,0.18701,0.38383
OG0008292,Wo,0.10258,0.21765,0.47132
OG0008292,Sp,0.55826,0.05086,10.97627
OG0008294,La,5.58622,0.11542,48.39972
OG0008294,Laeq,5.64422,0.23862,23.65371
OG0008294,Lgib,5.71945,0.22793,25.09275
OG0008294,Wa,6.00602,0.44378,13.53385
OG0008294,Wo,5.814,0.49727,11.69183
OG0008294,Sp,0.07097,0.02177,3.25977
OG0008296,La,0.06719,0.114,0.58939
OG0008296,Laeq,0.03758,0.16715,0.22484
OG0008296,Lgib,0.02915,0.11746,0.24814
OG0008296,Wa,0.0498,0.16283,0.30584
OG0008296,Wo,0.06596,0.22824,0.289
OG0008296,Sp,0.04402,0.03942,1.11682
OG0008298,La,0.04807,0.1363,0.35265
OG0008298,Wa,0.07929,0.21247,0.37316
OG0008298,Wo,2.01855,0.27017,7.47134
OG0008298,Lgib,0.04029,0.21857,0.18434
OG0008298,Sp,0.01741,0.04229,0.41181
OG0008302,La,17.19354,0.16419,104.71659
OG0008302,Laeq,0.07599,0.20977,0.36225
OG0008302,Lgib,1.33454,0.17446,7.64931
OG0008302,Wa,0.06595,0.15091,0.43704
OG0008302,Wo,0.15787,0.17338,0.91056
OG0008302,Sp,0.00602,0.01579,0.38116
OG0008304,La,0.06787,0.25453,0.26663
OG0008304,Laeq,0.08144,0.3815,0.21349
OG0008304,Lgib,0.07103,0.32526,0.21838
OG0008304,Wa,0.09992,0.25783,0.38754
OG0008304,Wo,0.10153,0.28315,0.35859
OG0008304,Sp,0.00689,0.01555,0.44318
OG0008308,La,0.11301,0.11969,0.94413
OG0008308,Laeq,14.8596,0.2023,73.45262
OG0008308,Lgib,0.14873,0.19929,0.74631
OG0008308,Wa,0.52187,0.21365,2.44261
OG0008308,Wo,0.60582,0.39172,1.54656
OG0008308,Sp,13.38811,0.0439,304.95391
OG0008309,La,11.21705,0.12238,91.65668
OG0008309,Laeq,0.19335,0.17607,1.09813
OG0008309,Lgib,0.16651,0.15987,1.04155
OG0008309,Wa,0.43969,0.19333,2.27423
OG0008309,Wo,0.73709,0.21023,3.50606
OG0008309,Sp,11.73133,0.04214,278.41056
OG0008311,La,0.30232,0.24377,1.24021
OG0008311,Laeq,0.36977,0.3978,0.92953
OG0008311,Lgib,0.34637,0.2924,1.18456
OG0008311,Wa,0.48398,0.32157,1.50505
OG0008311,Wo,0.362,0.45202,0.80084
OG0008311,Sp,1.27476,0.01486,85.77402
OG0008313,La,0.09622,0.13536,0.71085
OG0008313,Laeq,4.60907,0.20775,22.18621
OG0008313,Lgib,0.09582,0.14821,0.64651
OG0008313,Wa,0.21138,0.19299,1.09525
OG0008313,Wo,0.33534,0.21622,1.55092
OG0008313,Sp,0.0331,0.03505,0.94435
OG0008315,La,0.0,0.08482,0.0
OG0008315,Lgib,0.0,0.20142,0.0
OG0008315,Wa,0.003,0.26311,0.01139
OG0008315,Wo,0.003,0.35038,0.00856
OG0008315,Sp,0.0,0.03328,0.0
OG0008318,La,0.10288,0.12674,0.81175
OG0008318,Wa,0.04504,0.18509,0.24336
OG0008318,Wo,0.05603,0.21897,0.25586
OG0008318,Laeq,0.05592,0.24678,0.22659
OG0008318,Lgib,0.0391,0.18935,0.20651
OG0008318,Sp,0.06143,0.03658,1.67941
OG0008319,La,2.71841,0.11185,24.30482
OG0008319,Wa,4.13285,0.12556,32.91505
OG0008319,Wo,4.15366,0.19718,21.06534
OG0008319,Sp,2.72239,0.14391,18.91747
OG0008319,Lgib,2.73224,0.08448,32.34166
OG0008319,Laeq,1.46315,0.03693,39.62084
OG0008320,La,0.13426,0.15943,0.84212
OG0008320,Laeq,0.19221,0.23491,0.81822
OG0008320,Lgib,0.14364,0.19419,0.73966
OG0008320,Wa,0.37633,0.22801,1.65047
OG0008320,Wo,1.46326,0.26017,5.62431
OG0008320,Sp,0.0326,0.03462,0.94155
OG0008323,Laeq,0.15898,0.23068,0.68918
OG0008323,Lgib,20.79834,0.28821,72.16402
OG0008323,Wa,0.19834,0.2737,0.72466
OG0008323,Wo,0.20529,0.25092,0.81814
OG0008323,Sp,0.03939,0.03502,1.12464
OG0008326,La,0.16844,0.11808,1.42646
OG0008326,Laeq,0.3155,0.28995,1.08814
OG0008326,Lgib,0.04896,0.22286,0.21967
OG0008326,Wa,0.14079,0.26145,0.53847
OG0008326,Wo,0.22474,0.62422,0.36003
OG0008326,Sp,0.06442,0.05725,1.12526
OG0008328,La,0.35531,0.15959,2.22644
OG0008328,Laeq,0.28179,0.24584,1.14625
OG0008328,Lgib,0.11255,0.17905,0.62859
OG0008328,Wa,0.11245,0.25388,0.44292
OG0008328,Wo,0.197,0.32744,0.60164
OG0008328,Sp,0.03031,0.06322,0.47947
OG0008329,La,0.04784,0.10381,0.46083
OG0008329,Laeq,0.33231,0.21498,1.54579
OG0008329,Lgib,0.11984,0.14511,0.82589
OG0008329,Wa,0.10161,0.15212,0.66795
OG0008329,Wo,0.43529,0.26872,1.6199
OG0008329,Sp,0.01615,0.04192,0.38522
OG0008331,La,708.57721,0.10574,6701.06302
OG0008331,Laeq,708.639,0.34122,2076.78671
OG0008331,Lgib,712.58596,0.25474,2797.261
OG0008331,Wa,708.6577,0.32363,2189.72648
OG0008331,Wo,708.88201,0.41759,1697.53652
OG0008331,Sp,0.06239,0.09307,0.67032
OG0008332,La,0.05451,0.13248,0.41144
OG0008332,Lgib,0.15318,0.22349,0.68541
OG0008332,Wa,0.07124,0.20748,0.34335
OG0008332,Wo,2.49573,0.2264,11.02352
OG0008332,Sp,0.02091,0.06858,0.30495
OG0008334,La,0.06275,0.08947,0.70139
OG0008334,Laeq,0.11083,0.16955,0.65367
OG0008334,Lgib,0.08882,0.11277,0.78763
OG0008334,Wa,0.4948,0.15884,3.11501
OG0008334,Wo,0.50728,0.20395,2.48733
OG0008334,Sp,0.0123,0.03365,0.36562
OG0008336,La,0.09702,0.18778,0.51665
OG0008336,Laeq,0.18738,0.27972,0.66988
OG0008336,Lgib,1.42218,0.22443,6.33674
OG0008336,Wa,0.26306,0.29989,0.87718
OG0008336,Wo,0.27431,0.34319,0.79931
OG0008336,Sp,0.27596,0.04438,6.21773
OG0008337,La,0.03144,0.11072,0.28395
OG0008337,Laeq,0.05003,0.20019,0.24992
OG0008337,Lgib,0.036,0.14073,0.25581
OG0008337,Wa,0.06187,0.17962,0.34446
OG0008337,Wo,0.13095,0.24004,0.54555
OG0008337,Sp,0.01872,0.04766,0.39277
OG0008338,La,0.18198,0.11705,1.55467
OG0008338,Laeq,0.18474,0.22106,0.8357
OG0008338,Lgib,0.17163,0.18548,0.92534
OG0008338,Wa,0.27177,0.21518,1.26299
OG0008338,Wo,0.30057,0.21009,1.43065
OG0008338,Sp,0.03044,0.03911,0.77819
OG0008339,La,0.02197,0.17587,0.12493
OG0008339,Lgib,1.30995,0.21968,5.96314
OG0008339,Wa,0.01484,0.18268,0.08122
OG0008339,Wo,0.02168,0.18493,0.11721
OG0008339,Sp,0.01179,0.06583,0.17907
OG0008340,La,1.77834,0.18127,9.81065
OG0008340,Laeq,1.74823,0.2052,8.51974
OG0008340,Lgib,1.72674,0.18568,9.29977
OG0008340,Wa,1.69599,0.18078,9.38132
OG0008340,Wo,1.87921,0.20722,9.06884
OG0008340,Sp,0.02516,0.0243,1.03553
OG0008342,La,0.12209,0.19901,0.61347
OG0008342,Laeq,0.41656,0.28679,1.4525
OG0008342,Lgib,0.33443,0.2566,1.30333
OG0008342,Wa,0.36187,0.31762,1.13933
OG0008342,Wo,0.47428,0.34388,1.37921
OG0008342,Sp,0.08873,0.09275,0.95665
OG0008345,La,0.0452,0.08371,0.54004
OG0008345,Laeq,0.2019,0.14829,1.36154
OG0008345,Lgib,25.11223,0.11372,220.82522
OG0008345,Wa,0.16004,0.17201,0.93039
OG0008345,Wo,0.19919,0.20645,0.96482
OG0008345,Sp,0.85366,0.05193,16.4394
OG0008346,La,0.07124,0.20157,0.35346
OG0008346,Laeq,3.16468,0.28222,11.21351
OG0008346,Lgib,3.1755,0.20465,15.51673
OG0008346,Wa,2.44787,0.26738,9.15493
OG0008346,Wo,2.65138,0.31384,8.44811
OG0008346,Sp,0.01267,0.02005,0.63192
OG0008348,La,4.99493,0.10296,48.51524
OG0008348,Laeq,0.13325,0.17966,0.74164
OG0008348,Lgib,0.13046,0.19636,0.6644
OG0008348,Wa,0.12866,0.20627,0.62373
OG0008348,Wo,3.13212,0.2344,13.3622
OG0008348,Sp,0.04422,0.042,1.05297
OG0008349,La,1.31801,0.13569,9.71345
OG0008349,Wa,3.60797,0.19613,18.39594
OG0008349,Wo,3.71005,0.2069,17.93173
OG0008349,Laeq,0.11523,0.19916,0.57856
OG0008349,Lgib,0.0927,0.19821,0.46769
OG0008349,Sp,0.02311,0.03818,0.60547
OG0008351,La,0.20442,0.16188,1.26279
OG0008351,Laeq,1.63779,0.26802,6.1107
OG0008351,Lgib,1.5478,0.20792,7.44436
OG0008351,Wa,0.6231,0.22918,2.71887
OG0008351,Wo,0.66315,0.25497,2.60084
OG0008351,Sp,0.03155,0.04506,0.70023
OG0008352,La,0.02602,0.111,0.23446
OG0008352,Wa,0.0395,0.28192,0.14013
OG0008352,Wo,0.0323,0.36211,0.08921
OG0008352,Laeq,0.04265,0.27488,0.15517
OG0008352,Lgib,0.02728,0.2083,0.13094
OG0008352,Sp,0.00656,0.04568,0.14355
OG0008354,La,1275.46548,0.06128,20813.75594
OG0008354,Laeq,0.20756,0.19755,1.05065
OG0008354,Lgib,0.21998,0.1395,1.57691
OG0008354,Wa,1.29182,0.11956,10.80477
OG0008354,Wo,0.21696,0.21824,0.99416
OG0008354,Sp,0.01771,0.0543,0.32612
OG0008363,La,0.09236,0.1019,0.90637
OG0008363,Laeq,0.59624,0.16346,3.64755
OG0008363,Lgib,1.3995,0.1199,11.67237
OG0008363,Wa,4.82479,0.14494,33.28747
OG0008363,Wo,4.85979,0.23591,20.60034
OG0008363,Sp,0.02925,0.02866,1.02052
OG0008364,La,0.0316,0.12227,0.25845
OG0008364,Laeq,0.06195,0.1845,0.33581
OG0008364,Lgib,0.06115,0.15905,0.38446
OG0008364,Wa,0.06732,0.18917,0.35588
OG0008364,Wo,0.07991,0.24276,0.32917
OG0008364,Sp,0.01866,0.02447,0.76276
OG0008369,La,0.11949,0.15464,0.77264
OG0008369,Laeq,0.19304,0.29584,0.6525
OG0008369,Lgib,0.22489,0.23927,0.93987
OG0008369,Wa,4.7717,0.30986,15.39963
OG0008369,Wo,4.88018,0.31908,15.29442
OG0008369,Sp,0.02801,0.06217,0.45055
OG0008374,La,0.088,0.16394,0.53677
OG0008374,Laeq,0.30012,0.26034,1.15279
OG0008374,Lgib,1.03894,0.23095,4.49852
OG0008374,Wa,1.05195,0.31815,3.30648
OG0008374,Wo,1.73772,0.3999,4.34541
OG0008374,Sp,2.09914,0.03958,53.0394
OG0008375,La,0.07312,0.12745,0.57372
OG0008375,Laeq,0.14267,0.23337,0.61132
OG0008375,Lgib,0.11843,0.19473,0.60817
OG0008375,Wa,7.86443,0.19676,39.96866
OG0008375,Wo,4.87131,0.21503,22.65364
OG0008375,Sp,0.042,0.01269,3.30873
OG0008376,La,0.09902,0.12555,0.7887
OG0008376,Laeq,0.2138,0.24156,0.88507
OG0008376,Lgib,4.60467,0.22247,20.69798
OG0008376,Wa,0.21626,0.24784,0.87261
OG0008376,Wo,0.21411,0.22039,0.9715
OG0008376,Sp,0.0356,0.05059,0.70378
OG0008378,La,13.63642,0.13004,104.86225
OG0008378,Wa,0.14692,0.21835,0.67287
OG0008378,Wo,0.14283,0.40458,0.35303
OG0008378,Laeq,0.10851,0.17389,0.62399
OG0008378,Lgib,8.36957,0.08099,103.33465
OG0008378,Sp,3.26991,0.0728,44.9165
OG0008379,La,1.01251,0.10871,9.31405
OG0008379,Laeq,2.80849,0.18329,15.32262
OG0008379,Lgib,2.77733,0.1392,19.95259
OG0008379,Wa,1.98182,0.19195,10.32443
OG0008379,Wo,1.06559,0.21342,4.99293
OG0008379,Sp,0.05218,0.06795,0.76797
OG0008380,La,0.05009,0.15601,0.32108
OG0008380,Laeq,0.2321,0.23038,1.00749
OG0008380,Lgib,4.25907,0.18291,23.28553
OG0008380,Wa,0.0758,0.23098,0.32816
OG0008380,Wo,0.09179,0.26538,0.34588
OG0008380,Sp,1.42436,0.03044,46.7908
OG0008381,La,0.06914,0.12386,0.55823
OG0008381,Wa,5.99872,0.23758,25.24929
OG0008381,Wo,5.33557,0.28376,18.80331
OG0008381,Laeq,0.12318,0.18422,0.66866
OG0008381,Lgib,0.09359,0.15472,0.60491
OG0008381,Sp,0.22054,0.03662,6.02315
OG0008382,La,0.12633,0.19644,0.64308
OG0008382,Laeq,0.1871,0.2058,0.90912
OG0008382,Lgib,6.28876,0.16307,38.56512
OG0008382,Wa,0.4067,0.18982,2.14255
OG0008382,Wo,0.53436,0.2117,2.52407
OG0008382,Sp,0.02443,0.02722,0.89779
OG0008386,La,0.08372,0.1442,0.58062
OG0008386,Laeq,0.10792,0.18983,0.56852
OG0008386,Lgib,0.07801,0.15684,0.49742
OG0008386,Wa,1.16138,0.15439,7.52256
OG0008386,Wo,1.18954,0.22575,5.2693
OG0008386,Sp,0.02032,0.04121,0.49304
OG0008388,La,2.04883,0.10708,19.13401
OG0008388,Laeq,2.12279,0.14662,14.47839
OG0008388,Lgib,2.1007,0.13252,15.85215
OG0008388,Wa,2.11263,0.17293,12.21689
OG0008388,Wo,2.24478,0.20295,11.06086
OG0008388,Sp,0.03516,0.03904,0.90064
OG0008389,La,0.04911,0.11932,0.41156
OG0008389,Laeq,0.10056,0.16879,0.59579
OG0008389,Lgib,1.94984,0.17887,10.90079
OG0008389,Wa,0.09469,0.18418,0.51414
OG0008389,Wo,0.11192,0.16538,0.67678
OG0008389,Sp,0.14404,0.04456,3.23233
OG0008394,La,0.06871,0.12565,0.54686
OG0008394,Laeq,2.24778,0.19567,11.48775
OG0008394,Lgib,0.11852,0.15908,0.74502
OG0008394,Wa,0.38306,0.19234,1.99162
OG0008394,Wo,0.43804,0.21482,2.03909
OG0008394,Sp,0.01929,0.03763,0.51276
OG0008396,La,2.24817,0.1239,18.14455
OG0008396,Laeq,8.521,0.2139,39.83547
OG0008396,Lgib,8.5184,0.16485,51.67235
OG0008396,Wa,7.29778,0.17587,41.49417
OG0008396,Wo,8.33436,0.20727,40.21113
OG0008396,Sp,0.0215,0.04381,0.49071
OG0008397,La,0.13346,0.12066,1.10613
OG0008397,Laeq,0.20686,0.27891,0.74169
OG0008397,Lgib,0.19696,0.19015,1.03582
OG0008397,Wa,0.27783,0.24172,1.1494
OG0008397,Wo,1.94132,0.29266,6.63341
OG0008397,Sp,0.04908,0.03313,1.48153
OG0008400,La,0.03145,0.1122,0.28033
OG0008400,Lgib,0.04047,0.15445,0.26203
OG0008400,Wa,0.04706,0.15611,0.30145
OG0008400,Wo,0.06696,0.25184,0.26589
OG0008400,Sp,0.00949,0.02354,0.40324
OG0008401,La,0.04688,0.12736,0.3681
OG0008401,Laeq,0.08684,0.23723,0.36608
OG0008401,Lgib,0.05765,0.20474,0.28159
OG0008401,Wa,0.10206,0.26913,0.37921
OG0008401,Wo,0.20615,0.35115,0.58707
OG0008401,Sp,0.01778,0.03905,0.45531
OG0008403,La,0.10492,0.14624,0.71748
OG0008403,Wa,0.08039,0.19119,0.42046
OG0008403,Wo,0.08327,0.23943,0.34777
OG0008403,Laeq,0.11442,0.23028,0.49685
OG0008403,Lgib,2.10415,0.16714,12.58875
OG0008403,Sp,0.0169,0.0386,0.43796
OG0008407,La,0.05501,0.05033,1.09291
OG0008407,Laeq,5.558,0.32192,17.26494
OG0008407,Lgib,5.49655,0.20757,26.4805
OG0008407,Wa,6.53653,0.28279,23.1146
OG0008407,Wo,6.51632,0.28044,23.2361
OG0008407,Sp,14.79648,0.11615,127.3865
OG0008409,La,10.59754,0.06699,158.19681
OG0008409,Wa,10.52531,0.12056,87.30374
OG0008409,Wo,10.60883,0.22904,46.31922
OG0008409,Laeq,0.1319,0.1813,0.72753
OG0008409,Lgib,0.12633,0.07209,1.75246
OG0008409,Sp,0.02036,0.02514,0.80989
OG0008415,La,10.38948,0.19298,53.83754
OG0008415,Laeq,1.14707,0.32345,3.54633
OG0008415,Lgib,6.20824,0.22887,27.12611
OG0008415,Wa,6.68733,0.27185,24.59937
OG0008415,Wo,6.69555,0.26459,25.30529
OG0008415,Sp,22.33225,0.01522,1467.37553
OG0008424,Laeq,0.49551,0.26355,1.88012
OG0008424,Lgib,0.46025,0.1904,2.41729
OG0008424,Wa,0.40545,0.28974,1.39939
OG0008424,Wo,0.22919,0.55363,0.41398
OG0008424,Sp,2.41219,0.07445,32.39866
OG0008427,La,2.41652,0.12586,19.20044
OG0008427,Wa,2.54364,0.21457,11.85454
OG0008427,Wo,7.04497,0.27732,25.40399
OG0008427,Laeq,6.92407,0.22215,31.16835
OG0008427,Lgib,6.96724,0.17638,39.5002
OG0008427,Sp,0.09621,0.05399,1.78201
OG0008428,La,5.09726,0.13571,37.56101
OG0008428,Laeq,0.26249,0.24664,1.06427
OG0008428,Lgib,0.21746,0.18151,1.19808
OG0008428,Wa,0.65477,0.22779,2.87451
OG0008428,Wo,0.69864,0.25617,2.72723
OG0008428,Sp,0.07665,0.01611,4.75757
OG0008431,Laeq,0.11512,0.16381,0.70275
OG0008431,Lgib,0.10636,0.15042,0.70711
OG0008431,Wa,0.07091,0.1382,0.51308
OG0008431,Wo,0.14869,0.22065,0.67388
OG0008431,Sp,0.03733,0.02358,1.5831
OG0008432,Laeq,1.07309,0.34239,3.13408
OG0008432,Lgib,0.07345,0.3407,0.21557
OG0008432,Wa,0.20587,0.35829,0.57459
OG0008432,Wo,0.1535,0.45107,0.34029
OG0008432,Sp,0.43576,0.2932,1.48618
OG0008435,La,0.10179,0.17171,0.59283
OG0008435,Laeq,2.53575,0.22075,11.48687
OG0008435,Lgib,0.09104,0.21359,0.42621
OG0008435,Wa,0.31235,0.2446,1.27697
OG0008435,Wo,0.1654,0.30879,0.53563
OG0008435,Sp,0.02382,0.01905,1.25031
OG0008436,La,0.07058,0.15288,0.46166
OG0008436,Laeq,0.12844,0.26605,0.48277
OG0008436,Lgib,0.13692,0.2194,0.62406
OG0008436,Wa,0.23865,0.2833,0.8424
OG0008436,Wo,0.25366,0.38006,0.66742
OG0008436,Sp,0.03655,0.05727,0.63815
OG0008437,La,0.60312,0.09647,6.25212
OG0008437,Laeq,0.10376,0.19023,0.54545
OG0008437,Lgib,0.07647,0.14744,0.51864
OG0008437,Wa,4.10548,0.14388,28.53415
OG0008437,Wo,0.1394,0.16778,0.83083
OG0008437,Sp,0.04186,0.05382,0.77781
OG0008439,La,0.06538,0.12777,0.51173
OG0008439,Wa,0.1272,0.23124,0.55007
OG0008439,Wo,0.19882,0.26677,0.74527
OG0008439,Laeq,0.08586,0.13411,0.64021
OG0008439,Lgib,0.05629,0.13819,0.40736
OG0008439,Sp,0.02905,0.09256,0.3139
OG0008440,La,0.10342,0.12927,0.80005
OG0008440,Laeq,0.13897,0.24415,0.56921
OG0008440,Lgib,0.1337,0.17386,0.769
OG0008440,Wa,2.03337,0.1946,10.44919
OG0008440,Wo,0.1501,0.22031,0.6813
OG0008440,Sp,0.04468,0.04546,0.98283
OG0008441,La,0.07391,0.12308,0.6005
OG0008441,Laeq,0.2374,0.32889,0.72183
OG0008441,Lgib,0.20108,0.22922,0.87722
OG0008441,Wa,0.10932,0.26663,0.41003
OG0008441,Wo,3.11166,0.25667,12.12317
OG0008441,Sp,0.02146,0.04011,0.53508
OG0008444,La,0.05638,0.1314,0.42906
OG0008444,Laeq,3.86562,0.22479,17.19634
OG0008444,Lgib,5.53395,0.17251,32.07877
OG0008444,Wa,0.41793,0.20308,2.05793
OG0008444,Wo,9.19925,0.27138,33.89766
OG0008444,Sp,0.02396,0.08058,0.29735
OG0008445,La,0.02881,0.16766,0.17185
OG0008445,Laeq,0.06,0.30567,0.19627
OG0008445,Lgib,0.04204,0.24046,0.17484
OG0008445,Wa,0.07056,0.32105,0.21978
OG0008445,Wo,0.06423,0.31381,0.20468
OG0008445,Sp,0.00693,0.03102,0.22356
OG0008451,La,0.03477,0.09787,0.35526
OG0008451,Laeq,0.13266,0.1631,0.81339
OG0008451,Lgib,0.13484,0.14491,0.93052
OG0008451,Wa,0.06179,0.14654,0.42164
OG0008451,Wo,0.10486,0.21403,0.48994
OG0008451,Sp,0.01026,0.03533,0.29038
OG0008453,La,0.13834,0.19286,0.71731
OG0008453,Laeq,4.01047,0.25687,15.61256
OG0008453,Lgib,3.93951,0.22489,17.51714
OG0008453,Wa,0.21977,0.22129,0.99314
OG0008453,Sp,0.04098,0.02744,1.49343
OG0008454,La,0.11248,0.15164,0.74176
OG0008454,Laeq,0.3458,0.4349,0.79512
OG0008454,Lgib,0.38494,0.43032,0.89454
OG0008454,Wa,3.00156,0.2233,13.44165
OG0008454,Wo,0.80288,0.35154,2.28389
OG0008454,Sp,0.03117,0.04667,0.66784
OG0008458,La,0.06253,0.1186,0.52718
OG0008458,Laeq,0.1041,0.18815,0.55329
OG0008458,Lgib,0.09874,0.16152,0.61135
OG0008458,Wa,0.1182,0.19395,0.60943
OG0008458,Wo,0.24534,0.23273,1.05415
OG0008458,Sp,2.4133,0.04773,50.55742
OG0008463,La,0.06302,0.13553,0.46496
OG0008463,Laeq,0.11046,0.20189,0.54715
OG0008463,Lgib,0.08,0.15455,0.51761
OG0008463,Wa,3.25606,0.23695,13.74151
OG0008463,Wo,7.6709,0.32542,23.57265
OG0008463,Sp,0.04571,0.07085,0.64522
OG0008465,La,0.0568,0.16152,0.35165
OG0008465,Wa,0.09875,0.18718,0.52756
OG0008465,Wo,0.11323,0.18819,0.60171
OG0008465,Laeq,0.05851,0.16189,0.36144
OG0008465,Lgib,0.06519,0.15555,0.41909
OG0008465,Sp,0.0108,0.04806,0.22477
OG0008470,La,0.13738,0.11217,1.22468
OG0008470,Wa,0.48423,0.20907,2.31617
OG0008470,Wo,9.65869,0.16441,58.74699
OG0008470,Laeq,0.19263,0.17733,1.08623
OG0008470,Lgib,0.28202,0.14132,1.99562
OG0008470,Sp,0.03513,0.03865,0.90907
OG0008473,La,0.21501,0.14157,1.51872
OG0008473,Laeq,0.32363,0.34097,0.94916
OG0008473,Lgib,7.3029,0.25694,28.42303
OG0008473,Wa,1.56,0.42533,3.6677
OG0008473,Wo,1.55755,0.61617,2.52779
OG0008473,Sp,3.97803,0.06283,63.3146
OG0008475,La,0.11677,0.12301,0.94926
OG0008475,Laeq,9.84037,0.2774,35.47359
OG0008475,Lgib,5.71053,0.22557,25.3156
OG0008475,Wa,0.28964,0.20933,1.38361
OG0008475,Wo,8.84502,0.24143,36.63623
OG0008475,Sp,8.22331,0.05127,160.38571
OG0008476,La,0.07812,0.14221,0.54931
OG0008476,Laeq,0.12093,0.27062,0.44687
OG0008476,Lgib,0.15062,0.16548,0.9102
OG0008476,Wa,0.1684,0.18661,0.90245
OG0008476,Wo,0.16086,0.20462,0.78612
OG0008476,Sp,0.06431,0.05058,1.27144
OG0008479,La,0.15858,0.10451,1.51733
OG0008479,Wa,0.19637,0.16176,1.21393
OG0008479,Wo,0.23285,0.21433,1.08642
OG0008479,Laeq,0.16431,0.14068,1.16795
OG0008479,Lgib,0.17429,0.12321,1.41461
OG0008479,Sp,0.01366,0.03289,0.41524
OG0008481,La,0.08462,0.0567,1.49248
OG0008481,Laeq,0.11995,0.22054,0.54391
OG0008481,Lgib,0.09875,0.19104,0.5169
OG0008481,Wa,0.30472,0.23065,1.32114
OG0008481,Wo,0.30557,0.3167,0.96487
OG0008481,Sp,0.21415,0.13931,1.53724
OG0008482,Laeq,6.66003,0.33586,19.82982
OG0008482,Lgib,6.5349,0.26854,24.33464
OG0008482,Wa,0.39988,0.21037,1.90089
OG0008482,Wo,1.96102,0.32471,6.03928
OG0008482,Sp,0.02803,0.04249,0.65977
OG0008489,La,0.10275,0.13638,0.75337
OG0008489,Laeq,0.19994,0.18915,1.05706
OG0008489,Lgib,0.1244,0.19382,0.64184
OG0008489,Wa,0.35887,0.20683,1.73508
OG0008489,Wo,0.21806,0.22725,0.95955
OG0008489,Sp,0.03169,0.03721,0.8516
OG0008490,La,0.84636,0.22078,3.83341
OG0008490,Laeq,6.97111,0.30092,23.16599
OG0008490,Lgib,0.87557,0.24784,3.53289
OG0008490,Wa,0.77815,0.24593,3.16416
OG0008490,Wo,0.82439,0.32384,2.54568
OG0008490,Sp,0.0752,0.03451,2.17906
OG0008491,La,0.13444,0.21353,0.6296
OG0008491,Laeq,4.58274,0.42563,10.76697
OG0008491,Lgib,4.57805,0.45875,9.97946
OG0008491,Wa,0.07646,0.26571,0.28774
OG0008491,Wo,0.13848,0.26164,0.52926
OG0008491,Sp,0.00419,0.07239,0.05792
OG0008494,La,0.07425,0.18384,0.40387
OG0008494,Laeq,0.06982,0.21806,0.32017
OG0008494,Lgib,0.10808,0.18782,0.57542
OG0008494,Wa,0.76449,0.18241,4.19116
OG0008494,Wo,1.03877,0.28472,3.64837
OG0008494,Sp,0.03052,0.04083,0.7475
OG0008495,La,0.10141,0.13702,0.74011
OG0008495,Laeq,0.24103,0.29666,0.81247
OG0008495,Lgib,0.12965,0.26718,0.48526
OG0008495,Wa,0.1645,0.24857,0.6618
OG0008495,Wo,0.16987,0.32977,0.51511
OG0008495,Sp,0.01977,0.02362,0.83693
OG0008497,La,14.726,0.10951,134.47437
OG0008497,Wa,16.976,0.15578,108.97523
OG0008497,Wo,17.03033,0.27706,61.46822
OG0008497,Laeq,0.18112,0.15966,1.13437
OG0008497,Lgib,0.07178,0.13119,0.54719
OG0008497,Sp,0.09089,0.09036,1.00595
OG0008498,La,0.02495,0.1691,0.14754
OG0008498,Laeq,0.0187,0.17796,0.1051
OG0008498,Lgib,0.01633,0.14299,0.11423
OG0008498,Wa,2.55148,0.15273,16.70565
OG0008498,Wo,2.57541,0.2031,12.68061
OG0008498,Sp,0.01315,0.01306,1.00635
OG0008499,La,1.38522,0.12847,10.78218
OG0008499,Laeq,1.61543,0.23052,7.00777
OG0008499,Lgib,1.39888,0.16927,8.26432
OG0008499,Wa,1.4147,0.19181,7.37551
OG0008499,Wo,1.43439,0.21301,6.73386
OG0008499,Sp,0.0363,0.03616,1.00383
OG0008501,La,0.04254,0.11954,0.35588
OG0008501,Laeq,0.09186,0.21725,0.42283
OG0008501,Lgib,0.07328,0.15241,0.48082
OG0008501,Wa,0.08292,0.14498,0.57192
OG0008501,Wo,0.09254,0.20783,0.44529
OG0008501,Sp,0.04703,0.039,1.20608
OG0008503,La,0.03195,0.12186,0.26216
OG0008503,Laeq,0.051,0.37746,0.13513
OG0008503,Lgib,0.03285,0.2364,0.13897
OG0008503,Wa,1.96367,0.41537,4.7275
OG0008503,Wo,2.28775,0.67444,3.39208
OG0008503,Sp,0.0096,0.03424,0.2803
OG0008509,La,4.72076,0.07948,59.39732
OG0008509,Laeq,0.0454,0.21675,0.20945
OG0008509,Lgib,0.04349,0.17258,0.25197
OG0008509,Wa,0.06764,0.10304,0.65651
OG0008509,Sp,0.00605,0.10014,0.0604
OG0008516,La,0.14205,0.10967,1.29517
OG0008516,Laeq,0.86178,0.23358,3.6895
OG0008516,Lgib,7.27376,0.16311,44.59369
OG0008516,Wa,0.93857,0.20788,4.51504
OG0008516,Wo,0.90032,0.30062,2.9949
OG0008516,Sp,2.31049,0.06698,34.49745
OG0008518,Laeq,0.16242,0.15282,1.06281
OG0008518,Lgib,0.37751,0.13883,2.71921
OG0008518,Wa,0.30199,0.21789,1.38597
OG0008518,Wo,14.43975,0.22183,65.09293
OG0008518,Sp,0.05406,0.05053,1.06988
OG0008519,La,0.18852,0.13436,1.40313
OG0008519,Wa,0.26077,0.17026,1.53159
OG0008519,Wo,0.2676,0.20515,1.30442
OG0008519,Laeq,0.22584,0.16224,1.39198
OG0008519,Lgib,0.18507,0.11233,1.6475
OG0008519,Sp,0.08139,0.09053,0.89902
OG0008523,La,0.17214,0.13165,1.30755
OG0008523,Laeq,6.02236,0.20062,30.0194
OG0008523,Lgib,6.02341,0.15644,38.50251
OG0008523,Wa,3.99998,0.1952,20.49182
OG0008523,Wo,4.04311,0.21824,18.52599
OG0008523,Sp,0.08469,0.03672,2.30663
OG0008526,La,16.6962,0.12074,138.27673
OG0008526,Wa,0.1065,0.19168,0.55563
OG0008526,Wo,0.08821,0.2426,0.36361
OG0008526,Laeq,0.08078,0.15799,0.51131
OG0008526,Lgib,0.04293,0.17199,0.24961
OG0008526,Sp,1.10033,0.15075,7.29903
OG0008527,La,0.74459,0.13919,5.34942
OG0008527,Laeq,0.77567,0.24234,3.2008
OG0008527,Lgib,0.7903,0.20754,3.80789
OG0008527,Wa,0.30552,0.35264,0.86637
OG0008527,Wo,0.32821,0.51631,0.63568
OG0008527,Sp,20.25061,0.04839,418.52686
OG0008529,La,1.81264,0.19698,9.20229
OG0008529,Laeq,1.82229,0.25078,7.26644
OG0008529,Lgib,1.78769,0.17943,9.96293
OG0008529,Wa,0.1683,0.17893,0.94057
OG0008529,Wo,0.17587,0.23503,0.74828
OG0008529,Sp,5.09851,0.03257,156.5391
OG0008531,La,0.05422,0.12014,0.45128
OG0008531,Wa,5.68976,0.29198,19.48709
OG0008531,Wo,6.2422,0.29884,20.88843
OG0008531,Laeq,0.08073,0.20911,0.38606
OG0008531,Lgib,0.05969,0.14608,0.40862
OG0008531,Sp,0.03098,0.02994,1.03451
OG0008534,La,0.40756,0.07713,5.28442
OG0008534,Wa,0.27372,0.1307,2.09422
OG0008534,Wo,2.70563,0.13536,19.98855
OG0008534,Laeq,0.35008,0.11754,2.97839
OG0008534,Lgib,0.38331,0.0891,4.30222
OG0008534,Sp,0.12963,0.03906,3.31871
OG0008535,La,0.03747,0.13608,0.27532
OG0008535,Laeq,0.04641,0.19674,0.23588
OG0008535,Lgib,0.04888,0.17554,0.27848
OG0008535,Wa,0.07418,0.17216,0.43087
OG0008535,Wo,0.2657,0.22972,1.15663
OG0008535,Sp,0.02646,0.07237,0.36563
OG0008536,La,8.67592,0.12482,69.50893
OG0008536,Laeq,11.66748,0.24663,47.30805
OG0008536,Lgib,0.21835,0.17671,1.23567
OG0008536,Wa,1.19346,0.24327,4.90599
OG0008536,Wo,2044.77808,0.22218,9203.39809
OG0008536,Sp,0.23474,0.05725,4.09995
OG0008539,La,0.1428,0.14011,1.01919
OG0008539,Laeq,0.24593,0.19921,1.23451
OG0008539,Lgib,0.15496,0.13042,1.18818
OG0008539,Wa,0.15613,0.17746,0.87981
OG0008539,Wo,0.26723,0.19304,1.38431
OG0008539,Sp,0.62581,0.03505,17.85313
OG0008544,La,0.04658,0.13007,0.35813
OG0008544,Laeq,0.3117,0.34992,0.89077
OG0008544,Lgib,0.26365,0.21666,1.21687
OG0008544,Wa,0.31151,0.27769,1.12182
OG0008544,Wo,0.38924,0.48052,0.81005
OG0008544,Sp,0.08128,0.05019,1.61932
OG0008550,La,0.17022,4.29583,0.03962
OG0008550,Wa,0.17921,4.27862,0.04189
OG0008550,Wo,4.05154,4.30372,0.9414
OG0008550,Lgib,0.15325,4.20931,0.03641
OG0008550,Sp,0.36914,0.01408,26.22013
OG0008551,La,0.02027,0.13307,0.15236
OG0008551,Laeq,0.69273,0.18249,3.79602
OG0008551,Lgib,0.05024,0.15176,0.33103
OG0008551,Wa,1.50187,0.17318,8.67205
OG0008551,Wo,0.05143,0.22866,0.2249
OG0008551,Sp,0.01073,0.03221,0.33308
OG0008554,La,16.31107,0.17474,93.34307
OG0008554,Laeq,0.14455,0.30209,0.47849
OG0008554,Lgib,0.10752,0.22391,0.4802
OG0008554,Wa,0.18214,0.22585,0.80646
OG0008554,Wo,0.20012,0.3039,0.6585
OG0008554,Sp,0.0285,0.04674,0.60968
OG0008556,La,0.08747,0.09417,0.9289
OG0008556,Laeq,0.16298,0.1746,0.93347
OG0008556,Lgib,1.57371,0.13274,11.85593
OG0008556,Wa,0.61621,0.18645,3.30505
OG0008556,Wo,0.38024,0.21005,1.81029
OG0008556,Sp,1.56323,0.02968,52.67152
OG0008557,La,0.33369,0.16218,2.0576
OG0008557,Laeq,0.42264,0.3654,1.15663
OG0008557,Lgib,0.33994,0.26742,1.2712
OG0008557,Wa,0.43481,0.32012,1.3583
OG0008557,Wo,11.65538,0.40957,28.45746
OG0008557,Sp,0.47734,0.07561,6.31289
OG0008559,La,0.24056,0.13829,1.7395
OG0008559,Wa,0.35259,0.16262,2.1681
OG0008559,Wo,0.92665,0.1913,4.84388
OG0008559,Laeq,0.44019,0.21111,2.08515
OG0008559,Lgib,0.27861,0.14949,1.86379
OG0008559,Sp,0.08402,0.07203,1.16649
OG0008564,La,0.25324,0.12135,2.08692
OG0008564,Laeq,1.31694,0.1853,7.10711
OG0008564,Lgib,0.30788,0.14868,2.07077
OG0008564,Wa,0.33928,0.18127,1.87173
OG0008564,Wo,0.36178,0.21148,1.7107
OG0008564,Sp,0.0548,0.03899,1.40544
OG0008566,La,1.8797,0.12124,15.50332
OG0008566,Laeq,1.91837,0.18272,10.49917
OG0008566,Lgib,1.88351,0.15772,11.9424
OG0008566,Wa,0.08263,0.1889,0.43744
OG0008566,Wo,0.10803,0.21319,0.50672
OG0008566,Sp,0.02233,0.03887,0.57435
OG0008567,La,0.16354,0.13342,1.22575
OG0008567,Laeq,0.19277,0.21132,0.9122
OG0008567,Lgib,0.16346,0.16669,0.98062
OG0008567,Wa,0.20138,0.18544,1.08599
OG0008567,Wo,17.08241,0.23474,72.77135
OG0008567,Sp,0.03177,0.03953,0.80364
OG0008570,La,0.17603,0.14609,1.20489
OG0008570,Laeq,0.5952,0.28993,2.05291
OG0008570,Lgib,0.53097,0.21642,2.45337
OG0008570,Wa,0.2704,0.30165,0.89638
OG0008570,Wo,0.21076,0.36745,0.57356
OG0008570,Sp,35.55535,0.06402,555.35324
OG0008571,La,19.08603,0.11892,160.49391
OG0008571,Laeq,28.40088,0.22681,125.2215
OG0008571,Lgib,20.18561,0.20535,98.29752
OG0008571,Wa,21.96588,0.19232,114.2164
OG0008571,Wo,22.02046,0.27289,80.69437
OG0008571,Sp,0.05642,0.05108,1.10446
OG0008573,La,3.4398,0.13772,24.97598
OG0008573,Laeq,0.30971,0.26444,1.17122
OG0008573,Lgib,0.32396,0.32405,0.99973
OG0008573,Wa,0.30701,0.2904,1.05718
OG0008573,Wo,0.40019,0.35331,1.13271
OG0008573,Sp,0.27175,0.02721,9.98616
OG0008574,La,11.63506,0.07391,157.41983
OG0008574,Laeq,10.24741,0.26719,38.35261
OG0008574,Lgib,10.24314,0.15939,64.26369
OG0008574,Wa,10.66849,0.28041,38.0456
OG0008574,Wo,10.32331,0.31383,32.89414
OG0008574,Sp,0.03325,0.05279,0.62996
OG0008576,La,37.55755,0.07537,498.28925
OG0008576,Laeq,58.51518,0.12827,456.17063
OG0008576,Lgib,37.52501,0.13115,286.11976
OG0008576,Sp,34.13246,0.08883,384.26298
OG0008576,Wa,0.20991,0.09549,2.19825
OG0008576,Wo,0.2173,0.20122,1.07988
OG0008577,La,150.94958,0.12202,1237.08245
OG0008577,Laeq,151.04596,0.21217,711.89338
OG0008577,Lgib,151.19814,0.18893,800.29252
OG0008577,Wa,151.69867,0.1598,949.28693
OG0008577,Wo,150.98635,0.16479,916.25093
OG0008577,Sp,0.02634,0.03319,0.79382
OG0008578,La,0.10385,0.15152,0.68541
OG0008578,Laeq,1.65361,0.23895,6.9202
OG0008578,Lgib,1.59948,0.196,8.16054
OG0008578,Wa,0.38204,0.19444,1.96485
OG0008578,Wo,1.06456,0.19236,5.53418
OG0008578,Sp,0.03286,0.02232,1.47213
OG0008579,La,1.76664,0.22713,7.77798
OG0008579,Wa,10.2055,0.25867,39.45315
OG0008579,Wo,10.21343,0.32408,31.51484
OG0008579,Laeq,1.81874,0.29024,6.26631
OG0008579,Lgib,1.80615,0.19336,9.34101
OG0008579,Sp,7.32204,0.02349,311.73539
OG0008580,La,21.50244,0.05385,399.27412
OG0008580,Sp,9.88815,0.18513,53.41211
OG0008580,Wa,9.83869,0.14798,66.48876
OG0008580,Wo,9.8445,0.19259,51.11715
OG0008580,Laeq,0.26658,0.17469,1.526
OG0008580,Lgib,0.17574,0.11731,1.49801
OG0008581,La,0.08684,0.12874,0.67459
OG0008581,Laeq,0.14041,0.2002,0.70137
OG0008581,Lgib,0.13321,0.16472,0.8087
OG0008581,Wa,0.25632,0.17943,1.42857
OG0008581,Wo,0.3157,0.19884,1.58773
OG0008581,Sp,0.01745,0.03634,0.48012
OG0008585,La,83.70726,0.07608,1100.18731
OG0008585,Laeq,77.67394,0.16526,469.99858
OG0008585,Lgib,79.27742,0.13184,601.31861
OG0008585,Wa,81.86649,0.1758,465.69284
OG0008585,Wo,81.08524,0.22002,368.53125
OG0008585,Sp,0.10056,0.08056,1.2482
OG0008587,La,0.04676,0.07061,0.6622
OG0008587,Laeq,2.44772,0.12651,19.34842
OG0008587,Lgib,0.04332,0.128,0.33841
OG0008587,Sp,0.08291,0.11051,0.75028
OG0008587,Wa,0.11736,0.17124,0.68534
OG0008587,Wo,6.89934,0.19557,35.27731
OG0008588,La,3.08612,0.10901,28.30937
OG0008588,Lgib,3.09667,0.12196,25.39184
OG0008588,Wa,3.85842,0.1697,22.73616
OG0008588,Wo,3.3276,0.22382,14.86725
OG0008588,Sp,0.02583,0.03276,0.78856
OG0008589,La,0.3203,0.18559,1.72581
OG0008589,Laeq,0.38422,0.25038,1.53451
OG0008589,Lgib,0.37336,0.21398,1.74488
OG0008589,Wa,3.93554,0.23557,16.7065
OG0008589,Wo,3.93522,0.30664,12.83317
OG0008589,Sp,0.04947,0.04279,1.15614
OG0008594,La,0.109,0.14243,0.7653
OG0008594,Laeq,1.38147,0.21748,6.35217
OG0008594,Lgib,1.34347,0.22203,6.05094
OG0008594,Wa,0.23396,0.2128,1.09941
OG0008594,Wo,0.1486,0.2693,0.55179
OG0008594,Sp,0.02015,0.02999,0.67189
OG0008595,La,0.1031,0.09842,1.04756
OG0008595,Wa,0.8159,0.18811,4.33734
OG0008595,Wo,17.65869,0.2071,85.2669
OG0008595,Laeq,0.14037,0.15717,0.89312
OG0008595,Lgib,0.11134,0.12985,0.85744
OG0008595,Sp,0.04124,0.04422,0.93248
OG0008597,La,0.03557,0.15309,0.23235
OG0008597,Laeq,4.04844,0.21373,18.94223
OG0008597,Lgib,0.03378,0.16426,0.20563
OG0008597,Wa,0.07394,0.17721,0.41725
OG0008597,Wo,1.6248,0.21408,7.58984
OG0008597,Sp,0.22679,0.03992,5.68168
OG0008601,La,0.10082,0.20804,0.48462
OG0008601,Wa,0.11788,0.21352,0.55208
OG0008601,Wo,0.13526,0.22517,0.60071
OG0008601,Lgib,0.07532,0.15575,0.48357
OG0008601,Sp,0.0379,0.05105,0.74241
OG0008604,La,0.04871,0.10109,0.48184
OG0008604,Laeq,0.07895,0.27071,0.29162
OG0008604,Lgib,0.07635,0.27164,0.28107
OG0008604,Wa,0.20064,0.36158,0.55491
OG0008604,Wo,0.24272,0.50505,0.48059
OG0008604,Sp,0.01539,0.06711,0.22928
OG0008608,La,0.9332,0.11255,8.2916
OG0008608,Laeq,0.11266,0.1803,0.62488
OG0008608,Lgib,0.10872,0.16358,0.66461
OG0008608,Wa,0.0923,0.18964,0.48668
OG0008608,Wo,0.11296,0.19298,0.58535
OG0008608,Sp,0.01106,0.0711,0.15557
OG0008610,La,2.26893,0.15786,14.37281
OG0008610,Laeq,27.37232,0.34802,78.65091
OG0008610,Lgib,2.27199,0.24103,9.42613
OG0008610,Wa,2.32731,0.25648,9.07392
OG0008610,Wo,2.34854,0.34971,6.71566
OG0008610,Sp,23.1985,0.05675,408.81539
OG0008612,La,0.0482,0.12075,0.39919
OG0008612,Laeq,325.28343,0.22341,1456.02256
OG0008612,Lgib,325.26658,0.18689,1740.40995
OG0008612,Wa,0.08282,0.18427,0.44946
OG0008612,Wo,0.141,0.21076,0.66901
OG0008612,Sp,0.02293,0.03382,0.67794
OG0008613,La,0.11244,0.11076,1.01516
OG0008613,Laeq,0.1336,0.17411,0.76732
OG0008613,Lgib,0.18454,0.17527,1.05286
OG0008613,Wa,0.14949,0.1684,0.88768
OG0008613,Wo,3.14109,0.19941,15.7517
OG0008613,Sp,0.03156,0.04877,0.64708
OG0008616,La,0.04787,0.09888,0.48411
OG0008616,Laeq,0.06565,0.17638,0.3722
OG0008616,Lgib,0.06841,0.17038,0.40152
OG0008616,Wa,2.53219,0.13459,18.81473
OG0008616,Wo,2.54941,0.2015,12.65207
OG0008616,Sp,0.02292,0.06238,0.36738
OG0008624,La,0.07244,0.10274,0.70512
OG0008624,Wa,0.06891,0.18738,0.36772
OG0008624,Wo,0.10875,0.18417,0.59047
OG0008624,Laeq,0.34802,0.08328,4.17891
OG0008624,Lgib,1553.85939,0.10685,14542.47688
OG0008624,Sp,0.0567,0.05008,1.13225
OG0008630,La,0.03234,0.14681,0.22028
OG0008630,Laeq,0.04515,0.23181,0.19479
OG0008630,Lgib,0.0359,0.19278,0.18624
OG0008630,Wa,0.11228,0.22206,0.50563
OG0008630,Wo,0.12462,0.23812,0.52335
OG0008630,Sp,0.00886,0.03524,0.25157
OG0008634,La,0.04976,0.1083,0.45948
OG0008634,Laeq,0.08626,0.28308,0.30472
OG0008634,Lgib,0.05751,0.17413,0.33025
OG0008634,Wa,0.0951,0.20905,0.45493
OG0008634,Wo,0.12934,0.26135,0.4949
OG0008634,Sp,0.0593,0.05417,1.09471
OG0008636,La,0.06006,0.11114,0.54043
OG0008636,Wa,0.06878,0.15741,0.43697
OG0008636,Wo,0.07818,0.19165,0.40792
OG0008636,Laeq,0.03243,0.12606,0.25722
OG0008636,Lgib,0.02753,0.11653,0.23622
OG0008636,Sp,0.94233,0.04807,19.60182
OG0008641,La,0.07078,0.12578,0.56271
OG0008641,Laeq,0.15767,0.35475,0.44445
OG0008641,Lgib,0.08321,0.21089,0.39458
OG0008641,Wa,0.22072,0.24125,0.9149
OG0008641,Wo,0.33252,0.29873,1.11314
OG0008641,Sp,0.07066,0.05023,1.40679
OG0008643,La,0.10802,0.11194,0.96494
OG0008643,Laeq,0.10706,0.16849,0.63537
OG0008643,Lgib,0.0419,0.14744,0.28419
OG0008643,Wa,0.061,0.15731,0.38777
OG0008643,Wo,0.06951,0.22706,0.30611
OG0008643,Sp,0.01417,0.05933,0.23887
OG0008648,La,0.03262,0.08516,0.38304
OG0008648,Laeq,0.0611,0.30307,0.20159
OG0008648,Lgib,0.04668,0.17232,0.27088
OG0008648,Wa,0.07885,0.26942,0.29268
OG0008648,Wo,0.10527,0.39053,0.26955
OG0008648,Sp,0.00584,0.05873,0.0995
OG0008649,La,0.1202,0.13686,0.87827
OG0008649,Laeq,0.29483,0.33114,0.89037
OG0008649,Lgib,7.93896,0.2642,30.0494
OG0008649,Wa,8.05624,0.41406,19.45686
OG0008649,Wo,1.15109,0.49612,2.32017
OG0008649,Sp,0.01886,0.0215,0.877
OG0008650,La,0.09769,0.12604,0.77502
OG0008650,Laeq,0.19528,0.16559,1.17932
OG0008650,Lgib,0.09907,0.16355,0.60572
OG0008650,Wa,0.18457,0.16878,1.09352
OG0008650,Wo,0.57656,0.18307,3.14937
OG0008650,Sp,0.01656,0.04502,0.36783
OG0008654,La,0.04039,0.05622,0.71838
OG0008654,Laeq,0.11673,0.14805,0.78846
OG0008654,Lgib,0.09328,0.08725,1.06916
OG0008654,Wa,3.6816,0.19575,18.80774
OG0008654,Wo,2.08829,0.17773,11.74977
OG0008657,La,0.19317,0.08092,2.38711
OG0008657,Laeq,3.59527,0.19423,18.51064
OG0008657,Lgib,3.56554,0.18854,18.91133
OG0008657,Wa,0.4162,0.24056,1.73012
OG0008657,Wo,1.17899,0.30103,3.91653
OG0008657,Sp,0.03294,0.04909,0.67095
OG0008663,La,2.44355,0.1103,22.15449
OG0008663,Laeq,2.49753,0.24234,10.30575
OG0008663,Lgib,2.47907,0.16239,15.26628
OG0008663,Wa,2.52443,0.1897,13.30762
OG0008663,Wo,2.62965,0.24336,10.80566
OG0008663,Sp,0.04288,0.02599,1.64985
OG0008667,La,0.03896,0.09782,0.39824
OG0008667,Wa,0.04672,0.2155,0.2168
OG0008667,Wo,0.06819,0.33754,0.20201
OG0008667,Laeq,0.19717,0.31023,0.63554
OG0008667,Lgib,0.28042,0.1579,1.77599
OG0008667,Sp,0.02205,0.03534,0.62409
OG0008671,La,0.09381,0.10342,0.90709
OG0008671,Laeq,0.09837,0.18596,0.52899
OG0008671,Lgib,0.14069,0.15742,0.8937
OG0008671,Wa,0.1088,0.18335,0.59343
OG0008671,Wo,0.10425,0.24694,0.42216
OG0008671,Sp,0.01546,0.03235,0.47781
OG0008674,La,0.04205,0.09167,0.45873
OG0008674,Laeq,0.13088,0.17237,0.75933
OG0008674,Lgib,0.10693,0.13468,0.794
OG0008674,Wa,3.07873,0.21141,14.56299
OG0008674,Wo,3.08709,0.2905,10.62695
OG0008674,Sp,0.0408,0.03194,1.27747
OG0008678,La,0.10537,0.09775,1.07799
OG0008678,Laeq,0.12297,0.2238,0.54948
OG0008678,Lgib,0.10783,0.19252,0.56011
OG0008678,Wa,0.12415,0.3177,0.39078
OG0008678,Wo,13.38127,0.30538,43.81845
OG0008678,Sp,0.04108,0.07728,0.5316
OG0008679,La,0.03471,0.07641,0.4542
OG0008679,Laeq,0.09008,0.18081,0.49819
OG0008679,Lgib,14.58494,0.10662,136.79192
OG0008679,Sp,0.04416,0.0838,0.52701
OG0008679,Wa,0.05659,0.17094,0.33106
OG0008679,Wo,0.07827,0.20249,0.38656
OG0008680,La,0.10128,0.1128,0.89783
OG0008680,Laeq,0.15768,0.21969,0.71771
OG0008680,Lgib,0.13863,0.15336,0.90397
OG0008680,Wa,0.15424,0.19003,0.81164
OG0008680,Wo,0.23098,0.2863,0.8068
OG0008680,Sp,0.0312,0.04609,0.67701
OG0008684,La,0.0132,0.12564,0.10508
OG0008684,Wa,1.10627,0.15526,7.12524
OG0008684,Wo,0.11146,0.16855,0.66132
OG0008684,Laeq,0.03167,0.15552,0.20363
OG0008684,Lgib,0.04501,0.10789,0.41713
OG0008684,Sp,0.00644,0.03771,0.17063
OG0008687,La,4.83099,0.14238,33.93033
OG0008687,Laeq,6.44776,0.21393,30.13988
OG0008687,Lgib,10.64253,0.18804,56.59613
OG0008687,Wa,4.9003,0.19484,25.15064
OG0008687,Wo,5.00979,0.37427,13.38549
OG0008687,Sp,0.02841,0.03311,0.85822
OG0008689,La,0.13018,0.07662,1.69904
OG0008689,Laeq,0.16354,0.25688,0.63664
OG0008689,Lgib,0.9399,0.17184,5.4695
OG0008689,Wa,0.20592,0.25922,0.79439
OG0008689,Wo,0.18767,0.27153,0.69116
OG0008689,Sp,0.24665,0.19848,1.24269
OG0008690,La,0.0415,0.26319,0.15769
OG0008690,Wa,4.64374,0.35758,12.98649
OG0008690,Wo,1.36034,0.35031,3.8833
OG0008690,Laeq,0.52643,0.2823,1.86476
OG0008690,Lgib,0.11636,0.331,0.35153
OG0008690,Sp,4.45377,0.06687,66.6033
OG0008692,La,8.52041,0.12315,69.18814
OG0008692,Laeq,4.94273,0.31329,15.77682
OG0008692,Lgib,4.85501,0.21759,22.31298
OG0008692,Wa,5.51556,0.4044,13.63895
OG0008692,Wo,5.10978,0.42537,12.01268
OG0008692,Sp,0.03444,0.04603,0.74834
OG0008696,La,0.10852,0.11608,0.93489
OG0008696,Laeq,0.12929,0.25271,0.51163
OG0008696,Lgib,0.11042,0.18858,0.58553
OG0008696,Wa,4.60996,0.18458,24.97562
OG0008696,Wo,11.94595,0.28898,41.33817
OG0008696,Sp,0.02747,0.08288,0.33143
OG0008698,La,0.22335,0.27264,0.81919
OG0008698,Laeq,18.86009,0.31545,59.78779
OG0008698,Lgib,11.20887,0.30359,36.92085
OG0008698,Wa,0.59876,0.2404,2.49066
OG0008698,Wo,0.69191,0.26835,2.57837
OG0008698,Sp,0.09551,0.04275,2.23429
OG0008699,La,0.06115,0.14968,0.40852
OG0008699,Laeq,0.4772,0.3751,1.2722
OG0008699,Lgib,7.46051,0.26829,27.80729
OG0008699,Wa,0.55131,0.28044,1.96587
OG0008699,Wo,3.64073,0.39045,9.3245
OG0008699,Sp,3.6074,0.02908,124.03889
OG0008700,La,15.08893,0.09703,155.51028
OG0008700,Laeq,15.52467,0.12159,127.67844
OG0008700,Lgib,15.09543,0.12951,116.5567
OG0008700,Wa,15.11252,0.19389,77.94262
OG0008700,Wo,16.44507,0.36814,44.67059
OG0008700,Sp,11.08786,0.04232,262.02909
OG0008701,La,0.9232,0.18809,4.90821
OG0008701,Laeq,1.22961,0.342,3.59532
OG0008701,Lgib,0.9254,0.24715,3.74425
OG0008701,Wa,10.71251,0.27931,38.35333
OG0008701,Wo,8.69727,0.29024,29.96528
OG0008701,Sp,0.07519,0.05035,1.49322
OG0008702,La,0.03301,0.10614,0.311
OG0008702,Laeq,0.03596,0.14068,0.25565
OG0008702,Lgib,0.03184,0.13257,0.24016
OG0008702,Wa,1.61779,0.16848,9.60208
OG0008702,Wo,617.80586,0.17274,3576.40376
OG0008702,Sp,0.00631,0.02792,0.22604
OG0008707,La,0.04852,0.12222,0.39701
OG0008707,Laeq,0.11813,0.2399,0.49242
OG0008707,Lgib,0.07475,0.17673,0.42296
OG0008707,Wa,2.71498,0.196,13.85198
OG0008707,Wo,0.57958,0.23818,2.43335
OG0008707,Sp,0.01625,0.01051,1.54649
OG0008708,La,0.10912,0.16594,0.65759
OG0008708,Laeq,0.28053,0.29029,0.96638
OG0008708,Lgib,0.1446,0.23389,0.61825
OG0008708,Wa,0.12341,0.19176,0.64353
OG0008708,Wo,0.13668,0.23871,0.57257
OG0008708,Sp,0.11412,0.03475,3.28385
OG0008709,La,0.12257,0.11824,1.03666
OG0008709,Laeq,0.60918,0.19773,3.08085
OG0008709,Lgib,0.53363,0.17593,3.03327
OG0008709,Wa,0.45668,0.22073,2.06898
OG0008709,Wo,0.36198,0.25432,1.42331
OG0008709,Sp,0.06292,0.02354,2.67334
OG0008710,La,0.07487,0.12794,0.58522
OG0008710,Lgib,0.0362,0.09002,0.40216
OG0008710,Laeq,0.0726,0.12281,0.59115
OG0008710,Wa,0.08709,0.18449,0.47205
OG0008710,Wo,0.13783,0.19691,0.69998
OG0008710,Sp,0.0199,0.034,0.58538
OG0008714,La,8.20822,0.1711,47.97231
OG0008714,Laeq,0.24904,0.30502,0.81648
OG0008714,Lgib,0.131,0.2052,0.6384
OG0008714,Wa,7.31027,0.21378,34.19557
OG0008714,Wo,7.35787,0.26772,27.48388
OG0008714,Sp,0.17318,0.04823,3.5906
OG0008718,La,0.20085,0.13976,1.43709
OG0008718,Laeq,4.66195,0.24123,19.32606
OG0008718,Lgib,4.65397,0.20283,22.94565
OG0008718,Wa,0.83629,0.18552,4.50768
OG0008718,Wo,9.65841,0.21043,45.89941
OG0008718,Sp,3.93811,0.04401,89.48235
OG0008724,La,0.06535,0.11295,0.57861
OG0008724,Wa,0.15523,0.18276,0.84936
OG0008724,Wo,312.05556,0.19022,1640.49183
OG0008724,Laeq,0.12333,0.18772,0.65697
OG0008724,Lgib,0.06947,0.16002,0.43416
OG0008724,Sp,1085.78119,0.04635,23424.84654
OG0008728,La,0.03372,0.11122,0.30316
OG0008728,Laeq,0.15447,0.17887,0.86363
OG0008728,Lgib,0.16538,0.09872,1.67528
OG0008728,Sp,0.02611,0.06862,0.38051
OG0008728,Wa,0.16316,0.18749,0.87024
OG0008728,Wo,0.17977,0.22146,0.81174
OG0008733,La,0.09679,0.13421,0.72116
OG0008733,Laeq,0.13859,0.19061,0.72707
OG0008733,Lgib,2.53778,0.14463,17.54615
OG0008733,Wa,0.1321,0.18644,0.70853
OG0008733,Wo,0.21994,0.26762,0.82183
OG0008733,Sp,0.04034,0.05967,0.67606
OG0008736,La,0.02388,0.13267,0.17999
OG0008736,Sp,0.29231,0.15197,1.92355
OG0008736,Lgib,0.24475,0.0584,4.19079
OG0008736,Wa,0.93712,0.13672,6.85429
OG0008736,Wo,34.50933,0.18056,191.12348
OG0008738,La,0.10008,0.17392,0.57545
OG0008738,Laeq,0.26126,0.33061,0.79024
OG0008738,Lgib,0.20408,0.31905,0.63964
OG0008738,Wa,4.64482,0.31141,14.91567
OG0008738,Wo,4.71632,0.34458,13.6873
OG0008738,Sp,0.06238,0.07672,0.81314
OG0008744,La,14.35825,0.07103,202.14001
OG0008744,Laeq,14.3932,0.13068,110.14434
OG0008744,Lgib,19.60448,0.12112,161.85666
OG0008744,Wa,14.41035,0.1192,120.89654
OG0008744,Wo,14.39349,0.17632,81.63188
OG0008744,Sp,0.14429,0.0487,2.96307
OG0008745,La,0.05687,0.22933,0.24801
OG0008745,Sp,0.28396,0.31082,0.91359
OG0008745,Lgib,0.04038,0.21507,0.18776
OG0008745,Wa,0.09606,0.32278,0.2976
OG0008745,Wo,0.11239,0.44751,0.25113
OG0008745,Laeq,0.17681,0.03352,5.27545
OG0008746,La,2.17977,0.22706,9.60012
OG0008746,Laeq,4.46057,0.35232,12.66048
OG0008746,Lgib,4.46264,0.2919,15.2881
OG0008746,Wa,4.65788,0.40237,11.57613
OG0008746,Wo,4.72285,0.52746,8.95393
OG0008746,Sp,0.30719,0.02568,11.96243
OG0008748,La,0.11685,0.13876,0.8421
OG0008748,Wa,0.16126,0.21114,0.76379
OG0008748,Wo,0.36555,0.22835,1.60082
OG0008748,Laeq,0.1335,0.23257,0.57402
OG0008748,Lgib,0.11132,0.19517,0.57038
OG0008748,Sp,0.09897,0.05398,1.8334
OG0008749,La,0.13633,0.11146,1.22311
OG0008749,Laeq,0.3061,0.19228,1.5919
OG0008749,Lgib,0.63424,0.1227,5.16908
OG0008749,Wa,0.3055,0.21037,1.45224
OG0008749,Wo,0.72335,0.22317,3.24126
OG0008749,Sp,0.26662,0.05907,4.51364
OG0008751,La,0.08391,0.14826,0.566
OG0008751,Wa,0.15175,0.20323,0.7467
OG0008751,Wo,0.21973,0.18928,1.16086
OG0008751,Laeq,0.11644,0.17133,0.67965
OG0008751,Lgib,0.08529,0.15198,0.56119
OG0008751,Sp,0.02628,0.02988,0.87961
OG0008753,Laeq,0.06368,0.21148,0.30113
OG0008753,Lgib,0.04818,0.15522,0.31044
OG0008753,Wa,0.08473,0.17463,0.48518
OG0008753,Wo,0.10889,0.19384,0.56175
OG0008753,Sp,0.0196,0.02574,0.76164
OG0008757,La,6.42686,0.12635,50.86652
OG0008757,Laeq,6.07559,0.21358,28.44659
OG0008757,Lgib,5.95545,0.15326,38.85796
OG0008757,Wa,5.98048,0.17573,34.03256
OG0008757,Sp,0.05532,0.03534,1.56541
OG0008759,La,18.826,0.12526,150.29931
OG0008759,Laeq,18.37622,0.28693,64.04534
OG0008759,Lgib,8.00895,0.22707,35.27145
OG0008759,Wa,8.09119,0.25206,32.10031
OG0008759,Wo,13.53427,0.27663,48.92577
OG0008759,Sp,0.09872,0.06815,1.44845
OG0008763,La,0.23819,0.1372,1.73603
OG0008763,Laeq,0.46171,0.32059,1.4402
OG0008763,Lgib,0.41091,0.23095,1.77925
OG0008763,Wa,0.34506,0.23394,1.47495
OG0008763,Wo,0.37625,0.33185,1.13378
OG0008763,Sp,0.05653,0.09276,0.60942
OG0008764,La,0.04321,0.25206,0.17144
OG0008764,Sp,1.36088,0.21716,6.26679
OG0008764,Wa,0.08687,0.2158,0.40253
OG0008764,Wo,0.10536,0.29563,0.35641
OG0008764,Lgib,0.02064,0.05654,0.36507
OG0008769,La,0.14426,0.12928,1.11591
OG0008769,Wa,0.22204,0.13299,1.66959
OG0008769,Wo,0.25799,0.22947,1.12427
OG0008769,Laeq,0.10667,0.17782,0.59988
OG0008769,Lgib,28.50233,0.13941,204.45246
OG0008769,Sp,0.01895,0.05226,0.36251
OG0008773,La,1.46275,0.24152,6.05637
OG0008773,Laeq,1.49641,0.29268,5.11283
OG0008773,Lgib,1.47063,0.25624,5.73926
OG0008773,Wa,5.11443,0.21794,23.46725
OG0008773,Wo,0.3911,0.24279,1.61086
OG0008773,Sp,0.07277,0.01017,7.15639
OG0008775,La,0.07495,0.14724,0.50906
OG0008775,Wa,0.11251,0.20386,0.55192
OG0008775,Wo,0.30319,0.22399,1.35358
OG0008775,Laeq,0.09071,0.21766,0.41676
OG0008775,Lgib,0.08955,0.20161,0.44418
OG0008775,Sp,0.01124,0.01813,0.62015
OG0008776,La,0.06427,0.14095,0.45594
OG0008776,Laeq,0.06797,0.26317,0.25826
OG0008776,Lgib,0.06309,0.1676,0.37641
OG0008776,Wa,3603.45675,0.16268,22151.17672
OG0008776,Wo,11.19766,0.22551,49.6555
OG0008776,Sp,0.01366,0.03628,0.37642
OG0008777,La,1.14437,0.12673,9.02962
OG0008777,Laeq,60.4895,0.26511,228.1702
OG0008777,Lgib,13.63055,0.19849,68.67192
OG0008777,Wa,22.66244,0.26154,86.64953
OG0008777,Wo,23.7609,0.30793,77.16329
OG0008777,Sp,0.15543,0.07357,2.11259
OG0008778,La,9.07245,0.0874,103.80618
OG0008778,Laeq,9.07255,0.21686,41.83635
OG0008778,Lgib,9.0875,0.11673,77.85337
OG0008778,Wa,9.08214,0.14833,61.22796
OG0008778,Wo,9.10912,0.21164,43.04158
OG0008778,Sp,0.03423,0.09862,0.34713
OG0008779,La,0.16209,0.13185,1.22934
OG0008779,Laeq,13.22647,0.27083,48.83741
OG0008779,Lgib,0.72216,0.32717,2.20731
OG0008779,Wa,0.53739,0.30502,1.76185
OG0008779,Wo,13.35875,0.33916,39.38717
OG0008779,Sp,16.58955,0.11492,144.35783
OG0008781,La,1.11958,0.16865,6.63844
OG0008781,Laeq,2.27025,0.27112,8.37356
OG0008781,Lgib,2.25092,0.23236,9.68736
OG0008781,Wa,1.13473,0.19451,5.83383
OG0008781,Wo,1.16577,0.24071,4.84294
OG0008781,Sp,0.01107,0.04741,0.2335
OG0008783,La,0.12728,0.09671,1.31612
OG0008783,Laeq,6.52927,0.19579,33.34812
OG0008783,Lgib,7.61065,0.18447,41.25699
OG0008783,Wa,0.15444,0.23393,0.6602
OG0008783,Wo,8.63626,0.3899,22.14978
OG0008783,Sp,0.03215,0.06537,0.49182
OG0008786,La,10.54776,0.1415,74.54425
OG0008786,Laeq,10.63405,0.22477,47.31007
OG0008786,Lgib,11.03134,0.22426,49.19106
OG0008786,Wa,4.60975,0.22192,20.77232
OG0008786,Wo,4.60032,0.24387,18.86368
OG0008786,Sp,0.0322,0.05365,0.60015
OG0008789,La,0.13046,0.19279,0.67666
OG0008789,Wa,9.96459,0.25503,39.07188
OG0008789,Wo,18.14853,0.32048,56.62976
OG0008789,Laeq,0.78572,0.22398,3.50807
OG0008789,Lgib,0.17875,0.20401,0.87621
OG0008789,Sp,21.23221,0.01397,1519.40845
OG0008795,La,0.06597,0.17005,0.38792
OG0008795,Laeq,0.08992,0.21013,0.42792
OG0008795,Lgib,0.07239,0.17241,0.41989
OG0008795,Wa,0.07528,0.16048,0.46908
OG0008795,Wo,0.09771,0.19989,0.48884
OG0008795,Sp,0.54012,0.03209,16.83095
OG0008799,La,0.02076,0.10567,0.19647
OG0008799,Wa,0.03374,0.15002,0.2249
OG0008799,Wo,0.03304,0.15535,0.21267
OG0008799,Laeq,0.03137,0.18166,0.17269
OG0008799,Lgib,0.02482,0.12169,0.20392
OG0008799,Sp,0.01767,0.03703,0.47724
OG0008800,La,0.07665,0.0948,0.80846
OG0008800,Wa,0.21111,0.17263,1.22292
OG0008800,Wo,0.22161,0.17125,1.29408
OG0008800,Laeq,0.18862,0.20884,0.90317
OG0008800,Lgib,0.138,0.14075,0.98041
OG0008800,Sp,0.03183,0.03867,0.82329
OG0008805,La,0.12256,0.10084,1.21536
OG0008805,Laeq,0.17244,0.1855,0.92958
OG0008805,Lgib,1.41227,0.15734,8.97604
OG0008805,Wa,0.15464,0.20424,0.75713
OG0008805,Wo,0.28818,0.27508,1.04763
OG0008805,Sp,0.1769,0.0238,7.43391
OG0008806,La,0.05708,0.10295,0.55446
OG0008806,Laeq,0.08605,0.21537,0.39954
OG0008806,Lgib,0.07074,0.22309,0.31711
OG0008806,Wa,0.12265,0.28207,0.43481
OG0008806,Wo,0.20133,0.42466,0.47409
OG0008806,Sp,0.04914,0.01279,3.84234
OG0008808,La,0.15813,0.06231,2.5376
OG0008808,Laeq,4.93,0.16539,29.80835
OG0008808,Lgib,4.92071,0.13668,36.00221
OG0008808,Wa,0.07687,0.13234,0.58089
OG0008808,Wo,0.10454,0.14708,0.7108
OG0008808,Sp,0.0533,0.04877,1.09285
OG0008809,La,3.53839,0.12623,28.03091
OG0008809,Laeq,2.83137,0.1613,17.55291
OG0008809,Lgib,0.23176,0.1429,1.62186
OG0008809,Wa,0.15564,0.15152,1.0272
OG0008809,Wo,0.46278,0.17448,2.65232
OG0008809,Sp,0.04557,0.03394,1.34259
OG0008812,La,0.0379,0.10683,0.35478
OG0008812,Laeq,2.77035,0.15907,17.4157
OG0008812,Lgib,0.6064,0.1191,5.0914
OG0008812,Wa,0.08129,0.15749,0.51612
OG0008812,Wo,0.08549,0.1956,0.43706
OG0008812,Sp,0.01686,0.03445,0.48931
OG0008814,La,0.03778,0.16778,0.22516
OG0008814,Wa,114.50794,0.2334,490.60174
OG0008814,Wo,541.9692,0.30806,1759.26954
OG0008814,Laeq,0.03165,0.25368,0.12475
OG0008814,Lgib,0.02868,0.19899,0.14412
OG0008814,Sp,0.70896,0.03254,21.78534
OG0008816,La,4.91898,0.15873,30.9901
OG0008816,Laeq,4.97834,0.21196,23.48729
OG0008816,Lgib,5.06034,0.20976,24.12458
OG0008816,Wa,5.13226,0.25466,20.15301
OG0008816,Wo,5.12578,0.26163,19.59204
OG0008816,Sp,26.30057,0.05907,445.26598
OG0008825,La,0.01376,0.08361,0.1646
OG0008825,Laeq,0.01603,0.16175,0.0991
OG0008825,Lgib,0.01142,0.13894,0.08219
OG0008825,Wa,0.01707,0.13328,0.1281
OG0008825,Wo,0.0139,0.15999,0.08686
OG0008825,Sp,0.0034,0.03089,0.11021
OG0008826,La,3.66999,0.09725,37.73882
OG0008826,Wa,3.92706,0.19558,20.07864
OG0008826,Wo,3.70699,0.22528,16.45499
OG0008826,Laeq,4.55714,0.17006,26.79791
OG0008826,Lgib,4.53545,0.13127,34.55098
OG0008826,Sp,0.02918,0.06968,0.41881
OG0008827,La,9.37991,0.0846,110.87501
OG0008827,Laeq,9.42888,0.13804,68.30763
OG0008827,Lgib,9.40307,0.1195,78.68403
OG0008827,Wa,13.6076,0.20454,66.52804
OG0008827,Wo,9.68938,0.21144,45.82513
OG0008827,Sp,0.0408,0.08066,0.50578
OG0008832,La,0.08841,0.10798,0.81868
OG0008832,Laeq,2.23855,0.18541,12.07366
OG0008832,Lgib,0.0935,0.15205,0.61491
OG0008832,Wa,0.09744,0.17771,0.5483
OG0008832,Wo,0.10199,0.19439,0.52465
OG0008832,Sp,0.02535,0.03233,0.784
OG0008834,La,0.05875,0.09346,0.62859
OG0008834,Laeq,0.11843,0.24679,0.47989
OG0008834,Lgib,1.87485,0.21564,8.69448
OG0008834,Wa,6.14623,0.32798,18.73953
OG0008834,Wo,6.22572,0.27678,22.49307
OG0008834,Sp,3.19541,0.07769,41.13117
OG0008835,La,0.07927,0.08759,0.90505
OG0008835,Laeq,0.1701,0.17405,0.9773
OG0008835,Lgib,0.15148,0.14907,1.01616
OG0008835,Wa,0.21705,0.27666,0.78455
OG0008835,Wo,0.20953,0.30243,0.69283
OG0008835,Sp,0.03276,0.03833,0.85465
OG0008837,La,0.65732,0.13677,4.80611
OG0008837,Laeq,0.70057,0.23108,3.03171
OG0008837,Lgib,0.70301,0.19584,3.58961
OG0008837,Wa,1.79315,0.20662,8.67869
OG0008837,Wo,0.71855,0.26942,2.66702
OG0008837,Sp,0.0336,0.03656,0.91902
OG0008845,La,0.04359,0.06944,0.62765
OG0008845,Laeq,0.07909,0.22348,0.35392
OG0008845,Lgib,6.78644,0.17426,38.9434
OG0008845,Wa,0.07855,0.13645,0.57567
OG0008845,Wo,0.10244,0.19536,0.52437
OG0008845,Sp,0.0124,0.02932,0.42301
OG0008851,La,0.03166,0.08463,0.37406
OG0008851,Sp,4.92745,0.09691,50.84719
OG0008851,Laeq,0.04234,0.18974,0.22316
OG0008851,Lgib,0.05579,0.11225,0.49702
OG0008851,Wa,0.1436,0.28093,0.51114
OG0008851,Wo,0.14704,0.16157,0.91005
OG0008855,La,3.27459,0.12241,26.7515
OG0008855,Laeq,3.32133,0.19676,16.87977
OG0008855,Lgib,3.24501,0.16331,19.87049
OG0008855,Wa,3.27177,0.1951,16.76932
OG0008855,Wo,3.32493,0.36945,8.99959
OG0008855,Sp,0.18668,0.0529,3.52915
OG0008857,La,0.24751,0.11809,2.09584
OG0008857,Laeq,0.28715,0.16733,1.7161
OG0008857,Lgib,0.26332,0.13157,2.00134
OG0008857,Wa,0.2722,0.15923,1.70951
OG0008857,Wo,0.30874,0.18154,1.70064
OG0008857,Sp,0.02301,0.02952,0.77921
OG0008860,La,0.1148,0.12394,0.92626
OG0008860,Laeq,0.18785,0.17965,1.04563
OG0008860,Lgib,0.15861,0.1463,1.0841
OG0008860,Wa,0.17181,0.16213,1.05968
OG0008860,Wo,0.20164,0.19049,1.0585
OG0008860,Sp,0.03523,0.04529,0.77786
OG0008861,La,0.0766,0.12476,0.61394
OG0008861,Laeq,0.27905,0.15973,1.74704
OG0008861,Lgib,0.27194,0.15576,1.74589
OG0008861,Wa,0.09322,0.13994,0.66615
OG0008861,Wo,0.13412,0.17045,0.78689
OG0008861,Sp,0.01871,0.03773,0.49584
OG0008862,La,0.04534,0.22243,0.20385
OG0008862,Laeq,0.16589,0.3514,0.47207
OG0008862,Lgib,0.10337,0.2423,0.42662
OG0008862,Wa,0.06796,0.19457,0.34929
OG0008862,Wo,0.09936,0.17281,0.57495
OG0008862,Sp,0.01756,0.0335,0.52436
OG0008864,La,176.07192,0.17115,1028.77378
OG0008864,Sp,190.95233,0.14298,1335.55453
OG0008864,Laeq,176.18912,0.17055,1033.09252
OG0008864,Lgib,177.15672,0.19811,894.21525
OG0008864,Wa,3.05245,0.13066,23.36185
OG0008864,Wo,0.10304,0.14651,0.70329
OG0008865,La,7.51885,0.13298,56.54306
OG0008865,Laeq,7.62331,0.25762,29.59142
OG0008865,Lgib,7.73298,0.2112,36.61398
OG0008865,Wa,7.76476,0.27153,28.59584
OG0008865,Wo,7.62566,0.31187,24.45167
OG0008865,Sp,0.06085,0.06122,0.99386
OG0008868,La,0.05184,0.15349,0.33774
OG0008868,Wa,0.11193,0.19709,0.56791
OG0008868,Wo,0.11906,0.25598,0.46511
OG0008868,Laeq,0.1186,0.24855,0.47715
OG0008868,Lgib,0.08869,0.18714,0.47389
OG0008868,Sp,0.00925,0.04066,0.22744
OG0008873,La,0.0546,0.18951,0.28813
OG0008873,Laeq,0.13439,0.28746,0.46753
OG0008873,Lgib,0.1799,0.28085,0.64055
OG0008873,Wa,0.13425,0.1695,0.79203
OG0008873,Wo,0.13631,0.20592,0.66193
OG0008873,Sp,0.2134,0.03299,6.46814
OG0008874,La,0.01807,0.11986,0.15078
OG0008874,Wa,0.07907,0.18577,0.42562
OG0008874,Wo,0.0793,0.25197,0.31472
OG0008874,Laeq,0.03673,0.20925,0.17554
OG0008874,Lgib,0.03269,0.12809,0.25518
OG0008874,Sp,0.00617,0.02489,0.24771
OG0008875,La,0.07747,0.11305,0.6853
OG0008875,Wa,0.17935,0.18252,0.98262
OG0008875,Wo,0.20446,0.21747,0.94021
OG0008875,Laeq,0.17008,0.16558,1.02715
OG0008875,Lgib,0.10308,0.10315,0.99937
OG0008875,Sp,0.03445,0.04527,0.76104
OG0008877,La,0.0838,0.11383,0.73618
OG0008877,Laeq,3.78994,0.18374,20.62688
OG0008877,Lgib,0.102,0.12446,0.81955
OG0008877,Wa,8.37492,0.16323,51.30846
OG0008877,Sp,4.0201,0.05112,78.64714
OG0008880,La,0.07131,0.07825,0.91137
OG0008880,Laeq,0.03527,0.14494,0.24337
OG0008880,Lgib,0.02462,0.14114,0.17443
OG0008880,Wa,0.05294,0.17043,0.31062
OG0008880,Wo,0.05515,0.17892,0.30823
OG0008880,Sp,0.01087,0.04347,0.25007
OG0008882,La,0.08128,0.10446,0.7781
OG0008882,Laeq,0.1451,0.18821,0.77094
OG0008882,Lgib,0.14328,0.10736,1.33455
OG0008882,Wa,8.78569,0.15761,55.74458
OG0008882,Wo,0.48818,0.1655,2.94973
OG0008882,Sp,0.03698,0.03752,0.98572
OG0008884,La,0.39989,0.08819,4.53457
OG0008884,Laeq,10.39433,0.17068,60.8988
OG0008884,Lgib,1.92394,0.23132,8.31727
OG0008884,Wa,4.73902,0.21472,22.07024
OG0008884,Wo,4.9605,0.25348,19.56951
OG0008884,Sp,0.01284,0.05493,0.23378
OG0008887,La,0.08973,0.10662,0.84166
OG0008887,Laeq,0.47913,0.40065,1.19589
OG0008887,Lgib,0.47386,0.29758,1.59238
OG0008887,Wa,0.23118,0.18248,1.26686
OG0008887,Wo,0.30317,0.28461,1.06522
OG0008887,Sp,0.02056,0.03686,0.55767
OG0008892,La,6.29252,0.12721,49.46463
OG0008892,Laeq,0.87142,0.22967,3.79423
OG0008892,Lgib,0.69001,0.21724,3.17631
OG0008892,Wa,0.6663,0.24017,2.77424
OG0008892,Wo,0.65211,0.29385,2.21919
OG0008892,Sp,0.04102,0.06874,0.59683
OG0008893,La,11.74574,0.14991,78.35309
OG0008893,Laeq,11.79587,0.25586,46.10237
OG0008893,Lgib,11.78103,0.20194,58.33927
OG0008893,Wa,917.42998,0.20383,4500.9527
OG0008893,Wo,917.5822,0.22804,4023.73143
OG0008893,Sp,1.94133,0.01994,97.37457
OG0008894,La,0.15582,0.15417,1.01067
OG0008894,Laeq,4.435,0.26595,16.67613
OG0008894,Lgib,0.16985,0.19997,0.8494
OG0008894,Wa,15.49513,0.21651,71.56755
OG0008894,Wo,15.66924,0.24137,64.91786
OG0008894,Sp,1.35195,0.07689,17.58311
OG0008895,La,0.03843,0.10177,0.37766
OG0008895,Laeq,0.05012,0.19966,0.25103
OG0008895,Lgib,0.05139,0.15265,0.33667
OG0008895,Wa,0.05164,0.17957,0.28758
OG0008895,Wo,0.05552,0.22226,0.24979
OG0008895,Sp,0.02484,0.0612,0.40591
OG0008896,La,0.48109,0.17505,2.74821
OG0008896,Laeq,3.57974,0.2624,13.64253
OG0008896,Lgib,3.44137,0.23587,14.59027
OG0008896,Wa,0.50951,0.25359,2.00919
OG0008896,Wo,0.50737,0.26898,1.88631
OG0008896,Sp,0.01925,0.03024,0.63671
OG0008897,La,0.03246,0.12822,0.25313
OG0008897,Laeq,0.18885,0.15354,1.22994
OG0008897,Lgib,0.03885,0.12311,0.31558
OG0008897,Wa,0.0628,0.18596,0.3377
OG0008897,Wo,7.80345,0.17494,44.60769
OG0008897,Sp,0.0059,0.03082,0.19155
OG0008900,La,0.05919,0.12691,0.46638
OG0008900,Laeq,0.12931,0.24372,0.53059
OG0008900,Lgib,0.05919,0.19589,0.30215
OG0008900,Wa,0.09461,0.28522,0.3317
OG0008900,Wo,0.18975,0.29946,0.63364
OG0008900,Sp,0.07197,0.04439,1.62133
OG0008901,La,6.33355,0.12501,50.66484
OG0008901,Laeq,6.48012,0.24398,26.56004
OG0008901,Lgib,6.4241,0.15586,41.21829
OG0008901,Wa,6.56251,0.19483,33.68269
OG0008901,Wo,6.5579,0.21524,30.46824
OG0008901,Sp,11.48178,0.07387,155.43183
OG0008905,La,12.12748,0.10009,121.16708
OG0008905,Laeq,0.02647,0.24666,0.10733
OG0008905,Lgib,0.05027,0.17947,0.28008
OG0008905,Wa,0.04098,0.19014,0.21553
OG0008905,Wo,0.03895,0.25814,0.15087
OG0008905,Sp,0.00788,0.04606,0.17116
OG0008906,La,1.30553,0.09809,13.30964
OG0008906,Laeq,0.10352,0.19914,0.51982
OG0008906,Lgib,0.09675,0.15884,0.60908
OG0008906,Wa,0.08325,0.21491,0.38738
OG0008906,Wo,0.16952,0.39381,0.43045
OG0008906,Sp,0.0091,0.04512,0.20165
OG0008908,La,0.18299,0.13095,1.39732
OG0008908,Laeq,0.0921,0.1667,0.55249
OG0008908,Lgib,0.0838,0.13727,0.61043
OG0008908,Wa,0.15146,0.19741,0.76724
OG0008908,Wo,0.29636,0.21599,1.37208
OG0008908,Sp,0.60983,0.04199,14.52407
OG0008909,La,0.02764,0.08509,0.32486
OG0008909,Laeq,0.35553,0.26659,1.33363
OG0008909,Lgib,0.16685,0.1982,0.84184
OG0008909,Wa,1.61562,0.21051,7.67485
OG0008909,Wo,0.11492,0.17232,0.66688
OG0008909,Sp,0.05131,0.09783,0.52441
OG0008911,La,3.06861,0.13339,23.00404
OG0008911,Laeq,3.28727,0.20349,16.1544
OG0008911,Lgib,2.98037,0.17327,17.2007
OG0008911,Wa,0.1422,0.17203,0.82659
OG0008911,Wo,0.27226,0.20617,1.32056
OG0008911,Sp,0.02583,0.04332,0.59634
OG0008916,La,0.03775,0.10579,0.35687
OG0008916,Wa,0.05578,0.18809,0.29659
OG0008916,Wo,0.05688,0.20289,0.28036
OG0008916,Laeq,0.05319,0.16098,0.33042
OG0008916,Lgib,0.03165,0.12611,0.25098
OG0008916,Sp,0.00858,0.02217,0.38715
OG0008919,La,0.0085,0.1385,0.0614
OG0008919,Laeq,0.01914,0.23351,0.08195
OG0008919,Lgib,0.01064,0.18214,0.05841
OG0008919,Wa,0.01061,0.15454,0.06867
OG0008919,Wo,0.01273,0.19347,0.06579
OG0008919,Sp,0.0,0.02035,0.0
OG0008920,La,0.72904,0.09988,7.29918
OG0008920,Laeq,2.80571,0.20133,13.93573
OG0008920,Lgib,0.11871,0.14342,0.82771
OG0008920,Wa,0.36761,0.18515,1.98553
OG0008920,Wo,4.25709,0.24644,17.27412
OG0008920,Sp,0.01824,0.05083,0.35889
OG0008922,La,0.11675,0.12227,0.95486
OG0008922,Laeq,0.21759,0.20419,1.06563
OG0008922,Lgib,0.17897,0.16382,1.09243
OG0008922,Wa,8.88348,0.21251,41.8029
OG0008922,Wo,9.02642,0.2416,37.36041
OG0008922,Sp,7.5448,0.05109,147.66224
OG0008925,La,0.0636,0.12462,0.5104
OG0008925,Wa,0.10238,0.20755,0.49328
OG0008925,Wo,0.14367,0.19888,0.72237
OG0008925,Sp,0.0386,0.12512,0.30853
OG0008925,Lgib,0.09036,0.11815,0.76474
OG0008925,Laeq,0.06763,0.09269,0.72962
OG0008926,La,0.28179,0.15043,1.87322
OG0008926,Laeq,6.82611,0.26967,25.3124
OG0008926,Lgib,6.82523,0.18689,36.51931
OG0008926,Wa,0.38405,0.24723,1.55341
OG0008926,Wo,0.45069,0.38124,1.18218
OG0008926,Sp,0.09665,0.06022,1.60505
OG0008930,La,2.9385,0.15926,18.45051
OG0008930,Laeq,0.06363,0.25795,0.24667
OG0008930,Lgib,3.016,0.18882,15.97295
OG0008930,Wa,29.82302,0.17172,173.67615
OG0008930,Wo,0.34552,0.20532,1.68285
OG0008930,Sp,0.07903,0.03295,2.39856
OG0008931,La,0.73018,0.0955,7.6457
OG0008931,Laeq,0.11238,0.25781,0.43591
OG0008931,Lgib,0.11897,0.17983,0.66157
OG0008931,Wa,0.20087,0.24545,0.81837
OG0008931,Wo,0.17402,0.29979,0.58047
OG0008931,Sp,0.12042,0.02995,4.02091
OG0008935,La,0.01121,0.12204,0.09187
OG0008935,Laeq,0.01476,0.26078,0.05661
OG0008935,Lgib,0.01542,0.19426,0.07936
OG0008935,Wa,0.01883,0.15841,0.11888
OG0008935,Wo,0.02314,0.19074,0.12133
OG0008935,Sp,0.00858,0.10022,0.08565
OG0008940,La,0.07017,0.08901,0.78836
OG0008940,Laeq,2.38855,0.12531,19.06164
OG0008940,Lgib,2.37188,0.11137,21.2967
OG0008940,Wa,6.01905,0.12435,48.40274
OG0008940,Wo,0.11925,0.16599,0.71841
OG0008940,Sp,0.01908,0.06643,0.28725
OG0008942,La,0.07535,0.10128,0.74396
OG0008942,Laeq,0.1223,0.17858,0.68488
OG0008942,Lgib,0.09144,0.14695,0.62229
OG0008942,Wa,0.14843,0.21275,0.69768
OG0008942,Wo,0.2126,0.25645,0.82899
OG0008942,Sp,0.3252,0.02893,11.24079
OG0008943,La,27.05362,0.12963,208.70141
OG0008943,Laeq,27.19559,0.31679,85.8472
OG0008943,Lgib,27.34928,0.25311,108.05337
OG0008943,Wa,27.10703,0.25872,104.77421
OG0008943,Wo,27.20229,0.29526,92.1287
OG0008943,Sp,17.35906,0.10196,170.25367
OG0008947,La,0.26893,0.13928,1.93082
OG0008947,Laeq,0.32494,0.19601,1.65775
OG0008947,Lgib,0.23292,0.1189,1.95892
OG0008947,Wa,0.33892,0.14201,2.38657
OG0008947,Wo,10.37909,0.15276,67.94369
OG0008947,Sp,1.65095,0.05181,31.86681
OG0008948,La,0.03612,0.10954,0.32974
OG0008948,Laeq,0.11393,0.21178,0.53798
OG0008948,Lgib,0.08531,0.18663,0.45714
OG0008948,Wa,0.10296,0.17868,0.57621
OG0008948,Wo,0.65169,0.16037,4.06369
OG0008948,Sp,0.00251,0.10296,0.02441
OG0008952,La,0.06459,0.11289,0.57213
OG0008952,Laeq,4.4632,0.25902,17.23132
OG0008952,Lgib,4.42971,0.20182,21.94876
OG0008952,Wa,6.24443,0.26047,23.9741
OG0008952,Wo,0.27719,0.38653,0.71713
OG0008952,Sp,0.04917,0.05117,0.96088
OG0008954,La,5.76226,0.17984,32.04128
OG0008954,Laeq,0.76161,0.26191,2.9079
OG0008954,Lgib,6.1292,0.24634,24.88086
OG0008954,Wa,1.42406,0.23503,6.05918
OG0008954,Wo,0.86863,0.31032,2.79918
OG0008954,Sp,0.1082,0.07832,1.38152
OG0008955,La,0.0462,0.08852,0.52196
OG0008955,Laeq,0.0676,0.13381,0.5052
OG0008955,Lgib,0.04376,0.10415,0.42016
OG0008955,Wa,0.0692,0.14325,0.48308
OG0008955,Wo,0.15461,0.17395,0.88883
OG0008955,Sp,0.02944,0.05145,0.57229
OG0008958,La,0.20123,0.15891,1.26627
OG0008958,Laeq,0.18634,0.3044,0.61213
OG0008958,Lgib,5.50879,0.20205,27.26474
OG0008958,Wa,2.76861,0.20003,13.84078
OG0008958,Wo,3.34756,0.26544,12.61135
OG0008958,Sp,0.09857,0.02954,3.3371
OG0008959,La,0.02801,0.09234,0.3033
OG0008959,Lgib,0.55519,0.09207,6.02984
OG0008959,Wa,0.04395,0.15399,0.28539
OG0008959,Wo,0.06382,0.19121,0.33376
OG0008959,Sp,0.00874,0.03522,0.24818
OG0008965,La,0.03577,0.16767,0.21331
OG0008965,Laeq,0.52113,0.25012,2.0835
OG0008965,Lgib,1.09588,0.16909,6.48085
OG0008965,Wa,0.05811,0.17208,0.3377
OG0008965,Wo,0.07065,0.19863,0.35572
OG0008965,Sp,0.00958,0.01822,0.52591
OG0008966,La,1.09148,0.10015,10.89792
OG0008966,Laeq,1.09089,0.1524,7.15827
OG0008966,Lgib,1.0825,0.12167,8.89681
OG0008966,Wa,1.10022,0.15987,6.88205
OG0008966,Wo,1.10757,0.17441,6.35054
OG0008966,Sp,0.0087,0.04813,0.18068
OG0008968,La,0.03624,0.10162,0.35665
OG0008968,Wa,0.05956,0.18058,0.32981
OG0008968,Wo,1.54371,0.22448,6.87683
OG0008968,Laeq,0.03536,0.23599,0.14983
OG0008968,Lgib,3.68184,0.21547,17.08778
OG0008968,Sp,0.01192,0.05813,0.20505
OG0008969,La,0.04007,0.15147,0.26456
OG0008969,Laeq,0.11747,0.1941,0.60521
OG0008969,Lgib,0.06687,0.14865,0.44982
OG0008969,Wa,2.11567,0.22375,9.45547
OG0008969,Wo,0.19255,0.22955,0.83882
OG0008969,Sp,0.02605,0.04296,0.6063
OG0008970,La,0.20253,0.16516,1.22627
OG0008970,Laeq,0.23775,0.35371,0.67216
OG0008970,Lgib,0.16693,0.26304,0.63464
OG0008970,Wa,0.23404,0.19733,1.18604
OG0008970,Wo,0.27462,0.27653,0.99309
OG0008970,Sp,23.00972,0.01214,1895.74436
OG0008971,La,0.03183,0.19185,0.16592
OG0008971,Laeq,1.96093,0.28121,6.97316
OG0008971,Lgib,1.96198,0.18335,10.7005
OG0008971,Wa,0.05817,0.21511,0.2704
OG0008971,Wo,0.05667,0.22793,0.24861
OG0008971,Sp,0.02628,0.04215,0.62344
OG0008972,La,0.22362,0.14344,1.55896
OG0008972,Laeq,0.80938,0.15,5.39576
OG0008972,Lgib,0.77854,0.10538,7.38775
OG0008972,Wa,0.22337,0.17748,1.25861
OG0008972,Wo,0.22543,0.19274,1.16958
OG0008972,Sp,0.03059,0.04048,0.75581
OG0008975,La,3.17744,0.09538,33.31386
OG0008975,Laeq,0.08904,0.18781,0.4741
OG0008975,Lgib,0.10105,0.12242,0.82543
OG0008975,Wa,0.10339,0.21581,0.47907
OG0008975,Wo,22.46231,0.2356,95.34193
OG0008975,Sp,0.01887,0.0306,0.61683
OG0008978,La,0.03239,0.28959,0.11184
OG0008978,Laeq,7.23734,0.80079,9.03773
OG0008978,Lgib,0.04804,0.38311,0.1254
OG0008978,Wa,5.47602,0.38032,14.39857
OG0008978,Sp,0.01166,0.02823,0.41297
OG0008979,La,0.45721,0.11699,3.90809
OG0008979,Laeq,9.68537,0.29944,32.3454
OG0008979,Lgib,0.35823,0.21789,1.64406
OG0008979,Wa,1194.77945,0.18226,6555.3798
OG0008979,Wo,1196.9456,0.25394,4713.42799
OG0008979,Sp,0.07552,0.04003,1.88687
OG0008981,La,0.04465,0.08212,0.54372
OG0008981,Laeq,125.27544,0.13987,895.65858
OG0008981,Lgib,126.06433,0.11745,1073.35302
OG0008981,Wa,121.51577,0.17498,694.43907
OG0008981,Wo,121.74067,0.25854,470.88398
OG0008981,Sp,0.08673,0.0802,1.08151
OG0008989,La,0.06683,0.14109,0.4737
OG0008989,Laeq,0.06119,0.19458,0.31445
OG0008989,Lgib,0.05225,0.15372,0.33991
OG0008989,Wa,0.08647,0.21581,0.40068
OG0008989,Wo,0.09507,0.22995,0.41343
OG0008989,Sp,0.01385,0.03395,0.408
OG0009002,La,34.72639,0.19001,182.76066
OG0009002,Sp,15.77982,0.24245,65.08493
OG0009002,Wa,0.08974,0.287,0.31268
OG0009002,Wo,0.5156,0.32456,1.58859
OG0009002,Laeq,9.68352,0.17352,55.80637
OG0009002,Lgib,9.58167,0.08785,109.06312
OG0009005,La,0.04507,0.12958,0.34781
OG0009005,Laeq,0.07464,0.20051,0.37224
OG0009005,Lgib,0.14445,0.16498,0.8756
OG0009005,Wa,0.07663,0.18731,0.40911
OG0009005,Wo,0.09673,0.22604,0.42794
OG0009005,Sp,0.01336,0.04075,0.32795
OG0009007,La,0.04264,0.11572,0.36844
OG0009007,Laeq,0.04378,0.28121,0.1557
OG0009007,Lgib,0.02506,0.18444,0.13585
OG0009007,Wa,0.11446,0.22107,0.51776
OG0009007,Wo,1.92868,0.22626,8.5242
OG0009007,Sp,0.0094,0.03156,0.29774
OG0009008,La,0.19868,0.12539,1.58445
OG0009008,Wa,0.13851,0.16977,0.8159
OG0009008,Wo,0.15789,0.19376,0.81485
OG0009008,Laeq,0.09547,0.20087,0.47529
OG0009008,Lgib,2.06495,0.11915,17.33068
OG0009008,Sp,0.04522,0.03791,1.19285
OG0009009,La,0.05364,0.11643,0.46072
OG0009009,Laeq,0.06724,0.25438,0.26435
OG0009009,Lgib,0.03741,0.21533,0.17372
OG0009009,Wa,0.06394,0.12532,0.5102
OG0009009,Wo,1.23662,0.16407,7.53706
OG0009009,Sp,0.00369,0.02214,0.16682
OG0009010,La,0.04455,0.05966,0.7466
OG0009010,Laeq,1.40225,0.1468,9.55232
OG0009010,Lgib,1.50196,0.10719,14.01211
OG0009010,Sp,22.55057,0.16146,139.67011
OG0009010,Wa,0.12611,0.17528,0.71948
OG0009010,Wo,0.20281,0.17687,1.14668
OG0009013,La,0.04732,0.10724,0.44122
OG0009013,Laeq,0.07229,0.19061,0.37927
OG0009013,Lgib,0.1296,0.18671,0.69412
OG0009013,Wa,0.12969,0.15754,0.82322
OG0009013,Wo,0.09162,0.24112,0.37999
OG0009013,Sp,0.01437,0.06575,0.21858
OG0009017,La,2.63323,0.11841,22.23824
OG0009017,Laeq,0.17677,0.22525,0.78476
OG0009017,Lgib,0.43587,0.16205,2.68977
OG0009017,Wa,0.1613,0.19782,0.8154
OG0009017,Wo,0.15163,0.26762,0.56657
OG0009017,Sp,0.03757,0.02264,1.6595
OG0009018,La,0.05875,0.15723,0.37365
OG0009018,Laeq,0.19658,0.17147,1.14643
OG0009018,Lgib,0.0483,0.13775,0.35062
OG0009018,Wa,0.09388,0.18238,0.51477
OG0009018,Wo,0.46656,0.18286,2.55144
OG0009018,Sp,0.02974,0.03299,0.90133
OG0009022,La,0.03999,0.11593,0.34498
OG0009022,Wa,0.07009,0.19954,0.35125
OG0009022,Wo,9.65929,0.20941,46.12654
OG0009022,Laeq,14.56871,0.21009,69.34409
OG0009022,Lgib,0.05374,0.16628,0.32319
OG0009022,Sp,0.01873,0.02936,0.63783
OG0009024,La,0.25688,0.07725,3.32506
OG0009024,Sp,0.04826,0.1516,0.31836
OG0009024,Laeq,0.0519,0.21482,0.24158
OG0009024,Lgib,0.04536,0.15706,0.28879
OG0009024,Wa,0.0493,0.08276,0.59572
OG0009024,Wo,0.05084,0.14265,0.35641
OG0009027,La,0.0521,0.11596,0.44929
OG0009027,Wa,0.05683,0.18717,0.30361
OG0009027,Wo,0.12345,0.21354,0.5781
OG0009027,Laeq,0.05643,0.1927,0.29284
OG0009027,Lgib,0.29269,0.16402,1.78444
OG0009027,Sp,0.01925,0.02756,0.69853
OG0009029,La,0.08725,0.08916,0.97849
OG0009029,Laeq,0.12449,0.14299,0.8706
OG0009029,Lgib,0.09809,0.10294,0.95287
OG0009029,Wa,0.11095,0.20344,0.54538
OG0009029,Wo,0.15299,0.25368,0.60307
OG0009029,Sp,11.64652,0.08108,143.64548
OG0009033,La,0.08911,0.11122,0.80118
OG0009033,Laeq,0.2819,0.16717,1.68628
OG0009033,Lgib,0.09791,0.14326,0.68342
OG0009033,Wa,0.16997,0.19266,0.88224
OG0009033,Wo,4.52502,0.22591,20.03044
OG0009033,Sp,0.04266,0.02209,1.93131
OG0009039,La,0.0254,0.13857,0.18331
OG0009039,Laeq,1.85318,0.24094,7.69142
OG0009039,Lgib,0.03281,0.19363,0.16944
OG0009039,Wa,0.21353,0.21486,0.99384
OG0009039,Wo,0.55475,0.24001,2.31136
OG0009039,Sp,0.00759,0.02915,0.26025
OG0009040,La,0.11237,0.10014,1.12217
OG0009040,Wa,9.24194,0.28745,32.15161
OG0009040,Wo,9.53894,0.50993,18.70619
OG0009040,Laeq,0.13155,0.20401,0.64481
OG0009040,Lgib,0.07214,0.12747,0.56591
OG0009040,Sp,0.03802,0.06554,0.58002
OG0009041,La,0.11328,0.21551,0.52562
OG0009041,Laeq,0.20672,0.28819,0.71731
OG0009041,Lgib,0.23672,0.26827,0.88237
OG0009041,Wa,4.43386,0.3704,11.97029
OG0009041,Wo,0.36442,0.37894,0.96168
OG0009041,Sp,0.01622,0.09399,0.17257
OG0009047,Laeq,0.29094,0.18391,1.582
OG0009047,Lgib,0.265,0.14612,1.8136
OG0009047,Wa,0.29472,0.18856,1.56306
OG0009047,Wo,0.754,0.21806,3.4577
OG0009047,Sp,0.02106,0.02325,0.90598
OG0009048,La,0.11836,0.11744,1.00789
OG0009048,Laeq,0.18089,0.18002,1.00484
OG0009048,Lgib,0.13064,0.13828,0.94477
OG0009048,Wa,0.27722,0.17726,1.56396
OG0009048,Wo,0.30287,0.22022,1.37532
OG0009048,Sp,0.03345,0.038,0.8804
OG0009049,La,3.96427,0.14195,27.92644
OG0009049,Laeq,3.9955,0.22868,17.47204
OG0009049,Lgib,4.12626,0.19051,21.65888
OG0009049,Wa,0.49455,0.18176,2.72095
OG0009049,Wo,0.2301,0.21364,1.07706
OG0009049,Sp,0.04309,0.01848,2.33182
OG0009052,La,0.04984,0.0872,0.57157
OG0009052,Laeq,0.18908,0.38733,0.48815
OG0009052,Lgib,0.14297,0.19991,0.71517
OG0009052,Wa,14.12747,0.26664,52.98236
OG0009052,Wo,5.03134,0.26225,19.18538
OG0009052,Sp,0.0151,0.03496,0.432
OG0009057,La,0.13136,0.12033,1.09166
OG0009057,Laeq,0.30474,0.31958,0.95359
OG0009057,Lgib,0.79866,0.28361,2.81609
OG0009057,Wa,11.78632,0.33667,35.00813
OG0009057,Wo,0.3222,0.36904,0.87309
OG0009057,Sp,15.6516,0.08025,195.02546
OG0009062,La,0.05924,0.19366,0.30591
OG0009062,Laeq,0.21332,0.24944,0.85518
OG0009062,Lgib,0.16405,0.22528,0.7282
OG0009062,Wa,0.08889,0.22526,0.39461
OG0009062,Wo,0.10579,0.25265,0.41873
OG0009062,Sp,0.01561,0.016,0.97592
OG0009063,La,0.04325,0.0955,0.45286
OG0009063,Wa,0.08078,0.16499,0.48962
OG0009063,Wo,0.11545,0.21134,0.54626
OG0009063,Laeq,0.05995,0.13852,0.43276
OG0009063,Lgib,0.04895,0.11071,0.44211
OG0009063,Sp,0.00986,0.027,0.36512
OG0009064,La,0.03457,0.10958,0.31551
OG0009064,Laeq,0.86043,0.17103,5.03102
OG0009064,Lgib,0.84507,0.15325,5.51429
OG0009064,Wa,0.09459,0.19708,0.47996
OG0009064,Wo,0.10694,0.21358,0.50068
OG0009064,Sp,0.49297,0.02859,17.24125
OG0009066,La,0.03119,0.07806,0.39957
OG0009066,Laeq,0.03785,0.17001,0.22262
OG0009066,Lgib,0.03241,0.12281,0.26387
OG0009066,Wa,0.04343,0.12647,0.34342
OG0009066,Wo,0.05007,0.17864,0.28028
OG0009066,Sp,0.04564,0.06642,0.68714
OG0009074,La,0.14254,0.08208,1.7365
OG0009074,Laeq,0.20157,0.21188,0.95135
OG0009074,Lgib,408.32576,0.14508,2814.54961
OG0009074,Wa,0.17986,0.212,0.84836
OG0009074,Wo,0.20589,0.27991,0.73556
OG0009074,Sp,0.00415,0.09342,0.04441
OG0009076,La,0.24311,0.0914,2.65997
OG0009076,Laeq,0.37798,0.23983,1.576
OG0009076,Lgib,0.24205,0.19189,1.26138
OG0009076,Wa,0.25475,0.21799,1.16864
OG0009076,Wo,0.35979,0.25213,1.42699
OG0009076,Sp,0.02129,0.04321,0.49257
OG0009079,La,0.2347,0.15972,1.46944
OG0009079,Laeq,0.20771,0.21342,0.97327
OG0009079,Lgib,0.11832,0.20803,0.56875
OG0009079,Wa,0.47672,0.1693,2.81578
OG0009079,Wo,0.16146,0.21233,0.76042
OG0009079,Sp,0.03051,0.05326,0.57283
OG0009081,La,0.15153,0.17824,0.8501
OG0009081,Laeq,0.31795,0.26355,1.20638
OG0009081,Lgib,3.11236,0.19735,15.77092
OG0009081,Wa,0.20485,0.22105,0.92669
OG0009081,Wo,0.32875,0.25013,1.31429
OG0009081,Sp,0.03794,0.02976,1.27496
OG0009083,La,0.10968,0.11776,0.93138
OG0009083,Laeq,28.77628,0.17504,164.40249
OG0009083,Lgib,28.74744,0.08269,347.64964
OG0009083,Wa,0.23061,0.17491,1.31843
OG0009083,Wo,0.60781,0.2114,2.87515
OG0009083,Sp,35.06731,0.10486,334.42273
OG0009084,La,0.08248,0.17254,0.47799
OG0009084,Laeq,2.36914,0.25329,9.35337
OG0009084,Lgib,0.13701,0.25482,0.53767
OG0009084,Wa,0.1523,0.27773,0.54836
OG0009084,Wo,5.44612,0.40839,13.33576
OG0009084,Sp,0.02933,0.02448,1.19845
OG0009087,La,0.06239,0.10083,0.61871
OG0009087,Laeq,0.11621,0.17596,0.66044
OG0009087,Lgib,0.08134,0.12094,0.67254
OG0009087,Wa,0.13515,0.15838,0.8533
OG0009087,Wo,0.16291,0.18033,0.90339
OG0009087,Sp,0.04488,0.04565,0.9832
OG0009089,La,4.41566,0.25389,17.3923
OG0009089,Laeq,5.84228,0.31774,18.38713
OG0009089,Lgib,5.62472,0.27177,20.69674
OG0009089,Wo,20.29426,0.25449,79.74403
OG0009089,Sp,0.30018,0.15636,1.91987
OG0009093,La,0.03387,0.10592,0.31979
OG0009093,Laeq,0.05684,0.18754,0.30305
OG0009093,Lgib,0.0513,0.16837,0.30468
OG0009093,Wa,0.08679,0.19883,0.43649
OG0009093,Wo,0.13699,0.21741,0.63012
OG0009093,Sp,0.09051,0.03784,2.3922
OG0009094,La,0.07222,0.08274,0.87283
OG0009094,Laeq,4.48951,0.17104,26.2488
OG0009094,Lgib,0.09457,0.11476,0.8241
OG0009094,Wa,6.93602,0.2068,33.53977
OG0009094,Wo,5.5623,0.21528,25.83695
OG0009094,Sp,18.05339,0.05663,318.78428
OG0009100,La,0.23334,0.11492,2.03051
OG0009100,Laeq,0.19708,0.21153,0.93165
OG0009100,Lgib,0.15973,0.1511,1.05709
OG0009100,Wa,8.95183,0.2596,34.4829
OG0009100,Wo,9.59957,0.29611,32.41939
OG0009100,Sp,0.04145,0.03991,1.03859
OG0009101,La,0.05053,0.16397,0.30813
OG0009101,Laeq,0.12517,0.34201,0.36597
OG0009101,Lgib,0.09464,0.20329,0.46555
OG0009101,Wa,0.12699,0.3273,0.38798
OG0009101,Wo,8.55514,0.36631,23.35507
OG0009101,Sp,0.04538,0.01633,2.77855
OG0009103,Laeq,0.14692,0.23607,0.62236
OG0009103,Lgib,0.171,0.15019,1.13854
OG0009103,Wa,3.46008,0.33123,10.44613
OG0009103,Wo,3.38038,0.4583,7.37595
OG0009103,Sp,0.02707,0.04172,0.64876
OG0009105,La,0.07732,0.09896,0.78134
OG0009105,Wa,0.13129,0.15043,0.87275
OG0009105,Wo,0.61154,0.15017,4.07236
OG0009105,Sp,0.18255,0.08561,2.13249
OG0009105,Lgib,0.05508,0.1043,0.52806
OG0009110,La,0.10635,0.19525,0.54468
OG0009110,Laeq,1.56582,0.23382,6.69662
OG0009110,Lgib,0.12252,0.19667,0.62299
OG0009110,Wa,0.12565,0.2253,0.5577
OG0009110,Wo,8.39338,0.23657,35.47877
OG0009110,Sp,0.02479,0.03218,0.77033
OG0009192,La,0.18827,0.15482,1.21604
OG0009192,Laeq,0.28253,0.25975,1.0877
OG0009192,Lgib,0.31833,0.22648,1.40554
OG0009192,Wa,0.45665,0.31318,1.45813
OG0009192,Wo,0.40779,0.31795,1.28258
OG0009192,Sp,0.07618,0.03448,2.20958
OG0009196,La,0.04447,0.2139,0.20791
OG0009196,Laeq,0.1287,0.33628,0.38272
OG0009196,Lgib,0.11388,0.28533,0.39912
OG0009196,Wa,0.74275,0.37591,1.97587
OG0009196,Wo,0.19859,0.4232,0.46925
OG0009196,Sp,64.34416,0.06634,969.86823
OG0009197,La,0.03337,0.10941,0.30501
OG0009197,Laeq,0.0846,0.21546,0.39263
OG0009197,Lgib,0.06438,0.17607,0.36564
OG0009197,Wa,0.14245,0.27485,0.51829
OG0009197,Wo,0.1199,0.32567,0.36817
OG0009197,Sp,29.65455,0.07819,379.27229
OG0009199,La,4.66596,0.15036,31.03183
OG0009199,Laeq,10.66375,0.30465,35.00368
OG0009199,Lgib,4.74651,0.24827,19.11811
OG0009199,Wa,4.84674,0.2756,17.58596
OG0009199,Wo,4.83405,0.45605,10.59973
OG0009199,Sp,0.04556,0.04281,1.06432
OG0009202,La,0.47673,0.12546,3.79997
OG0009202,Wa,0.24514,0.28216,0.86877
OG0009202,Wo,0.23388,0.35185,0.66472
OG0009202,Laeq,8.04582,0.25004,32.17794
OG0009202,Lgib,7.86305,0.22872,34.37858
OG0009202,Sp,0.03662,0.03757,0.97488
OG0009207,La,5.32359,0.17487,30.44305
OG0009207,Laeq,5.34388,0.35136,15.20898
OG0009207,Lgib,5.33484,0.25352,21.04288
OG0009207,Wa,5.41419,0.43241,12.52108
OG0009207,Wo,12.63986,0.4597,27.49592
OG0009207,Sp,0.04764,0.07677,0.6205
OG0009218,La,0.1388,0.11354,1.22245
OG0009218,Laeq,0.47725,0.15663,3.047
OG0009218,Lgib,0.07992,0.10278,0.77758
OG0009218,Sp,0.14581,0.26067,0.55936
OG0009218,Wa,0.0498,0.22876,0.21769
OG0009218,Wo,0.07428,0.25091,0.29605
OG0009221,La,0.09633,0.11542,0.83463
OG0009221,Laeq,0.195,0.20799,0.93752
OG0009221,Lgib,0.24697,0.14958,1.65112
OG0009221,Wa,0.30874,0.2536,1.21742
OG0009221,Wo,14.98887,0.50368,29.759
OG0009221,Sp,0.35484,0.03948,8.98863
OG0009223,La,0.10482,0.09058,1.15727
OG0009223,Laeq,0.64042,0.20163,3.17622
OG0009223,Lgib,0.14173,0.17763,0.79793
OG0009223,Wa,5.03097,0.15084,33.35244
OG0009223,Wo,5.08838,0.22544,22.57121
OG0009223,Sp,0.02861,0.06802,0.42067
OG0009228,La,0.14322,0.15095,0.94878
OG0009228,Lgib,1.85299,0.19678,9.41666
OG0009228,Wa,4.3618,0.2726,16.00047
OG0009228,Wo,2.26875,0.32231,7.03909
OG0009228,Sp,0.08521,0.04058,2.10017
OG0009230,La,0.06539,0.19316,0.33851
OG0009230,Laeq,4.28638,0.33666,12.73191
OG0009230,Lgib,0.19225,0.34632,0.55513
OG0009230,Wa,0.14005,0.26792,0.52273
OG0009230,Wo,28.79606,0.35429,81.27846
OG0009230,Sp,0.31136,0.01487,20.93411
OG0009235,La,0.01263,0.1568,0.08055
OG0009235,Laeq,0.02928,0.25568,0.1145
OG0009235,Lgib,0.01433,0.24855,0.05765
OG0009235,Wa,0.03796,0.2219,0.17106
OG0009235,Wo,0.05604,0.25282,0.22166
OG0009235,Sp,0.00669,0.03674,0.18216
OG0009236,La,0.26083,0.11658,2.23739
OG0009236,Laeq,26.21377,0.21825,120.10675
OG0009236,Lgib,26.16102,0.15032,174.03316
OG0009236,Wa,24.83369,0.23329,106.45169
OG0009236,Wo,24.89607,0.24378,102.12543
OG0009236,Sp,0.04189,0.036,1.16353
OG0009239,La,0.22383,0.13827,1.61879
OG0009239,Wa,3.81463,0.19826,19.24062
OG0009239,Wo,16.06025,0.24302,66.08749
OG0009239,Lgib,0.26003,0.15545,1.67273
OG0009239,Sp,0.03506,0.10219,0.34311
OG0009241,La,0.09021,0.18466,0.48853
OG0009241,Lgib,0.07539,0.20662,0.36489
OG0009241,Wa,0.12821,0.18444,0.69515
OG0009241,Wo,0.2493,0.22183,1.12383
OG0009241,Sp,0.08748,0.07073,1.23676
OG0009244,La,0.06787,0.15274,0.44438
OG0009244,Laeq,0.15109,0.33924,0.44537
OG0009244,Lgib,0.11802,0.26512,0.44516
OG0009244,Wa,0.175,0.32668,0.5357
OG0009244,Wo,0.3095,0.40424,0.76562
OG0009244,Sp,1.86626,0.04785,39.00564
OG0009245,La,0.07683,0.11759,0.65339
OG0009245,Laeq,0.13241,0.20253,0.65379
OG0009245,Lgib,0.11073,0.15088,0.73393
OG0009245,Wa,0.28913,0.13284,2.17658
OG0009245,Wo,0.42687,0.31374,1.36057
OG0009245,Sp,52.29891,0.03512,1489.15699
OG0009246,La,0.10798,0.19448,0.55521
OG0009246,Laeq,0.26577,0.36493,0.72828
OG0009246,Lgib,0.15442,0.29487,0.5237
OG0009246,Wa,14.4325,0.55875,25.8299
OG0009246,Wo,66.41801,0.46723,142.15255
OG0009246,Sp,41.03582,0.05396,760.54105
OG0009250,La,0.06402,0.05764,1.11053
OG0009250,Laeq,1.61841,0.17666,9.16092
OG0009250,Lgib,5.54342,0.14529,38.15445
OG0009250,Wa,4.40613,0.20438,21.55872
OG0009250,Wo,4.80183,0.22957,20.91672
OG0009250,Sp,0.19732,0.1179,1.6737
OG0009258,La,0.04948,0.27335,0.18101
OG0009258,Laeq,0.09723,0.27583,0.35249
OG0009258,Lgib,0.06963,0.29623,0.23505
OG0009258,Wa,0.04229,0.28677,0.14747
OG0009258,Wo,0.0606,0.30697,0.19741
OG0009258,Sp,0.08367,0.03247,2.57712
OG0009259,La,0.02231,0.22326,0.09991
OG0009259,Laeq,0.10439,0.45785,0.22801
OG0009259,Lgib,0.12325,0.49104,0.25099
OG0009259,Wa,0.70071,0.49122,1.42646
OG0009259,Wo,0.60615,0.54781,1.10649
OG0009259,Sp,18.10936,0.04221,429.07561
OG0009260,La,0.46261,0.11141,4.15226
OG0009260,Laeq,0.54642,0.30936,1.7663
OG0009260,Lgib,0.46021,0.19438,2.36753
OG0009260,Wa,1.06129,0.23508,4.51452
OG0009260,Wo,1.13476,0.30625,3.70532
OG0009260,Sp,0.04554,0.04023,1.13197
OG0009261,La,0.02394,0.13653,0.17534
OG0009261,Laeq,0.03209,0.23869,0.13446
OG0009261,Lgib,0.02655,0.20319,0.13066
OG0009261,Wa,0.03916,0.30465,0.12855
OG0009261,Wo,0.04756,0.40099,0.1186
OG0009261,Sp,0.00687,0.0425,0.16171
OG0009263,La,0.45551,0.14066,3.23835
OG0009263,Laeq,2.61772,0.3469,7.54594
OG0009263,Lgib,7.06695,0.25166,28.0815
OG0009263,Wa,14.35415,0.35701,40.2062
OG0009263,Wo,2.51395,0.4082,6.15867
OG0009263,Sp,0.36635,0.1007,3.63794
OG0009265,La,0.10154,0.13167,0.77117
OG0009265,Laeq,0.13923,0.23098,0.6028
OG0009265,Lgib,1.51471,0.21758,6.96169
OG0009265,Wa,0.09868,0.20213,0.48821
OG0009265,Wo,0.11964,0.19653,0.60876
OG0009265,Sp,0.01619,0.03744,0.43249
OG0009266,La,0.0584,0.10177,0.57385
OG0009266,Laeq,0.14635,0.31944,0.45814
OG0009266,Lgib,0.0816,0.249,0.32772
OG0009266,Wa,0.7124,0.28017,2.54276
OG0009266,Wo,0.73086,0.36522,2.00113
OG0009266,Sp,0.00886,0.0485,0.18272
OG0009267,La,7.99763,0.10419,76.75768
OG0009267,Laeq,0.35931,0.3097,1.16017
OG0009267,Lgib,0.35756,0.21571,1.65757
OG0009267,Sp,0.06198,0.12353,0.50169
OG0009267,Wa,0.11013,0.2118,0.51997
OG0009267,Wo,0.24738,0.32862,0.75279
OG0009268,La,0.03222,0.14397,0.2238
OG0009268,Wa,0.0313,0.11629,0.26912
OG0009268,Wo,0.06873,0.22379,0.30713
OG0009268,Laeq,0.06675,0.27534,0.24244
OG0009268,Lgib,0.02671,0.15617,0.17105
OG0009268,Sp,0.00728,0.08138,0.08942
OG0009273,La,0.00133,0.15872,0.00836
OG0009273,Laeq,0.00624,0.19682,0.03169
OG0009273,Lgib,0.00295,0.17347,0.01703
OG0009273,Wa,0.04351,0.16287,0.26717
OG0009273,Wo,0.04773,0.19908,0.23976
OG0009273,Sp,0.00276,0.05755,0.04789
OG0009278,La,0.52208,0.16404,3.18269
OG0009278,Laeq,3.37569,0.28511,11.83989
OG0009278,Lgib,0.56743,0.24041,2.36026
OG0009278,Wa,0.65388,0.39072,1.67351
OG0009278,Wo,4.60965,0.41792,11.02997
OG0009278,Sp,0.06315,0.02583,2.44447
OG0009280,La,0.08256,0.14253,0.57925
OG0009280,Laeq,0.13328,0.23941,0.55671
OG0009280,Lgib,0.10286,0.20689,0.49719
OG0009280,Wa,0.12457,0.25637,0.48591
OG0009280,Wo,0.13961,0.3737,0.37359
OG0009280,Sp,1.00417,0.01638,61.30902
OG0009283,La,0.10531,0.1703,0.61837
OG0009283,Laeq,0.17994,0.25794,0.69761
OG0009283,Lgib,0.87145,0.18411,4.7334
OG0009283,Wa,0.23164,0.37349,0.62021
OG0009283,Wo,0.27191,0.42383,0.64155
OG0009283,Sp,0.29047,0.02092,13.88651
OG0009284,La,0.09337,0.06155,1.5169
OG0009284,Laeq,0.20457,0.18119,1.12905
OG0009284,Lgib,8.39633,0.17216,48.77048
OG0009284,Wa,3.98988,0.33154,12.03435
OG0009284,Wo,4.04933,0.29361,13.7913
OG0009284,Sp,9.06702,0.10968,82.66643
OG0009287,La,0.02289,0.15818,0.14469
OG0009287,Laeq,0.75474,0.23524,3.20837
OG0009287,Lgib,0.74028,0.19165,3.86273
OG0009287,Wa,0.02543,0.24995,0.10175
OG0009287,Wo,0.048,0.41754,0.11496
OG0009287,Sp,0.00405,0.04903,0.08254
OG0009292,La,0.03019,0.19398,0.15563
OG0009292,Laeq,0.0592,0.30209,0.19595
OG0009292,Lgib,0.05309,0.27425,0.1936
OG0009292,Wa,0.05531,0.1754,0.31532
OG0009292,Wo,2.85533,0.21355,13.37079
OG0009292,Sp,0.00987,0.0174,0.56705
OG0009295,La,0.02494,0.13393,0.18622
OG0009295,Lgib,0.06994,0.11787,0.5934
OG0009295,Wa,0.54915,0.22279,2.46492
OG0009295,Wo,0.58898,0.28552,2.0628
OG0009295,Sp,0.0483,0.06545,0.73789
OG0009296,La,5.04102,0.1785,28.24152
OG0009296,Wa,2.36372,0.19716,11.9887
OG0009296,Wo,2.39112,0.24668,9.69312
OG0009296,Lgib,2.34104,0.13995,16.7277
OG0009296,Sp,0.04428,0.02629,1.68394
OG0009297,La,0.02466,0.1691,0.14582
OG0009297,Laeq,0.40294,0.32938,1.22334
OG0009297,Lgib,0.06874,0.22616,0.30393
OG0009297,Wa,26.96864,0.33009,81.70104
OG0009297,Wo,27.74966,0.30257,91.71195
OG0009297,Sp,0.50407,0.02212,22.79304
OG0009299,La,0.20775,0.1032,2.01319
OG0009299,Laeq,0.35095,0.38494,0.91171
OG0009299,Lgib,0.32419,0.16572,1.95631
OG0009299,Wa,0.32147,0.22648,1.41941
OG0009299,Wo,0.34726,0.30154,1.15163
OG0009299,Sp,0.05279,0.08826,0.59813
OG0009301,La,8.22243,0.12881,63.83507
OG0009301,Wa,6.64428,0.18181,36.54488
OG0009301,Wo,13.83614,0.22313,62.0094
OG0009301,Laeq,6.67085,0.23456,28.43951
OG0009301,Lgib,9.09667,0.19389,46.91753
OG0009301,Sp,0.22637,0.06287,3.60084
OG0009304,La,0.10819,0.13832,0.78222
OG0009304,Laeq,0.08683,0.20784,0.41776
OG0009304,Lgib,0.09745,0.15651,0.62266
OG0009304,Wa,0.16971,0.19886,0.85339
OG0009304,Wo,0.25073,0.34096,0.73535
OG0009304,Sp,0.02241,0.12276,0.18258
OG0009305,La,0.1313,0.14423,0.91033
OG0009305,Laeq,0.12013,0.24724,0.4859
OG0009305,Lgib,1.47783,0.18629,7.9328
OG0009305,Wa,9.16102,0.22756,40.2569
OG0009305,Wo,5.17496,0.27791,18.62106
OG0009305,Sp,0.04391,0.03726,1.1784
OG0009306,La,2.15267,0.09048,23.79177
OG0009306,Laeq,1.06799,0.19782,5.39885
OG0009306,Lgib,1.04706,0.1734,6.03831
OG0009306,Wa,1.65484,0.17569,9.41893
OG0009306,Sp,0.17471,0.05091,3.43149
OG0009307,La,0.05127,0.03584,1.43045
OG0009307,Laeq,8.43777,0.21827,38.65743
OG0009307,Lgib,0.10808,0.14642,0.73816
OG0009307,Wa,1.42978,0.19862,7.19857
OG0009307,Wo,1.57044,0.35645,4.40575
OG0009307,Sp,4.55233,0.09438,48.23591
OG0009309,Laeq,0.46392,0.42579,1.08954
OG0009309,Lgib,0.29406,0.16847,1.74549
OG0009309,Wa,0.15875,0.30346,0.52312
OG0009309,Wo,0.14797,0.25993,0.56924
OG0009309,Sp,0.18212,0.31576,0.57676
OG0009315,La,0.00959,0.08341,0.115
OG0009315,Wa,1.47828,0.15216,9.71509
OG0009315,Wo,1.47998,0.1944,7.613
OG0009315,Laeq,0.02443,0.17431,0.14017
OG0009315,Lgib,0.03139,0.12172,0.25785
OG0009315,Sp,0.01148,0.04529,0.25337
OG0009319,La,0.07181,0.20872,0.34406
OG0009319,Lgib,0.07386,0.24907,0.29654
OG0009319,Wa,0.20886,0.21224,0.9841
OG0009319,Wo,0.22742,0.20991,1.08339
OG0009319,Sp,0.02941,0.10844,0.2712
OG0009322,Laeq,0.10832,0.3447,0.31423
OG0009322,Lgib,0.07356,0.22705,0.32398
OG0009322,Wa,0.0954,0.38949,0.24494
OG0009322,Wo,0.13534,0.375,0.36092
OG0009322,Sp,0.02156,0.03985,0.54093
OG0009323,La,0.12245,0.19515,0.62745
OG0009323,Laeq,9.3679,0.27746,33.76364
OG0009323,Lgib,0.09523,0.24571,0.38756
OG0009323,Wa,961.26547,0.27784,3459.81791
OG0009323,Wo,961.27309,0.1867,5148.72406
OG0009323,Sp,0.45417,0.21958,2.06836
OG0009326,Laeq,1.56893,0.16417,9.55672
OG0009326,Lgib,0.677,0.11925,5.67733
OG0009326,Wa,0.96389,0.21934,4.39449
OG0009326,Wo,1.00704,0.29879,3.37043
OG0009326,Sp,0.02888,0.04507,0.64091
OG0009329,La,3.84372,0.17458,22.01692
OG0009329,Laeq,0.09926,0.38257,0.25944
OG0009329,Lgib,0.1011,0.28672,0.3526
OG0009329,Wa,15.82209,0.27672,57.1779
OG0009329,Wo,15.82321,0.30207,52.38194
OG0009329,Sp,1.13462,0.06349,17.87126
OG0009330,La,0.03195,0.12241,0.26104
OG0009330,Laeq,0.15701,0.22136,0.70929
OG0009330,Lgib,0.14898,0.19404,0.76777
OG0009330,Wa,0.08099,0.26693,0.30341
OG0009330,Wo,0.09112,0.42049,0.21669
OG0009330,Sp,0.01254,0.04395,0.28532
OG0009331,La,0.03488,0.12494,0.27914
OG0009331,Laeq,0.28057,0.32873,0.85349
OG0009331,Lgib,0.35027,0.31001,1.12987
OG0009331,Sp,9.3208,0.256,36.40904
OG0009331,Wa,0.12212,0.20465,0.59673
OG0009331,Wo,12.43225,0.34991,35.52949
OG0009333,La,0.02264,0.0796,0.28446
OG0009333,Laeq,0.06075,0.19923,0.30491
OG0009333,Lgib,0.05625,0.15448,0.36409
OG0009333,Wa,0.07346,0.23345,0.31468
OG0009333,Wo,0.21217,0.30772,0.68949
OG0009333,Sp,0.00515,0.07513,0.06859
OG0009334,La,0.0842,0.15503,0.54309
OG0009334,Laeq,0.15899,0.3318,0.47918
OG0009334,Lgib,0.11492,0.27143,0.42341
OG0009334,Wa,0.18065,0.24623,0.73369
OG0009334,Wo,0.19674,0.3284,0.59907
OG0009334,Sp,0.05944,0.05205,1.14197
OG0009336,La,0.02264,0.17563,0.12889
OG0009336,Laeq,2.69406,0.23534,11.44738
OG0009336,Lgib,0.08946,0.16048,0.55742
OG0009336,Wa,0.13271,0.14212,0.93377
OG0009336,Wo,0.1645,0.23341,0.70475
OG0009336,Sp,0.00716,0.05867,0.12203
OG0009337,La,13.67692,0.19079,71.68688
OG0009337,Laeq,0.18941,0.41532,0.45605
OG0009337,Lgib,0.15881,0.18459,0.86037
OG0009337,Wa,0.20511,0.07932,2.58591
OG0009337,Wo,0.2008,0.19812,1.01353
OG0009337,Sp,0.32512,0.09309,3.49251
OG0009338,La,0.04007,0.16308,0.24568
OG0009338,Laeq,8.82625,0.30398,29.03555
OG0009338,Lgib,2.80747,0.23635,11.87839
OG0009338,Wa,1.80068,0.30249,5.95294
OG0009338,Wo,0.16005,0.32944,0.48582
OG0009338,Sp,0.02007,0.01838,1.09229
OG0009339,La,1.45507,0.1258,11.56636
OG0009339,Laeq,0.35931,0.20725,1.73368
OG0009339,Lgib,0.08748,0.16064,0.54458
OG0009339,Wa,0.15759,0.26985,0.58398
OG0009339,Wo,0.30927,0.3309,0.93464
OG0009339,Sp,0.01918,0.06746,0.28431
OG0009340,La,0.08195,0.11119,0.73698
OG0009340,Laeq,0.23306,0.27321,0.85306
OG0009340,Lgib,0.15697,0.23748,0.66095
OG0009340,Wa,2.41587,0.22157,10.90363
OG0009340,Wo,0.32587,0.2861,1.13899
OG0009340,Sp,27.78921,0.06513,426.69316
OG0009343,La,1.70659,0.12931,13.19793
OG0009343,Wa,1.80136,0.20935,8.60444
OG0009343,Wo,1.83883,0.19831,9.27245
OG0009343,Laeq,3.64094,0.19872,18.32185
OG0009343,Lgib,1.71608,0.17054,10.06244
OG0009343,Sp,0.08736,0.05244,1.66585
OG0009344,La,41.7355,0.16531,252.47562
OG0009344,Lgib,41.72787,0.18066,230.97648
OG0009344,Laeq,6.53375,0.16622,39.3077
OG0009344,Wa,2.85104,0.18643,15.29295
OG0009344,Wo,2.91692,0.20675,14.10809
OG0009344,Sp,0.04056,0.01277,3.17687
OG0009346,La,0.04573,0.11801,0.38746
OG0009346,Laeq,0.04813,0.22915,0.21002
OG0009346,Lgib,0.04068,0.16807,0.24205
OG0009346,Wa,2.51777,0.17506,14.38239
OG0009346,Wo,4.5673,0.20906,21.84689
OG0009346,Sp,0.02388,0.04806,0.49675
OG0009347,La,0.02894,0.09919,0.29172
OG0009347,Laeq,0.04961,0.16766,0.29588
OG0009347,Lgib,0.0396,0.12901,0.30692
OG0009347,Wa,1.43925,0.13655,10.53992
OG0009347,Wo,2.79792,0.18833,14.85639
OG0009347,Sp,0.01342,0.05272,0.25459
OG0009348,La,0.10257,0.16642,0.61633
OG0009348,Lgib,0.13551,0.23615,0.57381
OG0009348,Wa,0.21425,0.26891,0.79673
OG0009348,Wo,0.26032,0.31444,0.82789
OG0009348,Sp,0.0551,0.02808,1.96254
OG0009349,La,0.07443,0.13734,0.54192
OG0009349,Laeq,0.15126,0.17346,0.87204
OG0009349,Lgib,0.11063,0.17992,0.61487
OG0009349,Wa,0.50335,0.21409,2.35106
OG0009349,Wo,0.5441,0.25414,2.14091
OG0009349,Sp,10.9595,0.03698,296.36546
OG0009350,La,1.7887,0.08028,22.27971
OG0009350,Wa,1.81808,0.16396,11.08828
OG0009350,Wo,3.61281,0.19054,18.9606
OG0009350,Laeq,0.10282,0.15597,0.65922
OG0009350,Lgib,0.06916,0.09749,0.7094
OG0009350,Sp,0.03112,0.0495,0.62875
OG0009351,La,0.06362,0.18473,0.34443
OG0009351,Laeq,0.08932,0.19613,0.45539
OG0009351,Lgib,0.07473,0.16803,0.44471
OG0009351,Wa,0.1896,0.19142,0.9905
OG0009351,Wo,0.09587,0.26906,0.35632
OG0009351,Sp,0.02261,0.02155,1.04945
OG0009353,La,0.08604,0.1532,0.56163
OG0009353,Laeq,1.72017,0.25143,6.84163
OG0009353,Lgib,1.67637,0.23499,7.13388
OG0009353,Wa,0.19412,0.25758,0.75362
OG0009353,Wo,8.01084,0.25345,31.60681
OG0009353,Sp,0.03243,0.02826,1.14772
OG0009354,La,0.05604,0.12786,0.43827
OG0009354,Laeq,0.24731,0.18829,1.31347
OG0009354,Lgib,0.04998,0.15594,0.32051
OG0009354,Wa,0.06023,0.21542,0.27957
OG0009354,Wo,0.04633,0.24041,0.1927
OG0009354,Sp,0.01472,0.03283,0.44832
OG0009355,La,0.09552,0.11556,0.82664
OG0009355,Wa,5.37523,0.22043,24.38531
OG0009355,Wo,5.5091,0.27393,20.11169
OG0009355,Laeq,0.16801,0.21051,0.79814
OG0009355,Lgib,0.11289,0.12031,0.93834
OG0009355,Sp,0.03669,0.0292,1.25665
OG0009356,La,0.0361,0.10798,0.33433
OG0009356,Sp,0.04589,0.09701,0.47304
OG0009356,Laeq,0.1861,0.19599,0.94955
OG0009356,Lgib,22.10346,0.19596,112.79707
OG0009356,Wa,0.09256,0.09915,0.93356
OG0009356,Wo,11.61774,0.16499,70.41563
OG0009357,La,3.68677,0.11335,32.52452
OG0009357,Laeq,5.20932,0.27452,18.976
OG0009357,Lgib,4.95261,0.21673,22.85108
OG0009357,Wa,3.66672,0.24087,15.22254
OG0009357,Wo,3.65783,0.36756,9.95153
OG0009357,Sp,0.04145,0.0138,3.0034
OG0009358,La,0.13438,0.15286,0.87912
OG0009358,Wa,0.17781,0.18119,0.98132
OG0009358,Wo,8.60145,0.15237,56.45052
OG0009358,Laeq,4.84154,0.21057,22.99261
OG0009358,Lgib,5.90777,0.13452,43.91879
OG0009358,Sp,0.01706,0.04041,0.42227
OG0009361,La,2.73568,0.19539,14.00142
OG0009361,Lgib,2.77977,0.28788,9.65588
OG0009361,Wa,2.82801,0.28571,9.89836
OG0009361,Wo,2.88553,0.31872,9.0534
OG0009361,Sp,0.03421,0.05572,0.61392
OG0009365,La,0.17024,0.23056,0.73838
OG0009365,Wa,0.29636,0.40155,0.73804
OG0009365,Wo,0.32599,0.56574,0.57622
OG0009365,Laeq,0.27726,0.30409,0.91179
OG0009365,Lgib,1.77329,0.21977,8.06886
OG0009365,Sp,0.29293,0.01691,17.32773
OG0009367,La,0.03476,0.10666,0.32591
OG0009367,Laeq,0.0671,0.25671,0.26141
OG0009367,Lgib,19.9712,0.19232,103.84285
OG0009367,Wa,0.07836,0.10594,0.73961
OG0009367,Wo,0.17651,0.1379,1.27998
OG0009367,Sp,0.00779,0.06064,0.12853
OG0009368,La,0.14951,0.25008,0.59785
OG0009368,Laeq,0.38778,0.40185,0.96497
OG0009368,Lgib,0.25982,0.3324,0.78165
OG0009368,Wa,0.41821,0.7018,0.59591
OG0009368,Wo,0.48215,0.57029,0.84545
OG0009368,Sp,0.50905,0.0207,24.58903
OG0009371,La,0.10235,0.06516,1.57077
OG0009371,Laeq,1.91192,0.2646,7.22582
OG0009371,Lgib,0.15552,0.18879,0.82381
OG0009371,Wa,0.16159,0.15629,1.03391
OG0009371,Wo,0.26795,0.25744,1.04086
OG0009371,Sp,0.04773,0.10035,0.47561
OG0009372,La,0.02835,0.14227,0.19924
OG0009372,Wa,0.05183,0.13762,0.37664
OG0009372,Wo,0.07404,0.20885,0.3545
OG0009372,Laeq,0.04863,0.1793,0.27121
OG0009372,Lgib,0.04109,0.13133,0.31288
OG0009372,Sp,0.01301,0.01688,0.77058
OG0009373,La,0.10531,0.15201,0.69279
OG0009373,Laeq,0.42594,0.34716,1.22691
OG0009373,Lgib,0.4122,0.28569,1.4428
OG0009373,Wa,0.16241,0.33584,0.48358
OG0009373,Wo,0.17228,0.38903,0.44283
OG0009373,Sp,0.03547,0.11499,0.30844
OG0009374,La,0.04659,0.20889,0.22304
OG0009374,Wa,0.10751,0.31619,0.34003
OG0009374,Wo,0.13784,0.33584,0.41044
OG0009374,Laeq,0.11339,0.34113,0.33239
OG0009374,Lgib,0.05058,0.25806,0.19601
OG0009374,Sp,0.03962,0.04565,0.86786
OG0009378,La,8.90369,0.22396,39.75484
OG0009378,Laeq,0.5164,0.41213,1.25298
OG0009378,Lgib,0.48758,0.34622,1.40831
OG0009378,Wa,0.83916,0.39021,2.15053
OG0009378,Wo,511.27087,0.65173,784.48231
OG0009378,Sp,0.03467,0.04629,0.749
OG0009379,La,0.08821,0.12096,0.72929
OG0009379,Laeq,0.12887,0.21493,0.59962
OG0009379,Lgib,0.09611,0.18802,0.51117
OG0009379,Wa,0.36665,0.19977,1.83531
OG0009379,Wo,0.35818,0.27171,1.31824
OG0009379,Sp,0.0132,0.03111,0.42443
OG0009380,La,0.04559,0.14333,0.31809
OG0009380,Laeq,0.102,0.26338,0.38729
OG0009380,Lgib,0.08923,0.19093,0.46733
OG0009380,Wa,0.10348,0.16645,0.62169
OG0009380,Wo,0.07404,0.25351,0.29207
OG0009380,Sp,0.03851,0.06583,0.58501
OG0009383,La,0.14208,0.09723,1.46134
OG0009383,Sp,0.84815,0.11045,7.67888
OG0009383,Laeq,0.22614,0.16142,1.40088
OG0009383,Lgib,0.06592,0.11523,0.57205
OG0009383,Wa,22.80704,0.20283,112.444
OG0009383,Wo,21.04944,0.23758,88.60059
OG0009384,La,0.05113,0.14764,0.34634
OG0009384,Laeq,4.15572,0.20232,20.54079
OG0009384,Lgib,0.07536,0.1923,0.39187
OG0009384,Wa,0.06647,0.24946,0.26645
OG0009384,Wo,0.06685,0.35014,0.19093
OG0009384,Sp,0.01042,0.0571,0.18254
OG0009385,La,0.01848,0.10624,0.17396
OG0009385,Laeq,0.06175,0.25804,0.2393
OG0009385,Lgib,0.04431,0.15193,0.29167
OG0009385,Wa,0.06423,0.18478,0.34759
OG0009385,Wo,0.08525,0.27014,0.31556
OG0009385,Sp,2.58905,0.05075,51.01661
OG0009387,La,0.0292,0.11506,0.25381
OG0009387,Laeq,0.05768,0.19503,0.29576
OG0009387,Lgib,0.86286,0.15089,5.71826
OG0009387,Wo,0.06657,0.22168,0.30029
OG0009387,Sp,5.44865,0.0799,68.19134
OG0009389,La,0.0485,0.14337,0.33828
OG0009389,Laeq,7.93257,0.25888,30.64158
OG0009389,Wa,0.06256,0.19892,0.31449
OG0009389,Wo,0.05965,0.23969,0.24885
OG0009389,Sp,0.01281,0.03231,0.39663
OG0009390,La,0.46943,0.22538,2.08284
OG0009390,Sp,0.46832,0.27619,1.69564
OG0009390,Wa,0.19978,0.30161,0.66238
OG0009390,Laeq,0.05492,0.13736,0.39978
OG0009390,Lgib,0.03931,0.09672,0.4064
OG0009391,La,0.14676,0.12671,1.15829
OG0009391,Laeq,0.17505,0.15909,1.10033
OG0009391,Lgib,0.18352,0.14974,1.22557
OG0009391,Wa,2.68272,0.19312,13.89142
OG0009391,Wo,0.31921,0.21026,1.51814
OG0009391,Sp,0.49987,0.05505,9.07973
OG0009393,La,7.83739,0.15345,51.07412
OG0009393,Laeq,7.97974,0.3031,26.32705
OG0009393,Lgib,26.79383,0.25416,105.42136
OG0009393,Wa,18.73089,0.2495,75.0726
OG0009393,Wo,14.409,0.31763,45.36415
OG0009393,Sp,0.24223,0.01217,19.90123
OG0009394,La,0.35768,0.08008,4.46657
OG0009394,Laeq,0.37684,0.29788,1.26507
OG0009394,Lgib,0.43911,0.13809,3.17996
OG0009394,Wa,0.39314,0.27095,1.45095
OG0009394,Wo,0.47161,0.35339,1.33452
OG0009394,Sp,1324.82861,0.04341,30522.35535
OG0009395,La,0.04049,0.1363,0.2971
OG0009395,Laeq,0.05213,0.23218,0.2245
OG0009395,Wa,0.21437,0.23002,0.93196
OG0009395,Wo,0.1646,0.26593,0.61898
OG0009395,Sp,0.02261,0.05114,0.44218
OG0009400,La,13.22844,0.11845,111.68274
OG0009400,Laeq,3.76445,0.28327,13.28919
OG0009400,Lgib,3.69292,0.16212,22.77851
OG0009400,Wa,824.20793,0.22332,3690.76588
OG0009400,Wo,3.69843,0.2387,15.49436
OG0009400,Sp,0.02818,0.0274,1.02854
OG0009401,La,8.85604,0.10804,81.96991
OG0009401,Laeq,15.19209,0.24298,62.52287
OG0009401,Lgib,8.87241,0.21341,41.57486
OG0009401,Wa,20.83704,0.23139,90.05317
OG0009401,Wo,20.86665,0.27966,74.61388
OG0009401,Sp,0.09553,0.05478,1.74397
OG0009402,La,0.10225,0.10386,0.98447
OG0009402,Laeq,0.19433,0.25403,0.765
OG0009402,Lgib,0.14829,0.23117,0.64146
OG0009402,Wa,7.33621,0.19713,37.21511
OG0009402,Wo,0.15689,0.24531,0.63956
OG0009402,Sp,0.03472,0.04674,0.74291
OG0009404,La,0.03693,0.10748,0.3436
OG0009404,Laeq,0.21842,0.31506,0.69328
OG0009404,Lgib,0.08798,0.2033,0.43278
OG0009404,Wa,35.82566,0.37567,95.36535
OG0009404,Wo,0.6655,0.6138,1.08423
OG0009404,Sp,27.71432,0.096,288.70025
OG0009405,La,0.04618,0.07088,0.65151
OG0009405,Laeq,0.06039,0.17414,0.3468
OG0009405,Lgib,0.04904,0.13067,0.37532
OG0009405,Wa,0.07624,0.17725,0.43012
OG0009405,Wo,0.09714,0.26341,0.36877
OG0009405,Sp,0.22254,0.03644,6.10714
OG0009406,La,0.06975,0.1137,0.61344
OG0009406,Laeq,0.08532,0.19624,0.43476
OG0009406,Lgib,0.07944,0.13275,0.59845
OG0009406,Wa,0.09869,0.19644,0.5024
OG0009406,Wo,3.43069,0.23202,14.78621
OG0009406,Sp,0.0174,0.05653,0.30774
OG0009408,La,0.06413,0.15906,0.4032
OG0009408,Wa,0.1231,0.18773,0.65575
OG0009408,Wo,0.27311,0.24048,1.13566
OG0009408,Laeq,0.08529,0.23983,0.35564
OG0009408,Lgib,0.07279,0.18978,0.38355
OG0009408,Sp,0.03406,0.04063,0.83827
OG0009410,La,0.12902,0.12867,1.00273
OG0009410,Laeq,3.53403,0.27295,12.94777
OG0009410,Lgib,3.697,0.22163,16.68128
OG0009410,Wa,0.97264,0.30701,3.16809
OG0009410,Wo,0.62091,0.46574,1.33317
OG0009410,Sp,0.03105,0.01047,2.9662
OG0009412,La,0.14613,0.10859,1.34563
OG0009412,Laeq,5.02701,0.16388,30.67527
OG0009412,Lgib,0.15575,0.13888,1.12151
OG0009412,Wa,4.8509,0.28233,17.1819
OG0009412,Wo,6.0125,0.25768,23.33352
OG0009412,Sp,0.03401,0.04649,0.73162
OG0009413,La,0.03797,0.08977,0.42297
OG0009413,Laeq,0.06248,0.23214,0.26914
OG0009413,Lgib,0.04479,0.10431,0.42937
OG0009413,Wa,0.05608,0.26898,0.20851
OG0009413,Wo,2.34562,0.28969,8.09692
OG0009413,Sp,0.01773,0.0752,0.23581
OG0009415,La,0.05349,0.0941,0.56846
OG0009415,Laeq,0.07538,0.19526,0.38603
OG0009415,Lgib,0.05823,0.17049,0.34153
OG0009415,Wa,0.05398,0.15448,0.34943
OG0009415,Wo,0.05814,0.18573,0.313
OG0009415,Sp,0.03232,0.05258,0.61465
OG0009416,La,0.6939,0.15484,4.48154
OG0009416,Laeq,10.92809,0.21697,50.36605
OG0009416,Lgib,10.91304,0.2133,51.16259
OG0009416,Wa,4.52302,0.2123,21.30505
OG0009416,Wo,0.83747,0.23769,3.5234
OG0009416,Sp,0.49727,0.04509,11.02809
OG0009417,La,9.39641,0.16463,57.07439
OG0009417,Laeq,0.10505,0.20633,0.50914
OG0009417,Lgib,0.10891,0.18134,0.6006
OG0009417,Wa,0.28132,0.15856,1.77419
OG0009417,Wo,0.23934,0.18525,1.29196
OG0009417,Sp,0.05673,0.08411,0.67438
OG0009418,La,0.73332,0.11243,6.5224
OG0009418,Wa,0.82051,0.17548,4.67579
OG0009418,Wo,0.85853,0.19111,4.49234
OG0009418,Laeq,0.0777,0.16945,0.45851
OG0009418,Lgib,0.05418,0.1441,0.37595
OG0009418,Sp,6.48612,0.03641,178.1531
OG0009420,La,0.25666,0.11589,2.21463
OG0009420,Laeq,1.22498,0.24258,5.04979
OG0009420,Lgib,0.73719,0.2649,2.78284
OG0009420,Wa,0.32362,0.36397,0.88914
OG0009420,Wo,0.35678,0.38138,0.93549
OG0009420,Sp,0.03514,0.04261,0.82463
OG0009421,La,0.06052,0.1301,0.4652
OG0009421,Laeq,0.12148,0.22591,0.53775
OG0009421,Lgib,0.0663,0.19873,0.33359
OG0009421,Wa,0.16712,0.2144,0.77945
OG0009421,Wo,0.23073,0.2382,0.96862
OG0009421,Sp,1.95714,0.05778,33.87304
OG0009423,Laeq,0.54753,0.19193,2.85274
OG0009423,Lgib,59.61407,0.17033,349.99763
OG0009423,Wa,0.75263,0.32194,2.33781
OG0009423,Wo,0.7357,0.36789,1.9998
OG0009423,Sp,0.05369,0.07004,0.76659
OG0009424,La,0.03089,0.02339,1.32053
OG0009424,Laeq,0.1045,0.23579,0.44317
OG0009424,Lgib,0.09589,0.15659,0.61237
OG0009424,Wa,2.36445,0.21669,10.91158
OG0009424,Wo,2.32321,0.39784,5.83952
OG0009424,Sp,5.27442,0.12268,42.99266
OG0009428,La,21.57296,0.1911,112.88617
OG0009428,Laeq,20.37157,0.1938,105.11789
OG0009428,Lgib,20.3508,0.16399,124.09744
OG0009428,Wa,20.19786,0.19858,101.71219
OG0009428,Wo,20.41023,0.20111,101.48991
OG0009428,Sp,0.01975,0.04349,0.45412
OG0009431,La,0.06744,0.12074,0.55858
OG0009431,Laeq,0.13616,0.35873,0.37957
OG0009431,Lgib,0.12855,0.29712,0.43264
OG0009431,Wa,0.3172,0.44305,0.71594
OG0009431,Wo,0.26941,0.55626,0.48432
OG0009431,Sp,0.03568,0.06299,0.56643
OG0009432,La,0.0942,0.12645,0.74501
OG0009432,Laeq,9.95307,0.25973,38.32033
OG0009432,Lgib,9.9436,0.20511,48.48013
OG0009432,Wa,10.24144,0.20243,50.59155
OG0009432,Wo,10.02651,0.24048,41.69331
OG0009432,Sp,0.06167,0.0564,1.09343
OG0009433,La,6.74936,0.13056,51.69425
OG0009433,Laeq,6.75453,0.21946,30.77857
OG0009433,Lgib,12.63954,0.15876,79.61522
OG0009433,Wa,0.07825,0.20862,0.37508
OG0009433,Wo,0.08658,0.23239,0.37257
OG0009433,Sp,0.01141,0.04923,0.2318
OG0009434,La,0.04681,0.10332,0.45311
OG0009434,Laeq,0.08192,0.26652,0.30736
OG0009434,Lgib,0.05932,0.24687,0.2403
OG0009434,Wa,0.13765,0.24957,0.55152
OG0009434,Wo,0.2098,0.29923,0.70114
OG0009434,Sp,0.01505,0.03684,0.40839
OG0009435,La,2.25466,0.17978,12.5415
OG0009435,Laeq,2.28193,0.23894,9.55016
OG0009435,Lgib,2.27587,0.19342,11.76674
OG0009435,Wa,3.22116,0.26335,12.2313
OG0009435,Wo,3.22658,0.33493,9.63346
OG0009435,Sp,0.01912,0.03223,0.5933
OG0009441,La,0.04521,0.11491,0.3934
OG0009441,Laeq,0.23335,0.25523,0.91425
OG0009441,Lgib,0.06711,0.21768,0.3083
OG0009441,Wa,0.2219,0.21502,1.03204
OG0009441,Wo,58.37612,0.21613,270.09894
OG0009441,Sp,0.02038,0.05232,0.38949
OG0009445,La,0.19601,0.12416,1.57866
OG0009445,Laeq,0.26172,0.1942,1.34767
OG0009445,Lgib,0.25199,0.13123,1.92026
OG0009445,Wa,0.24692,0.18726,1.31861
OG0009445,Wo,0.47172,0.22731,2.07525
OG0009445,Sp,1.5767,0.06243,25.25557
OG0009446,La,0.07466,0.26898,0.27757
OG0009446,Laeq,4.49564,0.27871,16.13026
OG0009446,Lgib,4.48167,0.23747,18.87266
OG0009446,Wa,0.08732,0.18844,0.4634
OG0009446,Wo,0.10419,0.23453,0.44427
OG0009446,Sp,0.04329,0.04809,0.90034
OG0009448,La,0.05056,0.10532,0.48007
OG0009448,Laeq,0.07778,0.19184,0.40545
OG0009448,Lgib,0.05172,0.14646,0.35311
OG0009448,Wa,0.06187,0.18883,0.32765
OG0009448,Wo,0.09661,0.24615,0.39247
OG0009448,Sp,0.00973,0.03555,0.27367
OG0009451,La,0.02516,0.10862,0.23164
OG0009451,Laeq,0.04542,0.33275,0.13651
OG0009451,Lgib,0.04222,0.37325,0.11313
OG0009451,Wa,0.0342,0.32454,0.10538
OG0009451,Wo,0.03423,0.354,0.0967
OG0009451,Sp,0.01362,0.03163,0.43064
OG0009453,La,0.14339,0.1302,1.10136
OG0009453,Laeq,1.19327,0.26683,4.47204
OG0009453,Lgib,1.06096,0.17475,6.0713
OG0009453,Wa,2.5144,0.20336,12.36412
OG0009453,Wo,0.20885,0.25973,0.80412
OG0009453,Sp,0.11555,0.02429,4.75682
OG0009460,La,4.91793,0.20355,24.16119
OG0009460,Wa,6.32454,0.31603,20.01218
OG0009460,Wo,4.94786,0.32201,15.36568
OG0009460,Laeq,4.97161,0.25033,19.86049
OG0009460,Lgib,14.03302,0.19128,73.36501
OG0009460,Sp,0.27171,0.01577,17.22888
OG0009464,La,1.57975,0.14223,11.10687
OG0009464,Wa,0.24919,0.35156,0.70881
OG0009464,Wo,0.2992,0.48832,0.61271
OG0009464,Laeq,0.19582,0.21834,0.89687
OG0009464,Lgib,0.16335,0.20127,0.8116
OG0009464,Sp,0.04327,0.02636,1.64157
OG0009467,La,0.10884,0.1089,0.99937
OG0009467,Laeq,2.70295,0.22037,12.26541
OG0009467,Lgib,0.15513,0.16544,0.9377
OG0009467,Wa,0.40709,0.32164,1.26569
OG0009467,Wo,0.29027,0.51427,0.56442
OG0009467,Sp,0.03612,0.04556,0.79275
OG0009468,La,0.02699,0.06652,0.4057
OG0009468,Laeq,1.23572,0.16326,7.5689
OG0009468,Lgib,0.06898,0.13108,0.52621
OG0009468,Wa,0.07402,0.17587,0.42088
OG0009468,Wo,0.10371,0.20941,0.49526
OG0009468,Sp,0.18343,0.06937,2.64416
OG0009469,La,0.03702,0.10524,0.35179
OG0009469,Laeq,0.06125,0.19575,0.3129
OG0009469,Lgib,0.04383,0.08729,0.50214
OG0009469,Sp,0.02988,0.10735,0.27832
OG0009469,Wa,0.14074,0.1459,0.96465
OG0009469,Wo,0.10908,0.18813,0.57977
OG0009472,La,7.07193,0.07066,100.07975
OG0009472,Laeq,7.08813,0.14558,48.68942
OG0009472,Lgib,7.14688,0.12035,59.38378
OG0009472,Wa,8.47384,0.14984,56.55178
OG0009472,Wo,8.29541,0.19313,42.95314
OG0009472,Sp,7.97351,0.05293,150.63171
OG0009473,La,7.92188,0.09637,82.20569
OG0009473,Laeq,9.85557,0.11701,84.22546
OG0009473,Lgib,1.18608,0.08712,13.61434
OG0009473,Wa,0.38027,0.14418,2.63745
OG0009473,Wo,6.69325,0.161,41.57336
OG0009473,Sp,0.04779,0.05735,0.83324
OG0009475,La,0.07957,0.14395,0.55277
OG0009475,Laeq,0.13633,0.27371,0.49809
OG0009475,Lgib,0.09052,0.2192,0.41294
OG0009475,Wa,0.09958,0.18908,0.52662
OG0009475,Wo,0.12588,0.23957,0.52546
OG0009475,Sp,0.22916,0.06177,3.70961
OG0009476,La,0.02905,0.12043,0.2412
OG0009476,Laeq,0.07782,0.20248,0.38436
OG0009476,Lgib,0.04801,0.19986,0.24023
OG0009476,Wa,0.05256,0.18515,0.2839
OG0009476,Wo,0.05549,0.25161,0.22055
OG0009476,Sp,0.00831,0.03768,0.2206
OG0009477,La,1.75328,0.1615,10.85626
OG0009477,Laeq,4259.7788,0.3333,12780.68085
OG0009477,Lgib,0.2895,0.24236,1.19447
OG0009477,Wa,7.12544,0.28492,25.00864
OG0009477,Wo,0.70953,0.39904,1.77808
OG0009477,Sp,0.28438,0.03195,8.89951
OG0009478,La,0.0091,0.18668,0.04877
OG0009478,Laeq,0.02048,0.23372,0.08763
OG0009478,Lgib,0.59523,0.22013,2.70396
OG0009478,Wa,0.01533,0.21323,0.07189
OG0009478,Wo,0.02161,0.24839,0.087
OG0009478,Sp,0.0,0.03175,0.0
OG0009480,La,0.06649,0.09964,0.66729
OG0009480,Wa,19.4247,0.1778,109.25279
OG0009480,Wo,0.14363,0.20535,0.69946
OG0009480,Laeq,0.09072,0.17532,0.51747
OG0009480,Lgib,1.55872,0.14423,10.80698
OG0009480,Sp,0.0326,0.03388,0.96248
OG0009484,Laeq,0.18615,0.22747,0.81836
OG0009484,Lgib,0.12324,0.16094,0.76573
OG0009484,Wa,0.22891,0.18876,1.21268
OG0009484,Wo,0.19837,0.23252,0.85313
OG0009484,Sp,0.02573,0.03569,0.72096
OG0009485,La,0.02569,0.13909,0.18472
OG0009485,Wa,0.05938,0.2209,0.26879
OG0009485,Wo,0.07636,0.22209,0.34384
OG0009485,Laeq,0.63272,0.2229,2.83861
OG0009485,Lgib,0.5596,0.1592,3.51515
OG0009485,Sp,0.01226,0.02544,0.48196
OG0009486,La,0.06154,0.14359,0.42855
OG0009486,Laeq,0.12276,0.21185,0.57945
OG0009486,Lgib,0.09477,0.1704,0.55615
OG0009486,Wa,0.11296,0.17704,0.63802
OG0009486,Wo,4.65107,0.20961,22.18932
OG0009486,Sp,0.03763,0.07266,0.51787
OG0009487,La,0.06745,0.12702,0.531
OG0009487,Laeq,0.08427,0.20167,0.41787
OG0009487,Lgib,0.05814,0.17591,0.33049
OG0009487,Wa,0.04581,0.15647,0.29275
OG0009487,Wo,0.07994,0.19367,0.41275
OG0009487,Sp,0.01673,0.06374,0.26248
OG0009489,La,3.43914,0.11965,28.74224
OG0009489,Laeq,3.24153,0.21307,15.21326
OG0009489,Lgib,3.21757,0.16827,19.12192
OG0009489,Wa,0.13427,0.23355,0.5749
OG0009489,Wo,0.14746,0.25002,0.58979
OG0009489,Sp,0.03149,0.06867,0.45857
OG0009490,La,0.0486,0.0729,0.66668
OG0009490,Laeq,0.09237,0.20724,0.44568
OG0009490,Lgib,0.07993,0.13988,0.57143
OG0009490,Wa,0.92121,0.172,5.35583
OG0009490,Wo,0.18366,0.19725,0.93112
OG0009490,Sp,0.01278,0.03236,0.39478
OG0009492,La,0.04323,0.12887,0.33544
OG0009492,Wa,0.07671,0.20463,0.37489
OG0009492,Wo,3.01555,0.21981,13.71904
OG0009492,Laeq,0.19132,0.18107,1.05657
OG0009492,Lgib,0.04876,0.14568,0.3347
OG0009492,Sp,0.01242,0.02754,0.45099
OG0009493,La,0.04311,0.10576,0.40763
OG0009493,Laeq,0.09736,0.2826,0.3445
OG0009493,Lgib,0.0769,0.16108,0.47743
OG0009493,Wa,0.18825,0.27757,0.67822
OG0009493,Sp,0.01532,0.04034,0.37978
OG0009494,La,0.03355,0.11955,0.28068
OG0009494,Sp,13.3265,0.12025,110.82186
OG0009494,Laeq,0.08402,0.23144,0.36305
OG0009494,Lgib,2.13034,0.17452,12.20686
OG0009494,Wa,0.09395,0.10922,0.86024
OG0009494,Wo,0.14845,0.14673,1.0117
OG0009496,Laeq,0.43182,0.21477,2.01062
OG0009496,Lgib,0.28679,0.16342,1.75492
OG0009496,Wa,0.23741,0.16152,1.46987
OG0009496,Wo,0.24731,0.15387,1.60728
OG0009496,Sp,0.00984,0.04639,0.21203
OG0009497,La,3.38306,0.12399,27.2846
OG0009497,Wa,3.47642,0.26565,13.08635
OG0009497,Wo,3.53083,0.35124,10.05248
OG0009497,Laeq,3.4426,0.21318,16.14908
OG0009497,Lgib,3.41672,0.17958,19.02626
OG0009497,Sp,0.0228,0.05776,0.39479
OG0009498,La,3.80315,0.12469,30.50084
OG0009498,Laeq,3.93649,0.17803,22.11155
OG0009498,Lgib,3.80615,0.15447,24.63965
OG0009498,Wa,3.86748,0.16925,22.85116
OG0009498,Wo,3.88207,0.22144,17.53066
OG0009498,Sp,0.08874,0.04678,1.89716
OG0009499,La,0.05441,0.08155,0.66727
OG0009499,Laeq,0.06071,0.20313,0.29887
OG0009499,Lgib,0.59017,0.1893,3.11759
OG0009499,Wa,0.05498,0.19212,0.28617
OG0009499,Wo,0.06733,0.25308,0.26603
OG0009499,Sp,0.03301,0.06739,0.48983
OG0009500,La,0.04909,0.10751,0.45663
OG0009500,Laeq,10.58515,0.19497,54.28989
OG0009500,Lgib,0.19502,0.16452,1.18541
OG0009500,Wa,0.09778,0.17737,0.55126
OG0009500,Wo,0.1248,0.2097,0.59516
OG0009500,Sp,0.36839,0.05325,6.91767
OG0009501,La,2.59853,0.11487,22.62195
OG0009501,Laeq,19.44895,0.242,80.36878
OG0009501,Lgib,19.4268,0.19071,101.86591
OG0009501,Wo,2.72864,0.25902,10.53466
OG0009501,Sp,30.26558,0.0313,967.05641
OG0009502,La,0.08472,0.10099,0.83888
OG0009502,Wa,0.13297,0.153,0.86911
OG0009502,Wo,0.14768,0.16393,0.90088
OG0009502,Laeq,0.11738,0.14346,0.81821
OG0009502,Lgib,0.08457,0.11286,0.74936
OG0009502,Sp,0.0528,0.03282,1.60861
OG0009505,La,1.59441,0.11506,13.85707
OG0009505,Wa,1.63773,0.27104,6.0424
OG0009505,Wo,1.67885,0.29592,5.67339
OG0009505,Laeq,3.18612,0.2315,13.76275
OG0009505,Lgib,3.11182,0.18191,17.10636
OG0009505,Sp,0.04139,0.04799,0.86263
OG0009507,La,0.07539,0.10191,0.73978
OG0009507,Laeq,0.08756,0.22138,0.39553
OG0009507,Lgib,0.08716,0.18727,0.46545
OG0009507,Wa,0.06652,0.22545,0.29507
OG0009507,Wo,0.09018,0.26966,0.33443
OG0009507,Sp,0.02379,0.06341,0.37513
OG0009508,La,1.95342,0.07723,25.29309
OG0009508,Lgib,0.08302,0.16107,0.51543
OG0009508,Wa,0.12357,0.20994,0.58863
OG0009508,Wo,0.17748,0.28167,0.63011
OG0009508,Sp,2.14509,0.06461,33.20188
OG0009512,La,0.08555,0.19296,0.44335
OG0009512,Laeq,0.88311,0.41388,2.13374
OG0009512,Wa,0.83572,0.38377,2.17767
OG0009512,Wo,0.8846,0.45672,1.93684
OG0009512,Lgib,0.75371,0.23918,3.15117
OG0009512,Sp,1.64304,0.15134,10.85644
OG0009513,La,0.05002,0.07911,0.63231
OG0009513,Laeq,0.05097,0.2123,0.24008
OG0009513,Lgib,0.03982,0.18906,0.21064
OG0009513,Wa,0.04747,0.19407,0.24458
OG0009513,Wo,0.7882,0.25714,3.06522
OG0009513,Sp,0.01203,0.04503,0.26723
OG0009514,La,8.04043,0.12481,64.42169
OG0009514,Laeq,17.70006,0.32887,53.82157
OG0009514,Lgib,16.72669,0.23992,69.71791
OG0009514,Wa,8.09128,0.2087,38.76919
OG0009514,Wo,8.18758,0.29562,27.69585
OG0009514,Sp,0.03914,0.05355,0.73101
OG0009515,La,1.37419,0.13474,10.19887
OG0009515,Wa,5.9906,0.19381,30.9099
OG0009515,Wo,5.83726,0.24605,23.72385
OG0009515,Laeq,4.75917,0.17391,27.36528
OG0009515,Lgib,1.29869,0.13824,9.39415
OG0009515,Sp,0.13042,0.0361,3.61283
OG0009516,La,0.37274,0.06828,5.45868
OG0009516,Laeq,0.22334,0.23892,0.93478
OG0009516,Lgib,0.16553,0.18186,0.91021
OG0009516,Wa,4.94218,0.19135,25.82812
OG0009516,Wo,9.02097,0.28657,31.47967
OG0009516,Sp,0.4182,0.07636,5.47647
OG0009517,La,0.50361,0.24812,2.02975
OG0009517,Laeq,0.38672,0.38232,1.01151
OG0009517,Lgib,8.60007,0.23043,37.32106
OG0009517,Wa,0.22078,0.35067,0.6296
OG0009517,Wo,0.21392,0.36776,0.58169
OG0009517,Sp,0.71531,0.04394,16.28082
OG0009518,La,0.0971,0.03354,2.89482
OG0009518,Laeq,11.10435,0.30285,36.6657
OG0009518,Wa,6.02545,0.25881,23.28177
OG0009518,Wo,0.34044,0.35984,0.94609
OG0009518,Lgib,0.09808,0.19197,0.51091
OG0009518,Sp,0.10128,0.07816,1.29574
OG0009519,Laeq,0.53991,0.34381,1.5704
OG0009519,Lgib,0.53664,0.26014,2.0629
OG0009519,Wa,0.15715,0.28853,0.54465
OG0009519,Wo,0.2253,0.31806,0.70836
OG0009519,Sp,3.39996,0.03133,108.52341
OG0009520,La,0.05674,0.11656,0.48678
OG0009520,Laeq,5.01496,0.29955,16.74147
OG0009520,Lgib,3.59639,0.24304,14.79764
OG0009520,Wa,2.98697,0.18892,15.81059
OG0009520,Wo,0.0675,0.22124,0.30508
OG0009520,Sp,0.06203,0.03608,1.71953
OG0009521,La,0.07395,0.13896,0.53215
OG0009521,Laeq,0.12694,0.26917,0.47161
OG0009521,Lgib,0.0817,0.16495,0.49529
OG0009521,Wa,0.12779,0.25084,0.50944
OG0009521,Wo,0.1199,0.29318,0.40895
OG0009521,Sp,0.02114,0.01513,1.39674
OG0009527,La,0.12433,0.14873,0.8359
OG0009527,Laeq,0.32147,0.26214,1.22633
OG0009527,Lgib,7.72406,0.27038,28.56715
OG0009527,Wa,0.19775,0.19255,1.02699
OG0009527,Wo,0.17278,0.2052,0.84203
OG0009527,Sp,4.9373,0.03564,138.54455
OG0009528,La,11.99823,0.16362,73.32765
OG0009528,Laeq,12.03046,0.2054,58.5704
OG0009528,Lgib,12.00126,0.14526,82.61797
OG0009528,Wa,12.01526,0.16523,72.71764
OG0009528,Wo,12.26687,0.20479,59.89906
OG0009528,Sp,0.01596,0.0426,0.37457
OG0009529,La,0.07648,0.07973,0.95919
OG0009529,Laeq,0.42177,0.1533,2.75127
OG0009529,Lgib,0.07684,0.13057,0.58848
OG0009529,Wa,0.09295,0.15759,0.58985
OG0009529,Wo,0.83636,0.18918,4.42105
OG0009529,Sp,0.05401,0.06342,0.85166
OG0009532,La,0.07311,0.16541,0.442
OG0009532,Laeq,1.88346,0.24809,7.59188
OG0009532,Lgib,0.08622,0.17967,0.4799
OG0009532,Wa,0.95259,0.20917,4.5541
OG0009532,Wo,0.9521,0.25416,3.74606
OG0009532,Sp,0.06574,0.02524,2.60457
OG0009533,La,0.05979,0.2219,0.26947
OG0009533,Wa,2.45922,0.31603,7.7817
OG0009533,Wo,2.48155,0.3804,6.52359
OG0009533,Laeq,0.07151,0.21451,0.33338
OG0009533,Lgib,0.06665,0.16647,0.40038
OG0009533,Sp,0.02243,0.03402,0.65916
OG0009534,La,0.06451,0.0844,0.76431
OG0009534,Laeq,0.16788,0.24753,0.67821
OG0009534,Lgib,0.10784,0.18791,0.57387
OG0009534,Sp,0.0828,0.13227,0.62598
OG0009534,Wa,3.24001,0.18448,17.56326
OG0009534,Wo,4.17202,0.20589,20.26291
OG0009536,La,0.06412,0.23593,0.27179
OG0009536,Laeq,0.09452,0.40701,0.23223
OG0009536,Lgib,0.05119,0.35055,0.14602
OG0009536,Wa,0.06828,0.41916,0.1629
OG0009536,Wo,0.12731,0.40942,0.31096
OG0009536,Sp,0.0258,0.02572,1.00316
OG0009537,La,0.03399,0.08158,0.41663
OG0009537,Laeq,0.37496,0.14857,2.52378
OG0009537,Lgib,0.1026,0.13014,0.78836
OG0009537,Wa,9.99483,0.14214,70.31849
OG0009537,Wo,10.07775,0.20187,49.92178
OG0009537,Sp,6.08393,0.06328,96.1506
OG0009538,La,0.09239,0.19485,0.47415
OG0009538,Laeq,2.26211,0.25483,8.87684
OG0009538,Lgib,2.22264,0.18909,11.75455
OG0009538,Wa,2.22216,0.21178,10.49263
OG0009538,Wo,0.43501,0.23966,1.8151
OG0009538,Sp,0.01851,0.04588,0.40335
OG0009539,La,0.01461,0.05317,0.27479
OG0009539,Laeq,0.02538,0.15472,0.16405
OG0009539,Lgib,0.0215,0.10928,0.19674
OG0009539,Wa,1.36958,0.12192,11.23302
OG0009539,Wo,0.04293,0.17467,0.24576
OG0009539,Sp,0.01957,0.0757,0.25852
OG0009540,La,0.17839,0.10894,1.63755
OG0009540,Wa,15.24366,0.1355,112.49606
OG0009540,Wo,0.2536,0.16043,1.58069
OG0009540,Laeq,0.17309,0.20254,0.85457
OG0009540,Lgib,0.11346,0.15315,0.74089
OG0009540,Sp,0.03518,0.0609,0.57761
OG0009541,La,0.03624,0.10794,0.33573
OG0009541,Laeq,0.07774,0.19258,0.40369
OG0009541,Lgib,0.05677,0.15998,0.35489
OG0009541,Wa,5.14256,0.19724,26.07317
OG0009541,Wo,0.10289,0.21845,0.47099
OG0009541,Sp,0.01917,0.05468,0.35063
OG0009542,Laeq,0.62421,0.14553,4.2893
OG0009542,Lgib,0.05201,0.10011,0.51956
OG0009542,Wa,4.009,0.15601,25.69767
OG0009542,Wo,0.72103,0.26567,2.71401
OG0009542,Sp,0.08556,0.06942,1.23256
OG0009543,La,0.08122,0.16064,0.50561
OG0009543,Wa,0.15991,0.17526,0.9124
OG0009543,Wo,0.17037,0.20635,0.82563
OG0009543,Laeq,2.33477,0.19561,11.93604
OG0009543,Lgib,1.54241,0.16049,9.61044
OG0009543,Sp,0.31818,0.04404,7.22519
OG0009545,La,0.11957,0.12966,0.92217
OG0009545,Laeq,323.5901,0.35151,920.56452
OG0009545,Lgib,323.54442,0.2329,1389.22039
OG0009545,Wa,0.33713,0.30964,1.08876
OG0009545,Wo,0.39456,0.35798,1.10218
OG0009545,Sp,2.75418,0.11981,22.98877
OG0009547,La,0.09227,0.14029,0.65772
OG0009547,Lgib,13.57038,0.15071,90.04521
OG0009547,Wa,13.00915,0.18497,70.32928
OG0009547,Wo,1.98811,0.27892,7.12779
OG0009547,Sp,0.07031,0.13417,0.52404
OG0009549,La,12.56793,0.18067,69.56154
OG0009549,Laeq,0.7673,0.2242,3.42237
OG0009549,Lgib,0.43995,0.18342,2.39858
OG0009549,Wa,16.56722,0.17932,92.38678
OG0009549,Wo,17.47649,0.21583,80.97445
OG0009549,Sp,0.04344,0.06436,0.67493
OG0009554,La,0.09214,0.15466,0.59577
OG0009554,Laeq,0.1658,0.24321,0.6817
OG0009554,Wa,2.45645,0.27665,8.87928
OG0009554,Wo,0.17343,0.24715,0.70171
OG0009554,Sp,0.02797,0.05384,0.51956
OG0009555,La,1.34599,0.1102,12.21374
OG0009555,Laeq,0.11663,0.18727,0.62276
OG0009555,Lgib,0.23886,0.195,1.22487
OG0009555,Wa,0.08756,0.20116,0.43526
OG0009555,Wo,0.23644,0.2187,1.08109
OG0009555,Sp,0.01654,0.06613,0.25014
OG0009558,La,1.65475,0.15173,10.90581
OG0009558,Wa,1.74509,0.39472,4.42113
OG0009558,Laeq,1.73282,0.38981,4.44525
OG0009558,Lgib,1.70794,0.26552,6.43247
OG0009558,Sp,0.02699,0.04668,0.57814
OG0009560,La,0.02008,0.1727,0.11629
OG0009560,Laeq,0.02569,0.23888,0.10755
OG0009560,Lgib,0.02549,0.26986,0.09446
OG0009560,Wa,0.01669,0.20221,0.08253
OG0009560,Wo,0.03569,0.21123,0.16897
OG0009560,Sp,0.03338,0.08646,0.38613
OG0009561,La,0.04438,0.18026,0.24622
OG0009561,Laeq,0.1393,0.27809,0.50092
OG0009561,Lgib,0.44837,0.20298,2.20895
OG0009561,Wa,0.15349,0.2463,0.62317
OG0009561,Wo,0.18845,0.34655,0.5438
OG0009561,Sp,0.4237,0.05762,7.35384
OG0009562,La,4.29233,0.10467,41.00939
OG0009562,Laeq,4.32878,0.31635,13.68362
OG0009562,Lgib,4.30463,0.27104,15.88174
OG0009562,Wa,4.38588,0.35281,12.43127
OG0009562,Wo,4.4038,0.43959,10.01796
OG0009562,Sp,0.01761,0.04855,0.36266
OG0009563,La,0.03888,0.09931,0.39148
OG0009563,Laeq,0.06281,0.21551,0.29143
OG0009563,Wa,0.12206,0.19155,0.63721
OG0009563,Wo,0.24788,0.27594,0.89829
OG0009563,Lgib,0.08597,0.16649,0.51636
OG0009563,Sp,0.01906,0.05491,0.34702
OG0009564,La,3.76535,0.08145,46.22666
OG0009564,Laeq,0.11754,0.3,0.39179
OG0009564,Lgib,0.06224,0.19873,0.31318
OG0009564,Wa,4.03054,0.21678,18.5929
OG0009564,Wo,1.0535,0.33014,3.19106
OG0009564,Sp,0.03733,0.06995,0.53369
OG0009566,La,3.1833,0.19868,16.02205
OG0009566,Laeq,0.36114,0.28553,1.26481
OG0009566,Lgib,0.31001,0.28288,1.0959
OG0009566,Wa,5.55116,0.21035,26.39006
OG0009566,Wo,11.77432,0.19838,59.35367
OG0009566,Sp,0.04282,0.04285,0.99949
OG0009568,La,1.76091,0.11962,14.72146
OG0009568,Laeq,1.76264,0.18172,9.69976
OG0009568,Lgib,1.75615,0.1388,12.65251
OG0009568,Wa,1.76427,0.17268,10.21667
OG0009568,Wo,1.77952,0.16796,10.59517
OG0009568,Sp,0.00604,0.04799,0.12588
OG0009569,La,0.04637,0.14403,0.32195
OG0009569,Laeq,0.07303,0.22279,0.32781
OG0009569,Lgib,0.05393,0.25994,0.20748
OG0009569,Wa,0.30098,0.16581,1.81522
OG0009569,Wo,0.32119,0.21159,1.51796
OG0009569,Sp,0.0186,0.06116,0.30404
OG0009570,La,0.18121,0.17996,1.00696
OG0009570,Laeq,0.89755,0.27991,3.20653
OG0009570,Lgib,9.02686,0.25678,35.15456
OG0009570,Wa,0.06595,0.21987,0.29996
OG0009570,Wo,0.08977,0.2407,0.37296
OG0009570,Sp,0.31138,0.01375,22.63869
OG0009575,La,0.04543,0.14013,0.32418
OG0009575,Laeq,0.08611,0.23371,0.36845
OG0009575,Lgib,0.07696,0.20257,0.37993
OG0009575,Wa,0.75694,0.24725,3.06141
OG0009575,Wo,2.6977,0.22933,11.76349
OG0009575,Sp,0.04936,0.03036,1.62597
OG0009576,La,0.06672,0.10648,0.62659
OG0009576,Laeq,0.41836,0.36195,1.15586
OG0009576,Wa,0.42305,0.36475,1.15984
OG0009576,Wo,0.68142,0.32696,2.08414
OG0009576,Lgib,0.27241,0.1748,1.55841
OG0009576,Sp,0.03091,0.0633,0.48836
OG0009577,La,0.10117,0.17723,0.57082
OG0009577,Laeq,0.14131,0.24906,0.56738
OG0009577,Wa,0.12747,0.31324,0.40694
OG0009577,Wo,0.21796,0.26446,0.82416
OG0009577,Lgib,0.65714,0.12943,5.07715
OG0009578,La,0.36837,0.07779,4.73573
OG0009578,Laeq,0.10867,0.12696,0.85596
OG0009578,Lgib,0.08514,0.10758,0.7914
OG0009578,Wa,0.09471,0.12946,0.73155
OG0009578,Wo,6.55387,0.20173,32.48861
OG0009578,Sp,0.68422,0.05083,13.46061
OG0009581,La,0.03674,0.13005,0.28248
OG0009581,Laeq,3.63065,0.3959,9.17066
OG0009581,Lgib,0.10734,0.20063,0.53502
OG0009581,Wa,0.07302,0.2017,0.36202
OG0009581,Wo,0.13673,0.32527,0.42037
OG0009581,Sp,0.02251,0.04134,0.5445
OG0009583,La,0.1541,0.14645,1.05225
OG0009583,Laeq,0.22702,0.24656,0.92074
OG0009583,Lgib,0.20757,0.21782,0.95295
OG0009583,Wa,0.21639,0.23411,0.92429
OG0009583,Wo,0.24651,0.27217,0.90573
OG0009583,Sp,0.17563,0.03593,4.88777
OG0009584,La,0.09924,0.24116,0.41152
OG0009584,Laeq,1.93096,0.4198,4.59972
OG0009584,Lgib,0.12927,0.38383,0.3368
OG0009584,Wa,0.15048,0.37875,0.39731
OG0009584,Wo,0.17596,0.38519,0.45681
OG0009584,Sp,0.0106,0.02391,0.44325
OG0009585,La,0.02182,0.13132,0.16614
OG0009585,Wa,0.04994,0.23625,0.21139
OG0009585,Wo,8.30171,0.34491,24.06904
OG0009585,Laeq,0.04924,0.27131,0.18148
OG0009585,Lgib,0.03165,0.19056,0.16611
OG0009585,Sp,0.00735,0.04574,0.16061
OG0009586,La,10.00249,0.10762,92.9452
OG0009586,Laeq,14.6753,0.17285,84.90292
OG0009586,Lgib,0.17318,0.1703,1.01696
OG0009586,Wa,0.49221,0.24971,1.97112
OG0009586,Wo,18.33285,0.19855,92.33341
OG0009586,Sp,75.23599,0.10525,714.80345
OG0009587,La,15.3593,0.31446,48.84333
OG0009587,Wa,20.85807,0.38899,53.62107
OG0009587,Wo,20.90715,0.45164,46.29212
OG0009587,Laeq,9.65669,0.48584,19.87621
OG0009587,Lgib,9.66711,0.29822,32.41644
OG0009587,Sp,0.7017,0.0895,7.83986
OG0009589,La,0.06855,0.14537,0.47156
OG0009589,Laeq,0.10114,0.26446,0.38243
OG0009589,Lgib,0.08587,0.20628,0.41631
OG0009589,Wa,0.09045,0.18579,0.48684
OG0009589,Wo,0.11867,0.24541,0.48357
OG0009589,Sp,0.01271,0.03404,0.37355
OG0009593,La,2.38419,0.32101,7.42708
OG0009593,Laeq,2.49644,0.39555,6.31134
OG0009593,Lgib,2.45768,0.31655,7.76406
OG0009593,Wa,3.2348,0.24246,13.34174
OG0009593,Wo,3.22393,0.3231,9.97816
OG0009593,Sp,0.14031,0.03445,4.07237
OG0009596,La,0.10893,0.09623,1.13188
OG0009596,Laeq,0.24086,0.28861,0.83455
OG0009596,Lgib,0.16488,0.29748,0.55424
OG0009596,Wa,0.2168,0.32767,0.66165
OG0009596,Wo,0.279,0.28986,0.96253
OG0009596,Sp,0.07156,0.10532,0.67944
OG0009599,La,0.04108,0.12613,0.3257
OG0009599,Laeq,0.05579,0.30089,0.18542
OG0009599,Lgib,0.04715,0.22391,0.21056
OG0009599,Wa,0.07851,0.21675,0.36221
OG0009599,Wo,3.73278,0.25968,14.3745
OG0009599,Sp,0.02337,0.05148,0.45389
OG0009600,La,0.10724,0.08301,1.29185
OG0009600,Laeq,0.19175,0.32589,0.58841
OG0009600,Lgib,0.19204,0.23685,0.81082
OG0009600,Wa,0.12561,0.21929,0.57279
OG0009600,Wo,0.1161,0.24856,0.46709
OG0009600,Sp,0.05162,0.07024,0.73489
OG0009601,La,0.01402,0.14212,0.09866
OG0009601,Laeq,0.03674,0.2467,0.14894
OG0009601,Lgib,5.1717,0.2047,25.26448
OG0009601,Sp,0.01226,0.06501,0.1886
OG0009601,Wa,0.04767,0.1306,0.36496
OG0009601,Wo,0.05451,0.1753,0.31093
OG0009603,La,0.34734,0.08393,4.13823
OG0009603,Laeq,0.23783,0.40824,0.58258
OG0009603,Lgib,0.12039,0.30136,0.39949
OG0009603,Sp,0.25534,0.1866,1.36842
OG0009603,Wa,0.24339,0.38004,0.64043
OG0009603,Wo,0.21989,0.29634,0.74202
OG0009605,La,0.04284,0.15283,0.28032
OG0009605,Laeq,0.06951,0.25153,0.27633
OG0009605,Lgib,0.02908,0.21861,0.133
OG0009605,Wa,0.1175,0.20992,0.55974
OG0009605,Wo,0.11503,0.2428,0.47378
OG0009605,Sp,0.01414,0.04126,0.3427
OG0009606,La,1.23554,0.12796,9.65589
OG0009606,Laeq,0.31449,0.37309,0.84294
OG0009606,Lgib,3.11292,0.26057,11.94654
OG0009606,Wa,0.37943,0.33981,1.11659
OG0009606,Wo,0.38711,0.3834,1.00968
OG0009606,Sp,1.55169,0.07161,21.66782
OG0009607,La,0.04449,0.13741,0.32376
OG0009607,Laeq,0.13595,0.30596,0.44434
OG0009607,Lgib,0.06895,0.22856,0.30166
OG0009607,Wa,0.09333,0.26143,0.35701
OG0009607,Wo,0.10725,0.32567,0.32933
OG0009607,Sp,0.01143,0.04937,0.2315
OG0009610,La,0.22564,0.17847,1.2643
OG0009610,Laeq,0.35733,0.37659,0.94885
OG0009610,Lgib,0.2916,0.28915,1.00845
OG0009610,Wa,3.07188,0.34668,8.86087
OG0009610,Wo,0.37648,0.50593,0.74413
OG0009610,Sp,3.55821,0.0265,134.25141
OG0009612,La,0.05715,0.11959,0.47788
OG0009612,Laeq,0.14971,0.33962,0.44081
OG0009612,Lgib,0.08148,0.16854,0.48346
OG0009612,Sp,0.03291,0.09392,0.35046
OG0009612,Wa,0.11354,0.13346,0.85075
OG0009613,La,0.01292,0.09534,0.13548
OG0009613,Laeq,0.07997,0.36472,0.21926
OG0009613,Lgib,0.05569,0.32453,0.17159
OG0009613,Wa,0.16991,0.31043,0.54733
OG0009613,Wo,0.21178,0.43517,0.48667
OG0009613,Sp,0.02601,0.0314,0.82828
OG0009614,La,0.08915,0.14914,0.59777
OG0009614,Laeq,0.10456,0.16468,0.63493
OG0009614,Lgib,10.32457,0.12336,83.69623
OG0009614,Wa,0.17484,0.19991,0.87459
OG0009614,Wo,16.77045,0.22965,73.02492
OG0009615,La,1.22183,0.15908,7.68048
OG0009615,Laeq,1.26322,0.20848,6.05924
OG0009615,Lgib,1.24256,0.20831,5.96489
OG0009615,Wa,1.24617,0.19532,6.38018
OG0009615,Wo,1.24433,0.20861,5.96495
OG0009615,Sp,0.01564,0.02404,0.65071
OG0009616,La,0.03276,0.13948,0.23485
OG0009616,Laeq,0.20146,0.14701,1.37034
OG0009616,Lgib,0.22669,0.11172,2.02918
OG0009616,Sp,178.2739,0.19454,916.38486
OG0009616,Wa,1.17517,0.15421,7.62048
OG0009616,Wo,1.02333,0.19623,5.21509
OG0009619,La,0.56985,0.10647,5.35219
OG0009619,Laeq,0.5985,0.19734,3.0329
OG0009619,Lgib,0.59194,0.15164,3.90358
OG0009619,Wa,4.40265,0.2163,20.35419
OG0009619,Wo,6.9776,0.25036,27.86971
OG0009619,Sp,5.24495,0.04263,123.02715
OG0009620,La,0.03388,0.12361,0.27407
OG0009620,Laeq,0.07854,0.2058,0.38162
OG0009620,Lgib,4.55267,0.11655,39.06065
OG0009620,Wa,0.06836,0.17297,0.39521
OG0009620,Wo,0.55354,0.29173,1.89741
OG0009620,Sp,0.01462,0.04456,0.32813
OG0009621,La,0.059,0.16638,0.35464
OG0009621,Wa,0.07593,0.25315,0.29995
OG0009621,Wo,0.06473,0.29168,0.22193
OG0009621,Lgib,0.04043,0.24115,0.16767
OG0009621,Sp,0.01886,0.03572,0.52817
OG0009622,La,0.07655,0.15635,0.48962
OG0009622,Laeq,0.8899,0.21028,4.23208
OG0009622,Lgib,0.85776,0.16216,5.28961
OG0009622,Wa,0.12059,0.22702,0.5312
OG0009622,Wo,0.13659,0.25771,0.53001
OG0009622,Sp,0.01844,0.03878,0.4755
OG0009627,La,0.05794,0.11756,0.4929
OG0009627,Laeq,0.11465,0.19456,0.58926
OG0009627,Lgib,0.08201,0.17066,0.48055
OG0009627,Wa,4.30636,0.18631,23.11375
OG0009627,Wo,4.25682,0.24284,17.52907
OG0009627,Sp,0.01762,0.03357,0.52494
OG0009632,La,3.17637,0.13028,24.38075
OG0009632,Laeq,0.12722,0.23848,0.53346
OG0009632,Lgib,0.10604,0.15947,0.66494
OG0009632,Wa,3.63092,0.28126,12.90941
OG0009632,Wo,0.2086,0.2958,0.70521
OG0009632,Sp,0.03279,0.05804,0.5649
OG0009633,La,0.42263,0.23381,1.80756
OG0009633,Laeq,0.18246,0.39242,0.46497
OG0009633,Lgib,0.12087,0.25061,0.4823
OG0009633,Wa,0.23756,0.33883,0.70111
OG0009633,Wo,0.34479,0.38737,0.89007
OG0009633,Sp,10.15687,0.04009,253.3396
OG0009635,La,0.11299,0.15148,0.74587
OG0009635,Laeq,0.17816,0.22174,0.80347
OG0009635,Lgib,1.72837,0.16361,10.5639
OG0009635,Wa,0.19611,0.24653,0.79549
OG0009635,Wo,0.52027,0.29776,1.74727
OG0009635,Sp,0.05525,0.02808,1.96728
OG0009636,La,0.01344,0.22982,0.0585
OG0009636,Wo,0.00757,0.20989,0.03608
OG0009636,Wa,0.00541,0.17921,0.03021
OG0009636,Laeq,0.01123,0.31233,0.03595
OG0009636,Lgib,0.01334,0.22626,0.05897
OG0009636,Sp,0.00551,0.02043,0.26948
OG0009639,La,0.06886,0.09876,0.69727
OG0009639,Laeq,0.12311,0.20982,0.58675
OG0009639,Lgib,0.12714,0.19685,0.64586
OG0009639,Wa,0.09771,0.19028,0.51351
OG0009639,Wo,0.13964,0.18854,0.7406
OG0009639,Sp,0.01239,0.0519,0.23878
OG0009642,La,0.11822,0.16192,0.7301
OG0009642,Laeq,2.46798,0.30857,7.99807
OG0009642,Lgib,2.42461,0.22141,10.95099
OG0009642,Wa,1.40929,0.29614,4.75892
OG0009642,Wo,1.50956,0.40512,3.72618
OG0009642,Sp,0.05286,0.04903,1.07821
OG0009643,La,0.0295,0.12514,0.23577
OG0009643,Laeq,0.11273,0.26647,0.42304
OG0009643,Lgib,0.04381,0.18052,0.24268
OG0009643,Wa,0.06793,0.24652,0.27557
OG0009643,Wo,0.25155,0.34867,0.72146
OG0009643,Sp,2.72303,0.02599,104.77449
OG0009645,La,0.03795,0.08756,0.43337
OG0009645,Sp,1.44369,0.07299,19.78013
OG0009645,Laeq,0.12149,0.24718,0.49149
OG0009645,Lgib,0.06826,0.09304,0.73363
OG0009645,Wa,0.80172,0.15383,5.21186
OG0009645,Wo,3.87843,0.15568,24.91255
OG0009646,La,0.02656,0.04868,0.54555
OG0009646,Laeq,0.03104,0.14057,0.22083
OG0009646,Lgib,0.06952,0.09639,0.72119
OG0009646,Wa,0.06581,0.1869,0.35209
OG0009646,Wo,0.08024,0.27681,0.28988
OG0009646,Sp,4.3302,0.09571,45.24526
OG0009649,La,18.27316,0.06616,276.20401
OG0009649,Laeq,17.90672,0.12619,141.89969
OG0009649,Lgib,17.69086,0.1141,155.05349
OG0009649,Wa,17.77353,0.15787,112.58002
OG0009649,Wo,19.53517,0.17681,110.48577
OG0009649,Sp,0.0129,0.03142,0.41061
OG0009653,La,0.05035,0.09603,0.52433
OG0009653,Laeq,0.05854,0.13339,0.43885
OG0009653,Lgib,0.04538,0.11155,0.40687
OG0009653,Wa,1.51092,0.14454,10.45299
OG0009653,Wo,1.51341,0.19453,7.77994
OG0009653,Sp,0.01093,0.04636,0.23569
OG0009654,La,3.02835,0.11621,26.05844
OG0009654,Laeq,0.18558,0.16143,1.14957
OG0009654,Lgib,0.2069,0.12812,1.61492
OG0009654,Wa,0.19973,0.16966,1.17727
OG0009654,Wo,3.10467,0.19418,15.98892
OG0009654,Sp,0.02218,0.03234,0.68576
OG0009655,La,1.25686,0.09142,13.74882
OG0009655,Laeq,0.08753,0.13921,0.62878
OG0009655,Lgib,0.21389,0.11369,1.88131
OG0009655,Wa,3.28453,0.15715,20.90006
OG0009655,Wo,0.06437,0.21791,0.29541
OG0009655,Sp,0.01797,0.03723,0.48256
OG0009656,La,0.10329,0.13446,0.76813
OG0009656,Wa,0.13919,0.16337,0.85197
OG0009656,Wo,0.43697,0.25338,1.72454
OG0009656,Laeq,0.12713,0.21179,0.60027
OG0009656,Lgib,0.14597,0.14566,1.0021
OG0009656,Sp,0.03398,0.03838,0.88515
OG0009658,La,0.13885,0.07059,1.96718
OG0009658,Laeq,0.13137,0.1342,0.97892
OG0009658,Lgib,0.13734,0.12204,1.12534
OG0009658,Wa,0.55543,0.19436,2.85771
OG0009658,Wo,0.60263,0.29329,2.05468
OG0009658,Sp,0.03325,0.04084,0.81413
OG0009659,La,12.63409,0.12498,101.09269
OG0009659,Laeq,7.02225,0.26486,26.51273
OG0009659,Lgib,6.96911,0.19737,35.30932
OG0009659,Wa,7.24539,0.22441,32.28587
OG0009659,Wo,17.28158,0.23819,72.55426
OG0009659,Sp,0.05429,0.0445,1.21994
OG0009661,La,0.23163,0.12906,1.79477
OG0009661,Laeq,0.30753,0.22643,1.3582
OG0009661,Lgib,0.30073,0.20747,1.44952
OG0009661,Wa,0.28387,0.20568,1.38018
OG0009661,Wo,0.30756,0.22344,1.37648
OG0009661,Sp,0.03486,0.04917,0.709
OG0009662,La,13.13584,0.14407,91.178
OG0009662,Laeq,13.20345,0.2623,50.33808
OG0009662,Lgib,14.32942,0.19456,73.64868
OG0009662,Wa,26.57937,0.19167,138.67517
OG0009662,Wo,27.52964,0.19543,140.86846
OG0009662,Sp,0.03183,0.04418,0.72039
OG0009664,La,0.12473,0.12291,1.01479
OG0009664,Laeq,0.20412,0.1806,1.13019
OG0009664,Lgib,0.1376,0.14776,0.93128
OG0009664,Wa,0.12189,0.18809,0.64801
OG0009664,Wo,0.16714,0.25961,0.64381
OG0009664,Sp,0.03003,0.04098,0.73271
OG0009666,La,0.12317,0.11745,1.04869
OG0009666,Laeq,0.20942,0.24714,0.84734
OG0009666,Lgib,0.22221,0.21112,1.05252
OG0009666,Wa,0.20017,0.2032,0.98511
OG0009666,Wo,0.46365,0.48195,0.96204
OG0009666,Sp,1.91448,0.04351,43.9966
OG0009669,La,0.03104,0.13155,0.23598
OG0009669,Laeq,0.14032,0.2039,0.68821
OG0009669,Lgib,0.61891,0.1948,3.17721
OG0009669,Wa,0.20616,0.23239,0.88712
OG0009669,Wo,0.49361,0.26106,1.89081
OG0009669,Sp,0.01251,0.0299,0.41834
OG0009670,La,0.02605,0.08205,0.31746
OG0009670,Laeq,0.07623,0.12064,0.63189
OG0009670,Lgib,0.06962,0.09166,0.75959
OG0009670,Wa,0.02181,0.0447,0.48782
OG0009670,Wo,0.02986,0.10497,0.28451
OG0009672,La,0.06758,0.10145,0.66617
OG0009672,Laeq,0.32404,0.32131,1.00851
OG0009672,Lgib,0.3374,0.24448,1.38008
OG0009672,Wa,0.42377,0.37856,1.11943
OG0009672,Wo,0.4536,0.4727,0.95958
OG0009672,Sp,0.36282,0.11159,3.25122
OG0009673,La,0.03872,0.02276,1.70137
OG0009673,Laeq,0.06074,0.14762,0.41142
OG0009673,Lgib,0.09967,0.1169,0.85258
OG0009673,Wa,0.04076,0.16242,0.25096
OG0009673,Wo,0.06572,0.24064,0.27309
OG0009673,Sp,1784.5581,0.07551,23633.82031
OG0009675,La,0.02018,0.1224,0.16487
OG0009675,Laeq,0.67945,0.17926,3.79021
OG0009675,Lgib,0.05256,0.12316,0.42672
OG0009675,Wa,0.48605,0.17123,2.83855
OG0009675,Wo,0.04819,0.18501,0.26048
OG0009675,Sp,2.01292,0.04025,50.01314
OG0009676,La,0.06784,0.11949,0.56776
OG0009676,Laeq,0.12339,0.18832,0.65525
OG0009676,Lgib,0.11547,0.10163,1.13614
OG0009676,Wa,0.13417,0.17825,0.75271
OG0009676,Wo,0.13445,0.23508,0.57192
OG0009676,Sp,0.03825,0.04884,0.78313
OG0009677,La,0.05297,0.0857,0.6181
OG0009677,Laeq,0.07311,0.21424,0.34124
OG0009677,Lgib,0.06747,0.18262,0.36946
OG0009677,Wa,0.33622,0.18672,1.80066
OG0009677,Wo,0.33927,0.23849,1.42258
OG0009677,Sp,0.02705,0.02346,1.15285
OG0009678,La,3.83262,0.12099,31.67735
OG0009678,Laeq,0.07918,0.18935,0.41815
OG0009678,Lgib,0.06433,0.19354,0.33237
OG0009678,Wa,0.0742,0.18639,0.39808
OG0009678,Wo,0.08049,0.22101,0.3642
OG0009678,Sp,0.10789,0.05229,2.06351
OG0009680,La,2.99467,0.10698,27.99325
OG0009680,Laeq,0.23135,0.15091,1.53299
OG0009680,Lgib,0.42429,0.12573,3.37469
OG0009680,Wa,0.14322,0.15349,0.93308
OG0009680,Wo,0.1394,0.19325,0.72135
OG0009680,Sp,0.04204,0.0479,0.87767
OG0009681,La,2.67638,0.17012,15.73212
OG0009681,Laeq,4.50833,0.29853,15.10164
OG0009681,Lgib,4.46757,0.18734,23.84709
OG0009681,Wa,2.72884,0.20111,13.5687
OG0009681,Wo,2.72907,0.23222,11.75203
OG0009681,Sp,0.02194,0.03588,0.6114
OG0009682,La,0.33162,0.1834,1.80816
OG0009682,Laeq,1.73914,0.21851,7.95914
OG0009682,Lgib,0.34878,0.17582,1.9838
OG0009682,Wa,0.33527,0.19441,1.72459
OG0009682,Wo,0.32983,0.25389,1.29911
OG0009682,Sp,0.00281,0.0103,0.27276
OG0009685,La,0.21942,0.1091,2.01107
OG0009685,Laeq,0.28515,0.23019,1.23875
OG0009685,Lgib,0.1676,0.16886,0.99259
OG0009685,Wa,6.93386,0.18552,37.37509
OG0009685,Wo,0.24565,0.23975,1.02459
OG0009685,Sp,0.03482,0.04736,0.73521
OG0009687,La,0.0368,0.11307,0.32546
OG0009687,Laeq,0.10171,0.18556,0.54814
OG0009687,Lgib,0.16555,0.12011,1.37832
OG0009687,Wa,0.06351,0.13611,0.46664
OG0009687,Wo,0.07576,0.16303,0.46472
OG0009687,Sp,1.02844,0.04346,23.6639
OG0009688,La,0.10479,0.12652,0.82824
OG0009688,Laeq,0.1959,0.29174,0.67146
OG0009688,Lgib,2.06101,0.16201,12.72132
OG0009688,Wa,6.77699,0.27065,25.03927
OG0009688,Wo,0.29359,0.38325,0.76604
OG0009688,Sp,0.05708,0.05932,0.96219
OG0009690,La,0.07492,0.13482,0.55572
OG0009690,Laeq,0.25993,0.3686,0.70519
OG0009690,Lgib,0.16922,0.21764,0.77753
OG0009690,Wa,7.02273,0.2641,26.59164
OG0009690,Wo,17.77224,0.37093,47.9124
OG0009690,Sp,0.01028,0.05923,0.17351
OG0009692,La,0.0831,0.14062,0.59095
OG0009692,Laeq,0.25764,0.24303,1.06013
OG0009692,Lgib,0.16123,0.18809,0.85718
OG0009692,Wa,0.19413,0.2243,0.86549
OG0009692,Wo,0.27164,0.2313,1.1744
OG0009692,Sp,0.02669,0.02591,1.02994
OG0009693,La,0.03563,0.10141,0.35137
OG0009693,Laeq,0.05403,0.13478,0.40091
OG0009693,Lgib,0.02938,0.11794,0.24912
OG0009693,Wa,0.0422,0.17664,0.23889
OG0009693,Wo,0.06243,0.19972,0.31258
OG0009693,Sp,0.02824,0.05793,0.48748
OG0009696,La,0.48289,0.08236,5.86314
OG0009696,Wa,5.40339,0.15116,35.74606
OG0009696,Wo,5.39599,0.14004,38.53038
OG0009696,Laeq,0.50026,0.19697,2.53983
OG0009696,Lgib,0.622,0.14173,4.38875
OG0009696,Sp,0.03789,0.0462,0.82008
OG0009697,La,0.21713,0.09119,2.38102
OG0009697,Laeq,9.92275,0.14957,66.3438
OG0009697,Lgib,9.2198,0.10025,91.96388
OG0009697,Wa,8.22157,0.15083,54.51012
OG0009697,Wo,8.26568,0.18994,43.51633
OG0009697,Sp,0.45522,0.09727,4.67971
OG0009698,La,0.03747,0.07637,0.49067
OG0009698,Laeq,0.14907,0.28969,0.51458
OG0009698,Lgib,4.2254,0.18854,22.4106
OG0009698,Sp,0.01625,0.16647,0.09764
OG0009698,Wa,0.05489,0.14039,0.39101
OG0009698,Wo,0.07787,0.12989,0.59953
OG0009700,La,0.05186,0.15744,0.3294
OG0009700,Laeq,0.1722,0.31253,0.55099
OG0009700,Lgib,0.10295,0.20771,0.49565
OG0009700,Wa,0.12265,0.27356,0.44833
OG0009700,Wo,0.18164,0.3586,0.50653
OG0009700,Sp,0.52704,0.06817,7.73085
OG0009701,La,0.2807,0.15325,1.83158
OG0009701,Laeq,0.30341,0.35323,0.85895
OG0009701,Lgib,0.27894,0.34748,0.80276
OG0009701,Wa,0.32882,0.31534,1.04278
OG0009701,Wo,0.33385,0.34089,0.97936
OG0009701,Sp,0.01837,0.06954,0.26416
OG0009702,La,0.05805,0.14691,0.39513
OG0009702,Laeq,0.22614,0.20895,1.08226
OG0009702,Lgib,0.08445,0.18931,0.44612
OG0009702,Wa,0.05628,0.21659,0.25983
OG0009702,Wo,0.1001,0.25679,0.38981
OG0009702,Sp,0.01784,0.03018,0.59105
OG0009703,La,0.05319,0.10862,0.48972
OG0009703,Laeq,0.07068,0.26587,0.26586
OG0009703,Lgib,0.06927,0.17341,0.39949
OG0009703,Wa,0.10251,0.32119,0.31915
OG0009703,Wo,2.45052,0.3519,6.96369
OG0009703,Sp,0.01541,0.06022,0.25584
OG0009704,La,0.17365,0.13523,1.28414
OG0009704,Laeq,0.46424,0.23247,1.99703
OG0009704,Lgib,0.2906,0.23352,1.24446
OG0009704,Wa,1.82029,0.16239,11.20937
OG0009704,Wo,0.30929,0.24654,1.25449
OG0009704,Sp,0.22107,0.06039,3.66084
OG0009705,La,10.34333,0.1418,72.94484
OG0009705,Laeq,21.03092,0.30027,70.04056
OG0009705,Lgib,26.22753,0.20185,129.93392
OG0009705,Wa,31.91655,0.36039,88.56183
OG0009705,Wo,41.69245,0.35269,118.21276
OG0009705,Sp,0.06463,0.02467,2.61937
OG0009706,La,0.03277,0.09809,0.33406
OG0009706,Laeq,0.06984,0.16914,0.41292
OG0009706,Lgib,0.03176,0.11539,0.27523
OG0009706,Wa,0.04052,0.13036,0.31079
OG0009706,Wo,0.12054,0.15063,0.80028
OG0009706,Sp,0.01118,0.03124,0.35768
OG0009709,La,0.05489,0.11946,0.45953
OG0009709,Laeq,0.07639,0.2084,0.36653
OG0009709,Lgib,0.06866,0.17186,0.3995
OG0009709,Wa,0.07766,0.19974,0.38879
OG0009709,Wo,0.06845,0.19363,0.35353
OG0009709,Sp,0.01202,0.02414,0.49807
OG0009713,La,0.02898,0.10496,0.27612
OG0009713,Wa,0.05163,0.1782,0.28974
OG0009713,Wo,0.0384,0.20141,0.19065
OG0009713,Laeq,0.04084,0.14556,0.28058
OG0009713,Lgib,0.04122,0.15231,0.27064
OG0009713,Sp,0.01372,0.0341,0.40242
OG0009714,La,0.23488,0.09652,2.43354
OG0009714,Laeq,0.28062,0.16714,1.67899
OG0009714,Lgib,0.2482,0.12424,1.99777
OG0009714,Wa,0.28847,0.16033,1.79924
OG0009714,Wo,0.31349,0.18768,1.67033
OG0009714,Sp,0.01589,0.04042,0.39305
OG0009715,La,0.10448,0.11553,0.90437
OG0009715,Wa,0.92166,0.16785,5.49109
OG0009715,Wo,0.9147,0.19774,4.62572
OG0009715,Laeq,0.08882,0.18282,0.48582
OG0009715,Lgib,0.07081,0.15619,0.45339
OG0009715,Sp,0.2005,0.04425,4.53105
OG0009717,La,0.50893,0.11028,4.61497
OG0009717,Wa,0.52441,0.16564,3.16601
OG0009717,Wo,0.52693,0.17952,2.93523
OG0009717,Laeq,0.52431,0.24234,2.16353
OG0009717,Lgib,0.51441,0.17557,2.92995
OG0009717,Sp,0.0101,0.02682,0.37651
OG0009718,La,0.05116,0.08358,0.61216
OG0009718,Laeq,0.04999,0.21644,0.23095
OG0009718,Lgib,0.03103,0.15659,0.19818
OG0009718,Wa,0.07761,0.17939,0.43267
OG0009718,Wo,0.2484,0.20461,1.21404
OG0009718,Sp,0.02035,0.05376,0.37853
OG0009719,La,0.09647,0.11591,0.83228
OG0009719,Laeq,0.1873,0.26692,0.70171
OG0009719,Lgib,0.14416,0.20431,0.70557
OG0009719,Wa,1.47945,0.20212,7.31976
OG0009719,Wo,0.24934,0.26373,0.94544
OG0009719,Sp,3.59461,0.0493,72.91903
OG0009721,La,0.16426,0.26076,0.62992
OG0009721,Laeq,2.57992,0.45943,5.61548
OG0009721,Lgib,2.58615,0.3282,7.87978
OG0009721,Wa,0.19918,0.37504,0.53108
OG0009721,Wo,0.27195,0.51874,0.52426
OG0009721,Sp,2.5783,0.01633,157.85348
OG0009725,La,0.0461,0.16575,0.27815
OG0009725,Laeq,6.53087,0.3196,20.43453
OG0009725,Lgib,0.38571,0.19353,1.99302
OG0009725,Wa,0.27852,0.23862,1.1672
OG0009725,Wo,0.55442,0.22163,2.50161
OG0009725,Sp,0.0289,0.02892,0.9994
OG0009726,La,0.05164,0.14174,0.36436
OG0009726,Laeq,0.08216,0.21946,0.37435
OG0009726,Lgib,0.07341,0.20368,0.36039
OG0009726,Wa,0.08689,0.22504,0.38611
OG0009726,Wo,0.09396,0.26369,0.35631
OG0009726,Sp,0.01965,0.02895,0.67887
OG0009731,La,0.06133,0.12129,0.50562
OG0009731,Wa,1.58874,0.18386,8.64102
OG0009731,Wo,1.79975,0.20422,8.81291
OG0009731,Laeq,2.5917,0.16991,15.25318
OG0009731,Lgib,15.12904,0.13283,113.89907
OG0009731,Sp,0.02584,0.03829,0.67482
OG0009732,La,0.01538,0.13932,0.11039
OG0009732,Lgib,0.02101,0.23606,0.08901
OG0009732,Wa,0.01991,0.18596,0.10705
OG0009732,Wo,0.02002,0.24985,0.08012
OG0009732,Sp,0.00511,0.02827,0.18075
OG0009733,La,0.07224,0.12171,0.59355
OG0009733,Laeq,0.05063,0.20326,0.24907
OG0009733,Lgib,0.03879,0.17528,0.2213
OG0009733,Wa,0.09273,0.18587,0.49892
OG0009733,Wo,0.09537,0.18337,0.52013
OG0009733,Sp,0.00602,0.03264,0.18439
OG0009734,La,3.27022,0.11937,27.39668
OG0009734,Laeq,3.28726,0.20226,16.25237
OG0009734,Lgib,3.27469,0.12954,25.27904
OG0009734,Wa,3.30487,0.23001,14.36864
OG0009734,Wo,3.36765,0.33268,10.12266
OG0009734,Sp,0.01783,0.06837,0.26078
OG0009735,La,0.0377,0.07858,0.47975
OG0009735,Laeq,0.0714,0.14047,0.50827
OG0009735,Lgib,0.07737,0.11819,0.65462
OG0009735,Wa,0.0538,0.28936,0.18592
OG0009735,Wo,0.09311,0.37174,0.25048
OG0009735,Sp,0.01992,0.01314,1.51609
OG0009736,La,0.29324,0.1846,1.58852
OG0009736,Laeq,0.16259,0.26353,0.61696
OG0009736,Lgib,0.0851,0.18906,0.45013
OG0009736,Wa,1.52592,0.24964,6.11239
OG0009736,Wo,0.2317,0.25683,0.90214
OG0009736,Sp,9.46802,0.037,255.90245
OG0009738,La,10.44888,0.12015,86.96883
OG0009738,Laeq,0.66716,0.25974,2.5686
OG0009738,Lgib,1.89323,0.22839,8.2895
OG0009738,Wa,0.17195,0.227,0.75751
OG0009738,Wo,0.16056,0.20143,0.79712
OG0009738,Sp,0.34706,0.1486,2.33545
OG0009740,La,0.07283,0.16201,0.44954
OG0009740,Laeq,2.65531,0.23301,11.39554
OG0009740,Lgib,0.07877,0.20524,0.38378
OG0009740,Wa,0.09613,0.19867,0.48386
OG0009740,Wo,0.12489,0.27221,0.4588
OG0009740,Sp,0.01447,0.01986,0.72865
OG0009741,La,1.92062,0.12807,14.99626
OG0009741,Laeq,1.88236,0.15599,12.06712
OG0009741,Lgib,1.8497,0.13095,14.125
OG0009741,Wa,2.99667,0.15295,19.59286
OG0009741,Wo,1.88692,0.19089,9.88461
OG0009741,Sp,0.02731,0.0346,0.78935
OG0009743,La,0.08889,0.17066,0.52084
OG0009743,Laeq,0.16097,0.32725,0.49187
OG0009743,Lgib,0.18292,0.31001,0.59005
OG0009743,Wa,0.08229,0.20673,0.39807
OG0009743,Wo,0.115,0.23956,0.48005
OG0009743,Sp,1.496,0.04787,31.2538
OG0009744,La,2.3035,0.1925,11.96624
OG0009744,Laeq,2.27681,0.31162,7.30646
OG0009744,Lgib,2.2689,0.27405,8.27917
OG0009744,Wa,3.58577,0.34509,10.39079
OG0009744,Wo,2.35258,0.40241,5.8462
OG0009744,Sp,0.01558,0.01363,1.14242
OG0009745,La,0.32511,0.11936,2.72377
OG0009745,Wa,0.13617,0.17368,0.78399
OG0009745,Wo,0.15056,0.21123,0.71277
OG0009745,Laeq,0.1371,0.17901,0.76592
OG0009745,Lgib,4.98958,0.1566,31.86139
OG0009745,Sp,0.01913,0.01803,1.06073
OG0009747,La,1.35189,0.21622,6.25251
OG0009747,Wa,1.34953,0.24722,5.45871
OG0009747,Wo,4.06106,0.29132,13.94021
OG0009747,Lgib,1.49968,0.22241,6.74275
OG0009747,Sp,0.27587,0.01693,16.29214
OG0009748,La,0.07767,0.07609,1.02068
OG0009748,Wa,0.23393,0.24206,0.96641
OG0009748,Wo,0.41666,0.51435,0.81008
OG0009748,Laeq,0.16108,0.19653,0.81962
OG0009748,Lgib,0.12627,0.12198,1.03513
OG0009748,Sp,0.01805,0.08312,0.21713
OG0009749,La,0.02599,0.10149,0.25604
OG0009749,Laeq,0.02745,0.14774,0.18581
OG0009749,Lgib,0.02983,0.13342,0.22361
OG0009749,Wa,0.04221,0.1641,0.25722
OG0009749,Wo,0.04442,0.18485,0.24032
OG0009749,Sp,0.01075,0.02291,0.46915
OG0009750,La,0.02874,0.04753,0.60454
OG0009750,Laeq,0.18262,0.21139,0.86391
OG0009750,Lgib,0.06858,0.17131,0.40035
OG0009750,Wa,0.15179,0.19201,0.79055
OG0009750,Wo,0.23826,0.42829,0.5563
OG0009750,Sp,0.01329,0.03978,0.33419
OG0009751,La,1.10551,0.16238,6.80829
OG0009751,Laeq,0.22257,0.29813,0.74653
OG0009751,Lgib,6.01524,0.1858,32.37427
OG0009751,Wa,5.36551,0.29532,18.16862
OG0009751,Wo,5.74323,0.36804,15.60484
OG0009751,Sp,0.03306,0.02547,1.29815
OG0009753,La,0.16198,0.13419,1.20712
OG0009753,Laeq,0.28192,0.32537,0.86643
OG0009753,Lgib,0.24636,0.26619,0.92552
OG0009753,Wa,13.00333,0.24161,53.81937
OG0009753,Wo,9.46472,0.42167,22.44569
OG0009753,Sp,0.02932,0.01596,1.83669
OG0009754,La,5.53347,0.15615,35.43605
OG0009754,Wa,5.53941,0.24566,22.5491
OG0009754,Wo,5.57772,0.27002,20.65676
OG0009754,Lgib,5.52395,0.1881,29.36774
OG0009754,Sp,0.0788,0.04392,1.79425
OG0009755,La,0.11212,0.18516,0.60555
OG0009755,Wa,0.47347,0.25607,1.849
OG0009755,Wo,0.52214,0.2819,1.85219
OG0009755,Laeq,0.29951,0.33122,0.90426
OG0009755,Lgib,0.29892,0.2203,1.35688
OG0009755,Sp,0.28633,0.01551,18.46387
OG0009756,La,0.12929,0.13407,0.96439
OG0009756,Laeq,0.20757,0.30694,0.67627
OG0009756,Lgib,82.21766,0.22598,363.8318
OG0009756,Wa,7.37741,0.2352,31.36647
OG0009756,Wo,7.36515,0.295,24.96692
OG0009756,Sp,0.10054,0.01132,8.88314
OG0009757,La,0.06229,0.15092,0.41276
OG0009757,Laeq,0.13554,0.20651,0.65631
OG0009757,Lgib,0.11652,0.179,0.65095
OG0009757,Wa,6.24412,0.20755,30.08558
OG0009757,Wo,0.69813,0.26397,2.64479
OG0009757,Sp,0.01967,0.02454,0.80176
OG0009759,Laeq,0.18594,0.16341,1.13786
OG0009759,Lgib,35.26961,0.15593,226.18858
OG0009759,Wa,0.12516,0.16176,0.77375
OG0009759,Wo,0.1728,0.20663,0.83628
OG0009759,Sp,0.10466,0.05276,1.98393
OG0009763,La,0.06677,0.10794,0.61865
OG0009763,Laeq,4.30907,0.25937,16.61333
OG0009763,Wa,0.06039,0.20239,0.29841
OG0009763,Wo,0.11831,0.29716,0.39814
OG0009763,Sp,0.05201,0.12123,0.42905
OG0009764,La,0.01921,0.08323,0.23075
OG0009764,Laeq,0.0677,0.1206,0.56139
OG0009764,Lgib,0.05159,0.10069,0.51235
OG0009764,Wa,0.03383,0.15902,0.21271
OG0009764,Wo,0.05083,0.17073,0.29773
OG0009764,Sp,0.00934,0.05624,0.16602
OG0009765,La,0.04465,0.13831,0.32282
OG0009765,Laeq,0.09772,0.26828,0.36426
OG0009765,Lgib,0.07052,0.22642,0.31147
OG0009765,Wa,2.01238,0.20865,9.64459
OG0009765,Wo,5.59002,0.26525,21.07446
OG0009765,Sp,0.01594,0.02403,0.66322
OG0009766,La,0.08308,0.24359,0.34109
OG0009766,Laeq,0.11638,0.37097,0.31371
OG0009766,Lgib,0.08334,0.26813,0.31084
OG0009766,Wa,0.15118,0.29983,0.50423
OG0009766,Wo,0.25685,0.33568,0.76516
OG0009766,Sp,0.03477,0.0526,0.66111
OG0009768,La,0.04609,0.11312,0.40742
OG0009768,Laeq,1.94363,0.19248,10.09782
OG0009768,Lgib,0.14868,0.1843,0.80673
OG0009768,Wa,0.10719,0.16913,0.63376
OG0009768,Wo,2.29972,0.22661,10.14846
OG0009768,Sp,0.01624,0.03627,0.4476
OG0009771,La,0.08393,0.13641,0.61531
OG0009771,Laeq,0.06603,0.25633,0.2576
OG0009771,Lgib,0.0648,0.15897,0.40765
OG0009771,Wa,0.292,0.26363,1.1076
OG0009771,Wo,0.28995,0.26797,1.082
OG0009771,Sp,0.02233,0.0563,0.39658
OG0009773,Laeq,0.68075,0.20068,3.39216
OG0009773,Lgib,0.96772,0.20146,4.80344
OG0009773,Wa,4.32933,0.26693,16.21869
OG0009773,Wo,0.19796,0.24124,0.82062
OG0009773,Sp,0.09158,0.06425,1.4253
OG0009776,La,0.02501,0.10396,0.24059
OG0009776,Laeq,0.65986,0.176,3.74912
OG0009776,Lgib,0.05823,0.12644,0.46053
OG0009776,Wa,0.04092,0.23078,0.17733
OG0009776,Wo,0.0989,0.19834,0.49862
OG0009776,Sp,0.01185,0.0677,0.17503
OG0009777,La,0.09988,0.13046,0.76556
OG0009777,Lgib,0.18265,0.16534,1.10467
OG0009777,Wa,0.16971,0.37221,0.45594
OG0009777,Wo,0.48005,0.66193,0.72523
OG0009777,Sp,0.03233,0.03613,0.89468
OG0009779,La,0.018,0.09979,0.18037
OG0009779,Wa,0.03113,0.12623,0.24659
OG0009779,Wo,0.03609,0.1805,0.19994
OG0009779,Laeq,0.02222,0.22061,0.10071
OG0009779,Lgib,0.02434,0.14266,0.17063
OG0009779,Sp,0.01396,0.06631,0.21055
OG0009780,Laeq,0.14923,0.15198,0.98191
OG0009780,Lgib,0.13205,0.11522,1.14603
OG0009780,Wa,0.20805,0.17604,1.18186
OG0009780,Wo,7.94793,0.26526,29.96256
OG0009780,Sp,0.04727,0.07136,0.66244
OG0009781,La,0.09788,0.09116,1.07364
OG0009781,Laeq,0.14759,0.17708,0.83348
OG0009781,Lgib,0.16193,0.12787,1.26641
OG0009781,Wa,0.19853,0.18326,1.0833
OG0009781,Wo,0.20391,0.23289,0.87557
OG0009781,Sp,12.33517,0.0537,229.7247
OG0009782,La,0.07321,0.10401,0.70395
OG0009782,Laeq,11.06789,0.33353,33.18401
OG0009782,Lgib,4.91926,0.2373,20.72984
OG0009782,Wa,2.0353,0.18564,10.96379
OG0009782,Wo,2.06202,0.23372,8.82273
OG0009782,Sp,2.54346,0.03993,63.70029
OG0009785,La,0.04282,0.13281,0.32242
OG0009785,Sp,0.02117,0.07065,0.2997
OG0009785,Laeq,0.04394,0.09336,0.47064
OG0009785,Lgib,0.0434,0.07033,0.61705
OG0009785,Wa,0.90297,0.18914,4.77401
OG0009785,Wo,3.94152,0.19798,19.90833
OG0009786,La,6.14924,0.09122,67.40797
OG0009786,Laeq,0.10797,0.25305,0.42667
OG0009786,Lgib,0.08332,0.14474,0.57566
OG0009786,Wa,8.00996,0.17468,45.85437
OG0009786,Wo,0.33566,0.38353,0.87518
OG0009786,Sp,0.05586,0.05112,1.09273
OG0009787,La,0.16283,0.09784,1.66413
OG0009787,Laeq,2.0509,0.1724,11.89641
OG0009787,Lgib,0.12854,0.16618,0.7735
OG0009787,Wa,0.13196,0.14354,0.91934
OG0009787,Wo,0.16843,0.19656,0.85689
OG0009787,Sp,0.03127,0.01495,2.09143
OG0009788,La,2.8964,0.1757,16.48527
OG0009788,Laeq,2.89108,0.27308,10.58713
OG0009788,Lgib,2.90689,0.24263,11.98057
OG0009788,Wa,2.92188,0.22304,13.10015
OG0009788,Wo,2.92737,0.27071,10.81357
OG0009788,Sp,0.00511,0.01957,0.26128
OG0009791,La,0.10937,0.22304,0.49036
OG0009791,Laeq,0.19487,0.34553,0.56399
OG0009791,Lgib,0.13825,0.26575,0.52022
OG0009791,Wa,0.19469,0.24171,0.80547
OG0009791,Wo,0.24909,0.29013,0.85856
OG0009791,Sp,0.36695,0.07449,4.92626
OG0009793,La,0.06465,0.14422,0.44829
OG0009793,Laeq,0.15287,0.24593,0.62159
OG0009793,Lgib,0.11364,0.16625,0.68355
OG0009793,Wa,0.14922,0.24666,0.60496
OG0009793,Wo,0.34256,0.2433,1.40794
OG0009793,Sp,0.04585,0.05082,0.90218
OG0009794,La,6.64444,0.13653,48.66732
OG0009794,Laeq,0.20581,0.24459,0.84142
OG0009794,Lgib,0.20354,0.21106,0.96441
OG0009794,Wa,0.26217,0.18322,1.43095
OG0009794,Wo,0.37662,0.22949,1.64108
OG0009794,Sp,0.07537,0.04703,1.60265
OG0009796,Laeq,4.63794,0.21785,21.28942
OG0009796,Lgib,4.65685,0.15626,29.80264
OG0009796,Wa,6.65163,0.16839,39.50222
OG0009796,Wo,6.99466,0.2344,29.84103
OG0009796,Sp,0.04648,0.05321,0.87354
OG0009798,La,0.19197,0.10265,1.87022
OG0009798,Laeq,0.13101,0.23568,0.55586
OG0009798,Lgib,0.11363,0.19405,0.58556
OG0009798,Wa,0.142,0.21998,0.64549
OG0009798,Sp,3.54943,0.02907,122.08531
OG0009800,La,11.80179,0.08274,142.64007
OG0009800,Laeq,11.71614,0.18472,63.42807
OG0009800,Lgib,12.52931,0.20616,60.77583
OG0009800,Wa,0.02354,0.13312,0.17686
OG0009800,Wo,0.08642,0.10822,0.79855
OG0009800,Sp,0.00258,0.0293,0.08819
OG0009802,La,0.05552,0.13937,0.39838
OG0009802,Laeq,4.85102,0.20468,23.70106
OG0009802,Lgib,0.04994,0.16581,0.30116
OG0009802,Wa,0.86909,0.22293,3.89858
OG0009802,Wo,0.89593,0.2268,3.9503
OG0009802,Sp,0.01973,0.02869,0.68767
OG0009803,La,0.11772,0.23063,0.51044
OG0009803,Laeq,0.21654,0.33576,0.64491
OG0009803,Lgib,0.14517,0.24993,0.58085
OG0009803,Wa,0.13781,0.3272,0.42118
OG0009803,Wo,0.19462,0.37654,0.51686
OG0009803,Sp,0.06095,0.03593,1.69617
OG0009804,La,0.07684,0.13199,0.58212
OG0009804,Laeq,1.81228,0.22285,8.1323
OG0009804,Lgib,1.77707,0.20255,8.77348
OG0009804,Wa,6.05094,0.19265,31.40881
OG0009804,Wo,3.42851,0.21453,15.98169
OG0009804,Sp,1.2249,0.03631,33.73694
OG0009805,La,0.07398,0.14489,0.51061
OG0009805,Laeq,0.18308,0.28414,0.64432
OG0009805,Lgib,0.63236,0.2224,2.84339
OG0009805,Wa,8.92053,0.24183,36.88741
OG0009805,Wo,12.26706,0.28331,43.29875
OG0009805,Sp,0.06825,0.04247,1.60696
OG0009806,La,0.05726,0.11404,0.5021
OG0009806,Laeq,1.24025,0.15309,8.10129
OG0009806,Lgib,0.06257,0.12659,0.49426
OG0009806,Wa,0.44756,0.16036,2.79094
OG0009806,Wo,0.46225,0.20103,2.29938
OG0009806,Sp,0.02939,0.03857,0.76202
OG0009807,La,0.31113,0.11845,2.62665
OG0009807,Laeq,0.4633,0.22694,2.04154
OG0009807,Lgib,0.31022,0.21192,1.46384
OG0009807,Wa,902.43071,0.18319,4926.22183
OG0009807,Wo,11.59708,0.27103,42.78881
OG0009807,Sp,0.1135,0.07146,1.58823
OG0009808,La,0.03002,0.1141,0.26309
OG0009808,Laeq,1.22215,0.18377,6.65044
OG0009808,Lgib,0.03007,0.12459,0.24135
OG0009808,Wa,0.03334,0.16465,0.2025
OG0009808,Wo,0.03409,0.23351,0.14601
OG0009808,Sp,0.0495,0.03618,1.36818
OG0009809,La,2.45713,0.18474,13.30048
OG0009809,Wo,2.72865,0.46168,5.91032
OG0009809,Laeq,0.268,0.33864,0.79138
OG0009809,Lgib,0.22918,0.22436,1.02147
OG0009809,Sp,0.05313,0.05438,0.97705
OG0009810,La,0.01488,0.08267,0.18001
OG0009810,Laeq,0.02617,0.2605,0.10047
OG0009810,Lgib,0.02212,0.17342,0.12757
OG0009810,Wa,0.0313,0.15403,0.20321
OG0009810,Wo,0.11393,0.20879,0.54565
OG0009810,Sp,0.06901,0.07357,0.93803
OG0009812,La,0.13308,0.14137,0.94133
OG0009812,Laeq,0.27627,0.24811,1.1135
OG0009812,Lgib,0.24142,0.2108,1.14525
OG0009812,Wa,10.97651,0.19439,56.46751
OG0009812,Wo,13.09333,0.24353,53.76488
OG0009812,Sp,0.08849,0.03686,2.40045
OG0009813,La,0.09465,0.15549,0.60867
OG0009813,Laeq,0.10346,0.49613,0.20853
OG0009813,Lgib,14.63107,0.4229,34.59723
OG0009813,Wa,4.88376,0.38213,12.7804
OG0009813,Wo,0.13286,0.50501,0.26308
OG0009813,Sp,0.24273,0.11764,2.06325
OG0009814,La,2.15871,0.15949,13.53513
OG0009814,Laeq,0.6474,0.2509,2.58034
OG0009814,Lgib,0.61273,0.23654,2.59036
OG0009814,Wa,0.51451,0.185,2.78114
OG0009814,Wo,0.56093,0.22132,2.53443
OG0009814,Sp,0.02789,0.03734,0.74709
OG0009815,La,0.07403,0.1369,0.54081
OG0009815,Wa,0.16144,0.21984,0.73435
OG0009815,Wo,0.15018,0.2774,0.54138
OG0009815,Laeq,0.09849,0.20335,0.48435
OG0009815,Lgib,0.08583,0.16929,0.50697
OG0009815,Sp,0.06258,0.02011,3.11225
OG0009816,La,0.02193,0.0971,0.2258
OG0009816,Laeq,0.04392,0.23713,0.18521
OG0009816,Lgib,0.04748,0.15491,0.30651
OG0009816,Wa,0.02441,0.11813,0.20663
OG0009816,Wo,0.05245,0.22974,0.2283
OG0009816,Sp,0.00635,0.07344,0.08649
OG0009818,La,0.15297,0.15218,1.00518
OG0009818,Laeq,0.21001,0.32189,0.65244
OG0009818,Lgib,0.74317,0.22404,3.31712
OG0009818,Wa,0.26678,0.23987,1.11218
OG0009818,Wo,0.24785,0.3878,0.63912
OG0009818,Sp,0.05458,0.02126,2.56765
OG0009819,La,0.18919,0.12011,1.57524
OG0009819,Wa,0.08826,0.20056,0.44004
OG0009819,Wo,0.15978,0.2073,0.77074
OG0009819,Laeq,0.0368,0.17959,0.20491
OG0009819,Lgib,0.0375,0.18485,0.20288
OG0009819,Sp,0.01099,0.04181,0.26292
OG0009823,La,0.1644,0.15957,1.03027
OG0009823,Laeq,6.21564,0.36305,17.12081
OG0009823,Lgib,0.4237,0.23272,1.82067
OG0009823,Wa,0.14271,0.27968,0.51026
OG0009823,Wo,0.14806,0.30022,0.49317
OG0009823,Sp,0.02687,0.03964,0.67779
OG0009824,La,0.04644,0.08789,0.52839
OG0009824,Lgib,3.08348,0.08195,37.62491
OG0009824,Wa,2.62071,0.12836,20.41742
OG0009824,Wo,2.63694,0.14089,18.71598
OG0009824,Sp,0.02902,0.05314,0.54607
OG0009825,La,0.05168,0.16713,0.30921
OG0009825,Laeq,0.08117,0.18007,0.45076
OG0009825,Lgib,0.0618,0.17422,0.35473
OG0009825,Wa,0.06647,0.2022,0.32873
OG0009825,Wo,0.11748,0.26432,0.44447
OG0009825,Sp,11.207,0.0342,327.73712
OG0009826,La,0.09401,0.13721,0.6852
OG0009826,Laeq,0.13689,0.20154,0.67921
OG0009826,Lgib,0.12291,0.18088,0.6795
OG0009826,Wa,0.09874,0.17111,0.57705
OG0009826,Wo,3.5067,0.18131,19.34122
OG0009826,Sp,0.05522,0.06171,0.89474
OG0009828,La,0.0442,0.11064,0.39951
OG0009828,Laeq,3.11181,0.21222,14.66319
OG0009828,Lgib,0.24932,0.1492,1.67097
OG0009828,Wa,0.21034,0.15998,1.31484
OG0009828,Wo,0.40243,0.24324,1.65448
OG0009828,Sp,0.01933,0.01162,1.6631
OG0009830,La,0.04588,0.08335,0.55049
OG0009830,Laeq,0.25184,0.22998,1.09505
OG0009830,Lgib,0.12169,0.14282,0.85206
OG0009830,Wa,0.16821,0.27033,0.62225
OG0009830,Wo,0.20057,0.32866,0.61026
OG0009830,Sp,0.05109,0.06146,0.83114
OG0009832,La,0.07789,0.10331,0.7539
OG0009832,Laeq,0.42551,0.21277,1.99984
OG0009832,Lgib,0.46903,0.14072,3.33315
OG0009832,Wa,0.32535,0.30099,1.08094
OG0009832,Wo,7.16473,0.3051,23.48328
OG0009832,Sp,0.0488,0.05789,0.84291
OG0009833,La,0.0705,0.12225,0.5767
OG0009833,Laeq,0.14092,0.28272,0.49846
OG0009833,Lgib,0.08304,0.17572,0.47256
OG0009833,Wa,0.20815,0.1962,1.06089
OG0009833,Wo,5.19778,0.26039,19.96133
OG0009833,Sp,0.08978,0.04628,1.93979
OG0009835,La,1.39475,0.17332,8.0473
OG0009835,Laeq,0.14371,0.31334,0.45864
OG0009835,Lgib,0.06583,0.25913,0.25405
OG0009835,Wa,0.12639,0.31073,0.40675
OG0009835,Wo,0.16088,0.33623,0.47847
OG0009835,Sp,0.04371,0.03207,1.36286
OG0009836,La,7.4706,0.24264,30.78936
OG0009836,Laeq,0.10939,0.27052,0.40438
OG0009836,Lgib,0.31317,0.18677,1.67677
OG0009836,Wa,884.76476,0.22342,3960.09537
OG0009836,Wo,881.11808,0.25889,3403.48915
OG0009836,Sp,0.03566,0.049,0.72773
OG0009840,La,1.42574,0.1741,8.18933
OG0009840,Laeq,16.65861,0.28756,57.93079
OG0009840,Lgib,19.99537,0.19185,104.22543
OG0009840,Wa,1.96362,0.169,11.61908
OG0009840,Wo,2.06153,0.17887,11.5253
OG0009840,Sp,0.05269,0.03641,1.44734
OG0009841,La,39.3233,0.08635,455.38446
OG0009841,Laeq,39.57371,0.18897,209.41502
OG0009841,Lgib,39.36251,0.12092,325.53179
OG0009841,Wa,39.54631,0.26215,150.85471
OG0009841,Wo,40.00443,0.2499,160.08228
OG0009841,Sp,0.05588,0.03377,1.65493
OG0009842,La,0.31472,0.18183,1.73085
OG0009842,Laeq,0.1293,0.30626,0.42219
OG0009842,Lgib,0.14308,0.30666,0.46656
OG0009842,Wa,0.14423,0.32603,0.44237
OG0009842,Wo,0.15287,0.43482,0.35157
OG0009842,Sp,0.02389,0.02402,0.99455
OG0009844,La,0.07986,0.08181,0.97616
OG0009844,Laeq,0.10081,0.2103,0.47938
OG0009844,Lgib,0.0787,0.17446,0.45112
OG0009844,Wa,0.11588,0.1697,0.68286
OG0009844,Wo,0.3772,0.21245,1.77544
OG0009844,Sp,0.00774,0.04913,0.15749
OG0009845,La,5.53584,0.05871,94.2985
OG0009845,Laeq,0.1005,0.16192,0.62064
OG0009845,Lgib,7.68064,0.10181,75.4413
OG0009845,Wa,0.17768,0.15742,1.12869
OG0009845,Wo,1.08945,0.19089,5.70726
OG0009845,Sp,0.04218,0.11034,0.38229
OG0009846,La,0.06293,0.16272,0.38676
OG0009846,Laeq,3.74094,0.26391,14.17492
OG0009846,Lgib,0.21133,0.23965,0.88182
OG0009846,Wa,0.7493,0.27443,2.73033
OG0009846,Wo,0.791,0.31422,2.51731
OG0009846,Sp,18.02233,0.03229,558.05873
OG0009847,La,0.10471,0.09456,1.10742
OG0009847,Laeq,0.31006,0.20736,1.49526
OG0009847,Lgib,0.19235,0.12505,1.53818
OG0009847,Wa,2.63402,0.18548,14.2014
OG0009847,Wo,2.67753,0.23255,11.51395
OG0009847,Sp,0.03201,0.05409,0.59175
OG0009848,La,1.55801,0.09203,16.9288
OG0009848,Laeq,0.11024,0.18965,0.5813
OG0009848,Lgib,0.1022,0.15399,0.66369
OG0009848,Wa,0.12077,0.22638,0.53351
OG0009848,Wo,0.19279,0.27927,0.69036
OG0009848,Sp,0.02038,0.03702,0.55061
OG0009850,La,0.07697,0.14664,0.52486
OG0009850,Laeq,0.11156,0.2374,0.46992
OG0009850,Lgib,0.07438,0.23361,0.3184
OG0009850,Wa,0.11952,0.24467,0.48848
OG0009850,Wo,4.88848,0.30383,16.08953
OG0009850,Sp,0.01683,0.03117,0.53996
OG0009851,La,2.62284,0.11863,22.10904
OG0009851,Laeq,3.98101,0.20552,19.3701
OG0009851,Lgib,2.59716,0.17164,15.1313
OG0009851,Wa,2.08425,0.17053,12.22212
OG0009851,Wo,5.4401,0.25247,21.54739
OG0009851,Sp,0.01537,0.04228,0.36343
OG0009855,La,0.04573,0.14426,0.31701
OG0009855,Laeq,6.61688,0.2406,27.50143
OG0009855,Lgib,6.60752,0.18086,36.53368
OG0009855,Wa,7.44911,0.24348,30.59425
OG0009855,Wo,6.51172,0.35109,18.5474
OG0009855,Sp,0.024,0.04043,0.59377
OG0009856,La,0.03814,0.15432,0.24714
OG0009856,Lgib,0.05359,0.1878,0.28536
OG0009856,Wa,0.11554,0.17929,0.64445
OG0009856,Wo,0.12255,0.21967,0.55789
OG0009856,Sp,0.0121,0.0377,0.32096
OG0009857,La,0.05943,0.16435,0.36158
OG0009857,Laeq,0.10733,0.3361,0.31933
OG0009857,Lgib,0.07363,0.26736,0.27541
OG0009857,Wa,0.07675,0.26734,0.28707
OG0009857,Wo,0.08255,0.34637,0.23832
OG0009857,Sp,0.0217,0.0264,0.82202
OG0009858,Laeq,0.16058,0.17595,0.91265
OG0009858,Lgib,0.11886,0.11335,1.04862
OG0009858,Wa,0.2695,0.14055,1.91747
OG0009858,Wo,0.76562,0.24545,3.11922
OG0009858,Sp,0.03621,0.08137,0.44503
OG0009860,La,0.17427,0.09817,1.77522
OG0009860,Wa,7.35088,0.2639,27.85509
OG0009860,Wo,7.48332,0.29955,24.98165
OG0009860,Laeq,0.38813,0.25218,1.53913
OG0009860,Lgib,1.77319,0.17658,10.04185
OG0009860,Sp,0.03762,0.01605,2.3443
OG0009861,La,6.87852,0.13341,51.55774
OG0009861,Laeq,44.20806,0.19395,227.93329
OG0009861,Lgib,44.24447,0.16096,274.87221
OG0009861,Wa,7.98999,0.16754,47.69085
OG0009861,Wo,6.97032,0.22239,31.34251
OG0009861,Sp,0.24484,0.04873,5.02451
OG0009862,La,0.0294,0.11743,0.25038
OG0009862,Wa,0.2887,0.20623,1.39988
OG0009862,Wo,90.37582,0.27566,327.85756
OG0009862,Laeq,7.33042,0.19308,37.96592
OG0009862,Lgib,0.04798,0.16037,0.29919
OG0009862,Sp,0.66674,0.08421,7.91753
OG0009864,La,0.07156,0.08516,0.84025
OG0009864,Laeq,0.12084,0.2072,0.5832
OG0009864,Lgib,0.09232,0.16776,0.55029
OG0009864,Wa,5.33017,0.18306,29.11689
OG0009864,Wo,0.28021,0.28044,0.99915
OG0009864,Sp,0.02224,0.07936,0.28021
OG0009865,La,0.0451,0.17214,0.26199
OG0009865,Wa,0.05451,0.19111,0.28524
OG0009865,Wo,0.06821,0.20889,0.32655
OG0009865,Laeq,0.0498,0.24012,0.2074
OG0009865,Lgib,0.04778,0.15188,0.31459
OG0009865,Sp,0.13648,0.0433,3.15196
OG0009867,La,1.33044,0.11127,11.95639
OG0009867,Sp,0.98391,0.16255,6.05316
OG0009867,Laeq,0.07822,0.19211,0.40717
OG0009867,Lgib,0.05777,0.1352,0.42733
OG0009867,Wa,0.10982,0.14044,0.78198
OG0009868,La,0.04916,0.14164,0.3471
OG0009868,Laeq,0.50138,0.25256,1.9852
OG0009868,Lgib,0.23876,0.22051,1.08274
OG0009868,Wa,0.1743,0.21621,0.8062
OG0009868,Wo,3.81536,0.26438,14.43159
OG0009868,Sp,0.03921,0.04539,0.86392
OG0009869,La,1.58822,0.14213,11.17481
OG0009869,Wa,0.0393,0.20085,0.19568
OG0009869,Wo,0.04573,0.2226,0.20544
OG0009869,Laeq,8.7639,0.19756,44.36183
OG0009869,Lgib,0.06281,0.17834,0.35219
OG0009869,Sp,0.0075,0.06593,0.11382
OG0009870,La,0.03791,0.08073,0.46952
OG0009870,Laeq,0.16727,0.1777,0.94131
OG0009870,Lgib,0.03205,0.11995,0.26717
OG0009870,Wa,0.06014,0.13475,0.44628
OG0009870,Wo,0.06136,0.15866,0.38676
OG0009870,Sp,0.02048,0.02927,0.69968
OG0009872,La,0.03554,0.12386,0.28691
OG0009872,Laeq,0.03234,0.28532,0.11333
OG0009872,Lgib,0.02902,0.23228,0.12493
OG0009872,Wa,0.02829,0.1932,0.14642
OG0009872,Wo,0.03189,0.18576,0.17167
OG0009872,Sp,2.9411,0.04336,67.8228
OG0009873,La,0.09838,0.08356,1.17736
OG0009873,Laeq,0.16669,0.2107,0.79112
OG0009873,Lgib,5.40012,0.18156,29.74303
OG0009873,Wa,0.86492,0.23633,3.65983
OG0009873,Wo,2396.62277,0.23823,10060.11725
OG0009873,Sp,0.02959,0.06982,0.42386
OG0009874,La,0.01692,0.20023,0.08451
OG0009874,Laeq,0.04838,0.40583,0.11921
OG0009874,Lgib,0.01917,0.29651,0.06466
OG0009874,Wa,0.02719,0.26534,0.10247
OG0009874,Wo,0.03548,0.28962,0.12249
OG0009874,Sp,0.04668,0.01836,2.54288
OG0009875,La,0.06271,0.12432,0.50442
OG0009875,Laeq,2.87045,0.30817,9.31452
OG0009875,Lgib,2.86247,0.19344,14.79804
OG0009875,Wa,6.66249,0.23465,28.39357
OG0009875,Wo,7.38863,0.2628,28.11505
OG0009875,Sp,0.02454,0.02669,0.91958
OG0009876,La,0.04035,0.10558,0.38219
OG0009876,Laeq,0.06342,0.20957,0.30261
OG0009876,Lgib,0.0618,0.17545,0.35221
OG0009876,Wa,0.08678,0.16173,0.53659
OG0009876,Wo,0.11739,0.16196,0.72483
OG0009876,Sp,0.02671,0.04618,0.57846
OG0009877,La,0.0339,0.14488,0.234
OG0009877,Laeq,0.05338,0.24925,0.21418
OG0009877,Lgib,0.03978,0.21759,0.18282
OG0009877,Wa,0.04629,0.20268,0.22838
OG0009877,Wo,0.53869,0.24639,2.18636
OG0009877,Sp,0.01739,0.04746,0.36647
OG0009878,La,0.04627,0.08702,0.53168
OG0009878,Laeq,0.18463,0.18522,0.99679
OG0009878,Lgib,0.16397,0.17031,0.96279
OG0009878,Wa,3.16944,0.21163,14.97606
OG0009878,Wo,2.8884,0.26499,10.90005
OG0009878,Sp,0.28518,0.07986,3.57079
OG0009879,La,0.05908,0.11637,0.50769
OG0009879,Laeq,0.09691,0.19569,0.4952
OG0009879,Lgib,0.06483,0.17224,0.37638
OG0009879,Wa,0.10068,0.16725,0.60198
OG0009879,Wo,0.12307,0.1763,0.69805
OG0009879,Sp,7.94042,0.0537,147.87237
OG0009880,La,0.07554,0.12763,0.5919
OG0009880,Wa,3.65205,0.1761,20.73862
OG0009880,Wo,3.70826,0.20835,17.79802
OG0009880,Laeq,0.07658,0.16583,0.46177
OG0009880,Lgib,0.06643,0.08137,0.81638
OG0009880,Sp,20.68398,0.06117,338.1289
OG0009881,La,0.01374,0.07575,0.18133
OG0009881,Laeq,0.03283,0.24207,0.13562
OG0009881,Lgib,0.01951,0.18626,0.10477
OG0009881,Wa,0.03622,0.21273,0.17028
OG0009881,Wo,0.04177,0.28071,0.14881
OG0009881,Sp,0.00285,0.06557,0.04342
OG0009884,Laeq,0.18601,0.26841,0.693
OG0009884,Lgib,0.17691,0.22945,0.77102
OG0009884,Wa,0.41123,0.27087,1.51821
OG0009884,Wo,0.45864,0.28285,1.62152
OG0009884,Sp,0.02535,0.05643,0.44912
OG0009885,La,11.04723,0.15268,72.35521
OG0009885,Laeq,10.61839,0.18667,56.88276
OG0009885,Lgib,10.76761,0.20059,53.67939
OG0009885,Wa,0.30006,0.21377,1.40364
OG0009885,Wo,0.4282,0.25323,1.69095
OG0009885,Sp,0.01435,0.01072,1.33817
OG0009886,La,0.0893,0.10642,0.83915
OG0009886,Wa,1.86643,0.18146,10.28577
OG0009886,Wo,1.88332,0.24981,7.53898
OG0009886,Laeq,0.06683,0.15939,0.41925
OG0009886,Lgib,0.04106,0.1087,0.37776
OG0009886,Sp,0.01799,0.02936,0.61279
OG0009888,La,0.03589,0.19543,0.18367
OG0009888,Laeq,0.05192,0.21318,0.24354
OG0009888,Lgib,0.02088,0.17574,0.11881
OG0009888,Wa,1.67833,0.19499,8.60706
OG0009888,Wo,3.53679,0.21503,16.44789
OG0009888,Sp,0.00848,0.03451,0.24571
OG0009889,La,2.63524,0.1472,17.90272
OG0009889,Laeq,2.67897,0.2431,11.02001
OG0009889,Lgib,2.64948,0.23098,11.47071
OG0009889,Wa,2.69568,0.21723,12.40912
OG0009889,Wo,7.80343,0.29093,26.82253
OG0009889,Sp,5.62648,0.03721,151.20454
OG0009890,La,0.05682,0.09469,0.60006
OG0009890,Laeq,0.11673,0.19412,0.60134
OG0009890,Lgib,0.07077,0.1843,0.38399
OG0009890,Wa,0.11099,0.13663,0.81233
OG0009890,Wo,0.12817,0.19741,0.64926
OG0009890,Sp,0.02592,0.03761,0.68926
OG0009891,La,10.69567,0.14478,73.87637
OG0009891,Laeq,10.77104,0.30306,35.5404
OG0009891,Lgib,10.76009,0.20299,53.00686
OG0009891,Wa,10.77893,0.24059,44.80199
OG0009891,Wo,10.88701,0.26263,41.45437
OG0009891,Sp,0.03694,0.05168,0.71466
OG0009892,La,0.0456,0.10195,0.44733
OG0009892,Laeq,0.07211,0.17441,0.41342
OG0009892,Lgib,0.06007,0.13918,0.43161
OG0009892,Wa,0.19682,0.12608,1.56111
OG0009892,Wo,0.24406,0.13139,1.85754
OG0009892,Sp,0.00967,0.04912,0.19688
OG0009893,La,0.05922,0.14785,0.40053
OG0009893,Wa,0.09516,0.22785,0.41765
OG0009893,Wo,5.63102,0.25364,22.20051
OG0009893,Laeq,0.16957,0.20428,0.83004
OG0009893,Lgib,0.05333,0.19984,0.26687
OG0009893,Sp,5.42997,0.02992,181.50065
OG0009894,La,0.14022,0.11043,1.2697
OG0009894,Laeq,0.16386,0.30262,0.54148
OG0009894,Lgib,0.13787,0.22257,0.61945
OG0009894,Wa,0.29339,0.32827,0.89372
OG0009894,Wo,0.32471,0.26492,1.22569
OG0009894,Sp,0.05171,0.05299,0.97588
OG0009895,La,0.19897,0.09199,2.16285
OG0009895,Wa,0.25683,0.19763,1.29954
OG0009895,Wo,0.31923,0.25404,1.25658
OG0009895,Laeq,0.39512,0.15674,2.52086
OG0009895,Lgib,0.11119,0.07283,1.52682
OG0009897,La,0.03139,0.10955,0.28652
OG0009897,Laeq,0.05108,0.16306,0.31327
OG0009897,Lgib,0.05451,0.12471,0.43708
OG0009897,Wa,4.57368,0.22794,20.06492
OG0009897,Wo,6.85027,0.24492,27.96897
OG0009897,Sp,0.005,0.05837,0.0857
OG0009898,La,0.03606,0.1182,0.30512
OG0009898,Laeq,0.24552,0.27684,0.88685
OG0009898,Lgib,0.08816,0.18081,0.48755
OG0009898,Wa,0.05424,0.16032,0.33831
OG0009898,Sp,0.0165,0.0196,0.84214
OG0009901,La,0.06253,0.09583,0.65251
OG0009901,Wa,0.2397,0.18056,1.32751
OG0009901,Wo,694.42053,0.19277,3602.41786
OG0009901,Laeq,0.11807,0.16474,0.71671
OG0009901,Lgib,0.08191,0.12138,0.67477
OG0009901,Sp,0.02392,0.02643,0.90498
OG0009902,La,0.09679,0.11184,0.86549
OG0009902,Laeq,0.40678,0.25647,1.5861
OG0009902,Wa,0.43306,0.23364,1.85356
OG0009902,Lgib,0.47666,0.21956,2.17098
OG0009902,Sp,4.99651,0.07379,67.70958
OG0009903,La,0.12991,0.12879,1.00869
OG0009903,Laeq,0.60553,0.29617,2.0445
OG0009903,Lgib,0.19022,0.27081,0.70241
OG0009903,Wa,0.21841,0.35543,0.61449
OG0009903,Wo,0.68771,0.36431,1.88769
OG0009903,Sp,2.30431,0.05973,38.57888
OG0009905,La,0.16167,0.16038,1.00804
OG0009905,Laeq,0.12172,0.26886,0.45271
OG0009905,Lgib,0.10075,0.18344,0.54924
OG0009905,Wa,3.62419,0.12939,28.00903
OG0009905,Wo,3.65207,0.19161,19.05976
OG0009905,Sp,0.06108,0.03779,1.61642
OG0009906,La,2.60612,0.04278,60.92087
OG0009906,Laeq,0.03356,0.17964,0.18684
OG0009906,Lgib,0.02937,0.12178,0.24116
OG0009906,Sp,0.02122,0.07651,0.27738
OG0009906,Wa,0.02701,0.1404,0.19239
OG0009906,Wo,0.03427,0.15625,0.21934
OG0009907,La,0.03941,0.12175,0.32369
OG0009907,Wa,0.07498,0.19053,0.39355
OG0009907,Wo,0.09509,0.25021,0.38003
OG0009907,Laeq,0.04622,0.2358,0.19603
OG0009907,Lgib,0.05423,0.21923,0.24734
OG0009907,Sp,0.01509,0.07389,0.20417
OG0009908,La,2.47487,0.08057,30.71812
OG0009908,Laeq,2.74315,0.2459,11.15544
OG0009908,Wa,2.71476,0.32666,8.3106
OG0009908,Lgib,2.60074,0.19685,13.21162
OG0009908,Sp,0.05227,0.04054,1.28954
OG0009908,Wo,1.7195,0.20764,8.28126
OG0009910,La,0.06515,0.15253,0.42713
OG0009910,Wa,0.1985,0.27223,0.72917
OG0009910,Wo,0.27947,0.39446,0.70848
OG0009910,Laeq,1.09912,0.34553,3.18094
OG0009910,Lgib,0.68834,0.25059,2.74687
OG0009910,Sp,0.20889,0.07223,2.89207
OG0009912,La,1.27819,0.12845,9.95122
OG0009912,Laeq,1.3465,0.30657,4.39215
OG0009912,Lgib,1.31593,0.27588,4.76989
OG0009912,Wa,1.34627,0.20639,6.5228
OG0009912,Wo,3.46187,0.25039,13.82597
OG0009912,Sp,0.02754,0.04942,0.55734
OG0009913,La,0.14169,0.14655,0.96687
OG0009913,Laeq,1.80039,0.23923,7.52581
OG0009913,Lgib,1.80275,0.20284,8.88744
OG0009913,Wa,1.84361,0.31121,5.9241
OG0009913,Wo,1.85516,0.47437,3.9108
OG0009913,Sp,0.14912,0.07124,2.09327
OG0009914,La,0.10965,0.11878,0.92307
OG0009914,Laeq,0.14537,0.18769,0.77455
OG0009914,Lgib,0.12076,0.16612,0.72693
OG0009914,Wa,0.12038,0.16042,0.75038
OG0009914,Wo,0.13088,0.19609,0.66745
OG0009914,Sp,0.0264,0.0257,1.02716
OG0009916,La,1.69876,0.16734,10.15148
OG0009916,Laeq,1.7258,0.19573,8.8174
OG0009916,Lgib,1.72462,0.15781,10.92835
OG0009916,Wa,1.71159,0.18316,9.345
OG0009916,Wo,6.90805,0.19738,34.99793
OG0009916,Sp,0.03439,0.05111,0.67288
OG0009918,Laeq,0.2077,0.2583,0.80413
OG0009918,Lgib,0.16011,0.19127,0.8371
OG0009918,Wa,0.20529,0.1824,1.1255
OG0009918,Wo,0.43307,0.18656,2.32131
OG0009918,Sp,7.17552,0.0451,159.08499
OG0009919,La,0.08569,0.08808,0.9729
OG0009919,Laeq,0.13832,0.18779,0.73657
OG0009919,Lgib,0.14,0.14636,0.95656
OG0009919,Wa,0.1399,0.28746,0.48666
OG0009919,Wo,0.27591,0.36023,0.76593
OG0009919,Sp,8.39059,0.03484,240.80844
OG0009920,La,0.27734,0.08346,3.32323
OG0009920,Laeq,0.41512,0.19246,2.15692
OG0009920,Lgib,0.36273,0.20116,1.80324
OG0009920,Wa,0.39844,0.22644,1.75958
OG0009920,Wo,0.43596,0.27012,1.61396
OG0009920,Sp,0.05077,0.11508,0.44113
OG0009921,La,0.1099,0.19247,0.571
OG0009921,Laeq,0.40463,0.2449,1.65224
OG0009921,Lgib,0.38551,0.2174,1.77328
OG0009921,Wa,0.33991,0.21247,1.5998
OG0009921,Wo,0.41894,0.26308,1.59246
OG0009921,Sp,0.01302,0.05797,0.22454
OG0009922,La,0.67275,0.17914,3.7555
OG0009922,Laeq,0.66753,0.27396,2.43664
OG0009922,Lgib,0.64968,0.24323,2.67103
OG0009922,Wa,0.46924,0.25871,1.81379
OG0009922,Wo,0.48684,0.31007,1.57013
OG0009922,Sp,24.97002,0.05367,465.22906
OG0009923,La,0.21832,0.17922,1.21821
OG0009923,Laeq,0.29059,0.3956,0.73455
OG0009923,Lgib,0.24941,0.27647,0.90215
OG0009923,Wa,0.26003,0.19871,1.30855
OG0009923,Wo,0.85812,0.23421,3.6638
OG0009923,Sp,0.1164,0.08696,1.33854
OG0009924,La,0.0986,0.09271,1.06351
OG0009924,Laeq,0.26031,0.21409,1.21586
OG0009924,Lgib,0.23436,0.1795,1.30567
OG0009924,Wa,0.23854,0.32971,0.72349
OG0009924,Wo,0.80835,0.46649,1.73282
OG0009924,Sp,3.87671,0.05419,71.53978
OG0009925,La,1979.63121,0.18791,10535.02474
OG0009925,Laeq,0.10921,0.18721,0.58336
OG0009925,Lgib,0.07636,0.1827,0.41797
OG0009925,Wa,0.18947,0.26403,0.71761
OG0009925,Wo,0.17944,0.26024,0.68949
OG0009925,Sp,0.63719,0.02213,28.79902
OG0009926,La,1.03834,0.14748,7.0406
OG0009926,Laeq,1.12125,0.22657,4.9487
OG0009926,Lgib,1.11033,0.1485,7.47718
OG0009926,Wa,0.98386,0.19285,5.10159
OG0009926,Wo,1.00212,0.21174,4.73288
OG0009926,Sp,0.0222,0.03321,0.66853
OG0009927,La,0.02644,0.08657,0.30542
OG0009927,Laeq,0.03601,0.14875,0.24208
OG0009927,Lgib,0.02596,0.12167,0.21338
OG0009927,Wa,0.02815,0.1499,0.18778
OG0009927,Wo,0.0322,0.17264,0.1865
OG0009927,Sp,0.00698,0.03736,0.18685
OG0009929,La,0.18474,0.17911,1.03142
OG0009929,Laeq,0.24235,0.291,0.83282
OG0009929,Lgib,0.23369,0.19919,1.17325
OG0009929,Wa,13.70559,0.29394,46.62668
OG0009929,Wo,13.80946,0.35827,38.54454
OG0009929,Sp,0.03635,0.05339,0.68084
OG0009931,La,16.17475,0.12341,131.06048
OG0009931,Laeq,4.99872,0.18747,26.66353
OG0009931,Lgib,8.1072,0.14721,55.07056
OG0009931,Wa,4.97702,0.1652,30.1267
OG0009931,Wo,4.98504,0.21054,23.67779
OG0009931,Sp,7.29083,0.02941,247.92115
OG0009932,La,0.09084,0.09601,0.94618
OG0009932,Laeq,6.69693,0.18919,35.39786
OG0009932,Lgib,6.68069,0.17967,37.18396
OG0009932,Wa,0.09075,0.16774,0.54105
OG0009932,Wo,0.11666,0.20502,0.56901
OG0009932,Sp,0.02049,0.04351,0.47078
OG0009935,La,0.0429,0.09678,0.4433
OG0009935,Wa,2.66205,0.11459,23.23021
OG0009935,Wo,2.6758,0.14423,18.55202
OG0009935,Laeq,0.06628,0.12824,0.5168
OG0009935,Lgib,0.04033,0.0707,0.57047
OG0009936,La,0.09616,0.17837,0.53914
OG0009936,Laeq,0.11091,0.22401,0.49509
OG0009936,Lgib,0.09723,0.16541,0.58784
OG0009936,Wa,0.09796,0.18264,0.53633
OG0009936,Wo,0.1442,0.2263,0.63722
OG0009936,Sp,0.02681,0.04929,0.54402
OG0009937,La,0.05631,0.11395,0.49412
OG0009937,Lgib,1.48695,0.15882,9.36246
OG0009937,Wa,0.7705,0.21822,3.53083
OG0009937,Wo,0.30896,0.27828,1.11023
OG0009937,Sp,0.04294,0.06718,0.63917
OG0009938,La,0.26719,0.17555,1.52205
OG0009938,Laeq,0.40744,0.54568,0.74667
OG0009938,Lgib,0.36546,0.48563,0.75254
OG0009938,Wa,1.07678,0.33224,3.24098
OG0009938,Wo,1.14806,0.39617,2.89789
OG0009938,Sp,0.47897,0.01438,33.31851
OG0009941,Laeq,40.75998,0.15998,254.78826
OG0009941,Lgib,0.37001,0.19804,1.8683
OG0009941,Wa,0.72608,0.55583,1.3063
OG0009941,Wo,0.78551,0.41314,1.90131
OG0009941,Sp,0.04688,0.13489,0.34757
OG0009942,La,0.15913,0.14572,1.092
OG0009942,Laeq,0.13899,0.29385,0.473
OG0009942,Lgib,0.1053,0.20577,0.51174
OG0009942,Wa,0.46918,0.22615,2.07466
OG0009942,Wo,0.48434,0.32443,1.49289
OG0009942,Sp,0.02526,0.03871,0.65243
OG0009943,La,0.17074,0.11204,1.52397
OG0009943,Laeq,0.24341,0.25001,0.97361
OG0009943,Lgib,0.24098,0.21334,1.12955
OG0009943,Wa,0.19702,0.24372,0.80841
OG0009943,Wo,0.24652,0.3073,0.80223
OG0009943,Sp,0.0336,0.03049,1.10182
OG0009944,La,0.04388,0.19706,0.22269
OG0009944,Laeq,1.63386,0.26687,6.12231
OG0009944,Lgib,0.05257,0.33896,0.15511
OG0009944,Wa,0.05774,0.41115,0.14045
OG0009944,Wo,0.08234,0.42137,0.19542
OG0009944,Sp,0.01951,0.03695,0.52801
OG0009945,La,0.1722,0.22962,0.74992
OG0009945,Laeq,0.27818,0.37429,0.74322
OG0009945,Lgib,0.22255,0.33613,0.66208
OG0009945,Wa,0.25437,0.40499,0.62808
OG0009945,Wo,0.2626,0.49711,0.52825
OG0009945,Sp,42.17819,0.01687,2500.6524
OG0009946,La,3.64089,0.08829,41.23932
OG0009946,Laeq,0.07869,0.13845,0.56832
OG0009946,Lgib,0.06506,0.10903,0.59668
OG0009946,Wa,0.12877,0.17689,0.72798
OG0009946,Wo,0.15122,0.31136,0.48566
OG0009946,Sp,0.01441,0.02225,0.64759
OG0009948,La,5.50362,0.11691,47.07681
OG0009948,Laeq,0.52103,0.16866,3.08921
OG0009948,Lgib,6.87798,0.12009,57.27289
OG0009948,Wa,0.19591,0.20724,0.94536
OG0009948,Wo,0.18486,0.27623,0.66921
OG0009948,Sp,0.04955,0.03946,1.25566
OG0009950,La,0.07335,0.17507,0.41896
OG0009950,Laeq,0.13391,0.38486,0.34796
OG0009950,Lgib,0.14252,0.26343,0.54103
OG0009950,Wa,6.24867,0.31597,19.77624
OG0009950,Wo,6.26381,0.35336,17.72636
OG0009950,Sp,0.02574,0.01888,1.36328
OG0009951,La,0.04354,0.16447,0.26473
OG0009951,Laeq,0.07485,0.28542,0.26223
OG0009951,Lgib,0.05577,0.20703,0.2694
OG0009951,Wa,0.25886,0.28431,0.91049
OG0009951,Wo,0.26457,0.29064,0.91028
OG0009951,Sp,0.03805,0.02648,1.43702
OG0009952,La,0.05149,0.0834,0.61745
OG0009952,Laeq,17.69531,0.28719,61.61473
OG0009952,Lgib,11.6416,0.29385,39.61698
OG0009952,Wa,0.14858,0.22691,0.6548
OG0009952,Wo,0.31206,0.27077,1.15251
OG0009952,Sp,0.01512,0.06498,0.23276
OG0009953,La,0.0727,0.10274,0.70763
OG0009953,Wa,0.10765,0.2204,0.48844
OG0009953,Wo,0.10164,0.2445,0.4157
OG0009953,Laeq,0.14058,0.1646,0.85407
OG0009953,Lgib,4.77847,0.13934,34.29239
OG0009953,Sp,0.02329,0.02547,0.91446
OG0009954,La,0.04217,0.11676,0.36114
OG0009954,Laeq,0.0649,0.20464,0.31713
OG0009954,Lgib,0.0683,0.14486,0.47151
OG0009954,Wa,0.08112,0.15881,0.51081
OG0009954,Wo,0.07984,0.20292,0.39343
OG0009954,Sp,0.10792,0.02794,3.86203
OG0009955,La,0.08684,0.13081,0.66391
OG0009955,Laeq,0.30039,0.26525,1.1325
OG0009955,Lgib,0.29885,0.24093,1.24036
OG0009955,Wa,3.975,0.30083,13.21339
OG0009955,Wo,0.66662,0.36633,1.8197
OG0009955,Sp,0.086,0.04275,2.01161
OG0009956,La,0.14348,0.15715,0.91304
OG0009956,Laeq,1.79751,0.23366,7.69296
OG0009956,Lgib,3.0181,0.21336,14.14552
OG0009956,Wa,2.05389,0.22864,8.98315
OG0009956,Wo,2.07917,0.27823,7.47278
OG0009956,Sp,0.08416,0.01944,4.32856
OG0009958,La,0.1073,0.13131,0.81716
OG0009958,Laeq,0.19629,0.29669,0.66162
OG0009958,Lgib,4.59069,0.13265,34.60754
OG0009958,Wa,0.1656,0.16883,0.98088
OG0009958,Wo,0.20749,0.26003,0.79796
OG0009958,Sp,0.11843,0.14115,0.83902
OG0009959,La,2.37844,0.21265,11.1846
OG0009959,Laeq,2.58997,0.24632,10.51463
OG0009959,Lgib,2.38733,0.20061,11.90038
OG0009959,Wa,2.36016,0.23633,9.98661
OG0009959,Wo,2.37813,0.25628,9.27946
OG0009959,Sp,19.68603,0.03527,558.08394
OG0009960,La,0.17807,0.07159,2.48756
OG0009960,Laeq,0.29215,0.17456,1.67366
OG0009960,Lgib,0.16323,0.09702,1.6824
OG0009960,Wa,18.75933,0.19887,94.3282
OG0009960,Wo,18.94635,0.18883,100.33573
OG0009960,Sp,0.0143,0.052,0.27492
OG0009961,La,0.15291,0.13123,1.1652
OG0009961,Laeq,0.24922,0.22503,1.1075
OG0009961,Lgib,0.18614,0.20421,0.9115
OG0009961,Wa,0.3438,0.28344,1.21294
OG0009961,Wo,0.30419,0.40805,0.74549
OG0009961,Sp,0.03154,0.06241,0.50531
OG0009962,La,0.08392,0.11655,0.72001
OG0009962,Laeq,0.16029,0.1833,0.87443
OG0009962,Lgib,0.09468,0.14822,0.63878
OG0009962,Wa,0.17417,0.19272,0.90377
OG0009962,Wo,0.14637,0.21965,0.66638
OG0009962,Sp,0.03556,0.06884,0.51657
OG0009964,La,0.14646,0.09356,1.56549
OG0009964,Laeq,0.18259,0.16412,1.11257
OG0009964,Lgib,0.14733,0.14601,1.00904
OG0009964,Wa,3.29636,0.15983,20.62415
OG0009964,Wo,4.98165,0.18017,27.64933
OG0009964,Sp,0.03637,0.03841,0.94689
OG0009965,La,0.10187,0.10162,1.00247
OG0009965,Laeq,0.13347,0.24751,0.53928
OG0009965,Lgib,0.11562,0.21079,0.5485
OG0009965,Wa,0.14119,0.20202,0.6989
OG0009965,Wo,0.37213,0.29784,1.24945
OG0009965,Sp,0.01658,0.0606,0.27354
OG0009966,La,0.25283,0.15412,1.64042
OG0009966,Laeq,0.21459,0.19741,1.08699
OG0009966,Lgib,0.7976,0.18728,4.25889
OG0009966,Wa,1.39864,0.19806,7.06151
OG0009966,Wo,9.64845,0.23522,41.01835
OG0009966,Sp,0.04299,0.0207,2.07732
OG0009968,La,2.69619,0.12669,21.28239
OG0009968,Wa,7.86716,0.19691,39.95286
OG0009968,Wo,2.72515,0.24597,11.0791
OG0009968,Laeq,4.83443,0.20529,23.54904
OG0009968,Lgib,2.69409,0.16541,16.2871
OG0009968,Sp,0.03556,0.04772,0.74533
OG0009969,La,0.03748,0.11063,0.3388
OG0009969,Laeq,0.06429,0.18811,0.34176
OG0009969,Lgib,0.04272,0.14022,0.30468
OG0009969,Wa,0.24732,0.15549,1.59062
OG0009969,Wo,2.06908,0.16018,12.917
OG0009969,Sp,0.01011,0.03728,0.27118
OG0009970,La,0.61307,0.13896,4.41178
OG0009970,Laeq,0.66391,0.2921,2.27291
OG0009970,Lgib,14.80353,0.11857,124.84996
OG0009970,Sp,0.54196,0.17364,3.12126
OG0009970,Wa,0.22895,0.11449,1.99975
OG0009971,La,0.14404,0.07404,1.94535
OG0009971,Laeq,53.74249,0.16344,328.81133
OG0009971,Lgib,53.51508,0.08551,625.86973
OG0009971,Wa,31.29722,0.22058,141.8843
OG0009971,Wo,0.26763,0.20193,1.32537
OG0009971,Sp,1.31326,0.10057,13.05766
OG0009973,La,0.04512,0.07849,0.5748
OG0009973,Laeq,0.07169,0.15919,0.45032
OG0009973,Lgib,0.04878,0.11765,0.41467
OG0009973,Wa,0.06905,0.14337,0.48163
OG0009973,Wo,0.20103,0.1989,1.01072
OG0009973,Sp,0.00872,0.05013,0.17397
OG0009974,La,0.02149,0.04623,0.46485
OG0009974,Sp,14.03232,0.08814,159.2108
OG0009974,Laeq,0.03411,0.24834,0.13735
OG0009974,Lgib,0.0129,0.14586,0.08843
OG0009974,Wa,0.04186,0.19739,0.21205
OG0009974,Wo,0.08755,0.15428,0.56749
OG0009975,La,0.06816,0.14674,0.46451
OG0009975,Wa,0.16168,0.15971,1.01235
OG0009975,Wo,0.16639,0.19966,0.83338
OG0009975,Laeq,0.22707,0.22087,1.02805
OG0009975,Lgib,0.05544,0.19293,0.28736
OG0009975,Sp,0.01269,0.04219,0.30076
OG0009980,Laeq,0.30883,0.34017,0.9079
OG0009980,Lgib,0.18585,0.23718,0.78359
OG0009980,Wa,13.12068,0.23642,55.49633
OG0009980,Wo,12.20279,0.25183,48.45575
OG0009980,Sp,0.01553,0.02058,0.7544
OG0009981,La,0.54414,0.1408,3.8647
OG0009981,Laeq,6.54279,0.27573,23.72901
OG0009981,Lgib,6.50495,0.20633,31.52692
OG0009981,Wa,6.56918,0.2226,29.51082
OG0009981,Wo,6.54816,0.25399,25.78166
OG0009981,Sp,0.02804,0.04324,0.64838
OG0009982,La,0.04848,0.1167,0.41545
OG0009982,Laeq,0.04883,0.18643,0.26193
OG0009982,Lgib,0.0405,0.14686,0.27576
OG0009982,Wa,0.08439,0.16672,0.50619
OG0009982,Wo,0.09136,0.1881,0.48569
OG0009982,Sp,0.01159,0.02748,0.42187
OG0009984,La,0.05096,0.09845,0.51768
OG0009984,Laeq,0.14489,0.17922,0.80849
OG0009984,Lgib,0.25233,0.1283,1.96664
OG0009984,Wa,1.3482,0.33533,4.02047
OG0009984,Wo,10.41216,0.22277,46.73945
OG0009984,Sp,7.43618,0.06078,122.34034
OG0009985,La,0.05641,0.1315,0.429
OG0009985,Wa,0.12759,0.17727,0.71972
OG0009985,Wo,11.05015,0.26131,42.28745
OG0009985,Laeq,0.11303,0.1859,0.60804
OG0009985,Lgib,0.12661,0.1204,1.05162
OG0009985,Sp,0.08069,0.07485,1.078
OG0009987,La,0.05295,0.14693,0.36036
OG0009987,Laeq,0.07263,0.26495,0.27412
OG0009987,Lgib,0.06803,0.22968,0.29619
OG0009987,Wa,0.09267,0.21143,0.43829
OG0009987,Wo,0.13547,0.25765,0.5258
OG0009987,Sp,0.03002,0.03488,0.86068
OG0009988,La,0.09189,0.11235,0.8179
OG0009988,Wa,0.25904,0.20909,1.23894
OG0009988,Wo,0.25197,0.21608,1.16608
OG0009988,Laeq,0.16772,0.15442,1.08616
OG0009988,Lgib,0.25736,0.12777,2.01415
OG0009988,Sp,0.03352,0.04707,0.71213
OG0009989,La,0.19204,0.20114,0.95476
OG0009989,Laeq,0.45492,0.48097,0.94583
OG0009989,Lgib,0.35508,0.39603,0.89659
OG0009989,Wa,0.54348,0.48772,1.11432
OG0009989,Sp,31.03298,0.02482,1250.48409
OG0009990,La,0.1161,0.14916,0.77838
OG0009990,Laeq,0.2093,0.2428,0.86202
OG0009990,Lgib,0.13038,0.15413,0.84595
OG0009990,Sp,0.09016,0.18615,0.48435
OG0009990,Wa,0.20054,0.28314,0.70827
OG0009990,Wo,0.20643,0.33879,0.60932
OG0009991,La,0.04793,0.13237,0.36212
OG0009991,Laeq,0.47027,0.32774,1.43489
OG0009991,Lgib,0.15612,0.24115,0.64737
OG0009991,Wa,0.16579,0.30015,0.55236
OG0009991,Wo,0.23836,0.46328,0.51451
OG0009991,Sp,0.04344,0.05119,0.84874
OG0009992,La,48.49579,0.23531,206.09553
OG0009992,Wa,48.68773,0.24957,195.08444
OG0009992,Wo,48.73922,0.29659,164.32967
OG0009992,Laeq,48.66085,0.25169,193.33483
OG0009992,Lgib,48.6137,0.21628,224.77276
OG0009992,Sp,0.13262,0.09488,1.39786
OG0009993,La,0.02217,0.0481,0.46083
OG0009993,Laeq,0.03795,0.09726,0.39019
OG0009993,Lgib,0.04321,0.08117,0.5324
OG0009993,Wa,0.04223,0.16506,0.25583
OG0009993,Wo,0.07322,0.37529,0.19509
OG0009993,Sp,0.00677,0.0214,0.31631
OG0009994,La,0.06292,0.13053,0.482
OG0009994,Wa,0.07617,0.20702,0.36793
OG0009994,Wo,0.08107,0.23927,0.33882
OG0009994,Laeq,0.05238,0.19621,0.26694
OG0009994,Lgib,0.04542,0.16825,0.26995
OG0009994,Sp,0.02453,0.0275,0.89194
OG0009995,La,2.46888,0.12267,20.12582
OG0009995,Laeq,0.16476,0.26962,0.6111
OG0009995,Lgib,0.15219,0.22273,0.68327
OG0009995,Wa,11.6678,0.24113,48.38883
OG0009995,Wo,0.58379,0.2412,2.42032
OG0009995,Sp,0.02112,0.03018,0.69972
OG0009996,La,1.85937,0.13648,13.62364
OG0009996,Laeq,1.91119,0.2254,8.47919
OG0009996,Lgib,1.88794,0.16265,11.6077
OG0009996,Wa,0.12547,0.15583,0.80516
OG0009996,Wo,0.17888,0.18565,0.96351
OG0009996,Sp,58.22293,0.05587,1042.12945
OG0009998,La,0.02899,0.09661,0.30005
OG0009998,Laeq,0.03323,0.15287,0.21738
OG0009998,Lgib,0.05189,0.14119,0.36751
OG0009998,Wa,0.04639,0.17018,0.27257
OG0009998,Wo,0.05018,0.19831,0.25305
OG0009998,Sp,0.00964,0.04556,0.2115
OG0009999,La,0.10321,0.09832,1.04971
OG0009999,Wa,0.08571,0.1505,0.56946
OG0009999,Wo,0.07974,0.19662,0.40554
OG0009999,Laeq,0.07069,0.27311,0.25884
OG0009999,Lgib,0.05801,0.19165,0.30267
OG0009999,Sp,0.02042,0.1019,0.20042
OG0010000,La,0.09577,0.13895,0.68924
OG0010000,Laeq,0.11634,0.19892,0.58486
OG0010000,Lgib,0.10788,0.15331,0.70368
OG0010000,Wa,0.12416,0.23042,0.53887
OG0010000,Wo,0.25708,0.24742,1.03906
OG0010000,Sp,0.02595,0.02991,0.86773
OG0010001,La,0.23367,0.15114,1.54608
OG0010001,Laeq,0.14873,0.24528,0.60638
OG0010001,Lgib,0.24276,0.19161,1.26698
OG0010001,Wa,2.64538,0.21584,12.25604
OG0010001,Wo,2.68148,0.24949,10.74796
OG0010001,Sp,0.02707,0.03398,0.79653
OG0010002,La,0.0691,0.08948,0.77216
OG0010002,Wa,0.08376,0.16829,0.49772
OG0010002,Wo,2.70719,0.22707,11.92242
OG0010002,Laeq,0.06122,0.1672,0.36616
OG0010002,Lgib,0.03853,0.11405,0.33784
OG0010002,Sp,0.0075,0.04996,0.15001
OG0010003,La,4.12307,0.15708,26.24869
OG0010003,Laeq,4.14377,0.22509,18.4092
OG0010003,Lgib,4.1346,0.22098,18.7103
OG0010003,Wa,0.10912,0.2047,0.53309
OG0010003,Wo,1.11664,0.21824,5.11657
OG0010003,Sp,0.01515,0.02529,0.59911
OG0010004,La,0.01961,0.14083,0.13921
OG0010004,Laeq,0.0119,0.1741,0.06837
OG0010004,Lgib,0.00529,0.12587,0.04201
OG0010004,Wa,0.05553,0.13486,0.41176
OG0010004,Wo,0.06067,0.15719,0.38596
OG0010004,Sp,0.00947,0.0336,0.28173
OG0010005,La,0.2731,0.13574,2.01194
OG0010005,Laeq,0.09612,0.18331,0.52435
OG0010005,Lgib,0.08308,0.16541,0.50227
OG0010005,Wa,0.53838,0.18295,2.94275
OG0010005,Wo,0.6008,0.24528,2.44941
OG0010005,Sp,0.01126,0.05111,0.22023
OG0010006,La,0.43863,0.1354,3.2396
OG0010006,Laeq,0.39092,0.26509,1.47466
OG0010006,Lgib,0.20033,0.17343,1.1551
OG0010006,Wa,0.76214,0.20861,3.65348
OG0010006,Wo,0.90385,0.27941,3.23486
OG0010006,Sp,0.2008,0.03889,5.16273
OG0010009,La,0.05607,0.14422,0.38877
OG0010009,Laeq,2.70293,0.20966,12.89225
OG0010009,Lgib,2.68895,0.15446,17.40828
OG0010009,Wa,0.07991,0.17912,0.44611
OG0010009,Wo,0.10112,0.20209,0.50036
OG0010009,Sp,0.02198,0.0402,0.54675
OG0010010,La,0.08751,0.10445,0.83779
OG0010010,Wa,0.20513,0.21314,0.96241
OG0010010,Wo,0.83237,0.23001,3.61886
OG0010010,Laeq,0.39075,0.22183,1.76151
OG0010010,Lgib,0.13952,0.16225,0.85994
OG0010010,Sp,0.0332,0.05768,0.57555
OG0010013,La,2.85073,0.1233,23.12069
OG0010013,Wa,2.87669,0.13793,20.8561
OG0010013,Wo,2.98691,0.1791,16.67757
OG0010013,Laeq,0.12828,0.17273,0.74265
OG0010013,Sp,0.0131,0.03479,0.37644
OG0010014,La,0.08881,0.15223,0.5834
OG0010014,Laeq,0.13107,0.27376,0.47876
OG0010014,Lgib,3.14902,0.23844,13.20693
OG0010014,Wa,0.35683,0.31212,1.14323
OG0010014,Wo,0.59938,0.35304,1.6978
OG0010014,Sp,0.0356,0.07387,0.48196
OG0010016,La,0.8777,0.07336,11.96491
OG0010016,Laeq,21.54375,0.28505,75.57825
OG0010016,Lgib,11.97425,0.22518,53.17734
OG0010016,Wa,12.08074,0.17139,70.488
OG0010016,Wo,12.13668,0.30721,39.50614
OG0010016,Sp,2.04721,0.04585,44.64579
OG0010017,La,0.10984,0.08231,1.33451
OG0010017,Lgib,0.18765,0.14195,1.32189
OG0010017,Wa,0.18894,0.19874,0.95067
OG0010017,Wo,0.28906,0.28452,1.01597
OG0010017,Sp,1.07746,0.03906,27.58524
OG0010018,La,0.25928,0.16294,1.59129
OG0010018,Laeq,0.29106,0.19051,1.52778
OG0010018,Lgib,0.24994,0.17992,1.38919
OG0010018,Wa,0.27987,0.1876,1.49182
OG0010018,Wo,0.31667,0.21986,1.44033
OG0010018,Sp,0.02427,0.0135,1.79779
OG0010023,La,0.06198,0.18348,0.33777
OG0010023,Laeq,0.1423,0.25721,0.55323
OG0010023,Lgib,0.07571,0.22658,0.33416
OG0010023,Wa,0.06747,0.19122,0.35287
OG0010023,Wo,0.1184,0.24807,0.47727
OG0010023,Sp,0.01763,0.01114,1.58196
OG0010024,La,0.00587,0.05322,0.11038
OG0010024,Laeq,0.00875,0.16929,0.05168
OG0010024,Lgib,0.00587,0.09229,0.06366
OG0010024,Wa,0.00587,0.10974,0.05354
OG0010024,Wo,0.00587,0.1755,0.03348
OG0010024,Sp,0.00586,0.02502,0.23439
OG0010026,La,0.07735,0.09862,0.78429
OG0010026,Laeq,0.22393,0.22521,0.99434
OG0010026,Lgib,0.19006,0.19682,0.96563
OG0010026,Wa,1.58806,0.21946,7.23631
OG0010026,Wo,0.28793,0.28331,1.01629
OG0010026,Sp,1.76286,0.02482,71.01219
OG0010029,La,0.01731,0.16128,0.10735
OG0010029,Laeq,2.76197,0.37205,7.42366
OG0010029,Lgib,0.02547,0.20491,0.12428
OG0010029,Wa,0.03395,0.2311,0.1469
OG0010029,Wo,0.04696,0.30868,0.15212
OG0010029,Sp,0.00875,0.02898,0.30186
OG0010032,La,0.12256,0.13662,0.89706
OG0010032,Laeq,0.1421,0.22015,0.64549
OG0010032,Lgib,0.24109,0.17691,1.36278
OG0010032,Wa,0.13578,0.20251,0.67049
OG0010032,Wo,0.13329,0.22139,0.60205
OG0010032,Sp,0.01739,0.02717,0.6398
OG0010033,La,0.13715,0.10893,1.25908
OG0010033,Laeq,0.1596,0.16939,0.94222
OG0010033,Lgib,0.1472,0.1302,1.13055
OG0010033,Wa,0.16991,0.20181,0.84195
OG0010033,Wo,0.2219,0.23862,0.9299
OG0010033,Sp,0.02336,0.03205,0.72882
OG0010034,La,0.03065,0.12743,0.24053
OG0010034,Wa,1.5048,0.17572,8.56356
OG0010034,Wo,1.52576,0.21807,6.99671
OG0010034,Laeq,0.01951,0.18307,0.10657
OG0010034,Lgib,0.0116,0.13411,0.08649
OG0010034,Sp,0.00846,0.03195,0.26495
OG0010038,La,0.20111,0.10842,1.85496
OG0010038,Laeq,0.46826,0.26323,1.77894
OG0010038,Lgib,0.38574,0.16605,2.32297
OG0010038,Wa,0.4261,0.17827,2.39014
OG0010038,Wo,0.85065,0.26949,3.15652
OG0010038,Sp,4.09239,0.06813,60.07096
OG0010040,La,0.10687,0.13579,0.78699
OG0010040,Wa,0.13277,0.22276,0.59604
OG0010040,Wo,0.17063,0.27944,0.61061
OG0010040,Laeq,0.11602,0.17696,0.65565
OG0010040,Lgib,0.10152,0.14523,0.69904
OG0010040,Sp,0.00992,0.03649,0.27176
OG0010041,La,0.05219,0.19765,0.26403
OG0010041,Laeq,0.13525,0.36894,0.36659
OG0010041,Lgib,0.0563,0.28415,0.19814
OG0010041,Wa,0.11245,0.339,0.3317
OG0010041,Wo,0.12166,0.35839,0.33945
OG0010041,Sp,0.02636,0.02383,1.10609
OG0010042,La,0.05313,0.09885,0.53748
OG0010042,Laeq,0.09582,0.21402,0.44772
OG0010042,Lgib,0.07217,0.12245,0.58936
OG0010042,Wa,0.156,0.15388,1.01376
OG0010042,Wo,0.1453,0.19497,0.74521
OG0010042,Sp,0.03765,0.02753,1.36722
OG0010044,La,0.30311,0.14466,2.09534
OG0010044,Laeq,30.6099,0.19108,160.1923
OG0010044,Lgib,0.51791,0.16867,3.0706
OG0010044,Wa,0.6651,0.18081,3.67851
OG0010044,Wo,1.99294,0.1809,11.01678
OG0010044,Sp,0.1147,0.05712,2.00795
OG0010045,La,0.04973,0.10289,0.48334
OG0010045,Laeq,0.10285,0.21732,0.47328
OG0010045,Lgib,0.09268,0.17512,0.5292
OG0010045,Wa,0.08616,0.17311,0.49771
OG0010045,Wo,0.14243,0.227,0.62746
OG0010045,Sp,0.02021,0.0252,0.80218
OG0010046,La,6.94692,0.18071,38.44288
OG0010046,Wa,6.68081,0.23566,28.34897
OG0010046,Wo,0.051,0.29269,0.17424
OG0010046,Laeq,0.02969,0.23836,0.12455
OG0010046,Lgib,0.01779,0.11027,0.16131
OG0010046,Sp,0.01047,0.04502,0.23264
OG0010047,La,0.30804,0.14232,2.16442
OG0010047,Laeq,0.13049,0.23922,0.54548
OG0010047,Lgib,0.12292,0.22751,0.5403
OG0010047,Wa,0.22736,0.22974,0.98965
OG0010047,Wo,3.63175,0.25851,14.04899
OG0010047,Sp,0.13297,0.04381,3.0353
OG0010049,La,0.07727,0.19307,0.40022
OG0010049,Laeq,0.14206,0.37546,0.37835
OG0010049,Lgib,0.0861,0.31795,0.27081
OG0010049,Wa,0.15011,0.29976,0.50076
OG0010049,Wo,0.16763,0.36741,0.45626
OG0010049,Sp,0.02124,0.06044,0.35147
OG0010050,La,0.36944,0.12654,2.91963
OG0010050,Wa,0.3981,0.19629,2.02811
OG0010050,Wo,0.42016,0.21985,1.9111
OG0010050,Laeq,7.36796,0.17445,42.23649
OG0010050,Lgib,0.38857,0.1672,2.32405
OG0010050,Sp,0.0345,0.05103,0.67614
OG0010051,La,0.13356,0.12245,1.09071
OG0010051,Laeq,0.36237,0.23409,1.54796
OG0010051,Lgib,0.19981,0.13807,1.44716
OG0010051,Wa,0.28116,0.23206,1.21155
OG0010051,Wo,0.33452,0.31748,1.05367
OG0010051,Sp,0.63189,0.10045,6.29034
OG0010052,La,0.07759,0.11406,0.68027
OG0010052,Laeq,0.11328,0.16662,0.67984
OG0010052,Lgib,0.10159,0.13262,0.76607
OG0010052,Wa,0.34228,0.22308,1.53439
OG0010052,Wo,15.93536,0.26908,59.2227
OG0010052,Sp,0.18551,0.06767,2.74144
OG0010053,La,0.07629,0.0925,0.82477
OG0010053,Wa,3.66149,0.16848,21.73228
OG0010053,Wo,3.71412,0.2382,15.59264
OG0010053,Laeq,0.56658,0.14008,4.04462
OG0010053,Lgib,0.50834,0.17169,2.9608
OG0010053,Sp,0.024,0.03904,0.61491
OG0010055,La,4.35899,0.10979,39.70338
OG0010055,Laeq,4.62205,0.22299,20.72788
OG0010055,Lgib,4.43024,0.18374,24.11105
OG0010055,Wa,4.46739,0.26824,16.65458
OG0010055,Wo,4.61977,0.35315,13.08179
OG0010055,Sp,0.03993,0.08261,0.48332
OG0010056,La,0.07495,0.09987,0.75054
OG0010056,Laeq,0.58265,0.18353,3.17479
OG0010056,Lgib,0.05824,0.15411,0.37791
OG0010056,Wa,0.17104,0.1857,0.92106
OG0010056,Wo,2.03537,0.23482,8.66772
OG0010056,Sp,0.02967,0.04043,0.73374
OG0010058,La,0.0357,0.14041,0.25425
OG0010058,Laeq,4.80397,0.18854,25.48049
OG0010058,Lgib,0.06671,0.15299,0.43603
OG0010058,Wa,0.07414,0.25762,0.28779
OG0010058,Wo,0.07081,0.28407,0.24928
OG0010058,Sp,0.01687,0.02337,0.7218
OG0010059,La,0.03214,0.10165,0.31621
OG0010059,Laeq,0.07296,0.15054,0.48464
OG0010059,Lgib,0.04343,0.18761,0.23147
OG0010059,Wa,0.04881,0.17845,0.27351
OG0010059,Wo,0.10257,0.29191,0.35138
OG0010059,Sp,0.01034,0.02228,0.46419
OG0010060,La,6.03387,0.13186,45.76118
OG0010060,Sp,0.05555,0.06306,0.88083
OG0010060,Laeq,0.14503,0.14339,1.01146
OG0010060,Lgib,0.04969,0.07189,0.69117
OG0010060,Wa,0.04665,0.20448,0.22812
OG0010060,Wo,0.22865,0.41882,0.54593
OG0010062,La,0.06616,0.16592,0.39876
OG0010062,Wa,0.08836,0.20395,0.43326
OG0010062,Wo,0.1118,0.26137,0.42775
OG0010062,Laeq,2.50734,0.25453,9.85087
OG0010062,Lgib,0.04598,0.14041,0.32747
OG0010062,Sp,1.41027,0.03604,39.13434
OG0010063,La,3.84223,0.11762,32.66769
OG0010063,Wa,4.93263,0.13401,36.80725
OG0010063,Wo,4.32296,0.19266,22.43825
OG0010063,Laeq,6.78492,0.16656,40.73517
OG0010063,Lgib,6.76007,0.11954,56.54919
OG0010063,Sp,33.22542,0.11122,298.72759
OG0010064,La,0.40133,0.1541,2.6044
OG0010064,Laeq,2.89639,0.1724,16.79996
OG0010064,Lgib,5.97465,0.14352,41.63013
OG0010064,Wa,0.13753,0.15327,0.89735
OG0010064,Wo,0.28752,0.18337,1.56792
OG0010064,Sp,0.03057,0.02361,1.29471
OG0010065,La,0.01126,0.11882,0.09477
OG0010065,Laeq,0.01207,0.2637,0.04577
OG0010065,Lgib,0.01346,0.15563,0.08647
OG0010065,Wa,0.31742,0.15744,2.01619
OG0010065,Wo,0.32546,0.19602,1.66036
OG0010065,Sp,0.02313,0.03931,0.58848
OG0010066,La,0.05249,0.16835,0.31181
OG0010066,Laeq,0.05645,0.29218,0.19321
OG0010066,Lgib,0.0587,0.22516,0.26071
OG0010066,Wa,0.07946,0.28463,0.27917
OG0010066,Wo,0.08564,0.32493,0.26355
OG0010066,Sp,0.16403,0.01951,8.40694
OG0010067,La,10.98861,0.09988,110.02172
OG0010067,Laeq,11.00005,0.16523,66.57557
OG0010067,Lgib,10.9875,0.14749,74.49639
OG0010067,Wa,11.30687,0.13718,82.42167
OG0010067,Wo,13.9748,0.16425,85.08382
OG0010067,Sp,0.10518,0.07139,1.47329
OG0010068,La,6.39565,0.14052,45.51355
OG0010068,Wa,0.96776,0.23105,4.1885
OG0010068,Wo,8.15546,0.23484,34.72749
OG0010068,Laeq,1.00425,0.21766,4.61394
OG0010068,Lgib,1.0362,0.17914,5.78424
OG0010068,Sp,0.08496,0.03239,2.6235
OG0010069,La,0.12463,0.12363,1.00811
OG0010069,Laeq,0.19454,0.19458,0.99983
OG0010069,Lgib,0.13953,0.16367,0.85254
OG0010069,Wa,0.19049,0.17517,1.08749
OG0010069,Wo,0.21723,0.19169,1.13324
OG0010069,Sp,0.04171,0.04932,0.84571
OG0010070,La,0.1759,0.10355,1.69876
OG0010070,Lgib,0.22076,0.18037,1.22391
OG0010070,Wa,0.31816,0.27327,1.16427
OG0010070,Wo,1.3321,0.27188,4.89966
OG0010070,Sp,0.67832,0.03411,19.88766
OG0010072,La,1.49425,0.23197,6.44145
OG0010072,Laeq,0.32329,0.2337,1.38331
OG0010072,Lgib,0.08369,0.19633,0.42625
OG0010072,Wa,4.81281,0.18383,26.18116
OG0010072,Wo,1.69546,0.16668,10.17182
OG0010072,Sp,0.2608,0.04021,6.48654
OG0010073,La,0.07205,0.10239,0.70371
OG0010073,Laeq,0.30727,0.26677,1.15185
OG0010073,Lgib,0.2733,0.18651,1.46534
OG0010073,Wa,0.47513,0.21146,2.24694
OG0010073,Wo,4.10976,0.27292,15.05867
OG0010073,Sp,1.58732,0.03445,46.07361
OG0010075,La,3.5401,0.15848,22.33834
OG0010075,Laeq,0.1692,0.28001,0.60428
OG0010075,Lgib,5.7062,0.20218,28.22382
OG0010075,Wa,11.2419,0.22428,50.12512
OG0010075,Wo,15.6826,0.26754,58.61779
OG0010075,Sp,0.03518,0.0414,0.84984
OG0010077,La,0.20424,0.11525,1.77208
OG0010077,Laeq,0.13133,0.21094,0.6226
OG0010077,Lgib,0.18996,0.13506,1.40655
OG0010077,Wa,0.16384,0.19417,0.84381
OG0010077,Wo,0.15475,0.35266,0.43881
OG0010077,Sp,0.04057,0.05832,0.69553
OG0010078,La,0.07005,0.13259,0.52833
OG0010078,Laeq,0.09162,0.28038,0.32679
OG0010078,Lgib,0.0909,0.20832,0.43633
OG0010078,Wa,0.12521,0.26198,0.47796
OG0010078,Wo,0.1438,0.2964,0.48513
OG0010078,Sp,0.02478,0.05425,0.45679
OG0010079,La,0.05588,0.07544,0.74065
OG0010079,Lgib,0.07089,0.17913,0.39573
OG0010079,Wa,0.12337,0.27445,0.44952
OG0010079,Wo,0.15966,0.40189,0.39728
OG0010079,Sp,0.04157,0.10565,0.39343
OG0010081,La,0.41694,0.13846,3.01124
OG0010081,Laeq,0.45767,0.2203,2.07751
OG0010081,Lgib,0.43688,0.19243,2.27034
OG0010081,Wa,5.87293,0.20436,28.73861
OG0010081,Wo,5.85762,0.25767,22.73293
OG0010081,Sp,0.93361,0.03943,23.67485
OG0010082,La,3.05631,0.06257,48.84576
OG0010082,Laeq,0.1648,0.1856,0.88791
OG0010082,Lgib,0.15119,0.17888,0.84521
OG0010082,Wa,0.22889,0.20023,1.14315
OG0010082,Wo,0.22546,0.30309,0.74386
OG0010082,Sp,0.01916,0.03385,0.56587
OG0010083,La,0.10316,0.13048,0.79063
OG0010083,Laeq,3.89513,0.28195,13.8149
OG0010083,Lgib,3.86937,0.21552,17.95367
OG0010083,Wa,4.37412,0.27766,15.75344
OG0010083,Wo,11.4376,0.36646,31.2112
OG0010083,Sp,1.95174,0.02107,92.6306
OG0010085,La,0.07925,0.11804,0.67133
OG0010085,Wa,2.63657,0.1912,13.7894
OG0010085,Wo,2.64407,0.26203,10.09056
OG0010085,Laeq,0.08829,0.1654,0.5338
OG0010085,Lgib,0.08706,0.12534,0.69461
OG0010085,Sp,0.97658,0.05157,18.93817
OG0010086,La,0.44358,0.08964,4.94839
OG0010086,Wa,0.08793,0.15756,0.55805
OG0010086,Wo,0.09194,0.16667,0.55161
OG0010086,Laeq,1.23471,0.15323,8.05786
OG0010086,Lgib,0.09414,0.11785,0.79879
OG0010086,Sp,0.00787,0.09038,0.08708
OG0010088,La,0.18141,0.15932,1.13866
OG0010088,Wa,1003.59156,0.23738,4227.85793
OG0010088,Wo,0.25558,0.29278,0.87293
OG0010088,Laeq,0.19354,0.20953,0.92369
OG0010088,Lgib,0.18188,0.17676,1.02899
OG0010088,Sp,0.09222,0.06776,1.36094
OG0010090,La,0.17872,0.1143,1.56355
OG0010090,Laeq,0.32423,0.18932,1.7126
OG0010090,Lgib,0.26931,0.16051,1.67787
OG0010090,Wa,0.39975,0.15819,2.52697
OG0010090,Wo,0.42354,0.21345,1.98426
OG0010090,Sp,0.04859,0.04889,0.99386
OG0010092,La,0.12929,0.09279,1.39338
OG0010092,Laeq,5.40322,0.22325,24.20301
OG0010092,Lgib,0.18617,0.16492,1.12886
OG0010092,Wa,1.35918,0.25097,5.41578
OG0010092,Wo,5.28018,0.23858,22.13146
OG0010092,Sp,0.13094,0.06519,2.00839
OG0010094,La,3.05546,0.2256,13.54344
OG0010094,Laeq,4.80234,0.49978,9.60898
OG0010094,Lgib,4.7586,0.42687,11.14772
OG0010094,Wa,3.04182,0.38967,7.80618
OG0010094,Wo,3.02559,0.541,5.59259
OG0010094,Sp,0.00821,0.02467,0.33281
OG0010095,La,0.02405,0.1416,0.16983
OG0010095,Laeq,0.03286,0.29967,0.10965
OG0010095,Lgib,0.04049,0.31495,0.12855
OG0010095,Wa,0.04977,0.17943,0.27739
OG0010095,Wo,0.05381,0.22644,0.23764
OG0010095,Sp,0.00415,0.03393,0.12232
OG0010096,La,0.1797,0.14466,1.24217
OG0010096,Laeq,0.12706,0.22659,0.56072
OG0010096,Lgib,0.10704,0.20608,0.5194
OG0010096,Wa,0.16438,0.21353,0.76982
OG0010096,Wo,0.1358,0.28905,0.46983
OG0010096,Sp,0.0134,0.02806,0.47754
OG0010097,La,0.27718,0.15458,1.79312
OG0010097,Laeq,0.41703,0.32385,1.28773
OG0010097,Lgib,0.31033,0.25413,1.22115
OG0010097,Wa,0.53988,0.29612,1.82319
OG0010097,Wo,0.52566,0.40998,1.28218
OG0010097,Sp,0.01052,0.02895,0.36352
OG0010098,La,12.64307,0.13946,90.6542
OG0010098,Laeq,30.94039,0.24193,127.88946
OG0010098,Lgib,30.89988,0.18329,168.58302
OG0010098,Wa,21.43927,0.29558,72.53225
OG0010098,Wo,12.97351,0.36212,35.8262
OG0010098,Sp,0.05256,0.01831,2.87098
OG0010100,La,0.04336,0.127,0.34145
OG0010100,Laeq,27.67742,0.1836,150.74886
OG0010100,Lgib,27.6408,0.13056,211.70867
OG0010100,Wa,3.81586,0.15829,24.10703
OG0010100,Wo,0.42606,0.19984,2.13197
OG0010100,Sp,0.02639,0.03359,0.78586
OG0010101,La,2.05235,0.10866,18.88818
OG0010101,Laeq,0.2075,0.21149,0.98113
OG0010101,Lgib,0.20074,0.16888,1.18861
OG0010101,Wa,0.16335,0.19788,0.82551
OG0010101,Wo,0.1673,0.24115,0.69377
OG0010101,Sp,0.01565,0.03664,0.42718
OG0010102,Laeq,7.60363,0.20998,36.211
OG0010102,Lgib,7.56797,0.18562,40.77222
OG0010102,Wa,23.93374,0.20346,117.63336
OG0010102,Wo,0.07427,0.22863,0.32485
OG0010102,Sp,0.02049,0.01905,1.07549
OG0010103,La,0.07777,0.13847,0.56162
OG0010103,Laeq,0.20436,0.31641,0.64587
OG0010103,Lgib,0.12659,0.26521,0.47731
OG0010103,Wa,0.16259,0.26148,0.62182
OG0010103,Wo,0.18883,0.34735,0.54364
OG0010103,Sp,0.02446,0.06124,0.39947
OG0010104,La,0.03731,0.16995,0.21951
OG0010104,Laeq,1.6232,0.28215,5.75302
OG0010104,Lgib,0.34036,0.24627,1.38207
OG0010104,Wa,9.57337,0.39498,24.23788
OG0010104,Wo,9.64187,0.40571,23.76545
OG0010104,Sp,0.01678,0.02151,0.78024
OG0010106,La,0.11138,0.13375,0.8328
OG0010106,Laeq,0.43759,0.2666,1.64134
OG0010106,Lgib,0.45901,0.20521,2.23678
OG0010106,Wa,8.15305,0.30392,26.82663
OG0010106,Wo,0.88478,0.38863,2.27668
OG0010106,Sp,0.04599,0.0343,1.34082
OG0010107,La,0.48952,0.07754,6.31345
OG0010107,Laeq,0.04602,0.12477,0.36885
OG0010107,Lgib,0.04117,0.09829,0.41885
OG0010107,Wa,0.4592,0.13126,3.4983
OG0010107,Wo,0.05469,0.14924,0.36643
OG0010107,Sp,0.04133,0.0815,0.50717
OG0010110,La,0.24795,0.16816,1.47453
OG0010110,Laeq,20.25187,0.30047,67.40024
OG0010110,Lgib,11.16113,0.26308,42.42488
OG0010110,Wa,0.1243,0.40625,0.30598
OG0010110,Wo,0.13567,0.35368,0.38359
OG0010110,Sp,0.01439,0.08587,0.16759
OG0010112,La,0.30387,0.12322,2.46607
OG0010112,Laeq,0.16723,0.22498,0.74333
OG0010112,Lgib,0.26961,0.16928,1.59275
OG0010112,Wa,7.57945,0.16659,45.49837
OG0010112,Wo,7.86546,0.21449,36.6711
OG0010112,Sp,0.05049,0.05768,0.87525
OG0010113,La,0.17499,0.24206,0.72292
OG0010113,Sp,37.83612,0.34751,108.87818
OG0010113,Laeq,0.25038,0.32938,0.76015
OG0010113,Lgib,0.16612,0.16301,1.01907
OG0010113,Wa,0.38699,0.31079,1.24517
OG0010113,Wo,4.81031,0.28729,16.74395
OG0010114,La,0.09392,0.0966,0.97221
OG0010114,Laeq,0.23081,0.16506,1.39836
OG0010114,Lgib,0.14091,0.13678,1.03019
OG0010114,Wa,0.31215,0.17365,1.79752
OG0010114,Wo,1.05913,0.16538,6.40443
OG0010114,Sp,0.03751,0.02509,1.49482
OG0010116,La,0.07321,0.18242,0.40131
OG0010116,Laeq,0.08256,0.27705,0.29799
OG0010116,Lgib,0.06446,0.19997,0.32236
OG0010116,Wa,0.14115,0.21895,0.64467
OG0010116,Wo,0.15978,0.29354,0.5443
OG0010116,Sp,0.19926,0.02732,7.29372
OG0010117,La,0.01979,0.11867,0.16677
OG0010117,Laeq,1.75413,0.26699,6.56997
OG0010117,Lgib,0.03305,0.19261,0.17157
OG0010117,Wa,0.03353,0.19071,0.17582
OG0010117,Wo,5.68148,0.1843,30.82813
OG0010117,Sp,0.01623,0.0356,0.45593
OG0010118,Laeq,0.06461,0.23916,0.27017
OG0010118,Lgib,0.08972,0.19879,0.45133
OG0010118,Wa,0.07518,0.20368,0.3691
OG0010118,Wo,0.11397,0.25233,0.45167
OG0010118,Sp,0.04458,0.01142,3.90513
OG0010119,La,0.06925,0.06523,1.06165
OG0010119,Laeq,0.04894,0.17252,0.28371
OG0010119,Lgib,0.04764,0.17813,0.26744
OG0010119,Wa,4.93515,0.24787,19.91058
OG0010119,Wo,4.93382,0.30232,16.32003
OG0010119,Sp,1.24965,0.11612,10.76141
OG0010120,La,0.07771,0.14298,0.54346
OG0010120,Laeq,0.14248,0.23709,0.60096
OG0010120,Lgib,0.13388,0.21281,0.62913
OG0010120,Wa,0.09165,0.15591,0.58781
OG0010120,Wo,0.10779,0.20769,0.51898
OG0010120,Sp,0.0183,0.0232,0.78907
OG0010121,La,7.59008,0.08327,91.15376
OG0010121,Laeq,7.65459,0.1178,64.98214
OG0010121,Lgib,7.64477,0.12005,63.68239
OG0010121,Wa,35.64502,0.14501,245.81034
OG0010121,Wo,30.34235,0.16385,185.18692
OG0010121,Sp,0.05173,0.07686,0.67297
OG0010122,La,0.11418,0.16461,0.69365
OG0010122,Laeq,0.20538,0.32649,0.62907
OG0010122,Lgib,0.16824,0.24527,0.68591
OG0010122,Wa,0.21243,0.29214,0.72716
OG0010122,Wo,0.22759,0.39985,0.56918
OG0010122,Sp,0.13978,0.05404,2.58671
OG0010124,La,0.18437,0.17624,1.04615
OG0010124,Wa,1.95637,0.17924,10.91482
OG0010124,Wo,1.96514,0.21228,9.25708
OG0010124,Laeq,0.07675,0.18063,0.42487
OG0010124,Lgib,0.06633,0.15728,0.42175
OG0010124,Sp,4.73213,0.03413,138.64023
OG0010125,La,0.02152,0.13274,0.1621
OG0010125,Laeq,0.05212,0.18148,0.2872
OG0010125,Lgib,0.0371,0.15288,0.2427
OG0010125,Sp,0.54269,0.10427,5.20471
OG0010125,Wa,0.18526,0.107,1.73137
OG0010125,Wo,0.22236,0.15173,1.46549
OG0010126,La,0.05983,0.12004,0.49843
OG0010126,Lgib,0.66589,0.13389,4.97358
OG0010126,Wa,0.74806,0.16341,4.57794
OG0010126,Wo,0.10202,0.21615,0.47199
OG0010126,Sp,0.00772,0.03538,0.21835
OG0010128,La,0.09691,0.10963,0.88396
OG0010128,Laeq,0.21485,0.23826,0.90176
OG0010128,Lgib,0.15317,0.17614,0.86961
OG0010128,Wa,10.30839,0.14272,72.22973
OG0010128,Wo,5.989,0.20545,29.15112
OG0010128,Sp,0.04291,0.06837,0.62763
OG0010129,La,0.09428,0.11736,0.80337
OG0010129,Laeq,0.1124,0.21292,0.52788
OG0010129,Lgib,0.09259,0.18516,0.50004
OG0010129,Wa,0.12635,0.17752,0.71174
OG0010129,Wo,0.18603,0.2519,0.73852
OG0010129,Sp,0.01632,0.06479,0.25191
OG0010131,La,0.03634,0.13254,0.2742
OG0010131,Laeq,0.08399,0.25064,0.33509
OG0010131,Lgib,0.05628,0.22043,0.25533
OG0010131,Wa,0.11095,0.22503,0.49308
OG0010131,Wo,0.08488,0.24583,0.34527
OG0010131,Sp,0.13269,0.02909,4.56176
OG0010132,La,0.037,0.08458,0.4375
OG0010132,Laeq,0.08493,0.18828,0.45109
OG0010132,Lgib,0.0581,0.14098,0.41208
OG0010132,Wa,0.18206,0.16072,1.13281
OG0010132,Wo,0.18085,0.14383,1.25737
OG0010132,Sp,0.24846,0.04987,4.9819
OG0010133,La,20.71331,0.10976,188.72293
OG0010133,Laeq,0.11161,0.20912,0.53372
OG0010133,Lgib,0.10386,0.17995,0.5772
OG0010133,Wa,11.5233,0.22322,51.6221
OG0010133,Wo,0.23575,0.25028,0.94195
OG0010133,Sp,0.02365,0.05023,0.47071
OG0010134,La,0.33509,0.06566,5.10351
OG0010134,Sp,11.98579,0.14189,84.47379
OG0010134,Wa,11.20085,0.15368,72.88222
OG0010134,Wo,11.17731,0.28656,39.00572
OG0010134,Laeq,0.21212,0.16063,1.32056
OG0010134,Lgib,4.12741,0.12631,32.67636
OG0010135,La,0.06785,0.1107,0.61291
OG0010135,Laeq,0.12113,0.1911,0.63384
OG0010135,Lgib,0.11001,0.15732,0.6993
OG0010135,Wa,0.20638,0.19059,1.08289
OG0010135,Wo,0.19992,0.2245,0.89051
OG0010135,Sp,0.02296,0.02083,1.10197
OG0010136,La,0.06628,0.07795,0.85022
OG0010136,Laeq,0.12334,0.18982,0.64979
OG0010136,Lgib,0.07722,0.12917,0.59778
OG0010136,Wa,0.12834,0.14425,0.88972
OG0010136,Wo,0.15015,0.21203,0.70818
OG0010136,Sp,0.0328,0.04993,0.65686
OG0010138,Laeq,0.10366,0.28796,0.35999
OG0010138,Lgib,0.08606,0.27091,0.31766
OG0010138,Wa,0.1019,0.23727,0.42945
OG0010138,Wo,0.12291,0.30317,0.40542
OG0010138,Sp,0.02642,0.0233,1.13363
OG0010139,La,0.19022,0.12741,1.49294
OG0010139,Laeq,0.3612,0.21273,1.69797
OG0010139,Lgib,0.19005,0.19691,0.96514
OG0010139,Wa,0.1949,0.23744,0.82082
OG0010139,Sp,0.11281,0.06645,1.69771
OG0010140,La,0.05101,0.13833,0.36876
OG0010140,Laeq,0.09815,0.25634,0.38292
OG0010140,Lgib,0.06967,0.14332,0.48609
OG0010140,Wa,4.51061,0.22094,20.41538
OG0010140,Wo,14.49389,0.23598,61.42039
OG0010140,Sp,0.04817,0.09003,0.53505
OG0010141,La,0.0694,0.13445,0.51616
OG0010141,Laeq,0.20349,0.23006,0.88448
OG0010141,Lgib,0.12996,0.18031,0.72076
OG0010141,Wa,5.41947,0.21499,25.20823
OG0010141,Wo,0.36251,0.24973,1.45158
OG0010141,Sp,0.03996,0.02836,1.40908
OG0010143,La,0.2896,0.11082,2.61332
OG0010143,Laeq,0.59673,0.25131,2.37447
OG0010143,Lgib,0.38008,0.17707,2.14648
OG0010143,Wa,0.53437,0.24042,2.22263
OG0010143,Wo,0.64369,0.32344,1.9901
OG0010143,Sp,0.07575,0.0844,0.89753
OG0010145,La,0.06093,0.13142,0.46365
OG0010145,Laeq,0.08898,0.20981,0.42412
OG0010145,Lgib,0.07593,0.1635,0.4644
OG0010145,Wa,0.11864,0.18172,0.6529
OG0010145,Wo,0.20722,0.23946,0.86537
OG0010145,Sp,0.02492,0.04443,0.56082
OG0010146,La,7.77782,0.11277,68.97127
OG0010146,Lgib,8.1207,0.15955,50.89881
OG0010146,Wa,19.94625,0.21463,92.93462
OG0010146,Wo,7.93083,0.29294,27.07306
OG0010146,Sp,0.03107,0.02641,1.17656
OG0010149,La,0.09661,0.12411,0.77841
OG0010149,Laeq,0.21375,0.16046,1.33213
OG0010149,Lgib,4.5889,0.11756,39.0332
OG0010149,Wa,2.75911,0.14898,18.52059
OG0010149,Wo,0.19641,0.2254,0.87141
OG0010149,Sp,0.07821,0.0451,1.73418
OG0010150,La,439.23196,0.05713,7687.84165
OG0010150,Laeq,0.83738,0.19156,4.3714
OG0010150,Lgib,0.82242,0.14004,5.87253
OG0010150,Wa,1.35045,0.2163,6.24334
OG0010150,Wo,2.63944,0.31641,8.34192
OG0010150,Sp,0.18302,0.05848,3.12982
OG0010151,La,0.04897,0.15737,0.31116
OG0010151,Wa,0.07676,0.21279,0.36074
OG0010151,Wo,0.08573,0.21435,0.39995
OG0010151,Laeq,0.0671,0.20891,0.32119
OG0010151,Lgib,0.06089,0.16522,0.36854
OG0010151,Sp,0.01898,0.02035,0.93275
OG0010152,La,0.02635,0.21443,0.12287
OG0010152,Wa,0.04376,0.33627,0.13013
OG0010152,Wo,0.05932,0.38914,0.15243
OG0010152,Laeq,0.03618,0.26165,0.13829
OG0010152,Lgib,0.05307,0.21304,0.2491
OG0010152,Sp,0.00968,0.05295,0.18282
OG0010153,La,0.07756,0.11328,0.68466
OG0010153,Laeq,12.71901,0.20002,63.58867
OG0010153,Lgib,12.67817,0.17089,74.19008
OG0010153,Wa,6.48047,0.19303,33.57307
OG0010153,Wo,6.65235,0.20888,31.84729
OG0010153,Sp,0.04036,0.03876,1.0411
OG0010154,La,0.0652,0.25541,0.25526
OG0010154,Laeq,0.16103,0.25184,0.63939
OG0010154,Lgib,0.09054,0.24291,0.37274
OG0010154,Wa,0.08509,0.29394,0.28947
OG0010154,Wo,0.07226,0.30333,0.23823
OG0010154,Sp,0.01398,0.01004,1.39215
OG0010156,La,3.46117,0.12585,27.5021
OG0010156,Laeq,3.60471,0.29008,12.42652
OG0010156,Lgib,3.47061,0.18915,18.34846
OG0010156,Wa,11.34252,0.22902,49.5257
OG0010156,Wo,3.60385,0.26621,13.53776
OG0010156,Sp,0.04172,0.03504,1.19088
OG0010157,La,0.03884,0.1228,0.31628
OG0010157,Laeq,0.11176,0.28219,0.39606
OG0010157,Lgib,0.05755,0.23304,0.24694
OG0010157,Wa,0.08954,0.1708,0.52425
OG0010157,Wo,0.70569,0.20603,3.42512
OG0010157,Sp,5.74321,0.05975,96.12759
OG0010159,La,2.51843,0.12535,20.09186
OG0010159,Laeq,2.21143,0.18477,11.96882
OG0010159,Lgib,2.18996,0.14758,14.83941
OG0010159,Wa,2.27816,0.21723,10.48724
OG0010159,Wo,2.50055,0.31912,7.8358
OG0010159,Sp,0.02673,0.03985,0.67071
OG0010160,La,0.05445,0.09518,0.57208
OG0010160,Laeq,0.09116,0.13509,0.67481
OG0010160,Lgib,0.05364,0.14365,0.37345
OG0010160,Wa,0.07532,0.21609,0.34857
OG0010160,Wo,0.0778,0.24349,0.31951
OG0010160,Sp,0.03651,0.04677,0.7808
OG0010161,La,0.10487,0.1044,1.00448
OG0010161,Laeq,0.38941,0.16219,2.40093
OG0010161,Lgib,0.2397,0.1103,2.17323
OG0010161,Wa,0.26308,0.14098,1.86615
OG0010161,Wo,0.21989,0.19062,1.15354
OG0010161,Sp,0.06682,0.04256,1.56994
OG0010164,La,0.03106,0.10277,0.30219
OG0010164,Sp,0.02964,0.13853,0.21395
OG0010164,Wa,0.04969,0.23818,0.20861
OG0010164,Wo,0.26263,0.24919,1.05396
OG0010164,Laeq,0.05257,0.13442,0.39112
OG0010164,Lgib,0.0306,0.0616,0.4967
OG0010165,La,0.07137,0.1165,0.61264
OG0010165,Laeq,0.08342,0.22104,0.37739
OG0010165,Lgib,0.0818,0.24863,0.32902
OG0010165,Wa,0.14487,0.18244,0.79409
OG0010165,Wo,0.15378,0.2244,0.68529
OG0010165,Sp,0.02672,0.02994,0.89254
OG0010166,La,0.10135,0.07553,1.3419
OG0010166,Laeq,0.08928,0.17768,0.50245
OG0010166,Lgib,0.07809,0.1139,0.68559
OG0010166,Wa,0.06365,0.17169,0.37074
OG0010166,Wo,2.63515,0.22334,11.79868
OG0010166,Sp,0.04737,0.07006,0.67612
OG0010167,La,0.07586,0.12356,0.61392
OG0010167,Laeq,0.08289,0.18147,0.45678
OG0010167,Lgib,0.0816,0.14115,0.57807
OG0010167,Wa,0.08182,0.18918,0.43247
OG0010167,Wo,1.7274,0.24584,7.02647
OG0010167,Sp,0.05588,0.02729,2.04751
OG0010168,La,0.07578,0.09119,0.83095
OG0010168,Laeq,0.14843,0.19632,0.75609
OG0010168,Lgib,0.11198,0.15026,0.74525
OG0010168,Wa,0.12219,0.20499,0.59605
OG0010168,Wo,0.12551,0.22204,0.56526
OG0010168,Sp,0.01496,0.03797,0.39415
OG0010169,La,0.09317,0.10383,0.89731
OG0010169,Laeq,0.1097,0.26451,0.41475
OG0010169,Lgib,1.38769,0.16357,8.48391
OG0010169,Wa,9.92944,0.25748,38.56373
OG0010169,Wo,7.9876,0.39143,20.40597
OG0010169,Sp,0.09151,0.03474,2.63395
OG0010170,La,0.1504,0.20433,0.73609
OG0010170,Laeq,0.61359,0.33435,1.8352
OG0010170,Lgib,0.23627,0.22305,1.05926
OG0010170,Wa,12.06874,0.26231,46.00956
OG0010170,Wo,13.14024,0.31236,42.06716
OG0010170,Sp,0.05175,0.04358,1.18743
OG0010172,La,0.07436,0.14404,0.51626
OG0010172,Laeq,0.14416,0.24576,0.58659
OG0010172,Lgib,0.11155,0.21962,0.5079
OG0010172,Wa,0.15242,0.19212,0.79333
OG0010172,Wo,0.18947,0.27038,0.70075
OG0010172,Sp,0.05742,0.01159,4.95359
OG0010174,La,0.00184,0.13676,0.01345
OG0010174,Laeq,0.19539,0.17851,1.09458
OG0010174,Wa,0.01253,0.20418,0.06138
OG0010174,Wo,0.01422,0.244,0.05826
OG0010174,Lgib,0.01536,0.14449,0.10633
OG0010174,Sp,0.02852,0.02358,1.20975
OG0010176,La,0.11137,0.08934,1.24655
OG0010176,Laeq,0.11443,0.15753,0.7264
OG0010176,Lgib,4.12457,0.09743,42.33491
OG0010176,Wa,0.09784,0.18789,0.52075
OG0010176,Wo,4.24506,0.19572,21.68914
OG0010176,Sp,0.01725,0.0337,0.51199
OG0010177,La,0.16762,0.0992,1.68971
OG0010177,Laeq,0.13967,0.25981,0.53756
OG0010177,Lgib,0.50874,0.13615,3.73654
OG0010177,Wa,0.21908,0.21228,1.03203
OG0010177,Wo,0.20642,0.25542,0.80817
OG0010177,Sp,1.92835,0.02581,74.71491
OG0010178,La,0.08649,0.13654,0.63345
OG0010178,Wa,4.19792,0.18037,23.27373
OG0010178,Wo,0.14706,0.24054,0.61139
OG0010178,Laeq,0.12917,0.27847,0.46385
OG0010178,Lgib,0.09739,0.18957,0.51376
OG0010178,Sp,0.05809,0.05572,1.04257
OG0010179,La,0.04952,0.13982,0.35418
OG0010179,Laeq,0.09397,0.21193,0.44343
OG0010179,Lgib,0.08174,0.22329,0.36609
OG0010179,Wa,0.27207,0.18953,1.43551
OG0010179,Wo,0.11251,0.26728,0.42097
OG0010179,Sp,0.04912,0.06302,0.77941
OG0010182,La,0.08622,0.09962,0.86551
OG0010182,Laeq,0.09153,0.19723,0.4641
OG0010182,Lgib,0.07114,0.17863,0.39824
OG0010182,Wa,0.105,0.17941,0.58523
OG0010182,Wo,0.11543,0.16221,0.71161
OG0010182,Sp,0.02384,0.07249,0.32892
OG0010183,La,0.04367,0.08138,0.53662
OG0010183,Laeq,0.13236,0.19297,0.68589
OG0010183,Lgib,0.12112,0.15773,0.76787
OG0010183,Wa,0.0568,0.14972,0.37936
OG0010183,Wo,0.10632,0.34949,0.30422
OG0010183,Sp,0.03768,0.02956,1.27475
OG0010184,La,0.05103,0.12934,0.39454
OG0010184,Laeq,0.0956,0.21932,0.43591
OG0010184,Lgib,0.07607,0.15763,0.48261
OG0010184,Wa,4.532,0.19744,22.95425
OG0010184,Wo,4.57349,0.25043,18.26273
OG0010184,Sp,0.02166,0.03594,0.60285
OG0010185,La,2.46572,0.14625,16.85989
OG0010185,Laeq,0.09835,0.28515,0.34491
OG0010185,Lgib,0.07614,0.21915,0.34742
OG0010185,Sp,0.04748,0.17704,0.2682
OG0010185,Wa,0.09929,0.19233,0.51625
OG0010185,Wo,6.02628,0.27216,22.14261
OG0010186,La,0.05484,0.22136,0.24775
OG0010186,Laeq,17.5494,0.52861,33.19943
OG0010186,Lgib,5.24511,0.35825,14.64072
OG0010186,Wa,20.80727,0.36067,57.69009
OG0010186,Wo,20.74699,0.84958,24.42037
OG0010186,Sp,0.05843,0.03743,1.56103
OG0010189,La,0.1662,0.24953,0.66606
OG0010189,Lgib,0.20308,0.32359,0.62761
OG0010189,Wa,0.50287,0.34868,1.44218
OG0010189,Wo,54.06181,0.72724,74.33822
OG0010189,Sp,112.47335,0.11157,1008.07022
OG0010190,La,0.47846,0.12985,3.68487
OG0010190,Laeq,0.54048,0.23401,2.30965
OG0010190,Lgib,0.36006,0.19466,1.84972
OG0010190,Wa,0.56989,0.19207,2.96707
OG0010190,Wo,1.47696,0.23641,6.24754
OG0010190,Sp,0.0655,0.04719,1.38798
OG0010191,La,0.04294,0.14326,0.29974
OG0010191,Laeq,0.13437,0.28807,0.46644
OG0010191,Lgib,0.10929,0.3356,0.32567
OG0010191,Wa,0.08608,0.30593,0.28138
OG0010191,Wo,0.08095,0.42763,0.1893
OG0010191,Sp,0.13591,0.01147,11.85321
OG0010192,La,1.4011,0.13412,10.44696
OG0010192,Laeq,1.43264,0.27545,5.2011
OG0010192,Lgib,1.39536,0.20192,6.91037
OG0010192,Wa,1.0197,0.1763,5.78392
OG0010192,Wo,3.22619,0.26541,12.15564
OG0010192,Sp,0.10837,0.04117,2.63213
OG0010193,La,0.03056,0.1205,0.25356
OG0010193,Laeq,0.68366,0.24189,2.82636
OG0010193,Lgib,0.5787,0.22127,2.61542
OG0010193,Wa,0.03479,0.217,0.16034
OG0010193,Wo,0.04739,0.25473,0.18605
OG0010193,Sp,0.01771,0.05372,0.32973
OG0010194,La,0.12287,0.14641,0.83917
OG0010194,Laeq,0.13822,0.24728,0.55897
OG0010194,Lgib,0.11155,0.15792,0.70634
OG0010194,Wa,0.18917,0.20011,0.94532
OG0010194,Wo,0.23883,0.2739,0.87194
OG0010194,Sp,0.38745,0.0444,8.72632
OG0010195,La,0.05339,0.15652,0.34108
OG0010195,Laeq,0.09092,0.25462,0.35706
OG0010195,Lgib,2.2417,0.19894,11.26813
OG0010195,Wa,0.11916,0.24227,0.49184
OG0010195,Wo,0.08611,0.2606,0.33041
OG0010195,Sp,0.01938,0.03763,0.51496
OG0010197,La,0.19488,0.08922,2.18429
OG0010197,Laeq,0.20977,0.1927,1.08862
OG0010197,Lgib,0.33317,0.1503,2.21669
OG0010197,Wa,0.2484,0.16815,1.4772
OG0010197,Wo,0.20632,0.20895,0.98743
OG0010197,Sp,0.1121,0.0343,3.26841
OG0010198,La,0.15667,0.08597,1.82238
OG0010198,Laeq,0.36526,0.22763,1.60466
OG0010198,Lgib,0.14602,0.1519,0.96133
OG0010198,Wa,16.83771,0.1636,102.91786
OG0010198,Wo,24.24797,0.27136,89.35612
OG0010198,Sp,0.02776,0.07745,0.35843
OG0010199,La,0.08408,0.21586,0.38953
OG0010199,Wa,0.11039,0.31095,0.35502
OG0010199,Wo,0.10708,0.35708,0.29988
OG0010199,Laeq,0.07867,0.27935,0.2816
OG0010199,Lgib,0.08347,0.2398,0.34811
OG0010199,Sp,0.02129,0.0142,1.49945
OG0010200,La,0.15419,0.16204,0.95157
OG0010200,Laeq,0.21236,0.2724,0.77959
OG0010200,Lgib,0.16454,0.20115,0.81797
OG0010200,Wa,0.19242,0.17231,1.11676
OG0010200,Wo,0.23742,0.20525,1.15673
OG0010200,Sp,0.03699,0.05712,0.6475
OG0010201,La,0.02144,0.10592,0.20242
OG0010201,Laeq,0.29472,0.28611,1.03007
OG0010201,Lgib,0.295,0.20577,1.43361
OG0010201,Wa,0.04229,0.18393,0.22993
OG0010201,Wo,0.02749,0.24501,0.1122
OG0010201,Sp,0.00725,0.07876,0.09202
OG0010202,La,0.07982,0.14301,0.55817
OG0010202,Lgib,7.77124,0.2582,30.09824
OG0010202,Wa,0.10026,0.23621,0.42443
OG0010202,Wo,0.13918,0.26386,0.52747
OG0010202,Sp,0.00826,0.08999,0.0918
OG0010203,La,0.12444,0.10674,1.16575
OG0010203,Laeq,0.03872,0.16157,0.23962
OG0010203,Lgib,0.05398,0.13968,0.38642
OG0010203,Wa,0.05606,0.16893,0.33185
OG0010203,Wo,0.06392,0.21459,0.29786
OG0010203,Sp,0.0247,0.0348,0.70968
OG0010204,La,0.06535,0.09356,0.69847
OG0010204,Laeq,0.08159,0.1651,0.4942
OG0010204,Lgib,0.08529,0.16991,0.50198
OG0010204,Wa,0.08174,0.16983,0.48132
OG0010204,Wo,2.61251,0.19547,13.36494
OG0010204,Sp,0.012,0.03302,0.36332
OG0010205,La,0.06158,0.10783,0.57107
OG0010205,Laeq,2.41179,0.2409,10.01153
OG0010205,Lgib,2.30132,0.14892,15.45327
OG0010205,Wa,2.50184,0.2305,10.85387
OG0010205,Wo,2.93754,0.21734,13.51596
OG0010205,Sp,0.02763,0.05734,0.48178
OG0010206,La,0.0653,0.13188,0.49515
OG0010206,Laeq,0.0792,0.24171,0.32767
OG0010206,Lgib,0.07796,0.18568,0.41989
OG0010206,Wa,0.16797,0.23637,0.71064
OG0010206,Wo,1.22377,0.25227,4.85095
OG0010206,Sp,0.02476,0.02866,0.8639
OG0010207,La,0.20726,0.18676,1.10976
OG0010207,Laeq,0.25816,0.29111,0.88682
OG0010207,Lgib,1.60708,0.26452,6.07552
OG0010207,Wa,6.24205,0.24921,25.04713
OG0010207,Wo,6.15883,0.30065,20.48522
OG0010207,Sp,0.03131,0.03643,0.85956
OG0010208,La,0.08155,0.10242,0.7962
OG0010208,Laeq,0.35001,0.17315,2.02137
OG0010208,Lgib,0.30984,0.13028,2.37829
OG0010208,Wa,0.13243,0.14033,0.94376
OG0010208,Wo,0.16933,0.16177,1.04677
OG0010208,Sp,0.03285,0.04328,0.75895
OG0010211,Laeq,0.3188,0.28643,1.11301
OG0010211,Lgib,0.05765,0.14987,0.38465
OG0010211,Wa,0.06696,0.18315,0.36564
OG0010211,Wo,0.0768,0.22852,0.33607
OG0010211,Sp,0.04412,0.03251,1.35711
OG0010212,La,7.52226,0.05437,138.35063
OG0010212,Sp,2.37527,0.09826,24.17299
OG0010212,Laeq,4.76325,0.18462,25.80009
OG0010212,Lgib,4.75141,0.13256,35.84399
OG0010212,Wa,5.51928,0.1691,32.63879
OG0010212,Wo,5.08225,0.20074,25.31726
OG0010214,La,3.72848,0.11001,33.89174
OG0010214,Laeq,0.13953,0.2299,0.60689
OG0010214,Lgib,0.09114,0.15258,0.59736
OG0010214,Wa,0.12563,0.14838,0.84668
OG0010214,Wo,0.10649,0.13668,0.77908
OG0010214,Sp,0.0279,0.06389,0.4367
OG0010216,La,0.03633,0.10484,0.34658
OG0010216,Wa,0.07141,0.17556,0.40674
OG0010216,Wo,0.0901,0.19216,0.4689
OG0010216,Laeq,0.04288,0.18438,0.23256
OG0010216,Lgib,0.03145,0.13099,0.24008
OG0010216,Sp,0.21952,0.0492,4.46148
OG0010218,La,31.80771,0.06868,463.13593
OG0010218,Laeq,0.14711,0.14196,1.03631
OG0010218,Lgib,0.10259,0.14442,0.71038
OG0010218,Sp,0.53455,0.46737,1.14374
OG0010218,Wa,1.22044,0.13454,9.07126
OG0010218,Wo,16.39018,0.18394,89.10572
OG0010220,La,0.03388,0.14501,0.23365
OG0010220,Wa,4.1253,0.21815,18.91
OG0010220,Laeq,0.07446,0.27617,0.26961
OG0010220,Lgib,0.05274,0.18843,0.27988
OG0010220,Sp,0.00768,0.02437,0.31492
OG0010221,La,0.15316,0.11447,1.33807
OG0010221,Wa,0.21794,0.158,1.37934
OG0010221,Wo,2.51697,0.23818,10.5675
OG0010221,Laeq,0.19905,0.22965,0.86676
OG0010221,Lgib,0.11598,0.17672,0.65628
OG0010221,Sp,0.53447,0.04257,12.5541
OG0010223,La,0.54183,0.1722,3.14661
OG0010223,Wa,0.19688,0.25866,0.76117
OG0010223,Wo,0.21736,0.28073,0.77428
OG0010223,Laeq,0.13236,0.31001,0.42696
OG0010223,Lgib,0.12473,0.21129,0.59032
OG0010223,Sp,0.15908,0.03521,4.51774
OG0010224,La,16.05542,0.09856,162.90489
OG0010224,Laeq,5.96905,0.14944,39.94243
OG0010224,Lgib,5.93576,0.12807,46.3481
OG0010224,Wa,0.48217,0.16152,2.98511
OG0010224,Wo,4.50448,0.15952,28.23723
OG0010224,Sp,0.07551,0.05779,1.30672
OG0010226,La,0.15704,0.22441,0.6998
OG0010226,Laeq,0.20254,0.35599,0.56895
OG0010226,Lgib,4.38164,0.24776,17.6853
OG0010226,Wa,0.2017,0.23295,0.86588
OG0010226,Wo,1.0383,0.30689,3.38324
OG0010226,Sp,0.60823,0.01942,31.3141
OG0010227,La,0.02766,0.09878,0.28001
OG0010227,Wa,0.03615,0.14679,0.24631
OG0010227,Wo,0.03744,0.19609,0.19092
OG0010227,Laeq,0.04657,0.18578,0.25065
OG0010227,Lgib,1.70871,0.13258,12.88793
OG0010227,Sp,0.00928,0.05973,0.15538
OG0010229,La,0.30895,0.09878,3.12768
OG0010229,Laeq,0.19607,0.2012,0.97453
OG0010229,Lgib,32.04009,0.15973,200.59087
OG0010229,Wa,0.18553,0.18828,0.98538
OG0010229,Wo,0.20012,0.23889,0.83772
OG0010229,Sp,0.05396,0.03165,1.70524
OG0010230,La,0.0499,0.10501,0.4752
OG0010230,Laeq,1.49502,0.17582,8.50302
OG0010230,Lgib,1.46483,0.11925,12.28422
OG0010230,Wa,0.08729,0.23313,0.37441
OG0010230,Wo,0.11712,0.25647,0.45665
OG0010230,Sp,0.02094,0.04474,0.46814
OG0010232,La,0.04736,0.15981,0.29636
OG0010232,Laeq,0.08455,0.2251,0.37562
OG0010232,Lgib,0.0672,0.21026,0.31959
OG0010232,Wa,0.06926,0.25458,0.27208
OG0010232,Wo,6.30562,0.32272,19.53915
OG0010232,Sp,2.78156,0.02647,105.07992
OG0010235,La,0.06424,0.13027,0.49309
OG0010235,Lgib,0.28594,0.12549,2.2787
OG0010235,Wa,0.19819,0.21582,0.91834
OG0010235,Wo,0.26695,0.29079,0.91801
OG0010235,Sp,0.23173,0.02457,9.43285
OG0010237,La,0.0725,0.11372,0.6375
OG0010237,Laeq,0.52372,0.27515,1.90342
OG0010237,Lgib,0.17042,0.18242,0.93421
OG0010237,Wa,0.39097,0.27699,1.41149
OG0010237,Wo,5.76565,0.33218,17.3569
OG0010237,Sp,0.15363,0.04504,3.4107
OG0010238,La,0.22242,0.07304,3.04496
OG0010238,Laeq,35.64396,0.12293,289.95511
OG0010238,Lgib,41.76313,0.16065,259.97035
OG0010238,Sp,77.8257,0.12492,623.02288
OG0010238,Wa,73.4208,0.22136,331.67388
OG0010238,Wo,35.6924,0.14949,238.75912
OG0010240,La,0.09419,0.15519,0.60691
OG0010240,Laeq,0.81936,0.26883,3.04791
OG0010240,Lgib,0.07868,0.21124,0.37246
OG0010240,Wa,6.08701,0.28457,21.39033
OG0010240,Wo,0.21728,0.35693,0.60877
OG0010240,Sp,0.17257,0.04156,4.15198
OG0010241,La,4.51893,0.14071,32.11619
OG0010241,Laeq,4.71112,0.20179,23.34692
OG0010241,Lgib,7.89836,0.1636,48.27928
OG0010241,Wa,8.30315,0.19755,42.03058
OG0010241,Wo,4.77766,0.27651,17.27843
OG0010241,Sp,0.13679,0.03974,3.44218
OG0010243,La,0.27829,0.22045,1.26237
OG0010243,Lgib,0.26261,0.17484,1.50205
OG0010243,Laeq,6.73408,0.14566,46.23097
OG0010243,Sp,0.10225,0.20301,0.50368
OG0010243,Wa,2.31531,0.06857,33.7657
OG0010244,La,0.04067,0.1317,0.30879
OG0010244,Laeq,0.09207,0.26647,0.34552
OG0010244,Lgib,0.05616,0.18792,0.29886
OG0010244,Wa,0.07498,0.23343,0.32121
OG0010244,Wo,0.38437,0.30832,1.24666
OG0010244,Sp,0.04928,0.05732,0.85978
OG0010245,La,0.09603,0.10535,0.91153
OG0010245,Laeq,0.12471,0.16586,0.75187
OG0010245,Lgib,0.13541,0.11741,1.15329
OG0010245,Wa,0.12298,0.1906,0.64521
OG0010245,Wo,0.47578,0.18254,2.60652
OG0010245,Sp,0.02726,0.02615,1.04228
OG0010246,La,0.5186,0.19488,2.6611
OG0010246,Laeq,3.79612,0.23659,16.04496
OG0010246,Lgib,0.55802,0.25398,2.19712
OG0010246,Wa,0.44394,0.22287,1.99197
OG0010246,Wo,0.46102,0.23475,1.96389
OG0010246,Sp,0.01944,0.02471,0.78669
OG0010247,La,0.05156,0.08637,0.59693
OG0010247,Laeq,0.11647,0.18799,0.61957
OG0010247,Lgib,0.08852,0.14306,0.61876
OG0010247,Wa,0.12988,0.21388,0.60724
OG0010247,Wo,0.2077,0.17156,1.21063
OG0010247,Sp,0.01226,0.03315,0.36993
OG0010248,La,0.03678,0.16607,0.2215
OG0010248,Laeq,0.0709,0.23192,0.30572
OG0010248,Lgib,0.06087,0.18784,0.32406
OG0010248,Wa,0.05722,0.23823,0.24018
OG0010248,Wo,0.05972,0.2278,0.26214
OG0010248,Sp,0.01771,0.04265,0.41522
OG0010249,La,0.1403,0.14883,0.94264
OG0010249,Laeq,0.19535,0.30475,0.64102
OG0010249,Lgib,44.25548,0.28076,157.62804
OG0010249,Wa,0.26996,0.25328,1.06586
OG0010249,Wo,0.9296,0.27933,3.32802
OG0010249,Sp,0.07863,0.01317,5.96889
OG0010251,La,0.12478,0.06128,2.03628
OG0010251,Wa,0.06754,0.12892,0.5239
OG0010251,Wo,0.08507,0.19886,0.42776
OG0010251,Laeq,0.10556,0.14546,0.72575
OG0010251,Lgib,4.19803,0.1115,37.64906
OG0010252,La,0.0542,0.11945,0.45372
OG0010252,Lgib,0.19553,0.15446,1.26594
OG0010252,Wa,0.1748,0.22022,0.79373
OG0010252,Wo,0.33997,0.26351,1.29016
OG0010252,Sp,0.09659,0.053,1.82229
OG0010254,La,0.19199,0.12808,1.49898
OG0010254,Wa,0.06705,0.20817,0.32207
OG0010254,Wo,0.05716,0.23749,0.24067
OG0010254,Laeq,1.34211,0.19331,6.94288
OG0010254,Lgib,0.0557,0.16583,0.33586
OG0010254,Sp,0.01127,0.02541,0.44372
OG0010256,La,0.08516,0.16907,0.50371
OG0010256,Laeq,0.1638,0.26869,0.60964
OG0010256,Lgib,0.1085,0.19872,0.54597
OG0010256,Wa,0.44099,0.20725,2.12778
OG0010256,Wo,0.2539,0.24736,1.02647
OG0010256,Sp,0.02108,0.03136,0.67209
OG0010257,La,0.01916,0.1424,0.13454
OG0010257,Wa,0.02743,0.21863,0.12546
OG0010257,Wo,0.02678,0.25497,0.10503
OG0010257,Laeq,0.03084,0.26267,0.11741
OG0010257,Lgib,0.02652,0.2275,0.11656
OG0010257,Sp,0.00583,0.02966,0.19646
OG0010259,La,0.12084,0.14891,0.81146
OG0010259,Laeq,2.37596,0.22122,10.74027
OG0010259,Lgib,2.37637,0.16118,14.74388
OG0010259,Wa,0.15736,0.18256,0.86194
OG0010259,Wo,0.17792,0.21499,0.82759
OG0010259,Sp,0.0481,0.03886,1.23759
OG0010264,La,0.08874,0.16074,0.55208
OG0010264,Laeq,0.17535,0.2363,0.74205
OG0010264,Lgib,0.1451,0.18287,0.79347
OG0010264,Wa,2.31329,0.19712,11.73535
OG0010264,Wo,4.63127,0.22055,20.99899
OG0010264,Sp,0.01912,0.02493,0.767
OG0010265,La,0.18507,0.14857,1.24571
OG0010265,Laeq,0.23264,0.28262,0.82315
OG0010265,Lgib,0.22213,0.14417,1.54073
OG0010265,Wa,2765.96671,0.20414,13549.43308
OG0010265,Wo,2766.70883,0.19503,14186.36337
OG0010265,Sp,0.05245,0.02103,2.49364
OG0010266,La,1.68323,0.12211,13.78404
OG0010266,Laeq,1.72269,0.17813,9.67093
OG0010266,Lgib,1.69206,0.14345,11.79563
OG0010266,Wa,1.70744,0.17383,9.82261
OG0010266,Wo,1.71908,0.19275,8.91857
OG0010266,Sp,0.02523,0.02949,0.8556
OG0010267,La,0.04302,0.09974,0.43134
OG0010267,Laeq,0.06072,0.15625,0.38864
OG0010267,Lgib,0.03921,0.10344,0.379
OG0010267,Wa,0.08552,0.15388,0.55577
OG0010267,Wo,0.0895,0.20623,0.434
OG0010267,Sp,0.01806,0.03683,0.49039
OG0010269,La,0.04147,0.08392,0.49411
OG0010269,Wa,3.49694,0.15037,23.25554
OG0010269,Wo,0.25012,0.1937,1.2913
OG0010269,Lgib,0.05205,0.133,0.39134
OG0010269,Sp,0.16983,0.06138,2.76686
OG0010270,La,0.11924,0.12694,0.93932
OG0010270,Laeq,0.12757,0.1943,0.65659
OG0010270,Lgib,0.12073,0.16214,0.74462
OG0010270,Wa,0.21466,0.17379,1.23521
OG0010270,Wo,0.26978,0.26921,1.00211
OG0010270,Sp,0.0252,0.04289,0.58757
OG0010271,La,0.09411,0.12282,0.76626
OG0010271,Laeq,3.11126,0.24092,12.91423
OG0010271,Lgib,0.10404,0.17811,0.58414
OG0010271,Wa,2.53182,0.18516,13.67345
OG0010271,Wo,0.49169,0.2247,2.18821
OG0010271,Sp,0.0542,0.05409,1.002
OG0010273,La,0.03202,0.19914,0.16082
OG0010273,Laeq,0.06545,0.34811,0.18801
OG0010273,Lgib,0.06058,0.23488,0.25793
OG0010273,Wa,0.05818,0.28625,0.20325
OG0010273,Wo,0.07422,0.33662,0.22049
OG0010273,Sp,0.01717,0.06499,0.26427
OG0010275,La,0.08088,0.16779,0.482
OG0010275,Laeq,3.26829,0.28571,11.43932
OG0010275,Lgib,0.17391,0.24551,0.70836
OG0010275,Wa,0.47146,0.25697,1.83469
OG0010275,Wo,0.62576,0.28423,2.20157
OG0010275,Sp,0.09127,0.05277,1.7296
OG0010277,La,0.06575,0.165,0.39847
OG0010277,Laeq,5.59666,0.36392,15.37884
OG0010277,Lgib,0.18003,0.32898,0.54722
OG0010277,Wa,0.14038,0.33521,0.41877
OG0010277,Wo,0.26585,0.5448,0.48797
OG0010277,Sp,0.02096,0.01445,1.45048
OG0010279,La,4.77979,0.07271,65.74205
OG0010279,Laeq,4.87247,0.2014,24.1927
OG0010279,Lgib,4.80437,0.17106,28.0851
OG0010279,Wa,4.88995,0.18058,27.07935
OG0010279,Wo,4.99168,0.23003,21.69975
OG0010279,Sp,8.93094,0.05485,162.81335
OG0010280,La,0.22711,0.11481,1.97813
OG0010280,Wa,1.1882,0.15731,7.55334
OG0010280,Wo,0.38323,0.18619,2.05823
OG0010280,Laeq,0.31121,0.17257,1.80341
OG0010280,Lgib,0.22988,0.13704,1.67745
OG0010280,Sp,0.02542,0.03846,0.66103
OG0010285,La,0.09559,0.14729,0.64899
OG0010285,Wa,0.17131,0.18585,0.92176
OG0010285,Wo,0.24116,0.20222,1.19254
OG0010285,Laeq,0.20065,0.27401,0.73229
OG0010285,Lgib,0.75894,0.17323,4.38115
OG0010285,Sp,0.04057,0.01859,2.18301
OG0010286,La,0.10138,0.14854,0.68254
OG0010286,Laeq,2.03136,0.43325,4.68869
OG0010286,Lgib,1.90908,0.20664,9.2385
OG0010286,Wa,0.47342,0.21794,2.17225
OG0010286,Wo,0.37833,0.34762,1.08832
OG0010286,Sp,0.10575,0.04481,2.3602
OG0010287,La,0.06742,0.19071,0.35352
OG0010287,Sp,25.64658,0.08731,293.74802
OG0010287,Laeq,0.12746,0.22046,0.57815
OG0010287,Lgib,0.10222,0.14335,0.71311
OG0010287,Wa,0.08169,0.2067,0.39521
OG0010287,Wo,0.15689,0.25949,0.60462
OG0010288,La,0.04624,0.13077,0.35361
OG0010288,Laeq,0.0789,0.24819,0.31789
OG0010288,Lgib,0.05694,0.19633,0.29004
OG0010288,Wa,0.11094,0.21726,0.51063
OG0010288,Wo,0.10524,0.23276,0.45212
OG0010288,Sp,0.28149,0.03676,7.65733
OG0010289,La,1.78221,0.16038,11.11208
OG0010289,Laeq,0.11179,0.31427,0.35572
OG0010289,Lgib,4.9891,0.32266,15.4624
OG0010289,Wa,0.12233,0.30814,0.397
OG0010289,Wo,0.15098,0.32434,0.4655
OG0010289,Sp,0.27084,0.06676,4.05718
OG0010290,La,0.05599,0.09858,0.56796
OG0010290,Laeq,1.60161,0.16915,9.46834
OG0010290,Lgib,0.05799,0.1704,0.34035
OG0010290,Wa,0.06486,0.13264,0.48898
OG0010290,Wo,0.07643,0.16204,0.47169
OG0010290,Sp,0.01512,0.02325,0.6505
OG0010291,La,0.09124,0.15434,0.59118
OG0010291,Laeq,0.10681,0.21665,0.49301
OG0010291,Lgib,0.08062,0.22395,0.35998
OG0010291,Wa,0.10309,0.21887,0.471
OG0010291,Wo,0.19682,0.23149,0.85023
OG0010291,Sp,0.02054,0.03225,0.63686
OG0010292,La,0.62977,0.24387,2.58241
OG0010292,Laeq,0.84736,0.36534,2.31938
OG0010292,Lgib,0.82144,0.28339,2.89866
OG0010292,Wa,1.2841,0.39512,3.24992
OG0010292,Wo,0.68875,0.44711,1.54045
OG0010292,Sp,0.06579,0.05406,1.2171
OG0010293,La,0.05786,0.14165,0.40847
OG0010293,Laeq,0.11392,0.23191,0.49122
OG0010293,Lgib,0.19472,0.16536,1.17752
OG0010293,Wa,0.07166,0.14709,0.48719
OG0010293,Wo,0.09237,0.19524,0.47312
OG0010293,Sp,0.01497,0.06703,0.22331
OG0010295,La,0.08784,0.10788,0.81421
OG0010295,Laeq,4.54719,0.22225,20.45955
OG0010295,Wa,1057.90913,0.22318,4740.05948
OG0010295,Wo,1070.22409,0.26823,3989.94333
OG0010295,Lgib,0.1016,0.2062,0.49275
OG0010295,Sp,0.03618,0.07957,0.45474
OG0010296,La,0.03218,0.10502,0.3064
OG0010296,Laeq,0.05496,0.14839,0.37037
OG0010296,Lgib,0.05656,0.14708,0.38452
OG0010296,Wa,0.05548,0.16198,0.34249
OG0010296,Wo,0.06055,0.17106,0.35394
OG0010296,Sp,0.00838,0.03831,0.21875
OG0010298,Laeq,0.04694,0.21328,0.22008
OG0010298,Lgib,0.12173,0.1849,0.65835
OG0010298,Wa,0.06832,0.2035,0.33573
OG0010298,Wo,0.16142,0.20185,0.79973
OG0010298,Sp,0.94248,0.03267,28.84507
OG0010302,La,0.04618,0.11544,0.40005
OG0010302,Laeq,0.0454,0.19066,0.23815
OG0010302,Lgib,0.07074,0.14079,0.50244
OG0010302,Wa,0.06474,0.1564,0.41391
OG0010302,Wo,0.08241,0.2035,0.40499
OG0010302,Sp,0.02704,0.0332,0.81442
OG0010303,La,0.06101,0.13713,0.44486
OG0010303,Laeq,0.14494,0.21709,0.66763
OG0010303,Lgib,0.06538,0.18666,0.35027
OG0010303,Wa,1.73729,0.16624,10.45077
OG0010303,Wo,1.75257,0.19669,8.9104
OG0010303,Sp,0.00984,0.03775,0.26057
OG0010304,La,0.0183,0.12815,0.14282
OG0010304,Laeq,0.04615,0.23241,0.19857
OG0010304,Lgib,0.0236,0.15412,0.1531
OG0010304,Wa,0.03537,0.17791,0.19879
OG0010304,Wo,0.0602,0.21371,0.2817
OG0010304,Sp,0.00508,0.03772,0.13454
OG0010305,La,0.06437,0.1393,0.46211
OG0010305,Wa,0.10052,0.2375,0.42326
OG0010305,Wo,0.0853,0.27967,0.305
OG0010305,Laeq,0.06017,0.26272,0.22904
OG0010305,Lgib,0.04294,0.1691,0.25391
OG0010305,Sp,0.01612,0.04826,0.33408
OG0010307,La,0.07028,0.17256,0.40725
OG0010307,Laeq,1.89192,0.21898,8.63962
OG0010307,Lgib,0.10082,0.22688,0.44436
OG0010307,Wa,1.4928,0.18964,7.87157
OG0010307,Wo,0.10894,0.21677,0.50257
OG0010307,Sp,0.01598,0.03627,0.44043
OG0010308,La,0.07612,0.09425,0.80767
OG0010308,Laeq,0.16884,0.19984,0.84487
OG0010308,Lgib,0.07656,0.18352,0.41719
OG0010308,Wa,0.1341,0.17585,0.76261
OG0010308,Wo,0.15364,0.23517,0.6533
OG0010308,Sp,0.02349,0.04529,0.5186
OG0010309,La,0.04316,0.11542,0.37391
OG0010309,Laeq,0.08229,0.22129,0.37185
OG0010309,Lgib,0.04163,0.153,0.27208
OG0010309,Wa,0.05246,0.19181,0.2735
OG0010309,Wo,0.08123,0.20326,0.39962
OG0010309,Sp,0.00994,0.04287,0.23189
OG0010310,La,0.21291,0.12643,1.68398
OG0010310,Laeq,14.62836,0.35638,41.04692
OG0010310,Lgib,7.05926,0.21659,32.59337
OG0010310,Wa,0.59373,0.20912,2.83913
OG0010310,Wo,2.03981,0.23644,8.62702
OG0010310,Sp,2.67584,0.09091,29.43535
OG0010311,La,0.04931,0.09401,0.52457
OG0010311,Laeq,0.2276,0.30768,0.73974
OG0010311,Lgib,0.09705,0.21728,0.44665
OG0010311,Wa,4.53308,0.1869,24.25383
OG0010311,Wo,1.6185,0.30833,5.24915
OG0010311,Sp,0.02597,0.07961,0.32624
OG0010312,La,24.55553,0.14436,170.09729
OG0010312,Wa,20.34288,0.20888,97.39011
OG0010312,Wo,20.37231,0.26362,77.28016
OG0010312,Laeq,0.80726,0.28052,2.87777
OG0010312,Lgib,7.27004,0.20334,35.75382
OG0010312,Sp,0.03948,0.02932,1.34648
OG0010314,La,0.14656,0.18561,0.78961
OG0010314,Laeq,0.01906,0.43742,0.04357
OG0010314,Lgib,0.01658,0.29248,0.05668
OG0010314,Wa,0.04862,0.2317,0.20985
OG0010314,Sp,0.00498,0.04438,0.1123
OG0010315,La,0.06191,0.23941,0.25861
OG0010315,Laeq,0.12705,0.34799,0.36509
OG0010315,Lgib,0.11396,0.28321,0.40238
OG0010315,Wa,0.3606,0.23203,1.55409
OG0010315,Wo,0.2253,0.28904,0.77946
OG0010315,Sp,0.01438,0.05101,0.28192
OG0010316,La,0.07704,0.15031,0.51252
OG0010316,Laeq,0.16224,0.23011,0.70507
OG0010316,Lgib,2.85601,0.15814,18.05989
OG0010316,Wa,0.16015,0.27703,0.5781
OG0010316,Wo,0.19828,0.34456,0.57546
OG0010316,Sp,0.0216,0.01736,1.24402
OG0010319,La,0.81396,0.22147,3.67517
OG0010319,Laeq,5.7528,0.4089,14.06892
OG0010319,Lgib,4.46289,0.31171,14.31745
OG0010319,Wa,0.73432,0.23545,3.11884
OG0010319,Wo,0.7758,0.27096,2.86313
OG0010319,Sp,0.01428,0.02077,0.68737
OG0010321,La,0.16325,0.12286,1.32876
OG0010321,Laeq,0.26326,0.18369,1.43315
OG0010321,Lgib,0.22614,0.16095,1.40502
OG0010321,Wa,0.1825,0.18202,1.00266
OG0010321,Wo,0.23897,0.19878,1.20219
OG0010321,Sp,0.03307,0.03567,0.927
OG0010324,La,0.09534,0.10342,0.92189
OG0010324,Laeq,0.13838,0.16752,0.82603
OG0010324,Lgib,0.11409,0.1578,0.723
OG0010324,Wa,0.13122,0.18158,0.72265
OG0010324,Wo,0.14504,0.19834,0.73124
OG0010324,Sp,0.02947,0.03388,0.87008
OG0010325,La,0.15869,0.12126,1.30862
OG0010325,Laeq,0.21664,0.15591,1.38959
OG0010325,Lgib,0.20385,0.19019,1.07185
OG0010325,Wa,0.18229,0.14827,1.22948
OG0010325,Wo,0.23256,0.18545,1.25407
OG0010325,Sp,0.66348,0.06043,10.97946
OG0010326,La,0.0476,0.18091,0.26311
OG0010326,Wa,0.05066,0.19018,0.26639
OG0010326,Laeq,0.03205,0.19249,0.16649
OG0010326,Lgib,0.04536,0.14361,0.31588
OG0010326,Sp,0.00934,0.05457,0.17113
OG0010328,La,0.11069,0.24743,0.44738
OG0010328,Laeq,0.23025,0.41113,0.56006
OG0010328,Lgib,0.13466,0.30144,0.44672
OG0010328,Wa,0.18303,0.38538,0.47494
OG0010328,Wo,0.32667,0.51014,0.64035
OG0010328,Sp,0.04935,0.03027,1.63021
OG0010329,La,0.04667,0.19785,0.23587
OG0010329,Laeq,0.05909,0.29822,0.19814
OG0010329,Lgib,0.04399,0.20028,0.21962
OG0010329,Wa,0.04504,0.24749,0.18199
OG0010329,Wo,0.05268,0.38461,0.13696
OG0010329,Sp,0.05629,0.05891,0.9555
OG0010333,La,0.25653,0.10139,2.53012
OG0010333,Laeq,0.06547,0.26341,0.24857
OG0010333,Lgib,0.06704,0.18767,0.3572
OG0010333,Wa,3.64933,0.26254,13.90025
OG0010333,Wo,3.63296,0.41843,8.68241
OG0010333,Sp,41.84408,0.11719,357.06182
OG0010336,La,0.05321,0.13861,0.38386
OG0010336,Wa,0.07254,0.16805,0.43168
OG0010336,Wo,0.19275,0.20219,0.95331
OG0010336,Laeq,0.05638,0.22958,0.24556
OG0010336,Lgib,0.03643,0.16511,0.22065
OG0010336,Sp,0.00889,0.03717,0.23921
OG0010338,La,0.06124,0.11532,0.53103
OG0010338,Laeq,0.10474,0.27554,0.38013
OG0010338,Lgib,0.07662,0.26612,0.28791
OG0010338,Wa,5.00238,0.25845,19.35516
OG0010338,Wo,5.01472,0.27191,18.44277
OG0010338,Sp,0.01917,0.04422,0.43346
OG0010339,La,0.12333,0.11245,1.09676
OG0010339,Laeq,0.14842,0.24615,0.60298
OG0010339,Lgib,0.12231,0.20982,0.58296
OG0010339,Wa,0.18024,0.25369,0.71049
OG0010339,Wo,0.20997,0.36175,0.58044
OG0010339,Sp,6.0086,0.0356,168.79214
OG0010341,La,0.07017,0.09432,0.74392
OG0010341,Laeq,0.12896,0.2015,0.63997
OG0010341,Lgib,0.08287,0.14644,0.56592
OG0010341,Wa,0.0834,0.15454,0.53969
OG0010341,Wo,0.07421,0.1948,0.38093
OG0010341,Sp,0.03466,0.03345,1.03619
OG0010342,La,0.10115,0.11071,0.91371
OG0010342,Wa,0.09825,0.19224,0.5111
OG0010342,Wo,0.08923,0.2075,0.43003
OG0010342,Laeq,0.1082,0.18481,0.58548
OG0010342,Lgib,0.1449,0.16513,0.87751
OG0010342,Sp,4.04412,0.02883,140.27011
OG0010344,La,8.66949,0.09956,87.08071
OG0010344,Laeq,0.1659,0.30254,0.54835
OG0010344,Lgib,0.09112,0.12425,0.73339
OG0010344,Wa,0.20673,0.22933,0.90146
OG0010344,Wo,0.26548,0.40452,0.65629
OG0010344,Sp,0.0358,0.06012,0.59555
OG0010345,La,1.04054,0.11207,9.28499
OG0010345,Laeq,1.07549,0.17167,6.26467
OG0010345,Lgib,1.04913,0.12947,8.10335
OG0010345,Wa,2.79904,0.15235,18.37294
OG0010345,Wo,1.16652,0.16649,7.00671
OG0010345,Sp,0.0138,0.04706,0.29321
OG0010346,La,0.06444,0.14418,0.44698
OG0010346,Wa,0.08788,0.2372,0.37051
OG0010346,Wo,0.08813,0.2589,0.34039
OG0010346,Laeq,0.43374,0.26489,1.63743
OG0010346,Lgib,0.13663,0.2237,0.61076
OG0010346,Sp,0.07166,0.03964,1.80788
OG0010350,La,0.29398,0.12724,2.31039
OG0010350,Laeq,0.35254,0.25364,1.38995
OG0010350,Lgib,1.18079,0.18521,6.37557
OG0010350,Wa,3.44423,0.27332,12.60152
OG0010350,Wo,3.90647,0.29854,13.08545
OG0010350,Sp,0.19375,0.03366,5.75709
OG0010351,La,8.2746,0.13973,59.21985
OG0010351,Lgib,1141.70876,0.15289,7467.59065
OG0010351,Wa,8.34295,0.16744,49.82513
OG0010351,Wo,8.49941,0.17885,47.52222
OG0010351,Sp,0.03954,0.03915,1.00991
OG0010352,La,0.08999,0.14323,0.62832
OG0010352,Laeq,3.01198,0.2314,13.01642
OG0010352,Lgib,0.31598,0.20939,1.50908
OG0010352,Wa,0.19276,0.26061,0.73963
OG0010352,Wo,0.19662,0.24797,0.7929
OG0010352,Sp,0.16557,0.04173,3.96821
OG0010353,La,5.49883,0.2033,27.04745
OG0010353,Laeq,0.12475,0.30483,0.40925
OG0010353,Lgib,0.1062,0.33583,0.31622
OG0010353,Wa,0.10906,0.28308,0.38525
OG0010353,Wo,0.11944,0.32104,0.37204
OG0010353,Sp,0.10496,0.03514,2.98694
OG0010356,La,0.01509,0.0839,0.17989
OG0010356,Laeq,0.05428,0.24693,0.21982
OG0010356,Wa,0.03875,0.16583,0.23366
OG0010356,Wo,0.0552,0.21125,0.26132
OG0010356,Lgib,0.03425,0.10541,0.32489
OG0010356,Sp,0.01327,0.04617,0.28744
OG0010357,La,0.02041,0.2257,0.09045
OG0010357,Laeq,0.06867,0.36548,0.18788
OG0010357,Lgib,0.0729,0.34088,0.21385
OG0010357,Wa,0.25593,0.40849,0.62653
OG0010357,Wo,0.28693,0.48464,0.59205
OG0010357,Sp,1.38964,0.03507,39.62739
OG0010358,La,0.19902,0.16239,1.22553
OG0010358,Laeq,0.38945,0.28852,1.34983
OG0010358,Lgib,0.27228,0.25315,1.07554
OG0010358,Wa,7.41377,0.24688,30.02942
OG0010358,Wo,0.32584,0.408,0.79863
OG0010358,Sp,0.63839,0.05509,11.5884
OG0010359,La,0.51227,0.10961,4.67359
OG0010359,Sp,14.8889,0.18814,79.13532
OG0010359,Laeq,0.1816,0.32829,0.55317
OG0010359,Lgib,0.11736,0.17652,0.66487
OG0010359,Wa,0.16206,0.20496,0.7907
OG0010359,Wo,0.26275,0.39077,0.6724
OG0010362,La,0.08629,0.12017,0.71806
OG0010362,Laeq,5.09893,0.20996,24.28509
OG0010362,Lgib,2.16151,0.20205,10.69769
OG0010362,Wa,0.1074,0.24461,0.43908
OG0010362,Wo,0.1158,0.26619,0.43502
OG0010362,Sp,0.03745,0.0602,0.62217
OG0010363,La,0.07547,0.15628,0.48291
OG0010363,Wa,0.09804,0.13808,0.70999
OG0010363,Wo,3.52673,0.18444,19.12092
OG0010363,Laeq,0.11345,0.18973,0.59799
OG0010363,Lgib,0.11432,0.18044,0.63358
OG0010363,Sp,0.30364,0.08908,3.4086
OG0010364,La,0.10261,0.07428,1.38149
OG0010364,Laeq,4.20462,0.19792,21.24405
OG0010364,Lgib,2.13333,0.13061,16.33383
OG0010364,Wa,5.0317,0.16754,30.03317
OG0010364,Wo,5.1551,0.198,26.03639
OG0010364,Sp,0.08178,0.04158,1.9668
OG0010365,La,0.10515,0.15127,0.69507
OG0010365,Laeq,0.20897,0.24766,0.84375
OG0010365,Lgib,0.17137,0.26776,0.64001
OG0010365,Wa,9.6092,0.26935,35.67575
OG0010365,Wo,4.28677,0.33331,12.86141
OG0010365,Sp,0.04433,0.02752,1.61052
OG0010366,La,1.16268,0.11203,10.37813
OG0010366,Laeq,1.21624,0.21609,5.6285
OG0010366,Lgib,1.19472,0.18088,6.605
OG0010366,Wa,1.20701,0.16983,7.10712
OG0010366,Wo,1.39246,0.19313,7.20988
OG0010366,Sp,0.00764,0.01235,0.61828
OG0010367,La,3.84093,0.13561,28.32409
OG0010367,Laeq,5.85037,0.22148,26.41454
OG0010367,Lgib,0.08123,0.2028,0.40055
OG0010367,Wa,1.22464,0.20358,6.01562
OG0010367,Wo,0.07554,0.23324,0.32385
OG0010367,Sp,0.01553,0.04854,0.31998
OG0010368,La,0.04194,0.13685,0.30647
OG0010368,Wa,0.07463,0.19981,0.37352
OG0010368,Wo,0.06602,0.21873,0.30182
OG0010368,Laeq,0.06383,0.20306,0.31434
OG0010368,Lgib,0.04727,0.17333,0.27271
OG0010368,Sp,0.01632,0.03232,0.505
OG0010372,La,1.97539,0.10729,18.41232
OG0010372,Laeq,2.35721,0.16124,14.61967
OG0010372,Lgib,2.04089,0.14829,13.76266
OG0010372,Wa,5.75069,0.17927,32.07879
OG0010372,Wo,5.80552,0.19475,29.81085
OG0010372,Sp,0.13382,0.04706,2.84385
OG0010376,La,0.16503,0.12522,1.31793
OG0010376,Lgib,0.08855,0.19717,0.44911
OG0010376,Wa,0.46679,0.32726,1.42635
OG0010376,Wo,0.67679,0.51707,1.30888
OG0010376,Sp,0.02616,0.04146,0.63089
OG0010377,La,0.01366,0.12357,0.11056
OG0010377,Sp,0.03637,0.08172,0.4451
OG0010377,Laeq,0.14543,0.21129,0.68827
OG0010377,Lgib,0.02625,0.17481,0.15017
OG0010377,Wa,0.03778,0.16975,0.22257
OG0010377,Wo,3.8159,0.15205,25.09648
OG0010378,La,0.23941,0.09008,2.65773
OG0010378,Lgib,3.02671,0.09114,33.20842
OG0010378,Sp,3.14736,0.05049,62.33831
OG0010378,Wa,0.05115,0.0977,0.52356
OG0010378,Wo,0.0441,0.16502,0.26722
OG0010379,La,0.07667,0.13702,0.55954
OG0010379,Laeq,0.10786,0.22758,0.47396
OG0010379,Lgib,0.0724,0.1582,0.45768
OG0010379,Wa,0.10104,0.19138,0.52795
OG0010379,Wo,0.11014,0.23373,0.47124
OG0010379,Sp,11.76705,0.0268,439.12226
OG0010380,La,0.0272,0.13647,0.19935
OG0010380,Laeq,0.04598,0.17416,0.26398
OG0010380,Lgib,0.02437,0.16414,0.14849
OG0010380,Wa,0.04023,0.16442,0.24467
OG0010380,Wo,0.05065,0.208,0.24353
OG0010380,Sp,0.01374,0.01965,0.69963
OG0010381,Laeq,0.07246,0.19464,0.37228
OG0010381,Lgib,0.06886,0.17249,0.39921
OG0010381,Wa,0.08757,0.1869,0.46853
OG0010381,Wo,0.22647,0.20034,1.13045
OG0010381,Sp,0.01347,0.01525,0.88314
OG0010383,La,0.23633,0.12241,1.9306
OG0010383,Wa,0.35595,0.27079,1.31448
OG0010383,Wo,0.45452,0.29131,1.56029
OG0010383,Laeq,10.06066,0.23312,43.15628
OG0010383,Lgib,3.44271,0.14854,23.17714
OG0010383,Sp,0.03001,0.03387,0.88611
OG0010386,La,0.15989,0.10873,1.47057
OG0010386,Laeq,10.41784,0.18046,57.72851
OG0010386,Lgib,0.44849,0.1451,3.09085
OG0010386,Wa,8.16395,0.14837,55.02316
OG0010386,Wo,12.57618,0.18764,67.02408
OG0010386,Sp,0.02262,0.06263,0.36116
OG0010387,La,0.04727,0.0651,0.72608
OG0010387,Laeq,8.14095,0.27793,29.29124
OG0010387,Wa,9.06104,0.3762,24.08559
OG0010387,Wo,8.74767,0.48943,17.87326
OG0010387,Lgib,0.138,0.15589,0.8852
OG0010387,Sp,3.08604,0.05687,54.26854
OG0010389,La,11.73964,0.24266,48.37856
OG0010389,Laeq,0.19948,0.4494,0.44389
OG0010389,Lgib,0.11702,0.32312,0.36215
OG0010389,Sp,0.05616,0.19813,0.28343
OG0010389,Wa,1.06254,0.1594,6.66579
OG0010389,Wo,0.2913,0.4136,0.7043
OG0010390,La,0.06636,0.13689,0.48479
OG0010390,Laeq,0.12146,0.17784,0.68294
OG0010390,Lgib,0.0622,0.13407,0.46398
OG0010390,Wa,0.12691,0.15534,0.81701
OG0010390,Wo,0.14136,0.21494,0.65767
OG0010390,Sp,22.39405,0.03678,608.80083
OG0010391,La,0.07326,0.15698,0.46671
OG0010391,Laeq,7.06678,0.205,34.47186
OG0010391,Lgib,0.08364,0.18306,0.45687
OG0010391,Wa,0.0904,0.15191,0.5951
OG0010391,Wo,0.11041,0.22402,0.49283
OG0010391,Sp,8.15463,0.03404,239.57125
OG0010392,La,0.03584,0.1006,0.35624
OG0010392,Laeq,0.03207,0.17044,0.18815
OG0010392,Lgib,0.02951,0.19182,0.15385
OG0010392,Wa,0.0202,0.19701,0.10254
OG0010392,Wo,0.02829,0.21392,0.13224
OG0010392,Sp,0.00806,0.02593,0.31093
OG0010393,La,0.17,0.13356,1.27281
OG0010393,Laeq,0.28215,0.35266,0.80007
OG0010393,Lgib,0.23239,0.28057,0.82828
OG0010393,Wa,0.24704,0.31105,0.79424
OG0010393,Wo,0.34555,0.40203,0.85952
OG0010393,Sp,0.03973,0.03882,1.02361
OG0010396,La,0.0868,0.10054,0.86333
OG0010396,Sp,0.08009,0.12615,0.63489
OG0010396,Laeq,0.08539,0.2296,0.37191
OG0010396,Lgib,0.06853,0.209,0.32792
OG0010396,Wa,0.0915,0.09059,1.00999
OG0010396,Wo,0.12783,0.13555,0.94303
OG0010397,La,0.1018,0.12685,0.80251
OG0010397,Laeq,0.10471,0.16836,0.62191
OG0010397,Lgib,0.11887,0.13607,0.87357
OG0010397,Wa,20.35448,0.15058,135.17744
OG0010397,Wo,0.24298,0.22175,1.09574
OG0010397,Sp,0.03887,0.0382,1.01743
OG0010398,La,0.04282,0.13206,0.32426
OG0010398,Laeq,1.83455,0.17857,10.27383
OG0010398,Lgib,0.07007,0.16584,0.42251
OG0010398,Wa,1.22877,0.20771,5.91582
OG0010398,Wo,0.08397,0.24683,0.34021
OG0010398,Sp,0.01716,0.0281,0.6105
OG0010399,La,9.35784,0.12961,72.19974
OG0010399,Wa,0.15639,0.21391,0.73107
OG0010399,Wo,0.21011,0.31602,0.66488
OG0010399,Laeq,0.16251,0.21582,0.753
OG0010399,Lgib,0.12141,0.17874,0.67927
OG0010399,Sp,0.05314,0.05728,0.92774
OG0010400,La,0.04787,0.07537,0.63515
OG0010400,Laeq,0.11486,0.12563,0.9143
OG0010400,Lgib,0.04636,0.11658,0.39771
OG0010400,Wa,0.06261,0.17134,0.3654
OG0010400,Wo,0.07799,0.20047,0.38904
OG0010400,Sp,0.00956,0.02913,0.3281
OG0010401,La,0.02546,0.13127,0.19396
OG0010401,Laeq,0.05672,0.26476,0.21421
OG0010401,Lgib,0.04852,0.18935,0.25622
OG0010401,Wa,0.04135,0.23163,0.17851
OG0010401,Wo,0.28331,0.33764,0.8391
OG0010401,Sp,0.0068,0.06795,0.10014
OG0010402,La,4.80457,0.12812,37.50055
OG0010402,Laeq,4.5668,0.28293,16.14109
OG0010402,Lgib,13.39285,0.21356,62.71291
OG0010402,Wa,0.47209,0.23907,1.97468
OG0010402,Wo,8.389,0.42045,19.95225
OG0010402,Sp,3.89702,0.06574,59.28253
OG0010403,La,0.08447,0.15609,0.54112
OG0010403,Laeq,0.16138,0.30364,0.53148
OG0010403,Lgib,0.12272,0.19866,0.61772
OG0010403,Wa,0.15077,0.244,0.61791
OG0010403,Wo,0.22326,0.29082,0.76769
OG0010403,Sp,0.055,0.06538,0.84125
OG0010404,La,0.03872,0.10156,0.38126
OG0010404,Laeq,0.0547,0.15259,0.35851
OG0010404,Lgib,0.04525,0.1258,0.35968
OG0010404,Wa,0.06879,0.14618,0.47057
OG0010404,Wo,0.05815,0.15831,0.36733
OG0010404,Sp,0.0094,0.04227,0.22228
OG0010405,La,0.04996,0.11011,0.45371
OG0010405,Laeq,0.0673,0.15099,0.4457
OG0010405,Lgib,0.05504,0.12254,0.44914
OG0010405,Wa,0.06089,0.18552,0.32822
OG0010405,Wo,0.16919,0.22461,0.75323
OG0010405,Sp,0.92617,0.02629,35.23243
OG0010406,La,0.05088,0.05605,0.90774
OG0010406,Laeq,0.1568,0.17433,0.89946
OG0010406,Lgib,0.1489,0.13246,1.12416
OG0010406,Wa,0.75064,0.25047,2.99694
OG0010406,Wo,0.76535,0.25732,2.9743
OG0010406,Sp,0.58859,0.1174,5.01351
OG0010407,La,0.0305,0.10626,0.28703
OG0010407,Laeq,0.06612,0.15832,0.41762
OG0010407,Lgib,0.04115,0.13689,0.30056
OG0010407,Wa,0.0578,0.17784,0.32499
OG0010407,Wo,0.19666,0.21789,0.90255
OG0010407,Sp,0.01668,0.0373,0.44728
OG0010409,La,0.0499,0.13702,0.36418
OG0010409,Laeq,0.0797,0.21917,0.36367
OG0010409,Lgib,0.07,0.16482,0.42473
OG0010409,Wa,180.01725,0.23775,757.16964
OG0010409,Wo,180.05447,0.24292,741.21279
OG0010409,Sp,0.01852,0.03696,0.50103
OG0010410,La,0.11995,0.12192,0.98382
OG0010410,Laeq,0.10499,0.20034,0.52406
OG0010410,Lgib,0.08746,0.17378,0.50326
OG0010410,Wa,0.20083,0.22555,0.89041
OG0010410,Wo,0.16596,0.27411,0.60546
OG0010410,Sp,0.02355,0.01634,1.44163
OG0010411,La,0.07007,0.08691,0.80623
OG0010411,Laeq,0.12193,0.21382,0.57026
OG0010411,Lgib,0.06738,0.22068,0.30533
OG0010411,Wa,16.39306,0.26602,61.62383
OG0010411,Wo,16.42888,0.30154,54.48332
OG0010411,Sp,0.02098,0.02381,0.88105
OG0010412,Laeq,0.07376,0.15972,0.46181
OG0010412,Lgib,3.03291,0.14026,21.62289
OG0010412,Wa,0.2436,0.20183,1.20699
OG0010412,Wo,0.1869,0.22033,0.84828
OG0010412,Sp,0.02737,0.02228,1.22839
OG0010413,La,0.10174,0.14018,0.72579
OG0010413,Laeq,0.1699,0.29881,0.56861
OG0010413,Lgib,0.13521,0.22573,0.599
OG0010413,Wa,11.57718,0.34087,33.96325
OG0010413,Wo,0.45463,0.42512,1.06943
OG0010413,Sp,0.0539,0.03276,1.64526
OG0010415,La,5.41188,0.12693,42.63761
OG0010415,Laeq,6.3521,0.20792,30.55108
OG0010415,Lgib,6.33093,0.20745,30.51803
OG0010415,Wa,6.3317,0.23181,27.31364
OG0010415,Wo,6.37529,0.25536,24.96581
OG0010415,Sp,0.02888,0.02598,1.11145
OG0010416,La,0.08909,0.11301,0.78833
OG0010416,Laeq,0.28354,0.22747,1.24651
OG0010416,Lgib,0.13257,0.16531,0.80193
OG0010416,Wa,383.63094,0.21026,1824.58621
OG0010416,Wo,8.18589,0.21,38.98003
OG0010416,Sp,0.03686,0.05236,0.704
OG0010419,La,0.07922,0.16956,0.46718
OG0010419,Laeq,0.23442,0.22809,1.02772
OG0010419,Lgib,0.1548,0.1472,1.05165
OG0010419,Wa,0.20126,0.28932,0.69563
OG0010419,Wo,0.19687,0.26599,0.74013
OG0010419,Sp,0.11718,0.01136,10.31424
OG0010421,La,0.04118,0.0901,0.45709
OG0010421,Laeq,0.10685,0.16852,0.63406
OG0010421,Lgib,0.81745,0.13174,6.20478
OG0010421,Wa,0.08959,0.15152,0.59129
OG0010421,Wo,0.27121,0.18771,1.44485
OG0010421,Sp,0.06114,0.03802,1.60811
OG0010424,La,0.10764,0.12825,0.8393
OG0010424,Laeq,2.5937,0.2074,12.50585
OG0010424,Lgib,0.11166,0.15618,0.71497
OG0010424,Wa,0.16008,0.1985,0.80643
OG0010424,Wo,0.1779,0.18532,0.95996
OG0010424,Sp,0.02963,0.03077,0.96296
OG0010425,La,0.11428,0.11071,1.03227
OG0010425,Laeq,0.35256,0.18493,1.90646
OG0010425,Lgib,0.11102,0.15022,0.73904
OG0010425,Wa,0.17302,0.19705,0.87807
OG0010425,Wo,0.21114,0.26948,0.7835
OG0010425,Sp,0.05825,0.06001,0.97064
OG0010426,La,0.05281,0.11477,0.46012
OG0010426,Lgib,0.4166,0.15357,2.7128
OG0010426,Wa,0.077,0.25755,0.29895
OG0010426,Wo,0.09735,0.35989,0.27049
OG0010426,Sp,0.0408,0.05674,0.71903
OG0010428,La,6.99315,0.08752,79.90119
OG0010428,Laeq,0.13708,0.22792,0.60143
OG0010428,Lgib,0.15029,0.18166,0.82732
OG0010428,Wa,0.19844,0.3445,0.57603
OG0010428,Wo,0.23529,0.39644,0.5935
OG0010428,Sp,0.90395,0.05508,16.41237
OG0010430,La,0.03805,0.09133,0.41668
OG0010430,Laeq,0.07722,0.13771,0.56074
OG0010430,Lgib,0.10715,0.14962,0.71616
OG0010430,Wa,0.18726,0.17044,1.0987
OG0010430,Wo,0.27741,0.18617,1.49009
OG0010430,Sp,0.02426,0.04574,0.53032
OG0010431,La,4.72894,0.108,43.78735
OG0010431,Wa,0.16098,0.1888,0.85264
OG0010431,Wo,3.14674,0.1817,17.31831
OG0010431,Laeq,2.85674,0.20572,13.88637
OG0010431,Lgib,8.52521,0.15897,53.62705
OG0010431,Sp,0.03082,0.02053,1.50157
OG0010432,La,0.07716,0.10808,0.7139
OG0010432,Laeq,6.10355,0.20332,30.01911
OG0010432,Lgib,5.94425,0.12766,46.5648
OG0010432,Wa,0.76807,0.21848,3.51549
OG0010432,Wo,0.78051,0.24457,3.19139
OG0010432,Sp,0.2003,0.12082,1.65779
OG0010433,La,0.06697,0.11019,0.60779
OG0010433,Laeq,0.24109,0.32435,0.74331
OG0010433,Lgib,0.11391,0.1734,0.65692
OG0010433,Wa,0.79892,0.33618,2.3765
OG0010433,Wo,0.4737,0.44641,1.06113
OG0010433,Sp,0.03266,0.04861,0.67172
OG0010434,La,0.02414,0.15869,0.15215
OG0010434,Laeq,1.01168,0.25459,3.9738
OG0010434,Lgib,0.06774,0.20789,0.32582
OG0010434,Wa,0.74713,0.24179,3.08993
OG0010434,Wo,0.05729,0.25256,0.22686
OG0010434,Sp,0.00527,0.01646,0.32025
OG0010436,La,0.15658,0.15498,1.01034
OG0010436,Laeq,0.29427,0.26401,1.11459
OG0010436,Lgib,0.28493,0.26341,1.08171
OG0010436,Wa,0.305,0.38077,0.801
OG0010436,Wo,0.35194,0.40607,0.86671
OG0010436,Sp,0.07375,0.04621,1.59581
OG0010437,La,3.11532,0.08011,38.88986
OG0010437,Lgib,0.17851,0.1506,1.18537
OG0010437,Wa,5.90096,0.20701,28.50542
OG0010437,Wo,5.98755,0.20283,29.52002
OG0010437,Sp,0.03602,0.08696,0.4142
OG0010438,La,0.06334,0.11336,0.55873
OG0010438,Laeq,0.05093,0.21375,0.23829
OG0010438,Lgib,0.04164,0.16001,0.26025
OG0010438,Wa,1.54938,0.15888,9.75201
OG0010438,Wo,0.04517,0.1932,0.23382
OG0010438,Sp,0.00902,0.04113,0.21925
OG0010439,La,0.0449,0.09049,0.4962
OG0010439,Laeq,0.09541,0.22132,0.43108
OG0010439,Lgib,0.07487,0.18777,0.39874
OG0010439,Wa,6.64395,0.20567,32.30394
OG0010439,Wo,0.17891,0.25665,0.6971
OG0010439,Sp,0.01473,0.07809,0.18864
OG0010440,La,0.07164,0.12021,0.59593
OG0010440,Laeq,0.12634,0.20605,0.61316
OG0010440,Lgib,2.87927,0.14751,19.51968
OG0010440,Wa,0.33287,0.21253,1.56628
OG0010440,Wo,0.3535,0.26964,1.31097
OG0010440,Sp,0.03295,0.05562,0.59245
OG0010442,La,8.46699,0.1052,80.48502
OG0010442,Lgib,8.43599,0.18715,45.07642
OG0010442,Wa,8.46126,0.24357,34.73918
OG0010442,Wo,8.56091,0.31979,26.77042
OG0010442,Sp,0.05366,0.04936,1.08709
OG0010443,Laeq,1.14971,0.46004,2.49915
OG0010443,Lgib,2.80156,0.3485,8.03882
OG0010443,Wa,0.29285,0.33978,0.86189
OG0010443,Wo,1.11793,0.3909,2.85987
OG0010443,Sp,0.05479,0.03213,1.70504
OG0010444,La,0.19297,0.1797,1.07386
OG0010444,Laeq,114.52714,0.23553,486.25482
OG0010444,Lgib,114.44415,0.22363,511.74825
OG0010444,Wa,114.55363,0.23322,491.18574
OG0010444,Wo,114.61938,0.26011,440.65665
OG0010444,Sp,0.03196,0.07527,0.42457
OG0010445,La,0.20166,0.14696,1.37216
OG0010445,Laeq,4.60712,0.22602,20.38325
OG0010445,Lgib,0.88972,0.21189,4.19902
OG0010445,Wa,0.21997,0.21041,1.04542
OG0010445,Wo,11.34066,0.2231,50.83126
OG0010445,Sp,0.00362,0.03705,0.09779
OG0010447,Laeq,0.08903,0.25637,0.34728
OG0010447,Lgib,4.39491,0.18244,24.08909
OG0010447,Wa,1.49447,0.2167,6.89633
OG0010447,Wo,1.68884,0.30779,5.48696
OG0010447,Sp,0.0129,0.05476,0.2356
OG0010448,La,1.11013,0.1523,7.28909
OG0010448,Laeq,11.65981,0.24586,47.42382
OG0010448,Lgib,13.4389,0.1722,78.04356
OG0010448,Wa,0.29959,0.24851,1.20553
OG0010448,Sp,0.11081,0.06069,1.82576
OG0010450,La,0.0739,0.13316,0.55502
OG0010450,Laeq,0.01434,0.1946,0.07366
OG0010450,Lgib,0.01139,0.19425,0.05861
OG0010450,Wa,0.01514,0.197,0.07684
OG0010450,Wo,0.01853,0.1901,0.09746
OG0010450,Sp,0.00322,0.05198,0.06202
OG0010451,La,0.06249,0.08135,0.76818
OG0010451,Laeq,0.08749,0.16256,0.53816
OG0010451,Lgib,31.02009,0.12487,248.41908
OG0010451,Wa,0.57073,0.12832,4.44763
OG0010451,Sp,0.5125,0.04631,11.06789
OG0010452,La,0.14189,0.10377,1.36738
OG0010452,Wa,0.1589,0.21503,0.73894
OG0010452,Wo,0.36676,0.28546,1.28481
OG0010452,Laeq,0.11055,0.18917,0.5844
OG0010452,Lgib,0.09931,0.14323,0.69336
OG0010452,Sp,0.02596,0.03217,0.80691
OG0010453,La,0.11087,0.1139,0.97337
OG0010453,Laeq,0.06934,0.23549,0.29444
OG0010453,Lgib,0.16631,0.2132,0.7801
OG0010453,Wa,0.06185,0.28978,0.21345
OG0010453,Wo,0.14336,0.30708,0.46684
OG0010453,Sp,0.01709,0.04738,0.36068
OG0010454,La,0.1487,0.08695,1.71005
OG0010454,Laeq,0.21215,0.34157,0.62109
OG0010454,Lgib,0.17174,0.3203,0.53617
OG0010454,Wa,1.09748,0.2139,5.13073
OG0010454,Wo,0.70629,0.33595,2.10236
OG0010454,Sp,0.04165,0.09232,0.45109
OG0010455,La,0.08179,0.18469,0.44286
OG0010455,Laeq,0.11999,0.29469,0.40719
OG0010455,Lgib,0.07576,0.21157,0.35809
OG0010455,Wa,0.21112,0.22685,0.93064
OG0010455,Wo,0.42707,0.26768,1.59546
OG0010455,Sp,11.84505,0.05149,230.06406
OG0010456,La,0.31398,0.10983,2.85888
OG0010456,Laeq,0.39674,0.27722,1.43116
OG0010456,Lgib,0.63366,0.14262,4.44286
OG0010456,Wa,2.73576,0.18834,14.52553
OG0010456,Wo,3.98971,0.31431,12.69357
OG0010456,Sp,0.02934,0.06636,0.4422
OG0010457,La,427.84109,0.13157,3251.78389
OG0010457,Laeq,428.03199,0.21117,2026.95975
OG0010457,Lgib,428.5486,0.17084,2508.47391
OG0010457,Wa,2100.28421,0.13268,15829.23952
OG0010457,Wo,427.87317,0.28793,1486.05413
OG0010457,Sp,0.30032,0.09364,3.20734
OG0010458,La,0.08213,0.10851,0.75689
OG0010458,Laeq,0.19573,0.24493,0.79911
OG0010458,Lgib,0.11517,0.13198,0.8726
OG0010458,Wa,0.19244,0.23455,0.82046
OG0010458,Wo,0.40822,0.29817,1.36906
OG0010458,Sp,0.03039,0.06782,0.44806
OG0010459,La,0.0178,0.11489,0.15492
OG0010459,Laeq,0.04317,0.19865,0.21733
OG0010459,Lgib,0.013,0.17844,0.07284
OG0010459,Wa,0.1003,0.14413,0.6959
OG0010459,Wo,0.21905,0.19598,1.1177
OG0010459,Sp,0.01749,0.03467,0.50451
OG0010461,La,0.05538,0.1051,0.52687
OG0010461,Laeq,0.07836,0.22097,0.35461
OG0010461,Lgib,0.10436,0.19642,0.53128
OG0010461,Wa,0.13459,0.19167,0.7022
OG0010461,Wo,0.10375,0.24459,0.42418
OG0010461,Sp,0.02093,0.03241,0.64558
OG0010462,La,0.07494,0.08586,0.87287
OG0010462,Laeq,0.25105,0.33016,0.7604
OG0010462,Lgib,0.15633,0.13578,1.15133
OG0010462,Wa,1.9818,0.20806,9.52528
OG0010462,Wo,0.23016,0.25127,0.91598
OG0010462,Sp,0.03111,0.0762,0.40824
OG0010463,La,0.0465,0.11945,0.38927
OG0010463,Laeq,0.15653,0.27987,0.55928
OG0010463,Lgib,1.24764,0.16477,7.57201
OG0010463,Wa,0.14822,0.16816,0.88145
OG0010463,Wo,0.20818,0.21815,0.9543
OG0010463,Sp,0.02246,0.05882,0.38194
OG0010464,La,0.0941,0.07386,1.27406
OG0010464,Laeq,138.76009,0.20151,688.61045
OG0010464,Wa,518.99882,0.14951,3471.33138
OG0010464,Wo,138.95359,0.36849,377.08467
OG0010464,Lgib,0.15694,0.10244,1.53206
OG0010464,Sp,0.13579,0.06643,2.04392
OG0010467,La,0.49338,0.16965,2.90829
OG0010467,Sp,0.46977,0.1508,3.11516
OG0010467,Wa,0.14227,0.22267,0.63891
OG0010467,Wo,0.16104,0.30865,0.52175
OG0010467,Laeq,0.09758,0.19245,0.50702
OG0010467,Lgib,11.97833,0.12863,93.11971
OG0010468,La,0.10067,0.1022,0.985
OG0010468,Wa,0.12178,0.12336,0.98718
OG0010468,Wo,0.13692,0.16628,0.82343
OG0010468,Laeq,0.16653,0.12761,1.30491
OG0010468,Lgib,0.11361,0.12397,0.91644
OG0010468,Sp,0.0272,0.03883,0.7006
OG0010469,La,0.08342,0.13545,0.61584
OG0010469,Laeq,64.97507,0.29487,220.34864
OG0010469,Wa,0.37543,0.15679,2.39443
OG0010469,Wo,0.43711,0.25563,1.70995
OG0010469,Lgib,14.06442,0.25488,55.18014
OG0010469,Sp,0.03685,0.02872,1.28307
OG0010470,La,0.09862,0.10603,0.93012
OG0010470,Laeq,1.61563,0.18066,8.94274
OG0010470,Lgib,0.10038,0.12046,0.83335
OG0010470,Wa,0.12299,0.15077,0.8158
OG0010470,Wo,1.12177,0.18906,5.93331
OG0010470,Sp,0.00954,0.0306,0.31162
OG0010471,La,0.01772,0.11766,0.15063
OG0010471,Laeq,0.0701,0.34176,0.20511
OG0010471,Lgib,0.02991,0.29948,0.09987
OG0010471,Wa,0.33823,0.34405,0.98307
OG0010471,Wo,1.7125,0.50839,3.36846
OG0010471,Sp,0.01082,0.05096,0.21229
OG0010473,La,1.25905,0.10203,12.3403
OG0010473,Wa,0.11211,0.16803,0.66723
OG0010473,Wo,4.37979,0.21529,20.34406
OG0010473,Laeq,1.13617,0.19056,5.96228
OG0010473,Lgib,1.13217,0.11111,10.18942
OG0010473,Sp,0.12425,0.08216,1.51225
OG0010474,La,0.63435,0.10097,6.28224
OG0010474,Lgib,0.729,0.12733,5.72515
OG0010474,Wa,0.63339,0.12573,5.03773
OG0010474,Wo,0.66008,0.17851,3.69777
OG0010474,Sp,0.00696,0.03945,0.17653
OG0010475,La,3.38099,0.14028,24.1015
OG0010475,Laeq,0.61661,0.19274,3.19916
OG0010475,Lgib,1.93707,0.15902,12.18104
OG0010475,Wa,2.52154,0.16521,15.26256
OG0010475,Wo,2.53595,0.17651,14.36749
OG0010475,Sp,0.02241,0.07272,0.30821
OG0010476,La,0.12852,0.08791,1.46193
OG0010476,Laeq,0.08214,0.19564,0.41988
OG0010476,Lgib,0.08244,0.12757,0.64626
OG0010476,Wa,7.79823,0.2048,38.07742
OG0010476,Wo,7.88096,0.19757,39.88906
OG0010476,Sp,0.02243,0.03519,0.63752
OG0010477,La,0.12692,0.21324,0.59519
OG0010477,Sp,0.08571,0.14643,0.58534
OG0010477,Laeq,8.04986,0.22087,36.4468
OG0010477,Wa,0.5648,0.18863,2.99421
OG0010477,Wo,0.67174,0.31696,2.11932
OG0010477,Lgib,0.22363,0.18875,1.18482
OG0010478,La,0.03725,0.10743,0.34675
OG0010478,Laeq,0.06415,0.30565,0.20989
OG0010478,Lgib,0.04991,0.20588,0.24242
OG0010478,Wa,4.15058,0.28691,14.46655
OG0010478,Wo,19.23656,0.38832,49.53789
OG0010478,Sp,0.04414,0.02132,2.07098
OG0010479,La,0.21361,0.1682,1.26996
OG0010479,Laeq,0.24348,0.24349,0.99993
OG0010479,Lgib,0.21001,0.1959,1.072
OG0010479,Wa,5.00505,0.19332,25.88976
OG0010479,Wo,5.35801,0.25624,20.91011
OG0010479,Sp,0.0665,0.03866,1.72016
OG0010480,La,6.65152,0.11467,58.00685
OG0010480,Laeq,0.08938,0.15169,0.58919
OG0010480,Lgib,0.08596,0.15086,0.56977
OG0010480,Wa,0.0834,0.19599,0.42553
OG0010480,Wo,0.19306,0.19177,1.0067
OG0010480,Sp,0.01723,0.05276,0.32658
OG0010482,La,0.04923,0.08797,0.55959
OG0010482,Laeq,5.88245,0.14362,40.95762
OG0010482,Lgib,5.87072,0.12341,47.57129
OG0010482,Wa,0.06632,0.15468,0.42873
OG0010482,Wo,0.10112,0.18733,0.53978
OG0010482,Sp,0.0096,0.02508,0.38289
OG0010486,La,0.0912,0.11286,0.80804
OG0010486,Laeq,0.14882,0.1425,1.04436
OG0010486,Lgib,0.10285,0.12237,0.84053
OG0010486,Wa,2.88636,0.14861,19.4218
OG0010486,Wo,4.93127,0.15596,31.61832
OG0010486,Sp,10.05022,0.0462,217.52259
OG0010487,La,5.32049,0.11358,46.84473
OG0010487,Laeq,5.40729,0.27955,19.34299
OG0010487,Lgib,7.38493,0.17408,42.42219
OG0010487,Wa,8.81649,0.25831,34.13148
OG0010487,Wo,16.34255,0.28349,57.64736
OG0010487,Sp,8.4626,0.07693,110.00568
OG0010488,La,0.18818,0.14652,1.2843
OG0010488,Wa,0.39993,0.22468,1.77997
OG0010488,Wo,0.27784,0.25299,1.09822
OG0010488,Laeq,0.23569,0.21236,1.10984
OG0010488,Lgib,0.17511,0.17485,1.00152
OG0010488,Sp,0.30044,0.08559,3.51011
OG0010490,La,0.09786,0.13194,0.74169
OG0010490,Laeq,0.18415,0.25905,0.71086
OG0010490,Lgib,0.14014,0.16382,0.85548
OG0010490,Wa,3.10133,0.19097,16.2403
OG0010490,Wo,0.56425,0.31175,1.80997
OG0010490,Sp,0.03331,0.09139,0.36452
OG0010491,La,0.30364,0.14136,2.14801
OG0010491,Laeq,0.62269,0.20892,2.98053
OG0010491,Lgib,25.53174,0.14756,173.02379
OG0010491,Wa,0.3546,0.21757,1.62982
OG0010491,Wo,0.63795,0.21035,3.03284
OG0010491,Sp,0.04985,0.03077,1.62017
OG0010492,La,0.0441,0.03503,1.25896
OG0010492,Laeq,2.03085,0.30446,6.67033
OG0010492,Lgib,1.97279,0.2076,9.50285
OG0010492,Sp,1.804,0.14471,12.46649
OG0010492,Wa,165.37321,0.20194,818.91221
OG0010492,Wo,0.11823,0.28286,0.418
OG0010493,La,0.01246,0.17427,0.0715
OG0010493,Lgib,0.01984,0.13739,0.14437
OG0010493,Wa,0.03561,0.10215,0.34865
OG0010493,Wo,0.02371,0.18349,0.12923
OG0010493,Sp,0.00406,0.0405,0.10017
OG0010494,La,0.069,0.08566,0.80547
OG0010494,Laeq,0.24887,0.14681,1.69521
OG0010494,Lgib,0.22014,0.12498,1.76144
OG0010494,Wa,0.17851,0.16626,1.07372
OG0010494,Wo,26.76384,0.20107,133.10431
OG0010498,La,0.03338,0.13294,0.25108
OG0010498,Laeq,0.08302,0.20257,0.40986
OG0010498,Lgib,0.06332,0.16616,0.38109
OG0010498,Wa,2.29971,0.17735,12.96699
OG0010498,Wo,0.09503,0.1963,0.48413
OG0010498,Sp,0.02049,0.03362,0.60951
OG0010499,La,0.28994,0.17183,1.68738
OG0010499,Laeq,0.37149,0.26394,1.40748
OG0010499,Lgib,0.33608,0.21984,1.52873
OG0010499,Wa,2.95654,0.20512,14.41384
OG0010499,Wo,0.36702,0.23188,1.58283
OG0010499,Sp,0.04927,0.03464,1.42227
OG0010500,La,0.07085,0.11779,0.60149
OG0010500,Laeq,0.12766,0.17749,0.71927
OG0010500,Lgib,0.45942,0.12515,3.67105
OG0010500,Wa,0.13751,0.18975,0.72468
OG0010500,Wo,0.18342,0.19545,0.93843
OG0010500,Sp,0.20117,0.05349,3.76056
OG0010501,La,0.00523,0.16153,0.03236
OG0010501,Sp,0.00721,0.20306,0.03551
OG0010501,Laeq,0.04534,0.2817,0.16096
OG0010501,Wa,0.03785,0.32371,0.11691
OG0010501,Wo,0.03584,0.48479,0.07393
OG0010501,Lgib,0.01936,0.15812,0.12242
OG0010503,La,0.11143,0.13177,0.84567
OG0010503,Laeq,0.14572,0.2523,0.57758
OG0010503,Lgib,6.09009,0.19123,31.8463
OG0010503,Wa,0.15891,0.19445,0.81724
OG0010503,Wo,0.17148,0.25265,0.67871
OG0010503,Sp,0.04564,0.05879,0.77635
OG0010504,La,0.16399,0.08997,1.82282
OG0010504,Laeq,0.19703,0.2288,0.86114
OG0010504,Lgib,0.22816,0.19883,1.14752
OG0010504,Wa,0.38903,0.27172,1.43172
OG0010504,Wo,0.3211,0.31371,1.02356
OG0010504,Sp,0.14143,0.05576,2.5363
OG0010506,La,0.09531,0.06527,1.46024
OG0010506,Wa,0.15846,0.12803,1.23762
OG0010506,Wo,22.83503,0.16523,138.20317
OG0010506,Laeq,9.34564,0.13218,70.70618
OG0010506,Lgib,9.2832,0.12129,76.53942
OG0010506,Sp,0.77442,0.04118,18.80471
OG0010509,La,0.29483,0.15314,1.92522
OG0010509,Wa,0.11124,0.19137,0.58129
OG0010509,Wo,0.10932,0.20431,0.53507
OG0010509,Laeq,0.06613,0.18386,0.35965
OG0010509,Lgib,0.05999,0.16608,0.3612
OG0010509,Sp,0.02051,0.03209,0.63919
OG0010510,La,0.05584,0.10512,0.53119
OG0010510,Laeq,0.07387,0.18627,0.3966
OG0010510,Lgib,0.05044,0.19068,0.26453
OG0010510,Wa,0.06093,0.16483,0.36964
OG0010510,Wo,0.05755,0.20797,0.27671
OG0010510,Sp,0.03617,0.05636,0.6417
OG0010511,La,0.07547,0.1256,0.60084
OG0010511,Laeq,0.16579,0.22069,0.75124
OG0010511,Lgib,0.203,0.14233,1.42628
OG0010511,Wa,0.23877,0.1953,1.22256
OG0010511,Wo,0.23766,0.17422,1.36415
OG0010511,Sp,0.02615,0.06823,0.38327
OG0010514,La,0.03798,0.15539,0.24441
OG0010514,Wa,0.75208,0.23995,3.13436
OG0010514,Wo,0.34332,0.35291,0.97283
OG0010514,Sp,1.35569,0.16968,7.98984
OG0010514,Laeq,0.04269,0.12965,0.32926
OG0010514,Lgib,0.03314,0.11052,0.29986
OG0010515,La,0.11148,0.11189,0.99641
OG0010515,Laeq,0.21213,0.24768,0.85645
OG0010515,Lgib,0.11515,0.17612,0.65385
OG0010515,Wa,0.16885,0.23341,0.72339
OG0010515,Wo,1.7398,0.30011,5.7972
OG0010515,Sp,0.03809,0.03754,1.01458
OG0010516,La,1.9081,0.13668,13.95993
OG0010516,Laeq,0.17767,0.23273,0.7634
OG0010516,Lgib,0.14828,0.18438,0.80422
OG0010516,Wa,1.619,0.17974,9.00731
OG0010516,Wo,0.22827,0.20476,1.11484
OG0010516,Sp,0.03251,0.03065,1.06059
OG0010517,La,0.21967,0.13079,1.67949
OG0010517,Wa,6.99599,0.21119,33.12616
OG0010517,Wo,1104.88594,0.2504,4412.4193
OG0010517,Laeq,0.3101,0.21871,1.41783
OG0010517,Lgib,0.23577,0.18975,1.24254
OG0010517,Sp,0.04146,0.03366,1.23167
OG0010518,Laeq,0.07008,0.14085,0.49756
OG0010518,Lgib,0.20127,0.11562,1.74085
OG0010518,Wa,0.14043,0.21282,0.65986
OG0010518,Wo,13.33042,0.19182,69.49378
OG0010518,Sp,0.00672,0.02619,0.25659
OG0010520,La,2.20361,0.15099,14.59468
OG0010520,Laeq,2.35508,0.31324,7.51851
OG0010520,Lgib,2.29084,0.20966,10.92625
OG0010520,Wa,8.90435,0.33239,26.78888
OG0010520,Wo,8.99754,0.44132,20.38767
OG0010520,Sp,0.03565,0.02394,1.48889
OG0010522,La,10.84885,0.08965,121.0187
OG0010522,Laeq,11.59328,0.36114,32.10186
OG0010522,Lgib,11.47568,0.26371,43.51678
OG0010522,Wa,11.13463,0.39294,28.33701
OG0010522,Wo,11.18338,0.46173,24.22078
OG0010522,Sp,0.041,0.10285,0.39867
OG0010523,La,0.00622,0.24126,0.0258
OG0010523,Laeq,0.02428,0.22681,0.10705
OG0010523,Lgib,0.01636,0.20268,0.08074
OG0010523,Wa,0.01299,0.1737,0.07478
OG0010523,Wo,0.01677,0.18264,0.09183
OG0010523,Sp,0.63688,0.04388,14.51459
OG0010524,La,3.47418,0.13406,25.9151
OG0010524,Laeq,3.53,0.21517,16.4055
OG0010524,Lgib,3.51075,0.17431,20.14127
OG0010524,Wa,3.53648,0.18357,19.26499
OG0010524,Wo,3.57067,0.2229,16.01878
OG0010524,Sp,0.02926,0.04873,0.60039
OG0010525,La,0.04888,0.12915,0.37843
OG0010525,Laeq,0.08749,0.19578,0.44688
OG0010525,Lgib,0.07101,0.14622,0.48566
OG0010525,Wa,0.07461,0.16516,0.45171
OG0010525,Wo,0.10341,0.19676,0.52555
OG0010525,Sp,0.02956,0.0349,0.8471
OG0010527,La,0.04693,0.07558,0.62091
OG0010527,Laeq,0.08985,0.13231,0.67907
OG0010527,Lgib,0.10435,0.10046,1.03881
OG0010527,Wa,0.11389,0.14731,0.77311
OG0010527,Wo,0.12054,0.174,0.69274
OG0010527,Sp,0.02267,0.04161,0.54491
OG0010529,La,0.06475,0.15145,0.42755
OG0010529,Sp,1.96078,0.20676,9.48357
OG0010529,Laeq,6.93162,0.21421,32.35969
OG0010529,Lgib,0.09246,0.17265,0.53554
OG0010529,Wa,0.37182,0.07438,4.99904
OG0010529,Wo,0.87902,0.07593,11.57606
OG0010530,La,0.09308,0.10255,0.90771
OG0010530,Laeq,0.16775,0.12628,1.32847
OG0010530,Lgib,0.09452,0.113,0.83646
OG0010530,Wa,0.1317,0.12816,1.02764
OG0010530,Wo,0.17145,0.17398,0.98548
OG0010530,Sp,0.01445,0.04438,0.32562
OG0010531,La,0.12491,0.38387,0.32541
OG0010531,Lgib,0.05137,0.22952,0.22382
OG0010531,Laeq,0.06095,0.23624,0.25798
OG0010531,Wa,0.04915,0.26351,0.18652
OG0010531,Wo,0.05277,0.32894,0.16042
OG0010531,Sp,0.01125,0.03157,0.35635
OG0010532,La,0.10711,0.12445,0.86065
OG0010532,Laeq,0.62173,0.27274,2.27956
OG0010532,Lgib,0.24024,0.24671,0.97378
OG0010532,Wa,0.34093,0.19502,1.74818
OG0010532,Wo,0.37751,0.23761,1.5888
OG0010532,Sp,0.07844,0.0526,1.4913
OG0010533,La,0.03109,0.20505,0.15164
OG0010533,Laeq,0.09709,0.29389,0.33037
OG0010533,Lgib,0.03675,0.22434,0.16381
OG0010533,Sp,0.03654,0.17525,0.2085
OG0010533,Wa,0.02973,0.1022,0.29092
OG0010533,Wo,0.01565,0.05125,0.30534
OG0010535,La,1.42355,0.20188,7.05142
OG0010535,Laeq,0.47899,0.37893,1.26407
OG0010535,Lgib,0.26335,0.22445,1.1733
OG0010535,Wa,7.05675,0.22415,31.48245
OG0010535,Wo,7.11797,0.34598,20.57337
OG0010535,Sp,0.1085,0.05898,1.83956
OG0010536,La,0.14788,0.12615,1.17224
OG0010536,Laeq,0.19214,0.26601,0.72232
OG0010536,Lgib,0.18213,0.18874,0.96497
OG0010536,Wa,0.18599,0.22975,0.80956
OG0010536,Wo,0.32031,0.37381,0.85688
OG0010536,Sp,0.55786,0.08509,6.55618
OG0010539,La,0.66809,0.09795,6.82055
OG0010539,Laeq,0.22648,0.18219,1.24307
OG0010539,Lgib,0.17598,0.12683,1.38755
OG0010539,Wa,0.5366,0.18791,2.85567
OG0010539,Wo,0.62811,0.2022,3.10634
OG0010539,Sp,0.07984,0.04694,1.70105
OG0010540,La,0.03361,0.10689,0.31441
OG0010540,Laeq,0.10225,0.19624,0.52104
OG0010540,Lgib,0.59957,0.15906,3.76937
OG0010540,Wa,0.06457,0.16201,0.39853
OG0010540,Wo,0.11952,0.21004,0.56906
OG0010540,Sp,0.02277,0.03616,0.6297
OG0010541,La,0.07697,0.12935,0.59504
OG0010541,Laeq,0.50371,0.24165,2.08446
OG0010541,Lgib,0.48592,0.19739,2.46178
OG0010541,Wa,0.14732,0.22611,0.65156
OG0010541,Wo,0.25788,0.28501,0.9048
OG0010541,Sp,0.06266,0.06934,0.90363
OG0010544,La,0.06924,0.10964,0.63148
OG0010544,Laeq,0.22439,0.26861,0.83536
OG0010544,Lgib,4.09547,0.20069,20.40648
OG0010544,Wa,0.52661,0.20135,2.61537
OG0010544,Wo,0.63186,0.19783,3.19393
OG0010544,Sp,0.0255,0.04176,0.6106
OG0010546,La,0.09022,0.09378,0.96203
OG0010546,Laeq,0.09253,0.20281,0.45622
OG0010546,Lgib,0.10262,0.16541,0.62041
OG0010546,Wa,0.31805,0.17201,1.84901
OG0010546,Wo,0.34585,0.2721,1.27105
OG0010546,Sp,54.50109,0.08216,663.34624
OG0010547,La,0.09595,0.14321,0.67001
OG0010547,Wa,0.33488,0.21383,1.56609
OG0010547,Wo,0.34728,0.21431,1.62045
OG0010547,Laeq,0.12507,0.20962,0.59665
OG0010547,Lgib,0.11856,0.17487,0.67797
OG0010547,Sp,0.02818,0.03836,0.73451
OG0010549,La,0.15454,0.13657,1.13156
OG0010549,Wa,0.52291,0.21668,2.41334
OG0010549,Wo,0.47472,0.23666,2.00589
OG0010549,Laeq,0.15172,0.2052,0.73934
OG0010549,Lgib,0.11185,0.1632,0.68537
OG0010549,Sp,0.0363,0.0456,0.79605
OG0010551,La,0.56279,0.09677,5.81585
OG0010551,Laeq,0.59841,0.1619,3.69616
OG0010551,Lgib,0.59136,0.15408,3.83808
OG0010551,Wa,0.63297,0.12945,4.88972
OG0010551,Wo,0.764,0.13413,5.69588
OG0010551,Sp,0.02687,0.04298,0.62528
OG0010552,La,226.888,0.14782,1534.85072
OG0010552,Laeq,226.87165,0.18691,1213.81435
OG0010552,Lgib,226.86741,0.17047,1330.84476
OG0010552,Sp,228.65457,0.12686,1802.45445
OG0010552,Wa,0.05101,0.10155,0.50233
OG0010553,La,0.90589,0.13418,6.75135
OG0010553,Laeq,0.96511,0.22756,4.24109
OG0010553,Lgib,0.69087,0.16682,4.14144
OG0010553,Wa,3.29502,0.16507,19.96084
OG0010553,Wo,3.27654,0.15526,21.10293
OG0010553,Sp,21.17318,0.06085,347.97018
OG0010555,La,0.09298,0.09166,1.01443
OG0010555,Laeq,0.28172,0.29065,0.96928
OG0010555,Lgib,0.1814,0.14076,1.28868
OG0010555,Wa,0.26145,0.14644,1.78536
OG0010555,Wo,0.27661,0.21709,1.27419
OG0010555,Sp,0.0939,0.07728,1.21512
OG0010558,La,4.16183,0.14268,29.16935
OG0010558,Laeq,0.24953,0.2471,1.00986
OG0010558,Lgib,0.14783,0.17794,0.83082
OG0010558,Wa,0.30499,0.24262,1.25709
OG0010558,Wo,0.67414,0.32972,2.04461
OG0010558,Sp,0.00547,0.02313,0.23651
OG0010560,La,0.22695,0.11633,1.95096
OG0010560,Laeq,0.14403,0.24828,0.58011
OG0010560,Lgib,2.03963,0.19364,10.53286
OG0010560,Wa,0.13975,0.1774,0.78777
OG0010560,Wo,0.1673,0.28552,0.58596
OG0010560,Sp,0.0793,0.04822,1.64469
OG0010561,La,0.28793,0.10913,2.63847
OG0010561,Laeq,0.50498,0.3094,1.63213
OG0010561,Lgib,19.56933,0.18234,107.32268
OG0010561,Wa,0.40134,0.20403,1.96706
OG0010561,Wo,0.98023,0.27243,3.59807
OG0010561,Sp,1.14143,0.09646,11.83271
OG0010562,La,3.15068,0.13296,23.69728
OG0010562,Laeq,3.19415,0.23757,13.44524
OG0010562,Lgib,3.18155,0.24209,13.14212
OG0010562,Wa,3.15641,0.22155,14.24684
OG0010562,Wo,3.17584,0.29072,10.92387
OG0010562,Sp,0.04908,0.06554,0.74896
OG0010564,La,0.59503,0.09632,6.1778
OG0010564,Laeq,0.39409,0.15699,2.51025
OG0010564,Lgib,0.09871,0.12324,0.80094
OG0010564,Wa,0.28792,0.15382,1.87179
OG0010564,Wo,0.32332,0.15494,2.08673
OG0010564,Sp,0.04363,0.03019,1.44513
OG0010566,La,4.67284,0.22751,20.53872
OG0010566,Wa,5.01593,0.34934,14.35818
OG0010566,Wo,4.49608,0.34321,13.10003
OG0010566,Laeq,4.41593,0.32162,13.73033
OG0010566,Lgib,5.45856,0.23163,23.56574
OG0010566,Sp,0.01632,0.01981,0.82379
OG0010567,La,5.05044,0.13977,36.13383
OG0010567,Laeq,8.61312,0.20338,42.34963
OG0010567,Lgib,8.60293,0.19202,44.80176
OG0010567,Wa,5.14292,0.22709,22.64753
OG0010567,Wo,5.19957,0.31386,16.56646
OG0010567,Sp,0.14278,0.10907,1.30905
OG0010570,La,0.28491,0.26842,1.06142
OG0010570,Laeq,0.30597,0.37822,0.80898
OG0010570,Lgib,0.24533,0.33487,0.7326
OG0010570,Wa,0.16627,0.32497,0.51163
OG0010570,Wo,0.19037,0.37817,0.50339
OG0010570,Sp,0.20351,0.0149,13.6628
OG0010571,Laeq,4.28577,0.13875,30.88802
OG0010571,Lgib,21.20664,0.21192,100.06951
OG0010571,Sp,0.41467,0.06601,6.28201
OG0010571,Wa,0.09301,0.16437,0.56585
OG0010571,Wo,0.6128,0.19753,3.10228
OG0010573,La,0.03255,0.10751,0.30272
OG0010573,Laeq,0.04231,0.16691,0.25349
OG0010573,Lgib,0.03688,0.14582,0.25294
OG0010573,Wa,2.18712,0.16515,13.24297
OG0010573,Wo,0.08181,0.19881,0.4115
OG0010573,Sp,0.01676,0.02473,0.67785
OG0010574,La,11.56446,0.2119,54.57584
OG0010574,Wa,11.7236,0.2859,41.00614
OG0010574,Wo,19.88921,0.28474,69.85065
OG0010574,Laeq,2.28583,0.27792,8.22473
OG0010574,Lgib,2.60283,0.26311,9.89275
OG0010574,Sp,2.06047,0.03291,62.59985
OG0010575,La,0.0488,0.16958,0.28777
OG0010575,Wa,0.05699,0.21795,0.26148
OG0010575,Wo,0.12371,0.28697,0.4311
OG0010575,Laeq,0.0595,0.27233,0.2185
OG0010575,Lgib,0.04275,0.20615,0.2074
OG0010575,Sp,0.02356,0.03503,0.67269
OG0010577,La,0.05784,0.12259,0.47184
OG0010577,Wa,0.1179,0.19933,0.59149
OG0010577,Wo,0.96965,0.21513,4.50739
OG0010577,Laeq,0.11501,0.20027,0.57428
OG0010577,Lgib,0.17086,0.13928,1.22678
OG0010577,Sp,0.03351,0.03114,1.0762
OG0010578,La,33.33814,0.18724,178.0463
OG0010578,Laeq,33.53216,0.16298,205.74754
OG0010578,Lgib,33.35394,0.17116,194.86502
OG0010578,Wa,33.35266,0.18697,178.38937
OG0010578,Wo,33.5841,0.18771,178.91743
OG0010578,Sp,0.03113,0.03136,0.99275
OG0010580,Laeq,3.54418,0.20149,17.58995
OG0010580,Lgib,3.53653,0.12889,27.43936
OG0010580,Wa,4.36772,0.18426,23.7046
OG0010580,Wo,0.11152,0.25363,0.43972
OG0010580,Sp,0.01909,0.02024,0.94328
OG0010581,La,0.03974,0.20439,0.19444
OG0010581,Laeq,0.07051,0.25604,0.27539
OG0010581,Lgib,0.04963,0.20834,0.23822
OG0010581,Wa,0.08215,0.25858,0.3177
OG0010581,Wo,0.09671,0.36096,0.26792
OG0010581,Sp,2.10016,0.02887,72.75648
OG0010583,La,0.07584,0.0885,0.85695
OG0010583,Laeq,1.06999,0.19763,5.41398
OG0010583,Lgib,0.11159,0.138,0.80859
OG0010583,Wa,0.13699,0.20477,0.669
OG0010583,Wo,1.46085,0.25782,5.66606
OG0010583,Sp,0.03736,0.04119,0.90711
OG0010584,La,5.12985,0.18137,28.28315
OG0010584,Laeq,0.4414,0.24292,1.81702
OG0010584,Lgib,0.39291,0.18422,2.13283
OG0010584,Wa,1.04696,0.36848,2.84133
OG0010584,Wo,0.56459,0.35508,1.59006
OG0010584,Sp,10.76013,0.05209,206.54909
OG0010587,La,0.11056,0.11186,0.98834
OG0010587,Laeq,0.62744,0.17199,3.6481
OG0010587,Lgib,13.81273,0.1563,88.37371
OG0010587,Wa,0.09435,0.17042,0.55365
OG0010587,Wo,0.09638,0.21143,0.45585
OG0010587,Sp,0.0466,0.06595,0.70652
OG0010588,La,0.07244,0.10623,0.68198
OG0010588,Laeq,0.32368,0.32106,1.00816
OG0010588,Lgib,0.26641,0.1831,1.45498
OG0010588,Wa,0.19263,0.23433,0.82207
OG0010588,Sp,0.03001,0.04211,0.71272
OG0010589,La,0.70985,0.10866,6.53249
OG0010589,Laeq,0.07762,0.1791,0.43338
OG0010589,Lgib,0.11869,0.19872,0.59728
OG0010589,Wa,0.09671,0.20995,0.46062
OG0010589,Wo,0.10526,0.21458,0.49054
OG0010589,Sp,0.02651,0.03965,0.66848
OG0010590,La,0.06349,0.11028,0.57576
OG0010590,Laeq,0.09259,0.19358,0.47831
OG0010590,Lgib,0.06474,0.19523,0.33161
OG0010590,Wa,0.07841,0.18385,0.42651
OG0010590,Wo,0.10719,0.22004,0.48712
OG0010590,Sp,0.02256,0.0299,0.75449
OG0010591,La,0.02366,0.1171,0.20205
OG0010591,Wa,0.07517,0.15481,0.48556
OG0010591,Wo,0.0538,0.20486,0.26259
OG0010591,Laeq,0.06436,0.18994,0.33887
OG0010591,Lgib,0.05944,0.14708,0.40412
OG0010591,Sp,0.01073,0.06886,0.15577
OG0010593,La,0.06648,0.09064,0.73352
OG0010593,Laeq,0.11971,0.21221,0.56413
OG0010593,Lgib,0.09355,0.13431,0.69653
OG0010593,Wa,0.57261,0.16268,3.51985
OG0010593,Wo,0.57159,0.19651,2.90864
OG0010593,Sp,0.0136,0.03888,0.34968
OG0010594,La,0.12888,0.13791,0.93454
OG0010594,Wa,7.21957,0.16217,44.51934
OG0010594,Wo,7.07424,0.21629,32.70792
OG0010594,Laeq,9.39604,0.15378,61.09895
OG0010594,Lgib,9.32933,0.10174,91.69529
OG0010594,Sp,0.02383,0.04195,0.56809
OG0010595,La,6.90459,0.24726,27.92407
OG0010595,Laeq,3.98912,0.384,10.38832
OG0010595,Lgib,3.88567,0.28097,13.82962
OG0010595,Wa,0.45632,0.36405,1.25344
OG0010595,Wo,3.14037,0.37798,8.30837
OG0010595,Sp,0.06289,0.01513,4.15578
OG0010597,La,0.06414,0.13685,0.46868
OG0010597,Laeq,0.24386,0.23915,1.01971
OG0010597,Lgib,0.17243,0.18898,0.91241
OG0010597,Wa,10.1898,0.30637,33.25992
OG0010597,Wo,0.42625,0.31272,1.36304
OG0010597,Sp,0.04192,0.09227,0.45435
OG0010600,La,0.51959,0.11998,4.3306
OG0010600,Wa,5.24291,0.17122,30.62008
OG0010600,Wo,0.65471,0.26928,2.43133
OG0010600,Laeq,0.14646,0.18999,0.77089
OG0010600,Lgib,0.12787,0.14357,0.89065
OG0010600,Sp,0.05397,0.04052,1.33186
OG0010606,La,0.03525,0.12319,0.28613
OG0010606,Laeq,0.0486,0.22406,0.2169
OG0010606,Lgib,0.04033,0.16493,0.24451
OG0010606,Wa,0.04259,0.28015,0.15204
OG0010606,Wo,0.06892,0.40242,0.17127
OG0010606,Sp,0.01473,0.08101,0.18182
OG0010608,La,0.08688,0.2058,0.42217
OG0010608,Laeq,0.12814,0.31009,0.41323
OG0010608,Lgib,0.1849,0.22127,0.83561
OG0010608,Wa,0.13715,0.26233,0.52282
OG0010608,Wo,0.18453,0.3748,0.49234
OG0010608,Sp,0.03124,0.01633,1.91246
OG0010609,La,0.06986,0.08541,0.81797
OG0010609,Laeq,0.04123,0.13951,0.2955
OG0010609,Lgib,0.06467,0.0988,0.65451
OG0010609,Sp,0.08267,0.11359,0.72777
OG0010609,Wa,512.32807,0.16273,3148.3023
OG0010609,Wo,9.7141,0.32626,29.77413
OG0010611,La,0.04142,0.16151,0.25649
OG0010611,Laeq,0.07005,0.23751,0.29494
OG0010611,Lgib,0.07835,0.22162,0.35352
OG0010611,Wa,0.50447,0.25309,1.99329
OG0010611,Wo,0.40017,0.2783,1.43787
OG0010611,Sp,0.01547,0.01891,0.81828
OG0010614,La,0.02833,0.13236,0.21403
OG0010614,Sp,0.0163,0.11746,0.13876
OG0010614,Laeq,0.27535,0.21571,1.27644
OG0010614,Lgib,0.03204,0.1011,0.31688
OG0010614,Wa,3.43561,0.15083,22.77805
OG0010614,Wo,3.49644,0.21899,15.96615
OG0010617,La,0.09002,0.12091,0.74456
OG0010617,Laeq,0.22655,0.19703,1.14979
OG0010617,Lgib,0.08291,0.15072,0.55009
OG0010617,Wa,13.05403,0.12306,106.08249
OG0010617,Wo,9.5217,0.18452,51.60181
OG0010617,Sp,0.02225,0.0398,0.55906
OG0010619,La,0.12393,0.12524,0.98955
OG0010619,Laeq,0.20591,0.21417,0.96142
OG0010619,Lgib,0.18032,0.17122,1.05313
OG0010619,Wa,0.29711,0.21292,1.39537
OG0010619,Wo,0.37513,0.22857,1.64124
OG0010619,Sp,12.59243,0.02068,608.83717
OG0010620,La,0.05782,0.1111,0.52048
OG0010620,Laeq,0.07408,0.26734,0.27709
OG0010620,Wa,0.16497,0.31839,0.51815
OG0010620,Wo,0.20336,0.4323,0.47042
OG0010620,Lgib,0.05538,0.15865,0.34905
OG0010620,Sp,0.00463,0.02874,0.16128
OG0010621,La,0.06989,0.09205,0.7593
OG0010621,Laeq,0.10206,0.1449,0.70434
OG0010621,Lgib,0.09091,0.14891,0.61051
OG0010621,Wa,0.14331,0.17581,0.81513
OG0010621,Wo,0.22527,0.2193,1.02722
OG0010621,Sp,0.03764,0.05107,0.73695
OG0010622,La,0.04582,0.11134,0.41158
OG0010622,Laeq,0.42459,0.19888,2.13489
OG0010622,Lgib,0.04819,0.14856,0.32437
OG0010622,Wa,0.07067,0.18714,0.37761
OG0010622,Wo,0.08969,0.20784,0.43153
OG0010622,Sp,0.01191,0.02611,0.45602
OG0010623,La,0.09026,0.18453,0.48916
OG0010623,Lgib,0.09696,0.2448,0.39608
OG0010623,Wa,0.05115,0.28392,0.18016
OG0010623,Wo,0.10867,0.30149,0.36045
OG0010623,Sp,0.02401,0.02044,1.17491
OG0010624,La,13.89458,0.11491,120.92142
OG0010624,Laeq,0.27737,0.20628,1.34465
OG0010624,Lgib,0.16544,0.15361,1.07705
OG0010624,Wa,29.90169,0.19375,154.33526
OG0010624,Wo,0.43872,0.24956,1.75795
OG0010624,Sp,0.04118,0.02407,1.71084
OG0010625,La,0.04973,0.11114,0.44743
OG0010625,Laeq,0.10982,0.17234,0.63723
OG0010625,Lgib,0.06408,0.16449,0.38956
OG0010625,Wa,0.07883,0.15819,0.49833
OG0010625,Wo,0.08791,0.17692,0.49688
OG0010625,Sp,7.85601,0.01944,404.153
OG0010627,La,0.13421,0.22397,0.59926
OG0010627,Laeq,13.18976,0.28675,45.99748
OG0010627,Lgib,0.2841,0.24403,1.16421
OG0010627,Wa,6.53415,0.30261,21.59261
OG0010627,Wo,6.85076,0.38242,17.91441
OG0010627,Sp,0.14585,0.07703,1.89332
OG0010628,La,0.12572,0.24098,0.5217
OG0010628,Laeq,0.15843,0.24824,0.6382
OG0010628,Lgib,0.12326,0.2098,0.58755
OG0010628,Wa,0.14491,0.23766,0.60973
OG0010628,Wo,0.20922,0.30653,0.68253
OG0010628,Sp,0.32182,0.02516,12.79324
OG0010629,La,6.0378,0.13873,43.52046
OG0010629,Laeq,4.75467,0.30903,15.38603
OG0010629,Lgib,4.67977,0.27352,17.10929
OG0010629,Wa,6.41248,0.25368,25.27762
OG0010629,Wo,6.4119,0.34497,18.58687
OG0010629,Sp,0.06,0.04445,1.34979
OG0010630,La,0.08596,0.13259,0.64833
OG0010630,Sp,0.05387,0.07834,0.68761
OG0010630,Lgib,2.32887,0.126,18.48364
OG0010630,Wa,0.20494,0.17113,1.19755
OG0010630,Wo,0.19143,0.15985,1.19757
OG0010631,La,3.43626,0.09588,35.84086
OG0010631,Laeq,0.25517,0.20232,1.26119
OG0010631,Lgib,0.07096,0.15318,0.46326
OG0010631,Wa,9.26166,0.16825,55.047
OG0010631,Wo,9.37045,0.18188,51.52104
OG0010631,Sp,0.05956,0.05318,1.11981
OG0010633,La,1.12557,0.17251,6.5247
OG0010633,Laeq,5.84356,0.33372,17.5103
OG0010633,Lgib,0.53128,0.25783,2.06056
OG0010633,Wa,0.1836,0.27779,0.66092
OG0010633,Wo,1.57132,0.33251,4.72566
OG0010633,Sp,0.07006,0.02547,2.7508
OG0010634,La,4.35012,0.11635,37.38698
OG0010634,Laeq,3.49008,0.25475,13.70021
OG0010634,Lgib,1.79225,0.20008,8.95765
OG0010634,Wa,3.70961,0.17593,21.08568
OG0010634,Wo,5.66269,0.22363,25.32193
OG0010634,Sp,0.02802,0.03584,0.78183
OG0010635,La,0.30194,0.16105,1.8748
OG0010635,Laeq,0.42681,0.28932,1.47522
OG0010635,Lgib,0.42576,0.2317,1.8376
OG0010635,Wa,0.39481,0.25065,1.57518
OG0010635,Wo,0.45074,0.30682,1.4691
OG0010635,Sp,0.04762,0.01492,3.19144
OG0010637,La,3.10635,0.11377,27.30389
OG0010637,Wa,2.46073,0.17693,13.9083
OG0010637,Wo,2.47385,0.20873,11.85172
OG0010637,Laeq,3.40331,0.15763,21.58993
OG0010637,Lgib,3.40015,0.14133,24.05781
OG0010637,Sp,0.96676,0.0367,26.34051
OG0010638,La,0.03074,0.12252,0.25088
OG0010638,Laeq,0.05116,0.16352,0.3129
OG0010638,Lgib,0.04659,0.10697,0.43552
OG0010638,Wa,0.03801,0.18884,0.20125
OG0010638,Wo,0.048,0.18082,0.26547
OG0010638,Sp,0.01516,0.05135,0.29529
OG0010641,La,0.03874,0.07427,0.52162
OG0010641,Laeq,0.12542,0.20219,0.6203
OG0010641,Lgib,2.45992,0.12228,20.11643
OG0010641,Sp,17.14098,0.14668,116.85995
OG0010641,Wa,2.64261,0.3816,6.92505
OG0010641,Wo,1.85296,0.44052,4.20632
OG0010642,La,0.37308,0.07843,4.75693
OG0010642,Laeq,0.16823,0.19871,0.8466
OG0010642,Lgib,0.13905,0.19364,0.71809
OG0010642,Wa,0.16595,0.22993,0.72176
OG0010642,Wo,0.17895,0.25749,0.695
OG0010642,Sp,20.94278,0.05463,383.38062
OG0010645,La,0.70246,0.09711,7.23384
OG0010645,Wa,0.66472,0.16675,3.98626
OG0010645,Laeq,0.31268,0.21002,1.48884
OG0010645,Lgib,0.18512,0.11434,1.61895
OG0010645,Sp,0.53092,0.02265,23.4367
OG0010647,La,2.88289,0.23747,12.1398
OG0010647,Wa,3.84817,0.26433,14.55833
OG0010647,Wo,3.87586,0.2686,14.42965
OG0010647,Laeq,5.92801,0.36284,16.33787
OG0010647,Lgib,5.87148,0.17894,32.81305
OG0010647,Sp,11.09395,0.03661,302.99794
OG0010648,La,0.07622,0.04536,1.68034
OG0010648,Laeq,0.09961,0.26754,0.37232
OG0010648,Lgib,0.08902,0.24307,0.36623
OG0010648,Wa,0.06501,0.13035,0.49869
OG0010648,Wo,0.18139,0.2629,0.68996
OG0010648,Sp,0.02221,0.07764,0.28605
OG0010649,La,0.05246,0.13575,0.38646
OG0010649,Laeq,8.28403,0.21255,38.97463
OG0010649,Lgib,0.06794,0.16965,0.40045
OG0010649,Wa,3.64602,0.18606,19.59613
OG0010649,Wo,0.23991,0.22899,1.04768
OG0010649,Sp,0.01306,0.06691,0.19512
OG0010650,La,0.44596,0.1296,3.44096
OG0010650,Laeq,2.29117,0.17973,12.74798
OG0010650,Lgib,0.43663,0.16706,2.6136
OG0010650,Wa,0.45466,0.15288,2.97387
OG0010650,Wo,0.46074,0.2083,2.21186
OG0010650,Sp,0.70454,0.05044,13.96744
OG0010651,La,0.06703,0.11458,0.58503
OG0010651,Laeq,0.22471,0.23505,0.956
OG0010651,Lgib,4.29589,0.29982,14.32836
OG0010651,Wa,0.22722,0.23402,0.97094
OG0010651,Wo,0.30665,0.37645,0.81458
OG0010651,Sp,0.06494,0.08352,0.77752
OG0010652,La,0.07653,0.13397,0.57127
OG0010652,Wa,0.14869,0.20667,0.71947
OG0010652,Wo,0.25879,0.25759,1.00466
OG0010652,Laeq,0.11406,0.2051,0.55614
OG0010652,Lgib,0.09651,0.13735,0.70268
OG0010652,Sp,7.65155,0.04229,180.90939
OG0010653,La,0.55131,0.13049,4.22488
OG0010653,Laeq,0.50685,0.24641,2.05697
OG0010653,Lgib,0.5028,0.23314,2.15661
OG0010653,Wa,4.2333,0.22206,19.0637
OG0010653,Wo,0.59398,0.22707,2.61591
OG0010653,Sp,0.29501,0.06233,4.73308
OG0010655,La,0.12602,0.14353,0.87804
OG0010655,Wa,0.33472,0.21044,1.59057
OG0010655,Wo,0.33767,0.26737,1.26293
OG0010655,Laeq,0.12577,0.2315,0.54329
OG0010655,Lgib,0.09774,0.19745,0.49502
OG0010655,Sp,0.02953,0.04636,0.63685
OG0010657,La,0.32476,0.13784,2.35604
OG0010657,Laeq,3.73135,0.17033,21.90678
OG0010657,Lgib,0.63726,0.16512,3.85932
OG0010657,Wa,0.05042,0.16483,0.30586
OG0010657,Wo,1.60498,0.18785,8.54373
OG0010657,Sp,0.0157,0.02709,0.57946
OG0010662,La,0.06438,0.16785,0.38355
OG0010662,Laeq,0.06862,0.26915,0.25494
OG0010662,Lgib,0.0746,0.21402,0.34859
OG0010662,Wa,17.0688,0.27051,63.09769
OG0010662,Wo,0.20743,0.29068,0.71359
OG0010662,Sp,2.07739,0.02565,81.00029
OG0010664,La,0.03201,0.03398,0.94194
OG0010664,Laeq,3.99025,0.25288,15.77895
OG0010664,Lgib,3.97858,0.14129,28.15872
OG0010664,Wa,3.19495,0.17329,18.43718
OG0010664,Wo,0.1272,0.1859,0.6842
OG0010664,Sp,0.25253,0.08033,3.14357
OG0010666,La,0.08844,0.12869,0.68724
OG0010666,Laeq,0.11673,0.203,0.57506
OG0010666,Lgib,0.09035,0.16704,0.5409
OG0010666,Wa,2.48724,0.20047,12.40726
OG0010666,Wo,2.50331,0.23639,10.58989
OG0010666,Sp,0.01496,0.03009,0.49736
OG0010667,La,0.02218,0.15136,0.14655
OG0010667,Laeq,0.07902,0.24969,0.31645
OG0010667,Lgib,0.0535,0.23304,0.22959
OG0010667,Wa,5.08745,0.22023,23.10057
OG0010667,Wo,5.12817,0.27178,18.86888
OG0010667,Sp,0.01843,0.028,0.65808
OG0010672,La,0.06485,0.06259,1.03608
OG0010672,Wa,0.08556,0.19067,0.44877
OG0010672,Wo,0.08044,0.25768,0.31216
OG0010672,Laeq,0.40487,0.24689,1.63991
OG0010672,Lgib,0.24856,0.16186,1.5357
OG0010672,Sp,0.04679,0.10255,0.45628
OG0010674,La,0.05485,0.0827,0.66333
OG0010674,Wa,0.06465,0.15041,0.42984
OG0010674,Wo,2.90447,0.18713,15.52088
OG0010674,Laeq,0.0639,0.18819,0.33953
OG0010674,Lgib,0.05821,0.1358,0.42862
OG0010674,Sp,0.02723,0.04173,0.65241
OG0010675,La,0.57913,0.12425,4.66113
OG0010675,Laeq,5.89735,0.20549,28.69864
OG0010675,Lgib,0.13287,0.17036,0.77989
OG0010675,Wa,0.22001,0.23162,0.94988
OG0010675,Wo,0.29395,0.26681,1.10174
OG0010675,Sp,0.04331,0.06703,0.64609
OG0010676,Laeq,0.3126,0.15105,2.06955
OG0010676,Lgib,0.26576,0.11479,2.31528
OG0010676,Wa,19.19227,0.14182,135.32729
OG0010676,Wo,9.71255,0.23002,42.22423
OG0010676,Sp,0.04672,0.06467,0.72245
OG0010678,La,0.10797,0.13832,0.78057
OG0010678,Laeq,0.39424,0.31773,1.2408
OG0010678,Lgib,0.37986,0.28325,1.34108
OG0010678,Wa,0.27528,0.39332,0.69988
OG0010678,Wo,0.28715,0.43152,0.66544
OG0010678,Sp,0.02204,0.04664,0.47253
OG0010679,La,0.06655,0.12082,0.55078
OG0010679,Laeq,4.62249,0.3531,13.09122
OG0010679,Lgib,4.65408,0.23174,20.08284
OG0010679,Wa,4.91154,0.33574,14.62888
OG0010679,Wo,4.75815,0.38918,12.22608
OG0010679,Sp,20.20142,0.06075,332.53384
OG0010681,La,0.02711,0.02622,1.03408
OG0010681,Laeq,0.38044,0.22338,1.70313
OG0010681,Lgib,1.41638,0.20397,6.94422
OG0010681,Wa,1.49225,0.27566,5.41336
OG0010681,Wo,1.50329,0.26499,5.67293
OG0010681,Sp,0.04011,0.22762,0.17621
OG0010682,La,0.08086,0.1402,0.57673
OG0010682,Laeq,0.0737,0.24518,0.30061
OG0010682,Lgib,0.06299,0.19801,0.31811
OG0010682,Wa,3.12546,0.14732,21.21478
OG0010682,Wo,3.06968,0.15117,20.30594
OG0010682,Sp,0.0116,0.07231,0.16037
OG0010683,La,1.99609,0.16159,12.35306
OG0010683,Laeq,0.44752,0.20204,2.21505
OG0010683,Lgib,0.3419,0.18128,1.88602
OG0010683,Wa,3.00142,0.19176,15.65182
OG0010683,Wo,0.48143,0.23427,2.05507
OG0010683,Sp,0.09314,0.04311,2.16048
OG0010684,La,6.20717,0.12377,50.15051
OG0010684,Wa,35.38917,0.20109,175.98447
OG0010684,Wo,0.80939,0.20635,3.92234
OG0010684,Laeq,0.10218,0.11872,0.86069
OG0010684,Lgib,0.10401,0.10518,0.98889
OG0010684,Sp,0.01352,0.05996,0.22545
OG0010685,La,5.09619,0.16195,31.46717
OG0010685,Laeq,0.4718,0.2092,2.25522
OG0010685,Lgib,0.44087,0.1794,2.45752
OG0010685,Wa,33.38479,0.25202,132.46981
OG0010685,Wo,25.72408,0.30581,84.11909
OG0010685,Sp,2.82177,0.02493,113.20035
OG0010688,La,1.38993,0.16937,8.20657
OG0010688,Laeq,1.43633,0.36852,3.8976
OG0010688,Lgib,1.42147,0.38008,3.73992
OG0010688,Wa,1.42293,0.40163,3.54291
OG0010688,Wo,1.5944,0.64579,2.46893
OG0010688,Sp,0.00796,0.01532,0.51961
OG0010689,La,0.06718,0.13548,0.49586
OG0010689,Laeq,0.14033,0.24652,0.56925
OG0010689,Lgib,0.08908,0.22796,0.39075
OG0010689,Wa,0.12927,0.22236,0.58138
OG0010689,Wo,0.16687,0.28989,0.57564
OG0010689,Sp,0.00933,0.02283,0.40857
OG0010690,La,0.04452,0.13235,0.33638
OG0010690,Wa,0.03771,0.17453,0.21606
OG0010690,Wo,0.03263,0.19988,0.16322
OG0010690,Laeq,0.05555,0.20259,0.27419
OG0010690,Lgib,0.03562,0.08103,0.43964
OG0010690,Sp,0.01248,0.04067,0.30687
OG0010691,La,5.60526,0.16558,33.85241
OG0010691,Wa,7.52048,0.23737,31.68318
OG0010691,Wo,8.89064,0.27597,32.21571
OG0010691,Laeq,0.25935,0.30444,0.85189
OG0010691,Lgib,0.2155,0.20549,1.04872
OG0010691,Sp,0.07822,0.05504,1.42111
OG0010692,La,0.1207,0.08567,1.40891
OG0010692,Laeq,0.25018,0.21993,1.13753
OG0010692,Lgib,0.37469,0.15086,2.48379
OG0010692,Wa,19.17205,0.23503,81.57434
OG0010692,Wo,19.21569,0.31705,60.60862
OG0010692,Sp,0.13837,0.13168,1.05077
OG0010693,La,0.16566,0.12289,1.34809
OG0010693,Laeq,0.28193,0.27349,1.03088
OG0010693,Lgib,0.25127,0.20627,1.21817
OG0010693,Wa,10.00437,0.21827,45.83554
OG0010693,Wo,8.79168,0.2568,34.23536
OG0010693,Sp,3.92711,0.04972,78.98114
OG0010694,La,0.16973,0.09868,1.71994
OG0010694,Laeq,0.19033,0.2736,0.69565
OG0010694,Lgib,0.15415,0.19584,0.78712
OG0010694,Wa,2.62741,0.16072,16.34797
OG0010694,Wo,2.87772,0.18644,15.43518
OG0010694,Sp,0.02784,0.05373,0.51806
OG0010696,La,0.22519,0.15428,1.45965
OG0010696,Laeq,0.25426,0.21672,1.1732
OG0010696,Lgib,0.21881,0.1906,1.148
OG0010696,Wa,4.71688,0.15264,30.90301
OG0010696,Wo,4.74822,0.1995,23.80008
OG0010696,Sp,0.02832,0.02918,0.97065
OG0010697,La,0.08111,0.11319,0.71654
OG0010697,Laeq,0.12797,0.22947,0.55766
OG0010697,Lgib,0.08582,0.17155,0.50026
OG0010697,Wa,0.1559,0.1741,0.89543
OG0010697,Wo,0.14188,0.19286,0.73566
OG0010697,Sp,0.01945,0.02338,0.83184
OG0010698,La,0.06357,0.0961,0.66149
OG0010698,Laeq,1.23929,0.15279,8.11098
OG0010698,Lgib,0.12041,0.13145,0.91601
OG0010698,Wa,0.2442,0.14031,1.74037
OG0010698,Wo,0.21196,0.18171,1.16645
OG0010698,Sp,0.02529,0.04512,0.56048
OG0010699,La,0.03251,0.08109,0.40087
OG0010699,Laeq,0.05131,0.16201,0.31671
OG0010699,Lgib,0.04239,0.11486,0.36908
OG0010699,Wa,0.13071,0.14249,0.91737
OG0010699,Wo,1.45795,0.16945,8.60381
OG0010699,Sp,0.01029,0.03423,0.30044
OG0010700,La,0.0994,0.1386,0.71719
OG0010700,Laeq,0.09508,0.2062,0.4611
OG0010700,Lgib,0.09665,0.1902,0.50818
OG0010700,Wa,2.69219,0.17494,15.38906
OG0010700,Wo,2.69342,0.23945,11.2483
OG0010700,Sp,0.38383,0.03135,12.24301
OG0010701,La,0.07314,0.16399,0.44602
OG0010701,Laeq,0.12859,0.30576,0.42055
OG0010701,Lgib,0.09475,0.21683,0.43696
OG0010701,Wa,1.22898,0.39276,3.12907
OG0010701,Wo,1.24431,0.44167,2.81726
OG0010701,Sp,0.22666,0.02978,7.61056
OG0010702,La,0.10838,0.11454,0.94619
OG0010702,Laeq,0.18322,0.22861,0.80146
OG0010702,Lgib,0.54626,0.15349,3.55894
OG0010702,Wa,0.18676,0.22325,0.83656
OG0010702,Wo,2.14684,0.21568,9.95398
OG0010702,Sp,0.02204,0.03734,0.59029
OG0010704,La,23.28245,0.13141,177.17573
OG0010704,Laeq,14.63198,0.26308,55.6183
OG0010704,Lgib,0.21834,0.2005,1.08897
OG0010704,Wa,0.22894,0.22169,1.03271
OG0010704,Wo,0.24221,0.6604,0.36676
OG0010704,Sp,0.00412,0.03413,0.12071
OG0010705,La,0.18016,0.1205,1.49506
OG0010705,Laeq,24.00972,0.21178,113.37053
OG0010705,Lgib,18.00404,0.16882,106.64333
OG0010705,Wa,17.76243,0.15358,115.65287
OG0010705,Wo,17.77725,0.15297,116.21043
OG0010705,Sp,0.07091,0.0396,1.79084
OG0010707,La,0.35805,0.18519,1.93345
OG0010707,Laeq,0.35783,0.21549,1.66057
OG0010707,Lgib,0.35556,0.18405,1.93188
OG0010707,Wa,0.38024,0.16847,2.25697
OG0010707,Wo,0.38491,0.19574,1.9664
OG0010707,Sp,0.00769,0.0625,0.12306
OG0010708,La,0.12786,0.12259,1.04299
OG0010708,Wa,0.93943,0.14411,6.51891
OG0010708,Wo,0.18509,0.19244,0.96184
OG0010708,Laeq,0.22031,0.15147,1.45446
OG0010708,Lgib,0.3439,0.12914,2.6631
OG0010708,Sp,0.04063,0.06096,0.66647
OG0010709,La,0.02843,0.12381,0.22962
OG0010709,Laeq,0.0277,0.17674,0.15671
OG0010709,Lgib,0.0427,0.12021,0.3552
OG0010709,Wa,0.10878,0.12111,0.89813
OG0010709,Wo,0.09851,0.14585,0.67541
OG0010709,Sp,0.01164,0.04694,0.24791
OG0010710,La,0.05949,0.10916,0.54497
OG0010710,Laeq,8.80311,0.25071,35.11317
OG0010710,Lgib,0.0881,0.19664,0.448
OG0010710,Wa,4.44309,0.22604,19.65637
OG0010710,Wo,0.70711,0.25434,2.78018
OG0010710,Sp,0.03488,0.02045,1.70562
OG0010711,La,0.1728,0.122,1.4164
OG0010711,Wa,6.35894,0.21601,29.43779
OG0010711,Wo,9.52697,0.24911,38.24417
OG0010711,Laeq,0.52637,0.24085,2.18545
OG0010711,Lgib,0.2199,0.19364,1.1356
OG0010711,Sp,8.50349,0.02741,310.26032
OG0010712,Laeq,0.49891,0.21712,2.29782
OG0010712,Lgib,0.36773,0.18263,2.01356
OG0010712,Wa,0.41581,0.20069,2.07187
OG0010712,Wo,0.46723,0.24103,1.93852
OG0010712,Sp,0.03806,0.0309,1.23175
OG0010713,La,0.09678,0.11526,0.83962
OG0010713,Wa,0.14658,0.17019,0.86124
OG0010713,Wo,0.18893,0.20509,0.92124
OG0010713,Laeq,0.1671,0.23669,0.70599
OG0010713,Lgib,0.1307,0.19993,0.6537
OG0010713,Sp,1.76761,0.02642,66.89344
OG0010714,La,0.00609,0.12839,0.04744
OG0010714,Wa,0.01009,0.18423,0.05479
OG0010714,Wo,0.02343,0.20283,0.11551
OG0010714,Laeq,0.00827,0.19589,0.04221
OG0010714,Lgib,0.0063,0.13006,0.04847
OG0010714,Sp,0.00332,0.02079,0.15958
OG0010715,La,0.08813,0.07704,1.14401
OG0010715,Laeq,0.12672,0.17762,0.71342
OG0010715,Lgib,0.11656,0.12904,0.90327
OG0010715,Wa,0.07897,0.14161,0.55764
OG0010715,Wo,0.08179,0.19498,0.41948
OG0010715,Sp,0.01092,0.03637,0.3001
OG0010716,La,4.156,0.07345,56.58027
OG0010716,Laeq,0.16205,0.13791,1.17502
OG0010716,Lgib,0.10959,0.11773,0.93087
OG0010716,Wa,0.23,0.11537,1.99353
OG0010716,Wo,0.24857,0.1787,1.39101
OG0010716,Sp,0.01983,0.03488,0.56857
OG0010718,La,0.26831,0.0877,3.05956
OG0010718,Laeq,0.27142,0.15241,1.78086
OG0010718,Lgib,0.26039,0.14791,1.76046
OG0010718,Wa,0.35986,0.16762,2.1469
OG0010718,Wo,0.35807,0.20557,1.74182
OG0010718,Sp,0.02372,0.06162,0.38489
OG0010719,La,0.0401,0.13243,0.30279
OG0010719,Lgib,0.05515,0.18878,0.29214
OG0010719,Wa,0.15886,0.18228,0.87152
OG0010719,Wo,3.85554,0.22761,16.9394
OG0010719,Sp,10.51079,0.03866,271.88375
OG0010720,La,0.04265,0.06384,0.66806
OG0010720,Laeq,0.131,0.1466,0.89361
OG0010720,Wa,0.12736,0.23274,0.54721
OG0010720,Wo,0.2501,0.41636,0.60068
OG0010720,Sp,6.11462,0.06358,96.16475
OG0010722,La,0.03727,0.1665,0.22387
OG0010722,Laeq,0.05582,0.32854,0.16989
OG0010722,Lgib,0.04353,0.27049,0.16094
OG0010722,Wa,3.76684,0.23298,16.16799
OG0010722,Wo,3.86667,0.2801,13.80447
OG0010722,Sp,0.01374,0.04031,0.34078
OG0010723,La,0.07359,0.12752,0.57707
OG0010723,Laeq,3.4995,0.23291,15.02494
OG0010723,Lgib,0.10968,0.16276,0.67387
OG0010723,Wa,4.03986,0.20989,19.24782
OG0010723,Wo,3.41561,0.24108,14.16778
OG0010723,Sp,0.01703,0.07734,0.22025
OG0010724,La,0.24916,0.16198,1.53825
OG0010724,Laeq,10.945,0.27762,39.42483
OG0010724,Lgib,10.93385,0.21408,51.07278
OG0010724,Wa,7.51547,0.22122,33.97238
OG0010724,Wo,0.34096,0.24655,1.38292
OG0010724,Sp,0.62759,0.02739,22.91285
OG0010726,La,0.07776,0.21585,0.36025
OG0010726,Laeq,0.29897,0.30369,0.98448
OG0010726,Lgib,0.31867,0.15823,2.014
OG0010726,Wa,0.27983,0.30518,0.91692
OG0010726,Wo,0.46185,0.36128,1.27837
OG0010726,Sp,0.06531,0.1045,0.62495
OG0010731,La,0.15366,0.1557,0.98694
OG0010731,Laeq,0.18659,0.22055,0.84603
OG0010731,Lgib,0.15393,0.1652,0.93175
OG0010731,Wa,0.34226,0.17887,1.91342
OG0010731,Wo,0.43138,0.19012,2.26904
OG0010731,Sp,0.09161,0.05554,1.64956
OG0010732,La,0.4592,0.13263,3.4622
OG0010732,Laeq,0.36416,0.23062,1.57904
OG0010732,Lgib,0.59867,0.20183,2.96618
OG0010732,Wa,0.41536,0.27511,1.50978
OG0010732,Wo,0.49136,0.33389,1.47162
OG0010732,Sp,0.0361,0.05008,0.7208
OG0010735,La,2.01314,0.13126,15.33724
OG0010735,Wa,0.03715,0.22055,0.16842
OG0010735,Wo,0.03289,0.31711,0.10371
OG0010735,Laeq,0.04312,0.26506,0.16268
OG0010735,Lgib,0.03317,0.20652,0.1606
OG0010735,Sp,0.0097,0.01398,0.69393
OG0010736,La,4.73942,0.12592,37.63882
OG0010736,Laeq,2.12654,0.19062,11.1561
OG0010736,Lgib,2.07503,0.14538,14.27312
OG0010736,Wa,0.44043,0.16381,2.68859
OG0010736,Wo,0.33532,0.23671,1.4166
OG0010736,Sp,0.04205,0.04638,0.90673
OG0010737,La,4.83538,0.10956,44.13359
OG0010737,Laeq,9.23739,0.23503,39.30343
OG0010737,Lgib,9.85234,0.19469,50.60598
OG0010737,Wa,2.26435,0.2046,11.06706
OG0010737,Wo,2.34124,0.23982,9.76263
OG0010737,Sp,9.58833,0.01232,778.20317
OG0010738,La,0.0285,0.14067,0.20263
OG0010738,Laeq,0.03852,0.29456,0.13079
OG0010738,Lgib,0.02872,0.2273,0.12634
OG0010738,Wa,0.02824,0.23053,0.12252
OG0010738,Wo,0.0263,0.29655,0.08868
OG0010738,Sp,0.01636,0.05583,0.29307
OG0010739,La,0.12117,0.12659,0.95722
OG0010739,Laeq,0.26319,0.19734,1.33365
OG0010739,Lgib,0.4212,0.15639,2.69331
OG0010739,Wa,0.65328,0.20016,3.26384
OG0010739,Wo,4.3031,0.29478,14.59774
OG0010739,Sp,0.10642,0.04817,2.20933
OG0010740,Laeq,0.11012,0.2206,0.49921
OG0010740,Lgib,0.05674,0.18977,0.29898
OG0010740,Wa,0.02531,0.25549,0.09906
OG0010740,Wo,37.34916,0.29822,125.24133
OG0010740,Sp,0.01748,0.0447,0.391
OG0010741,La,0.06656,0.10883,0.61161
OG0010741,Laeq,0.18244,0.2468,0.7392
OG0010741,Lgib,0.12224,0.15947,0.76656
OG0010741,Wo,0.16464,0.19317,0.85229
OG0010741,Sp,0.01944,0.02701,0.7199
OG0010742,La,0.06143,0.12977,0.47338
OG0010742,Laeq,0.15321,0.23527,0.6512
OG0010742,Lgib,0.32012,0.19132,1.67321
OG0010742,Wa,0.08229,0.17341,0.47454
OG0010742,Wo,0.13807,0.21996,0.62772
OG0010742,Sp,2.23545,0.05579,40.06689
OG0010743,La,1.20008,0.13535,8.86648
OG0010743,Laeq,0.49427,0.17391,2.84207
OG0010743,Lgib,0.1038,0.11608,0.89428
OG0010743,Wa,4.3635,0.20373,21.41791
OG0010743,Wo,8.02543,0.20198,39.73384
OG0010743,Sp,0.02808,0.03539,0.79355
OG0010747,La,0.1031,0.11175,0.92261
OG0010747,Laeq,0.14504,0.19638,0.73857
OG0010747,Lgib,0.1556,0.15929,0.97683
OG0010747,Wa,0.4704,0.20162,2.3331
OG0010747,Wo,1933.0486,0.25084,7706.17079
OG0010747,Sp,0.06169,0.03096,1.99236
OG0010748,La,0.06203,0.17451,0.35544
OG0010748,Laeq,0.0933,0.25379,0.36763
OG0010748,Lgib,0.07683,0.20372,0.37714
OG0010748,Wa,0.16382,0.16299,1.00509
OG0010748,Wo,0.17221,0.24005,0.71737
OG0010748,Sp,0.02132,0.02248,0.94873
OG0010749,La,0.16512,0.13944,1.18416
OG0010749,Laeq,0.25102,0.20889,1.20167
OG0010749,Lgib,0.18495,0.16121,1.14724
OG0010749,Wa,0.27818,0.34509,0.80611
OG0010749,Wo,0.29137,0.40733,0.7153
OG0010749,Sp,0.82134,0.05316,15.4506
OG0010750,La,0.10632,0.16968,0.62661
OG0010750,Laeq,0.13328,0.23976,0.55589
OG0010750,Lgib,0.10076,0.2061,0.4889
OG0010750,Wa,0.10386,0.1992,0.52137
OG0010750,Wo,0.13321,0.23433,0.56849
OG0010750,Sp,0.02899,0.0234,1.23916
OG0010751,La,0.07793,0.09184,0.84854
OG0010751,Laeq,0.10242,0.2328,0.43994
OG0010751,Lgib,0.05986,0.19777,0.3027
OG0010751,Wa,7.82439,0.14394,54.35902
OG0010751,Wo,7.77037,0.27399,28.35983
OG0010751,Sp,0.0249,0.01503,1.657
OG0010752,La,0.14436,0.1185,1.21819
OG0010752,Lgib,17.46322,0.15404,113.36842
OG0010752,Wa,0.42081,0.1693,2.48557
OG0010752,Wo,0.26149,0.24284,1.07682
OG0010752,Sp,0.05946,0.05569,1.0677
OG0010753,La,0.08957,0.13958,0.64169
OG0010753,Wa,1.73962,0.20141,8.63701
OG0010753,Wo,1.75005,0.217,8.06473
OG0010753,Laeq,0.05833,0.17359,0.336
OG0010753,Lgib,0.03056,0.13381,0.22836
OG0010753,Sp,0.00857,0.0209,0.4099
OG0010754,La,0.04163,0.08833,0.47123
OG0010754,Laeq,0.07393,0.26293,0.28119
OG0010754,Lgib,0.05615,0.1353,0.41501
OG0010754,Wa,0.06137,0.25096,0.24453
OG0010754,Wo,0.0719,0.29923,0.24029
OG0010754,Sp,0.01145,0.06057,0.189
OG0010758,La,0.04563,0.06897,0.66151
OG0010758,Laeq,0.07287,0.21477,0.3393
OG0010758,Lgib,0.07452,0.16693,0.44641
OG0010758,Wa,0.10688,0.14459,0.73915
OG0010758,Wo,7.98419,0.24358,32.77817
OG0010758,Sp,0.00386,0.0525,0.07356
OG0010760,La,0.05483,0.12875,0.4259
OG0010760,Laeq,0.56675,0.19185,2.95412
OG0010760,Lgib,0.08752,0.18076,0.48417
OG0010760,Wa,0.11583,0.19779,0.58564
OG0010760,Wo,0.10973,0.21726,0.50506
OG0010760,Sp,0.01007,0.02756,0.36537
OG0010761,La,13.03716,0.20416,63.85706
OG0010761,Laeq,14.91359,0.21091,70.71226
OG0010761,Lgib,17.27598,0.17472,98.88046
OG0010761,Wa,13.06191,0.16964,76.99685
OG0010761,Wo,13.11251,0.21732,60.33601
OG0010761,Sp,0.33532,0.05511,6.08415
OG0010762,La,0.06882,0.13688,0.50274
OG0010762,Wa,0.13536,0.20864,0.64875
OG0010762,Wo,0.13528,0.25102,0.53891
OG0010762,Laeq,0.06583,0.21449,0.30691
OG0010762,Lgib,0.19318,0.16705,1.15644
OG0010762,Sp,0.05858,0.03462,1.69196
OG0010763,La,0.11118,0.19502,0.57009
OG0010763,Laeq,17.64787,0.26024,67.81509
OG0010763,Lgib,4.91213,0.22666,21.67133
OG0010763,Wa,4.93169,0.21862,22.5585
OG0010763,Wo,13.50135,0.26083,51.76395
OG0010763,Sp,0.03551,0.0258,1.37625
OG0010764,La,0.06986,0.09869,0.70793
OG0010764,Laeq,0.08873,0.18874,0.4701
OG0010764,Lgib,0.06304,0.14105,0.44692
OG0010764,Wa,0.09743,0.15517,0.62787
OG0010764,Wo,0.11776,0.19897,0.59189
OG0010764,Sp,0.02345,0.0289,0.81135
OG0010765,Laeq,0.06496,0.21193,0.30654
OG0010765,Lgib,0.02913,0.21803,0.13362
OG0010765,Wa,0.05424,0.2338,0.23198
OG0010765,Wo,0.06895,0.20895,0.33001
OG0010765,Sp,0.27951,0.07783,3.59135
OG0010766,La,0.05482,0.13964,0.39261
OG0010766,Wa,0.0632,0.19836,0.31863
OG0010766,Wo,0.10401,0.21138,0.49203
OG0010766,Laeq,0.07907,0.18821,0.42011
OG0010766,Lgib,0.05483,0.15262,0.35922
OG0010766,Sp,0.00966,0.0317,0.30465
OG0010767,La,0.01973,0.11332,0.17413
OG0010767,Laeq,0.04084,0.15362,0.26588
OG0010767,Lgib,0.03776,0.16358,0.23082
OG0010767,Wa,0.04974,0.18706,0.2659
OG0010767,Wo,0.08216,0.20992,0.39142
OG0010767,Sp,0.0105,0.02726,0.38529
OG0010768,La,22.29601,0.07549,295.3699
OG0010768,Laeq,24.60546,0.14905,165.07678
OG0010768,Lgib,29.69008,0.12466,238.17012
OG0010768,Wa,24.33946,0.1747,139.31803
OG0010768,Wo,24.52915,0.2865,85.61785
OG0010768,Sp,0.02705,0.11829,0.22869
OG0010770,La,0.16619,0.11885,1.3984
OG0010770,Wa,0.17665,0.16991,1.03969
OG0010770,Wo,0.18658,0.20597,0.90589
OG0010770,Laeq,0.18119,0.24451,0.74101
OG0010770,Lgib,0.1851,0.14188,1.30462
OG0010770,Sp,0.01166,0.03454,0.33767
OG0010771,Laeq,8.51488,0.15506,54.9136
OG0010771,Lgib,8.49204,0.1313,64.67557
OG0010771,Wa,8.61239,0.18941,45.46845
OG0010771,Wo,12.8517,0.2225,57.76003
OG0010771,Sp,0.0546,0.04545,1.20132
OG0010773,Laeq,0.09987,0.20404,0.48948
OG0010773,Lgib,0.07591,0.11646,0.65176
OG0010773,Wa,0.23727,0.14535,1.63244
OG0010773,Wo,0.28238,0.24179,1.1679
OG0010773,Sp,0.18128,0.0658,2.75488
OG0010774,Laeq,0.03103,0.34974,0.08872
OG0010774,Lgib,1.70844,0.32953,5.18444
OG0010774,Wa,0.01944,0.28398,0.06845
OG0010774,Wo,0.02641,0.30851,0.08559
OG0010774,Sp,0.00452,0.08844,0.05107
OG0010775,La,0.11977,0.14399,0.83182
OG0010775,Laeq,0.17866,0.26313,0.67897
OG0010775,Lgib,0.15214,0.18383,0.82762
OG0010775,Wa,1.78531,0.21244,8.40365
OG0010775,Wo,1.52932,0.3051,5.01244
OG0010775,Sp,0.05059,0.07318,0.69136
OG0010776,La,4.02285,0.14178,28.37477
OG0010776,Wa,4.04555,0.20795,19.45473
OG0010776,Wo,4.06423,0.26765,15.18489
OG0010776,Laeq,4.04017,0.19976,20.22542
OG0010776,Lgib,4.01538,0.1341,29.94281
OG0010776,Sp,0.04832,0.12498,0.38662
OG0010777,La,0.06687,0.18323,0.36497
OG0010777,Laeq,0.66089,0.30805,2.14537
OG0010777,Lgib,0.11269,0.26338,0.42785
OG0010777,Wa,0.16217,0.23735,0.68326
OG0010777,Wo,0.19044,0.29214,0.65189
OG0010777,Sp,0.09307,0.03679,2.52966
OG0010778,La,0.04188,0.10608,0.39477
OG0010778,Laeq,0.06589,0.26462,0.24902
OG0010778,Lgib,0.09426,0.15271,0.61725
OG0010778,Wa,0.07163,0.19955,0.35895
OG0010778,Wo,0.09974,0.22826,0.43695
OG0010778,Sp,0.01588,0.04215,0.37686
OG0010779,La,30.08842,0.2704,111.27504
OG0010779,Laeq,30.15155,0.40256,74.89973
OG0010779,Lgib,30.11779,0.34561,87.14467
OG0010779,Wa,30.25091,0.38522,78.52905
OG0010779,Wo,30.27287,0.43281,69.9448
OG0010779,Sp,61.43733,0.05455,1126.30103
OG0010780,La,0.08232,0.28584,0.28801
OG0010780,Laeq,1.74983,0.3883,4.50642
OG0010780,Lgib,1.73563,0.34783,4.98984
OG0010780,Wa,1.93237,0.38376,5.0353
OG0010780,Wo,8.29033,0.50615,16.37913
OG0010780,Sp,0.01157,0.0111,1.04209
OG0010782,La,0.07407,0.09953,0.74413
OG0010782,Laeq,0.22056,0.19686,1.12038
OG0010782,Lgib,0.34748,0.15385,2.25854
OG0010782,Wa,2.7995,0.18092,15.47367
OG0010782,Wo,2.28084,0.21077,10.82146
OG0010782,Sp,0.04892,0.0432,1.13244
OG0010783,La,0.05261,0.10902,0.48261
OG0010783,Laeq,0.27275,0.13823,1.97319
OG0010783,Lgib,0.07286,0.08972,0.81213
OG0010783,Sp,0.05038,0.08395,0.60014
OG0010783,Wa,0.14928,0.1516,0.9847
OG0010783,Wo,0.16722,0.19336,0.86482
OG0010784,La,0.09631,0.10083,0.95521
OG0010784,Laeq,1.37604,0.19969,6.89084
OG0010784,Lgib,0.06307,0.18598,0.33911
OG0010784,Wa,0.13302,0.20614,0.64528
OG0010784,Wo,0.15807,0.27034,0.5847
OG0010784,Sp,0.0282,0.05548,0.50825
OG0010786,La,0.09389,0.06294,1.49176
OG0010786,Lgib,0.14435,0.13356,1.08084
OG0010786,Wa,0.16657,0.22759,0.7319
OG0010786,Wo,0.23382,0.42885,0.54523
OG0010786,Sp,3.85934,0.10186,37.88957
OG0010787,La,0.33614,0.08826,3.80845
OG0010787,Laeq,2.91774,0.3136,9.30406
OG0010787,Lgib,2.89745,0.25679,11.28332
OG0010787,Wa,0.43537,0.29555,1.47309
OG0010787,Wo,0.39458,0.29321,1.34573
OG0010787,Sp,0.76989,0.24824,3.10138
OG0010788,La,0.04937,0.12959,0.38095
OG0010788,Lgib,0.06812,0.21273,0.32024
OG0010788,Wa,0.06901,0.17273,0.39953
OG0010788,Wo,0.09033,0.23929,0.37751
OG0010788,Sp,0.01474,0.02856,0.51596
OG0010789,La,0.11015,0.10938,1.00709
OG0010789,Laeq,0.04402,0.22533,0.19537
OG0010789,Lgib,0.0259,0.16329,0.1586
OG0010789,Wa,0.03803,0.17469,0.21773
OG0010789,Sp,0.01626,0.05418,0.30016
OG0010790,La,0.14858,0.14515,1.02364
OG0010790,Sp,0.18184,0.16699,1.08893
OG0010790,Laeq,0.33297,0.29197,1.14041
OG0010790,Lgib,0.3081,0.17127,1.79885
OG0010790,Wa,7.93848,0.10399,76.33608
OG0010790,Wo,15.05782,0.16141,93.28797
OG0010791,La,0.05343,0.11267,0.47421
OG0010791,Laeq,0.12033,0.18375,0.65484
OG0010791,Lgib,0.08697,0.17997,0.48327
OG0010791,Wa,0.16626,0.24328,0.6834
OG0010791,Wo,0.14404,0.33187,0.43402
OG0010791,Sp,0.04198,0.01992,2.10743
OG0010792,La,0.09729,0.15663,0.62111
OG0010792,Laeq,0.08007,0.25552,0.31337
OG0010792,Lgib,0.05711,0.18713,0.30519
OG0010792,Wa,0.09386,0.1995,0.47048
OG0010792,Wo,0.13283,0.22175,0.59902
OG0010792,Sp,0.02009,0.04453,0.45127
OG0010793,La,15.14643,0.09368,161.68772
OG0010793,Laeq,15.21671,0.16341,93.1202
OG0010793,Lgib,15.18023,0.17186,88.32663
OG0010793,Wa,15.2359,0.14258,106.85745
OG0010793,Wo,15.25128,0.20694,73.69906
OG0010793,Sp,0.0379,0.05912,0.64113
OG0010795,La,0.11908,0.15133,0.7869
OG0010795,Laeq,0.13207,0.23042,0.57318
OG0010795,Lgib,0.10623,0.18707,0.56789
OG0010795,Wa,0.2947,0.22927,1.28534
OG0010795,Wo,0.31723,0.2735,1.15988
OG0010795,Sp,0.02888,0.02214,1.30422
OG0010796,La,0.01933,0.09058,0.21337
OG0010796,Sp,0.02101,0.07205,0.29165
OG0010796,Laeq,0.04588,0.1659,0.27656
OG0010796,Wo,0.08951,0.23258,0.38487
OG0010796,Lgib,0.02544,0.08172,0.31134
OG0010796,Wa,0.0434,0.09461,0.45874
OG0010798,La,3001.78694,0.10058,29845.67329
OG0010798,Lgib,0.03042,0.14085,0.21596
OG0010798,Sp,0.01891,0.08011,0.23602
OG0010798,Wa,0.03717,0.1366,0.27213
OG0010798,Wo,1785.83508,0.09786,18249.69333
OG0010799,La,1.30415,0.12174,10.71237
OG0010799,Laeq,1.33465,0.2048,6.51692
OG0010799,Lgib,1.26472,0.15069,8.39285
OG0010799,Wa,0.30634,0.19832,1.54465
OG0010799,Wo,0.37999,0.36729,1.03456
OG0010799,Sp,0.09054,0.08253,1.09715
OG0010803,La,0.4693,0.0698,6.72394
OG0010803,Laeq,6.97806,0.15964,43.71138
OG0010803,Lgib,9.00402,0.11415,78.87702
OG0010803,Wa,0.24453,0.16571,1.47566
OG0010803,Wo,0.29159,0.25619,1.13817
OG0010804,La,0.07241,0.10819,0.66933
OG0010804,Laeq,0.11525,0.25502,0.45192
OG0010804,Lgib,0.11772,0.20992,0.56078
OG0010804,Wa,6.91122,0.19555,35.34166
OG0010804,Wo,7.29263,0.25625,28.45948
OG0010804,Sp,0.04467,0.07244,0.61674
OG0010806,La,5.63457,0.17102,32.94712
OG0010806,Laeq,11.72901,0.23245,50.45786
OG0010806,Lgib,5.66709,0.20773,27.28109
OG0010806,Wa,6.66128,0.25018,26.62595
OG0010806,Wo,6.70891,0.29963,22.39027
OG0010806,Sp,0.04644,0.04353,1.06688
OG0010807,La,0.0768,0.1086,0.70722
OG0010807,Laeq,0.13024,0.20254,0.64301
OG0010807,Lgib,0.09882,0.18128,0.54515
OG0010807,Wa,4.7962,0.20232,23.70604
OG0010807,Wo,4.82026,0.21153,22.78719
OG0010807,Sp,0.02717,0.04803,0.56576
OG0010808,La,0.01517,0.09724,0.15604
OG0010808,Laeq,0.02933,0.19794,0.14816
OG0010808,Lgib,0.02701,0.17889,0.15101
OG0010808,Wa,0.03061,0.20783,0.14728
OG0010808,Wo,0.05212,0.32282,0.16146
OG0010808,Sp,0.00805,0.06673,0.12063
OG0010809,La,0.07313,0.14741,0.49613
OG0010809,Laeq,0.10297,0.17444,0.59032
OG0010809,Lgib,0.06726,0.16393,0.41027
OG0010809,Wa,0.179,0.20291,0.88216
OG0010809,Wo,0.25091,0.21299,1.17801
OG0010809,Sp,0.0237,0.01643,1.44245
OG0010810,La,0.24269,0.18366,1.32137
OG0010810,Laeq,0.27609,0.24527,1.12567
OG0010810,Lgib,0.27833,0.20274,1.37282
OG0010810,Wa,0.29753,0.22897,1.29942
OG0010810,Wo,0.42641,0.2679,1.59167
OG0010810,Sp,0.01072,0.03121,0.34334
OG0010811,Laeq,0.5697,0.34285,1.66166
OG0010811,Lgib,0.43246,0.20922,2.06702
OG0010811,Wa,3.88378,0.24642,15.76103
OG0010811,Wo,3.87901,0.29251,13.26114
OG0010811,Sp,0.33205,0.03196,10.39103
OG0010812,La,0.06016,0.18239,0.32982
OG0010812,Sp,0.45387,0.21354,2.12546
OG0010812,Laeq,0.12127,0.23959,0.50616
OG0010812,Lgib,0.14513,0.21736,0.66768
OG0010812,Wa,12.0041,0.14785,81.18869
OG0010812,Wo,0.15833,0.24998,0.63337
OG0010813,La,1.21231,0.096,12.62816
OG0010813,Laeq,0.14173,0.42546,0.33313
OG0010813,Lgib,0.1051,0.23317,0.45074
OG0010813,Wa,0.14138,0.19984,0.70746
OG0010813,Wo,0.14976,0.3381,0.44294
OG0010813,Sp,0.28373,0.04318,6.57055
OG0010815,La,12.36041,0.14146,87.37743
OG0010815,Laeq,0.26283,0.296,0.88792
OG0010815,Lgib,0.25289,0.21093,1.19893
OG0010815,Wa,0.35518,0.22795,1.55815
OG0010815,Sp,0.09405,0.05418,1.73602
OG0010816,La,0.08012,0.09612,0.83351
OG0010816,Laeq,0.09196,0.15028,0.61197
OG0010816,Lgib,0.08316,0.11102,0.74908
OG0010816,Wa,0.12184,0.12719,0.95789
OG0010816,Wo,0.28481,0.18504,1.53918
OG0010816,Sp,0.0334,0.06486,0.51491
OG0010820,Laeq,0.18335,0.20614,0.88942
OG0010820,Lgib,0.09482,0.1178,0.80491
OG0010820,Wa,0.17435,0.17519,0.99521
OG0010820,Wo,0.10388,0.2067,0.50257
OG0010820,Sp,0.00871,0.0114,0.76453
OG0010824,La,0.02652,0.1584,0.1674
OG0010824,Laeq,0.05101,0.24552,0.20776
OG0010824,Lgib,0.0444,0.21521,0.2063
OG0010824,Wa,0.87341,0.213,4.10053
OG0010824,Wo,0.88028,0.27297,3.22485
OG0010824,Sp,0.01329,0.0299,0.4445
OG0010825,La,0.00793,0.16314,0.04858
OG0010825,Wa,0.00947,0.12425,0.0762
OG0010825,Laeq,11.72653,0.20447,57.34967
OG0010825,Lgib,0.03541,0.14012,0.25272
OG0010825,Wo,0.04356,0.20649,0.21098
OG0010825,Sp,44.56903,0.04752,937.93088
OG0010827,La,13.7167,0.09014,152.17457
OG0010827,Laeq,0.08127,0.19337,0.42026
OG0010827,Lgib,0.06704,0.15374,0.43606
OG0010827,Wa,0.12503,0.17591,0.71078
OG0010827,Wo,0.14444,0.20862,0.69234
OG0010827,Sp,14.94295,0.06521,229.13862
OG0010829,La,0.08028,0.09224,0.87033
OG0010829,Laeq,0.14811,0.09897,1.49649
OG0010829,Lgib,0.10887,0.0891,1.22187
OG0010829,Wa,0.29269,0.10615,2.7574
OG0010829,Wo,0.35034,0.10488,3.34044
OG0010829,Sp,0.06182,0.06344,0.97457
OG0010831,La,4.75821,0.12938,36.77784
OG0010831,Laeq,4.38043,0.21526,20.34948
OG0010831,Lgib,4.36332,0.15576,28.01359
OG0010831,Wa,7.89254,0.17682,44.63691
OG0010831,Wo,8.04952,0.18854,42.69452
OG0010831,Sp,0.01491,0.05322,0.28009
OG0010832,La,0.02225,0.09261,0.24026
OG0010832,Laeq,0.03365,0.14535,0.23154
OG0010832,Lgib,0.09248,0.09583,0.96507
OG0010832,Wa,0.12873,0.12919,0.9965
OG0010832,Wo,0.15794,0.13255,1.1915
OG0010832,Sp,0.0089,0.03385,0.2628
OG0010833,La,0.0593,0.19639,0.30198
OG0010833,Wa,2.7926,0.27626,10.10853
OG0010833,Wo,4.19093,0.29055,14.42388
OG0010833,Laeq,1.22667,0.27424,4.4729
OG0010833,Lgib,1.21159,0.23846,5.08093
OG0010833,Sp,0.01103,0.02243,0.49184
OG0010834,La,0.0916,0.15683,0.58404
OG0010834,Laeq,0.30416,0.44,0.69127
OG0010834,Lgib,0.16341,0.27041,0.60433
OG0010834,Wa,0.17798,0.42894,0.41493
OG0010834,Wo,0.51232,0.48765,1.0506
OG0010834,Sp,0.17144,0.01535,11.17042
OG0010835,La,0.09383,0.09675,0.96981
OG0010835,Laeq,0.1802,0.16796,1.07287
OG0010835,Lgib,0.155,0.12284,1.26184
OG0010835,Wa,0.20164,0.17936,1.12423
OG0010835,Wo,2.26581,0.1974,11.47827
OG0010835,Sp,0.0193,0.03413,0.56546
OG0010837,La,0.01686,0.06328,0.26644
OG0010837,Laeq,0.0456,0.20442,0.22307
OG0010837,Lgib,0.05251,0.17765,0.29559
OG0010837,Wa,2.16133,0.19193,11.26123
OG0010837,Wo,4.99452,0.29722,16.80413
OG0010837,Sp,8.59466,0.13183,65.19555
OG0010839,La,0.12033,0.2133,0.56413
OG0010839,Laeq,1.97662,0.27179,7.27272
OG0010839,Lgib,0.65602,0.25064,2.61741
OG0010839,Wa,0.2636,0.26665,0.98854
OG0010839,Wo,0.32661,0.36474,0.89547
OG0010839,Sp,0.04509,0.04213,1.07026
OG0010840,La,0.194,0.12762,1.52016
OG0010840,Laeq,0.06916,0.29911,0.2312
OG0010840,Lgib,0.06058,0.2773,0.21847
OG0010840,Wa,3.14807,0.4093,7.69142
OG0010840,Wo,0.24025,0.44223,0.54328
OG0010840,Sp,0.04244,0.10294,0.41225
OG0010841,La,0.07188,0.14905,0.48228
OG0010841,Laeq,2.49246,0.24848,10.03102
OG0010841,Lgib,0.07407,0.16656,0.4447
OG0010841,Wa,0.13702,0.13547,1.01146
OG0010841,Sp,12.33226,0.06762,182.36372
OG0010842,La,12.45056,0.24009,51.85829
OG0010842,Laeq,12.60869,0.33582,37.5464
OG0010842,Lgib,12.49629,0.23951,52.17334
OG0010842,Wa,16.35755,0.21411,76.39864
OG0010842,Wo,16.38765,0.2248,72.89796
OG0010842,Sp,0.02868,0.02377,1.20687
OG0010843,La,0.10962,0.13814,0.79357
OG0010843,Laeq,0.29199,0.31054,0.94027
OG0010843,Lgib,0.26984,0.25431,1.06106
OG0010843,Wa,0.42341,0.23415,1.80824
OG0010843,Wo,0.477,0.26573,1.79505
OG0010843,Sp,15.98576,0.0587,272.30948
OG0010844,Laeq,0.22604,0.30453,0.74226
OG0010844,Lgib,0.44935,0.24193,1.85734
OG0010844,Wa,0.21279,0.27917,0.76221
OG0010844,Wo,6.53591,0.32318,20.22366
OG0010844,Sp,0.10899,0.04856,2.24462
OG0010846,La,0.07251,0.13107,0.55322
OG0010846,Laeq,5.25749,0.17562,29.93626
OG0010846,Lgib,0.08342,0.13769,0.60583
OG0010846,Wa,0.46174,0.16608,2.78026
OG0010846,Wo,0.14997,0.25108,0.59731
OG0010846,Sp,0.40276,0.08976,4.48716
OG0010847,La,0.05129,0.12785,0.40113
OG0010847,Laeq,0.08187,0.25132,0.32575
OG0010847,Lgib,0.05016,0.17032,0.29453
OG0010847,Wa,0.05494,0.17834,0.30809
OG0010847,Wo,4.81821,0.19276,24.99561
OG0010847,Sp,0.01119,0.03715,0.30128
OG0010848,La,0.38804,0.27487,1.41168
OG0010848,Laeq,11.49592,0.40815,28.16565
OG0010848,Lgib,0.36509,0.33644,1.08514
OG0010848,Wa,0.21745,0.35492,0.61267
OG0010848,Wo,0.20691,0.50638,0.40861
OG0010848,Sp,2.30604,0.12186,18.9235
OG0010850,La,0.07077,0.11782,0.60065
OG0010850,Laeq,0.10325,0.20408,0.5059
OG0010850,Lgib,0.5677,0.15847,3.58238
OG0010850,Wa,0.24285,0.15823,1.53477
OG0010850,Wo,0.25186,0.22483,1.12026
OG0010850,Sp,10.69119,0.04455,240.00026
OG0010851,La,0.09204,0.11583,0.79462
OG0010851,Wa,0.12564,0.17571,0.71504
OG0010851,Wo,0.15956,0.19237,0.82947
OG0010851,Laeq,0.13135,0.15873,0.82749
OG0010851,Lgib,0.10979,0.11742,0.93505
OG0010851,Sp,0.05243,0.0501,1.04662
OG0010852,La,0.07721,0.18674,0.41345
OG0010852,Laeq,0.45619,0.22598,2.01873
OG0010852,Lgib,0.20062,0.18816,1.06625
OG0010852,Wa,0.328,0.2319,1.41442
OG0010852,Wo,0.29891,0.25359,1.17875
OG0010852,Sp,50.60725,0.03526,1435.09079
OG0010853,La,0.20584,0.12943,1.5903
OG0010853,Laeq,0.29201,0.26029,1.12183
OG0010853,Lgib,0.2406,0.18579,1.29502
OG0010853,Wa,0.24866,0.21107,1.17812
OG0010853,Wo,0.794,0.27894,2.84646
OG0010853,Sp,0.24279,0.03973,6.11029
OG0010855,La,0.07677,0.12223,0.62805
OG0010855,Laeq,0.09894,0.24971,0.39621
OG0010855,Lgib,0.23616,0.1695,1.39328
OG0010855,Wa,0.25889,0.19623,1.31927
OG0010855,Wo,3.68122,0.27265,13.50142
OG0010855,Sp,2.62047,0.04962,52.80966
OG0010856,La,0.05686,0.12056,0.47166
OG0010856,Laeq,0.06311,0.17232,0.36624
OG0010856,Lgib,0.08213,0.13202,0.62208
OG0010856,Wa,0.17749,0.14223,1.24789
OG0010856,Wo,0.11012,0.15664,0.70304
OG0010856,Sp,0.02399,0.01263,1.89937
OG0010857,La,0.14478,0.14738,0.98233
OG0010857,Laeq,0.20681,0.3705,0.55819
OG0010857,Lgib,0.14104,0.26146,0.53941
OG0010857,Wa,0.15141,0.26448,0.5725
OG0010857,Wo,0.18689,0.36509,0.51191
OG0010857,Sp,0.01573,0.05436,0.28936
OG0010860,La,0.09026,0.12086,0.74684
OG0010860,Laeq,0.10911,0.19152,0.56972
OG0010860,Lgib,3.60793,0.09036,39.92892
OG0010860,Wa,0.10112,0.1467,0.6893
OG0010860,Wo,0.11742,0.21802,0.53858
OG0010860,Sp,0.05814,0.02767,2.10119
OG0010864,La,0.04557,0.13563,0.33602
OG0010864,Lgib,3.40611,0.17234,19.76354
OG0010864,Wa,0.11696,0.17683,0.66141
OG0010864,Wo,0.12034,0.24057,0.50023
OG0010864,Sp,0.01473,0.04524,0.32556
OG0010865,La,0.06833,0.10976,0.62257
OG0010865,Laeq,0.10073,0.24261,0.41519
OG0010865,Lgib,0.11458,0.17606,0.65084
OG0010865,Wa,0.09678,0.1732,0.55878
OG0010865,Wo,0.13447,0.22641,0.59392
OG0010865,Sp,0.03886,0.05723,0.67903
OG0010866,La,0.03264,0.10841,0.30111
OG0010866,Laeq,0.05572,0.17577,0.317
OG0010866,Lgib,0.05272,0.15319,0.34412
OG0010866,Wa,0.05081,0.19163,0.26515
OG0010866,Wo,0.10063,0.28633,0.35144
OG0010866,Sp,0.00882,0.03847,0.22937
OG0010867,La,0.36294,0.10334,3.51199
OG0010867,Laeq,1.43068,0.21627,6.61516
OG0010867,Lgib,1.17483,0.18245,6.43921
OG0010867,Wa,18.4492,0.39631,46.55193
OG0010867,Wo,18.5455,0.33163,55.92303
OG0010867,Sp,0.29467,0.06371,4.62516
OG0010869,La,4.55519,0.1146,39.74867
OG0010869,Laeq,0.13455,0.23866,0.56375
OG0010869,Lgib,0.13561,0.18223,0.74415
OG0010869,Wa,0.43542,0.18478,2.3564
OG0010869,Wo,0.41035,0.21269,1.92932
OG0010869,Sp,0.03931,0.04381,0.89732
OG0010871,La,0.03123,0.05226,0.59761
OG0010871,Laeq,4.84008,0.20884,23.17586
OG0010871,Wa,4.85205,0.19569,24.79482
OG0010871,Wo,4.91653,0.23001,21.37492
OG0010871,Lgib,0.06876,0.17574,0.39126
OG0010871,Sp,0.01004,0.03528,0.28453
OG0010872,La,5.8712,0.161,36.46723
OG0010872,Lgib,0.4732,0.23566,2.00792
OG0010872,Wa,10.57393,0.25383,41.65779
OG0010872,Wo,0.39807,0.30648,1.29886
OG0010872,Sp,50.77742,0.02216,2291.52879
OG0010873,La,0.31661,0.08208,3.85724
OG0010873,Laeq,0.19785,0.21317,0.92816
OG0010873,Lgib,0.14199,0.17841,0.79589
OG0010873,Wa,98.69971,0.12246,805.98004
OG0010873,Wo,0.39528,0.33356,1.18502
OG0010873,Sp,0.05875,0.08439,0.6961
OG0010875,La,0.89332,0.1299,6.87701
OG0010875,Laeq,1.0999,0.22016,4.9958
OG0010875,Lgib,1.00991,0.16837,5.99813
OG0010875,Wa,1.76572,0.15967,11.05879
OG0010875,Wo,1.83918,0.24469,7.51628
OG0010875,Sp,0.06285,0.02439,2.57715
OG0010877,La,19.58368,0.15943,122.83588
OG0010877,Laeq,104.56563,0.24502,426.76537
OG0010877,Lgib,104.50105,0.15075,693.21075
OG0010877,Wa,15.51464,0.231,67.16179
OG0010877,Wo,16.1757,0.29997,53.9235
OG0010877,Sp,28.80219,0.05175,556.5184
OG0010878,La,0.02731,0.11443,0.23864
OG0010878,Laeq,0.10372,0.23025,0.45048
OG0010878,Lgib,0.04424,0.1845,0.23978
OG0010878,Wa,1.73089,0.15961,10.84464
OG0010878,Wo,1.75272,0.2317,7.56451
OG0010878,Sp,0.01255,0.04121,0.30453
OG0010879,La,0.3473,0.1374,2.52771
OG0010879,Laeq,0.82582,0.37976,2.17456
OG0010879,Lgib,0.7628,0.37772,2.01949
OG0010879,Wa,0.48361,0.33136,1.45944
OG0010879,Sp,0.04019,0.02527,1.59044
OG0010880,La,1.2916,0.12868,10.03726
OG0010880,Wa,6.02159,0.3909,15.40456
OG0010880,Wo,0.6564,0.503,1.30498
OG0010880,Laeq,0.37994,0.28694,1.32411
OG0010880,Lgib,0.21894,0.1191,1.83826
OG0010880,Sp,0.04552,0.11693,0.38928
OG0010881,La,0.01834,0.10384,0.17662
OG0010881,Laeq,0.0276,0.19048,0.14492
OG0010881,Lgib,0.01941,0.13768,0.14095
OG0010881,Wa,0.03477,0.19025,0.18278
OG0010881,Wo,0.02943,0.17933,0.16412
OG0010881,Sp,0.00679,0.03209,0.21152
OG0010882,La,8.61529,0.14751,58.40657
OG0010882,Laeq,0.09993,0.38488,0.25965
OG0010882,Lgib,0.10147,0.35536,0.28555
OG0010882,Wa,2.33365,0.31311,7.45323
OG0010882,Wo,2.37918,0.44897,5.29922
OG0010882,Sp,0.02724,0.02291,1.18924
OG0010883,La,0.11961,0.14988,0.79802
OG0010883,Laeq,0.34669,0.40668,0.85249
OG0010883,Lgib,0.24223,0.24625,0.9837
OG0010883,Wa,0.24304,0.32077,0.75768
OG0010883,Wo,0.29384,0.47368,0.62033
OG0010883,Sp,0.05444,0.04559,1.19401
OG0010884,La,0.0216,0.09464,0.22827
OG0010884,Laeq,0.08933,0.24989,0.35749
OG0010884,Lgib,0.05982,0.16893,0.3541
OG0010884,Wa,0.09828,0.27686,0.35497
OG0010884,Wo,0.12462,0.4437,0.28086
OG0010884,Sp,0.00907,0.06396,0.14172
OG0010885,La,0.0489,0.13842,0.35325
OG0010885,Laeq,0.06423,0.20585,0.31202
OG0010885,Lgib,0.04657,0.17556,0.26526
OG0010885,Wa,0.0715,0.20413,0.35028
OG0010885,Wo,0.0876,0.21723,0.40327
OG0010885,Sp,0.02549,0.02379,1.07149
OG0010886,La,0.0705,0.09158,0.76985
OG0010886,Laeq,0.09194,0.20745,0.44317
OG0010886,Lgib,0.07944,0.15795,0.50293
OG0010886,Wa,0.19586,0.28155,0.69566
OG0010886,Wo,0.67604,0.26998,2.50405
OG0010886,Sp,0.01015,0.02255,0.45007
OG0010887,La,0.1252,0.1091,1.14761
OG0010887,Laeq,0.1646,0.21607,0.76178
OG0010887,Lgib,0.16164,0.14095,1.14678
OG0010887,Wa,0.11367,0.16544,0.68704
OG0010887,Wo,0.16562,0.20716,0.7995
OG0010887,Sp,0.04113,0.04364,0.94255
OG0010889,La,0.08594,0.11767,0.73034
OG0010889,Wa,0.09087,0.15782,0.57578
OG0010889,Wo,4.50154,0.15722,28.63282
OG0010889,Laeq,7.66717,0.14029,54.65325
OG0010889,Lgib,0.0854,0.12649,0.67517
OG0010889,Sp,3.61852,0.09287,38.96227
OG0010891,La,0.08791,0.10658,0.82482
OG0010891,Laeq,0.13208,0.18601,0.71006
OG0010891,Lgib,0.1091,0.16267,0.67068
OG0010891,Wa,10.1369,0.22737,44.58418
OG0010891,Wo,10.21796,0.19826,51.53923
OG0010891,Sp,0.37886,0.0354,10.70172
OG0010892,La,0.038,0.08788,0.43246
OG0010892,Laeq,0.04232,0.15927,0.2657
OG0010892,Lgib,0.03857,0.10366,0.37204
OG0010892,Wa,0.76577,0.15296,5.00636
OG0010892,Wo,0.04632,0.1821,0.25435
OG0010892,Sp,0.01582,0.03687,0.42898
OG0010893,La,0.06759,0.16444,0.41104
OG0010893,Laeq,0.08524,0.27819,0.3064
OG0010893,Lgib,0.07212,0.22332,0.32293
OG0010893,Wa,1.6218,0.22797,7.11415
OG0010893,Wo,0.09362,0.25298,0.37006
OG0010893,Sp,0.01288,0.03386,0.38032
OG0010894,La,0.0999,0.15028,0.66474
OG0010894,Laeq,0.13468,0.21312,0.63194
OG0010894,Lgib,0.09844,0.20146,0.48865
OG0010894,Wa,3.38365,0.19385,17.45502
OG0010894,Wo,3.39544,0.21777,15.59165
OG0010894,Sp,0.55298,0.0307,18.01375
OG0010895,La,0.07749,0.15253,0.50804
OG0010895,Laeq,0.1233,0.23099,0.53379
OG0010895,Lgib,0.09752,0.20766,0.46961
OG0010895,Wa,0.10884,0.21395,0.50871
OG0010895,Wo,0.17638,0.30916,0.57051
OG0010895,Sp,0.03126,0.03866,0.80864
OG0010896,La,0.15304,0.24745,0.61846
OG0010896,Wa,0.26071,0.31969,0.8155
OG0010896,Wo,9.70525,0.28856,33.6338
OG0010896,Laeq,0.19141,0.2194,0.87243
OG0010896,Lgib,0.15549,0.18168,0.8558
OG0010896,Sp,0.17564,0.03274,5.36431
OG0010897,La,0.55463,0.14846,3.73578
OG0010897,Laeq,0.11256,0.23829,0.47238
OG0010897,Lgib,0.47161,0.14479,3.25715
OG0010897,Wa,0.18782,0.18464,1.01721
OG0010897,Wo,0.18752,0.20333,0.92222
OG0010897,Sp,0.65465,0.10028,6.52834
OG0010898,La,0.08626,0.12643,0.68227
OG0010898,Laeq,0.12398,0.31352,0.39543
OG0010898,Lgib,1.0812,0.19306,5.60022
OG0010898,Wa,0.09547,0.24455,0.39041
OG0010898,Wo,3.70579,0.24855,14.90966
OG0010898,Sp,0.10862,0.03862,2.81262
OG0010900,La,0.12829,0.15941,0.80475
OG0010900,Laeq,0.04935,0.19841,0.24874
OG0010900,Lgib,0.03824,0.22999,0.16628
OG0010900,Wa,0.053,0.25142,0.2108
OG0010900,Wo,0.05152,0.32868,0.15675
OG0010900,Sp,0.0173,0.05002,0.34586
OG0010901,La,0.03964,0.13438,0.29495
OG0010901,Laeq,0.09196,0.1904,0.48301
OG0010901,Lgib,0.08923,0.16617,0.53695
OG0010901,Wa,0.08452,0.20372,0.41487
OG0010901,Wo,0.10437,0.24756,0.4216
OG0010901,Sp,0.01314,0.02453,0.53567
OG0010902,La,0.14682,0.18891,0.77717
OG0010902,Laeq,0.30723,0.36237,0.84783
OG0010902,Lgib,0.20336,0.25503,0.79738
OG0010902,Wa,0.36563,0.31309,1.16782
OG0010902,Wo,0.3261,0.37616,0.86693
OG0010902,Sp,0.04502,0.0413,1.08992
OG0010904,La,0.08654,0.1131,0.76515
OG0010904,Laeq,0.13338,0.15773,0.84563
OG0010904,Lgib,0.08813,0.15303,0.57588
OG0010904,Wa,0.15054,0.18078,0.83272
OG0010904,Wo,0.26712,0.19204,1.39095
OG0010904,Sp,0.01396,0.02157,0.64732
OG0010905,La,11.53503,0.13181,87.51261
OG0010905,Laeq,0.23045,0.29849,0.77205
OG0010905,Lgib,0.20665,0.1805,1.14486
OG0010905,Wa,0.27514,0.17567,1.56623
OG0010905,Wo,0.3956,0.22442,1.76273
OG0010905,Sp,0.08801,0.08077,1.0897
OG0010906,La,0.01268,0.13395,0.09469
OG0010906,Laeq,0.01907,0.19364,0.09849
OG0010906,Lgib,0.01584,0.15726,0.10074
OG0010906,Wa,0.01912,0.18304,0.10448
OG0010906,Wo,0.01902,0.20734,0.09174
OG0010906,Sp,0.00401,0.05197,0.07723
OG0010907,La,3.88076,0.227,17.09576
OG0010907,Laeq,3.89765,0.3682,10.58577
OG0010907,Lgib,3.87123,0.26147,14.80573
OG0010907,Wa,5.82332,0.21898,26.59319
OG0010907,Wo,5.83454,0.29864,19.53679
OG0010907,Sp,0.14824,0.044,3.36879
OG0010908,La,0.1504,0.12704,1.18381
OG0010908,Laeq,0.36428,0.21493,1.69487
OG0010908,Lgib,0.31839,0.15252,2.08758
OG0010908,Wa,0.35664,0.22939,1.55475
OG0010908,Wo,0.37721,0.22634,1.66655
OG0010908,Sp,0.05541,0.06442,0.86024
OG0010910,La,0.02222,0.1213,0.18315
OG0010910,Laeq,0.33457,0.23521,1.42243
OG0010910,Lgib,0.28944,0.20409,1.41818
OG0010910,Wa,2.45918,0.34917,7.04285
OG0010910,Wo,4.98466,0.41399,12.04053
OG0010910,Sp,0.08701,0.08325,1.04518
OG0010911,La,2.65759,0.25957,10.23833
OG0010911,Wa,2.63958,0.36784,7.17587
OG0010911,Wo,2.67935,0.40334,6.64288
OG0010911,Laeq,0.5779,0.28595,2.021
OG0010911,Lgib,0.56345,0.21319,2.64295
OG0010911,Sp,0.65189,0.03861,16.88448
OG0010912,La,0.04957,0.113,0.43869
OG0010912,Laeq,0.08459,0.18667,0.45315
OG0010912,Lgib,4.62674,0.1392,33.23846
OG0010912,Wa,0.304,0.19065,1.59453
OG0010912,Wo,4.62839,0.26451,17.49781
OG0010912,Sp,0.03985,0.09423,0.42292
OG0010913,La,0.05557,0.11083,0.50144
OG0010913,Laeq,0.0892,0.22414,0.39797
OG0010913,Lgib,0.0467,0.2424,0.19267
OG0010913,Wa,0.0541,0.39286,0.13772
OG0010913,Wo,0.09037,0.52977,0.17058
OG0010913,Sp,0.03183,0.0141,2.2571
OG0010914,La,0.08849,0.15338,0.57692
OG0010914,Laeq,0.07753,0.203,0.38193
OG0010914,Lgib,0.0714,0.15356,0.46496
OG0010914,Wa,0.12069,0.14893,0.81041
OG0010914,Sp,0.0236,0.02501,0.94353
OG0010915,La,0.23466,0.1347,1.74212
OG0010915,Laeq,2.06437,0.25772,8.01019
OG0010915,Lgib,13.12522,0.20293,64.67886
OG0010915,Wa,798.66267,0.22157,3604.57465
OG0010915,Wo,8.73394,0.31806,27.46007
OG0010915,Sp,0.06421,0.01733,3.70571
OG0010916,Laeq,0.35728,0.2628,1.3595
OG0010916,Lgib,0.34459,0.18403,1.87248
OG0010916,Wa,10.77061,0.22273,48.35706
OG0010916,Wo,0.32251,0.20885,1.54422
OG0010916,Sp,10.58222,0.06359,166.42017
OG0010919,La,0.12984,0.12433,1.0443
OG0010919,Laeq,0.2331,0.25799,0.9035
OG0010919,Wa,0.24068,0.2168,1.11013
OG0010919,Wo,0.24634,0.2803,0.87883
OG0010919,Lgib,0.16406,0.16694,0.98273
OG0010919,Sp,0.11406,0.04804,2.37446
OG0010920,La,1.46373,0.12934,11.31728
OG0010920,Laeq,4.91054,0.18838,26.06725
OG0010920,Lgib,1.50319,0.17344,8.66671
OG0010920,Wa,1.53444,0.22509,6.81709
OG0010920,Wo,1.67218,0.24011,6.96428
OG0010920,Sp,0.02846,0.03443,0.82664
OG0010921,La,0.05533,0.12956,0.42707
OG0010921,Wa,0.09911,0.21037,0.47112
OG0010921,Wo,4.41664,0.25056,17.62719
OG0010921,Laeq,0.07034,0.2237,0.31442
OG0010921,Lgib,0.05518,0.16069,0.34339
OG0010921,Sp,0.01608,0.03986,0.40347
OG0010922,La,34.1473,0.14355,237.88269
OG0010922,Laeq,34.2074,0.30176,113.35849
OG0010922,Lgib,34.17017,0.19688,173.55397
OG0010922,Wa,40.26766,0.27028,148.98772
OG0010922,Wo,44.33917,0.24935,177.82039
OG0010922,Sp,0.05126,0.03762,1.36247
OG0010925,La,0.06442,0.15473,0.41631
OG0010925,Laeq,7.13266,0.32652,21.84418
OG0010925,Lgib,0.1399,0.36239,0.38605
OG0010925,Wa,18.33015,0.2967,61.78023
OG0010925,Wo,18.36515,0.38298,47.95368
OG0010925,Sp,0.04518,0.04313,1.0477
OG0010926,La,0.05653,0.07991,0.70748
OG0010926,Laeq,0.07747,0.11722,0.66096
OG0010926,Lgib,0.19812,0.10521,1.88299
OG0010926,Wa,0.13875,0.14198,0.97722
OG0010926,Wo,0.18414,0.20061,0.91791
OG0010926,Sp,0.0435,0.03733,1.16514
OG0010929,La,0.0713,0.10924,0.65267
OG0010929,Laeq,0.22098,0.2345,0.94235
OG0010929,Lgib,0.14045,0.17325,0.81067
OG0010929,Wa,0.38706,0.28647,1.35116
OG0010929,Wo,0.39206,0.3007,1.30381
OG0010929,Sp,17.62154,0.054,326.33352
OG0010930,La,0.23845,0.10992,2.16928
OG0010930,Laeq,4.56989,0.24651,18.53829
OG0010930,Lgib,0.27222,0.1529,1.78037
OG0010930,Wa,40.35624,0.15708,256.92035
OG0010930,Wo,0.23909,0.24984,0.95697
OG0010930,Sp,0.71399,0.09387,7.6063
OG0010931,La,0.04554,0.12867,0.35392
OG0010931,Laeq,0.06949,0.18177,0.38228
OG0010931,Lgib,0.05313,0.13286,0.39991
OG0010931,Wa,0.07734,0.20644,0.37462
OG0010931,Wo,5.42095,0.22756,23.82193
OG0010931,Sp,0.01528,0.02924,0.52269
OG0010932,La,0.34916,0.09289,3.75905
OG0010932,Wa,0.43794,0.19585,2.23616
OG0010932,Wo,0.40205,0.27238,1.47606
OG0010932,Laeq,1.77759,0.27259,6.52107
OG0010932,Lgib,3.32191,0.15362,21.62356
OG0010932,Sp,0.08479,0.06404,1.32416
OG0010933,La,6.73811,0.13782,48.89114
OG0010933,Laeq,1.45557,0.2648,5.49698
OG0010933,Lgib,287.95664,0.20236,1422.99092
OG0010933,Wa,1.5795,0.21162,7.46391
OG0010933,Wo,1.57869,0.26036,6.0634
OG0010933,Sp,15.90922,0.04253,374.05111
OG0010934,La,0.41301,0.13961,2.95828
OG0010934,Laeq,0.43679,0.22958,1.90253
OG0010934,Lgib,4.85531,0.18728,25.92546
OG0010934,Wa,0.40854,0.21426,1.90676
OG0010934,Wo,0.44158,0.24964,1.76887
OG0010934,Sp,0.01207,0.01604,0.75292
OG0010935,La,0.09104,0.12699,0.7169
OG0010935,Lgib,5.77234,0.2124,27.17635
OG0010935,Wa,0.14253,0.19618,0.72652
OG0010935,Wo,0.1912,0.30125,0.6347
OG0010935,Sp,0.0149,0.03176,0.46927
OG0010936,La,7.42267,0.12528,59.2509
OG0010936,Laeq,21.72598,0.20548,105.73081
OG0010936,Lgib,16.73977,0.20287,82.51501
OG0010936,Wa,8.24274,0.20057,41.09718
OG0010936,Wo,8.14855,0.2139,38.09501
OG0010936,Sp,0.05019,0.03875,1.29538
OG0010937,La,6.95716,0.1591,43.72833
OG0010937,Sp,0.4936,0.13244,3.72685
OG0010937,Wa,0.17041,0.17818,0.95638
OG0010937,Laeq,0.19347,0.16228,1.19226
OG0010937,Lgib,0.33227,0.12893,2.57724
OG0010938,La,0.01166,0.12121,0.09623
OG0010938,Laeq,69.04843,0.16095,429.01015
OG0010938,Lgib,68.95683,0.12545,549.67068
OG0010938,Wa,0.03307,0.15061,0.21957
OG0010938,Wo,0.04571,0.19957,0.22903
OG0010938,Sp,0.00408,0.06149,0.06634
OG0010939,La,0.05074,0.16122,0.31476
OG0010939,Laeq,0.07461,0.19108,0.39048
OG0010939,Lgib,0.0564,0.15946,0.35367
OG0010939,Wa,0.0581,0.17263,0.33654
OG0010939,Wo,0.06479,0.22713,0.28523
OG0010939,Sp,0.03578,0.02945,1.21467
OG0010941,La,0.26923,0.12547,2.14576
OG0010941,Laeq,0.37798,0.28282,1.33645
OG0010941,Lgib,0.34898,0.23881,1.4613
OG0010941,Wa,0.40916,0.19787,2.06783
OG0010941,Wo,0.98576,0.31834,3.09655
OG0010941,Sp,7.67368,0.02226,344.73381
OG0010942,La,0.04304,0.0959,0.44875
OG0010942,Laeq,0.06679,0.15492,0.4311
OG0010942,Lgib,0.39476,0.10091,3.91187
OG0010942,Wa,0.07046,0.15082,0.46721
OG0010942,Wo,0.5546,0.16353,3.39133
OG0010942,Sp,0.04137,0.03902,1.06015
OG0010943,Laeq,0.08757,0.13931,0.62862
OG0010943,Lgib,0.09703,0.14213,0.68274
OG0010943,Wa,0.82196,0.15804,5.20084
OG0010943,Wo,0.95441,0.20895,4.56763
OG0010943,Sp,0.00323,0.02098,0.15369
OG0010944,La,1.55022,0.09717,15.95291
OG0010944,Laeq,0.51617,0.25969,1.98762
OG0010944,Lgib,0.17653,0.19157,0.92148
OG0010944,Wa,0.26005,0.2311,1.12528
OG0010944,Wo,0.58307,0.2406,2.42335
OG0010944,Sp,1.30188,0.09157,14.21741
OG0010945,La,0.05028,0.09237,0.54436
OG0010945,Lgib,0.12052,0.17093,0.70504
OG0010945,Wa,0.05119,0.15842,0.32316
OG0010945,Wo,0.10503,0.19053,0.55125
OG0010945,Sp,0.01253,0.04372,0.28661
OG0010946,La,0.05191,0.16029,0.32385
OG0010946,Laeq,0.1018,0.28702,0.35467
OG0010946,Lgib,0.08229,0.24633,0.33407
OG0010946,Wa,0.11235,0.23602,0.476
OG0010946,Wo,2.81826,0.35629,7.91007
OG0010946,Sp,0.04902,0.03572,1.37252
OG0010947,La,0.24751,0.10988,2.25253
OG0010947,Laeq,0.15428,0.22935,0.67269
OG0010947,Lgib,0.07359,0.19372,0.37988
OG0010947,Wa,0.35767,0.23372,1.53034
OG0010947,Wo,8.20607,0.22435,36.57792
OG0010947,Sp,0.03045,0.01656,1.83806
OG0010948,La,0.81699,0.12507,6.53202
OG0010948,Laeq,0.93455,0.23352,4.00194
OG0010948,Lgib,3.31949,0.18877,17.58466
OG0010948,Wa,0.9791,0.2273,4.30744
OG0010948,Wo,1.16633,0.27429,4.25226
OG0010948,Sp,0.02722,0.04786,0.56883
OG0010949,La,3.40882,0.13135,25.95259
OG0010949,Laeq,9.32957,0.26368,35.38244
OG0010949,Lgib,9.21056,0.20914,44.03915
OG0010949,Wa,3.40372,0.19873,17.12749
OG0010949,Wo,3.61228,0.22983,15.71741
OG0010949,Sp,11.28961,0.05802,194.57826
OG0010950,La,0.09118,0.05202,1.75264
OG0010950,Laeq,0.16982,0.15161,1.12012
OG0010950,Lgib,0.11202,0.18565,0.60338
OG0010950,Wa,0.16269,0.17391,0.9355
OG0010950,Wo,0.60172,0.26609,2.26139
OG0010950,Sp,4.83246,0.08352,57.86212
OG0010951,La,0.03975,0.14423,0.27559
OG0010951,Laeq,0.08555,0.23183,0.36903
OG0010951,Lgib,0.08024,0.21465,0.3738
OG0010951,Wa,0.06256,0.17216,0.36341
OG0010951,Wo,0.05947,0.23004,0.25853
OG0010951,Sp,0.28085,0.0599,4.68843
OG0010953,La,0.08683,0.13366,0.64965
OG0010953,Laeq,0.56911,0.20994,2.71088
OG0010953,Lgib,0.14801,0.17533,0.84417
OG0010953,Wa,0.32937,0.27478,1.19867
OG0010953,Wo,0.41509,0.30518,1.36014
OG0010953,Sp,0.48569,0.22869,2.12377
OG0010954,La,0.08362,0.16777,0.49844
OG0010954,Laeq,0.21253,0.22629,0.93919
OG0010954,Lgib,0.18224,0.1713,1.06387
OG0010954,Wa,8.38112,0.25227,33.22255
OG0010954,Wo,0.46537,0.4253,1.09422
OG0010954,Sp,0.06736,0.01794,3.75477
OG0010955,La,0.23884,0.13319,1.79322
OG0010955,Wa,451.93676,0.15815,2857.70081
OG0010955,Wo,3.77931,0.20492,18.44307
OG0010955,Laeq,706.09435,0.18802,3755.4057
OG0010955,Lgib,0.09831,0.18082,0.54369
OG0010955,Sp,0.03941,0.06034,0.65315
OG0010956,La,0.05098,0.09347,0.5454
OG0010956,Laeq,0.13873,0.24639,0.56306
OG0010956,Lgib,0.11259,0.16643,0.67648
OG0010956,Wa,0.12518,0.27192,0.46034
OG0010956,Wo,0.27045,0.2304,1.17381
OG0010956,Sp,0.02337,0.04708,0.49645
OG0010957,La,0.02673,0.0902,0.29632
OG0010957,Laeq,0.07819,0.16903,0.46256
OG0010957,Lgib,0.17927,0.10046,1.78437
OG0010957,Wa,0.5968,0.19396,3.077
OG0010957,Wo,3.25,0.20983,15.48866
OG0010957,Sp,0.02187,0.03992,0.54791
OG0010958,La,0.1116,0.10723,1.04068
OG0010958,Laeq,0.26926,0.31952,0.84269
OG0010958,Lgib,0.18746,0.17852,1.05007
OG0010958,Wa,0.20898,0.18989,1.1005
OG0010958,Wo,0.26833,0.27818,0.9646
OG0010958,Sp,0.1049,0.07415,1.4147
OG0010959,La,7.52013,0.17981,41.82242
OG0010959,Laeq,7.66855,0.29565,25.93782
OG0010959,Lgib,7.61245,0.2212,34.41456
OG0010959,Wa,8.63932,0.26601,32.47734
OG0010959,Wo,10.57308,0.32954,32.08459
OG0010959,Sp,0.99553,0.11336,8.78199
OG0010960,La,0.09156,0.1572,0.5824
OG0010960,Wa,0.12367,0.18683,0.66191
OG0010960,Wo,0.12709,0.20978,0.60582
OG0010960,Laeq,0.21251,0.20148,1.05473
OG0010960,Lgib,0.18271,0.15587,1.17225
OG0010960,Sp,0.02583,0.04295,0.60144
OG0010962,La,0.46049,0.15033,3.06321
OG0010962,Laeq,0.09727,0.19471,0.4996
OG0010962,Lgib,0.07574,0.16044,0.47207
OG0010962,Wa,0.07735,0.19381,0.39911
OG0010962,Wo,0.09776,0.20368,0.47998
OG0010962,Sp,0.02153,0.03201,0.67247
OG0010963,La,18.71732,0.11208,166.99682
OG0010963,Laeq,19.11908,0.36648,52.17012
OG0010963,Lgib,19.0691,0.2292,83.19997
OG0010963,Wa,18.959,0.39385,48.13743
OG0010963,Wo,36.19852,0.44008,82.25476
OG0010963,Sp,0.03948,0.05219,0.75647
OG0010965,La,0.05402,0.16163,0.3342
OG0010965,Laeq,0.05739,0.26089,0.21997
OG0010965,Lgib,0.05558,0.23497,0.23652
OG0010965,Wa,0.52318,0.18765,2.78802
OG0010965,Wo,0.52988,0.23604,2.2449
OG0010965,Sp,1.85886,0.03666,50.70156
OG0010967,La,0.10722,0.12511,0.85696
OG0010967,Laeq,3.14848,0.18626,16.90382
OG0010967,Lgib,3.13371,0.1482,21.14465
OG0010967,Wa,0.27514,0.15798,1.7416
OG0010967,Wo,0.31016,0.20753,1.49458
OG0010967,Sp,0.07373,0.02772,2.65988
OG0011074,Laeq,33.70408,0.1972,170.91261
OG0011074,Lgib,2.47952,0.1264,19.61701
OG0011074,Wa,2.71722,0.17593,15.4448
OG0011074,Wo,2.88862,0.23393,12.34808
OG0011074,Sp,5.18646,0.09132,56.79169
OG0011080,La,0.18004,0.18261,0.98593
OG0011080,Wa,0.20545,0.29294,0.70131
OG0011080,Wo,0.62745,0.47568,1.31908
OG0011080,Laeq,44.89795,0.23438,191.56039
OG0011080,Lgib,44.82984,0.3845,116.59397
OG0011080,Sp,8.12521,0.0391,207.78315
OG0011085,La,0.12598,0.07884,1.59792
OG0011085,Laeq,24.56108,0.20389,120.46162
OG0011085,Lgib,24.52234,0.11459,213.99382
OG0011085,Wa,0.1446,0.23247,0.62201
OG0011085,Wo,0.12305,0.35023,0.35134
OG0011086,La,0.02362,0.04553,0.51886
OG0011086,Laeq,390.40827,0.14733,2649.94569
OG0011086,Lgib,0.20933,0.13965,1.49898
OG0011086,Wa,0.07094,0.17839,0.39766
OG0011086,Wo,0.08312,0.21544,0.38583
OG0011086,Sp,4.27308,0.14775,28.92088
OG0011088,La,0.0779,0.12747,0.61113
OG0011088,Laeq,0.2328,0.25282,0.92081
OG0011088,Lgib,0.14023,0.18497,0.75809
OG0011088,Wa,0.52688,0.18309,2.87764
OG0011088,Wo,0.56763,0.21625,2.62489
OG0011088,Sp,1.63269,0.02163,75.4733
OG0011090,La,0.02429,0.11631,0.20886
OG0011090,Lgib,0.04164,0.22346,0.18632
OG0011090,Wa,0.09298,0.36232,0.25663
OG0011090,Wo,0.16148,0.55527,0.29081
OG0011090,Sp,0.0109,0.03199,0.34058
OG0011091,La,0.05346,0.15723,0.34003
OG0011091,Laeq,0.16843,0.12812,1.31464
OG0011091,Lgib,0.15453,0.1185,1.30407
OG0011091,Wa,1.23784,0.29821,4.15086
OG0011091,Wo,1.20292,0.31926,3.76782
OG0011092,Laeq,0.12167,0.20765,0.58595
OG0011092,Lgib,0.12354,0.16595,0.74444
OG0011092,Wa,0.23008,0.18996,1.21121
OG0011092,Wo,0.27584,0.248,1.11224
OG0011092,Sp,0.03568,0.12138,0.29397
OG0011093,Laeq,0.21333,0.38002,0.56138
OG0011093,Lgib,0.16848,0.19671,0.85647
OG0011093,Wa,0.30527,0.33511,0.91097
OG0011093,Wo,0.28871,0.39113,0.73815
OG0011093,Sp,3216.03871,0.06572,48937.98038
OG0011099,La,0.10988,0.08142,1.34946
OG0011099,Laeq,2.6916,0.23128,11.63777
OG0011099,Lgib,6.19976,0.1808,34.29076
OG0011099,Sp,1.9042,0.13099,14.53669
OG0011099,Wa,0.26316,0.16972,1.55056
OG0011099,Wo,0.25729,0.26693,0.96388
OG0011101,Laeq,0.15244,0.29103,0.5238
OG0011101,Lgib,0.14393,0.22914,0.62815
OG0011101,Wa,3.01892,0.38772,7.78636
OG0011101,Wo,0.26287,0.41169,0.63851
OG0011101,Sp,0.04031,0.1225,0.32909
OG0011105,La,0.06351,0.05063,1.25454
OG0011105,Laeq,0.13745,0.14312,0.96033
OG0011105,Lgib,0.11254,0.12754,0.88243
OG0011105,Wa,0.18363,0.22121,0.83011
OG0011105,Wo,0.22716,0.3084,0.73658
OG0011105,Sp,0.06676,0.10669,0.62579
OG0011109,La,0.30101,0.18781,1.60278
OG0011109,Lgib,0.99727,0.24735,4.03175
OG0011109,Wa,31.78248,0.52019,61.09793
OG0011109,Wo,0.57839,0.39523,1.46342
OG0011109,Sp,0.39291,0.01564,25.12323
OG0011114,La,0.04916,0.16914,0.29064
OG0011114,Wa,0.11643,0.26977,0.43157
OG0011114,Wo,0.33189,0.43008,0.77169
OG0011114,Lgib,0.06671,0.23444,0.28455
OG0011114,Sp,0.03831,0.07292,0.52543
OG0011115,La,0.0817,0.07708,1.05987
OG0011115,Wa,3.25485,0.11081,29.37327
OG0011115,Wo,3.2592,0.19309,16.87898
OG0011115,Laeq,0.00219,0.18013,0.01216
OG0011115,Lgib,0.0,0.07781,0.0
OG0011116,La,5.56128,0.10719,51.8805
OG0011116,Laeq,4.84773,0.2724,17.79609
OG0011116,Lgib,4.80168,0.15873,30.25009
OG0011116,Wa,0.41076,0.26663,1.54055
OG0011116,Wo,0.32706,0.35881,0.9115
OG0011116,Sp,0.0292,0.05019,0.58184
OG0011117,La,0.03841,0.21072,0.1823
OG0011117,Laeq,0.15624,0.2776,0.56283
OG0011117,Wa,0.63715,0.35846,1.77744
OG0011117,Wo,0.76781,0.35378,2.17028
OG0011117,Lgib,0.16872,0.28524,0.59151
OG0011117,Sp,0.10435,0.05384,1.93813
OG0011119,La,0.10919,0.11029,0.99005
OG0011119,Lgib,0.13909,0.14996,0.92755
OG0011119,Wa,0.32175,0.22885,1.40599
OG0011119,Wo,0.38165,0.3008,1.26882
OG0011119,Sp,0.36613,0.11897,3.07759
OG0011120,La,0.05488,0.07965,0.68903
OG0011120,Laeq,0.23072,0.28236,0.8171
OG0011120,Lgib,0.20557,0.22344,0.92003
OG0011120,Wa,0.15231,0.30075,0.50645
OG0011120,Wo,0.20178,0.35645,0.56607
OG0011120,Sp,0.09097,0.06011,1.51337
OG0011122,La,0.09622,0.12134,0.79303
OG0011122,Laeq,0.12675,0.16987,0.74611
OG0011122,Lgib,0.08751,0.1194,0.73287
OG0011122,Wa,0.06846,0.13682,0.50035
OG0011122,Wo,0.20849,0.17919,1.16349
OG0011134,La,0.04105,0.02719,1.51002
OG0011134,Laeq,0.10165,0.35821,0.28378
OG0011134,Lgib,0.09026,0.2013,0.44836
OG0011134,Wa,9.81743,0.39446,24.88814
OG0011134,Wo,52.24489,0.39109,133.5888
OG0011134,Sp,0.23091,0.26155,0.88288
OG0011135,Laeq,0.21216,0.24983,0.84922
OG0011135,Lgib,0.16444,0.18784,0.87543
OG0011135,Wa,0.1769,0.20136,0.87849
OG0011135,Wo,0.20882,0.22036,0.94763
OG0011135,Sp,0.08977,0.03517,2.55244
OG0011141,La,0.07421,0.1367,0.54286
OG0011141,Lgib,0.09482,0.138,0.68712
OG0011141,Wa,0.176,0.20242,0.86947
OG0011141,Wo,0.43381,0.27113,1.59999
OG0011141,Sp,0.23419,0.02581,9.07414
OG0011155,La,0.05659,0.09234,0.61285
OG0011155,Wa,1.39804,0.22297,6.27019
OG0011155,Laeq,0.14646,0.20874,0.70165
OG0011155,Lgib,0.06296,0.16837,0.3739
OG0011155,Sp,0.00931,0.08074,0.1153
OG0011156,La,0.0321,0.08094,0.39655
OG0011156,Wa,0.07906,0.30894,0.2559
OG0011156,Sp,0.0334,0.15945,0.20948
OG0011156,Laeq,0.04541,0.20476,0.22176
OG0011156,Lgib,0.03206,0.15817,0.20267
OG0011160,La,0.04231,0.07301,0.57957
OG0011160,Laeq,0.05738,0.17549,0.32694
OG0011160,Lgib,0.0457,0.1219,0.37493
OG0011160,Sp,0.04298,0.09875,0.4352
OG0011160,Wa,4.46357,0.13907,32.09644
OG0011160,Wo,4.46817,0.15719,28.42517
OG0011164,La,3.11937,0.13081,23.84594
OG0011164,Wa,2.98024,0.25239,11.80811
OG0011164,Wo,3.07884,0.28939,10.63899
OG0011164,Laeq,3.09364,0.21963,14.08586
OG0011164,Sp,0.03558,0.01177,3.02347
OG0011165,Laeq,2.32081,1.48424,1.56364
OG0011165,Lgib,2.31432,1.29143,1.79207
OG0011165,Wa,2.39915,1.05393,2.27638
OG0011165,Wo,1.17411,1.65888,0.70777
OG0011165,Sp,14.9494,0.58362,25.61515
OG0011167,Laeq,0.076,0.2129,0.35697
OG0011167,Lgib,0.06855,0.23884,0.287
OG0011167,Wa,0.1502,0.20182,0.74422
OG0011167,Wo,0.16479,0.22469,0.73341
OG0011167,Sp,0.02596,0.09541,0.27207
OG0011169,La,0.00546,0.06478,0.08431
OG0011169,Laeq,0.02224,0.18452,0.12052
OG0011169,Lgib,0.01673,0.1555,0.10759
OG0011169,Wa,0.02658,0.15478,0.17172
OG0011169,Wo,0.03142,0.16725,0.18785
OG0011174,Laeq,2.15735,0.22655,9.5224
OG0011174,Lgib,2.16327,0.27991,7.72847
OG0011174,Sp,5.90147,0.29225,20.19356
OG0011174,Wa,0.04281,0.07617,0.56198
OG0011174,Wo,0.14259,0.11773,1.21113
OG0011176,La,0.01759,0.06049,0.29073
OG0011176,Laeq,0.04418,0.18152,0.24337
OG0011176,Lgib,0.02831,0.16938,0.16716
OG0011176,Sp,0.11921,0.20175,0.59088
OG0011176,Wa,0.07906,0.13551,0.58343
OG0011176,Wo,0.09003,0.25611,0.35153
OG0011181,La,0.19165,0.0624,3.07111
OG0011181,Sp,10.77799,0.07625,141.35616
OG0011181,Lgib,2.32562,0.20532,11.32657
OG0011181,Wa,12.67853,0.16732,75.77373
OG0011181,Wo,12.64123,0.31922,39.60001
OG0011182,La,4.65599,0.17756,26.22205
OG0011182,Laeq,0.18116,0.30027,0.60334
OG0011182,Lgib,0.16358,0.32836,0.49817
OG0011182,Wa,0.10847,0.41885,0.25898
OG0011182,Wo,0.29557,0.65476,0.45141
OG0011182,Sp,0.19638,0.03516,5.58548
OG0011188,La,2.45522,0.1289,19.04733
OG0011188,Lgib,0.14141,0.16308,0.86712
OG0011188,Wa,0.16924,0.179,0.94543
OG0011188,Wo,0.19938,0.21438,0.93007
OG0011188,Sp,0.03881,0.03005,1.29138
OG0011189,La,0.08709,0.07827,1.11259
OG0011189,Laeq,21.70654,0.28602,75.89258
OG0011189,Lgib,16.5331,0.26957,61.3319
OG0011189,Wa,30.74467,0.22496,136.66696
OG0011189,Wo,4450.20677,0.2838,15680.97234
OG0011189,Sp,0.21693,0.08068,2.68871
OG0011190,La,0.05227,0.09198,0.56824
OG0011190,Laeq,0.03505,0.16983,0.20638
OG0011190,Lgib,0.03537,0.17549,0.20153
OG0011190,Wa,0.05267,0.23461,0.22448
OG0011190,Wo,0.06236,0.24056,0.25925
OG0011190,Sp,0.00584,0.02615,0.22325
OG0011202,La,0.13468,0.13179,1.02196
OG0011202,Wa,0.31542,0.28067,1.1238
OG0011202,Sp,0.05004,0.07454,0.67135
OG0011202,Laeq,0.77598,0.16426,4.72412
OG0011202,Lgib,1.66311,0.07732,21.51044
OG0011203,Laeq,0.26282,0.23591,1.11408
OG0011203,Wa,0.15763,0.34894,0.45175
OG0011203,Wo,23.55925,0.30963,76.08907
OG0011203,Lgib,0.11283,0.14384,0.78438
OG0011203,Sp,0.02294,0.04118,0.55712
OG0011204,La,4.93906,0.11379,43.40651
OG0011204,Laeq,9.16173,0.22167,41.33035
OG0011204,Lgib,0.43516,0.16444,2.64635
OG0011204,Wa,0.18758,0.22586,0.8305
OG0011204,Sp,0.04247,0.03976,1.06823
OG0011205,La,9.10156,0.18716,48.62901
OG0011205,Lgib,9.13275,0.37932,24.07689
OG0011205,Wa,9.48958,0.44673,21.24247
OG0011205,Wo,9.50433,0.49119,19.34967
OG0011205,Sp,6.34444,0.0437,145.19161
OG0011206,La,0.03603,0.06817,0.52847
OG0011206,Laeq,0.07731,0.25062,0.30846
OG0011206,Lgib,0.06581,0.15493,0.42475
OG0011206,Wa,0.13072,0.21645,0.60393
OG0011206,Wo,0.14165,0.28445,0.49797
OG0011208,Laeq,11.65832,0.28556,40.82654
OG0011208,Lgib,4.84149,0.14347,33.7456
OG0011208,Wa,0.28608,0.19927,1.43563
OG0011208,Wo,0.2924,0.30207,0.96798
OG0011208,Sp,0.05036,0.0961,0.52407
OG0011209,La,0.11191,0.15352,0.72891
OG0011209,Laeq,0.09918,0.21785,0.45528
OG0011209,Lgib,0.07693,0.11418,0.67372
OG0011209,Sp,24.70709,0.2413,102.39133
OG0011209,Wa,7.01502,0.28143,24.9265
OG0011209,Wo,7.15253,0.2787,25.66381
OG0011211,La,56.16223,0.33428,168.00951
OG0011211,Laeq,2.55375,0.33179,7.697
OG0011211,Lgib,2.51934,0.27384,9.2001
OG0011211,Wa,0.11907,0.25167,0.47314
OG0011211,Sp,0.0205,0.01341,1.52942
OG0011213,La,0.0139,0.0545,0.25501
OG0011213,Laeq,0.01955,0.12755,0.15326
OG0011213,Sp,0.0,0.08197,0.0
OG0011213,Wa,0.00839,0.13682,0.06135
OG0011213,Wo,0.00838,0.18668,0.04492
OG0011220,La,0.08458,0.15721,0.53803
OG0011220,Wa,0.15847,0.22369,0.70844
OG0011220,Laeq,0.11092,0.2633,0.42128
OG0011220,Lgib,0.0978,0.18735,0.52199
OG0011220,Sp,1.28056,0.05096,25.13102
OG0011221,La,49.88476,0.09759,511.19232
OG0011221,Sp,61.8263,0.12559,492.29053
OG0011221,Wa,0.15288,0.18869,0.81019
OG0011221,Laeq,0.1986,0.20812,0.95424
OG0011221,Lgib,0.13727,0.14377,0.9548
OG0011223,La,0.0921,0.09891,0.93116
OG0011223,Lgib,0.15258,0.1215,1.25575
OG0011223,Wa,8.08966,0.14795,54.67703
OG0011223,Wo,1.08115,0.19826,5.45305
OG0011223,Sp,399.87739,0.17057,2344.40701
OG0011224,La,2.87987,0.12295,23.4229
OG0011224,Wa,9.94811,0.30236,32.90206
OG0011224,Wo,15.26527,0.33598,45.43533
OG0011224,Laeq,2.80192,0.18804,14.90043
OG0011224,Sp,0.39798,0.10025,3.97003
OG0011226,La,0.0441,0.19072,0.23124
OG0011226,Lgib,0.04065,0.16802,0.24197
OG0011226,Wa,0.04274,0.22474,0.19019
OG0011226,Wo,0.05508,0.20395,0.27004
OG0011226,Sp,0.01498,0.01628,0.92005
OG0011233,La,0.21048,0.19147,1.09928
OG0011233,Wa,0.21459,0.30315,0.70786
OG0011233,Wo,0.2173,0.30574,0.71073
OG0011233,Lgib,0.44297,0.14845,2.98398
OG0011233,Laeq,0.07227,0.0118,6.12199
OG0011239,La,0.14918,0.24516,0.6085
OG0011239,Laeq,0.19408,0.34675,0.55972
OG0011239,Lgib,0.15515,0.31275,0.49608
OG0011239,Wa,0.23115,0.38869,0.5947
OG0011239,Sp,0.05415,0.03926,1.37921
OG0011240,Laeq,0.18698,0.23568,0.79336
OG0011240,Lgib,0.32102,0.1378,2.3296
OG0011240,Wa,0.20695,0.25619,0.8078
OG0011240,Wo,0.21203,0.26642,0.79584
OG0011240,Sp,0.05921,0.05684,1.04184
OG0011242,La,0.75486,0.10233,7.37651
OG0011242,Laeq,0.07228,0.18631,0.38792
OG0011242,Lgib,0.09858,0.11363,0.8675
OG0011242,Wo,0.59918,0.33334,1.79752
OG0011242,Sp,0.02224,0.0895,0.24851
OG0011248,Laeq,0.17441,0.24921,0.69984
OG0011248,Lgib,0.14954,0.18022,0.82979
OG0011248,Wa,0.1001,0.23379,0.42817
OG0011248,Wo,0.1169,0.30845,0.37899
OG0011248,Sp,0.01924,0.04503,0.42725
OG0011251,La,0.32129,0.07897,4.06859
OG0011251,Wa,0.08165,0.24788,0.3294
OG0011251,Laeq,0.07705,0.16462,0.46805
OG0011251,Lgib,14.2651,0.12859,110.93832
OG0011251,Sp,0.02674,0.06783,0.39429
OG0011257,La,0.08848,0.11764,0.75218
OG0011257,Laeq,0.20774,0.29694,0.69962
OG0011257,Lgib,0.06702,0.15958,0.41997
OG0011257,Sp,89.49564,0.0944,948.03752
OG0011257,Wa,5.50786,0.32744,16.82093
OG0011257,Wo,12.4555,0.44872,27.75773
OG0011260,La,0.16386,0.06939,2.36157
OG0011260,Laeq,0.76029,0.29167,2.60669
OG0011260,Lgib,0.14877,0.16839,0.88348
OG0011260,Wa,0.69293,0.18088,3.83077
OG0011260,Wo,1.11894,0.30102,3.71713
OG0011260,Sp,0.08849,0.06685,1.32364
OG0011262,La,0.14866,0.06623,2.24451
OG0011262,Lgib,0.12008,0.14421,0.83268
OG0011262,Wa,2.52148,0.19076,13.21779
OG0011262,Wo,2.50199,0.31761,7.87745
OG0011262,Sp,0.01499,0.04917,0.30478
OG0011263,La,0.02433,0.07412,0.3283
OG0011263,Laeq,0.04461,0.12003,0.37164
OG0011263,Lgib,0.03107,0.10616,0.29263
OG0011263,Sp,0.03458,0.09154,0.37773
OG0011263,Wa,0.03587,0.14622,0.24531
OG0011263,Wo,0.0353,0.15023,0.23497
OG0011265,La,30.56299,0.17465,174.99934
OG0011265,Wa,0.28366,0.26289,1.079
OG0011265,Wo,44.74302,0.36475,122.66625
OG0011265,Laeq,0.07212,0.16628,0.43374
OG0011265,Lgib,0.10566,0.04844,2.1813
OG0011274,La,0.10607,0.13582,0.78101
OG0011274,Wa,0.21215,0.30241,0.70151
OG0011274,Laeq,0.17686,0.19469,0.90842
OG0011274,Lgib,28.20606,0.25027,112.70224
OG0011274,Sp,0.04272,0.01018,4.19752
OG0011277,La,0.02384,0.10956,0.21759
OG0011277,Laeq,0.0496,0.17356,0.28581
OG0011277,Lgib,0.04822,0.1305,0.36953
OG0011277,Wa,0.05601,0.14703,0.3809
OG0011277,Sp,0.01352,0.04162,0.3248
OG0011280,La,0.05721,0.05568,1.02759
OG0011280,Laeq,0.40062,0.213,1.88085
OG0011280,Lgib,0.12511,0.16269,0.76906
OG0011280,Wa,8.80068,0.1402,62.77042
OG0011280,Wo,8.81097,0.20028,43.99352
OG0011280,Sp,0.08242,0.07596,1.08509
OG0011281,La,0.13444,0.12787,1.05143
OG0011281,Laeq,0.07948,0.17405,0.45661
OG0011281,Lgib,0.06625,0.20773,0.3189
OG0011281,Wa,0.17163,0.1502,1.14269
OG0011281,Wo,0.2106,0.22299,0.94443
OG0011282,La,0.0817,0.13589,0.60121
OG0011282,Lgib,0.10263,0.20327,0.5049
OG0011282,Wa,0.18201,0.22597,0.80545
OG0011282,Wo,0.14362,0.26166,0.5489
OG0011282,Sp,6.29057,0.03973,158.315
OG0011289,La,0.06026,0.05768,1.04482
OG0011289,Laeq,0.14869,0.16206,0.91751
OG0011289,Lgib,2.33864,0.08414,27.79474
OG0011289,Wa,0.20616,0.16318,1.2634
OG0011289,Wo,0.282,0.3086,0.91379
OG0011289,Sp,0.06484,0.06932,0.93543
OG0011291,La,0.02477,0.17849,0.13876
OG0011291,Laeq,0.08466,0.15793,0.53609
OG0011291,Lgib,0.09083,0.126,0.72087
OG0011291,Wa,0.0828,0.17116,0.48376
OG0011291,Wo,0.07863,0.15434,0.50947
OG0011291,Sp,0.07715,0.10483,0.73597
OG0011292,Laeq,0.37226,0.17522,2.1245
OG0011292,Lgib,0.0417,0.14938,0.27918
OG0011292,Wa,0.06858,0.1791,0.38289
OG0011292,Wo,0.08289,0.26086,0.31774
OG0011292,Sp,0.01304,0.03547,0.36756
OG0011293,La,0.14862,0.11424,1.30096
OG0011293,Laeq,0.5444,0.17114,3.18107
OG0011293,Lgib,0.48322,0.15148,3.1899
OG0011293,Wa,0.17984,0.16701,1.07686
OG0011293,Sp,0.03244,0.05554,0.58415
OG0011295,Laeq,0.05576,0.21739,0.2565
OG0011295,Lgib,0.04855,0.15351,0.31624
OG0011295,Wa,0.04144,0.18207,0.22762
OG0011295,Wo,0.03555,0.21074,0.16871
OG0011295,Sp,0.01506,0.0696,0.21644
OG0011297,Laeq,0.05435,0.20429,0.26604
OG0011297,Lgib,0.04105,0.16334,0.25129
OG0011297,Wa,0.08864,0.19762,0.4485
OG0011297,Wo,0.13989,0.26694,0.52406
OG0011297,Sp,0.03451,0.01418,2.43421
OG0011305,La,0.06007,0.25758,0.23321
OG0011305,Wa,0.08354,0.2928,0.28531
OG0011305,Wo,0.07579,0.33387,0.227
OG0011305,Lgib,0.06378,0.18558,0.34368
OG0011305,Sp,0.0212,0.03707,0.57185
OG0011306,Laeq,0.24512,0.10257,2.38988
OG0011306,Lgib,0.1705,0.08904,1.91484
OG0011306,Wa,0.08498,0.11456,0.74175
OG0011306,Wo,0.1138,0.11714,0.97152
OG0011306,Sp,0.04167,0.0855,0.48731
OG0011307,Laeq,0.03754,0.16129,0.23274
OG0011307,Lgib,0.02571,0.1913,0.13439
OG0011307,Wa,0.03291,0.16975,0.19387
OG0011307,Wo,3.3358,0.22579,14.77382
OG0011307,Sp,0.017,0.02366,0.71844
OG0011308,La,0.0607,0.18691,0.32478
OG0011308,Lgib,0.07153,0.23879,0.29955
OG0011308,Wa,0.28339,0.35679,0.79427
OG0011308,Wo,0.40655,0.48886,0.83163
OG0011308,Sp,0.03542,0.03331,1.06317
OG0011309,Laeq,6.63076,0.29031,22.84034
OG0011309,Lgib,10.17169,0.16022,63.48448
OG0011309,Wa,6.64399,0.19376,34.28963
OG0011309,Wo,10.20834,0.08017,127.32617
OG0011309,Sp,0.01731,0.20983,0.08248
OG0011311,La,0.03518,0.28105,0.12516
OG0011311,Laeq,0.04162,0.23101,0.18015
OG0011311,Lgib,0.06983,0.15816,0.4415
OG0011311,Wa,0.03759,0.20595,0.18252
OG0011311,Sp,0.03728,0.03372,1.10573
OG0011312,Laeq,0.06045,0.28092,0.21519
OG0011312,Lgib,0.07669,0.24239,0.31637
OG0011312,Wa,0.06401,0.20623,0.3104
OG0011312,Wo,0.0923,0.29281,0.31521
OG0011312,Sp,0.03094,0.06782,0.45619
OG0011314,La,1.69638,0.05507,30.80378
OG0011314,Laeq,0.15492,0.23775,0.65161
OG0011314,Lgib,0.12279,0.18028,0.68115
OG0011314,Wa,0.53231,0.27732,1.91945
OG0011314,Wo,0.62048,0.33172,1.87046
OG0011314,Sp,6.6372,0.13905,47.73173
OG0011317,La,0.74217,0.01108,66.96898
OG0011317,Laeq,0.18535,0.24159,0.76721
OG0011317,Lgib,0.07495,0.1854,0.40428
OG0011317,Wa,25.33333,0.62053,40.82517
OG0011317,Wo,13.51997,0.45691,29.59009
OG0011320,La,0.01842,0.05492,0.3354
OG0011320,Laeq,0.04437,0.15813,0.28059
OG0011320,Lgib,0.05946,0.10598,0.56102
OG0011320,Sp,0.05329,0.13344,0.3994
OG0011320,Wa,0.04285,0.10855,0.39472
OG0011320,Wo,0.04355,0.18133,0.24014
OG0011321,La,0.06808,0.15067,0.45187
OG0011321,Lgib,0.07353,0.17806,0.41297
OG0011321,Wa,5.90865,0.19156,30.84487
OG0011321,Wo,0.18938,0.28501,0.66445
OG0011321,Sp,0.04547,0.02061,2.20623
OG0011322,La,0.10283,0.15049,0.68329
OG0011322,Laeq,0.20711,0.436,0.47502
OG0011322,Lgib,0.10729,0.35507,0.30215
OG0011322,Wa,0.13243,0.35157,0.3767
OG0011322,Sp,0.12549,0.05502,2.28068
OG0011323,La,0.01998,0.1337,0.14946
OG0011323,Wa,0.04459,0.19121,0.2332
OG0011323,Sp,0.02692,0.11292,0.23837
OG0011323,Laeq,0.0731,0.13269,0.55092
OG0011323,Lgib,0.03173,0.07124,0.44535
OG0011324,Laeq,0.26803,0.29345,0.91339
OG0011324,Lgib,0.19349,0.133,1.45486
OG0011324,Wa,0.25381,0.21685,1.17043
OG0011324,Wo,0.28096,0.27369,1.02655
OG0011324,Sp,1.39634,0.0964,14.48483
OG0011327,La,0.06459,0.07856,0.82222
OG0011327,Lgib,0.11709,0.14313,0.81813
OG0011327,Wa,0.11474,0.25354,0.45254
OG0011327,Wo,0.27474,0.32807,0.83743
OG0011327,Sp,0.08424,0.07314,1.15175
OG0011330,La,0.41876,0.06959,6.01751
OG0011330,Laeq,0.41276,0.09309,4.43404
OG0011330,Lgib,0.4002,0.07514,5.32604
OG0011330,Wa,0.0628,0.27966,0.22456
OG0011330,Wo,0.15253,0.2599,0.58687
OG0011331,Laeq,0.04747,0.56093,0.08462
OG0011331,Wo,0.03312,0.49809,0.06649
OG0011331,Wa,0.01673,0.33079,0.05057
OG0011331,Lgib,0.01738,0.17107,0.10159
OG0011331,Sp,0.00712,0.01914,0.37223
OG0011336,La,0.09887,0.0308,3.2098
OG0011336,Laeq,0.1119,0.27107,0.41282
OG0011336,Lgib,0.08256,0.14324,0.57638
OG0011336,Wa,6.80121,0.22511,30.21279
OG0011336,Wo,22.47801,0.31687,70.93772
OG0011336,Sp,2.68179,0.07901,33.94361
OG0011338,Laeq,0.06013,0.30289,0.19851
OG0011338,Lgib,0.04857,0.17064,0.28466
OG0011338,Wa,0.06222,0.11035,0.56388
OG0011338,Wo,0.06484,0.19703,0.32907
OG0011338,Sp,1.49012,0.07811,19.07633
OG0011340,La,3.61631,0.12129,29.81513
OG0011340,Laeq,0.11431,0.17957,0.63654
OG0011340,Lgib,1.04543,0.11177,9.35355
OG0011340,Sp,0.14309,0.17429,0.82097
OG0011340,Wa,0.27992,0.14937,1.87407
OG0011340,Wo,0.3015,0.17816,1.69237
OG0011345,Laeq,0.14088,0.21444,0.65699
OG0011345,Lgib,0.96407,0.1425,6.76542
OG0011345,Wa,0.04961,0.14261,0.3479
OG0011345,Wo,0.14575,0.18774,0.7763
OG0011345,Sp,0.0059,0.02729,0.21624
OG0011352,Laeq,0.08467,0.14954,0.56621
OG0011352,Lgib,0.07275,0.16885,0.43088
OG0011352,Wa,0.07224,0.17878,0.40406
OG0011352,Wo,0.09304,0.20306,0.45817
OG0011352,Sp,0.01198,0.03719,0.32218
OG0011354,La,11.51111,0.11339,101.51896
OG0011354,Lgib,11.58775,0.225,51.50152
OG0011354,Wa,22.79396,0.32783,69.52898
OG0011354,Wo,22.8648,0.3756,60.87534
OG0011354,Sp,51.79083,0.04538,1141.19374
OG0011355,Laeq,0.25619,0.211,1.21421
OG0011355,Lgib,0.14149,0.21744,0.65074
OG0011355,Wa,1.3213,0.26932,4.906
OG0011355,Wo,1.27724,0.28913,4.41758
OG0011355,Sp,0.06513,0.1079,0.6036
OG0011363,La,0.06538,0.15216,0.42971
OG0011363,Sp,0.07521,0.17638,0.42643
OG0011363,Lgib,5.79338,0.18822,30.78059
OG0011363,Wa,0.60044,0.13094,4.58578
OG0011363,Wo,0.63005,0.18478,3.40973
OG0011364,Laeq,0.1101,0.3107,0.35436
OG0011364,Lgib,0.08369,0.25572,0.32725
OG0011364,Wa,0.07242,0.22093,0.32781
OG0011364,Wo,0.08094,0.27551,0.29379
OG0011364,Sp,0.56505,0.02312,24.43902
OG0011366,La,0.03035,0.09236,0.32866
OG0011366,Laeq,0.06347,0.16924,0.37501
OG0011366,Lgib,0.07883,0.10147,0.77689
OG0011366,Wa,0.04092,0.12622,0.32418
OG0011366,Wo,0.05592,0.16496,0.33901
OG0011379,Laeq,8.3008,0.27398,30.29729
OG0011379,Lgib,0.07085,0.20064,0.35312
OG0011379,Wa,0.12414,0.2256,0.55029
OG0011379,Wo,0.19367,0.28591,0.67737
OG0011379,Sp,0.01594,0.06425,0.24802
OG0011380,La,0.16192,0.14149,1.14439
OG0011380,Laeq,0.28008,0.36377,0.76996
OG0011380,Lgib,0.78227,0.28152,2.77869
OG0011380,Wa,0.28599,0.27367,1.04503
OG0011380,Sp,0.0434,0.04818,0.90063
OG0011383,La,6.85629,0.10848,63.20426
OG0011383,Laeq,6.88179,0.34705,19.82932
OG0011383,Lgib,6.87036,0.18838,36.47163
OG0011383,Wa,6.87649,0.18786,36.60397
OG0011383,Sp,0.01864,0.04847,0.38461
OG0011384,La,0.11594,0.04907,2.36274
OG0011384,Laeq,95.10715,0.17035,558.31887
OG0011384,Lgib,95.07589,0.11137,853.65767
OG0011384,Wa,0.16614,0.1341,1.23889
OG0011384,Sp,0.05816,0.08037,0.72364
OG0011385,Laeq,0.43002,0.2004,2.14576
OG0011385,Lgib,0.20175,0.24926,0.80939
OG0011385,Wa,0.17681,0.20226,0.8742
OG0011385,Wo,0.21262,0.30379,0.69991
OG0011385,Sp,0.0458,0.0322,1.42226
OG0011389,La,16.29316,0.09148,178.11249
OG0011389,Laeq,19.44046,0.16446,118.20439
OG0011389,Lgib,22.80707,0.13761,165.73477
OG0011389,Wa,3.58456,0.15774,22.72409
OG0011389,Wo,3.64581,0.1996,18.26518
OG0011393,La,0.05767,0.22213,0.25961
OG0011393,Laeq,1.84046,0.26061,7.06224
OG0011393,Lgib,0.10744,0.24331,0.44158
OG0011393,Wa,0.06571,0.16737,0.39259
OG0011393,Sp,0.69214,0.15929,4.34519
OG0011394,Laeq,2.52408,4.61067,0.54744
OG0011394,Lgib,8.3883,4.53512,1.84963
OG0011394,Wa,17.50421,0.37751,46.368
OG0011394,Wo,30.83729,0.40143,76.8188
OG0011394,Sp,61.61426,0.07677,802.56409
OG0011395,La,0.1252,0.05863,2.13525
OG0011395,Lgib,0.15216,0.15881,0.95809
OG0011395,Wa,19.46335,0.25501,76.32261
OG0011395,Wo,19.54236,0.34294,56.98495
OG0011395,Sp,0.04643,0.07368,0.6301
OG0011398,La,29.63487,0.29152,101.65599
OG0011398,Lgib,0.12461,0.26478,0.47064
OG0011398,Wa,23.07562,0.22727,101.53613
OG0011398,Wo,23.14876,0.40247,57.51649
OG0011398,Sp,0.26497,0.03613,7.33465
OG0011399,La,2.32732,0.12479,18.64992
OG0011399,Lgib,0.21761,0.16033,1.35723
OG0011399,Wa,0.17107,0.14212,1.2037
OG0011399,Wo,0.29558,0.17594,1.68
OG0011399,Sp,0.29504,0.03201,9.21657
OG0011408,La,0.08727,0.13284,0.65696
OG0011408,Wa,0.11216,0.22332,0.50224
OG0011408,Laeq,0.35811,0.33192,1.07891
OG0011408,Lgib,0.09981,0.18208,0.54815
OG0011408,Sp,0.02107,0.05146,0.40935
OG0011420,La,0.15326,0.06682,2.29343
OG0011420,Lgib,0.15762,0.15358,1.02629
OG0011420,Wa,0.25069,0.14635,1.71291
OG0011420,Wo,0.33214,0.4655,0.71351
OG0011420,Sp,0.01179,0.05074,0.23232
OG0011421,Laeq,0.08271,0.24732,0.33444
OG0011421,Lgib,0.09014,0.20913,0.43102
OG0011421,Wa,0.09637,0.23121,0.41681
OG0011421,Wo,0.10429,0.21115,0.49391
OG0011421,Sp,22.64895,0.04013,564.36281
OG0011422,La,0.06787,0.14674,0.46253
OG0011422,Laeq,0.11891,0.22384,0.53124
OG0011422,Lgib,0.06801,0.18747,0.36276
OG0011422,Wa,0.08933,0.16077,0.55564
OG0011422,Sp,0.01057,0.03745,0.28223
OG0011423,La,5.6371,0.11005,51.22469
OG0011423,Laeq,5.71356,0.18405,31.04369
OG0011423,Lgib,5.65899,0.16912,33.46135
OG0011423,Wa,5.75341,0.27827,20.67567
OG0011423,Sp,0.0463,0.0301,1.53837
OG0011427,La,0.17936,0.165,1.08707
OG0011427,Laeq,3.40139,0.25373,13.40539
OG0011427,Lgib,0.16998,0.20789,0.81766
OG0011427,Wa,0.23242,0.26829,0.86632
OG0011427,Sp,0.08716,0.02836,3.07333
OG0011429,La,0.34932,0.14506,2.40816
OG0011429,Lgib,19.84296,0.15804,125.55697
OG0011429,Wa,33.31404,0.29972,111.14921
OG0011429,Wo,19.05683,0.35554,53.59943
OG0011429,Sp,2.92935,0.04301,68.10363
OG0011432,Laeq,0.07163,0.12762,0.5613
OG0011432,Lgib,0.04473,0.11578,0.38631
OG0011432,Wa,0.08896,0.144,0.61774
OG0011432,Wo,0.09826,0.20989,0.46812
OG0011432,Sp,0.02583,0.02595,0.99543
OG0011435,Laeq,0.20553,0.18184,1.1303
OG0011435,Lgib,0.188,0.17557,1.07078
OG0011435,Wa,0.14931,0.2387,0.62554
OG0011435,Wo,0.21571,0.38725,0.55703
OG0011435,Sp,0.0191,0.06964,0.27429
OG0011437,La,10.39686,0.16454,63.18698
OG0011437,Laeq,0.19429,0.27465,0.70742
OG0011437,Lgib,0.20254,0.21804,0.92892
OG0011437,Wa,0.16307,0.20169,0.80855
OG0011437,Sp,0.09612,0.04121,2.33247
OG0011438,La,0.06486,0.09244,0.70164
OG0011438,Lgib,0.31071,0.24365,1.27526
OG0011438,Wa,9.03989,0.28446,31.77874
OG0011438,Wo,0.35648,0.51607,0.69076
OG0011438,Sp,0.3894,0.03268,11.91432
OG0011444,La,0.02011,0.07806,0.25764
OG0011444,Laeq,0.05766,0.11496,0.50157
OG0011444,Lgib,0.02396,0.07879,0.30407
OG0011444,Wa,0.03648,0.12686,0.28754
OG0011444,Wo,1.7684,0.14387,12.29144
OG0011444,Sp,1.00082,0.0729,13.72817
OG0011446,Laeq,0.08687,0.12931,0.6718
OG0011446,Lgib,0.07094,0.11449,0.61961
OG0011446,Wa,0.09279,0.11289,0.8219
OG0011446,Wo,0.10036,0.15878,0.63206
OG0011446,Sp,0.02968,0.06715,0.44203
OG0011451,La,0.73295,0.15793,4.64108
OG0011451,Lgib,0.07513,0.15923,0.47183
OG0011451,Wa,0.06871,0.26189,0.26236
OG0011451,Wo,0.12634,0.37689,0.33522
OG0011451,Sp,0.04941,0.02318,2.13198
OG0011453,La,0.08149,0.08108,1.005
OG0011453,Laeq,15.57988,0.16237,95.95325
OG0011453,Lgib,0.06258,0.11334,0.55217
OG0011453,Wa,0.15224,0.18089,0.84161
OG0011453,Wo,0.26424,0.21915,1.20578
OG0011453,Sp,10.35261,0.06876,150.55437
OG0011454,Laeq,0.06393,0.25347,0.25221
OG0011454,Lgib,0.05337,0.19844,0.26893
OG0011454,Wa,0.05086,0.24655,0.20627
OG0011454,Wo,0.07111,0.27916,0.25472
OG0011454,Sp,0.02089,0.06684,0.31259
OG0011456,Laeq,4.6212,0.19631,23.53998
OG0011456,Lgib,0.11123,0.15934,0.69805
OG0011456,Wa,1.7895,0.17609,10.16257
OG0011456,Wo,1.83477,0.20317,9.03091
OG0011456,Sp,0.0759,0.0373,2.03477
OG0011457,La,0.04382,0.117,0.37456
OG0011457,Lgib,7.36628,0.14434,51.034
OG0011457,Wa,0.0559,0.18858,0.29641
OG0011457,Wo,0.04216,0.27527,0.15315
OG0011457,Sp,0.0354,0.05618,0.63016
OG0011460,La,0.01436,0.07625,0.1883
OG0011460,Laeq,0.09859,0.18621,0.52945
OG0011460,Lgib,3.53352,0.17761,19.89506
OG0011460,Sp,3.18129,0.07384,43.08637
OG0011460,Wa,5.02172,0.18238,27.53377
OG0011460,Wo,0.1581,0.21515,0.73486
OG0011461,La,0.12334,0.07714,1.59897
OG0011461,Laeq,0.16649,0.21706,0.76703
OG0011461,Lgib,0.08799,0.08339,1.05526
OG0011461,Sp,0.16539,0.15028,1.10051
OG0011461,Wa,0.17658,0.14086,1.25357
OG0011461,Wo,0.20498,0.2187,0.93728
OG0011463,La,0.02573,0.10725,0.23989
OG0011463,Laeq,2.6162,0.1519,17.22373
OG0011463,Lgib,2.55041,0.10704,23.82773
OG0011463,Sp,19.61224,0.12726,154.11201
OG0011463,Wa,0.11816,0.17166,0.68831
OG0011463,Wo,0.18036,0.34037,0.52988
OG0011465,La,0.11114,0.15547,0.71489
OG0011465,Lgib,0.15406,0.2008,0.76723
OG0011465,Wa,0.26219,0.2877,0.91133
OG0011465,Wo,0.29795,0.43933,0.6782
OG0011465,Sp,0.03014,0.02709,1.11259
OG0011466,La,0.00261,0.05018,0.05208
OG0011466,Laeq,0.00718,0.11179,0.06422
OG0011466,Lgib,0.0039,0.10697,0.03643
OG0011466,Sp,0.01267,0.07608,0.16651
OG0011466,Wa,0.01108,0.11972,0.09254
OG0011466,Wo,0.00941,0.1488,0.06326
OG0011476,Laeq,4.46284,0.215,20.75709
OG0011476,Lgib,4.44224,0.18172,24.44489
OG0011476,Wa,0.06541,0.19825,0.32993
OG0011476,Wo,0.07709,0.25454,0.30287
OG0011476,Sp,0.306,0.06027,5.07725
OG0011478,La,0.04312,0.09577,0.45025
OG0011478,Lgib,0.05261,0.12643,0.41614
OG0011478,Wa,0.08153,0.26321,0.30974
OG0011478,Wo,0.06966,0.26259,0.26528
OG0011478,Sp,0.03867,0.07194,0.53755
OG0011479,La,0.12862,0.22382,0.57466
OG0011479,Wa,0.1268,0.22016,0.57593
OG0011479,Wo,0.20343,0.23387,0.86985
OG0011479,Lgib,0.08318,0.16984,0.48979
OG0011479,Sp,0.03335,0.04747,0.70256
OG0011488,La,0.11753,0.08925,1.31689
OG0011488,Lgib,0.16531,0.23859,0.69286
OG0011488,Wa,0.30441,0.22492,1.35344
OG0011488,Wo,0.47761,0.47641,1.0025
OG0011488,Sp,0.07196,0.09166,0.78506
OG0011489,La,2077.49953,0.13429,15469.71139
OG0011489,Laeq,0.24436,0.26365,0.92681
OG0011489,Lgib,0.16859,0.23168,0.72766
OG0011489,Wa,0.21771,0.40675,0.53525
OG0011489,Sp,257.5617,0.01841,13990.81391
OG0011493,La,0.01518,0.07044,0.21552
OG0011493,Laeq,0.36532,0.23965,1.5244
OG0011493,Lgib,0.03119,0.14403,0.21654
OG0011493,Sp,0.01583,0.09349,0.16927
OG0011493,Wa,0.02291,0.11188,0.20476
OG0011493,Wo,0.06055,0.12917,0.46877
OG0011496,Laeq,12.00939,0.3116,38.54135
OG0011496,Lgib,11.44808,0.29439,38.88759
OG0011496,Wa,43.8464,0.23896,183.49095
OG0011496,Wo,29.62622,0.26927,110.02306
OG0011496,Sp,0.0557,0.02915,1.91087
OG0011497,La,0.01883,0.11503,0.1637
OG0011497,Laeq,0.22672,0.24906,0.91029
OG0011497,Lgib,0.20458,0.15079,1.35676
OG0011497,Wa,0.24331,0.20561,1.18336
OG0011497,Wo,0.23771,0.14535,1.63542
OG0011497,Sp,0.02312,0.11117,0.20796
OG0011498,La,0.0469,0.19196,0.24434
OG0011498,Wa,0.0913,0.26383,0.34607
OG0011498,Laeq,0.06176,0.23095,0.2674
OG0011498,Lgib,0.06329,0.19575,0.32333
OG0011498,Sp,0.01827,0.04272,0.42761
OG0011502,Laeq,39.32174,0.2118,185.65658
OG0011502,Lgib,0.14293,0.16911,0.8452
OG0011502,Wa,0.43427,0.17328,2.50612
OG0011502,Wo,2.56733,0.20726,12.38678
OG0011502,Sp,0.03794,0.10366,0.366
OG0011505,Laeq,0.23129,0.13827,1.67272
OG0011505,Lgib,0.0981,0.15056,0.65155
OG0011505,Wa,0.53242,0.18653,2.85437
OG0011505,Wo,0.22688,0.17214,1.31797
OG0011505,Sp,0.26,0.10916,2.38185
OG0011509,Laeq,0.10095,0.258,0.39126
OG0011509,Lgib,0.13203,0.20166,0.65473
OG0011509,Wa,0.92852,0.29942,3.1011
OG0011509,Wo,0.24276,0.3562,0.68151
OG0011509,Sp,32.01131,0.04072,786.15295
OG0011514,Laeq,0.38054,0.17778,2.14051
OG0011514,Lgib,0.07746,0.13448,0.57598
OG0011514,Wa,0.17542,0.19514,0.89893
OG0011514,Wo,3.67147,0.21171,17.342
OG0011514,Sp,0.02726,0.02609,1.04472
OG0011515,La,4.96797,0.05641,88.076
OG0011515,Laeq,0.09959,0.1372,0.72584
OG0011515,Lgib,0.06181,0.11273,0.54834
OG0011515,Wa,0.21615,0.12715,1.69997
OG0011515,Wo,0.20014,0.16477,1.21466
OG0011515,Sp,0.05322,0.07624,0.69805
OG0011518,Laeq,0.18175,0.21747,0.83575
OG0011518,Lgib,0.15405,0.19588,0.78645
OG0011518,Wa,0.24732,0.14379,1.72003
OG0011518,Wo,0.31096,0.19586,1.58767
OG0011518,Sp,0.07186,0.09747,0.73726
OG0011519,Laeq,0.20193,0.36308,0.55616
OG0011519,Lgib,0.12064,0.29747,0.40556
OG0011519,Wa,0.438,0.53647,0.81645
OG0011519,Wo,0.48654,0.50847,0.95686
OG0011519,Sp,0.21959,0.50276,0.43678
OG0011520,La,0.03866,0.08694,0.44473
OG0011520,Laeq,0.56221,0.16869,3.33276
OG0011520,Lgib,0.05123,0.13275,0.3859
OG0011520,Wa,0.07192,0.22977,0.31301
OG0011520,Sp,0.01709,0.07631,0.2239
OG0011521,Laeq,19.02961,0.16905,112.5646
OG0011521,Lgib,0.08128,0.13645,0.59565
OG0011521,Wa,3.26494,0.10199,32.01138
OG0011521,Wo,11.81093,0.18332,64.42672
OG0011521,Sp,0.04388,0.09889,0.44373
OG0011522,La,0.0648,0.0877,0.73891
OG0011522,Sp,34.71625,0.08798,394.57716
OG0011522,Laeq,0.47628,0.13454,3.54014
OG0011522,Lgib,0.48238,0.10427,4.62622
OG0011522,Wo,0.22731,0.20426,1.11285
OG0011525,La,0.08262,0.16399,0.5038
OG0011525,Laeq,0.2505,0.33094,0.75694
OG0011525,Lgib,0.19481,0.28183,0.69122
OG0011525,Wa,1.62949,0.27102,6.01245
OG0011525,Sp,0.02269,0.01207,1.88046
OG0011527,La,0.26226,0.20558,1.27571
OG0011527,Wa,0.57238,0.27591,2.07449
OG0011527,Wo,0.62866,0.3611,1.74094
OG0011527,Lgib,0.25147,0.16301,1.54268
OG0011527,Sp,0.04538,0.05826,0.77902
OG0011530,La,0.14222,0.14252,0.9979
OG0011530,Lgib,0.16986,0.20341,0.83505
OG0011530,Wa,8.54319,0.22516,37.94357
OG0011530,Wo,5.49833,0.27402,20.06542
OG0011530,Sp,0.52133,0.01449,35.9722
OG0011537,La,0.97747,0.15798,6.1874
OG0011537,Laeq,1.04341,0.13644,7.64764
OG0011537,Lgib,0.94663,0.15253,6.20625
OG0011537,Wa,1.52053,0.21909,6.94019
OG0011537,Wo,0.49454,0.29007,1.70491
OG0011538,La,47.41096,0.06588,719.62782
OG0011538,Laeq,0.1244,0.18972,0.65567
OG0011538,Lgib,0.12389,0.05763,2.14972
OG0011538,Sp,0.42113,0.09928,4.24172
OG0011538,Wa,0.2368,0.23411,1.01148
OG0011538,Wo,0.31431,0.31669,0.99247
OG0011540,Laeq,0.1664,0.28927,0.57524
OG0011540,Lgib,1.87907,0.20128,9.33577
OG0011540,Wa,0.13936,0.28098,0.49598
OG0011540,Wo,1.90965,0.28201,6.77149
OG0011540,Sp,0.02506,0.01835,1.36572
OG0011542,La,0.07672,0.14656,0.52349
OG0011542,Lgib,0.10091,0.18416,0.54796
OG0011542,Wa,0.21032,0.27042,0.77774
OG0011542,Wo,0.20789,0.44552,0.46663
OG0011542,Sp,4.91239,0.08367,58.71078
OG0011545,La,0.09798,0.18569,0.52768
OG0011545,Laeq,3.38218,0.24057,14.05875
OG0011545,Lgib,2.40523,0.30001,8.01717
OG0011545,Wa,0.21033,0.25481,0.82543
OG0011545,Sp,0.12552,0.01078,11.63883
OG0011551,La,0.06659,0.11692,0.56951
OG0011551,Lgib,0.16027,0.20007,0.8011
OG0011551,Wa,0.58425,0.15639,3.73585
OG0011551,Wo,0.13218,0.27787,0.47567
OG0011551,Sp,0.03962,0.04751,0.83388
OG0011558,La,8.22355,0.1425,57.7109
OG0011558,Lgib,8.22906,0.26345,31.23532
OG0011558,Wa,8.22377,0.27574,29.82412
OG0011558,Wo,8.21348,0.37274,22.03532
OG0011558,Sp,0.03541,0.10785,0.32828
OG0011559,La,0.13504,0.13715,0.98461
OG0011559,Laeq,10.8059,0.45814,23.58629
OG0011559,Lgib,0.18475,0.33524,0.5511
OG0011559,Wa,0.2201,0.31102,0.70768
OG0011559,Sp,47.20134,0.02264,2085.12183
OG0011561,Laeq,27.83387,0.20197,137.81128
OG0011561,Lgib,10.571,0.15316,69.01991
OG0011561,Wa,0.4372,0.41956,1.04205
OG0011561,Wo,0.36668,0.38237,0.95895
OG0011561,Sp,0.0788,0.07686,1.02528
OG0011562,Laeq,0.099,0.26372,0.37541
OG0011562,Lgib,0.1033,0.19541,0.5286
OG0011562,Wa,0.11857,0.22461,0.52787
OG0011562,Wo,0.17076,0.27708,0.6163
OG0011562,Sp,0.05363,0.06613,0.81099
OG0011566,Laeq,0.1237,0.27585,0.44843
OG0011566,Lgib,0.12514,0.21761,0.57505
OG0011566,Wa,0.11839,0.22526,0.52557
OG0011566,Wo,0.15626,0.23553,0.66343
OG0011566,Sp,0.02824,0.0185,1.52655
OG0011570,La,0.04151,0.07132,0.58208
OG0011570,Laeq,0.21941,0.21858,1.00379
OG0011570,Lgib,0.0547,0.1477,0.37033
OG0011570,Wa,4.36896,0.1233,35.43298
OG0011570,Wo,0.23876,0.17035,1.40158
OG0011570,Sp,0.12065,0.07551,1.59788
OG0011571,La,0.13267,0.06915,1.91873
OG0011571,Laeq,0.10952,0.13774,0.79512
OG0011571,Lgib,0.08415,0.12032,0.69937
OG0011571,Wa,0.06411,0.15963,0.40159
OG0011571,Wo,0.41451,0.19584,2.11662
OG0011571,Sp,0.05607,0.0994,0.56414
OG0011572,La,0.50186,0.15893,3.15781
OG0011572,Lgib,0.53875,0.16981,3.17266
OG0011572,Wa,0.70806,0.1774,3.99119
OG0011572,Wo,0.7628,0.20516,3.71803
OG0011572,Sp,6.2999,0.09694,64.98834
OG0011573,La,0.1458,0.26871,0.54259
OG0011573,Lgib,0.14309,0.28043,0.51025
OG0011573,Wa,0.2443,0.23481,1.0404
OG0011573,Wo,0.2177,0.31727,0.68618
OG0011573,Sp,0.02417,0.02062,1.17206
OG0011576,Laeq,0.09113,0.23524,0.3874
OG0011576,Lgib,0.07563,0.26484,0.28558
OG0011576,Wa,0.32305,0.2233,1.44672
OG0011576,Wo,0.08638,0.29287,0.29495
OG0011576,Sp,0.01282,0.03082,0.41594
OG0011580,La,17.57186,0.12406,141.64383
OG0011580,Lgib,8.4067,0.22569,37.24893
OG0011580,Wa,28.46009,0.30041,94.73894
OG0011580,Wo,8.49118,0.42894,19.79586
OG0011580,Sp,0.10715,0.04184,2.56066
OG0011581,Laeq,0.73848,0.15081,4.89665
OG0011581,Lgib,203.14886,0.13525,1501.97979
OG0011581,Wa,3.79179,0.17396,21.7973
OG0011581,Wo,8.95107,0.18904,47.34914
OG0011581,Sp,0.01627,0.02982,0.54563
OG0011582,La,0.04589,0.09883,0.46435
OG0011582,Laeq,0.05704,0.22494,0.25359
OG0011582,Lgib,1520.75419,0.15806,9621.38525
OG0011582,Wa,0.05761,0.11654,0.49432
OG0011582,Sp,0.59387,0.08712,6.81678
OG0011586,La,0.29135,0.24971,1.16674
OG0011586,Lgib,0.28989,0.19169,1.51234
OG0011586,Wa,0.86123,0.34626,2.48728
OG0011586,Wo,14.88866,0.43081,34.56005
OG0011586,Sp,0.05609,0.03932,1.42663
OG0011589,La,0.02323,0.08669,0.26793
OG0011589,Lgib,0.03276,0.14545,0.22521
OG0011589,Wa,0.03719,0.15392,0.24161
OG0011589,Wo,0.05653,0.1887,0.29959
OG0011589,Sp,0.03644,0.03775,0.9655
OG0011591,La,0.0931,0.08366,1.11294
OG0011591,Laeq,0.12322,0.15875,0.77622
OG0011591,Lgib,0.11689,0.16157,0.72346
OG0011591,Sp,0.08441,0.07603,1.11021
OG0011591,Wa,4.73224,0.19066,24.82081
OG0011591,Wo,0.18177,0.22545,0.80626
OG0011593,La,0.08976,0.16431,0.54628
OG0011593,Lgib,0.12817,0.24386,0.52558
OG0011593,Wa,5.73511,0.24843,23.08586
OG0011593,Wo,13.07522,0.38701,33.78497
OG0011593,Sp,0.01881,0.01142,1.64782
OG0011594,La,0.04143,0.10688,0.38761
OG0011594,Laeq,0.06771,0.23707,0.28561
OG0011594,Lgib,0.06064,0.25665,0.23628
OG0011594,Wa,0.12735,0.33045,0.3854
OG0011594,Sp,0.00709,0.05395,0.13141
OG0011596,Laeq,1.30497,0.17991,7.25339
OG0011596,Lgib,6.00832,0.15398,39.01974
OG0011596,Wa,4.37744,0.17862,24.50708
OG0011596,Wo,4.36571,0.21699,20.11911
OG0011596,Sp,26.24786,0.13619,192.73249
OG0011597,Laeq,0.66274,0.2836,2.33692
OG0011597,Lgib,0.12722,0.16266,0.78212
OG0011597,Wa,1.95672,0.22742,8.60392
OG0011597,Wo,1.95799,0.20188,9.69865
OG0011597,Sp,0.10645,0.06288,1.69285
OG0011598,Laeq,0.13539,0.20964,0.64586
OG0011598,Lgib,0.08767,0.15954,0.54949
OG0011598,Wa,0.09619,0.21185,0.45404
OG0011598,Wo,13.26144,0.22711,58.39282
OG0011598,Sp,0.03229,0.03173,1.01752
OG0011602,La,0.08502,0.07216,1.17815
OG0011602,Laeq,17.13522,0.15885,107.87058
OG0011602,Lgib,16.19516,0.10904,148.53065
OG0011602,Wa,16.32368,0.12611,129.43567
OG0011602,Wo,16.32894,0.17423,93.71889
OG0011602,Sp,0.10868,0.06923,1.56976
OG0011604,La,0.06914,0.06133,1.12726
OG0011604,Lgib,5.91924,0.13376,44.25322
OG0011604,Wa,1.3751,0.30647,4.48685
OG0011604,Wo,1.67536,0.43427,3.85788
OG0011604,Sp,0.02825,0.05298,0.53327
OG0011608,La,0.41747,0.08672,4.81406
OG0011608,Lgib,0.14544,0.13187,1.10292
OG0011608,Wa,0.13205,0.21707,0.60834
OG0011608,Wo,6.42004,0.2358,27.22635
OG0011608,Sp,949.96554,0.0949,10009.91902
OG0011610,La,0.08518,0.14549,0.58546
OG0011610,Lgib,0.09236,0.18035,0.51212
OG0011610,Wa,8.54799,0.20319,42.06922
OG0011610,Wo,0.25903,0.2602,0.99549
OG0011610,Sp,28.82636,0.03089,933.17344
OG0011611,La,0.04746,0.12215,0.38852
OG0011611,Laeq,1.61649,0.26165,6.17807
OG0011611,Lgib,1.53596,0.22761,6.74815
OG0011611,Wa,0.23462,0.29418,0.79754
OG0011611,Sp,0.05458,0.0385,1.41786
OG0011614,La,0.04309,0.08664,0.49738
OG0011614,Laeq,0.11612,0.1592,0.72944
OG0011614,Lgib,0.06769,0.14657,0.4618
OG0011614,Sp,0.03477,0.10108,0.34402
OG0011614,Wa,0.07148,0.18493,0.38654
OG0011614,Wo,0.13801,0.21839,0.63196
OG0011622,Laeq,0.08585,0.26031,0.3298
OG0011622,Lgib,0.05064,0.18895,0.26802
OG0011622,Wa,0.10962,0.19652,0.55781
OG0011622,Wo,7.18976,0.23456,30.65224
OG0011622,Sp,0.02824,0.01768,1.59777
OG0011624,La,0.03158,0.06643,0.47548
OG0011624,Laeq,0.06675,0.09859,0.67708
OG0011624,Lgib,0.06388,0.04901,1.30332
OG0011624,Sp,3.23948,0.10923,29.65605
OG0011624,Wa,0.07774,0.13144,0.59144
OG0011624,Wo,4.76931,0.17961,26.55319
OG0011627,La,0.09881,0.15339,0.64417
OG0011627,Laeq,90.91083,0.22897,397.04777
OG0011627,Wa,91.28154,0.18603,490.6712
OG0011627,Wo,91.09415,0.25223,361.14882
OG0011627,Sp,0.05176,0.02913,1.77679
OG0011630,La,0.03619,0.08273,0.43749
OG0011630,Laeq,0.52256,0.1401,3.73002
OG0011630,Lgib,0.06458,0.12675,0.50951
OG0011630,Wa,7.46779,0.15819,47.20917
OG0011630,Wo,7.52284,0.13446,55.94969
OG0011630,Sp,0.05745,0.05678,1.01172
OG0011631,La,0.01429,0.07901,0.1809
OG0011631,Laeq,0.09099,0.13208,0.68886
OG0011631,Lgib,0.05186,0.07589,0.68338
OG0011631,Wa,0.07359,0.26817,0.27441
OG0011631,Wo,0.0961,0.44634,0.21531
OG0011632,La,0.06881,0.05385,1.27798
OG0011632,Laeq,0.15591,0.1385,1.1257
OG0011632,Lgib,0.13898,0.1366,1.01745
OG0011632,Wa,0.07858,0.18274,0.42999
OG0011632,Sp,0.03328,0.07686,0.43306
OG0011640,Laeq,0.10615,0.23036,0.46078
OG0011640,Lgib,0.09027,0.20232,0.44617
OG0011640,Wa,0.09373,0.17247,0.54348
OG0011640,Wo,0.10365,0.261,0.39715
OG0011640,Sp,0.03441,0.03569,0.9644
OG0011647,La,0.06793,0.12174,0.55798
OG0011647,Lgib,0.32397,0.12389,2.61494
OG0011647,Wa,0.08165,0.17414,0.46888
OG0011647,Wo,0.10687,0.23545,0.45388
OG0011647,Sp,0.01824,0.04291,0.42497
OG0011652,La,0.07963,0.11988,0.66423
OG0011652,Laeq,0.15685,0.2625,0.59755
OG0011652,Lgib,0.10203,0.13408,0.76101
OG0011652,Wa,0.16922,0.33613,0.50343
OG0011652,Sp,0.29159,0.19841,1.46962
OG0011653,Laeq,0.13119,0.18016,0.72819
OG0011653,Lgib,0.133,0.15092,0.88126
OG0011653,Wa,13.40889,0.19865,67.50134
OG0011653,Wo,0.57406,0.34806,1.64931
OG0011653,Sp,0.1886,0.04844,3.89339
OG0011655,La,0.11429,0.10495,1.08891
OG0011655,Lgib,29.84081,0.08713,342.46829
OG0011655,Wa,29.90127,0.26432,113.12662
OG0011655,Wo,30.1914,0.26197,115.24562
OG0011655,Sp,0.06663,0.12627,0.52767
OG0011657,Laeq,0.23849,0.16769,1.42223
OG0011657,Lgib,0.096,0.11779,0.81501
OG0011657,Wa,0.21477,0.16103,1.33374
OG0011657,Wo,4.50257,0.25171,17.88787
OG0011657,Sp,0.07827,0.05615,1.39412
OG0011659,Laeq,0.17262,0.21039,0.82051
OG0011659,Lgib,0.08763,0.17594,0.49807
OG0011659,Wa,0.06934,0.23138,0.29968
OG0011659,Wo,0.09901,0.2288,0.43275
OG0011659,Sp,0.01707,0.03344,0.51051
OG0011666,La,0.15503,0.16121,0.96166
OG0011666,Lgib,9.09926,0.16687,54.52981
OG0011666,Wa,0.39135,0.20601,1.89967
OG0011666,Wo,0.37117,0.25511,1.45492
OG0011666,Sp,0.02365,0.0351,0.67391
OG0011667,Laeq,0.07666,0.19944,0.38439
OG0011667,Lgib,0.07763,0.15516,0.5003
OG0011667,Wa,0.14127,0.13988,1.00992
OG0011667,Wo,0.13309,0.1627,0.81801
OG0011667,Sp,0.0108,0.03323,0.32485
OG0011670,La,0.06186,0.13583,0.45542
OG0011670,Lgib,1.8023,0.20169,8.93614
OG0011670,Wa,0.07116,0.19661,0.36197
OG0011670,Wo,0.10482,0.22897,0.45779
OG0011670,Sp,0.01342,0.02601,0.51597
OG0011671,Laeq,3.03016,0.30357,9.98186
OG0011671,Lgib,2.98314,0.27836,10.717
OG0011671,Wa,9.03357,0.45693,19.77015
OG0011671,Wo,9.01668,0.50434,17.87825
OG0011671,Sp,2.84092,0.03164,89.78551
OG0011672,La,0.13613,0.03537,3.84925
OG0011672,Laeq,0.19273,0.15458,1.24683
OG0011672,Lgib,0.27766,0.08953,3.10143
OG0011672,Wa,0.2038,0.11756,1.73362
OG0011672,Wo,22.82417,0.23001,99.23186
OG0011673,La,0.17127,0.08232,2.08046
OG0011673,Lgib,0.80933,0.17029,4.75261
OG0011673,Wa,2.25861,0.23939,9.43477
OG0011673,Wo,2.31886,0.3682,6.29782
OG0011673,Sp,5.8372,0.07418,78.68557
OG0011674,La,5.49612,0.12335,44.55562
OG0011674,Lgib,5.19634,0.17172,30.26078
OG0011674,Wa,5.44743,0.22411,24.30708
OG0011674,Wo,5.70349,0.25766,22.13554
OG0011674,Sp,0.0933,0.0287,3.25104
OG0011675,La,0.03922,0.098,0.40023
OG0011675,Laeq,0.03929,0.13232,0.29691
OG0011675,Lgib,0.04101,0.0879,0.46659
OG0011675,Wa,1.13787,0.11049,10.29874
OG0011675,Wo,0.41201,0.16388,2.51406
OG0011676,Laeq,0.14239,0.30734,0.4633
OG0011676,Lgib,0.10931,0.18824,0.5807
OG0011676,Wa,0.41092,0.17796,2.309
OG0011676,Wo,0.44181,0.23745,1.8606
OG0011676,Sp,0.09911,0.01031,9.61041
OG0011677,La,0.21335,0.19113,1.11626
OG0011677,Lgib,0.21765,0.2454,0.88692
OG0011677,Wa,4.27983,0.29258,14.62795
OG0011677,Wo,0.43677,0.39981,1.09244
OG0011677,Sp,0.05018,0.04232,1.18561
OG0011678,La,0.09919,0.1283,0.77315
OG0011678,Lgib,2.49574,0.13277,18.79781
OG0011678,Wo,9.456,0.13264,71.29232
OG0011678,Wa,1.87077,0.10507,17.80462
OG0011678,Sp,0.02356,0.07883,0.29891
OG0011680,La,0.04268,0.09157,0.46606
OG0011680,Laeq,0.07257,0.23737,0.30571
OG0011680,Lgib,0.06283,0.18959,0.33138
OG0011680,Sp,0.05895,0.09894,0.59576
OG0011680,Wa,0.09858,0.13399,0.7357
OG0011680,Wo,0.10808,0.1725,0.62653
OG0011681,La,0.26085,0.12474,2.09113
OG0011681,Laeq,0.34193,0.19384,1.76394
OG0011681,Lgib,10.25261,0.10905,94.0133
OG0011681,Wa,0.32892,0.17208,1.91145
OG0011681,Sp,8.99115,0.01916,469.20561
OG0011685,La,0.85988,0.06425,13.38411
OG0011685,Lgib,0.91076,0.18135,5.022
OG0011685,Wa,0.98646,0.22227,4.43816
OG0011685,Wo,3.46011,0.25111,13.77939
OG0011685,Sp,0.04326,0.08304,0.52096
OG0011691,La,9.12888,0.11561,78.96001
OG0011691,Laeq,7.28148,0.19227,37.87099
OG0011691,Lgib,7.52506,0.16493,45.62454
OG0011691,Wa,0.11148,0.08343,1.33621
OG0011691,Wo,0.16087,0.15042,1.06951
OG0011693,Laeq,5.06346,0.20751,24.40151
OG0011693,Lgib,13.60155,0.15693,86.67068
OG0011693,Wa,0.07302,0.17056,0.42812
OG0011693,Wo,0.09341,0.20928,0.44637
OG0011693,Sp,0.04328,0.03083,1.4036
OG0011696,La,0.09183,0.10342,0.88789
OG0011696,Laeq,0.11211,0.14964,0.74924
OG0011696,Lgib,0.11524,0.11672,0.98729
OG0011696,Wa,0.20562,0.158,1.30136
OG0011696,Sp,0.01679,0.03422,0.4908
OG0011697,La,0.09438,0.12533,0.75307
OG0011697,Lgib,0.47244,0.15774,2.99506
OG0011697,Wa,0.44895,0.15457,2.90449
OG0011697,Wo,0.10338,0.18783,0.5504
OG0011697,Sp,8.80983,0.01428,616.82842
OG0011699,La,0.04475,0.12117,0.36931
OG0011699,Laeq,0.08925,0.19264,0.46331
OG0011699,Lgib,0.07236,0.20342,0.35573
OG0011699,Wa,0.12645,0.2225,0.56833
OG0011699,Sp,0.0117,0.05845,0.20022
OG0011702,La,0.04247,0.11663,0.36415
OG0011702,Laeq,0.10682,0.25063,0.42619
OG0011702,Lgib,0.07894,0.22522,0.3505
OG0011702,Wa,0.14689,0.21017,0.6989
OG0011702,Sp,0.01203,0.03866,0.31128
OG0011703,La,0.09182,0.12016,0.7641
OG0011703,Laeq,10.0423,0.21971,45.70658
OG0011703,Lgib,0.14952,0.15097,0.99039
OG0011703,Wa,0.18579,0.21553,0.86199
OG0011703,Sp,0.07065,0.04646,1.52055
OG0011704,La,1.55904,0.17109,9.11262
OG0011704,Laeq,1.52936,0.21705,7.04607
OG0011704,Lgib,1.49333,0.19317,7.7308
OG0011704,Wa,1.51297,0.2096,7.21841
OG0011704,Sp,0.02561,0.03973,0.64443
OG0011708,La,0.06846,0.08934,0.7663
OG0011708,Laeq,0.11893,0.16286,0.73026
OG0011708,Lgib,0.11723,0.15841,0.74002
OG0011708,Sp,0.07885,0.1085,0.72667
OG0011708,Wa,0.11449,0.17477,0.65511
OG0011708,Wo,0.14855,0.19107,0.77745
OG0011709,Laeq,0.14159,0.22542,0.62811
OG0011709,Lgib,0.09948,0.16297,0.61041
OG0011709,Wa,0.14019,0.27875,0.50293
OG0011709,Wo,0.15062,0.36153,0.41661
OG0011709,Sp,0.00571,0.0546,0.10458
OG0011711,La,0.06458,0.08128,0.79462
OG0011711,Lgib,0.3626,0.12665,2.86296
OG0011711,Wa,0.11113,0.19804,0.56115
OG0011711,Wo,0.13458,0.30513,0.44105
OG0011711,Sp,0.0514,0.04299,1.19579
OG0011712,La,0.13413,0.166,0.80801
OG0011712,Wa,0.18062,0.17964,1.00547
OG0011712,Wo,0.15938,0.28129,0.56661
OG0011712,Lgib,0.03445,0.15611,0.22067
OG0011712,Sp,0.04228,0.06021,0.70221
OG0011714,La,0.06174,0.1057,0.58414
OG0011714,Laeq,19063.59039,0.30744,62007.18966
OG0011714,Lgib,0.06082,0.156,0.38987
OG0011714,Wa,7.91566,0.14238,55.59666
OG0011714,Sp,0.01847,0.03005,0.61463
OG0011717,Laeq,0.13015,0.37538,0.34672
OG0011717,Lgib,4.26081,0.30854,13.8096
OG0011717,Wa,2.29781,0.623,3.68827
OG0011717,Wo,0.35954,0.61483,0.58477
OG0011717,Sp,0.04777,0.05614,0.85101
OG0011718,La,0.08378,0.14459,0.57945
OG0011718,Lgib,2.7805,0.21815,12.74603
OG0011718,Wa,0.09791,0.21411,0.45729
OG0011718,Wo,1.56803,0.22753,6.8916
OG0011718,Sp,0.05781,0.07745,0.74643
OG0011719,La,0.08638,0.19516,0.44263
OG0011719,Lgib,0.09785,0.21156,0.4625
OG0011719,Wa,2.68883,0.25254,10.64722
OG0011719,Wo,13.55608,0.22022,61.55587
OG0011719,Sp,0.0267,0.05092,0.52429
OG0011724,La,0.13076,0.14627,0.89398
OG0011724,Lgib,0.24787,0.12896,1.92198
OG0011724,Wa,2.46508,0.19721,12.49961
OG0011724,Wo,2.46051,0.22368,10.99991
OG0011724,Sp,0.04541,0.03469,1.30887
OG0011727,La,0.07208,0.15296,0.47124
OG0011727,Lgib,0.07933,0.15825,0.50134
OG0011727,Wa,1.49049,0.16135,9.23762
OG0011727,Wo,1.4829,0.24114,6.14945
OG0011727,Sp,0.02561,0.02989,0.85675
OG0011731,La,0.04368,0.13625,0.32061
OG0011731,Lgib,0.07874,0.17525,0.44928
OG0011731,Wa,0.06972,0.23392,0.29806
OG0011731,Wo,0.07076,0.2476,0.28577
OG0011731,Sp,0.01578,0.01477,1.06839
OG0011733,La,0.06008,0.14559,0.4127
OG0011733,Laeq,0.08461,0.2424,0.34904
OG0011733,Lgib,0.04833,0.25872,0.1868
OG0011733,Wa,0.05826,0.25242,0.23079
OG0011733,Sp,0.0208,0.02929,0.70992
OG0011734,La,0.04788,0.13795,0.3471
OG0011734,Lgib,12.71438,0.20123,63.18289
OG0011734,Wa,12.85311,0.23067,55.72061
OG0011734,Wo,13.38971,0.21903,61.1314
OG0011734,Sp,0.04137,0.0298,1.38826
OG0011736,La,15.5012,0.13975,110.92289
OG0011736,Lgib,28.7918,0.26493,108.67738
OG0011736,Wa,25.4576,0.2605,97.72598
OG0011736,Wo,15.89875,0.50795,31.29957
OG0011736,Sp,0.08882,0.07159,1.24073
OG0011737,La,0.07294,0.10759,0.678
OG0011737,Laeq,0.20496,0.18985,1.07958
OG0011737,Lgib,0.10098,0.16294,0.61975
OG0011737,Wa,0.39077,0.10876,3.59311
OG0011737,Wo,0.39106,0.16489,2.37155
OG0011737,Sp,0.04822,0.06236,0.77319
OG0011738,Laeq,0.06893,0.16536,0.41684
OG0011738,Lgib,0.04633,0.13956,0.33199
OG0011738,Wa,0.05977,0.24528,0.24367
OG0011738,Wo,0.09931,0.23689,0.41921
OG0011738,Sp,0.01237,0.0505,0.24506
OG0011750,La,0.1966,0.10996,1.78789
OG0011750,Laeq,2.17031,0.20945,10.36207
OG0011750,Lgib,2.13456,0.20553,10.38558
OG0011750,Wa,0.1236,0.30231,0.40887
OG0011750,Sp,4.57084,0.06548,69.80019
OG0011752,Laeq,0.28782,0.24097,1.19439
OG0011752,Lgib,0.30241,0.24959,1.21162
OG0011752,Wa,0.23925,0.2383,1.00398
OG0011752,Wo,0.30836,0.27076,1.13886
OG0011752,Sp,0.09912,0.03672,2.69941
OG0011758,La,0.04519,0.10399,0.43457
OG0011758,Lgib,0.0835,0.14872,0.56143
OG0011758,Wa,0.07164,0.18807,0.38093
OG0011758,Wo,0.09233,0.24561,0.37593
OG0011758,Sp,0.01281,0.05545,0.23096
OG0011759,La,0.04624,0.07702,0.60032
OG0011759,Sp,0.20435,0.06588,3.10169
OG0011759,Laeq,0.04641,0.1721,0.26968
OG0011759,Lgib,0.0478,0.15672,0.30499
OG0011759,Wa,0.19035,0.26998,0.70505
OG0011761,Laeq,1.21993,0.19499,6.25649
OG0011761,Lgib,1.05284,0.16583,6.34908
OG0011761,Wa,1.09453,0.15467,7.07653
OG0011761,Wo,1.10443,0.1773,6.22922
OG0011761,Sp,13.10069,0.02507,522.49508
OG0011763,La,0.06948,0.09154,0.75902
OG0011763,Lgib,0.10639,0.21187,0.50212
OG0011763,Wa,0.11485,0.23185,0.49536
OG0011763,Wo,0.1994,0.30808,0.64722
OG0011763,Sp,0.0125,0.066,0.18945
OG0011764,La,0.07202,0.09821,0.73339
OG0011764,Laeq,0.1006,0.23168,0.4342
OG0011764,Wa,0.7638,0.19018,4.01618
OG0011764,Wo,0.1126,0.26829,0.41969
OG0011764,Sp,0.0161,0.01968,0.81848
OG0011765,La,0.08557,0.07517,1.13836
OG0011765,Laeq,0.20325,0.2095,0.97017
OG0011765,Wa,8.71495,0.15648,55.69471
OG0011765,Wo,1.40874,0.22188,6.34908
OG0011765,Sp,0.02845,0.07614,0.37366
OG0011767,Laeq,0.03272,0.21873,0.14957
OG0011767,Lgib,0.03656,0.17591,0.20784
OG0011767,Wa,0.02197,0.22575,0.09731
OG0011767,Wo,0.03135,0.25279,0.124
OG0011767,Sp,0.00998,0.036,0.27736
OG0011770,La,0.11878,0.07576,1.56794
OG0011770,Wa,0.14241,0.16849,0.84522
OG0011770,Laeq,0.1271,0.15789,0.80503
OG0011770,Lgib,1.81713,0.13478,13.48264
OG0011770,Sp,0.03008,0.02708,1.1107
OG0011773,Laeq,1.13839,0.24348,4.67557
OG0011773,Lgib,0.2254,0.12785,1.76298
OG0011773,Sp,0.38908,0.06423,6.05714
OG0011773,Wa,0.18401,0.14914,1.2338
OG0011773,Wo,0.11781,0.30392,0.38764
OG0011774,La,0.02526,0.13302,0.18989
OG0011774,Lgib,0.0527,0.19094,0.276
OG0011774,Wa,3.63469,0.16719,21.74041
OG0011774,Wo,2.68363,0.18377,14.60355
OG0011774,Sp,0.01716,0.02671,0.64254
OG0011776,La,0.05699,0.05256,1.0843
OG0011776,Laeq,0.07144,0.11615,0.61507
OG0011776,Lgib,0.09012,0.08995,1.00183
OG0011776,Wa,0.5086,0.2042,2.49067
OG0011776,Wo,0.30719,0.23282,1.31945
OG0011776,Sp,0.05674,0.09194,0.61716
OG0011786,La,6.62463,0.16977,39.02225
OG0011786,Laeq,29.61005,0.29665,99.81613
OG0011786,Lgib,0.95459,0.11968,7.97643
OG0011786,Wa,0.93259,0.17582,5.30414
OG0011786,Sp,0.16264,0.12875,1.26321
OG0011787,Laeq,0.13989,0.23427,0.59712
OG0011787,Lgib,0.13391,0.13673,0.97941
OG0011787,Wa,0.19978,0.16976,1.17688
OG0011787,Wo,0.24411,0.18892,1.29217
OG0011787,Sp,0.034,0.04279,0.79448
OG0011788,La,0.10659,0.12757,0.83558
OG0011788,Laeq,0.12905,0.2993,0.43117
OG0011788,Lgib,1.03791,0.31566,3.28809
OG0011788,Sp,0.10033,0.06032,1.6633
OG0011788,Wa,0.10552,0.1357,0.77758
OG0011789,Laeq,8.84369,0.21139,41.83635
OG0011789,Lgib,622.88963,0.16087,3871.88872
OG0011789,Wa,12.37343,0.23956,51.65062
OG0011789,Wo,8.79062,0.30518,28.80435
OG0011789,Sp,0.01175,0.04698,0.25004
OG0011794,Laeq,0.13306,0.19316,0.68886
OG0011794,Lgib,0.08984,0.14966,0.60032
OG0011794,Wa,0.11086,0.1834,0.60448
OG0011794,Wo,0.13191,0.22001,0.59958
OG0011794,Sp,0.02864,0.04806,0.59585
OG0011796,La,0.04317,0.10758,0.40129
OG0011796,Lgib,0.07523,0.15283,0.49221
OG0011796,Wa,0.0738,0.2002,0.36862
OG0011796,Wo,0.08772,0.21981,0.39909
OG0011796,Sp,0.01314,0.034,0.38633
OG0011798,La,0.03425,0.04517,0.75816
OG0011798,Laeq,0.0901,0.20448,0.44063
OG0011798,Lgib,5.0843,0.14953,34.00236
OG0011798,Sp,14.61467,0.1956,74.71753
OG0011798,Wa,1.16834,0.20987,5.56696
OG0011798,Wo,0.1986,0.27709,0.71672
OG0011799,La,76.84563,0.08904,863.01451
OG0011799,Lgib,9.91472,0.13328,74.39263
OG0011799,Laeq,445.11963,0.28666,1552.78927
OG0011799,Wa,532.89458,0.1933,2756.89462
OG0011799,Sp,6.64406,0.09255,71.79249
OG0011804,La,0.02253,0.10413,0.21637
OG0011804,Wa,0.00814,0.18966,0.04291
OG0011804,Sp,0.02042,0.1197,0.1706
OG0011804,Laeq,0.0151,0.08139,0.18551
OG0011804,Lgib,0.00952,0.08865,0.10742
OG0011805,Laeq,0.97885,0.32882,2.97689
OG0011805,Lgib,0.81298,0.24129,3.36924
OG0011805,Wa,0.78121,0.23068,3.38657
OG0011805,Wo,0.81543,0.33883,2.40658
OG0011805,Sp,0.05648,0.01014,5.56999
OG0011807,La,0.0653,0.15534,0.42035
OG0011807,Lgib,0.07176,0.22358,0.32095
OG0011807,Wa,0.14536,0.2449,0.59354
OG0011807,Wo,0.12448,0.29625,0.42018
OG0011807,Sp,0.02612,0.0137,1.90675
OG0011808,La,0.04466,0.16191,0.27585
OG0011808,Laeq,0.06614,0.30032,0.22022
OG0011808,Lgib,1.64812,0.24895,6.62031
OG0011808,Wa,0.07903,0.24056,0.32853
OG0011808,Sp,0.01007,0.02379,0.42331
OG0011814,La,0.03129,0.16434,0.19039
OG0011814,Wa,0.17641,0.21431,0.82315
OG0011814,Wo,0.1892,0.20954,0.90293
OG0011814,Laeq,0.11896,0.11711,1.01586
OG0011814,Lgib,0.10483,0.08995,1.16547
OG0011815,La,0.08989,0.14117,0.63673
OG0011815,Lgib,0.14391,0.16041,0.89719
OG0011815,Wa,0.20094,0.22859,0.87905
OG0011815,Wo,0.21511,0.33076,0.65035
OG0011815,Sp,21.17023,0.11561,183.12468
OG0011817,La,0.06166,0.10401,0.59279
OG0011817,Wo,0.33592,0.21855,1.537
OG0011817,Laeq,0.09511,0.2338,0.4068
OG0011817,Lgib,4.58603,0.20321,22.5681
OG0011817,Sp,12.29616,0.04923,249.7908
OG0011818,La,0.08568,0.11058,0.77484
OG0011818,Laeq,0.16249,0.21161,0.76788
OG0011818,Lgib,0.0988,0.14248,0.69346
OG0011818,Wa,0.13922,0.14356,0.96976
OG0011818,Sp,0.02523,0.04473,0.56406
OG0011821,Laeq,0.13764,0.1466,0.9389
OG0011821,Lgib,0.08484,0.16348,0.519
OG0011821,Wa,19.83209,0.23503,84.37957
OG0011821,Wo,0.26407,0.3574,0.73886
OG0011821,Sp,0.23416,0.02791,8.38988
OG0011825,La,0.82713,0.099,8.35458
OG0011825,Wa,0.82665,0.16912,4.88804
OG0011825,Laeq,1.31396,0.16418,8.00342
OG0011825,Lgib,1.30475,0.13238,9.85578
OG0011825,Sp,0.01403,0.04077,0.34403
OG0011826,La,0.02947,0.08545,0.34488
OG0011826,Lgib,2.95435,0.17768,16.6278
OG0011826,Wa,0.01489,0.21716,0.06859
OG0011826,Wo,0.0214,0.18031,0.1187
OG0011826,Sp,0.00871,0.02383,0.36546
OG0011831,La,0.02814,0.08161,0.34479
OG0011831,Laeq,0.06602,0.13332,0.49522
OG0011831,Lgib,0.04269,0.10147,0.42069
OG0011831,Wa,0.05554,0.15596,0.35615
OG0011831,Wo,0.07677,0.18512,0.41472
OG0011831,Sp,0.02867,0.07684,0.37314
OG0011833,La,0.1042,0.07788,1.33794
OG0011833,Laeq,17.78707,0.19045,93.39641
OG0011833,Lgib,17.74295,0.14164,125.26491
OG0011833,Wa,35.27442,0.26387,133.68085
OG0011833,Wo,0.49655,0.2495,1.99018
OG0011833,Sp,0.2017,0.11641,1.73262
OG0011834,Laeq,5.55257,0.24776,22.41131
OG0011834,Lgib,6.06115,0.21752,27.86511
OG0011834,Wa,9.19861,0.18065,50.91957
OG0011834,Wo,8.22483,0.19549,42.07311
OG0011834,Sp,8.43018,0.01094,770.92925
OG0011836,La,0.09582,0.157,0.61031
OG0011836,Lgib,0.52452,0.16634,3.15323
OG0011836,Wa,0.47896,0.27995,1.71089
OG0011836,Wo,0.60441,0.26467,2.28358
OG0011836,Sp,3.66239,0.05041,72.65466
OG0011838,Laeq,0.20429,0.28553,0.7155
OG0011838,Lgib,0.15224,0.29449,0.51696
OG0011838,Wa,0.15977,0.23472,0.68066
OG0011838,Wo,0.16082,0.35003,0.45945
OG0011838,Sp,0.26333,0.08318,3.16562
OG0011844,La,0.09454,0.13378,0.70666
OG0011844,Laeq,0.14627,0.22706,0.6442
OG0011844,Lgib,0.10682,0.19448,0.54927
OG0011844,Wa,0.16625,0.2824,0.58872
OG0011844,Wo,11.35617,0.39772,28.55347
OG0011844,Sp,13.29381,0.02711,490.40479
OG0011847,La,0.04037,0.14633,0.27588
OG0011847,Laeq,0.22278,0.12833,1.73603
OG0011847,Lgib,0.13858,0.09565,1.44877
OG0011847,Sp,1.84889,0.11546,16.01385
OG0011847,Wa,0.07401,0.16393,0.45148
OG0011847,Wo,0.08012,0.08551,0.93695
OG0011848,La,2.80061,0.15557,18.00272
OG0011848,Laeq,5.01117,0.20972,23.894
OG0011848,Lgib,4.96016,0.1437,34.51658
OG0011848,Wa,7.28755,0.19055,38.2445
OG0011848,Wo,37.59391,0.31109,120.84438
OG0011848,Sp,0.03062,0.05092,0.60147
OG0011849,La,0.32615,0.14012,2.32756
OG0011849,Wa,14.77389,0.18439,80.1243
OG0011849,Wo,14.79238,0.23405,63.2023
OG0011849,Laeq,0.37252,0.19314,1.92873
OG0011849,Lgib,0.24419,0.19357,1.26149
OG0011849,Sp,0.038,0.0354,1.07357
OG0011852,La,0.10194,0.1237,0.82404
OG0011852,Laeq,0.1386,0.3336,0.41547
OG0011852,Lgib,0.18566,0.25276,0.73452
OG0011852,Wa,0.20892,0.31466,0.66396
OG0011852,Wo,0.26201,0.44527,0.58844
OG0011852,Sp,0.02255,0.06431,0.35063
OG0011863,La,0.1632,0.11889,1.37274
OG0011863,Laeq,0.55311,0.25987,2.12841
OG0011863,Lgib,8.30353,0.2278,36.45133
OG0011863,Wa,0.25007,0.2368,1.05602
OG0011863,Wo,11.11111,0.34363,32.3349
OG0011863,Sp,0.07412,0.04944,1.49919
OG0011864,La,0.08004,0.13561,0.5902
OG0011864,Laeq,0.14107,0.25178,0.56029
OG0011864,Lgib,0.10216,0.21233,0.48115
OG0011864,Wa,0.22005,0.31362,0.70166
OG0011864,Wo,2.36554,0.40075,5.90277
OG0011864,Sp,0.02307,0.03703,0.62314
OG0011865,La,1.11807,0.14467,7.72857
OG0011865,Wa,4.02164,0.21466,18.73529
OG0011865,Wo,4.07251,0.25718,15.83497
OG0011865,Laeq,0.52889,0.19078,2.77223
OG0011865,Lgib,0.19049,0.15619,1.21963
OG0011865,Sp,0.04825,0.03502,1.37778
OG0011866,La,0.15238,0.1489,1.02339
OG0011866,Wa,0.21263,0.26404,0.80528
OG0011866,Wo,0.27263,0.32391,0.84167
OG0011866,Laeq,0.23639,0.24472,0.96598
OG0011866,Lgib,0.15268,0.18834,0.81062
OG0011866,Sp,0.17715,0.03907,4.53421
OG0011867,La,0.06549,0.11983,0.54653
OG0011867,Laeq,7.4529,0.24737,30.12878
OG0011867,Lgib,7.42529,0.19795,37.51166
OG0011867,Wa,0.27889,0.32188,0.86643
OG0011867,Wo,0.83416,0.39415,2.11636
OG0011867,Sp,0.02684,0.05874,0.45688
OG0011868,La,5.87918,0.11368,51.71755
OG0011868,Laeq,0.18092,0.23191,0.78013
OG0011868,Lgib,0.16904,0.17601,0.96039
OG0011868,Wa,13.77272,0.22487,61.24817
OG0011868,Wo,13.85343,0.34474,40.18464
OG0011868,Sp,0.0926,0.0393,2.35633
OG0011869,La,0.28621,0.17469,1.63839
OG0011869,Wa,0.86285,0.33873,2.54727
OG0011869,Wo,1.96163,0.42955,4.56671
OG0011869,Laeq,2.97328,0.26277,11.31524
OG0011869,Lgib,2.9285,0.2158,13.57067
OG0011869,Sp,0.06632,0.03033,2.18665
OG0011872,La,10.26091,0.19604,52.3396
OG0011872,Wa,8.21242,0.28607,28.70773
OG0011872,Wo,5.71699,0.34864,16.39787
OG0011872,Laeq,5.82757,0.28306,20.5877
OG0011872,Lgib,5.69977,0.22862,24.9317
OG0011872,Sp,0.03368,0.03182,1.05857
OG0011873,La,0.09646,0.09791,0.98519
OG0011873,Laeq,4.00628,0.15743,25.44834
OG0011873,Lgib,8.46424,0.11237,75.32678
OG0011873,Sp,142.15511,0.16171,879.06834
OG0011873,Wa,0.15373,0.09492,1.61959
OG0011873,Wo,0.29785,0.1395,2.13513
OG0011874,La,0.13382,0.11678,1.14595
OG0011874,Laeq,0.20742,0.24467,0.84776
OG0011874,Wa,0.18828,0.21635,0.87026
OG0011874,Wo,0.19337,0.37391,0.51714
OG0011874,Lgib,0.14209,0.17342,0.81937
OG0011874,Sp,0.04465,0.10659,0.41891
OG0011875,La,0.07358,0.12596,0.58413
OG0011875,Wa,0.08072,0.22679,0.35592
OG0011875,Wo,0.1028,0.22678,0.45329
OG0011875,Laeq,0.06256,0.19472,0.3213
OG0011875,Lgib,0.06995,0.10438,0.67016
OG0011875,Sp,0.01605,0.0335,0.47911
OG0011878,La,0.2194,0.1129,1.94339
OG0011878,Laeq,0.30496,0.41742,0.73058
OG0011878,Lgib,0.2623,0.24795,1.0579
OG0011878,Wa,0.32476,0.27766,1.16965
OG0011878,Wo,0.40504,0.49842,0.81265
OG0011878,Sp,0.21747,0.10795,2.01456
OG0011879,La,1.46223,0.13219,11.06148
OG0011879,Laeq,8.74086,0.30658,28.51058
OG0011879,Lgib,8.70631,0.20091,43.33338
OG0011879,Wa,4.2808,0.22729,18.83429
OG0011879,Wo,4.60686,0.27646,16.66401
OG0011879,Sp,0.06492,0.03044,2.13315
OG0011880,La,0.25776,0.10807,2.38502
OG0011880,Laeq,0.31542,0.29036,1.08632
OG0011880,Lgib,0.32383,0.23149,1.39888
OG0011880,Wa,0.3392,0.30746,1.10324
OG0011880,Wo,0.45512,0.45482,1.00066
OG0011880,Sp,0.03769,0.02361,1.5964
OG0011882,La,0.109,0.10502,1.03793
OG0011882,Laeq,0.29687,0.19284,1.53947
OG0011882,Lgib,0.07357,0.12794,0.57501
OG0011882,Wa,0.09311,0.15452,0.60259
OG0011882,Wo,0.11845,0.21488,0.55123
OG0011882,Sp,0.01472,0.04316,0.3411
OG0011884,La,0.29136,0.08353,3.48799
OG0011884,Laeq,0.40463,0.22026,1.83706
OG0011884,Lgib,28.45623,0.106,268.45118
OG0011884,Wa,49.59303,0.12467,397.80135
OG0011884,Wo,4.95664,0.22134,22.39431
OG0011884,Sp,0.14995,0.12543,1.19554
OG0011885,La,0.33346,0.13905,2.39814
OG0011885,Laeq,0.41909,0.22366,1.87379
OG0011885,Lgib,0.43573,0.19324,2.25481
OG0011885,Wa,2.71658,0.19157,14.18026
OG0011885,Wo,0.34765,0.27514,1.26355
OG0011885,Sp,0.09594,0.06015,1.59508
OG0011887,La,0.09565,0.14491,0.66005
OG0011887,Laeq,0.1505,0.26444,0.56912
OG0011887,Lgib,0.13059,0.15683,0.8327
OG0011887,Wa,0.1258,0.13591,0.92559
OG0011887,Wo,0.16158,0.25039,0.64533
OG0011887,Sp,0.02711,0.05358,0.5059
OG0011888,La,0.05964,0.11668,0.51116
OG0011888,Laeq,0.11298,0.17144,0.65899
OG0011888,Lgib,0.36511,0.1418,2.5748
OG0011888,Wa,1.27619,0.1789,7.13336
OG0011888,Wo,0.12378,0.21717,0.56996
OG0011888,Sp,0.06549,0.02921,2.24234
OG0011889,La,5.49516,0.12902,42.59313
OG0011889,Laeq,5.60202,0.28717,19.50801
OG0011889,Lgib,5.56913,0.25774,21.60747
OG0011889,Wa,5.55827,0.28287,19.64956
OG0011889,Wo,5.5935,0.37579,14.88465
OG0011889,Sp,0.02325,0.05853,0.39713
OG0011890,La,0.11174,0.13865,0.80597
OG0011890,Laeq,0.09093,0.2034,0.44707
OG0011890,Lgib,0.07735,0.1857,0.41656
OG0011890,Wa,0.08864,0.15198,0.58327
OG0011890,Wo,0.10799,0.22426,0.48153
OG0011890,Sp,2.403,0.06214,38.67055
OG0011892,La,0.1894,0.14905,1.27068
OG0011892,Laeq,0.28049,0.18657,1.50335
OG0011892,Lgib,0.21354,0.1818,1.17458
OG0011892,Wa,7.39177,0.2271,32.54877
OG0011892,Wo,7.28652,0.23354,31.20005
OG0011892,Sp,0.04435,0.06737,0.65825
OG0011894,La,0.09648,0.09941,0.97049
OG0011894,Laeq,0.18826,0.15857,1.18723
OG0011894,Lgib,0.1993,0.13187,1.51129
OG0011894,Wa,2.0142,0.21361,9.42939
OG0011894,Wo,0.27895,0.28536,0.97751
OG0011894,Sp,0.02398,0.01593,1.50506
OG0011896,La,0.91211,0.13128,6.94773
OG0011896,Laeq,0.39985,0.21051,1.89947
OG0011896,Lgib,0.30116,0.1554,1.93797
OG0011896,Wa,0.8223,0.16276,5.05216
OG0011896,Wo,0.72417,0.19803,3.65689
OG0011896,Sp,0.53798,0.07115,7.56156
OG0011898,La,0.16416,0.16167,1.01539
OG0011898,Laeq,0.17652,0.25246,0.6992
OG0011898,Lgib,0.15061,0.19124,0.78755
OG0011898,Wa,1.08069,0.37794,2.85942
OG0011898,Wo,1.14559,0.33464,3.42332
OG0011898,Sp,0.04394,0.0461,0.95312
OG0011899,La,0.19049,0.15743,1.20997
OG0011899,Laeq,0.32633,0.43967,0.74222
OG0011899,Lgib,0.24765,0.2673,0.92649
OG0011899,Wa,0.40241,0.37816,1.06413
OG0011899,Wo,5.31571,0.39047,13.61347
OG0011899,Sp,0.0426,0.11195,0.38053
OG0011901,La,0.07262,0.15561,0.46667
OG0011901,Wa,0.10009,0.18916,0.52913
OG0011901,Wo,0.12039,0.24026,0.50109
OG0011901,Laeq,1.9301,0.18227,10.58933
OG0011901,Lgib,8.00289,0.16716,47.87523
OG0011901,Sp,0.04844,0.02731,1.77386
OG0011902,La,0.13806,0.16028,0.86141
OG0011902,Laeq,8.81673,0.31022,28.42128
OG0011902,Lgib,0.31899,0.17559,1.81666
OG0011902,Wa,0.28385,0.23606,1.20245
OG0011902,Wo,0.31915,0.23304,1.36947
OG0011902,Sp,0.03178,0.04218,0.75342
OG0011904,La,0.11077,0.11777,0.94058
OG0011904,Laeq,1.57292,0.17333,9.07478
OG0011904,Lgib,1.53795,0.13988,10.99473
OG0011904,Wa,0.238,0.20381,1.16778
OG0011904,Wo,0.21802,0.24916,0.87501
OG0011904,Sp,0.01636,0.03166,0.51682
OG0011907,La,0.78792,0.10127,7.78053
OG0011907,Laeq,21.30262,0.122,174.61438
OG0011907,Lgib,16.69995,0.15027,111.13487
OG0011907,Wa,0.39394,0.15616,2.5227
OG0011907,Wo,0.28811,0.2108,1.36673
OG0011907,Sp,0.41907,0.0593,7.06672
OG0011910,La,0.22368,0.11315,1.97685
OG0011910,Laeq,0.41928,0.25716,1.63046
OG0011910,Lgib,0.52079,0.2016,2.58336
OG0011910,Wa,30.89164,0.1731,178.46221
OG0011910,Wo,1.51359,0.2338,6.47393
OG0011910,Sp,2.0948,0.02975,70.41794
OG0011915,La,0.10741,0.11555,0.92962
OG0011915,Laeq,0.20647,0.34996,0.58999
OG0011915,Lgib,0.52212,0.21146,2.46916
OG0011915,Wa,0.75179,0.28039,2.68127
OG0011915,Wo,0.76369,0.32964,2.31673
OG0011915,Sp,0.05735,0.10087,0.56861
OG0011916,La,31.31046,0.1816,172.41464
OG0011916,Laeq,31.9968,0.32569,98.2445
OG0011916,Lgib,31.47175,0.2147,146.58289
OG0011916,Wa,32.07985,0.19182,167.23681
OG0011916,Wo,32.07872,0.28735,111.6359
OG0011916,Sp,0.23732,0.0169,14.04381
OG0011918,La,0.03743,0.09377,0.39917
OG0011918,Laeq,1.86601,0.21391,8.72317
OG0011918,Lgib,0.05091,0.1541,0.33033
OG0011918,Wa,0.04986,0.15976,0.31206
OG0011918,Wo,0.0857,0.18544,0.46214
OG0011918,Sp,0.21285,0.03171,6.71147
OG0011919,La,0.0546,0.14545,0.37542
OG0011919,Wa,0.08523,0.31261,0.27264
OG0011919,Wo,0.08374,0.46468,0.18021
OG0011919,Laeq,0.1187,0.43238,0.27452
OG0011919,Lgib,0.05992,0.15319,0.39114
OG0011919,Sp,0.03402,0.03494,0.97352
OG0011921,La,0.13011,0.10878,1.19606
OG0011921,Laeq,0.16638,0.20565,0.80901
OG0011921,Lgib,0.12631,0.2235,0.56513
OG0011921,Wa,0.17285,0.20217,0.85497
OG0011921,Wo,0.19094,0.24428,0.78166
OG0011921,Sp,0.11447,0.02749,4.1645
OG0011922,La,0.09747,0.15893,0.61331
OG0011922,Wa,3.9069,0.29611,13.19397
OG0011922,Wo,3.85672,0.32158,11.99298
OG0011922,Laeq,0.07854,0.27744,0.28309
OG0011922,Lgib,1.30052,0.21565,6.03069
OG0011922,Sp,8.26131,0.02793,295.81293
OG0011924,La,0.14282,0.129,1.1071
OG0011924,Laeq,0.17147,0.29259,0.58606
OG0011924,Lgib,0.14603,0.18684,0.78158
OG0011924,Wa,0.18351,0.16816,1.09132
OG0011924,Wo,0.15145,0.26288,0.57613
OG0011924,Sp,0.25805,0.1326,1.9461
OG0011925,La,0.16612,0.153,1.08574
OG0011925,Wa,58.48578,0.6789,86.14824
OG0011925,Wo,0.45345,0.53751,0.84361
OG0011925,Laeq,0.25645,0.27985,0.91639
OG0011925,Lgib,2.93942,0.20252,14.51408
OG0011925,Sp,0.03706,0.04334,0.85499
OG0011927,La,0.17954,0.25096,0.71544
OG0011927,Laeq,0.21974,0.26277,0.83623
OG0011927,Lgib,8.65098,0.23677,36.53784
OG0011927,Wa,0.25565,0.27816,0.91908
OG0011927,Wo,0.30128,0.28286,1.06514
OG0011927,Sp,4.3332,0.04386,98.79056
OG0011929,La,3.6561,0.09775,37.40151
OG0011929,Laeq,8.23534,0.23109,35.63713
OG0011929,Lgib,8.72676,0.21562,40.47249
OG0011929,Wa,3.66668,0.1885,19.45203
OG0011929,Wo,3.68062,0.21703,16.95878
OG0011929,Sp,0.0458,0.05404,0.84741
OG0011930,La,0.0509,0.09593,0.53065
OG0011930,Laeq,0.07654,0.20303,0.37696
OG0011930,Lgib,0.07015,0.17412,0.4029
OG0011930,Wa,0.06395,0.1633,0.39162
OG0011930,Wo,0.22194,0.19104,1.16173
OG0011930,Sp,0.05273,0.0705,0.74792
OG0011932,La,0.19722,0.18285,1.07856
OG0011932,Laeq,1.11557,0.34007,3.28044
OG0011932,Lgib,1.15464,0.22294,5.17925
OG0011932,Wa,0.39523,0.25648,1.54099
OG0011932,Wo,0.47692,0.31209,1.52813
OG0011932,Sp,0.02772,0.01407,1.97023
OG0011934,La,0.05679,0.12246,0.46373
OG0011934,Laeq,0.10152,0.17979,0.56462
OG0011934,Lgib,0.08322,0.12938,0.6432
OG0011934,Wa,0.08654,0.19763,0.4379
OG0011934,Wo,8.36483,0.20057,41.7057
OG0011934,Sp,0.01847,0.02169,0.85167
OG0011935,La,0.14392,0.16152,0.89107
OG0011935,Laeq,0.70873,0.15126,4.68563
OG0011935,Lgib,0.12021,0.17142,0.70123
OG0011935,Wa,0.25595,0.38186,0.67029
OG0011935,Wo,0.43585,0.32828,1.32768
OG0011935,Sp,0.03753,0.03743,1.00276
OG0011936,La,0.15917,0.0897,1.77444
OG0011936,Laeq,0.21504,0.14637,1.46919
OG0011936,Lgib,0.13368,0.10915,1.22467
OG0011936,Wa,0.11776,0.16742,0.7034
OG0011936,Wo,0.13497,0.20842,0.64762
OG0011936,Sp,0.34,0.05297,6.41831
OG0011937,La,0.16059,0.15131,1.06137
OG0011937,Laeq,1.94863,0.35835,5.43773
OG0011937,Lgib,7.52748,0.24169,31.14535
OG0011937,Wa,1.93105,0.233,8.28788
OG0011937,Wo,1.83796,0.34399,5.34309
OG0011937,Sp,0.06148,0.07697,0.79877
OG0011938,La,2.15431,0.11881,18.13233
OG0011938,Laeq,1.85331,0.28638,6.47162
OG0011938,Lgib,1.797,0.18743,9.58741
OG0011938,Wa,0.46617,0.17607,2.64765
OG0011938,Wo,0.60034,0.256,2.34505
OG0011938,Sp,0.01629,0.02791,0.58371
OG0011939,La,12.53441,0.15257,82.15648
OG0011939,Laeq,51.20201,0.28302,180.91597
OG0011939,Lgib,51.16629,0.165,310.10139
OG0011939,Wa,45.12011,0.23876,188.97467
OG0011939,Wo,44.51431,0.25278,176.09685
OG0011939,Sp,0.0784,0.05141,1.52497
OG0011942,La,4.73557,0.13035,36.32894
OG0011942,Sp,0.60745,0.11859,5.12242
OG0011942,Wa,0.88276,0.17797,4.96024
OG0011942,Wo,1.09832,0.25569,4.29546
OG0011942,Laeq,9.53474,0.18735,50.89243
OG0011942,Lgib,0.1213,0.14873,0.81559
OG0011943,La,0.06043,0.13945,0.43333
OG0011943,Laeq,21.7017,0.2476,87.64879
OG0011943,Lgib,21.52358,0.19708,109.21439
OG0011943,Wa,0.1011,0.23908,0.42286
OG0011943,Wo,0.1481,0.28253,0.52418
OG0011943,Sp,2.50681,0.03702,67.71676
OG0011945,La,0.08808,0.11679,0.75414
OG0011945,Laeq,0.16761,0.23305,0.7192
OG0011945,Lgib,0.13916,0.18893,0.73655
OG0011945,Wa,0.22341,0.19065,1.17184
OG0011945,Wo,0.678,0.23571,2.87638
OG0011945,Sp,0.0804,0.04542,1.77017
OG0011946,La,0.0396,0.09642,0.41071
OG0011946,Laeq,0.05529,0.19243,0.2873
OG0011946,Lgib,0.04675,0.13619,0.34331
OG0011946,Wa,0.05407,0.17887,0.3023
OG0011946,Wo,0.05806,0.21825,0.26602
OG0011946,Sp,0.00977,0.04585,0.21317
OG0011947,La,0.081,0.13473,0.6012
OG0011947,Laeq,0.27915,0.28812,0.96885
OG0011947,Lgib,0.21223,0.22364,0.94897
OG0011947,Wa,25.37048,0.20697,122.57956
OG0011947,Wo,9.34522,0.34158,27.35849
OG0011947,Sp,0.06166,0.06812,0.90504
OG0011952,La,0.14089,0.08991,1.56708
OG0011952,Laeq,0.20206,0.29022,0.69623
OG0011952,Lgib,0.16251,0.17231,0.94312
OG0011952,Wa,2.2471,0.29826,7.53402
OG0011952,Wo,1.31653,0.47895,2.74879
OG0011952,Sp,0.1474,0.10868,1.35625
OG0011954,La,3.64991,0.13655,26.72959
OG0011954,Laeq,3.86198,0.32723,11.8021
OG0011954,Lgib,3.95377,0.29777,13.27807
OG0011954,Wa,3.75017,0.2878,13.03028
OG0011954,Wo,3.80059,0.46153,8.23477
OG0011954,Sp,0.10644,0.03317,3.20915
OG0011956,La,0.18738,0.20146,0.93012
OG0011956,Laeq,0.31312,0.27545,1.13674
OG0011956,Lgib,0.21685,0.22648,0.95748
OG0011956,Wa,0.30528,0.28327,1.07768
OG0011956,Wo,0.36449,0.36305,1.00398
OG0011956,Sp,0.06291,0.06121,1.02766
OG0011958,La,0.1788,0.1387,1.28913
OG0011958,Laeq,0.32968,0.28632,1.15144
OG0011958,Lgib,0.226,0.17022,1.32768
OG0011958,Wa,0.30649,0.25567,1.19875
OG0011958,Wo,0.46136,0.52906,0.87203
OG0011958,Sp,27.83333,0.08579,324.42176
OG0011959,La,0.64038,0.14959,4.281
OG0011959,Laeq,4.18319,0.30167,13.86688
OG0011959,Lgib,4.61782,0.20814,22.18659
OG0011959,Wa,2.77395,0.24922,11.13042
OG0011959,Wo,0.36249,0.29833,1.21507
OG0011959,Sp,0.04539,0.03556,1.27633
OG0011960,La,0.43156,0.07884,5.47372
OG0011960,Laeq,4.59479,0.28745,15.98476
OG0011960,Lgib,8.94201,0.14989,59.65818
OG0011960,Wa,0.42481,0.21829,1.94608
OG0011960,Wo,0.34571,0.387,0.89332
OG0011960,Sp,0.0298,0.06944,0.42914
OG0011961,La,0.04231,0.11792,0.35875
OG0011961,Laeq,0.93436,0.36986,2.52624
OG0011961,Lgib,5.67974,0.24532,23.15195
OG0011961,Wa,0.46684,0.19201,2.43132
OG0011961,Wo,3.11303,0.20106,15.48287
OG0011961,Sp,0.02515,0.08432,0.29825
OG0011962,La,0.17743,0.16053,1.10526
OG0011962,Laeq,0.25221,0.32147,0.78454
OG0011962,Lgib,0.21351,0.28541,0.74808
OG0011962,Wa,0.61325,0.42615,1.43906
OG0011962,Wo,0.65616,0.51178,1.28212
OG0011962,Sp,21.05148,0.0582,361.69001
OG0011963,La,0.67335,0.10312,6.52965
OG0011963,Laeq,0.16986,0.19421,0.87462
OG0011963,Lgib,0.10516,0.17826,0.5899
OG0011963,Wa,0.19138,0.13523,1.41521
OG0011963,Wo,27.94765,0.19434,143.80776
OG0011963,Sp,0.03107,0.05708,0.54426
OG0011964,La,0.07361,0.13724,0.53637
OG0011964,Laeq,3.43052,0.21107,16.2528
OG0011964,Lgib,3.39983,0.15624,21.7603
OG0011964,Wa,0.19504,0.29534,0.66039
OG0011964,Wo,0.58626,0.32215,1.81984
OG0011964,Sp,0.0471,0.04044,1.16467
OG0011965,La,0.07538,0.1315,0.57323
OG0011965,Laeq,4.2958,0.26091,16.46464
OG0011965,Lgib,0.10996,0.21692,0.50694
OG0011965,Wa,0.16183,0.26187,0.61799
OG0011965,Wo,0.18632,0.32566,0.57214
OG0011965,Sp,10.42773,0.04203,248.07801
OG0011966,La,0.09697,0.13616,0.71214
OG0011966,Laeq,1.5712,0.16095,9.76232
OG0011966,Lgib,3.44824,0.13346,25.83823
OG0011966,Wa,1.5591,0.20044,7.77831
OG0011966,Wo,0.20826,0.2218,0.93899
OG0011966,Sp,0.04597,0.0247,1.8611
OG0011967,La,0.12189,0.10489,1.16212
OG0011967,Wa,0.56924,0.20735,2.74534
OG0011967,Wo,5.10217,0.20259,25.18433
OG0011967,Laeq,3.20467,0.16185,19.79963
OG0011967,Lgib,3.20283,0.13669,23.43122
OG0011967,Sp,0.0455,0.0301,1.51172
OG0011968,La,3.81049,0.11238,33.90676
OG0011968,Laeq,3.9017,0.28051,13.90952
OG0011968,Lgib,9.22655,0.1911,48.28063
OG0011968,Wa,3.92762,0.22401,17.53312
OG0011968,Wo,9.56379,0.31317,30.53848
OG0011968,Sp,0.03735,0.02807,1.33055
OG0011970,La,0.1868,0.16395,1.1394
OG0011970,Laeq,5.67698,0.30181,18.80967
OG0011970,Lgib,0.21363,0.20032,1.06642
OG0011970,Wa,0.48582,0.4359,1.11453
OG0011970,Wo,0.516,0.41755,1.23576
OG0011970,Sp,0.31423,0.08372,3.75327
OG0011972,La,0.04808,0.15207,0.3162
OG0011972,Wa,0.10383,0.26285,0.39501
OG0011972,Wo,0.11496,0.25352,0.45346
OG0011972,Laeq,0.0965,0.25879,0.37287
OG0011972,Lgib,0.09259,0.19232,0.48145
OG0011972,Sp,0.23038,0.06306,3.6533
OG0011973,La,0.16418,0.14458,1.13558
OG0011973,Laeq,0.37361,0.35599,1.04949
OG0011973,Lgib,0.54085,0.20996,2.57591
OG0011973,Wa,2.56201,0.24586,10.42077
OG0011973,Wo,0.28883,0.29847,0.96771
OG0011973,Sp,0.09609,0.11689,0.82208
OG0011974,La,0.10878,0.12284,0.88556
OG0011974,Laeq,0.18743,0.20824,0.90006
OG0011974,Lgib,0.1332,0.15945,0.83535
OG0011974,Wa,0.18719,0.18894,0.99073
OG0011974,Wo,0.22896,0.2043,1.1207
OG0011974,Sp,6.88137,0.03876,177.55015
OG0011975,La,0.0532,0.14247,0.3734
OG0011975,Wa,0.27872,0.20322,1.37152
OG0011975,Wo,0.28872,0.24273,1.1895
OG0011975,Laeq,0.06603,0.19343,0.34136
OG0011975,Lgib,0.06889,0.1632,0.4221
OG0011975,Sp,0.02081,0.02533,0.82169
OG0011977,La,0.1019,0.14313,0.7119
OG0011977,Laeq,0.23091,0.3113,0.74176
OG0011977,Lgib,20.58199,0.25342,81.21553
OG0011977,Wa,0.29297,0.29711,0.98607
OG0011977,Wo,16.25778,0.33207,48.95884
OG0011977,Sp,0.03477,0.02839,1.2247
OG0012046,La,0.06991,0.03728,1.87549
OG0012046,Laeq,0.65839,0.21456,3.06857
OG0012046,Lgib,0.52138,0.18477,2.82177
OG0012046,Wa,0.42505,0.1965,2.16312
OG0012046,Wo,0.37109,0.24883,1.49131
OG0012046,Sp,0.09769,0.10978,0.88989
OG0012053,La,0.14481,0.23442,0.61775
OG0012053,Laeq,0.50627,0.10621,4.76675
OG0012053,Lgib,0.29974,0.07353,4.07641
OG0012053,Sp,2.92927,0.26451,11.07442
OG0012053,Wa,0.13874,0.11226,1.23594
OG0012053,Wo,0.17848,0.25013,0.71353
OG0012054,Laeq,2.20766,0.20769,10.62947
OG0012054,Lgib,6.53628,0.1752,37.30761
OG0012054,Wa,1.10771,0.31783,3.48527
OG0012054,Wo,31.30883,0.2848,109.93121
OG0012054,Sp,0.04491,0.05804,0.77368
OG0012058,La,0.26616,0.14055,1.89371
OG0012058,Lgib,0.30954,0.22336,1.38582
OG0012058,Wa,7.65493,0.23592,32.44707
OG0012058,Wo,0.51422,0.35373,1.45371
OG0012058,Sp,0.14025,0.04821,2.90915
OG0012080,La,0.03318,0.08016,0.41398
OG0012080,Laeq,0.10078,0.14978,0.67287
OG0012080,Lgib,0.05933,0.0704,0.84276
OG0012080,Sp,10.9348,0.06279,174.14257
OG0012080,Wa,0.07455,0.10735,0.69445
OG0012080,Wo,0.16886,0.20542,0.82202
OG0012081,La,35.5905,0.01336,2664.36085
OG0012081,Lgib,0.13988,0.15267,0.91622
OG0012081,Sp,336.52093,0.31342,1073.69745
OG0012081,Wa,9.03903,0.23681,38.1707
OG0012081,Wo,11.85313,0.27285,43.44223
OG0012087,La,0.33586,0.15429,2.17687
OG0012087,Wa,71.18561,0.26168,272.02991
OG0012087,Laeq,0.27025,0.33359,0.81012
OG0012087,Lgib,1.36938,0.30958,4.42335
OG0012087,Sp,0.54499,0.03416,15.95464
OG0012088,La,0.04012,0.08297,0.4835
OG0012088,Laeq,1.38891,0.13398,10.36656
OG0012088,Lgib,0.0598,0.10493,0.56995
OG0012088,Wa,0.06612,0.14764,0.44783
OG0012088,Wo,0.06408,0.18297,0.35021
OG0012088,Sp,0.46479,0.08316,5.58924
OG0012108,La,0.04369,0.07532,0.58009
OG0012108,Laeq,55.3457,0.16251,340.56984
OG0012108,Lgib,55.41687,0.14061,394.12675
OG0012108,Wa,19.88113,0.1806,110.08304
OG0012108,Wo,19.94479,0.4557,43.76738
OG0012108,Sp,18.88678,0.10448,180.76519
OG0012110,La,0.02971,0.07333,0.40511
OG0012110,Laeq,2.53699,0.27311,9.28916
OG0012110,Lgib,0.22324,0.24815,0.89961
OG0012110,Wa,0.23055,0.25139,0.9171
OG0012110,Wo,0.33881,0.37719,0.89825
OG0012110,Sp,0.03066,0.06134,0.49986
OG0012112,La,0.03626,0.06581,0.5509
OG0012112,Laeq,0.11619,0.1713,0.67831
OG0012112,Lgib,0.07371,0.09745,0.75645
OG0012112,Sp,3.67728,0.11314,32.50124
OG0012112,Wa,0.11598,0.36426,0.31841
OG0012112,Wo,0.17981,0.32165,0.55902
OG0012115,La,3.24474,0.03794,85.52461
OG0012115,Laeq,0.09241,0.18963,0.48731
OG0012115,Lgib,0.06725,0.0847,0.79398
OG0012115,Sp,0.05387,0.15471,0.3482
OG0012115,Wa,0.06591,0.14104,0.4673
OG0012115,Wo,0.12216,0.21067,0.57988
OG0012161,La,0.0111,0.10228,0.10851
OG0012161,Laeq,0.09716,0.17655,0.55031
OG0012161,Lgib,0.04864,0.17891,0.27186
OG0012161,Sp,0.05034,0.12773,0.39411
OG0012161,Wa,0.076,0.10687,0.71114
OG0012161,Wo,0.06658,0.15125,0.44021
OG0012175,La,0.13327,0.08561,1.55672
OG0012175,Laeq,0.05349,0.16573,0.32278
OG0012175,Lgib,0.05053,0.19008,0.26584
OG0012175,Sp,0.87941,0.19148,4.59266
OG0012175,Wa,0.14094,0.12915,1.09125
OG0012175,Wo,0.14177,0.19179,0.73915
OG0012523,La,7.83727,0.15542,50.42611
OG0012523,Laeq,7.90536,0.22592,34.99193
OG0012523,Lgib,7.8881,0.15485,50.93946
OG0012523,Wo,8.00104,0.24175,33.09644
OG0012523,Sp,0.02333,0.02222,1.04999
OG0012529,Laeq,0.13706,0.1846,0.74248
OG0012529,Lgib,0.13447,0.13908,0.96682
OG0012529,Wa,0.65977,0.19311,3.41656
OG0012529,Wo,0.46648,0.19802,2.35571
OG0012529,Sp,0.01433,0.02576,0.55622
OG0012530,La,0.11132,0.11753,0.94717
OG0012530,Laeq,0.10632,0.13094,0.81196
OG0012530,Lgib,0.10171,0.11751,0.86554
OG0012530,Wa,0.13763,0.13517,1.01818
OG0012530,Wo,0.1692,0.19135,0.88422
OG0012542,La,0.03801,0.19176,0.19824
OG0012542,Laeq,0.09172,0.23945,0.38306
OG0012542,Lgib,0.08026,0.19231,0.41734
OG0012542,Wa,0.12607,0.27305,0.46171
OG0012542,Sp,0.03414,0.04019,0.84945
OG0012546,La,7.92668,0.15536,51.02143
OG0012546,Laeq,0.24252,0.29027,0.8355
OG0012546,Lgib,0.14969,0.20156,0.74269
OG0012546,Wa,9.97669,0.24997,39.91225
OG0012546,Sp,0.04058,0.05975,0.67921
OG0012549,La,3.18641,0.10705,29.76591
OG0012549,Laeq,0.24365,0.26259,0.92787
OG0012549,Lgib,0.17311,0.17731,0.97634
OG0012549,Wa,0.27513,0.20151,1.36534
OG0012549,Sp,0.03186,0.02256,1.41222
OG0012553,La,4.7083,0.11866,39.67854
OG0012553,Laeq,4.71806,0.21945,21.49937
OG0012553,Lgib,4.70022,0.13563,34.65544
OG0012553,Wa,4.71396,0.29775,15.83176
OG0012553,Sp,0.02963,0.04984,0.59455
OG0012554,La,0.14583,0.13689,1.06526
OG0012554,Laeq,1.72666,0.20092,8.59373
OG0012554,Wa,0.35584,0.20002,1.77899
OG0012554,Lgib,0.14624,0.14984,0.97596
OG0012554,Sp,0.04172,0.01956,2.13309
OG0012555,Laeq,0.24997,0.30145,0.82924
OG0012555,Lgib,0.20581,0.231,0.89095
OG0012555,Wa,0.30548,0.32874,0.92923
OG0012555,Wo,0.30699,0.4889,0.62793
OG0012555,Sp,0.04753,0.02622,1.81267
OG0012558,La,0.39352,0.15133,2.6004
OG0012558,Laeq,0.17717,0.22213,0.79761
OG0012558,Lgib,0.15016,0.18604,0.80714
OG0012558,Wa,0.2996,0.34322,0.8729
OG0012558,Sp,0.03584,0.02333,1.53651
OG0012559,Laeq,0.58932,0.20275,2.9066
OG0012559,Lgib,8.78129,0.16741,52.45481
OG0012559,Wa,4.26014,0.26247,16.23113
OG0012559,Wo,4.25446,0.35971,11.82747
OG0012559,Sp,3.29309,0.09175,35.89291
OG0012562,La,0.11011,0.17236,0.63886
OG0012562,Lgib,0.12838,0.27439,0.46786
OG0012562,Wa,0.27982,0.34411,0.81317
OG0012562,Wo,0.24843,0.43575,0.57011
OG0012562,Sp,0.02932,0.05889,0.49776
OG0012565,La,0.24365,0.02105,11.57478
OG0012565,Laeq,1.39437,0.31487,4.42839
OG0012565,Lgib,1.40401,0.30272,4.63793
OG0012565,Wa,11.43446,0.3205,35.67711
OG0012565,Wo,11.54884,0.25589,45.13219
OG0012567,La,0.11157,0.15171,0.73542
OG0012567,Laeq,0.17139,0.24617,0.69623
OG0012567,Lgib,0.15995,0.16151,0.99036
OG0012567,Wa,0.2086,0.20392,1.02292
OG0012567,Sp,0.34526,0.05808,5.94435
OG0012575,La,0.24271,0.18942,1.28134
OG0012575,Lgib,0.27223,0.22462,1.21196
OG0012575,Wa,0.39609,0.3536,1.12019
OG0012575,Wo,7.9749,0.39377,20.25264
OG0012575,Sp,0.04134,0.03582,1.15417
OG0012580,La,7.24466,0.15192,47.68602
OG0012580,Laeq,7.49726,0.21887,34.25423
OG0012580,Lgib,7.43374,0.16145,46.04326
OG0012580,Wa,6.04275,0.30675,19.69905
OG0012580,Sp,0.07225,0.04358,1.65762
OG0012581,La,0.44873,0.14629,3.06749
OG0012581,Laeq,5.51746,0.24768,22.2765
OG0012581,Wa,5.50285,0.2034,27.05373
OG0012581,Wo,5.54249,0.26776,20.69938
OG0012581,Sp,0.09528,0.08837,1.07815
OG0012582,La,13.56305,0.06559,206.7811
OG0012582,Wa,13.82973,0.23391,59.12405
OG0012582,Laeq,0.7868,0.13193,5.96359
OG0012582,Lgib,0.48997,0.17078,2.86905
OG0012582,Sp,0.44927,0.10693,4.20149
OG0012583,Laeq,0.41489,0.15616,2.65689
OG0012583,Lgib,0.33252,0.15917,2.08916
OG0012583,Wa,2.90461,0.1472,19.73192
OG0012583,Wo,0.61303,0.18493,3.31495
OG0012583,Sp,0.0884,0.0967,0.91417
OG0012586,La,11.20273,0.15326,73.09852
OG0012586,Sp,1.84414,0.55233,3.33882
OG0012586,Lgib,1.61247,0.13087,12.32115
OG0012586,Wa,0.27683,0.12348,2.24185
OG0012586,Wo,12.63745,0.20963,60.28535
OG0012590,La,0.15759,0.11609,1.35743
OG0012590,Laeq,0.39196,0.32542,1.20448
OG0012590,Lgib,0.47156,0.28013,1.68337
OG0012590,Wa,0.12379,0.39235,0.31552
OG0012590,Sp,0.11414,0.0489,2.33424
OG0012592,Laeq,0.2553,0.18898,1.35091
OG0012592,Lgib,0.24031,0.15393,1.56111
OG0012592,Wa,15.76796,0.19385,81.34152
OG0012592,Wo,15.82087,0.37685,41.98218
OG0012592,Sp,0.03056,0.0661,0.46236
OG0012593,Laeq,0.37033,0.20071,1.8451
OG0012593,Lgib,0.14153,0.12632,1.12042
OG0012593,Wa,2.63773,0.15969,16.51766
OG0012593,Wo,9.79743,0.19455,50.36064
OG0012593,Sp,0.02867,0.06126,0.46794
OG0012597,La,0.20901,0.24175,0.86457
OG0012597,Sp,0.28134,0.22255,1.26417
OG0012597,Lgib,0.13265,0.18519,0.71632
OG0012597,Wa,0.29121,0.13705,2.12484
OG0012597,Wo,0.49493,0.12781,3.87236
OG0012599,La,0.07632,0.09387,0.81304
OG0012599,Laeq,5.31705,0.22735,23.38668
OG0012599,Lgib,5.34811,0.16221,32.97005
OG0012599,Wa,11.103,0.16042,69.21302
OG0012599,Wo,0.305,0.23726,1.28553
OG0012601,Laeq,6.86513,0.18161,37.80246
OG0012601,Lgib,6.86681,0.14377,47.76184
OG0012601,Wa,0.15509,0.18747,0.82728
OG0012601,Wo,0.25955,0.21512,1.20651
OG0012601,Sp,0.0183,0.05993,0.30538
OG0012602,La,0.10649,0.13109,0.81229
OG0012602,Laeq,0.18905,0.21674,0.87224
OG0012602,Lgib,0.16065,0.10552,1.52247
OG0012602,Wo,0.29608,0.18865,1.56948
OG0012602,Sp,0.03927,0.03397,1.15592
OG0012611,La,0.0449,0.07896,0.56864
OG0012611,Laeq,0.18036,0.21129,0.85361
OG0012611,Lgib,0.31889,0.14088,2.26366
OG0012611,Wa,0.20819,0.17732,1.17412
OG0012611,Wo,0.28444,0.2542,1.11896
OG0012611,Sp,0.06039,0.0961,0.62844
OG0012638,La,0.01912,0.04766,0.40107
OG0012638,Laeq,0.10969,0.23519,0.4664
OG0012638,Lgib,0.09142,0.17295,0.52859
OG0012638,Wa,0.12494,0.23943,0.52183
OG0012638,Wo,0.14069,0.29887,0.47075
OG0012638,Sp,0.34999,0.30487,1.148
OG0012655,La,0.05142,0.06804,0.75577
OG0012655,Laeq,0.11501,0.11662,0.98617
OG0012655,Lgib,0.08281,0.10258,0.80727
OG0012655,Sp,0.07803,0.08271,0.94347
OG0012655,Wa,0.14296,0.15406,0.9279
OG0012655,Wo,0.18702,0.18997,0.98447
OG0012673,La,0.07962,0.04699,1.69444
OG0012673,Laeq,0.37242,0.22196,1.67789
OG0012673,Lgib,0.35434,0.189,1.87476
OG0012673,Wa,9.08508,0.2753,33.00056
OG0012673,Wo,0.52197,0.38373,1.36026
OG0012673,Sp,0.17293,0.10627,1.62729
OG0012678,La,0.25092,0.03079,8.1492
OG0012678,Laeq,2.01995,0.2941,6.86828
OG0012678,Lgib,1.97732,0.21971,8.99966
OG0012678,Wa,55.66438,0.22017,252.82976
OG0012678,Wo,14.91123,0.26907,55.41791
OG0012678,Sp,51.47531,0.22164,232.24435
OG0012681,La,0.06777,0.0727,0.93222
OG0012681,Laeq,21.67882,0.11725,184.89704
OG0012681,Wa,21.05432,0.21698,97.03338
OG0012681,Wo,21.22352,0.32706,64.89244
OG0012681,Lgib,0.15704,0.09572,1.64059
OG0012681,Sp,0.21495,0.0466,4.61292
OG0012686,La,0.06092,0.05165,1.17948
OG0012686,Laeq,17.71298,0.1449,122.23947
OG0012686,Lgib,0.07461,0.12666,0.58907
OG0012686,Sp,81.39949,0.10372,784.78292
OG0012686,Wa,14.01103,0.10991,127.4777
OG0012686,Wo,14.07226,0.29234,48.13632
